loan_id,reporting_month,corruption_type
LN107473,2022-07,DATE_INVALID
LN102761,2025-07,DATE_INVALID
LN106035,2023-01,STATUS_INCONSISTENT
LN106153,2023-12,STATUS_INCONSISTENT
LN100956,2025-05,STALE_UPDATE
LN102603,2024-02,STALE_UPDATE
LN103260,2023-11,STATUS_INCONSISTENT
LN103518,2024-12,BALANCE_MISMATCH
LN106288,2022-09,BALANCE_MISMATCH
LN104389,2023-12,STATUS_INCONSISTENT
LN102443,2023-11,DUPLICATE_RECORD
LN101253,2025-02,DOC_GAP
LN108342,2025-06,STATUS_INCONSISTENT
LN101201,2023-03,BALANCE_MISMATCH
LN107190,2024-02,DOC_GAP
LN108760,2025-09,STATUS_INCONSISTENT
LN106879,2024-03,DATE_INVALID
LN104127,2025-08,DATE_INVALID
LN105006,2025-01,STALE_UPDATE
LN105102,2023-05,BALANCE_MISMATCH
LN101159,2023-11,STATUS_INCONSISTENT
LN100436,2023-10,BALANCE_MISMATCH
LN107303,2024-09,STATUS_INCONSISTENT
LN106514,2024-10,STATUS_INCONSISTENT
LN100518,2023-10,STATUS_INCONSISTENT
LN106468,2024-03,BALANCE_MISMATCH
LN107541,2025-10,DOC_GAP
LN102932,2024-02,DOC_GAP
LN104212,2025-07,STALE_UPDATE
LN100382,2025-04,STATUS_INCONSISTENT
LN101439,2025-05,STATUS_INCONSISTENT
LN107160,2024-03,DUPLICATE_RECORD
LN107059,2024-08,DOC_GAP
LN101703,2025-05,DUPLICATE_RECORD
LN103624,2024-12,DUPLICATE_RECORD
LN101790,2024-02,BALANCE_MISMATCH
LN107077,2022-08,DUPLICATE_RECORD
LN101853,2024-03,DATE_INVALID
LN101826,2023-03,BALANCE_MISMATCH
LN101805,2022-07,STALE_UPDATE
LN105405,2023-06,STATUS_INCONSISTENT
LN104643,2025-02,STATUS_INCONSISTENT
LN107482,2024-09,STATUS_INCONSISTENT
LN103154,2023-01,STATUS_INCONSISTENT
LN101905,2024-12,STATUS_INCONSISTENT
LN101364,2025-02,DATE_INVALID
LN100951,2025-05,DOC_GAP
LN106485,2025-08,DOC_GAP
LN105736,2023-11,DOC_GAP
LN101676,2025-06,BALANCE_MISMATCH
LN102552,2024-01,DATE_INVALID
LN105571,2023-12,STATUS_INCONSISTENT
LN108662,2025-06,BALANCE_MISMATCH
LN108107,2023-04,DATE_INVALID
LN105815,2023-11,DATE_INVALID
LN100076,2023-05,STATUS_INCONSISTENT
LN107139,2022-11,DOC_GAP
LN103496,2023-12,STALE_UPDATE
LN108377,2023-06,STATUS_INCONSISTENT
LN106485,2024-11,DOC_GAP
LN105961,2025-11,DATE_INVALID
LN103184,2025-01,BALANCE_MISMATCH
LN106319,2024-03,DOC_GAP
LN101844,2025-11,BALANCE_MISMATCH
LN105693,2022-08,STALE_UPDATE
LN106998,2024-02,STATUS_INCONSISTENT
LN101108,2025-04,DATE_INVALID
LN103664,2024-01,STALE_UPDATE
LN106182,2022-09,DATE_INVALID
LN106970,2025-11,DUPLICATE_RECORD
LN107966,2025-01,STALE_UPDATE
LN102146,2023-06,STATUS_INCONSISTENT
LN100128,2024-06,DATE_INVALID
LN107398,2022-07,BALANCE_MISMATCH
LN107914,2024-07,DATE_INVALID
LN105438,2025-05,BALANCE_MISMATCH
LN107655,2024-10,BALANCE_MISMATCH
LN107360,2023-08,DOC_GAP
LN108080,2025-05,BALANCE_MISMATCH
LN104014,2022-07,DATE_INVALID
LN101401,2023-08,STATUS_INCONSISTENT
LN100018,2024-06,DUPLICATE_RECORD
LN107250,2025-02,BALANCE_MISMATCH
LN102485,2023-11,STALE_UPDATE
LN105136,2025-02,STATUS_INCONSISTENT
LN102815,2024-08,BALANCE_MISMATCH
LN108727,2025-10,DOC_GAP
LN108033,2023-11,BALANCE_MISMATCH
LN105629,2022-08,DUPLICATE_RECORD
LN107312,2025-01,STALE_UPDATE
LN102740,2024-07,BALANCE_MISMATCH
LN106209,2025-06,DOC_GAP
LN106142,2024-12,DATE_INVALID
LN105498,2025-12,DOC_GAP
LN104954,2025-05,DOC_GAP
LN102562,2024-03,STATUS_INCONSISTENT
LN101899,2024-04,BALANCE_MISMATCH
LN105467,2024-05,STATUS_INCONSISTENT
LN108095,2022-11,DATE_INVALID
LN105990,2023-06,BALANCE_MISMATCH
LN100640,2024-08,BALANCE_MISMATCH
LN105320,2025-12,DATE_INVALID
LN107188,2024-12,STALE_UPDATE
LN101741,2024-05,DATE_INVALID
LN100350,2025-04,STALE_UPDATE
LN102923,2025-07,STALE_UPDATE
LN102381,2023-10,STALE_UPDATE
LN101968,2024-06,BALANCE_MISMATCH
LN106059,2024-01,STATUS_INCONSISTENT
LN107806,2023-07,DOC_GAP
LN103675,2024-04,STALE_UPDATE
LN103292,2022-12,STALE_UPDATE
LN105108,2025-11,DOC_GAP
LN100544,2024-11,BALANCE_MISMATCH
LN101815,2024-04,DOC_GAP
LN102028,2023-05,BALANCE_MISMATCH
LN101882,2023-05,BALANCE_MISMATCH
LN108546,2025-08,STATUS_INCONSISTENT
LN108038,2024-01,STATUS_INCONSISTENT
LN103093,2022-10,STATUS_INCONSISTENT
LN100712,2024-03,BALANCE_MISMATCH
LN100198,2024-12,BALANCE_MISMATCH
LN108334,2025-02,DATE_INVALID
LN108877,2023-08,DOC_GAP
LN104728,2023-08,DATE_INVALID
LN102876,2024-09,STALE_UPDATE
LN103932,2024-05,DOC_GAP
LN102034,2025-07,DUPLICATE_RECORD
LN101813,2025-03,STALE_UPDATE
LN102790,2025-05,STATUS_INCONSISTENT
LN107041,2023-11,STATUS_INCONSISTENT
LN102355,2024-12,STALE_UPDATE
LN100416,2025-07,BALANCE_MISMATCH
LN107378,2023-06,STATUS_INCONSISTENT
LN104542,2024-12,DATE_INVALID
LN102356,2023-03,DUPLICATE_RECORD
LN102814,2024-07,DUPLICATE_RECORD
LN108430,2023-03,STATUS_INCONSISTENT
LN108949,2025-07,STATUS_INCONSISTENT
LN108282,2023-09,DATE_INVALID
LN106736,2022-12,DATE_INVALID
LN103814,2025-05,BALANCE_MISMATCH
LN101542,2023-06,BALANCE_MISMATCH
LN107498,2023-08,DATE_INVALID
LN103297,2024-11,STALE_UPDATE
LN107881,2022-10,DATE_INVALID
LN100364,2025-05,STATUS_INCONSISTENT
LN107685,2024-02,STALE_UPDATE
LN102411,2023-04,DATE_INVALID
LN108841,2023-12,STATUS_INCONSISTENT
LN107770,2023-01,STATUS_INCONSISTENT
LN100698,2025-12,BALANCE_MISMATCH
LN102635,2025-01,STATUS_INCONSISTENT
LN104866,2023-07,STALE_UPDATE
LN106114,2022-06,STATUS_INCONSISTENT
LN105988,2024-09,STALE_UPDATE
LN103273,2023-06,BALANCE_MISMATCH
LN101606,2025-04,DUPLICATE_RECORD
LN100258,2024-05,BALANCE_MISMATCH
LN106891,2023-07,STALE_UPDATE
LN101127,2025-04,DATE_INVALID
LN104832,2024-08,DOC_GAP
LN102307,2022-06,DUPLICATE_RECORD
LN107140,2022-08,DATE_INVALID
LN104633,2024-01,DATE_INVALID
LN107701,2023-07,STALE_UPDATE
LN101841,2025-06,BALANCE_MISMATCH
LN103922,2024-02,BALANCE_MISMATCH
LN107834,2025-02,STALE_UPDATE
LN106989,2022-07,DOC_GAP
LN106820,2024-11,STALE_UPDATE
LN101066,2025-12,STATUS_INCONSISTENT
LN106040,2025-02,DATE_INVALID
LN101055,2025-05,DATE_INVALID
LN101192,2025-08,BALANCE_MISMATCH
LN102402,2024-07,STATUS_INCONSISTENT
LN104382,2025-06,STATUS_INCONSISTENT
LN101901,2025-11,STATUS_INCONSISTENT
LN106808,2022-01,STALE_UPDATE
LN108228,2024-04,DATE_INVALID
LN104879,2024-08,DOC_GAP
LN103974,2023-12,STATUS_INCONSISTENT
LN101592,2022-11,DATE_INVALID
LN106222,2025-01,BALANCE_MISMATCH
LN104381,2025-08,DOC_GAP
LN108961,2023-03,DATE_INVALID
LN102435,2025-10,STALE_UPDATE
LN103183,2024-04,DOC_GAP
LN108274,2023-04,BALANCE_MISMATCH
LN105649,2025-09,STALE_UPDATE
LN102820,2023-08,DUPLICATE_RECORD
LN101577,2025-02,DUPLICATE_RECORD
LN101251,2023-04,DATE_INVALID
LN103431,2024-12,STATUS_INCONSISTENT
LN105382,2023-06,STALE_UPDATE
LN103177,2024-04,BALANCE_MISMATCH
LN104053,2025-02,STALE_UPDATE
LN100920,2025-05,BALANCE_MISMATCH
LN106455,2022-03,STATUS_INCONSISTENT
LN102579,2025-07,STATUS_INCONSISTENT
LN108779,2023-09,STATUS_INCONSISTENT
LN104499,2024-01,STALE_UPDATE
LN107505,2024-02,BALANCE_MISMATCH
LN105089,2024-03,BALANCE_MISMATCH
LN103793,2024-07,BALANCE_MISMATCH
LN106880,2024-02,DOC_GAP
LN105218,2022-08,DUPLICATE_RECORD
LN104010,2025-02,DOC_GAP
LN100227,2025-07,BALANCE_MISMATCH
LN105123,2025-11,DUPLICATE_RECORD
LN102065,2025-06,DUPLICATE_RECORD
LN105379,2025-12,BALANCE_MISMATCH
LN101641,2023-03,BALANCE_MISMATCH
LN107504,2024-09,DATE_INVALID
LN103693,2024-11,DOC_GAP
LN106464,2025-07,DUPLICATE_RECORD
LN101808,2022-09,DOC_GAP
LN102022,2025-03,STALE_UPDATE
LN103405,2023-08,DATE_INVALID
LN107669,2023-12,STALE_UPDATE
LN104797,2024-01,STALE_UPDATE
LN102738,2024-01,DATE_INVALID
LN108058,2025-04,BALANCE_MISMATCH
LN100218,2025-12,DOC_GAP
LN106755,2025-07,BALANCE_MISMATCH
LN104927,2024-11,BALANCE_MISMATCH
LN106205,2025-06,STATUS_INCONSISTENT
LN101434,2024-08,BALANCE_MISMATCH
LN107283,2023-01,BALANCE_MISMATCH
LN102734,2023-08,BALANCE_MISMATCH
LN108556,2025-02,STALE_UPDATE
LN103392,2024-10,STALE_UPDATE
LN106688,2024-10,DATE_INVALID
LN101006,2024-08,STATUS_INCONSISTENT
LN100468,2025-03,DOC_GAP
LN100965,2024-03,DATE_INVALID
LN103691,2024-03,BALANCE_MISMATCH
LN107665,2024-06,BALANCE_MISMATCH
LN104137,2022-12,DATE_INVALID
LN104168,2024-05,STATUS_INCONSISTENT
LN100960,2023-08,BALANCE_MISMATCH
LN104409,2023-09,DATE_INVALID
LN103197,2025-01,DATE_INVALID
LN101972,2025-10,DATE_INVALID
LN108855,2023-11,DUPLICATE_RECORD
LN104137,2024-07,DUPLICATE_RECORD
LN104163,2024-06,STALE_UPDATE
LN108625,2025-08,DOC_GAP
LN108182,2025-12,DATE_INVALID
LN105815,2023-07,STALE_UPDATE
LN108143,2025-02,DATE_INVALID
LN100487,2023-11,BALANCE_MISMATCH
LN106171,2023-12,BALANCE_MISMATCH
LN107403,2023-04,STATUS_INCONSISTENT
LN101204,2024-08,STATUS_INCONSISTENT
LN101644,2023-01,STALE_UPDATE
LN107259,2023-06,STATUS_INCONSISTENT
LN106194,2024-04,DOC_GAP
LN107323,2025-11,BALANCE_MISMATCH
LN106471,2025-05,BALANCE_MISMATCH
LN105218,2024-10,DOC_GAP
LN106182,2025-07,STALE_UPDATE
LN108418,2024-07,STATUS_INCONSISTENT
LN101614,2022-05,DOC_GAP
LN101011,2025-02,STATUS_INCONSISTENT
LN106578,2022-03,BALANCE_MISMATCH
LN107061,2022-11,BALANCE_MISMATCH
LN107262,2025-08,STALE_UPDATE
LN104852,2022-03,STATUS_INCONSISTENT
LN104386,2024-12,STALE_UPDATE
LN107608,2023-06,DATE_INVALID
LN104886,2024-09,DOC_GAP
LN102485,2024-09,DOC_GAP
LN101799,2024-01,BALANCE_MISMATCH
LN102286,2025-02,BALANCE_MISMATCH
LN106649,2024-01,DOC_GAP
LN106065,2025-12,STATUS_INCONSISTENT
LN106382,2025-10,DATE_INVALID
LN102695,2025-01,STALE_UPDATE
LN105568,2022-11,BALANCE_MISMATCH
LN103358,2023-09,STALE_UPDATE
LN107738,2024-07,DOC_GAP
LN100918,2024-05,STALE_UPDATE
LN100395,2025-11,STALE_UPDATE
LN105662,2025-06,DOC_GAP
LN103313,2023-02,BALANCE_MISMATCH
LN106842,2023-08,BALANCE_MISMATCH
LN101123,2024-09,DUPLICATE_RECORD
LN108336,2024-10,DATE_INVALID
LN106348,2025-03,DUPLICATE_RECORD
LN108172,2024-04,DOC_GAP
LN107216,2024-01,DATE_INVALID
LN100568,2024-12,DUPLICATE_RECORD
LN103454,2025-11,STALE_UPDATE
LN106391,2025-06,DATE_INVALID
LN103270,2025-02,DOC_GAP
LN104428,2024-11,BALANCE_MISMATCH
LN108958,2023-10,BALANCE_MISMATCH
LN103133,2022-04,STALE_UPDATE
LN100375,2024-02,STALE_UPDATE
LN103059,2022-08,STALE_UPDATE
LN103400,2024-11,STATUS_INCONSISTENT
LN103208,2023-06,BALANCE_MISMATCH
LN100609,2024-07,STALE_UPDATE
LN102050,2025-03,BALANCE_MISMATCH
LN105672,2024-11,BALANCE_MISMATCH
LN107535,2024-08,STALE_UPDATE
LN107970,2022-09,STATUS_INCONSISTENT
LN108763,2023-03,DUPLICATE_RECORD
LN108317,2024-12,DATE_INVALID
LN100976,2025-03,DATE_INVALID
LN106271,2025-11,STATUS_INCONSISTENT
LN105187,2022-07,DUPLICATE_RECORD
LN106522,2025-08,DOC_GAP
LN100151,2023-01,DATE_INVALID
LN103681,2021-09,BALANCE_MISMATCH
LN105340,2022-10,BALANCE_MISMATCH
LN103011,2023-07,DOC_GAP
LN100854,2025-07,STALE_UPDATE
LN100157,2024-03,STATUS_INCONSISTENT
LN104521,2024-10,DATE_INVALID
LN108253,2025-05,STATUS_INCONSISTENT
LN103284,2024-02,DATE_INVALID
LN106928,2024-01,BALANCE_MISMATCH
LN104247,2025-02,STALE_UPDATE
LN102276,2023-05,STALE_UPDATE
LN101408,2024-07,STALE_UPDATE
LN101670,2024-03,DATE_INVALID
LN106255,2023-05,STALE_UPDATE
LN105795,2024-02,STATUS_INCONSISTENT
LN104583,2024-04,BALANCE_MISMATCH
LN103504,2023-05,STATUS_INCONSISTENT
LN103078,2025-06,STATUS_INCONSISTENT
LN104293,2024-08,DATE_INVALID
LN104194,2024-09,STALE_UPDATE
LN105482,2023-07,STALE_UPDATE
LN107274,2022-07,DATE_INVALID
LN100784,2023-10,DUPLICATE_RECORD
LN102444,2024-07,DATE_INVALID
LN108842,2024-11,BALANCE_MISMATCH
LN103244,2024-07,DOC_GAP
LN107862,2024-04,DUPLICATE_RECORD
LN103606,2025-02,STATUS_INCONSISTENT
LN104048,2024-02,STATUS_INCONSISTENT
LN108343,2024-03,STALE_UPDATE
LN103151,2025-09,STATUS_INCONSISTENT
LN105187,2022-11,DOC_GAP
LN100107,2024-07,DATE_INVALID
LN106401,2024-10,STALE_UPDATE
LN100154,2024-07,STATUS_INCONSISTENT
LN105517,2023-12,STATUS_INCONSISTENT
LN101024,2025-10,STATUS_INCONSISTENT
LN108026,2025-06,BALANCE_MISMATCH
LN104943,2025-05,BALANCE_MISMATCH
LN108772,2025-05,STALE_UPDATE
LN100077,2022-04,STALE_UPDATE
LN100430,2023-02,STATUS_INCONSISTENT
LN103542,2021-10,STALE_UPDATE
LN106054,2025-05,BALANCE_MISMATCH
LN106935,2025-10,DATE_INVALID
LN104676,2024-02,DATE_INVALID
LN101191,2022-09,DUPLICATE_RECORD
LN107553,2025-01,STALE_UPDATE
LN106821,2025-10,BALANCE_MISMATCH
LN101219,2024-01,STATUS_INCONSISTENT
LN102328,2024-08,DUPLICATE_RECORD
LN102783,2024-10,DOC_GAP
LN100660,2023-03,DOC_GAP
LN107571,2025-04,DOC_GAP
LN106465,2024-07,DUPLICATE_RECORD
LN107149,2023-11,DATE_INVALID
LN104706,2024-04,BALANCE_MISMATCH
LN103876,2024-11,STATUS_INCONSISTENT
LN100351,2021-08,STATUS_INCONSISTENT
LN103876,2025-01,STATUS_INCONSISTENT
LN101681,2022-08,STALE_UPDATE
LN100066,2024-10,DOC_GAP
LN108796,2024-01,STALE_UPDATE
LN108361,2025-02,STATUS_INCONSISTENT
LN105891,2024-04,DATE_INVALID
LN107750,2024-03,STATUS_INCONSISTENT
LN105625,2025-06,DATE_INVALID
LN101298,2024-04,DOC_GAP
LN100239,2024-01,BALANCE_MISMATCH
LN107085,2025-06,DOC_GAP
LN102369,2024-05,STATUS_INCONSISTENT
LN108478,2024-01,DATE_INVALID
LN101267,2023-02,STALE_UPDATE
LN102022,2025-09,STATUS_INCONSISTENT
LN100959,2024-01,DUPLICATE_RECORD
LN108323,2022-11,STATUS_INCONSISTENT
LN108520,2025-08,DUPLICATE_RECORD
LN101719,2025-12,BALANCE_MISMATCH
LN101739,2022-10,STALE_UPDATE
LN103014,2024-09,STALE_UPDATE
LN105864,2024-11,STATUS_INCONSISTENT
LN108328,2022-09,DOC_GAP
LN106246,2024-04,DOC_GAP
LN101843,2025-04,STALE_UPDATE
LN107880,2024-01,DUPLICATE_RECORD
LN104007,2024-12,DUPLICATE_RECORD
LN102968,2025-12,STALE_UPDATE
LN103778,2025-02,STATUS_INCONSISTENT
LN107446,2022-01,STATUS_INCONSISTENT
LN106877,2022-02,STATUS_INCONSISTENT
LN104324,2025-07,STALE_UPDATE
LN101482,2023-02,BALANCE_MISMATCH
LN104397,2024-11,DATE_INVALID
LN105592,2024-07,DATE_INVALID
LN101191,2024-06,BALANCE_MISMATCH
LN100022,2023-04,STATUS_INCONSISTENT
LN106536,2023-04,STALE_UPDATE
LN102260,2023-07,DOC_GAP
LN100764,2025-05,DOC_GAP
LN104184,2022-03,BALANCE_MISMATCH
LN103398,2025-03,STATUS_INCONSISTENT
LN104547,2024-11,BALANCE_MISMATCH
LN106156,2024-09,DUPLICATE_RECORD
LN105960,2025-09,BALANCE_MISMATCH
LN100459,2024-02,STALE_UPDATE
LN100435,2023-04,STATUS_INCONSISTENT
LN106292,2021-11,STALE_UPDATE
LN100887,2025-12,DATE_INVALID
LN106183,2024-10,STALE_UPDATE
LN102199,2023-06,DATE_INVALID
LN107498,2025-10,STALE_UPDATE
LN103071,2023-11,STATUS_INCONSISTENT
LN100350,2024-10,STATUS_INCONSISTENT
LN108618,2022-09,STATUS_INCONSISTENT
LN105427,2022-03,STATUS_INCONSISTENT
LN102139,2024-04,BALANCE_MISMATCH
LN102605,2024-09,STALE_UPDATE
LN100742,2025-06,STATUS_INCONSISTENT
LN108050,2023-01,DOC_GAP
LN106229,2023-02,BALANCE_MISMATCH
LN104598,2025-01,DATE_INVALID
LN107793,2022-08,DUPLICATE_RECORD
LN105851,2025-11,STALE_UPDATE
LN100834,2024-11,STATUS_INCONSISTENT
LN102291,2024-08,STATUS_INCONSISTENT
LN100687,2023-11,STATUS_INCONSISTENT
LN107869,2024-08,DOC_GAP
LN101458,2022-06,STATUS_INCONSISTENT
LN104705,2023-01,STALE_UPDATE
LN106202,2024-09,STATUS_INCONSISTENT
LN107973,2024-08,DUPLICATE_RECORD
LN108292,2024-06,BALANCE_MISMATCH
LN105251,2023-06,BALANCE_MISMATCH
LN108438,2025-11,DATE_INVALID
LN102740,2025-06,STALE_UPDATE
LN104824,2023-12,STALE_UPDATE
LN104159,2025-02,BALANCE_MISMATCH
LN107369,2024-08,DATE_INVALID
LN104064,2025-06,STALE_UPDATE
LN106286,2024-02,DOC_GAP
LN107286,2025-01,DUPLICATE_RECORD
LN101164,2024-07,DOC_GAP
LN102586,2023-12,DATE_INVALID
LN101759,2023-11,DOC_GAP
LN103735,2024-07,DATE_INVALID
LN101007,2024-04,BALANCE_MISMATCH
LN102612,2022-09,DATE_INVALID
LN100595,2025-05,STALE_UPDATE
LN107026,2023-11,STATUS_INCONSISTENT
LN103950,2025-06,STATUS_INCONSISTENT
LN107503,2023-11,BALANCE_MISMATCH
LN105289,2022-11,DUPLICATE_RECORD
LN102211,2025-01,BALANCE_MISMATCH
LN107636,2023-04,STATUS_INCONSISTENT
LN106199,2025-12,STATUS_INCONSISTENT
LN102320,2023-09,DOC_GAP
LN108994,2025-09,STATUS_INCONSISTENT
LN102829,2022-11,STATUS_INCONSISTENT
LN101261,2024-09,STATUS_INCONSISTENT
LN108910,2024-12,STATUS_INCONSISTENT
LN105548,2024-12,DUPLICATE_RECORD
LN107482,2023-07,BALANCE_MISMATCH
LN105343,2024-09,DUPLICATE_RECORD
LN107039,2024-05,STALE_UPDATE
LN100759,2025-10,BALANCE_MISMATCH
LN104057,2024-11,STATUS_INCONSISTENT
LN102711,2025-04,STATUS_INCONSISTENT
LN108536,2024-06,BALANCE_MISMATCH
LN108274,2022-03,DOC_GAP
LN100037,2025-10,BALANCE_MISMATCH
LN101544,2023-11,DATE_INVALID
LN103513,2022-09,DATE_INVALID
LN107019,2024-08,BALANCE_MISMATCH
LN108179,2023-06,STATUS_INCONSISTENT
LN100221,2023-02,DATE_INVALID
LN100625,2025-04,DATE_INVALID
LN104794,2023-06,DOC_GAP
LN105672,2025-01,STATUS_INCONSISTENT
LN103474,2025-04,STATUS_INCONSISTENT
LN105041,2024-03,BALANCE_MISMATCH
LN107402,2024-07,BALANCE_MISMATCH
LN104664,2023-12,STATUS_INCONSISTENT
LN107554,2023-09,STATUS_INCONSISTENT
LN107890,2023-06,STALE_UPDATE
LN105562,2024-10,DATE_INVALID
LN108372,2025-12,DOC_GAP
LN100689,2025-11,STATUS_INCONSISTENT
LN107250,2023-10,DATE_INVALID
LN104929,2023-10,BALANCE_MISMATCH
LN101037,2025-10,BALANCE_MISMATCH
LN106314,2025-04,DOC_GAP
LN108243,2025-06,STALE_UPDATE
LN104302,2023-07,DOC_GAP
LN108190,2025-12,STALE_UPDATE
LN103703,2025-05,STATUS_INCONSISTENT
LN104885,2022-03,BALANCE_MISMATCH
LN102818,2021-12,STATUS_INCONSISTENT
LN104991,2023-04,DUPLICATE_RECORD
LN105935,2025-02,BALANCE_MISMATCH
LN106044,2023-09,DATE_INVALID
LN100460,2025-03,DATE_INVALID
LN104416,2025-01,BALANCE_MISMATCH
LN104468,2025-07,STALE_UPDATE
LN104181,2023-06,STATUS_INCONSISTENT
LN106747,2025-12,STATUS_INCONSISTENT
LN105212,2024-11,DATE_INVALID
LN103857,2023-10,DOC_GAP
LN105944,2022-06,DATE_INVALID
LN107194,2025-06,STALE_UPDATE
LN100724,2025-03,DATE_INVALID
LN108950,2023-03,BALANCE_MISMATCH
LN107473,2025-03,STALE_UPDATE
LN105674,2023-11,DATE_INVALID
LN101401,2023-11,STALE_UPDATE
LN102770,2025-08,DUPLICATE_RECORD
LN102622,2024-03,DOC_GAP
LN100213,2024-11,DATE_INVALID
LN106464,2022-12,DATE_INVALID
LN108237,2024-06,STATUS_INCONSISTENT
LN106108,2024-03,STALE_UPDATE
LN103293,2022-10,STATUS_INCONSISTENT
LN103609,2025-02,STALE_UPDATE
LN107333,2025-06,BALANCE_MISMATCH
LN102617,2023-07,DOC_GAP
LN108740,2021-08,STATUS_INCONSISTENT
LN107509,2024-10,BALANCE_MISMATCH
LN102090,2025-11,DOC_GAP
LN104481,2023-04,STATUS_INCONSISTENT
LN104441,2024-04,BALANCE_MISMATCH
LN102278,2022-11,STATUS_INCONSISTENT
LN104633,2025-01,STALE_UPDATE
LN102440,2024-10,DUPLICATE_RECORD
LN102252,2024-05,STALE_UPDATE
LN101072,2024-07,BALANCE_MISMATCH
LN108998,2022-08,DUPLICATE_RECORD
LN103582,2022-08,STATUS_INCONSISTENT
LN107805,2024-11,STATUS_INCONSISTENT
LN101174,2023-03,BALANCE_MISMATCH
LN102515,2024-07,STALE_UPDATE
LN100882,2025-08,BALANCE_MISMATCH
LN106616,2023-08,BALANCE_MISMATCH
LN107013,2024-05,STATUS_INCONSISTENT
LN108136,2025-07,STALE_UPDATE
LN101621,2024-03,STATUS_INCONSISTENT
LN105325,2024-12,DOC_GAP
LN102372,2025-09,DATE_INVALID
LN101477,2024-09,BALANCE_MISMATCH
LN107362,2023-03,DATE_INVALID
LN101573,2025-08,DATE_INVALID
LN101455,2024-11,STATUS_INCONSISTENT
LN101030,2023-08,DOC_GAP
LN105095,2024-03,BALANCE_MISMATCH
LN108993,2024-06,STATUS_INCONSISTENT
LN107574,2024-04,STATUS_INCONSISTENT
LN104977,2024-02,STALE_UPDATE
LN105898,2023-11,DATE_INVALID
LN102709,2025-03,STATUS_INCONSISTENT
LN104314,2025-06,STATUS_INCONSISTENT
LN100500,2022-03,DOC_GAP
LN108644,2022-10,BALANCE_MISMATCH
LN106312,2022-04,DUPLICATE_RECORD
LN102580,2023-07,BALANCE_MISMATCH
LN106088,2023-12,BALANCE_MISMATCH
LN106834,2025-07,BALANCE_MISMATCH
LN102915,2023-08,BALANCE_MISMATCH
LN103001,2024-04,DUPLICATE_RECORD
LN107544,2024-05,STATUS_INCONSISTENT
LN108589,2024-06,DOC_GAP
LN104229,2024-01,STALE_UPDATE
LN108877,2025-01,STATUS_INCONSISTENT
LN108517,2025-08,BALANCE_MISMATCH
LN108743,2024-07,DATE_INVALID
LN107333,2024-01,BALANCE_MISMATCH
LN108426,2023-02,DATE_INVALID
LN103657,2025-08,STALE_UPDATE
LN104512,2022-07,DATE_INVALID
LN104176,2023-03,STALE_UPDATE
LN103160,2021-11,BALANCE_MISMATCH
LN105905,2025-06,STATUS_INCONSISTENT
LN101828,2025-10,DUPLICATE_RECORD
LN100616,2022-07,BALANCE_MISMATCH
LN107405,2025-09,BALANCE_MISMATCH
LN103107,2023-11,BALANCE_MISMATCH
LN102686,2024-04,STATUS_INCONSISTENT
LN101237,2025-03,DUPLICATE_RECORD
LN105450,2022-10,STALE_UPDATE
LN100414,2023-09,DOC_GAP
LN104836,2025-10,DATE_INVALID
LN104498,2025-07,BALANCE_MISMATCH
LN106850,2022-10,DATE_INVALID
LN104832,2024-02,DUPLICATE_RECORD
LN102742,2025-10,DATE_INVALID
LN105939,2024-04,DOC_GAP
LN106062,2023-05,BALANCE_MISMATCH
LN106898,2025-03,STATUS_INCONSISTENT
LN103610,2023-06,STATUS_INCONSISTENT
LN107664,2024-11,DATE_INVALID
LN108386,2024-07,DATE_INVALID
LN104470,2025-12,STALE_UPDATE
LN101587,2022-09,BALANCE_MISMATCH
LN101014,2024-12,DOC_GAP
LN101977,2023-12,STATUS_INCONSISTENT
LN103184,2025-11,DATE_INVALID
LN107001,2023-10,DATE_INVALID
LN107931,2024-02,BALANCE_MISMATCH
LN106202,2023-03,DOC_GAP
LN102340,2025-02,BALANCE_MISMATCH
LN102195,2024-08,BALANCE_MISMATCH
LN102144,2023-02,DATE_INVALID
LN105612,2025-03,BALANCE_MISMATCH
LN101842,2024-11,DOC_GAP
LN105533,2024-10,DOC_GAP
LN102793,2023-06,DATE_INVALID
LN102698,2025-12,STATUS_INCONSISTENT
LN107366,2025-06,DATE_INVALID
LN100511,2024-09,STATUS_INCONSISTENT
LN107719,2025-10,STALE_UPDATE
LN104490,2023-01,STATUS_INCONSISTENT
LN102678,2023-12,DUPLICATE_RECORD
LN104185,2024-08,DOC_GAP
LN101389,2024-09,DOC_GAP
LN102681,2022-04,STALE_UPDATE
LN108167,2023-06,STATUS_INCONSISTENT
LN103655,2024-06,DUPLICATE_RECORD
LN104078,2023-06,DOC_GAP
LN105116,2025-06,STATUS_INCONSISTENT
LN103187,2024-11,DOC_GAP
LN100573,2024-01,STATUS_INCONSISTENT
LN103816,2025-11,BALANCE_MISMATCH
LN102290,2024-08,STATUS_INCONSISTENT
LN108740,2023-05,STATUS_INCONSISTENT
LN108924,2025-11,BALANCE_MISMATCH
LN102520,2023-03,BALANCE_MISMATCH
LN108686,2024-10,DOC_GAP
LN100626,2023-06,DATE_INVALID
LN108698,2023-09,BALANCE_MISMATCH
LN100497,2023-07,BALANCE_MISMATCH
LN101366,2024-11,STATUS_INCONSISTENT
LN106862,2022-10,STATUS_INCONSISTENT
LN100278,2024-01,DOC_GAP
LN107848,2025-05,BALANCE_MISMATCH
LN102501,2023-03,BALANCE_MISMATCH
LN108162,2022-09,BALANCE_MISMATCH
LN105869,2024-04,STATUS_INCONSISTENT
LN100138,2023-11,DOC_GAP
LN101752,2025-10,STATUS_INCONSISTENT
LN103943,2025-07,STATUS_INCONSISTENT
LN108178,2025-04,BALANCE_MISMATCH
LN100525,2024-12,STALE_UPDATE
LN108625,2025-09,STALE_UPDATE
LN100727,2022-09,DATE_INVALID
LN103785,2025-12,DOC_GAP
LN107209,2025-04,DUPLICATE_RECORD
LN106799,2025-05,STATUS_INCONSISTENT
LN100151,2024-03,DATE_INVALID
LN106918,2025-01,BALANCE_MISMATCH
LN100695,2022-10,STATUS_INCONSISTENT
LN107976,2023-03,DATE_INVALID
LN101238,2025-09,BALANCE_MISMATCH
LN101524,2024-03,STALE_UPDATE
LN108327,2024-05,BALANCE_MISMATCH
LN104251,2023-05,STALE_UPDATE
LN108186,2023-12,BALANCE_MISMATCH
LN105767,2023-11,DATE_INVALID
LN106842,2025-06,BALANCE_MISMATCH
LN102397,2023-07,DATE_INVALID
LN100483,2024-05,BALANCE_MISMATCH
LN106508,2025-07,DATE_INVALID
LN108486,2023-06,STATUS_INCONSISTENT
LN102185,2023-12,BALANCE_MISMATCH
LN108172,2024-03,STALE_UPDATE
LN101874,2023-01,STATUS_INCONSISTENT
LN100407,2023-08,DATE_INVALID
LN103944,2022-06,STATUS_INCONSISTENT
LN100011,2025-05,BALANCE_MISMATCH
LN106368,2021-09,STATUS_INCONSISTENT
LN101040,2025-04,DOC_GAP
LN100688,2023-05,DATE_INVALID
LN104873,2025-08,DATE_INVALID
LN104641,2022-04,DOC_GAP
LN104776,2024-07,STALE_UPDATE
LN103036,2025-11,BALANCE_MISMATCH
LN105887,2022-11,DATE_INVALID
LN107443,2025-06,DATE_INVALID
LN105823,2022-01,DOC_GAP
LN101394,2024-02,DATE_INVALID
LN105978,2023-06,STATUS_INCONSISTENT
LN100698,2022-09,DUPLICATE_RECORD
LN106939,2025-06,BALANCE_MISMATCH
LN105025,2023-06,DOC_GAP
LN106090,2025-05,BALANCE_MISMATCH
LN106603,2022-09,DOC_GAP
LN100652,2025-03,STATUS_INCONSISTENT
LN107721,2023-09,BALANCE_MISMATCH
LN102483,2025-04,STATUS_INCONSISTENT
LN101120,2024-08,DATE_INVALID
LN104464,2023-06,DUPLICATE_RECORD
LN104826,2024-10,STATUS_INCONSISTENT
LN107506,2023-01,STALE_UPDATE
LN103708,2023-04,STATUS_INCONSISTENT
LN107514,2024-05,STATUS_INCONSISTENT
LN100791,2023-12,STATUS_INCONSISTENT
LN104857,2023-11,STALE_UPDATE
LN106056,2023-07,DOC_GAP
LN103239,2023-01,BALANCE_MISMATCH
LN107835,2024-05,DATE_INVALID
LN106942,2025-01,DUPLICATE_RECORD
LN103716,2022-12,DOC_GAP
LN105916,2022-10,DATE_INVALID
LN101764,2024-02,DOC_GAP
LN108394,2021-12,BALANCE_MISMATCH
LN101821,2024-12,DATE_INVALID
LN102543,2024-08,BALANCE_MISMATCH
LN100660,2023-09,DATE_INVALID
LN102647,2024-04,STALE_UPDATE
LN100343,2025-07,DOC_GAP
LN106748,2023-10,BALANCE_MISMATCH
LN108805,2021-10,STATUS_INCONSISTENT
LN105681,2025-08,DUPLICATE_RECORD
LN100110,2023-08,STATUS_INCONSISTENT
LN103823,2025-09,BALANCE_MISMATCH
LN103997,2024-10,STALE_UPDATE
LN102170,2023-01,DUPLICATE_RECORD
LN100419,2023-05,STATUS_INCONSISTENT
LN105850,2023-06,DATE_INVALID
LN108548,2025-08,BALANCE_MISMATCH
LN101394,2022-10,STALE_UPDATE
LN107065,2023-03,STALE_UPDATE
LN101017,2023-08,BALANCE_MISMATCH
LN106025,2024-07,STATUS_INCONSISTENT
LN108174,2025-07,STATUS_INCONSISTENT
LN103262,2024-11,BALANCE_MISMATCH
LN100128,2024-11,DUPLICATE_RECORD
LN105978,2025-11,DATE_INVALID
LN107116,2023-04,DOC_GAP
LN106815,2023-12,DATE_INVALID
LN104930,2023-11,DATE_INVALID
LN107398,2022-03,BALANCE_MISMATCH
LN105331,2025-02,DATE_INVALID
LN106925,2025-05,STATUS_INCONSISTENT
LN102994,2025-04,STATUS_INCONSISTENT
LN107733,2025-02,DATE_INVALID
LN104888,2024-08,DOC_GAP
LN100353,2025-02,BALANCE_MISMATCH
LN104781,2023-10,STATUS_INCONSISTENT
LN102301,2024-02,STALE_UPDATE
LN105412,2025-06,STATUS_INCONSISTENT
LN106046,2022-11,BALANCE_MISMATCH
LN103302,2025-11,STATUS_INCONSISTENT
LN103187,2023-09,STALE_UPDATE
LN104406,2025-10,STATUS_INCONSISTENT
LN105791,2024-02,STATUS_INCONSISTENT
LN100399,2024-09,BALANCE_MISMATCH
LN102986,2025-03,STATUS_INCONSISTENT
LN100432,2025-11,STATUS_INCONSISTENT
LN104527,2023-10,STATUS_INCONSISTENT
LN103456,2024-07,DATE_INVALID
LN104834,2025-03,STALE_UPDATE
LN104362,2023-06,STATUS_INCONSISTENT
LN104960,2025-11,STATUS_INCONSISTENT
LN101597,2025-06,BALANCE_MISMATCH
LN104972,2025-01,STALE_UPDATE
LN101611,2024-04,DATE_INVALID
LN101859,2025-05,STATUS_INCONSISTENT
LN103024,2023-01,BALANCE_MISMATCH
LN102296,2025-07,BALANCE_MISMATCH
LN105510,2023-10,DOC_GAP
LN108620,2022-02,DOC_GAP
LN103388,2025-12,BALANCE_MISMATCH
LN104991,2025-02,DOC_GAP
LN108089,2023-10,STATUS_INCONSISTENT
LN100859,2024-09,DATE_INVALID
LN106319,2025-04,STALE_UPDATE
LN103474,2025-11,BALANCE_MISMATCH
LN105932,2022-11,BALANCE_MISMATCH
LN103848,2024-09,STATUS_INCONSISTENT
LN102443,2022-12,BALANCE_MISMATCH
LN105001,2024-11,DATE_INVALID
LN103385,2022-09,DATE_INVALID
LN105031,2025-12,STALE_UPDATE
LN104822,2025-05,STALE_UPDATE
LN100961,2025-10,STATUS_INCONSISTENT
LN102795,2025-12,STATUS_INCONSISTENT
LN100687,2025-01,DOC_GAP
LN103133,2024-12,STALE_UPDATE
LN104956,2024-08,BALANCE_MISMATCH
LN101917,2023-10,DUPLICATE_RECORD
LN104063,2024-02,STATUS_INCONSISTENT
LN100016,2024-10,DATE_INVALID
LN101034,2025-07,DUPLICATE_RECORD
LN101798,2025-09,DATE_INVALID
LN103149,2022-05,BALANCE_MISMATCH
LN103621,2024-02,BALANCE_MISMATCH
LN104457,2022-07,STALE_UPDATE
LN100531,2023-05,BALANCE_MISMATCH
LN103699,2025-08,STALE_UPDATE
LN108871,2023-08,BALANCE_MISMATCH
LN101522,2023-03,DUPLICATE_RECORD
LN107652,2023-02,STATUS_INCONSISTENT
LN102816,2025-10,STATUS_INCONSISTENT
LN100731,2025-12,DOC_GAP
LN100059,2025-04,DOC_GAP
LN100959,2023-12,BALANCE_MISMATCH
LN104481,2022-10,BALANCE_MISMATCH
LN104270,2024-07,DATE_INVALID
LN107720,2024-04,BALANCE_MISMATCH
LN106377,2025-05,STATUS_INCONSISTENT
LN104770,2024-06,STATUS_INCONSISTENT
LN101761,2025-10,BALANCE_MISMATCH
LN101643,2025-04,BALANCE_MISMATCH
LN108738,2024-10,BALANCE_MISMATCH
LN101612,2024-11,STALE_UPDATE
LN100231,2024-10,BALANCE_MISMATCH
LN107586,2025-09,BALANCE_MISMATCH
LN103995,2024-04,STALE_UPDATE
LN104144,2022-10,STALE_UPDATE
LN106359,2023-11,STALE_UPDATE
LN106489,2024-01,STATUS_INCONSISTENT
LN108878,2023-04,BALANCE_MISMATCH
LN105511,2025-11,DOC_GAP
LN108396,2024-05,STATUS_INCONSISTENT
LN106208,2022-12,DOC_GAP
LN108026,2025-04,DATE_INVALID
LN101408,2025-10,STALE_UPDATE
LN101813,2024-03,DATE_INVALID
LN101441,2024-01,STALE_UPDATE
LN106620,2025-04,BALANCE_MISMATCH
LN107890,2024-11,BALANCE_MISMATCH
LN104384,2025-11,DATE_INVALID
LN101481,2025-03,STALE_UPDATE
LN103915,2022-06,STALE_UPDATE
LN105905,2025-03,DATE_INVALID
LN107887,2025-08,DATE_INVALID
LN100858,2024-01,STALE_UPDATE
LN103973,2023-05,BALANCE_MISMATCH
LN108720,2024-08,DOC_GAP
LN100689,2025-08,STALE_UPDATE
LN101015,2025-02,DATE_INVALID
LN106679,2025-01,DOC_GAP
LN106842,2023-04,DUPLICATE_RECORD
LN107723,2024-07,STATUS_INCONSISTENT
LN106092,2023-04,DUPLICATE_RECORD
LN102079,2023-07,STALE_UPDATE
LN101684,2025-06,DATE_INVALID
LN103352,2023-01,DUPLICATE_RECORD
LN107563,2024-10,STATUS_INCONSISTENT
LN101018,2022-11,BALANCE_MISMATCH
LN102753,2025-05,BALANCE_MISMATCH
LN104984,2024-10,BALANCE_MISMATCH
LN107163,2025-01,DUPLICATE_RECORD
LN107694,2024-05,STATUS_INCONSISTENT
LN107720,2021-10,STATUS_INCONSISTENT
LN101194,2025-12,STALE_UPDATE
LN103024,2025-11,DATE_INVALID
LN108178,2023-11,BALANCE_MISMATCH
LN100639,2024-11,DOC_GAP
LN107009,2024-06,DUPLICATE_RECORD
LN106058,2025-02,STATUS_INCONSISTENT
LN107063,2023-11,DATE_INVALID
LN101162,2025-02,STATUS_INCONSISTENT
LN106361,2024-10,DATE_INVALID
LN101552,2024-06,STATUS_INCONSISTENT
LN104398,2025-10,BALANCE_MISMATCH
LN108425,2025-11,STALE_UPDATE
LN103744,2025-01,STATUS_INCONSISTENT
LN106817,2024-05,DOC_GAP
LN100619,2022-08,STALE_UPDATE
LN100545,2022-06,DUPLICATE_RECORD
LN104633,2024-06,STATUS_INCONSISTENT
LN100000,2022-11,DOC_GAP
LN106582,2024-10,DATE_INVALID
LN104026,2023-05,BALANCE_MISMATCH
LN104742,2024-08,STALE_UPDATE
LN108628,2024-07,DOC_GAP
LN104824,2023-11,STALE_UPDATE
LN105353,2024-09,DATE_INVALID
LN104292,2023-05,STATUS_INCONSISTENT
LN102104,2025-03,DATE_INVALID
LN105855,2025-10,STALE_UPDATE
LN104853,2021-11,DOC_GAP
LN100902,2022-10,STATUS_INCONSISTENT
LN106903,2023-12,BALANCE_MISMATCH
LN108435,2024-09,STATUS_INCONSISTENT
LN104379,2024-11,STATUS_INCONSISTENT
LN106898,2025-11,STATUS_INCONSISTENT
LN108311,2022-02,STATUS_INCONSISTENT
LN103790,2022-08,DATE_INVALID
LN105143,2024-11,STATUS_INCONSISTENT
LN106686,2024-04,DOC_GAP
LN106258,2024-06,DATE_INVALID
LN100748,2024-04,STATUS_INCONSISTENT
LN105058,2023-12,STALE_UPDATE
LN103922,2024-01,STALE_UPDATE
LN107196,2022-12,STALE_UPDATE
LN108091,2023-07,STALE_UPDATE
LN108897,2024-12,STALE_UPDATE
LN106781,2024-04,STATUS_INCONSISTENT
LN107701,2024-07,STALE_UPDATE
LN105900,2025-10,BALANCE_MISMATCH
LN104003,2023-08,STALE_UPDATE
LN100461,2022-07,BALANCE_MISMATCH
LN104560,2024-08,BALANCE_MISMATCH
LN101013,2024-02,BALANCE_MISMATCH
LN100857,2024-07,STATUS_INCONSISTENT
LN108407,2024-04,DATE_INVALID
LN100174,2025-08,BALANCE_MISMATCH
LN106706,2021-07,BALANCE_MISMATCH
LN100120,2024-02,STATUS_INCONSISTENT
LN101032,2025-12,BALANCE_MISMATCH
LN100442,2022-10,BALANCE_MISMATCH
LN105722,2025-04,STATUS_INCONSISTENT
LN101659,2023-01,STALE_UPDATE
LN106258,2024-08,DUPLICATE_RECORD
LN102862,2025-08,DATE_INVALID
LN104799,2023-06,BALANCE_MISMATCH
LN105027,2022-04,DUPLICATE_RECORD
LN102032,2024-11,DUPLICATE_RECORD
LN102191,2023-04,STATUS_INCONSISTENT
LN103693,2024-05,STALE_UPDATE
LN106319,2025-10,STATUS_INCONSISTENT
LN104802,2023-01,STATUS_INCONSISTENT
LN107799,2023-08,STALE_UPDATE
LN108552,2023-11,STATUS_INCONSISTENT
LN104998,2025-05,DATE_INVALID
LN100552,2024-08,DUPLICATE_RECORD
LN101817,2025-10,STALE_UPDATE
LN101557,2024-04,STALE_UPDATE
LN104636,2025-10,STATUS_INCONSISTENT
LN105270,2025-08,STALE_UPDATE
LN107824,2024-11,DUPLICATE_RECORD
LN106763,2025-09,BALANCE_MISMATCH
LN103584,2025-01,STATUS_INCONSISTENT
LN104045,2025-07,DUPLICATE_RECORD
LN101858,2024-02,STATUS_INCONSISTENT
LN101015,2025-04,BALANCE_MISMATCH
LN106780,2025-07,DOC_GAP
LN103394,2025-12,DATE_INVALID
LN108600,2024-08,STATUS_INCONSISTENT
LN105425,2023-03,BALANCE_MISMATCH
LN106722,2023-09,DOC_GAP
LN104754,2024-03,STATUS_INCONSISTENT
LN107597,2024-01,STATUS_INCONSISTENT
LN107194,2025-08,DATE_INVALID
LN108090,2024-05,STALE_UPDATE
LN106255,2022-09,BALANCE_MISMATCH
LN107248,2025-05,STALE_UPDATE
LN104133,2025-01,DUPLICATE_RECORD
LN103115,2025-07,DUPLICATE_RECORD
LN107719,2025-11,STATUS_INCONSISTENT
LN103281,2025-11,STATUS_INCONSISTENT
LN101597,2024-03,DOC_GAP
LN100357,2025-04,STALE_UPDATE
LN105127,2023-08,DOC_GAP
LN106478,2024-05,BALANCE_MISMATCH
LN104099,2023-09,DOC_GAP
LN104237,2021-11,BALANCE_MISMATCH
LN103453,2025-01,STALE_UPDATE
LN106084,2024-04,BALANCE_MISMATCH
LN106203,2024-04,BALANCE_MISMATCH
LN105962,2024-08,DUPLICATE_RECORD
LN108956,2025-02,DATE_INVALID
LN108664,2024-12,BALANCE_MISMATCH
LN101855,2024-12,DATE_INVALID
LN103621,2025-01,STALE_UPDATE
LN101266,2023-02,DOC_GAP
LN103619,2023-08,DATE_INVALID
LN102322,2025-05,STATUS_INCONSISTENT
LN106118,2025-12,STALE_UPDATE
LN103272,2024-01,DOC_GAP
LN108404,2025-10,BALANCE_MISMATCH
LN100968,2025-10,STALE_UPDATE
LN103922,2024-12,BALANCE_MISMATCH
LN107863,2024-01,DOC_GAP
LN107402,2023-02,STALE_UPDATE
LN103685,2025-04,STALE_UPDATE
LN108698,2023-10,STATUS_INCONSISTENT
LN104079,2025-09,DATE_INVALID
LN101890,2023-12,STALE_UPDATE
LN104388,2024-09,STALE_UPDATE
LN102274,2023-01,DUPLICATE_RECORD
LN107123,2023-07,DATE_INVALID
LN101198,2024-09,BALANCE_MISMATCH
LN103396,2023-11,STATUS_INCONSISTENT
LN100899,2025-08,DUPLICATE_RECORD
LN107457,2024-02,STATUS_INCONSISTENT
LN101810,2024-03,BALANCE_MISMATCH
LN102431,2025-02,STATUS_INCONSISTENT
LN100124,2024-09,DOC_GAP
LN100015,2024-08,STATUS_INCONSISTENT
LN105856,2023-04,BALANCE_MISMATCH
LN106964,2024-08,DOC_GAP
LN104441,2023-04,STATUS_INCONSISTENT
LN108996,2025-05,BALANCE_MISMATCH
LN108281,2024-07,DATE_INVALID
LN103816,2023-05,BALANCE_MISMATCH
LN106722,2024-12,STATUS_INCONSISTENT
LN104656,2023-09,BALANCE_MISMATCH
LN101517,2023-10,BALANCE_MISMATCH
LN101918,2023-04,DUPLICATE_RECORD
LN106710,2024-07,DATE_INVALID
LN102926,2024-05,DOC_GAP
LN103862,2023-06,STATUS_INCONSISTENT
LN104866,2024-11,BALANCE_MISMATCH
LN106335,2024-11,BALANCE_MISMATCH
LN107584,2024-10,STALE_UPDATE
LN102410,2024-04,STATUS_INCONSISTENT
LN102082,2024-09,DATE_INVALID
LN100780,2025-03,BALANCE_MISMATCH
LN104117,2023-01,DOC_GAP
LN106972,2023-04,STATUS_INCONSISTENT
LN100847,2021-09,STATUS_INCONSISTENT
LN105996,2025-12,BALANCE_MISMATCH
LN108652,2024-04,STALE_UPDATE
LN102617,2022-12,DOC_GAP
LN108430,2022-09,DUPLICATE_RECORD
LN102494,2025-06,STATUS_INCONSISTENT
LN106885,2023-07,BALANCE_MISMATCH
LN108202,2025-04,STATUS_INCONSISTENT
LN106552,2024-10,STALE_UPDATE
LN102279,2025-11,DUPLICATE_RECORD
LN108730,2024-04,STATUS_INCONSISTENT
LN105517,2024-10,STATUS_INCONSISTENT
LN101709,2024-07,STATUS_INCONSISTENT
LN101437,2024-08,DUPLICATE_RECORD
LN108380,2022-11,STATUS_INCONSISTENT
LN102963,2022-07,STATUS_INCONSISTENT
LN101442,2025-02,DATE_INVALID
LN104797,2022-05,STATUS_INCONSISTENT
LN103297,2025-03,STATUS_INCONSISTENT
LN106678,2025-05,BALANCE_MISMATCH
LN102650,2025-01,BALANCE_MISMATCH
LN108574,2024-12,DATE_INVALID
LN105995,2025-06,STATUS_INCONSISTENT
LN108128,2024-05,BALANCE_MISMATCH
LN103249,2024-04,DOC_GAP
LN103261,2025-07,STALE_UPDATE
LN101558,2025-10,BALANCE_MISMATCH
LN106746,2023-02,DOC_GAP
LN105404,2023-05,DATE_INVALID
LN106048,2023-03,STATUS_INCONSISTENT
LN104190,2023-05,BALANCE_MISMATCH
LN103253,2025-03,STALE_UPDATE
LN107876,2023-06,STALE_UPDATE
LN106478,2024-11,STATUS_INCONSISTENT
LN107271,2023-09,BALANCE_MISMATCH
LN100414,2023-11,STATUS_INCONSISTENT
LN101847,2025-06,STALE_UPDATE
LN104978,2024-09,BALANCE_MISMATCH
LN101290,2024-07,DUPLICATE_RECORD
LN105535,2024-12,DUPLICATE_RECORD
LN102501,2023-01,STALE_UPDATE
LN105555,2023-06,BALANCE_MISMATCH
LN108723,2025-06,DOC_GAP
LN103302,2025-10,DATE_INVALID
LN100978,2024-01,DATE_INVALID
LN105289,2024-03,STATUS_INCONSISTENT
LN105689,2025-01,STATUS_INCONSISTENT
LN107552,2023-04,DOC_GAP
LN104452,2025-10,DATE_INVALID
LN103564,2025-05,BALANCE_MISMATCH
LN106846,2022-12,DOC_GAP
LN107923,2024-05,DOC_GAP
LN103611,2025-03,DATE_INVALID
LN103332,2023-10,STALE_UPDATE
LN100858,2024-10,DUPLICATE_RECORD
LN104709,2024-06,STATUS_INCONSISTENT
LN108178,2025-01,DUPLICATE_RECORD
LN105679,2024-12,STATUS_INCONSISTENT
LN101787,2022-07,BALANCE_MISMATCH
LN108811,2024-03,STALE_UPDATE
LN106862,2023-11,STALE_UPDATE
LN107975,2023-05,DUPLICATE_RECORD
LN105116,2022-06,STALE_UPDATE
LN100900,2023-07,DATE_INVALID
LN108575,2023-09,STALE_UPDATE
LN105928,2022-02,BALANCE_MISMATCH
LN102409,2025-02,STATUS_INCONSISTENT
LN106524,2025-09,STALE_UPDATE
LN106961,2025-02,BALANCE_MISMATCH
LN101893,2025-09,STATUS_INCONSISTENT
LN101597,2025-12,STATUS_INCONSISTENT
LN107018,2024-10,STATUS_INCONSISTENT
LN103207,2024-06,DATE_INVALID
LN108075,2024-09,STALE_UPDATE
LN108247,2024-05,BALANCE_MISMATCH
LN100183,2025-04,STATUS_INCONSISTENT
LN100479,2022-01,STATUS_INCONSISTENT
LN103037,2023-06,DOC_GAP
LN104915,2025-04,DUPLICATE_RECORD
LN102602,2025-04,STALE_UPDATE
LN100838,2022-05,DATE_INVALID
LN103028,2025-11,STATUS_INCONSISTENT
LN105133,2023-03,DATE_INVALID
LN104479,2023-10,STALE_UPDATE
LN104945,2024-10,STALE_UPDATE
LN102816,2024-10,BALANCE_MISMATCH
LN105610,2025-08,DUPLICATE_RECORD
LN106274,2024-08,DUPLICATE_RECORD
LN102336,2023-04,DOC_GAP
LN102853,2025-01,BALANCE_MISMATCH
LN100130,2024-03,BALANCE_MISMATCH
LN104128,2024-12,DOC_GAP
LN106514,2025-03,STATUS_INCONSISTENT
LN106202,2022-09,STATUS_INCONSISTENT
LN108027,2022-12,BALANCE_MISMATCH
LN103264,2024-04,STATUS_INCONSISTENT
LN107763,2025-06,BALANCE_MISMATCH
LN104843,2022-05,STALE_UPDATE
LN107033,2025-08,BALANCE_MISMATCH
LN107033,2025-03,DATE_INVALID
LN103446,2025-02,DOC_GAP
LN103032,2024-03,DUPLICATE_RECORD
LN101730,2024-04,DATE_INVALID
LN101306,2025-11,DOC_GAP
LN104059,2024-08,BALANCE_MISMATCH
LN107489,2024-07,DATE_INVALID
LN101996,2024-01,DUPLICATE_RECORD
LN105398,2025-09,DUPLICATE_RECORD
LN107030,2024-09,BALANCE_MISMATCH
LN101580,2023-01,DOC_GAP
LN103669,2024-11,STALE_UPDATE
LN102704,2024-05,DOC_GAP
LN102170,2022-01,BALANCE_MISMATCH
LN107699,2024-05,BALANCE_MISMATCH
LN102121,2025-05,DOC_GAP
LN105340,2024-08,STATUS_INCONSISTENT
LN103372,2023-05,STATUS_INCONSISTENT
LN101317,2024-06,BALANCE_MISMATCH
LN105250,2022-02,DOC_GAP
LN101572,2024-01,STATUS_INCONSISTENT
LN100020,2024-02,DATE_INVALID
LN105259,2024-05,BALANCE_MISMATCH
LN107204,2024-05,DATE_INVALID
LN101788,2024-06,STATUS_INCONSISTENT
LN103467,2024-05,DATE_INVALID
LN101805,2025-04,STALE_UPDATE
LN103655,2025-01,STALE_UPDATE
LN104167,2025-05,DOC_GAP
LN104927,2024-02,BALANCE_MISMATCH
LN103193,2022-08,BALANCE_MISMATCH
LN100997,2025-01,DUPLICATE_RECORD
LN108913,2023-09,BALANCE_MISMATCH
LN106866,2023-01,STATUS_INCONSISTENT
LN103107,2025-02,STATUS_INCONSISTENT
LN100460,2024-04,STALE_UPDATE
LN105618,2025-07,BALANCE_MISMATCH
LN100664,2025-10,STATUS_INCONSISTENT
LN104159,2025-09,STALE_UPDATE
LN100511,2024-07,STALE_UPDATE
LN105838,2024-04,BALANCE_MISMATCH
LN106942,2024-07,STATUS_INCONSISTENT
LN101360,2022-03,STALE_UPDATE
LN101957,2024-01,STATUS_INCONSISTENT
LN105943,2025-09,DATE_INVALID
LN101514,2023-09,STALE_UPDATE
LN104893,2022-05,BALANCE_MISMATCH
LN108779,2025-06,DUPLICATE_RECORD
LN104861,2025-11,STALE_UPDATE
LN105138,2022-11,STALE_UPDATE
LN106217,2024-01,DUPLICATE_RECORD
LN102670,2025-04,STALE_UPDATE
LN107535,2022-12,BALANCE_MISMATCH
LN107035,2022-06,DUPLICATE_RECORD
LN105815,2024-04,STATUS_INCONSISTENT
LN101525,2022-09,DUPLICATE_RECORD
LN103791,2023-04,DATE_INVALID
LN105453,2024-04,DOC_GAP
LN104632,2024-09,STATUS_INCONSISTENT
LN107975,2024-05,STALE_UPDATE
LN107780,2025-03,STATUS_INCONSISTENT
LN100262,2023-07,BALANCE_MISMATCH
LN101903,2025-02,STATUS_INCONSISTENT
LN105738,2022-06,DATE_INVALID
LN102984,2024-11,DATE_INVALID
LN100486,2024-05,STATUS_INCONSISTENT
LN103834,2023-06,STALE_UPDATE
LN103043,2025-12,STATUS_INCONSISTENT
LN107219,2024-02,BALANCE_MISMATCH
LN107528,2025-12,STATUS_INCONSISTENT
LN100248,2025-12,BALANCE_MISMATCH
LN107236,2025-06,STATUS_INCONSISTENT
LN107065,2023-09,DOC_GAP
LN102460,2024-09,STALE_UPDATE
LN108377,2021-10,DOC_GAP
LN101662,2024-10,DUPLICATE_RECORD
LN108394,2022-06,STALE_UPDATE
LN100384,2023-11,DATE_INVALID
LN106328,2025-05,STALE_UPDATE
LN104636,2025-03,BALANCE_MISMATCH
LN103733,2025-02,DOC_GAP
LN100305,2023-10,STATUS_INCONSISTENT
LN107969,2024-08,DUPLICATE_RECORD
LN102171,2025-01,STALE_UPDATE
LN101669,2024-01,BALANCE_MISMATCH
LN106539,2024-12,BALANCE_MISMATCH
LN100804,2025-12,DOC_GAP
LN108476,2025-04,BALANCE_MISMATCH
LN107089,2023-12,BALANCE_MISMATCH
LN102237,2023-11,STALE_UPDATE
LN107625,2025-05,STALE_UPDATE
LN102763,2023-02,BALANCE_MISMATCH
LN106188,2024-02,STALE_UPDATE
LN106773,2024-01,DUPLICATE_RECORD
LN100975,2025-06,STALE_UPDATE
LN104229,2025-09,BALANCE_MISMATCH
LN103123,2024-02,DOC_GAP
LN102810,2023-08,DUPLICATE_RECORD
LN108150,2024-05,BALANCE_MISMATCH
LN103083,2025-02,STATUS_INCONSISTENT
LN105779,2022-07,BALANCE_MISMATCH
LN101420,2024-12,DOC_GAP
LN101773,2023-04,BALANCE_MISMATCH
LN103164,2023-08,DUPLICATE_RECORD
LN102156,2023-09,DATE_INVALID
LN101128,2025-05,DUPLICATE_RECORD
LN104580,2024-02,BALANCE_MISMATCH
LN100273,2025-01,BALANCE_MISMATCH
LN106115,2025-05,BALANCE_MISMATCH
LN101668,2024-02,DATE_INVALID
LN108750,2025-09,STATUS_INCONSISTENT
LN101531,2022-03,STATUS_INCONSISTENT
LN101240,2023-09,STATUS_INCONSISTENT
LN107742,2024-06,BALANCE_MISMATCH
LN104708,2025-12,STATUS_INCONSISTENT
LN102161,2023-11,DATE_INVALID
LN104111,2025-04,STALE_UPDATE
LN108208,2023-05,DATE_INVALID
LN100086,2025-07,BALANCE_MISMATCH
LN102426,2022-04,STATUS_INCONSISTENT
LN106885,2025-05,STATUS_INCONSISTENT
LN100972,2023-03,BALANCE_MISMATCH
LN103169,2024-05,DATE_INVALID
LN104110,2024-11,DATE_INVALID
LN105190,2024-03,BALANCE_MISMATCH
LN102343,2024-09,BALANCE_MISMATCH
LN108150,2025-06,DATE_INVALID
LN100194,2025-01,BALANCE_MISMATCH
LN106752,2025-12,STALE_UPDATE
LN108598,2024-04,STALE_UPDATE
LN107792,2025-01,STALE_UPDATE
LN101676,2024-04,DUPLICATE_RECORD
LN105215,2025-04,DUPLICATE_RECORD
LN103821,2023-11,BALANCE_MISMATCH
LN107543,2025-08,DOC_GAP
LN103800,2025-12,STATUS_INCONSISTENT
LN101676,2023-04,BALANCE_MISMATCH
LN101075,2023-04,STALE_UPDATE
LN100956,2024-09,DUPLICATE_RECORD
LN103857,2024-11,DATE_INVALID
LN105535,2025-07,DUPLICATE_RECORD
LN101451,2021-10,STALE_UPDATE
LN103257,2022-05,DATE_INVALID
LN103387,2024-06,STALE_UPDATE
LN104633,2024-12,DATE_INVALID
LN100101,2024-04,DOC_GAP
LN103245,2024-07,STALE_UPDATE
LN108153,2024-04,BALANCE_MISMATCH
LN102057,2024-08,BALANCE_MISMATCH
LN101879,2022-06,STATUS_INCONSISTENT
LN100568,2024-10,STALE_UPDATE
LN105679,2024-01,DOC_GAP
LN100823,2024-10,DUPLICATE_RECORD
LN108133,2022-09,BALANCE_MISMATCH
LN104180,2024-06,STATUS_INCONSISTENT
LN107757,2024-08,STATUS_INCONSISTENT
LN101826,2021-11,STATUS_INCONSISTENT
LN103624,2025-02,STATUS_INCONSISTENT
LN108006,2023-09,STALE_UPDATE
LN102283,2025-03,DUPLICATE_RECORD
LN104649,2023-09,DOC_GAP
LN105745,2022-06,BALANCE_MISMATCH
LN102504,2021-11,STALE_UPDATE
LN104623,2022-11,STALE_UPDATE
LN102558,2024-03,DUPLICATE_RECORD
LN101247,2024-10,STALE_UPDATE
LN103356,2022-08,DOC_GAP
LN104930,2023-10,DATE_INVALID
LN108616,2025-09,STATUS_INCONSISTENT
LN100522,2025-10,DOC_GAP
LN106049,2023-06,DATE_INVALID
LN106592,2025-09,BALANCE_MISMATCH
LN107912,2025-09,BALANCE_MISMATCH
LN101507,2024-10,STATUS_INCONSISTENT
LN105521,2024-11,DATE_INVALID
LN103800,2025-01,BALANCE_MISMATCH
LN108518,2024-12,DATE_INVALID
LN100789,2022-03,STATUS_INCONSISTENT
LN104493,2025-01,STALE_UPDATE
LN106312,2025-09,DATE_INVALID
LN107036,2022-12,STATUS_INCONSISTENT
LN106433,2023-02,STALE_UPDATE
LN103536,2021-10,BALANCE_MISMATCH
LN100827,2025-07,STATUS_INCONSISTENT
LN108310,2023-12,BALANCE_MISMATCH
LN103203,2024-08,DOC_GAP
LN102806,2023-09,STALE_UPDATE
LN107830,2024-06,STALE_UPDATE
LN107958,2025-03,BALANCE_MISMATCH
LN106507,2024-06,BALANCE_MISMATCH
LN100086,2025-06,DATE_INVALID
LN104323,2022-12,DOC_GAP
LN105799,2023-08,STATUS_INCONSISTENT
LN106199,2022-12,BALANCE_MISMATCH
LN105749,2025-06,BALANCE_MISMATCH
LN105552,2024-07,BALANCE_MISMATCH
LN101386,2025-12,BALANCE_MISMATCH
LN105428,2024-12,STALE_UPDATE
LN103734,2022-12,DATE_INVALID
LN103399,2025-07,STALE_UPDATE
LN100700,2024-10,BALANCE_MISMATCH
LN101574,2025-12,DOC_GAP
LN108230,2022-08,BALANCE_MISMATCH
LN101904,2024-09,DOC_GAP
LN108071,2024-06,DUPLICATE_RECORD
LN101983,2024-07,DUPLICATE_RECORD
LN106367,2023-07,STATUS_INCONSISTENT
LN104265,2025-12,BALANCE_MISMATCH
LN105627,2023-05,STALE_UPDATE
LN100847,2022-07,DUPLICATE_RECORD
LN100695,2024-08,DOC_GAP
LN108164,2025-09,BALANCE_MISMATCH
LN104009,2024-02,BALANCE_MISMATCH
LN103970,2024-07,STALE_UPDATE
LN104165,2025-08,STATUS_INCONSISTENT
LN104255,2022-08,DOC_GAP
LN105699,2024-10,STATUS_INCONSISTENT
LN102833,2024-02,BALANCE_MISMATCH
LN106521,2025-08,BALANCE_MISMATCH
LN101483,2025-11,STALE_UPDATE
LN104805,2025-07,DUPLICATE_RECORD
LN106869,2023-01,DOC_GAP
LN106867,2024-04,BALANCE_MISMATCH
LN106229,2024-08,STATUS_INCONSISTENT
LN107398,2021-08,DUPLICATE_RECORD
LN106971,2024-09,STALE_UPDATE
LN102390,2023-06,DOC_GAP
LN107295,2022-12,DUPLICATE_RECORD
LN105268,2025-09,STATUS_INCONSISTENT
LN105353,2025-12,STATUS_INCONSISTENT
LN104557,2024-07,BALANCE_MISMATCH
LN104667,2025-01,STALE_UPDATE
LN108847,2025-11,DUPLICATE_RECORD
LN105048,2024-09,DUPLICATE_RECORD
LN100119,2022-07,DOC_GAP
LN105087,2024-04,STATUS_INCONSISTENT
LN106301,2022-02,STATUS_INCONSISTENT
LN101918,2023-08,STATUS_INCONSISTENT
LN103526,2024-08,BALANCE_MISMATCH
LN104486,2024-07,DATE_INVALID
LN103987,2025-02,STALE_UPDATE
LN100073,2024-06,STATUS_INCONSISTENT
LN100064,2023-11,STALE_UPDATE
LN100965,2023-10,STATUS_INCONSISTENT
LN105881,2025-09,STATUS_INCONSISTENT
LN105990,2023-12,STATUS_INCONSISTENT
LN101428,2025-05,DUPLICATE_RECORD
LN105030,2024-04,DATE_INVALID
LN104865,2025-04,DOC_GAP
LN105760,2023-07,DATE_INVALID
LN101861,2024-02,STALE_UPDATE
LN105503,2025-08,DOC_GAP
LN105095,2025-05,STATUS_INCONSISTENT
LN106633,2025-04,DATE_INVALID
LN108844,2025-04,BALANCE_MISMATCH
LN100278,2022-05,BALANCE_MISMATCH
LN108826,2024-05,DOC_GAP
LN108604,2025-03,DATE_INVALID
LN101775,2024-01,DATE_INVALID
LN106748,2023-08,DATE_INVALID
LN100235,2024-12,DOC_GAP
LN104139,2023-07,DOC_GAP
LN102384,2025-12,STATUS_INCONSISTENT
LN104541,2025-10,STATUS_INCONSISTENT
LN107597,2025-05,DUPLICATE_RECORD
LN102033,2025-06,STATUS_INCONSISTENT
LN101180,2024-11,STATUS_INCONSISTENT
LN101810,2024-07,BALANCE_MISMATCH
LN101075,2024-07,DATE_INVALID
LN104130,2023-05,DOC_GAP
LN104411,2025-06,BALANCE_MISMATCH
LN106771,2024-06,BALANCE_MISMATCH
LN100484,2023-06,BALANCE_MISMATCH
LN105815,2022-03,STALE_UPDATE
LN106861,2024-07,STATUS_INCONSISTENT
LN108465,2024-06,BALANCE_MISMATCH
LN103917,2024-07,STALE_UPDATE
LN107523,2025-09,DOC_GAP
LN104750,2024-09,DOC_GAP
LN101966,2024-05,STATUS_INCONSISTENT
LN105071,2023-09,BALANCE_MISMATCH
LN101727,2023-10,DOC_GAP
LN102711,2025-02,STATUS_INCONSISTENT
LN105965,2024-03,STATUS_INCONSISTENT
LN105089,2024-09,STALE_UPDATE
LN105829,2025-06,STALE_UPDATE
LN106946,2023-10,STATUS_INCONSISTENT
LN102251,2024-04,STALE_UPDATE
LN103655,2023-03,STATUS_INCONSISTENT
LN100263,2025-11,DATE_INVALID
LN108378,2025-08,STATUS_INCONSISTENT
LN108675,2021-10,BALANCE_MISMATCH
LN105907,2025-07,BALANCE_MISMATCH
LN107642,2025-06,DUPLICATE_RECORD
LN107591,2024-02,DATE_INVALID
LN101479,2025-08,STATUS_INCONSISTENT
LN106062,2023-04,BALANCE_MISMATCH
LN104885,2023-07,DUPLICATE_RECORD
LN106705,2023-02,BALANCE_MISMATCH
LN104242,2025-02,DATE_INVALID
LN106053,2022-09,DOC_GAP
LN108731,2025-09,STALE_UPDATE
LN107652,2023-01,STALE_UPDATE
LN102922,2024-11,STALE_UPDATE
LN102091,2024-12,STATUS_INCONSISTENT
LN106531,2022-11,STATUS_INCONSISTENT
LN106905,2022-06,STATUS_INCONSISTENT
LN103143,2024-12,STATUS_INCONSISTENT
LN106456,2022-10,STALE_UPDATE
LN108365,2024-06,DOC_GAP
LN106660,2025-09,DUPLICATE_RECORD
LN104005,2025-03,STATUS_INCONSISTENT
LN100294,2025-03,BALANCE_MISMATCH
LN108750,2022-09,BALANCE_MISMATCH
LN106123,2023-05,STALE_UPDATE
LN107105,2022-09,BALANCE_MISMATCH
LN107319,2023-09,DOC_GAP
LN102967,2024-04,DUPLICATE_RECORD
LN105401,2024-10,DATE_INVALID
LN106519,2022-08,BALANCE_MISMATCH
LN104960,2023-12,BALANCE_MISMATCH
LN106460,2024-11,BALANCE_MISMATCH
LN101077,2022-07,STALE_UPDATE
LN104301,2024-03,STATUS_INCONSISTENT
LN103848,2024-10,BALANCE_MISMATCH
LN104739,2025-03,STATUS_INCONSISTENT
LN102262,2021-08,STALE_UPDATE
LN101654,2022-09,BALANCE_MISMATCH
LN104990,2024-04,STALE_UPDATE
LN100142,2024-04,DOC_GAP
LN108771,2025-02,BALANCE_MISMATCH
LN105548,2022-07,BALANCE_MISMATCH
LN100258,2022-10,DUPLICATE_RECORD
LN105994,2025-05,STALE_UPDATE
LN108556,2025-10,BALANCE_MISMATCH
LN104145,2023-06,BALANCE_MISMATCH
LN108463,2022-07,DATE_INVALID
LN100938,2024-02,DATE_INVALID
LN108490,2023-06,STALE_UPDATE
LN105320,2025-07,STALE_UPDATE
LN103470,2022-08,DATE_INVALID
LN101357,2025-12,STATUS_INCONSISTENT
LN103889,2025-05,BALANCE_MISMATCH
LN105741,2024-11,STALE_UPDATE
LN107912,2023-04,DUPLICATE_RECORD
LN106412,2022-01,STATUS_INCONSISTENT
LN106540,2025-11,STATUS_INCONSISTENT
LN105838,2024-12,BALANCE_MISMATCH
LN104904,2025-07,BALANCE_MISMATCH
LN102355,2023-09,STATUS_INCONSISTENT
LN101012,2023-11,DOC_GAP
LN102681,2024-09,BALANCE_MISMATCH
LN103306,2023-09,DOC_GAP
LN103264,2025-08,BALANCE_MISMATCH
LN106204,2022-01,DOC_GAP
LN105362,2023-07,DUPLICATE_RECORD
LN101966,2024-06,DOC_GAP
LN102604,2024-02,DUPLICATE_RECORD
LN101753,2025-11,STATUS_INCONSISTENT
LN100568,2024-11,STATUS_INCONSISTENT
LN106052,2025-12,STATUS_INCONSISTENT
LN102480,2024-03,DATE_INVALID
LN105386,2022-10,STALE_UPDATE
LN104762,2023-01,STALE_UPDATE
LN103463,2022-11,STATUS_INCONSISTENT
LN105900,2024-11,DOC_GAP
LN107599,2023-11,STALE_UPDATE
LN104074,2023-10,DUPLICATE_RECORD
LN102032,2022-06,STATUS_INCONSISTENT
LN106239,2023-10,DATE_INVALID
LN103051,2022-04,DOC_GAP
LN101560,2023-02,DATE_INVALID
LN104490,2025-01,STATUS_INCONSISTENT
LN102967,2025-09,DUPLICATE_RECORD
LN105358,2023-03,BALANCE_MISMATCH
LN106497,2025-08,DATE_INVALID
LN106687,2024-10,STALE_UPDATE
LN108824,2025-03,BALANCE_MISMATCH
LN108237,2023-05,STALE_UPDATE
LN105384,2025-12,STATUS_INCONSISTENT
LN106453,2023-12,DATE_INVALID
LN104745,2023-12,STALE_UPDATE
LN102713,2023-10,DATE_INVALID
LN100468,2022-08,STALE_UPDATE
LN108281,2023-04,STATUS_INCONSISTENT
LN100220,2025-07,BALANCE_MISMATCH
LN107585,2021-11,DUPLICATE_RECORD
LN102913,2023-11,DOC_GAP
LN108430,2024-12,DATE_INVALID
LN105095,2024-08,BALANCE_MISMATCH
LN106165,2025-12,BALANCE_MISMATCH
LN106983,2024-10,DATE_INVALID
LN102948,2024-03,DATE_INVALID
LN104841,2023-10,STATUS_INCONSISTENT
LN101394,2022-07,DATE_INVALID
LN108375,2023-10,STATUS_INCONSISTENT
LN101288,2023-11,BALANCE_MISMATCH
LN104743,2024-02,STALE_UPDATE
LN101854,2023-08,BALANCE_MISMATCH
LN100473,2025-03,STATUS_INCONSISTENT
LN104945,2024-01,BALANCE_MISMATCH
LN103834,2024-06,BALANCE_MISMATCH
LN103764,2025-08,STALE_UPDATE
LN106536,2024-06,DATE_INVALID
LN108990,2022-01,STALE_UPDATE
LN105963,2022-08,DOC_GAP
LN104015,2022-09,STALE_UPDATE
LN103294,2023-08,BALANCE_MISMATCH
LN105935,2025-07,STATUS_INCONSISTENT
LN108550,2025-12,DATE_INVALID
LN100589,2025-06,DATE_INVALID
LN104004,2024-08,STATUS_INCONSISTENT
LN106448,2022-05,DATE_INVALID
LN105165,2023-03,STALE_UPDATE
LN106673,2025-06,STALE_UPDATE
LN106252,2023-09,STATUS_INCONSISTENT
LN107330,2024-07,STATUS_INCONSISTENT
LN106182,2025-02,STALE_UPDATE
LN105178,2025-10,STALE_UPDATE
LN102344,2025-07,BALANCE_MISMATCH
LN100700,2025-03,BALANCE_MISMATCH
LN103074,2024-05,BALANCE_MISMATCH
LN108949,2025-01,BALANCE_MISMATCH
LN107225,2025-05,BALANCE_MISMATCH
LN100895,2025-07,STATUS_INCONSISTENT
LN101730,2024-07,STALE_UPDATE
LN100198,2025-12,DUPLICATE_RECORD
LN106572,2022-09,STALE_UPDATE
LN100603,2022-07,DOC_GAP
LN100033,2025-08,STALE_UPDATE
LN103343,2025-06,DUPLICATE_RECORD
LN106499,2023-02,STALE_UPDATE
LN104916,2022-02,STATUS_INCONSISTENT
LN101012,2025-09,STALE_UPDATE
LN106111,2023-05,BALANCE_MISMATCH
LN108625,2024-06,DATE_INVALID
LN107862,2025-10,DOC_GAP
LN102972,2024-04,DATE_INVALID
LN106457,2025-12,DATE_INVALID
LN101293,2023-08,DOC_GAP
LN100488,2024-05,STALE_UPDATE
LN104782,2023-08,BALANCE_MISMATCH
LN101148,2023-12,DOC_GAP
LN104275,2025-05,BALANCE_MISMATCH
LN105377,2024-11,STATUS_INCONSISTENT
LN107310,2025-08,STATUS_INCONSISTENT
LN106779,2025-08,STATUS_INCONSISTENT
LN107805,2024-02,DUPLICATE_RECORD
LN105032,2024-12,STATUS_INCONSISTENT
LN102722,2022-07,STATUS_INCONSISTENT
LN100484,2024-05,BALANCE_MISMATCH
LN106032,2024-04,BALANCE_MISMATCH
LN102035,2025-02,DUPLICATE_RECORD
LN103119,2025-05,STATUS_INCONSISTENT
LN107719,2023-11,DOC_GAP
LN102855,2022-05,STATUS_INCONSISTENT
LN106228,2023-08,DOC_GAP
LN105699,2022-10,STATUS_INCONSISTENT
LN101367,2024-02,DATE_INVALID
LN108083,2025-06,STATUS_INCONSISTENT
LN104948,2023-04,STATUS_INCONSISTENT
LN100766,2023-11,DUPLICATE_RECORD
LN101373,2025-09,STATUS_INCONSISTENT
LN101004,2025-04,STATUS_INCONSISTENT
LN103255,2024-01,STATUS_INCONSISTENT
LN104886,2025-06,DOC_GAP
LN104678,2023-11,STATUS_INCONSISTENT
LN107574,2024-09,DOC_GAP
LN108911,2023-05,STATUS_INCONSISTENT
LN101049,2024-04,DATE_INVALID
LN103826,2025-07,STATUS_INCONSISTENT
LN100791,2024-11,BALANCE_MISMATCH
LN101806,2025-01,BALANCE_MISMATCH
LN102196,2025-12,STATUS_INCONSISTENT
LN104064,2025-12,DUPLICATE_RECORD
LN105095,2023-10,DUPLICATE_RECORD
LN104155,2023-11,DATE_INVALID
LN104172,2023-04,DOC_GAP
LN107437,2025-07,STATUS_INCONSISTENT
LN101113,2022-09,STATUS_INCONSISTENT
LN106205,2025-03,DATE_INVALID
LN102487,2021-12,DOC_GAP
LN106195,2025-04,DOC_GAP
LN104623,2021-10,STATUS_INCONSISTENT
LN108557,2024-10,STALE_UPDATE
LN103457,2024-06,DUPLICATE_RECORD
LN104302,2024-06,BALANCE_MISMATCH
LN103625,2025-08,DUPLICATE_RECORD
LN108355,2025-01,BALANCE_MISMATCH
LN107226,2024-11,BALANCE_MISMATCH
LN102422,2024-08,DOC_GAP
LN107450,2025-11,DATE_INVALID
LN106835,2024-04,STATUS_INCONSISTENT
LN105718,2025-01,DATE_INVALID
LN106715,2024-07,STATUS_INCONSISTENT
LN101628,2023-06,DOC_GAP
LN103575,2025-01,STATUS_INCONSISTENT
LN100493,2025-04,DATE_INVALID
LN102323,2024-02,DUPLICATE_RECORD
LN101326,2024-10,STATUS_INCONSISTENT
LN104489,2024-12,STALE_UPDATE
LN108217,2025-03,BALANCE_MISMATCH
LN105898,2025-10,STALE_UPDATE
LN107597,2023-06,STATUS_INCONSISTENT
LN100029,2024-09,DOC_GAP
LN103649,2024-01,BALANCE_MISMATCH
LN104991,2024-04,STALE_UPDATE
LN100761,2025-10,BALANCE_MISMATCH
LN108458,2023-01,STATUS_INCONSISTENT
LN104186,2024-05,BALANCE_MISMATCH
LN105421,2024-12,STALE_UPDATE
LN100329,2025-06,STALE_UPDATE
LN107096,2025-10,DATE_INVALID
LN100693,2025-01,BALANCE_MISMATCH
LN105712,2024-09,DOC_GAP
LN100809,2025-10,STATUS_INCONSISTENT
LN107718,2023-07,STALE_UPDATE
LN106467,2021-11,BALANCE_MISMATCH
LN102514,2025-12,BALANCE_MISMATCH
LN100000,2024-06,DATE_INVALID
LN101144,2023-08,DUPLICATE_RECORD
LN104043,2024-02,BALANCE_MISMATCH
LN103398,2021-07,STALE_UPDATE
LN103080,2025-01,BALANCE_MISMATCH
LN104204,2024-04,BALANCE_MISMATCH
LN104668,2024-12,DATE_INVALID
LN102009,2023-09,BALANCE_MISMATCH
LN106669,2024-08,DATE_INVALID
LN104416,2023-11,DOC_GAP
LN105601,2025-11,BALANCE_MISMATCH
LN108385,2025-02,BALANCE_MISMATCH
LN102595,2025-06,DUPLICATE_RECORD
LN101412,2023-09,BALANCE_MISMATCH
LN101478,2025-02,DOC_GAP
LN106882,2025-02,DATE_INVALID
LN103706,2023-12,STATUS_INCONSISTENT
LN103363,2025-01,STATUS_INCONSISTENT
LN107320,2024-03,DATE_INVALID
LN104025,2024-12,STALE_UPDATE
LN108505,2023-11,STALE_UPDATE
LN101184,2023-02,DUPLICATE_RECORD
LN106814,2023-12,DATE_INVALID
LN104590,2024-11,BALANCE_MISMATCH
LN107572,2022-08,STALE_UPDATE
LN103601,2025-07,DUPLICATE_RECORD
LN102853,2022-01,DATE_INVALID
LN100583,2022-10,STATUS_INCONSISTENT
LN103810,2025-11,DATE_INVALID
LN102510,2024-04,STALE_UPDATE
LN108273,2024-11,DOC_GAP
LN100888,2022-03,BALANCE_MISMATCH
LN101933,2025-05,STATUS_INCONSISTENT
LN105001,2024-01,BALANCE_MISMATCH
LN102144,2025-11,BALANCE_MISMATCH
LN101604,2023-02,DATE_INVALID
LN102504,2023-12,STALE_UPDATE
LN105843,2022-07,STALE_UPDATE
LN103580,2025-08,BALANCE_MISMATCH
LN107869,2025-05,BALANCE_MISMATCH
LN105347,2025-07,DATE_INVALID
LN105627,2023-08,STATUS_INCONSISTENT
LN107138,2023-03,STALE_UPDATE
LN108642,2025-03,DOC_GAP
LN107294,2024-04,STALE_UPDATE
LN107134,2024-04,BALANCE_MISMATCH
LN106568,2025-06,DUPLICATE_RECORD
LN103416,2024-06,DATE_INVALID
LN102102,2024-04,DUPLICATE_RECORD
LN102882,2024-05,DATE_INVALID
LN108913,2025-10,STATUS_INCONSISTENT
LN104125,2023-04,STATUS_INCONSISTENT
LN102297,2024-11,DUPLICATE_RECORD
LN103016,2023-10,STATUS_INCONSISTENT
LN104889,2025-11,STALE_UPDATE
LN102373,2024-01,STALE_UPDATE
LN101638,2025-09,STATUS_INCONSISTENT
LN101654,2022-07,BALANCE_MISMATCH
LN108222,2024-11,DATE_INVALID
LN103568,2024-09,BALANCE_MISMATCH
LN101336,2025-04,DUPLICATE_RECORD
LN108211,2022-08,STALE_UPDATE
LN103975,2025-03,BALANCE_MISMATCH
LN103903,2024-06,STALE_UPDATE
LN103823,2022-12,STALE_UPDATE
LN108433,2025-11,DOC_GAP
LN102355,2022-12,BALANCE_MISMATCH
LN103211,2024-03,DATE_INVALID
LN104722,2024-10,DOC_GAP
LN101226,2023-03,DATE_INVALID
LN103416,2024-01,DATE_INVALID
LN105950,2024-09,BALANCE_MISMATCH
LN103005,2024-07,STALE_UPDATE
LN101487,2023-07,DATE_INVALID
LN107897,2025-05,STATUS_INCONSISTENT
LN108043,2024-10,STALE_UPDATE
LN106141,2023-05,DOC_GAP
LN106565,2023-08,BALANCE_MISMATCH
LN105945,2022-03,DOC_GAP
LN107411,2025-01,STATUS_INCONSISTENT
LN106301,2022-08,STATUS_INCONSISTENT
LN101893,2025-02,STALE_UPDATE
LN100820,2023-01,STALE_UPDATE
LN104930,2022-02,STATUS_INCONSISTENT
LN105645,2022-03,BALANCE_MISMATCH
LN104947,2024-06,DOC_GAP
LN102752,2024-06,STATUS_INCONSISTENT
LN106042,2024-05,DUPLICATE_RECORD
LN102088,2025-07,STALE_UPDATE
LN103715,2024-10,BALANCE_MISMATCH
LN104610,2023-03,STALE_UPDATE
LN102035,2025-05,BALANCE_MISMATCH
LN108346,2024-10,DUPLICATE_RECORD
LN107381,2025-04,DOC_GAP
LN105035,2023-01,STATUS_INCONSISTENT
LN104647,2024-05,STATUS_INCONSISTENT
LN102308,2023-08,DUPLICATE_RECORD
LN108563,2023-01,DATE_INVALID
LN104003,2023-06,BALANCE_MISMATCH
LN107890,2022-07,DATE_INVALID
LN103420,2025-10,STATUS_INCONSISTENT
LN100701,2024-11,STATUS_INCONSISTENT
LN102982,2024-08,STALE_UPDATE
LN102192,2024-11,BALANCE_MISMATCH
LN101434,2025-03,DUPLICATE_RECORD
LN103054,2025-12,STALE_UPDATE
LN106258,2024-05,STATUS_INCONSISTENT
LN100604,2025-04,DATE_INVALID
LN103922,2023-10,BALANCE_MISMATCH
LN108324,2025-03,STATUS_INCONSISTENT
LN101969,2022-12,STALE_UPDATE
LN108042,2025-01,BALANCE_MISMATCH
LN105950,2025-11,STATUS_INCONSISTENT
LN107725,2024-01,DOC_GAP
LN102415,2025-07,STALE_UPDATE
LN107281,2025-07,STALE_UPDATE
LN100831,2023-04,DATE_INVALID
LN102356,2024-09,BALANCE_MISMATCH
LN105482,2022-07,DATE_INVALID
LN108147,2023-11,DOC_GAP
LN102575,2024-06,DOC_GAP
LN107399,2023-04,BALANCE_MISMATCH
LN100978,2022-10,BALANCE_MISMATCH
LN106653,2024-12,STATUS_INCONSISTENT
LN102661,2024-09,BALANCE_MISMATCH
LN108776,2025-05,BALANCE_MISMATCH
LN105258,2025-08,DOC_GAP
LN105210,2025-02,DOC_GAP
LN108674,2024-11,DATE_INVALID
LN108934,2023-04,STATUS_INCONSISTENT
LN103906,2025-02,STATUS_INCONSISTENT
LN108932,2025-12,STALE_UPDATE
LN105018,2025-02,STATUS_INCONSISTENT
LN105011,2022-10,BALANCE_MISMATCH
LN100076,2022-11,DOC_GAP
LN104927,2024-07,BALANCE_MISMATCH
LN100500,2023-01,DATE_INVALID
LN107355,2023-07,DATE_INVALID
LN103520,2024-05,DOC_GAP
LN102726,2025-09,STALE_UPDATE
LN101174,2021-08,BALANCE_MISMATCH
LN101058,2024-12,STATUS_INCONSISTENT
LN102961,2023-10,DATE_INVALID
LN100279,2023-09,DATE_INVALID
LN105298,2022-08,STATUS_INCONSISTENT
LN105916,2024-06,DATE_INVALID
LN100552,2025-12,STATUS_INCONSISTENT
LN104433,2022-04,DOC_GAP
LN106337,2025-06,DUPLICATE_RECORD
LN105955,2024-11,DUPLICATE_RECORD
LN108019,2023-08,STALE_UPDATE
LN100255,2024-08,BALANCE_MISMATCH
LN102575,2023-06,DOC_GAP
LN107755,2024-11,DOC_GAP
LN108559,2024-03,STATUS_INCONSISTENT
LN104842,2024-09,BALANCE_MISMATCH
LN108639,2023-04,BALANCE_MISMATCH
LN108266,2023-01,STALE_UPDATE
LN107099,2024-12,STATUS_INCONSISTENT
LN103356,2022-12,DATE_INVALID
LN105428,2022-09,BALANCE_MISMATCH
LN105673,2024-01,STALE_UPDATE
LN104772,2025-05,STATUS_INCONSISTENT
LN106365,2023-12,BALANCE_MISMATCH
LN106883,2022-12,STALE_UPDATE
LN103215,2024-02,DATE_INVALID
LN100377,2024-12,DOC_GAP
LN108363,2022-02,DATE_INVALID
LN105789,2025-01,DOC_GAP
LN108960,2023-02,STALE_UPDATE
LN102526,2025-11,STALE_UPDATE
LN101951,2023-11,STATUS_INCONSISTENT
LN106723,2025-02,STATUS_INCONSISTENT
LN105740,2025-12,DOC_GAP
LN102306,2023-08,STALE_UPDATE
LN107886,2023-02,STATUS_INCONSISTENT
LN102950,2022-10,STALE_UPDATE
LN106985,2025-05,STATUS_INCONSISTENT
LN101699,2025-04,BALANCE_MISMATCH
LN100558,2025-01,DATE_INVALID
LN105908,2024-12,DATE_INVALID
LN108096,2023-10,BALANCE_MISMATCH
LN104638,2025-10,DOC_GAP
LN103590,2023-06,DUPLICATE_RECORD
LN108384,2025-06,DUPLICATE_RECORD
LN102232,2025-05,DATE_INVALID
LN101463,2023-02,DOC_GAP
LN102151,2022-10,STALE_UPDATE
LN107570,2025-10,DOC_GAP
LN107128,2022-09,DOC_GAP
LN103508,2023-02,BALANCE_MISMATCH
LN104735,2023-10,DUPLICATE_RECORD
LN105521,2023-11,DATE_INVALID
LN100851,2025-07,STATUS_INCONSISTENT
LN105699,2022-11,STATUS_INCONSISTENT
LN105757,2023-12,DOC_GAP
LN108720,2024-12,STALE_UPDATE
LN108024,2023-09,STALE_UPDATE
LN103444,2025-06,BALANCE_MISMATCH
LN104522,2025-02,BALANCE_MISMATCH
LN103212,2024-05,STATUS_INCONSISTENT
LN100321,2022-06,DATE_INVALID
LN106541,2025-12,BALANCE_MISMATCH
LN104203,2024-08,DOC_GAP
LN106533,2024-08,BALANCE_MISMATCH
LN101641,2022-05,STATUS_INCONSISTENT
LN101099,2023-06,DUPLICATE_RECORD
LN105999,2025-01,STATUS_INCONSISTENT
LN106305,2025-09,STATUS_INCONSISTENT
LN101417,2025-06,DOC_GAP
LN102185,2023-06,BALANCE_MISMATCH
LN108015,2023-07,DOC_GAP
LN102913,2023-05,STATUS_INCONSISTENT
LN102355,2025-07,DATE_INVALID
LN101569,2025-02,STATUS_INCONSISTENT
LN104089,2025-11,STATUS_INCONSISTENT
LN108807,2024-08,BALANCE_MISMATCH
LN107561,2024-03,DATE_INVALID
LN100343,2025-01,DATE_INVALID
LN104293,2022-03,BALANCE_MISMATCH
LN104647,2024-03,BALANCE_MISMATCH
LN107206,2025-06,BALANCE_MISMATCH
LN102978,2023-02,BALANCE_MISMATCH
LN106520,2022-06,STATUS_INCONSISTENT
LN106420,2024-09,DUPLICATE_RECORD
LN104048,2025-02,BALANCE_MISMATCH
LN102888,2022-03,STATUS_INCONSISTENT
LN105234,2024-12,STALE_UPDATE
LN108325,2024-09,STALE_UPDATE
LN103760,2022-04,STATUS_INCONSISTENT
LN105744,2022-02,DATE_INVALID
LN103257,2023-12,DUPLICATE_RECORD
LN103590,2022-03,DOC_GAP
LN101179,2021-09,STATUS_INCONSISTENT
LN107899,2022-11,STALE_UPDATE
LN108658,2022-09,DOC_GAP
LN107608,2025-06,STATUS_INCONSISTENT
LN106270,2025-12,STALE_UPDATE
LN105443,2024-12,STATUS_INCONSISTENT
LN105592,2025-04,DATE_INVALID
LN105707,2023-06,DOC_GAP
LN100910,2025-02,STATUS_INCONSISTENT
LN102740,2024-08,STALE_UPDATE
LN106759,2025-07,STATUS_INCONSISTENT
LN102222,2025-02,STALE_UPDATE
LN101945,2023-10,BALANCE_MISMATCH
LN106646,2023-12,DOC_GAP
LN107238,2024-04,DATE_INVALID
LN101068,2023-02,STALE_UPDATE
LN102927,2024-03,BALANCE_MISMATCH
LN104262,2023-02,DATE_INVALID
LN104312,2025-01,DATE_INVALID
LN108263,2024-11,BALANCE_MISMATCH
LN100076,2023-08,STATUS_INCONSISTENT
LN100974,2023-03,DOC_GAP
LN106830,2025-08,STATUS_INCONSISTENT
LN102006,2025-03,STALE_UPDATE
LN105128,2024-06,BALANCE_MISMATCH
LN103330,2025-07,STALE_UPDATE
LN106119,2022-07,DOC_GAP
LN103305,2024-12,DOC_GAP
LN101158,2023-11,STATUS_INCONSISTENT
LN108507,2024-03,STATUS_INCONSISTENT
LN105150,2022-05,BALANCE_MISMATCH
LN101695,2023-11,DUPLICATE_RECORD
LN107631,2022-12,STATUS_INCONSISTENT
LN104005,2025-06,STALE_UPDATE
LN100020,2023-10,DATE_INVALID
LN100937,2023-06,STALE_UPDATE
LN104874,2023-03,BALANCE_MISMATCH
LN103601,2024-07,DOC_GAP
LN101174,2025-02,STATUS_INCONSISTENT
LN108476,2025-05,STALE_UPDATE
LN106589,2024-05,STATUS_INCONSISTENT
LN100445,2024-07,STATUS_INCONSISTENT
LN102906,2023-12,STALE_UPDATE
LN102871,2025-02,STALE_UPDATE
LN105085,2023-04,STATUS_INCONSISTENT
LN102151,2022-11,BALANCE_MISMATCH
LN102419,2025-09,STATUS_INCONSISTENT
LN101560,2025-11,DOC_GAP
LN105329,2023-06,BALANCE_MISMATCH
LN102579,2023-12,DATE_INVALID
LN107233,2023-04,DUPLICATE_RECORD
LN107378,2024-12,BALANCE_MISMATCH
LN107677,2025-01,STATUS_INCONSISTENT
LN103870,2022-03,DATE_INVALID
LN100737,2025-02,STALE_UPDATE
LN107508,2025-08,BALANCE_MISMATCH
LN104438,2024-01,BALANCE_MISMATCH
LN101426,2024-10,DATE_INVALID
LN104162,2025-02,STALE_UPDATE
LN106335,2025-03,STATUS_INCONSISTENT
LN104425,2024-09,BALANCE_MISMATCH
LN100383,2022-08,STALE_UPDATE
LN104218,2025-06,BALANCE_MISMATCH
LN100501,2025-11,DUPLICATE_RECORD
LN103626,2025-08,STALE_UPDATE
LN100467,2025-08,STALE_UPDATE
LN104875,2025-08,STATUS_INCONSISTENT
LN102934,2024-12,BALANCE_MISMATCH
LN106382,2025-11,STALE_UPDATE
LN103409,2023-04,STALE_UPDATE
LN103450,2024-05,STALE_UPDATE
LN100568,2024-01,STALE_UPDATE
LN103583,2025-11,STALE_UPDATE
LN107475,2024-05,BALANCE_MISMATCH
LN100244,2024-12,STALE_UPDATE
LN108497,2025-10,STATUS_INCONSISTENT
LN104181,2025-05,DATE_INVALID
LN101463,2022-04,STATUS_INCONSISTENT
LN102422,2024-06,STALE_UPDATE
LN108752,2024-02,BALANCE_MISMATCH
LN104339,2024-07,STATUS_INCONSISTENT
LN102082,2023-08,BALANCE_MISMATCH
LN102803,2023-07,STATUS_INCONSISTENT
LN106516,2022-10,DATE_INVALID
LN103305,2023-07,STATUS_INCONSISTENT
LN102740,2024-03,DOC_GAP
LN104310,2024-07,DUPLICATE_RECORD
LN108890,2025-03,DATE_INVALID
LN108682,2023-11,DATE_INVALID
LN106082,2023-02,BALANCE_MISMATCH
LN101048,2024-10,DUPLICATE_RECORD
LN104640,2025-03,STATUS_INCONSISTENT
LN104745,2025-09,STALE_UPDATE
LN104290,2025-11,STALE_UPDATE
LN104831,2021-12,STALE_UPDATE
LN101785,2025-04,BALANCE_MISMATCH
LN106478,2024-03,DUPLICATE_RECORD
LN108475,2024-07,STATUS_INCONSISTENT
LN100979,2023-11,DUPLICATE_RECORD
LN108298,2023-11,DATE_INVALID
LN101923,2025-01,DOC_GAP
LN106779,2023-04,DATE_INVALID
LN103284,2025-03,STATUS_INCONSISTENT
LN107524,2023-10,STALE_UPDATE
LN103764,2024-08,DUPLICATE_RECORD
LN104197,2023-10,DOC_GAP
LN102931,2024-09,STATUS_INCONSISTENT
LN105638,2024-12,STATUS_INCONSISTENT
LN100633,2023-07,DOC_GAP
LN104772,2022-02,STALE_UPDATE
LN103637,2024-07,DATE_INVALID
LN106206,2024-06,DATE_INVALID
LN100345,2024-05,STATUS_INCONSISTENT
LN104576,2023-02,STATUS_INCONSISTENT
LN104061,2024-07,BALANCE_MISMATCH
LN105944,2023-09,STALE_UPDATE
LN108775,2023-03,DATE_INVALID
LN107146,2025-05,BALANCE_MISMATCH
LN108965,2025-12,DATE_INVALID
LN108806,2024-08,DATE_INVALID
LN108761,2023-10,BALANCE_MISMATCH
LN100992,2022-11,STALE_UPDATE
LN106615,2024-03,DATE_INVALID
LN102368,2023-07,DATE_INVALID
LN106773,2024-09,DOC_GAP
LN105787,2024-10,DUPLICATE_RECORD
LN100912,2024-02,DATE_INVALID
LN108132,2024-05,DOC_GAP
LN103211,2025-03,BALANCE_MISMATCH
LN100353,2023-12,DOC_GAP
LN107830,2023-06,BALANCE_MISMATCH
LN106464,2022-06,BALANCE_MISMATCH
LN105655,2024-07,STALE_UPDATE
LN108323,2024-11,STATUS_INCONSISTENT
LN104946,2025-06,BALANCE_MISMATCH
LN105768,2024-06,DOC_GAP
LN107402,2022-12,STATUS_INCONSISTENT
LN105712,2024-08,STATUS_INCONSISTENT
LN105884,2022-01,STATUS_INCONSISTENT
LN104955,2022-10,STALE_UPDATE
LN106760,2025-08,STALE_UPDATE
LN103364,2023-05,DUPLICATE_RECORD
LN105908,2025-04,BALANCE_MISMATCH
LN107806,2024-02,STATUS_INCONSISTENT
LN101055,2025-12,DOC_GAP
LN107822,2024-03,DATE_INVALID
LN107987,2023-03,DATE_INVALID
LN100410,2024-02,STALE_UPDATE
LN103112,2023-11,STATUS_INCONSISTENT
LN101486,2023-07,STATUS_INCONSISTENT
LN104216,2025-04,STALE_UPDATE
LN100864,2025-11,DUPLICATE_RECORD
LN105861,2024-02,DOC_GAP
LN102746,2023-02,DATE_INVALID
LN107180,2023-01,DOC_GAP
LN108975,2023-09,STATUS_INCONSISTENT
LN106970,2022-05,BALANCE_MISMATCH
LN103606,2024-08,BALANCE_MISMATCH
LN106118,2025-10,STATUS_INCONSISTENT
LN100127,2024-04,BALANCE_MISMATCH
LN107046,2025-10,STATUS_INCONSISTENT
LN107469,2022-12,DOC_GAP
LN100798,2025-02,BALANCE_MISMATCH
LN105088,2025-06,BALANCE_MISMATCH
LN106721,2023-11,DUPLICATE_RECORD
LN107315,2024-09,STALE_UPDATE
LN101181,2025-10,STALE_UPDATE
LN101953,2024-02,DATE_INVALID
LN103151,2025-10,DUPLICATE_RECORD
LN105831,2025-07,DATE_INVALID
LN102794,2025-08,STALE_UPDATE
LN107943,2022-11,STALE_UPDATE
LN100478,2025-08,DATE_INVALID
LN102766,2023-09,STATUS_INCONSISTENT
LN104348,2024-07,STALE_UPDATE
LN106174,2025-10,DUPLICATE_RECORD
LN106042,2025-12,STALE_UPDATE
LN102303,2025-11,BALANCE_MISMATCH
LN106812,2025-04,STALE_UPDATE
LN100930,2023-05,DATE_INVALID
LN105715,2023-10,STALE_UPDATE
LN106917,2025-11,STALE_UPDATE
LN100807,2024-02,STALE_UPDATE
LN103120,2025-07,STATUS_INCONSISTENT
LN101832,2024-09,STALE_UPDATE
LN107033,2024-09,DATE_INVALID
LN103756,2023-12,BALANCE_MISMATCH
LN107005,2023-02,STALE_UPDATE
LN108604,2024-02,DUPLICATE_RECORD
LN105858,2024-05,STALE_UPDATE
LN102363,2024-01,DOC_GAP
LN100993,2025-10,STATUS_INCONSISTENT
LN106875,2025-09,DATE_INVALID
LN105305,2024-11,DATE_INVALID
LN108397,2024-08,BALANCE_MISMATCH
LN106493,2025-09,DUPLICATE_RECORD
LN103717,2024-06,STATUS_INCONSISTENT
LN105611,2023-11,DATE_INVALID
LN106100,2023-08,BALANCE_MISMATCH
LN106567,2023-02,STATUS_INCONSISTENT
LN100727,2024-07,STALE_UPDATE
LN104296,2025-08,STATUS_INCONSISTENT
LN101647,2024-11,STATUS_INCONSISTENT
LN103283,2025-07,STALE_UPDATE
LN100528,2025-01,STATUS_INCONSISTENT
LN106619,2022-06,STATUS_INCONSISTENT
LN108191,2024-08,STATUS_INCONSISTENT
LN108098,2021-12,DATE_INVALID
LN108280,2025-01,DATE_INVALID
LN102760,2023-10,STATUS_INCONSISTENT
LN105705,2024-09,DUPLICATE_RECORD
LN108311,2025-08,DUPLICATE_RECORD
LN107414,2025-04,STALE_UPDATE
LN105104,2023-01,BALANCE_MISMATCH
LN103474,2025-09,DUPLICATE_RECORD
LN101482,2025-10,BALANCE_MISMATCH
LN102092,2024-12,STATUS_INCONSISTENT
LN107523,2025-02,STALE_UPDATE
LN101089,2022-01,STATUS_INCONSISTENT
LN100480,2024-10,STATUS_INCONSISTENT
LN104233,2024-03,STATUS_INCONSISTENT
LN106014,2024-05,STATUS_INCONSISTENT
LN102448,2025-05,DOC_GAP
LN105857,2023-02,STATUS_INCONSISTENT
LN104027,2025-04,STATUS_INCONSISTENT
LN102408,2024-11,STALE_UPDATE
LN106441,2022-06,BALANCE_MISMATCH
LN100450,2025-05,BALANCE_MISMATCH
LN100253,2025-11,STALE_UPDATE
LN100896,2025-12,BALANCE_MISMATCH
LN105908,2025-05,STALE_UPDATE
LN101628,2023-04,BALANCE_MISMATCH
LN101339,2025-10,DATE_INVALID
LN107728,2023-08,DATE_INVALID
LN108993,2025-12,STALE_UPDATE
LN102564,2024-04,STATUS_INCONSISTENT
LN101639,2025-01,STATUS_INCONSISTENT
LN102931,2023-12,DOC_GAP
LN100177,2025-05,DATE_INVALID
LN103461,2024-12,STALE_UPDATE
LN106411,2025-12,DUPLICATE_RECORD
LN105749,2025-08,DUPLICATE_RECORD
LN100374,2024-09,DOC_GAP
LN107755,2025-03,DOC_GAP
LN100869,2021-11,DOC_GAP
LN106465,2023-05,STATUS_INCONSISTENT
LN104867,2025-05,DOC_GAP
LN105934,2025-07,STALE_UPDATE
LN105386,2025-12,BALANCE_MISMATCH
LN103588,2025-04,BALANCE_MISMATCH
LN104119,2022-10,DOC_GAP
LN108671,2024-12,BALANCE_MISMATCH
LN106766,2023-12,DOC_GAP
LN102112,2025-02,DUPLICATE_RECORD
LN108298,2023-10,STATUS_INCONSISTENT
LN101742,2023-07,STATUS_INCONSISTENT
LN102405,2025-07,BALANCE_MISMATCH
LN100548,2024-12,BALANCE_MISMATCH
LN104045,2021-07,STALE_UPDATE
LN103359,2024-12,BALANCE_MISMATCH
LN102300,2023-10,STATUS_INCONSISTENT
LN107488,2025-02,DATE_INVALID
LN104484,2024-09,DOC_GAP
LN104284,2022-05,DATE_INVALID
LN102266,2024-12,DOC_GAP
LN100473,2024-09,BALANCE_MISMATCH
LN105965,2022-05,STATUS_INCONSISTENT
LN106762,2022-08,BALANCE_MISMATCH
LN105568,2024-09,DATE_INVALID
LN102032,2022-09,BALANCE_MISMATCH
LN100871,2025-05,DOC_GAP
LN101430,2023-10,DATE_INVALID
LN100817,2025-03,STATUS_INCONSISTENT
LN100960,2022-11,DOC_GAP
LN108176,2022-05,STATUS_INCONSISTENT
LN106900,2022-10,DOC_GAP
LN100221,2025-06,DUPLICATE_RECORD
LN104925,2023-02,STALE_UPDATE
LN106981,2023-07,BALANCE_MISMATCH
LN105935,2025-04,DUPLICATE_RECORD
LN103746,2023-01,STALE_UPDATE
LN103356,2023-08,STATUS_INCONSISTENT
LN105108,2025-07,STATUS_INCONSISTENT
LN100465,2025-10,BALANCE_MISMATCH
LN105622,2023-03,STALE_UPDATE
LN103470,2024-04,DUPLICATE_RECORD
LN101602,2025-10,DOC_GAP
LN101968,2025-04,DATE_INVALID
LN104416,2024-11,BALANCE_MISMATCH
LN103157,2025-11,BALANCE_MISMATCH
LN106488,2022-04,BALANCE_MISMATCH
LN105857,2022-12,BALANCE_MISMATCH
LN105176,2025-11,DUPLICATE_RECORD
LN102870,2024-01,DOC_GAP
LN107114,2023-08,DATE_INVALID
LN103912,2023-07,STALE_UPDATE
LN103816,2025-04,DATE_INVALID
LN107895,2022-08,DOC_GAP
LN101282,2025-07,BALANCE_MISMATCH
LN107507,2025-03,BALANCE_MISMATCH
LN105158,2022-12,DOC_GAP
LN105325,2023-07,STATUS_INCONSISTENT
LN108041,2024-02,DOC_GAP
LN108974,2024-12,BALANCE_MISMATCH
LN102305,2023-09,STATUS_INCONSISTENT
LN100233,2025-04,BALANCE_MISMATCH
LN108810,2025-02,STATUS_INCONSISTENT
LN107386,2024-05,DATE_INVALID
LN101560,2025-07,STATUS_INCONSISTENT
LN107439,2023-04,STATUS_INCONSISTENT
LN103630,2024-08,STALE_UPDATE
LN108486,2025-05,STALE_UPDATE
LN103573,2023-03,STALE_UPDATE
LN104184,2022-11,STATUS_INCONSISTENT
LN102791,2024-04,STALE_UPDATE
LN103993,2025-12,BALANCE_MISMATCH
LN107686,2022-10,BALANCE_MISMATCH
LN108341,2024-11,DOC_GAP
LN100834,2025-06,BALANCE_MISMATCH
LN104099,2024-05,STATUS_INCONSISTENT
LN102771,2022-03,DATE_INVALID
LN100617,2023-12,DUPLICATE_RECORD
LN102808,2025-06,DUPLICATE_RECORD
LN104991,2023-10,DATE_INVALID
LN104394,2023-04,DOC_GAP
LN101928,2022-10,DUPLICATE_RECORD
LN102569,2024-10,BALANCE_MISMATCH
LN103969,2024-02,BALANCE_MISMATCH
LN100655,2024-10,DATE_INVALID
LN104707,2025-07,DATE_INVALID
LN105067,2021-07,STATUS_INCONSISTENT
LN100087,2024-01,BALANCE_MISMATCH
LN103172,2024-12,STATUS_INCONSISTENT
LN105009,2023-02,DATE_INVALID
LN105302,2024-05,STALE_UPDATE
LN103758,2023-06,BALANCE_MISMATCH
LN107011,2025-04,DATE_INVALID
LN108602,2023-01,STALE_UPDATE
LN101840,2025-02,DATE_INVALID
LN102953,2025-06,BALANCE_MISMATCH
LN107097,2022-01,DUPLICATE_RECORD
LN103307,2024-06,DUPLICATE_RECORD
LN107653,2022-12,STALE_UPDATE
LN101004,2023-09,DUPLICATE_RECORD
LN103429,2022-09,DOC_GAP
LN102695,2022-10,BALANCE_MISMATCH
LN108971,2023-05,BALANCE_MISMATCH
LN104394,2024-10,BALANCE_MISMATCH
LN104092,2023-08,DOC_GAP
LN105204,2024-08,DATE_INVALID
LN101605,2025-07,STALE_UPDATE
LN108078,2022-10,DATE_INVALID
LN103927,2023-12,DATE_INVALID
LN108341,2025-05,DATE_INVALID
LN101965,2025-11,STALE_UPDATE
LN105636,2022-06,DATE_INVALID
LN107644,2023-03,DATE_INVALID
LN102205,2025-06,STALE_UPDATE
LN100784,2023-08,STATUS_INCONSISTENT
LN101128,2023-08,STATUS_INCONSISTENT
LN104250,2025-04,STALE_UPDATE
LN101663,2024-04,STATUS_INCONSISTENT
LN100508,2024-11,DATE_INVALID
LN105101,2024-09,STALE_UPDATE
LN101893,2024-02,STALE_UPDATE
LN106542,2025-12,STALE_UPDATE
LN105030,2024-08,DATE_INVALID
LN107616,2023-08,DUPLICATE_RECORD
LN108536,2023-09,STATUS_INCONSISTENT
LN106300,2023-02,STATUS_INCONSISTENT
LN108970,2025-12,DOC_GAP
LN108932,2024-09,STATUS_INCONSISTENT
LN103151,2023-01,DOC_GAP
LN105769,2024-10,STALE_UPDATE
LN100852,2025-08,STATUS_INCONSISTENT
LN108589,2024-08,BALANCE_MISMATCH
LN101930,2022-09,STATUS_INCONSISTENT
LN102013,2024-11,BALANCE_MISMATCH
LN101690,2024-12,STATUS_INCONSISTENT
LN102832,2022-11,STATUS_INCONSISTENT
LN103226,2024-11,DOC_GAP
LN102102,2023-11,DOC_GAP
LN108815,2025-07,STATUS_INCONSISTENT
LN102009,2024-05,DOC_GAP
LN102427,2025-04,BALANCE_MISMATCH
LN108178,2025-12,BALANCE_MISMATCH
LN101734,2024-11,DATE_INVALID
LN108945,2024-02,STALE_UPDATE
LN104256,2025-04,STATUS_INCONSISTENT
LN105767,2024-05,DOC_GAP
LN107721,2024-04,DUPLICATE_RECORD
LN105709,2025-07,DUPLICATE_RECORD
LN108180,2024-05,STALE_UPDATE
LN100270,2022-09,BALANCE_MISMATCH
LN105928,2023-10,BALANCE_MISMATCH
LN105041,2023-01,STATUS_INCONSISTENT
LN107921,2022-10,DATE_INVALID
LN108681,2024-08,DATE_INVALID
LN108342,2025-02,STALE_UPDATE
LN105966,2024-07,DATE_INVALID
LN108116,2022-03,BALANCE_MISMATCH
LN105123,2024-02,STATUS_INCONSISTENT
LN108623,2025-12,STATUS_INCONSISTENT
LN102184,2025-08,BALANCE_MISMATCH
LN107831,2025-07,STALE_UPDATE
LN104576,2024-08,DOC_GAP
LN101208,2024-10,DATE_INVALID
LN104234,2024-06,DOC_GAP
LN104301,2024-04,STALE_UPDATE
LN106824,2025-06,DOC_GAP
LN106415,2024-06,DOC_GAP
LN104874,2025-11,DOC_GAP
LN104400,2023-04,DUPLICATE_RECORD
LN103795,2023-11,STALE_UPDATE
LN107748,2025-02,DUPLICATE_RECORD
LN101356,2025-07,DUPLICATE_RECORD
LN101190,2023-07,BALANCE_MISMATCH
LN108055,2024-11,STALE_UPDATE
LN104633,2022-12,STALE_UPDATE
LN106260,2024-06,BALANCE_MISMATCH
LN107161,2025-02,DATE_INVALID
LN101939,2025-09,STATUS_INCONSISTENT
LN103901,2025-01,BALANCE_MISMATCH
LN108525,2024-11,DATE_INVALID
LN100136,2025-10,BALANCE_MISMATCH
LN105719,2023-03,STATUS_INCONSISTENT
LN101970,2025-06,STATUS_INCONSISTENT
LN108105,2025-11,STATUS_INCONSISTENT
LN103216,2023-11,DUPLICATE_RECORD
LN108153,2024-06,BALANCE_MISMATCH
LN103854,2025-07,BALANCE_MISMATCH
LN101948,2022-05,BALANCE_MISMATCH
LN107529,2025-02,DATE_INVALID
LN101281,2025-07,BALANCE_MISMATCH
LN100548,2025-12,DUPLICATE_RECORD
LN102874,2024-02,BALANCE_MISMATCH
LN104913,2024-09,STALE_UPDATE
LN106882,2025-09,STATUS_INCONSISTENT
LN103848,2024-02,DOC_GAP
LN100123,2025-06,BALANCE_MISMATCH
LN102582,2024-11,BALANCE_MISMATCH
LN108797,2023-03,DATE_INVALID
LN104617,2025-01,STALE_UPDATE
LN108294,2025-02,DATE_INVALID
LN100964,2025-09,STALE_UPDATE
LN101177,2024-08,BALANCE_MISMATCH
LN107150,2025-09,BALANCE_MISMATCH
LN103064,2025-09,DOC_GAP
LN106516,2023-09,DATE_INVALID
LN101688,2025-09,BALANCE_MISMATCH
LN100820,2023-09,STALE_UPDATE
LN102059,2023-02,DUPLICATE_RECORD
LN103907,2025-06,DUPLICATE_RECORD
LN103967,2025-10,STALE_UPDATE
LN104633,2025-05,DOC_GAP
LN103006,2024-03,DUPLICATE_RECORD
LN101821,2025-11,DUPLICATE_RECORD
LN105658,2024-12,BALANCE_MISMATCH
LN101203,2024-12,STALE_UPDATE
LN108618,2022-07,DOC_GAP
LN100989,2025-12,DATE_INVALID
LN102535,2025-09,BALANCE_MISMATCH
LN108334,2025-03,DATE_INVALID
LN104636,2025-08,BALANCE_MISMATCH
LN108303,2025-12,DUPLICATE_RECORD
LN101208,2023-12,BALANCE_MISMATCH
LN107243,2023-04,BALANCE_MISMATCH
LN105041,2022-12,DOC_GAP
LN101881,2025-12,STALE_UPDATE
LN107553,2024-12,STATUS_INCONSISTENT
LN107001,2024-04,STALE_UPDATE
LN101388,2025-07,STALE_UPDATE
LN106474,2024-10,STALE_UPDATE
LN102237,2025-09,DATE_INVALID
LN105897,2025-06,DATE_INVALID
LN106801,2023-08,STALE_UPDATE
LN108108,2025-03,BALANCE_MISMATCH
LN107695,2023-12,DATE_INVALID
LN107572,2024-11,BALANCE_MISMATCH
LN104229,2025-12,DATE_INVALID
LN101282,2024-08,BALANCE_MISMATCH
LN103636,2023-12,STALE_UPDATE
LN104741,2023-07,BALANCE_MISMATCH
LN103651,2025-10,STATUS_INCONSISTENT
LN104864,2025-10,BALANCE_MISMATCH
LN106377,2022-11,STALE_UPDATE
LN101418,2024-08,STATUS_INCONSISTENT
LN108077,2023-01,STATUS_INCONSISTENT
LN101876,2023-10,STATUS_INCONSISTENT
LN105369,2024-01,DOC_GAP
LN100154,2024-10,STATUS_INCONSISTENT
LN100636,2024-02,DUPLICATE_RECORD
LN106930,2023-11,STATUS_INCONSISTENT
LN103416,2024-05,STATUS_INCONSISTENT
LN107275,2025-08,STALE_UPDATE
LN106829,2024-01,BALANCE_MISMATCH
LN103921,2025-03,STALE_UPDATE
LN107672,2025-11,STALE_UPDATE
LN104175,2023-04,STATUS_INCONSISTENT
LN104267,2025-09,DUPLICATE_RECORD
LN105837,2022-04,DOC_GAP
LN102781,2025-05,STATUS_INCONSISTENT
LN102947,2024-07,DUPLICATE_RECORD
LN101239,2022-06,STALE_UPDATE
LN106332,2024-02,STALE_UPDATE
LN102697,2024-07,STATUS_INCONSISTENT
LN104650,2024-11,BALANCE_MISMATCH
LN100313,2024-10,STALE_UPDATE
LN100008,2023-09,DOC_GAP
LN102698,2025-05,STALE_UPDATE
LN107924,2025-07,DATE_INVALID
LN101078,2024-03,BALANCE_MISMATCH
LN108311,2024-12,STATUS_INCONSISTENT
LN107747,2025-08,DATE_INVALID
LN100091,2024-04,BALANCE_MISMATCH
LN104214,2025-03,STATUS_INCONSISTENT
LN101436,2025-08,STATUS_INCONSISTENT
LN106258,2024-10,BALANCE_MISMATCH
LN100960,2022-03,STALE_UPDATE
LN100123,2024-04,STATUS_INCONSISTENT
LN107111,2024-12,DOC_GAP
LN106350,2024-11,BALANCE_MISMATCH
LN100776,2023-01,STALE_UPDATE
LN104519,2023-05,STALE_UPDATE
LN107097,2025-02,DUPLICATE_RECORD
LN108021,2025-10,BALANCE_MISMATCH
LN101699,2025-10,DATE_INVALID
LN108172,2025-02,STALE_UPDATE
LN105230,2022-04,DATE_INVALID
LN107808,2023-08,DUPLICATE_RECORD
LN106741,2024-10,DUPLICATE_RECORD
LN106315,2025-05,DUPLICATE_RECORD
LN106292,2024-03,DOC_GAP
LN104107,2025-01,DUPLICATE_RECORD
LN100644,2025-11,STALE_UPDATE
LN102636,2023-02,STALE_UPDATE
LN107742,2025-12,STALE_UPDATE
LN106552,2024-11,BALANCE_MISMATCH
LN105788,2025-04,DOC_GAP
LN105218,2022-10,BALANCE_MISMATCH
LN100868,2025-04,STATUS_INCONSISTENT
LN108088,2024-02,BALANCE_MISMATCH
LN100230,2024-04,STATUS_INCONSISTENT
LN105022,2025-04,BALANCE_MISMATCH
LN102252,2023-01,STATUS_INCONSISTENT
LN102399,2025-04,DOC_GAP
LN103937,2023-04,STATUS_INCONSISTENT
LN101541,2023-02,BALANCE_MISMATCH
LN103829,2025-05,STATUS_INCONSISTENT
LN102514,2023-05,DATE_INVALID
LN108581,2021-11,DOC_GAP
LN105504,2024-08,STATUS_INCONSISTENT
LN102710,2021-10,BALANCE_MISMATCH
LN105434,2025-09,BALANCE_MISMATCH
LN101823,2025-11,BALANCE_MISMATCH
LN102487,2023-06,BALANCE_MISMATCH
LN107669,2025-04,STALE_UPDATE
LN108514,2025-11,STATUS_INCONSISTENT
LN106321,2025-10,STALE_UPDATE
LN105365,2023-09,DATE_INVALID
LN104878,2025-11,BALANCE_MISMATCH
LN100265,2024-12,DOC_GAP
LN102498,2024-12,STATUS_INCONSISTENT
LN100085,2025-03,BALANCE_MISMATCH
LN108262,2024-11,STATUS_INCONSISTENT
LN102601,2024-11,BALANCE_MISMATCH
LN107737,2023-10,STATUS_INCONSISTENT
LN100909,2024-02,STATUS_INCONSISTENT
LN100171,2024-07,STATUS_INCONSISTENT
LN100218,2024-09,STATUS_INCONSISTENT
LN103950,2024-12,BALANCE_MISMATCH
LN101665,2024-05,STALE_UPDATE
LN104676,2023-10,STATUS_INCONSISTENT
LN100430,2023-12,STATUS_INCONSISTENT
LN101812,2025-12,DATE_INVALID
LN100298,2023-07,STATUS_INCONSISTENT
LN107008,2025-09,STALE_UPDATE
LN101115,2023-07,DUPLICATE_RECORD
LN105352,2025-03,STATUS_INCONSISTENT
LN102356,2023-10,BALANCE_MISMATCH
LN104697,2023-12,STALE_UPDATE
LN100414,2024-01,BALANCE_MISMATCH
LN103452,2025-07,DATE_INVALID
LN108674,2025-08,STALE_UPDATE
LN101249,2025-03,STATUS_INCONSISTENT
LN106202,2024-01,BALANCE_MISMATCH
LN107668,2024-07,BALANCE_MISMATCH
LN104912,2021-11,DATE_INVALID
LN103602,2022-12,STATUS_INCONSISTENT
LN107045,2024-11,STATUS_INCONSISTENT
LN107174,2022-05,STALE_UPDATE
LN106795,2025-03,STATUS_INCONSISTENT
LN105462,2024-06,DATE_INVALID
LN103520,2024-09,DATE_INVALID
LN101676,2025-03,STALE_UPDATE
LN101760,2023-10,DOC_GAP
LN103183,2022-06,DATE_INVALID
LN108988,2022-08,STATUS_INCONSISTENT
LN102605,2024-11,DUPLICATE_RECORD
LN104720,2023-10,DUPLICATE_RECORD
LN107116,2025-11,DOC_GAP
LN102372,2024-04,DATE_INVALID
LN100298,2025-06,STATUS_INCONSISTENT
LN107701,2024-09,BALANCE_MISMATCH
LN104934,2023-01,DOC_GAP
LN100003,2024-03,STALE_UPDATE
LN106859,2025-08,BALANCE_MISMATCH
LN102466,2022-09,STALE_UPDATE
LN103172,2023-02,STALE_UPDATE
LN108823,2021-09,DATE_INVALID
LN105944,2024-05,STALE_UPDATE
LN103518,2024-01,DOC_GAP
LN101772,2024-06,STALE_UPDATE
LN108500,2023-05,DATE_INVALID
LN103426,2024-05,STATUS_INCONSISTENT
LN104472,2023-05,BALANCE_MISMATCH
LN102340,2024-11,BALANCE_MISMATCH
LN103318,2023-06,STATUS_INCONSISTENT
LN101782,2024-03,DATE_INVALID
LN105504,2025-04,BALANCE_MISMATCH
LN100035,2023-11,STATUS_INCONSISTENT
LN108644,2024-07,DATE_INVALID
LN101868,2022-01,STALE_UPDATE
LN107863,2025-04,STATUS_INCONSISTENT
LN108191,2023-05,DUPLICATE_RECORD
LN107029,2025-01,STATUS_INCONSISTENT
LN102760,2023-02,BALANCE_MISMATCH
LN101899,2023-05,BALANCE_MISMATCH
LN101755,2025-11,STATUS_INCONSISTENT
LN104364,2024-09,STATUS_INCONSISTENT
LN103821,2025-03,STATUS_INCONSISTENT
LN106268,2023-08,STATUS_INCONSISTENT
LN106378,2024-12,DUPLICATE_RECORD
LN103983,2023-12,STATUS_INCONSISTENT
LN100812,2024-09,DATE_INVALID
LN100937,2024-02,STALE_UPDATE
LN104431,2022-04,STALE_UPDATE
LN101739,2025-10,BALANCE_MISMATCH
LN101805,2024-08,DATE_INVALID
LN105187,2024-06,DATE_INVALID
LN106973,2025-02,STALE_UPDATE
LN106042,2025-09,STALE_UPDATE
LN104343,2022-06,DUPLICATE_RECORD
LN107820,2022-06,DATE_INVALID
LN104972,2025-10,STATUS_INCONSISTENT
LN102859,2025-09,DUPLICATE_RECORD
LN103068,2023-12,BALANCE_MISMATCH
LN103832,2025-09,BALANCE_MISMATCH
LN105448,2023-06,BALANCE_MISMATCH
LN103268,2023-02,DOC_GAP
LN101464,2025-11,DATE_INVALID
LN100753,2024-12,DOC_GAP
LN105506,2024-02,STATUS_INCONSISTENT
LN103426,2025-12,BALANCE_MISMATCH
LN104307,2024-07,DOC_GAP
LN100909,2021-12,DATE_INVALID
LN102276,2025-07,STALE_UPDATE
LN103394,2023-12,DATE_INVALID
LN102308,2023-09,DOC_GAP
LN100525,2022-09,DATE_INVALID
LN108064,2025-07,DATE_INVALID
LN100763,2025-10,DATE_INVALID
LN106547,2024-11,BALANCE_MISMATCH
LN104237,2024-05,BALANCE_MISMATCH
LN100775,2025-02,DOC_GAP
LN101360,2021-11,STATUS_INCONSISTENT
LN105981,2025-06,STALE_UPDATE
LN102635,2024-07,STALE_UPDATE
LN108326,2024-04,BALANCE_MISMATCH
LN108317,2023-02,BALANCE_MISMATCH
LN103490,2023-08,STATUS_INCONSISTENT
LN100430,2024-11,DUPLICATE_RECORD
LN106683,2025-11,STATUS_INCONSISTENT
LN106669,2025-06,DUPLICATE_RECORD
LN100217,2025-02,STALE_UPDATE
LN104793,2023-09,DATE_INVALID
LN107720,2025-05,BALANCE_MISMATCH
LN100343,2024-08,BALANCE_MISMATCH
LN105509,2025-07,DOC_GAP
LN107436,2024-12,STATUS_INCONSISTENT
LN108063,2024-01,DATE_INVALID
LN100313,2025-04,DATE_INVALID
LN100857,2021-12,STALE_UPDATE
LN106516,2024-10,STATUS_INCONSISTENT
LN103206,2025-07,BALANCE_MISMATCH
LN108327,2022-11,STATUS_INCONSISTENT
LN107523,2025-12,STALE_UPDATE
LN105976,2024-10,DOC_GAP
LN102845,2023-09,DUPLICATE_RECORD
LN105916,2024-10,STALE_UPDATE
LN106176,2024-10,STALE_UPDATE
LN107599,2022-06,BALANCE_MISMATCH
LN102028,2024-02,DATE_INVALID
LN104583,2025-03,DATE_INVALID
LN107655,2024-07,DUPLICATE_RECORD
LN108759,2025-07,STALE_UPDATE
LN106686,2022-11,DOC_GAP
LN102093,2025-10,DOC_GAP
LN108604,2022-04,BALANCE_MISMATCH
LN103348,2024-09,STATUS_INCONSISTENT
LN106614,2023-08,STATUS_INCONSISTENT
LN101156,2025-08,BALANCE_MISMATCH
LN103942,2025-12,BALANCE_MISMATCH
LN102407,2024-03,STATUS_INCONSISTENT
LN108977,2022-12,BALANCE_MISMATCH
LN100473,2024-02,BALANCE_MISMATCH
LN100023,2025-03,STATUS_INCONSISTENT
LN108702,2025-11,DOC_GAP
LN106989,2024-12,DOC_GAP
LN101590,2024-09,DUPLICATE_RECORD
LN105762,2025-01,BALANCE_MISMATCH
LN103620,2025-02,STALE_UPDATE
LN108937,2024-12,DOC_GAP
LN107976,2021-10,DOC_GAP
LN106384,2025-03,DATE_INVALID
LN106001,2025-08,STALE_UPDATE
LN102538,2024-08,STATUS_INCONSISTENT
LN108685,2023-06,BALANCE_MISMATCH
LN108796,2025-01,DATE_INVALID
LN100860,2025-10,DATE_INVALID
LN106245,2023-11,STATUS_INCONSISTENT
LN108345,2024-12,DOC_GAP
LN104930,2022-06,STALE_UPDATE
LN103336,2024-05,STATUS_INCONSISTENT
LN103601,2025-09,STATUS_INCONSISTENT
LN108025,2025-02,DATE_INVALID
LN103306,2023-04,STATUS_INCONSISTENT
LN104816,2025-02,BALANCE_MISMATCH
LN105041,2024-08,DATE_INVALID
LN101739,2024-08,STATUS_INCONSISTENT
LN107417,2024-12,DOC_GAP
LN101885,2024-07,STALE_UPDATE
LN104117,2025-03,DATE_INVALID
LN107885,2022-05,DUPLICATE_RECORD
LN102749,2025-10,DOC_GAP
LN107174,2023-05,DUPLICATE_RECORD
LN103716,2025-08,STALE_UPDATE
LN101843,2024-10,DOC_GAP
LN105707,2022-12,STATUS_INCONSISTENT
LN103522,2025-01,DATE_INVALID
LN105125,2025-02,BALANCE_MISMATCH
LN104789,2024-06,STATUS_INCONSISTENT
LN100378,2023-01,DUPLICATE_RECORD
LN107836,2023-03,BALANCE_MISMATCH
LN103838,2025-11,BALANCE_MISMATCH
LN105689,2025-02,BALANCE_MISMATCH
LN107276,2023-01,STALE_UPDATE
LN102292,2024-07,DOC_GAP
LN107086,2025-04,STATUS_INCONSISTENT
LN101043,2023-08,STALE_UPDATE
LN102015,2024-05,DATE_INVALID
LN102006,2023-10,DOC_GAP
LN100662,2023-07,DATE_INVALID
LN104888,2022-11,STALE_UPDATE
LN108125,2025-06,DOC_GAP
LN106312,2025-07,BALANCE_MISMATCH
LN105481,2024-01,STALE_UPDATE
LN107639,2024-06,STATUS_INCONSISTENT
LN104937,2024-02,BALANCE_MISMATCH
LN100079,2025-02,STATUS_INCONSISTENT
LN107321,2023-09,STALE_UPDATE
LN102138,2025-06,STALE_UPDATE
LN108522,2025-12,BALANCE_MISMATCH
LN102389,2025-05,BALANCE_MISMATCH
LN104080,2025-10,DATE_INVALID
LN104779,2025-03,BALANCE_MISMATCH
LN104781,2023-11,DOC_GAP
LN102166,2025-08,STALE_UPDATE
LN107657,2024-11,DATE_INVALID
LN106158,2024-11,DATE_INVALID
LN103061,2022-10,STATUS_INCONSISTENT
LN108473,2024-11,STATUS_INCONSISTENT
LN103053,2023-02,DOC_GAP
LN107858,2024-02,BALANCE_MISMATCH
LN102050,2023-10,STATUS_INCONSISTENT
LN105270,2022-07,BALANCE_MISMATCH
LN100445,2025-10,BALANCE_MISMATCH
LN104565,2023-03,DUPLICATE_RECORD
LN104246,2025-09,STATUS_INCONSISTENT
LN107952,2025-09,STATUS_INCONSISTENT
LN103264,2025-07,DATE_INVALID
LN103771,2025-12,STALE_UPDATE
LN100978,2023-10,STALE_UPDATE
LN103217,2023-01,BALANCE_MISMATCH
LN104740,2024-01,STATUS_INCONSISTENT
LN103598,2023-07,DATE_INVALID
LN103543,2025-09,STALE_UPDATE
LN104953,2024-03,BALANCE_MISMATCH
LN101149,2024-08,BALANCE_MISMATCH
LN106968,2025-02,BALANCE_MISMATCH
LN106383,2023-06,DOC_GAP
LN101597,2025-03,STATUS_INCONSISTENT
LN103815,2022-09,DOC_GAP
LN100195,2023-08,DUPLICATE_RECORD
LN103681,2025-01,DOC_GAP
LN102681,2022-09,STATUS_INCONSISTENT
LN102332,2024-05,DUPLICATE_RECORD
LN103103,2025-07,BALANCE_MISMATCH
LN102763,2023-07,STATUS_INCONSISTENT
LN107834,2025-07,STALE_UPDATE
LN106669,2024-11,STATUS_INCONSISTENT
LN104276,2023-04,DOC_GAP
LN106211,2024-04,BALANCE_MISMATCH
LN107217,2022-06,STATUS_INCONSISTENT
LN108447,2024-01,DUPLICATE_RECORD
LN105910,2022-06,BALANCE_MISMATCH
LN106016,2023-07,BALANCE_MISMATCH
LN106447,2024-09,STATUS_INCONSISTENT
LN103168,2025-11,STATUS_INCONSISTENT
LN100508,2025-11,DUPLICATE_RECORD
LN103721,2023-08,DOC_GAP
LN103158,2025-05,DOC_GAP
LN100437,2025-02,DUPLICATE_RECORD
LN101719,2023-07,STALE_UPDATE
LN103430,2023-03,STALE_UPDATE
LN106966,2025-02,STALE_UPDATE
LN108043,2022-12,BALANCE_MISMATCH
LN107880,2025-12,STALE_UPDATE
LN105546,2022-10,DATE_INVALID
LN106236,2025-10,BALANCE_MISMATCH
LN101792,2023-11,DUPLICATE_RECORD
LN107954,2024-02,STATUS_INCONSISTENT
LN103424,2025-11,DATE_INVALID
LN105896,2022-07,DATE_INVALID
LN103724,2024-08,BALANCE_MISMATCH
LN106843,2022-12,STATUS_INCONSISTENT
LN104904,2023-04,DATE_INVALID
LN104229,2024-08,DOC_GAP
LN101574,2024-12,STATUS_INCONSISTENT
LN106600,2025-04,DOC_GAP
LN103867,2025-07,DUPLICATE_RECORD
LN107509,2023-02,BALANCE_MISMATCH
LN107578,2024-05,DATE_INVALID
LN105745,2022-04,BALANCE_MISMATCH
LN102740,2023-07,BALANCE_MISMATCH
LN108113,2023-11,STALE_UPDATE
LN104014,2025-05,DOC_GAP
LN108187,2024-08,BALANCE_MISMATCH
LN107986,2025-04,BALANCE_MISMATCH
LN108336,2024-02,DUPLICATE_RECORD
LN104312,2022-10,STATUS_INCONSISTENT
LN106801,2023-09,BALANCE_MISMATCH
LN101208,2022-10,STALE_UPDATE
LN106425,2024-10,STATUS_INCONSISTENT
LN101157,2025-06,STATUS_INCONSISTENT
LN105260,2025-08,BALANCE_MISMATCH
LN104158,2024-01,DATE_INVALID
LN105680,2025-05,DATE_INVALID
LN108750,2023-06,STALE_UPDATE
LN102191,2025-06,DUPLICATE_RECORD
LN102447,2024-08,STATUS_INCONSISTENT
LN103230,2025-04,DATE_INVALID
LN104298,2025-06,DOC_GAP
LN102494,2023-07,STALE_UPDATE
LN107491,2024-02,DATE_INVALID
LN105244,2024-10,BALANCE_MISMATCH
LN108133,2024-12,BALANCE_MISMATCH
LN104728,2022-10,STALE_UPDATE
LN106432,2025-10,STALE_UPDATE
LN106638,2025-01,STALE_UPDATE
LN100139,2024-11,BALANCE_MISMATCH
LN104377,2022-12,STATUS_INCONSISTENT
LN100252,2023-03,DOC_GAP
LN101343,2025-01,STATUS_INCONSISTENT
LN106387,2025-10,STALE_UPDATE
LN106779,2025-06,STALE_UPDATE
LN102714,2023-04,STATUS_INCONSISTENT
LN108509,2024-12,STALE_UPDATE
LN100051,2022-11,STATUS_INCONSISTENT
LN105302,2022-11,STALE_UPDATE
LN101651,2024-01,BALANCE_MISMATCH
LN108268,2023-06,BALANCE_MISMATCH
LN100234,2024-12,DOC_GAP
LN103154,2023-05,DOC_GAP
LN105380,2024-09,BALANCE_MISMATCH
LN103761,2025-01,DOC_GAP
LN107493,2022-06,STALE_UPDATE
LN104718,2025-02,BALANCE_MISMATCH
LN104296,2024-10,STALE_UPDATE
LN105726,2025-02,BALANCE_MISMATCH
LN108298,2025-04,STATUS_INCONSISTENT
LN102967,2024-07,STATUS_INCONSISTENT
LN106103,2025-08,DOC_GAP
LN106084,2025-10,DOC_GAP
LN101860,2024-08,DOC_GAP
LN105950,2023-10,STATUS_INCONSISTENT
LN104692,2025-01,BALANCE_MISMATCH
LN108774,2025-11,STATUS_INCONSISTENT
LN108916,2025-01,STALE_UPDATE
LN105428,2023-03,STATUS_INCONSISTENT
LN100167,2022-03,STATUS_INCONSISTENT
LN100978,2022-12,DOC_GAP
LN101478,2023-01,BALANCE_MISMATCH
LN105349,2025-05,STALE_UPDATE
LN104595,2025-05,DOC_GAP
LN106645,2025-01,DOC_GAP
LN103885,2024-05,STATUS_INCONSISTENT
LN101310,2024-05,DOC_GAP
LN108950,2023-01,BALANCE_MISMATCH
LN100879,2024-06,BALANCE_MISMATCH
LN100952,2023-10,STATUS_INCONSISTENT
LN103374,2025-06,DATE_INVALID
LN107684,2023-06,BALANCE_MISMATCH
LN100931,2025-01,STATUS_INCONSISTENT
LN107996,2025-08,BALANCE_MISMATCH
LN102204,2023-09,DATE_INVALID
LN101920,2023-12,STALE_UPDATE
LN104457,2024-06,DATE_INVALID
LN103793,2024-09,DOC_GAP
LN101526,2023-04,STATUS_INCONSISTENT
LN101098,2022-08,DOC_GAP
LN104155,2022-08,STATUS_INCONSISTENT
LN106392,2025-01,DOC_GAP
LN108843,2022-11,STALE_UPDATE
LN100353,2025-07,STALE_UPDATE
LN106978,2025-08,DATE_INVALID
LN102360,2024-07,BALANCE_MISMATCH
LN101304,2025-09,BALANCE_MISMATCH
LN107217,2025-09,DUPLICATE_RECORD
LN103619,2022-08,STALE_UPDATE
LN107934,2024-12,STALE_UPDATE
LN101787,2023-04,DOC_GAP
LN103485,2022-12,BALANCE_MISMATCH
LN103031,2024-03,STATUS_INCONSISTENT
LN108308,2025-01,BALANCE_MISMATCH
LN104595,2025-12,STALE_UPDATE
LN102288,2025-09,DUPLICATE_RECORD
LN108247,2022-11,DUPLICATE_RECORD
LN104589,2025-08,BALANCE_MISMATCH
LN100671,2024-11,STALE_UPDATE
LN104804,2025-11,DATE_INVALID
LN103169,2024-12,STATUS_INCONSISTENT
LN105030,2025-08,STALE_UPDATE
LN103399,2024-02,DOC_GAP
LN108931,2022-08,STATUS_INCONSISTENT
LN103092,2024-10,STATUS_INCONSISTENT
LN100832,2023-07,STATUS_INCONSISTENT
LN108373,2022-05,DATE_INVALID
LN107222,2023-10,STALE_UPDATE
LN105629,2022-03,DATE_INVALID
LN102691,2024-09,STALE_UPDATE
LN100076,2023-04,DOC_GAP
LN103406,2024-07,STALE_UPDATE
LN101271,2023-09,STALE_UPDATE
LN105767,2024-10,DUPLICATE_RECORD
LN102885,2025-03,BALANCE_MISMATCH
LN102440,2023-09,DATE_INVALID
LN104985,2022-10,BALANCE_MISMATCH
LN105737,2025-04,BALANCE_MISMATCH
LN104456,2025-06,STATUS_INCONSISTENT
LN108008,2023-06,DATE_INVALID
LN107703,2023-07,DOC_GAP
LN100056,2024-05,DUPLICATE_RECORD
LN106641,2023-12,BALANCE_MISMATCH
LN107961,2025-06,DOC_GAP
LN105282,2025-09,BALANCE_MISMATCH
LN105666,2022-05,STATUS_INCONSISTENT
LN100592,2022-05,BALANCE_MISMATCH
LN105945,2022-12,DOC_GAP
LN104970,2025-05,STALE_UPDATE
LN102461,2025-01,STATUS_INCONSISTENT
LN106176,2024-02,DOC_GAP
LN101780,2023-12,STATUS_INCONSISTENT
LN103248,2021-12,STALE_UPDATE
LN104693,2025-05,BALANCE_MISMATCH
LN104123,2025-08,BALANCE_MISMATCH
LN105197,2025-06,STATUS_INCONSISTENT
LN102175,2025-12,DATE_INVALID
LN102248,2025-07,DATE_INVALID
LN108590,2025-11,STATUS_INCONSISTENT
LN108811,2024-02,BALANCE_MISMATCH
LN107151,2023-11,STATUS_INCONSISTENT
LN103430,2023-07,BALANCE_MISMATCH
LN107894,2024-12,DOC_GAP
LN101273,2024-02,STATUS_INCONSISTENT
LN106312,2023-12,DATE_INVALID
LN104749,2025-08,STATUS_INCONSISTENT
LN100046,2023-07,DATE_INVALID
LN102347,2025-02,STATUS_INCONSISTENT
LN104504,2021-07,STATUS_INCONSISTENT
LN103217,2024-06,STATUS_INCONSISTENT
LN105582,2025-02,STALE_UPDATE
LN104031,2023-11,STATUS_INCONSISTENT
LN105605,2022-08,STALE_UPDATE
LN104115,2024-04,BALANCE_MISMATCH
LN104710,2024-11,STALE_UPDATE
LN105436,2024-01,STATUS_INCONSISTENT
LN104630,2024-05,BALANCE_MISMATCH
LN104446,2023-12,BALANCE_MISMATCH
LN108467,2024-11,DATE_INVALID
LN101186,2025-07,DATE_INVALID
LN104982,2023-10,STATUS_INCONSISTENT
LN102444,2023-09,DATE_INVALID
LN100037,2025-07,STALE_UPDATE
LN108994,2022-11,BALANCE_MISMATCH
LN102722,2024-01,DOC_GAP
LN104678,2025-10,DUPLICATE_RECORD
LN100993,2023-09,BALANCE_MISMATCH
LN102727,2022-08,BALANCE_MISMATCH
LN107939,2024-05,STALE_UPDATE
LN107140,2025-12,DATE_INVALID
LN107597,2023-11,BALANCE_MISMATCH
LN106437,2025-04,DATE_INVALID
LN107241,2024-01,DOC_GAP
LN101358,2024-05,STALE_UPDATE
LN108486,2025-12,BALANCE_MISMATCH
LN108126,2025-07,BALANCE_MISMATCH
LN105157,2022-04,BALANCE_MISMATCH
LN101071,2024-02,DOC_GAP
LN108254,2024-08,STALE_UPDATE
LN108272,2022-01,DATE_INVALID
LN106198,2023-02,STATUS_INCONSISTENT
LN108875,2022-06,DATE_INVALID
LN104798,2025-09,STATUS_INCONSISTENT
LN104349,2025-09,STALE_UPDATE
LN104990,2025-02,BALANCE_MISMATCH
LN105950,2023-12,DATE_INVALID
LN105300,2023-08,DOC_GAP
LN104176,2024-01,STALE_UPDATE
LN102086,2024-08,STATUS_INCONSISTENT
LN104616,2024-05,DATE_INVALID
LN104387,2024-12,DOC_GAP
LN104159,2022-04,STATUS_INCONSISTENT
LN102833,2023-08,BALANCE_MISMATCH
LN101966,2022-11,STATUS_INCONSISTENT
LN104912,2025-08,STATUS_INCONSISTENT
LN104934,2023-09,BALANCE_MISMATCH
LN100978,2024-05,BALANCE_MISMATCH
LN105691,2024-05,DATE_INVALID
LN103808,2023-06,BALANCE_MISMATCH
LN106576,2025-03,BALANCE_MISMATCH
LN103671,2023-01,STALE_UPDATE
LN104776,2025-12,STATUS_INCONSISTENT
LN105210,2024-07,STALE_UPDATE
LN106174,2023-09,STALE_UPDATE
LN105288,2023-04,STALE_UPDATE
LN106013,2023-08,STALE_UPDATE
LN105174,2022-04,STALE_UPDATE
LN107811,2024-02,BALANCE_MISMATCH
LN106202,2023-10,DATE_INVALID
LN105217,2024-11,DUPLICATE_RECORD
LN108133,2022-08,STALE_UPDATE
LN101781,2025-03,BALANCE_MISMATCH
LN107610,2022-02,BALANCE_MISMATCH
LN105745,2024-01,STALE_UPDATE
LN107079,2024-10,BALANCE_MISMATCH
LN104391,2024-07,STATUS_INCONSISTENT
LN104845,2025-04,DATE_INVALID
LN101882,2022-08,BALANCE_MISMATCH
LN100340,2024-08,DATE_INVALID
LN106613,2025-03,STATUS_INCONSISTENT
LN107574,2023-08,BALANCE_MISMATCH
LN107293,2024-11,DATE_INVALID
LN102594,2025-01,STATUS_INCONSISTENT
LN107739,2024-05,DOC_GAP
LN106866,2024-09,BALANCE_MISMATCH
LN103575,2024-03,DOC_GAP
LN106905,2024-04,BALANCE_MISMATCH
LN106182,2023-09,BALANCE_MISMATCH
LN103065,2023-11,DATE_INVALID
LN101951,2024-04,STATUS_INCONSISTENT
LN101238,2022-12,DATE_INVALID
LN106680,2022-03,STATUS_INCONSISTENT
LN103715,2025-09,DUPLICATE_RECORD
LN108740,2024-08,STATUS_INCONSISTENT
LN107091,2024-10,STALE_UPDATE
LN105363,2024-06,DOC_GAP
LN100491,2024-10,DOC_GAP
LN103256,2024-11,BALANCE_MISMATCH
LN100395,2025-09,BALANCE_MISMATCH
LN102744,2025-12,BALANCE_MISMATCH
LN108445,2024-10,DATE_INVALID
LN106006,2022-10,BALANCE_MISMATCH
LN107895,2023-06,STALE_UPDATE
LN102276,2024-03,STALE_UPDATE
LN108353,2025-12,DOC_GAP
LN103349,2025-10,STALE_UPDATE
LN101543,2025-11,DUPLICATE_RECORD
LN100961,2023-01,STATUS_INCONSISTENT
LN105448,2024-05,BALANCE_MISMATCH
LN104782,2025-03,DUPLICATE_RECORD
LN108542,2024-01,DATE_INVALID
LN108520,2024-08,BALANCE_MISMATCH
LN103659,2024-10,BALANCE_MISMATCH
LN102593,2023-02,DOC_GAP
LN106402,2023-01,STALE_UPDATE
LN104995,2023-09,DOC_GAP
LN101038,2023-06,STATUS_INCONSISTENT
LN104748,2025-09,BALANCE_MISMATCH
LN108935,2025-01,STALE_UPDATE
LN103261,2025-04,BALANCE_MISMATCH
LN102705,2023-11,STALE_UPDATE
LN107877,2024-12,STATUS_INCONSISTENT
LN104118,2024-09,DATE_INVALID
LN105784,2025-06,DUPLICATE_RECORD
LN104092,2025-05,STATUS_INCONSISTENT
LN104878,2025-12,STATUS_INCONSISTENT
LN108243,2025-05,DUPLICATE_RECORD
LN100423,2024-09,DUPLICATE_RECORD
LN104463,2023-12,STATUS_INCONSISTENT
LN100364,2021-12,DATE_INVALID
LN106559,2022-11,STALE_UPDATE
LN102396,2025-05,STATUS_INCONSISTENT
LN100618,2024-03,BALANCE_MISMATCH
LN104383,2024-12,BALANCE_MISMATCH
LN106416,2025-03,STATUS_INCONSISTENT
LN107242,2024-09,DOC_GAP
LN107781,2022-04,DUPLICATE_RECORD
LN106474,2023-06,STALE_UPDATE
LN103078,2023-03,STATUS_INCONSISTENT
LN101988,2024-03,STALE_UPDATE
LN106254,2025-07,DUPLICATE_RECORD
LN101805,2023-08,STATUS_INCONSISTENT
LN101492,2023-05,DOC_GAP
LN106312,2022-11,BALANCE_MISMATCH
LN108098,2024-03,DATE_INVALID
LN107912,2023-12,STALE_UPDATE
LN108275,2024-10,STATUS_INCONSISTENT
LN100744,2024-06,DATE_INVALID
LN104193,2024-11,BALANCE_MISMATCH
LN100019,2023-06,DOC_GAP
LN106887,2023-06,DOC_GAP
LN106757,2025-03,STALE_UPDATE
LN106296,2022-12,DATE_INVALID
LN100449,2025-07,BALANCE_MISMATCH
LN104220,2025-02,STATUS_INCONSISTENT
LN103279,2025-04,DOC_GAP
LN104490,2023-09,STALE_UPDATE
LN106017,2022-07,BALANCE_MISMATCH
LN102574,2025-08,BALANCE_MISMATCH
LN100096,2024-12,BALANCE_MISMATCH
LN101481,2023-03,DATE_INVALID
LN104343,2023-06,STALE_UPDATE
LN101478,2024-07,DATE_INVALID
LN107982,2025-01,STALE_UPDATE
LN104842,2023-07,STATUS_INCONSISTENT
LN100974,2025-11,STALE_UPDATE
LN102166,2025-09,BALANCE_MISMATCH
LN107810,2024-10,STATUS_INCONSISTENT
LN105970,2024-03,DOC_GAP
LN105892,2023-05,DOC_GAP
LN108842,2024-07,BALANCE_MISMATCH
LN100375,2025-05,STALE_UPDATE
LN103328,2023-11,STATUS_INCONSISTENT
LN107851,2025-12,STATUS_INCONSISTENT
LN108845,2024-04,STALE_UPDATE
LN106488,2024-08,BALANCE_MISMATCH
LN102097,2025-07,DUPLICATE_RECORD
LN101556,2025-09,DATE_INVALID
LN101671,2025-07,STATUS_INCONSISTENT
LN107488,2023-04,DUPLICATE_RECORD
LN107454,2023-09,BALANCE_MISMATCH
LN108950,2022-07,DATE_INVALID
LN107113,2024-03,STALE_UPDATE
LN104991,2023-08,DOC_GAP
LN102146,2023-11,DOC_GAP
LN103051,2024-05,DATE_INVALID
LN101589,2021-09,DOC_GAP
LN105631,2024-06,DUPLICATE_RECORD
LN103600,2023-01,DATE_INVALID
LN101840,2024-01,BALANCE_MISMATCH
LN101192,2024-01,BALANCE_MISMATCH
LN104386,2023-11,DOC_GAP
LN102612,2023-07,BALANCE_MISMATCH
LN105551,2025-04,STATUS_INCONSISTENT
LN107665,2022-12,DOC_GAP
LN102547,2024-08,STATUS_INCONSISTENT
LN104822,2024-09,DUPLICATE_RECORD
LN106900,2022-07,STATUS_INCONSISTENT
LN103771,2024-02,STATUS_INCONSISTENT
LN107620,2025-06,BALANCE_MISMATCH
LN102850,2022-09,STATUS_INCONSISTENT
LN100031,2025-07,DUPLICATE_RECORD
LN107403,2023-01,DUPLICATE_RECORD
LN102407,2024-09,STATUS_INCONSISTENT
LN107233,2025-02,STALE_UPDATE
LN106598,2023-04,BALANCE_MISMATCH
LN101799,2025-11,BALANCE_MISMATCH
LN104260,2023-04,DOC_GAP
LN102314,2023-06,BALANCE_MISMATCH
LN103625,2024-06,STALE_UPDATE
LN100722,2025-03,DATE_INVALID
LN105559,2024-05,STALE_UPDATE
LN103038,2023-01,BALANCE_MISMATCH
LN100048,2024-06,STATUS_INCONSISTENT
LN105888,2024-02,STATUS_INCONSISTENT
LN103605,2022-04,BALANCE_MISMATCH
LN107096,2024-11,STALE_UPDATE
LN104930,2023-07,BALANCE_MISMATCH
LN108142,2023-01,BALANCE_MISMATCH
LN103201,2024-12,STALE_UPDATE
LN106017,2023-11,BALANCE_MISMATCH
LN107334,2023-10,BALANCE_MISMATCH
LN102365,2022-10,DUPLICATE_RECORD
LN105697,2025-04,DATE_INVALID
LN106787,2025-02,STALE_UPDATE
LN102509,2022-10,STALE_UPDATE
LN101777,2022-06,BALANCE_MISMATCH
LN107611,2022-02,DOC_GAP
LN100577,2023-05,DUPLICATE_RECORD
LN100802,2024-06,BALANCE_MISMATCH
LN105541,2022-03,DUPLICATE_RECORD
LN107676,2025-06,STATUS_INCONSISTENT
LN100789,2023-03,DOC_GAP
LN102233,2024-07,DATE_INVALID
LN104113,2025-01,DOC_GAP
LN101498,2023-12,DOC_GAP
LN106095,2025-02,DATE_INVALID
LN107747,2022-02,STATUS_INCONSISTENT
LN107700,2025-01,STATUS_INCONSISTENT
LN106957,2025-09,DOC_GAP
LN106975,2025-12,DOC_GAP
LN101093,2025-11,DOC_GAP
LN108602,2022-05,STATUS_INCONSISTENT
LN107488,2021-07,STALE_UPDATE
LN108133,2022-11,STATUS_INCONSISTENT
LN107442,2025-02,DATE_INVALID
LN106119,2022-08,STALE_UPDATE
LN102561,2024-10,BALANCE_MISMATCH
LN103008,2024-08,DOC_GAP
LN108005,2024-09,DATE_INVALID
LN102997,2023-11,DOC_GAP
LN104565,2022-10,STALE_UPDATE
LN102344,2024-09,BALANCE_MISMATCH
LN103707,2025-08,STATUS_INCONSISTENT
LN101634,2024-03,BALANCE_MISMATCH
LN106229,2024-07,DATE_INVALID
LN107720,2025-11,DATE_INVALID
LN101785,2024-04,BALANCE_MISMATCH
LN102946,2025-12,DOC_GAP
LN103686,2023-10,STATUS_INCONSISTENT
LN104788,2023-03,DATE_INVALID
LN105772,2024-06,DUPLICATE_RECORD
LN102134,2023-08,DOC_GAP
LN108516,2023-05,STATUS_INCONSISTENT
LN101045,2022-01,STATUS_INCONSISTENT
LN102262,2025-09,DATE_INVALID
LN107158,2022-10,DATE_INVALID
LN107812,2025-11,DOC_GAP
LN102105,2024-06,BALANCE_MISMATCH
LN107729,2025-05,STATUS_INCONSISTENT
LN102002,2024-02,BALANCE_MISMATCH
LN100718,2023-01,STALE_UPDATE
LN108486,2023-12,DUPLICATE_RECORD
LN108234,2023-12,BALANCE_MISMATCH
LN108623,2025-01,STALE_UPDATE
LN107198,2024-07,DATE_INVALID
LN107864,2022-10,STALE_UPDATE
LN105815,2023-02,DOC_GAP
LN106525,2022-09,STATUS_INCONSISTENT
LN106393,2023-12,DOC_GAP
LN102656,2024-05,BALANCE_MISMATCH
LN104434,2024-10,STATUS_INCONSISTENT
LN105944,2023-05,BALANCE_MISMATCH
LN100338,2022-11,STATUS_INCONSISTENT
LN104313,2022-10,STATUS_INCONSISTENT
LN101675,2025-06,DUPLICATE_RECORD
LN101704,2024-09,DATE_INVALID
LN106067,2025-08,STALE_UPDATE
LN103815,2024-05,STATUS_INCONSISTENT
LN103216,2023-08,STALE_UPDATE
LN108531,2025-11,BALANCE_MISMATCH
LN102447,2024-06,STALE_UPDATE
LN102419,2025-07,DOC_GAP
LN102604,2025-08,DATE_INVALID
LN106125,2023-12,STATUS_INCONSISTENT
LN107672,2024-09,STATUS_INCONSISTENT
LN107990,2022-08,DATE_INVALID
LN100586,2024-03,BALANCE_MISMATCH
LN106533,2022-09,DOC_GAP
LN105409,2024-11,STATUS_INCONSISTENT
LN106290,2023-11,STATUS_INCONSISTENT
LN103385,2024-09,STALE_UPDATE
LN105383,2024-01,STATUS_INCONSISTENT
LN107129,2025-01,DOC_GAP
LN108159,2024-02,STATUS_INCONSISTENT
LN105674,2024-07,DATE_INVALID
LN103304,2022-09,BALANCE_MISMATCH
LN104831,2023-01,STATUS_INCONSISTENT
LN103732,2024-10,STALE_UPDATE
LN103241,2024-01,STATUS_INCONSISTENT
LN100658,2023-10,BALANCE_MISMATCH
LN106255,2023-12,BALANCE_MISMATCH
LN102123,2024-05,STALE_UPDATE
LN102150,2024-01,DUPLICATE_RECORD
LN105884,2025-12,BALANCE_MISMATCH
LN105826,2022-02,STALE_UPDATE
LN106199,2023-12,STALE_UPDATE
LN107248,2024-08,BALANCE_MISMATCH
LN108294,2022-03,STALE_UPDATE
LN104229,2022-04,STALE_UPDATE
LN107142,2025-05,BALANCE_MISMATCH
LN104912,2024-09,STALE_UPDATE
LN102469,2025-10,DUPLICATE_RECORD
LN107599,2023-02,STALE_UPDATE
LN108290,2025-07,DATE_INVALID
LN104457,2022-11,DATE_INVALID
LN106898,2025-12,BALANCE_MISMATCH
LN105456,2025-10,BALANCE_MISMATCH
LN106518,2022-09,DOC_GAP
LN105815,2025-09,DOC_GAP
LN103912,2025-10,BALANCE_MISMATCH
LN101179,2021-11,DUPLICATE_RECORD
LN107246,2023-04,STALE_UPDATE
LN102137,2024-07,STATUS_INCONSISTENT
LN102061,2025-02,DUPLICATE_RECORD
LN106979,2024-01,STALE_UPDATE
LN100871,2022-12,BALANCE_MISMATCH
LN102221,2024-12,STALE_UPDATE
LN108418,2025-07,STALE_UPDATE
LN102442,2024-01,BALANCE_MISMATCH
LN107507,2025-12,DATE_INVALID
LN108415,2024-06,BALANCE_MISMATCH
LN108352,2025-04,BALANCE_MISMATCH
LN101363,2023-08,STALE_UPDATE
LN104835,2024-06,DATE_INVALID
LN103367,2023-10,STALE_UPDATE
LN100383,2023-05,BALANCE_MISMATCH
LN101847,2024-03,DATE_INVALID
LN100548,2024-11,DUPLICATE_RECORD
LN103535,2022-11,BALANCE_MISMATCH
LN108604,2025-02,DUPLICATE_RECORD
LN100652,2023-02,STATUS_INCONSISTENT
LN100049,2024-04,BALANCE_MISMATCH
LN107727,2025-01,BALANCE_MISMATCH
LN100051,2024-11,DUPLICATE_RECORD
LN104048,2025-03,BALANCE_MISMATCH
LN105395,2023-06,DOC_GAP
LN102261,2025-10,DATE_INVALID
LN104776,2023-05,BALANCE_MISMATCH
LN108482,2025-12,STATUS_INCONSISTENT
LN100029,2025-08,STATUS_INCONSISTENT
LN101098,2022-05,DUPLICATE_RECORD
LN101575,2025-07,DOC_GAP
LN105699,2024-09,DUPLICATE_RECORD
LN104298,2023-04,STALE_UPDATE
LN100815,2024-09,DATE_INVALID
LN102974,2021-12,BALANCE_MISMATCH
LN104303,2022-06,DATE_INVALID
LN100008,2022-05,DOC_GAP
LN100068,2024-04,DATE_INVALID
LN107218,2022-11,DOC_GAP
LN108230,2025-07,STALE_UPDATE
LN106991,2024-06,STATUS_INCONSISTENT
LN102394,2023-05,BALANCE_MISMATCH
LN107378,2024-11,BALANCE_MISMATCH
LN107993,2025-12,STATUS_INCONSISTENT
LN100734,2023-06,STALE_UPDATE
LN104605,2024-11,BALANCE_MISMATCH
LN101746,2025-10,STATUS_INCONSISTENT
LN106746,2025-06,STATUS_INCONSISTENT
LN103404,2025-07,DUPLICATE_RECORD
LN107116,2025-07,DATE_INVALID
LN107060,2025-01,BALANCE_MISMATCH
LN100518,2024-02,STATUS_INCONSISTENT
LN106434,2023-11,DATE_INVALID
LN100952,2024-08,DUPLICATE_RECORD
LN104070,2023-01,DUPLICATE_RECORD
LN100398,2024-03,DUPLICATE_RECORD
LN104253,2023-08,STALE_UPDATE
LN107140,2023-08,DATE_INVALID
LN103514,2022-06,STALE_UPDATE
LN106874,2023-06,BALANCE_MISMATCH
LN101360,2023-05,STATUS_INCONSISTENT
LN101408,2025-09,STATUS_INCONSISTENT
LN100651,2024-10,STATUS_INCONSISTENT
LN102638,2022-12,STATUS_INCONSISTENT
LN107586,2024-07,STALE_UPDATE
LN107208,2025-05,DOC_GAP
LN106546,2024-05,DOC_GAP
LN101431,2023-11,STATUS_INCONSISTENT
LN106107,2025-03,BALANCE_MISMATCH
LN103541,2023-09,BALANCE_MISMATCH
LN104464,2024-03,BALANCE_MISMATCH
LN103296,2022-11,STALE_UPDATE
LN105779,2025-04,DUPLICATE_RECORD
LN108031,2023-10,DUPLICATE_RECORD
LN106284,2024-05,DATE_INVALID
LN100449,2024-05,DATE_INVALID
LN106762,2022-04,STATUS_INCONSISTENT
LN107470,2025-04,DUPLICATE_RECORD
LN105103,2023-08,STATUS_INCONSISTENT
LN107140,2022-05,DATE_INVALID
LN100625,2022-05,DOC_GAP
LN104300,2022-09,STATUS_INCONSISTENT
LN107943,2023-10,STATUS_INCONSISTENT
LN108549,2023-12,DATE_INVALID
LN100138,2022-10,BALANCE_MISMATCH
LN106241,2022-09,BALANCE_MISMATCH
LN108473,2024-09,STATUS_INCONSISTENT
LN106335,2024-12,STATUS_INCONSISTENT
LN106684,2025-02,STALE_UPDATE
LN103599,2025-01,BALANCE_MISMATCH
LN101897,2024-12,DUPLICATE_RECORD
LN105849,2022-08,STATUS_INCONSISTENT
LN107845,2025-04,DATE_INVALID
LN104066,2025-07,BALANCE_MISMATCH
LN105684,2023-11,DUPLICATE_RECORD
LN101237,2022-09,BALANCE_MISMATCH
LN101454,2025-12,BALANCE_MISMATCH
LN104913,2023-12,STATUS_INCONSISTENT
LN105274,2025-08,BALANCE_MISMATCH
LN106377,2023-03,DOC_GAP
LN102741,2024-08,DOC_GAP
LN106605,2024-03,STATUS_INCONSISTENT
LN105689,2025-12,BALANCE_MISMATCH
LN105067,2025-09,DUPLICATE_RECORD
LN100007,2024-02,STATUS_INCONSISTENT
LN103987,2023-11,DATE_INVALID
LN104457,2025-09,STALE_UPDATE
LN107561,2023-11,STATUS_INCONSISTENT
LN104677,2023-09,DATE_INVALID
LN104770,2022-10,BALANCE_MISMATCH
LN106203,2024-10,STATUS_INCONSISTENT
LN104328,2023-05,BALANCE_MISMATCH
LN108782,2025-01,BALANCE_MISMATCH
LN108862,2024-04,STATUS_INCONSISTENT
LN108706,2024-02,DATE_INVALID
LN100695,2023-08,DOC_GAP
LN103571,2025-04,DUPLICATE_RECORD
LN106202,2024-02,DATE_INVALID
LN105014,2025-03,STATUS_INCONSISTENT
LN106613,2024-05,DATE_INVALID
LN102098,2024-05,STATUS_INCONSISTENT
LN100992,2024-07,STALE_UPDATE
LN103146,2023-10,DUPLICATE_RECORD
LN102021,2024-08,DOC_GAP
LN102840,2025-07,DOC_GAP
LN100575,2023-01,STALE_UPDATE
LN107931,2023-08,STALE_UPDATE
LN102297,2025-05,DATE_INVALID
LN108173,2025-07,STALE_UPDATE
LN104170,2023-07,BALANCE_MISMATCH
LN103048,2022-09,DOC_GAP
LN102977,2025-07,BALANCE_MISMATCH
LN103164,2022-07,STATUS_INCONSISTENT
LN107783,2025-06,STALE_UPDATE
LN106521,2025-06,DOC_GAP
LN102605,2024-04,BALANCE_MISMATCH
LN104490,2024-04,STATUS_INCONSISTENT
LN102369,2022-09,DATE_INVALID
LN101556,2025-11,STALE_UPDATE
LN101258,2024-04,STALE_UPDATE
LN107284,2023-10,DOC_GAP
LN101426,2024-04,BALANCE_MISMATCH
LN100364,2024-06,STALE_UPDATE
LN100322,2025-07,BALANCE_MISMATCH
LN108269,2023-05,STATUS_INCONSISTENT
LN105649,2025-11,DOC_GAP
LN106376,2022-08,BALANCE_MISMATCH
LN101237,2024-09,BALANCE_MISMATCH
LN103063,2022-04,DATE_INVALID
LN102981,2023-06,STATUS_INCONSISTENT
LN100000,2023-02,BALANCE_MISMATCH
LN101583,2024-05,DOC_GAP
LN100896,2024-04,BALANCE_MISMATCH
LN102604,2025-02,STATUS_INCONSISTENT
LN108498,2024-06,DOC_GAP
LN104158,2024-04,STATUS_INCONSISTENT
LN101645,2025-03,STALE_UPDATE
LN102634,2022-03,DATE_INVALID
LN108156,2024-02,DOC_GAP
LN105326,2024-09,DUPLICATE_RECORD
LN108746,2021-12,DATE_INVALID
LN105476,2024-11,DOC_GAP
LN107877,2025-08,BALANCE_MISMATCH
LN106138,2024-04,BALANCE_MISMATCH
LN104392,2024-12,DOC_GAP
LN106247,2024-10,BALANCE_MISMATCH
LN107830,2025-11,DUPLICATE_RECORD
LN100430,2022-07,STATUS_INCONSISTENT
LN102103,2023-11,DOC_GAP
LN101257,2024-02,BALANCE_MISMATCH
LN106776,2023-08,DATE_INVALID
LN101623,2022-11,STALE_UPDATE
LN105776,2025-06,DOC_GAP
LN101881,2025-07,DATE_INVALID
LN100414,2024-11,DOC_GAP
LN105424,2025-12,STALE_UPDATE
LN106514,2024-06,BALANCE_MISMATCH
LN107702,2025-08,STALE_UPDATE
LN108540,2023-07,STALE_UPDATE
LN105342,2024-01,BALANCE_MISMATCH
LN101518,2023-09,DUPLICATE_RECORD
LN108811,2025-02,DATE_INVALID
LN105456,2023-09,DUPLICATE_RECORD
LN100171,2024-04,STATUS_INCONSISTENT
LN104660,2025-01,STALE_UPDATE
LN107473,2022-11,DUPLICATE_RECORD
LN102322,2024-08,STATUS_INCONSISTENT
LN103654,2025-06,DATE_INVALID
LN102784,2025-07,BALANCE_MISMATCH
LN107987,2025-04,STALE_UPDATE
LN102686,2025-08,STATUS_INCONSISTENT
LN100921,2023-08,BALANCE_MISMATCH
LN103815,2022-05,STATUS_INCONSISTENT
LN102391,2025-12,DATE_INVALID
LN108553,2023-01,STALE_UPDATE
LN103219,2024-01,STATUS_INCONSISTENT
LN101136,2024-07,BALANCE_MISMATCH
LN106841,2025-05,DUPLICATE_RECORD
LN100604,2024-09,BALANCE_MISMATCH
LN107907,2024-06,BALANCE_MISMATCH
LN101071,2025-02,DUPLICATE_RECORD
LN101518,2024-08,STATUS_INCONSISTENT
LN101288,2023-05,BALANCE_MISMATCH
LN108554,2025-11,DATE_INVALID
LN106742,2023-05,BALANCE_MISMATCH
LN100701,2023-08,BALANCE_MISMATCH
LN101782,2024-12,BALANCE_MISMATCH
LN101207,2025-01,STALE_UPDATE
LN102844,2023-02,DATE_INVALID
LN103797,2024-11,STALE_UPDATE
LN100759,2025-08,BALANCE_MISMATCH
LN101323,2025-01,DATE_INVALID
LN107785,2025-11,BALANCE_MISMATCH
LN104541,2024-08,BALANCE_MISMATCH
LN102206,2022-12,STALE_UPDATE
LN103426,2025-04,STALE_UPDATE
LN101266,2025-03,STALE_UPDATE
LN102230,2024-04,DUPLICATE_RECORD
LN105594,2025-10,STATUS_INCONSISTENT
LN103727,2023-11,DUPLICATE_RECORD
LN107892,2023-07,DOC_GAP
LN103433,2024-02,STATUS_INCONSISTENT
LN100938,2023-11,DUPLICATE_RECORD
LN107526,2024-10,BALANCE_MISMATCH
LN100086,2025-11,STATUS_INCONSISTENT
LN107685,2025-11,DOC_GAP
LN100269,2025-11,DATE_INVALID
LN100991,2025-01,STATUS_INCONSISTENT
LN108191,2023-06,DATE_INVALID
LN103459,2024-12,DATE_INVALID
LN108629,2024-09,DOC_GAP
LN106492,2025-11,DATE_INVALID
LN104274,2022-06,STATUS_INCONSISTENT
LN107565,2025-12,STATUS_INCONSISTENT
LN103686,2022-10,DUPLICATE_RECORD
LN108525,2022-06,BALANCE_MISMATCH
LN100581,2025-06,BALANCE_MISMATCH
LN104099,2022-10,DUPLICATE_RECORD
LN101360,2023-10,STALE_UPDATE
LN104140,2024-11,STATUS_INCONSISTENT
LN105450,2022-11,DUPLICATE_RECORD
LN104147,2025-01,DATE_INVALID
LN101097,2025-12,STATUS_INCONSISTENT
LN100943,2024-06,STATUS_INCONSISTENT
LN100589,2025-03,STATUS_INCONSISTENT
LN105222,2025-06,DATE_INVALID
LN100512,2025-01,STATUS_INCONSISTENT
LN107398,2022-02,DUPLICATE_RECORD
LN101311,2024-05,BALANCE_MISMATCH
LN103876,2025-06,STALE_UPDATE
LN108981,2025-09,BALANCE_MISMATCH
LN104508,2024-07,BALANCE_MISMATCH
LN105314,2024-09,BALANCE_MISMATCH
LN105641,2023-04,BALANCE_MISMATCH
LN106912,2024-05,DATE_INVALID
LN105818,2023-06,DUPLICATE_RECORD
LN103288,2025-03,BALANCE_MISMATCH
LN103795,2024-12,STATUS_INCONSISTENT
LN100255,2022-05,DOC_GAP
LN106269,2025-01,BALANCE_MISMATCH
LN100154,2023-03,BALANCE_MISMATCH
LN108335,2023-04,BALANCE_MISMATCH
LN105514,2024-10,STATUS_INCONSISTENT
LN100168,2022-11,STATUS_INCONSISTENT
LN105618,2025-05,STATUS_INCONSISTENT
LN100165,2025-11,DOC_GAP
LN105028,2025-11,DUPLICATE_RECORD
LN108870,2022-06,STALE_UPDATE
LN106148,2023-03,DATE_INVALID
LN105988,2025-08,DUPLICATE_RECORD
LN107955,2021-12,STALE_UPDATE
LN106942,2023-10,BALANCE_MISMATCH
LN100398,2022-12,BALANCE_MISMATCH
LN106654,2024-09,BALANCE_MISMATCH
LN102923,2023-11,BALANCE_MISMATCH
LN106926,2024-01,STALE_UPDATE
LN107672,2024-02,STALE_UPDATE
LN108602,2023-03,STATUS_INCONSISTENT
LN106723,2023-12,DOC_GAP
LN105215,2023-02,STALE_UPDATE
LN102911,2023-05,BALANCE_MISMATCH
LN100848,2024-11,STATUS_INCONSISTENT
LN101882,2025-10,DOC_GAP
LN105984,2025-10,DOC_GAP
LN103879,2025-06,STATUS_INCONSISTENT
LN101757,2025-06,STATUS_INCONSISTENT
LN104193,2024-10,STATUS_INCONSISTENT
LN104246,2025-06,DATE_INVALID
LN103744,2025-07,DUPLICATE_RECORD
LN102597,2024-04,STATUS_INCONSISTENT
LN103746,2024-02,DATE_INVALID
LN103005,2023-06,DATE_INVALID
LN108483,2025-05,BALANCE_MISMATCH
LN105770,2023-01,STATUS_INCONSISTENT
LN106258,2024-03,DUPLICATE_RECORD
LN108847,2024-04,STATUS_INCONSISTENT
LN107215,2024-10,STALE_UPDATE
LN106044,2023-10,DUPLICATE_RECORD
LN100171,2023-11,DATE_INVALID
LN108879,2023-06,STALE_UPDATE
LN100731,2023-04,BALANCE_MISMATCH
LN100154,2023-10,STALE_UPDATE
LN106158,2025-04,STALE_UPDATE
LN104499,2025-05,DOC_GAP
LN107243,2025-01,DUPLICATE_RECORD
LN108602,2024-03,BALANCE_MISMATCH
LN102321,2022-08,DOC_GAP
LN101597,2024-05,DUPLICATE_RECORD
LN102030,2025-07,BALANCE_MISMATCH
LN102180,2025-05,BALANCE_MISMATCH
LN105370,2024-10,BALANCE_MISMATCH
LN104117,2022-06,STALE_UPDATE
LN108161,2025-09,BALANCE_MISMATCH
LN102100,2025-02,STATUS_INCONSISTENT
LN103685,2022-03,BALANCE_MISMATCH
LN103398,2025-10,DUPLICATE_RECORD
LN103238,2025-12,STATUS_INCONSISTENT
LN103625,2024-11,BALANCE_MISMATCH
LN102060,2025-05,BALANCE_MISMATCH
LN104842,2021-11,BALANCE_MISMATCH
LN106686,2024-03,BALANCE_MISMATCH
LN104004,2025-12,BALANCE_MISMATCH
LN106989,2024-09,STALE_UPDATE
LN104799,2024-05,DATE_INVALID
LN104497,2023-05,BALANCE_MISMATCH
LN106059,2024-11,DUPLICATE_RECORD
LN103199,2024-09,STATUS_INCONSISTENT
LN105738,2023-07,STALE_UPDATE
LN104045,2022-07,STATUS_INCONSISTENT
LN103249,2023-12,DATE_INVALID
LN107995,2025-02,DUPLICATE_RECORD
LN103638,2025-05,STALE_UPDATE
LN108639,2025-03,STALE_UPDATE
LN104030,2023-07,STALE_UPDATE
LN101295,2024-01,STATUS_INCONSISTENT
LN103975,2024-03,BALANCE_MISMATCH
LN107158,2025-05,DATE_INVALID
LN103857,2022-09,BALANCE_MISMATCH
LN108264,2023-11,DUPLICATE_RECORD
LN108977,2023-01,STALE_UPDATE
LN103776,2024-01,DATE_INVALID
LN104045,2024-02,DUPLICATE_RECORD
LN107233,2024-07,STATUS_INCONSISTENT
LN105812,2024-12,STALE_UPDATE
LN102191,2024-11,DATE_INVALID
LN101867,2025-11,STALE_UPDATE
LN101163,2025-04,DOC_GAP
LN106769,2024-10,BALANCE_MISMATCH
LN103724,2024-09,STALE_UPDATE
LN102803,2024-08,BALANCE_MISMATCH
LN103078,2024-06,BALANCE_MISMATCH
LN101428,2024-08,STATUS_INCONSISTENT
LN106302,2022-08,DATE_INVALID
LN105452,2025-06,STALE_UPDATE
LN108786,2022-09,STALE_UPDATE
LN108511,2023-11,STALE_UPDATE
LN106108,2025-11,STALE_UPDATE
LN107728,2024-02,STALE_UPDATE
LN103653,2023-08,STALE_UPDATE
LN101716,2023-11,DATE_INVALID
LN102417,2023-06,STATUS_INCONSISTENT
LN101941,2022-08,BALANCE_MISMATCH
LN106882,2025-03,STALE_UPDATE
LN103918,2021-10,DOC_GAP
LN104857,2025-01,DATE_INVALID
LN101175,2024-10,STATUS_INCONSISTENT
LN103321,2025-09,STATUS_INCONSISTENT
LN107180,2023-06,BALANCE_MISMATCH
LN108911,2023-08,DUPLICATE_RECORD
LN108571,2022-02,DUPLICATE_RECORD
LN101625,2025-01,STATUS_INCONSISTENT
LN106474,2024-04,DOC_GAP
LN108866,2025-03,DOC_GAP
LN100217,2022-11,DUPLICATE_RECORD
LN100074,2024-08,STATUS_INCONSISTENT
LN101792,2023-02,DATE_INVALID
LN105027,2025-07,DATE_INVALID
LN104616,2024-07,STATUS_INCONSISTENT
LN100821,2023-12,BALANCE_MISMATCH
LN102826,2022-10,STATUS_INCONSISTENT
LN102551,2022-12,DOC_GAP
LN100375,2021-11,STALE_UPDATE
LN100865,2025-02,STATUS_INCONSISTENT
LN104118,2023-07,STALE_UPDATE
LN100625,2023-06,STALE_UPDATE
LN103350,2023-02,DOC_GAP
LN104740,2023-12,DUPLICATE_RECORD
LN104053,2024-12,BALANCE_MISMATCH
LN104747,2023-08,STALE_UPDATE
LN108468,2025-10,STATUS_INCONSISTENT
LN102399,2025-10,STALE_UPDATE
LN108309,2023-08,BALANCE_MISMATCH
LN106027,2025-07,BALANCE_MISMATCH
LN108558,2025-08,DOC_GAP
LN101950,2025-06,DATE_INVALID
LN101585,2025-01,STATUS_INCONSISTENT
LN103691,2023-12,DATE_INVALID
LN107843,2025-12,STATUS_INCONSISTENT
LN105333,2025-08,DATE_INVALID
LN105612,2023-11,DATE_INVALID
LN106869,2024-07,DOC_GAP
LN107929,2024-12,STALE_UPDATE
LN101304,2025-08,DOC_GAP
LN100583,2023-06,BALANCE_MISMATCH
LN103395,2024-07,DATE_INVALID
LN100218,2023-11,BALANCE_MISMATCH
LN104155,2023-04,BALANCE_MISMATCH
LN101239,2023-12,DOC_GAP
LN104813,2023-10,DATE_INVALID
LN105999,2025-02,BALANCE_MISMATCH
LN105158,2023-11,STALE_UPDATE
LN106724,2024-06,STATUS_INCONSISTENT
LN102601,2023-04,STALE_UPDATE
LN105011,2025-01,DUPLICATE_RECORD
LN107973,2022-04,BALANCE_MISMATCH
LN105085,2022-10,BALANCE_MISMATCH
LN106718,2023-11,DATE_INVALID
LN108498,2025-07,BALANCE_MISMATCH
LN102781,2024-11,STATUS_INCONSISTENT
LN101814,2024-08,STATUS_INCONSISTENT
LN102744,2022-08,DOC_GAP
LN105799,2025-02,DOC_GAP
LN107526,2025-08,BALANCE_MISMATCH
LN102109,2022-09,STALE_UPDATE
LN108445,2023-06,DOC_GAP
LN108029,2024-09,BALANCE_MISMATCH
LN101921,2025-04,STATUS_INCONSISTENT
LN100000,2021-11,STALE_UPDATE
LN106742,2025-08,STATUS_INCONSISTENT
LN108877,2022-12,DATE_INVALID
LN101191,2023-04,DATE_INVALID
LN102604,2024-09,STATUS_INCONSISTENT
LN102856,2024-05,BALANCE_MISMATCH
LN107329,2022-12,BALANCE_MISMATCH
LN108682,2023-06,STATUS_INCONSISTENT
LN100695,2023-04,STATUS_INCONSISTENT
LN102737,2025-07,STALE_UPDATE
LN106461,2024-05,BALANCE_MISMATCH
LN108931,2025-03,STALE_UPDATE
LN102891,2023-07,DUPLICATE_RECORD
LN106834,2024-11,STALE_UPDATE
LN104617,2023-12,BALANCE_MISMATCH
LN108422,2022-12,STALE_UPDATE
LN100875,2025-07,STALE_UPDATE
LN103684,2025-04,DOC_GAP
LN107488,2024-06,BALANCE_MISMATCH
LN108008,2024-10,DUPLICATE_RECORD
LN101221,2024-09,STATUS_INCONSISTENT
LN104981,2025-09,DATE_INVALID
LN106949,2025-11,BALANCE_MISMATCH
LN104466,2024-06,BALANCE_MISMATCH
LN107957,2025-02,BALANCE_MISMATCH
LN106298,2023-07,DATE_INVALID
LN106180,2023-02,DATE_INVALID
LN103189,2025-06,DUPLICATE_RECORD
LN104103,2021-11,BALANCE_MISMATCH
LN102602,2024-05,DOC_GAP
LN108809,2024-10,STATUS_INCONSISTENT
LN100126,2024-07,STATUS_INCONSISTENT
LN102515,2025-06,BALANCE_MISMATCH
LN106761,2023-02,DATE_INVALID
LN104901,2024-05,STALE_UPDATE
LN101909,2025-06,DUPLICATE_RECORD
LN106444,2025-12,STATUS_INCONSISTENT
LN101882,2023-08,DATE_INVALID
LN101607,2025-08,BALANCE_MISMATCH
LN107092,2023-03,STATUS_INCONSISTENT
LN103442,2025-03,BALANCE_MISMATCH
LN100545,2023-04,DATE_INVALID
LN105849,2024-09,BALANCE_MISMATCH
LN101478,2025-08,BALANCE_MISMATCH
LN101065,2022-11,DOC_GAP
LN102922,2023-06,STALE_UPDATE
LN101433,2023-10,BALANCE_MISMATCH
LN101903,2023-09,DOC_GAP
LN100788,2023-12,STATUS_INCONSISTENT
LN100364,2023-04,BALANCE_MISMATCH
LN106023,2025-05,STALE_UPDATE
LN107532,2024-08,DATE_INVALID
LN105729,2022-12,DATE_INVALID
LN102956,2022-01,BALANCE_MISMATCH
LN100660,2022-05,DOC_GAP
LN104913,2025-07,BALANCE_MISMATCH
LN106420,2024-02,BALANCE_MISMATCH
LN102252,2023-06,STATUS_INCONSISTENT
LN106550,2025-12,DATE_INVALID
LN104441,2024-10,BALANCE_MISMATCH
LN103551,2023-07,STALE_UPDATE
LN107134,2023-07,STALE_UPDATE
LN102940,2025-04,STATUS_INCONSISTENT
LN107730,2025-11,STALE_UPDATE
LN107368,2024-01,DUPLICATE_RECORD
LN106900,2024-05,DOC_GAP
LN103750,2024-07,STATUS_INCONSISTENT
LN107849,2025-03,STATUS_INCONSISTENT
LN100398,2022-06,DUPLICATE_RECORD
LN106866,2023-11,STALE_UPDATE
LN102694,2025-06,DUPLICATE_RECORD
LN101266,2024-10,BALANCE_MISMATCH
LN100934,2024-04,DATE_INVALID
LN101581,2023-09,STALE_UPDATE
LN102510,2022-10,BALANCE_MISMATCH
LN104659,2023-12,BALANCE_MISMATCH
LN108870,2024-02,DOC_GAP
LN106349,2024-08,DOC_GAP
LN108949,2024-05,BALANCE_MISMATCH
LN106286,2022-08,STATUS_INCONSISTENT
LN103952,2025-10,DATE_INVALID
LN108256,2025-01,DOC_GAP
LN106482,2025-05,DUPLICATE_RECORD
LN103053,2024-06,DOC_GAP
LN101546,2024-08,BALANCE_MISMATCH
LN100004,2024-09,DOC_GAP
LN103970,2023-09,BALANCE_MISMATCH
LN107443,2023-07,DOC_GAP
LN106587,2024-10,STALE_UPDATE
LN105357,2024-05,DOC_GAP
LN100999,2023-08,STATUS_INCONSISTENT
LN107579,2025-04,STATUS_INCONSISTENT
LN105332,2025-07,DUPLICATE_RECORD
LN102048,2024-11,STATUS_INCONSISTENT
LN107580,2024-09,DOC_GAP
LN100155,2025-02,DATE_INVALID
LN101188,2024-09,STATUS_INCONSISTENT
LN100648,2025-05,BALANCE_MISMATCH
LN107317,2024-12,DATE_INVALID
LN103059,2023-06,STATUS_INCONSISTENT
LN100316,2024-08,STATUS_INCONSISTENT
LN102508,2023-12,DATE_INVALID
LN102838,2022-12,STATUS_INCONSISTENT
LN103439,2024-08,DATE_INVALID
LN104610,2023-05,STATUS_INCONSISTENT
LN108819,2023-09,BALANCE_MISMATCH
LN102120,2025-04,STALE_UPDATE
LN103870,2025-10,STATUS_INCONSISTENT
LN106347,2025-11,DOC_GAP
LN103406,2025-01,DUPLICATE_RECORD
LN107458,2025-06,DOC_GAP
LN101665,2025-09,STATUS_INCONSISTENT
LN104604,2023-12,STALE_UPDATE
LN101531,2022-06,BALANCE_MISMATCH
LN100695,2024-05,BALANCE_MISMATCH
LN102276,2022-12,DOC_GAP
LN101084,2022-11,DATE_INVALID
LN103087,2022-03,DUPLICATE_RECORD
LN100619,2024-08,STATUS_INCONSISTENT
LN107723,2022-12,STALE_UPDATE
LN101476,2023-06,DATE_INVALID
LN108008,2024-05,BALANCE_MISMATCH
LN101855,2025-01,BALANCE_MISMATCH
LN107406,2025-03,STATUS_INCONSISTENT
LN103522,2025-02,STALE_UPDATE
LN107816,2024-10,BALANCE_MISMATCH
LN102089,2025-09,BALANCE_MISMATCH
LN101060,2024-05,DOC_GAP
LN107738,2023-11,BALANCE_MISMATCH
LN105731,2023-06,STALE_UPDATE
LN100788,2025-12,BALANCE_MISMATCH
LN104799,2025-06,STALE_UPDATE
LN106241,2025-07,STALE_UPDATE
LN102422,2025-06,STALE_UPDATE
LN101936,2023-08,STATUS_INCONSISTENT
LN107599,2023-03,DOC_GAP
LN102634,2022-05,BALANCE_MISMATCH
LN102167,2024-12,DATE_INVALID
LN105067,2022-09,DUPLICATE_RECORD
LN107332,2023-01,BALANCE_MISMATCH
LN108364,2025-04,BALANCE_MISMATCH
LN103394,2023-02,BALANCE_MISMATCH
LN107630,2022-10,DUPLICATE_RECORD
LN106502,2023-08,BALANCE_MISMATCH
LN106037,2025-08,STATUS_INCONSISTENT
LN107989,2022-06,STALE_UPDATE
LN104123,2024-10,STATUS_INCONSISTENT
LN104664,2023-10,BALANCE_MISMATCH
LN104742,2024-05,DOC_GAP
LN106382,2025-06,STALE_UPDATE
LN107822,2025-11,STALE_UPDATE
LN105798,2023-06,STATUS_INCONSISTENT
LN104814,2025-06,DUPLICATE_RECORD
LN107636,2024-03,DATE_INVALID
LN100355,2025-03,BALANCE_MISMATCH
LN107001,2023-08,STALE_UPDATE
LN103644,2025-03,DOC_GAP
LN101753,2024-08,STALE_UPDATE
LN105758,2023-12,STATUS_INCONSISTENT
LN101908,2023-09,STATUS_INCONSISTENT
LN101320,2025-05,DOC_GAP
LN108987,2022-11,STATUS_INCONSISTENT
LN107538,2024-03,STATUS_INCONSISTENT
LN100944,2023-12,DUPLICATE_RECORD
LN102901,2024-06,DOC_GAP
LN103098,2023-08,BALANCE_MISMATCH
LN102859,2025-11,BALANCE_MISMATCH
LN105955,2024-03,STATUS_INCONSISTENT
LN108935,2024-04,DATE_INVALID
LN101476,2024-03,BALANCE_MISMATCH
LN101639,2025-07,BALANCE_MISMATCH
LN100211,2025-12,BALANCE_MISMATCH
LN102675,2024-03,STATUS_INCONSISTENT
LN105267,2024-08,DOC_GAP
LN104343,2023-09,STALE_UPDATE
LN101154,2024-10,BALANCE_MISMATCH
LN106693,2024-05,DUPLICATE_RECORD
LN105755,2025-06,DOC_GAP
LN104011,2025-12,BALANCE_MISMATCH
LN107945,2025-05,DOC_GAP
LN104069,2023-11,DATE_INVALID
LN104810,2022-07,STATUS_INCONSISTENT
LN100616,2023-12,DATE_INVALID
LN102502,2024-11,DATE_INVALID
LN108043,2022-04,DATE_INVALID
LN105712,2024-04,DATE_INVALID
LN107551,2023-08,DATE_INVALID
LN108498,2023-08,BALANCE_MISMATCH
LN103519,2025-05,DATE_INVALID
LN108580,2023-02,BALANCE_MISMATCH
LN100396,2025-03,BALANCE_MISMATCH
LN102209,2021-12,BALANCE_MISMATCH
LN100884,2025-07,BALANCE_MISMATCH
LN102182,2023-12,DATE_INVALID
LN106348,2025-11,DOC_GAP
LN107046,2025-03,DOC_GAP
LN106313,2021-12,DOC_GAP
LN107235,2024-02,BALANCE_MISMATCH
LN108306,2023-06,STATUS_INCONSISTENT
LN106393,2025-07,DOC_GAP
LN100250,2022-04,STALE_UPDATE
LN108931,2022-04,DUPLICATE_RECORD
LN102123,2025-12,STALE_UPDATE
LN103781,2023-01,BALANCE_MISMATCH
LN108166,2024-02,STATUS_INCONSISTENT
LN107034,2024-07,STALE_UPDATE
LN104759,2024-08,STALE_UPDATE
LN108981,2025-06,BALANCE_MISMATCH
LN106753,2025-11,STALE_UPDATE
LN106313,2023-01,STATUS_INCONSISTENT
LN106518,2022-12,DATE_INVALID
LN105625,2025-01,STALE_UPDATE
LN102152,2024-08,DUPLICATE_RECORD
LN102837,2025-12,STALE_UPDATE
LN105530,2023-11,DOC_GAP
LN102569,2025-07,STALE_UPDATE
LN106407,2024-06,STATUS_INCONSISTENT
LN102469,2023-12,STALE_UPDATE
LN102838,2023-11,BALANCE_MISMATCH
LN102945,2023-02,STATUS_INCONSISTENT
LN106286,2022-12,DATE_INVALID
LN101896,2023-10,BALANCE_MISMATCH
LN104749,2024-05,STATUS_INCONSISTENT
LN107307,2022-12,STALE_UPDATE
LN108705,2024-12,DATE_INVALID
LN102682,2025-02,STATUS_INCONSISTENT
LN106970,2022-06,DATE_INVALID
LN105679,2025-01,BALANCE_MISMATCH
LN102935,2022-06,STALE_UPDATE
LN101311,2023-11,STALE_UPDATE
LN105455,2023-12,STATUS_INCONSISTENT
LN108604,2024-05,DATE_INVALID
LN102590,2024-03,BALANCE_MISMATCH
LN100591,2024-09,BALANCE_MISMATCH
LN101174,2024-10,STALE_UPDATE
LN104246,2023-03,DUPLICATE_RECORD
LN106048,2024-01,DOC_GAP
LN108189,2023-10,DOC_GAP
LN103490,2022-12,STALE_UPDATE
LN104239,2024-09,DOC_GAP
LN100941,2024-07,DATE_INVALID
LN105915,2021-12,STALE_UPDATE
LN105199,2025-06,DOC_GAP
LN101917,2024-04,STALE_UPDATE
LN103184,2025-04,DOC_GAP
LN101879,2025-08,DATE_INVALID
LN101923,2023-08,DATE_INVALID
LN100851,2025-03,STALE_UPDATE
LN108456,2024-12,STATUS_INCONSISTENT
LN102932,2023-04,BALANCE_MISMATCH
LN100770,2024-04,DOC_GAP
LN102711,2023-09,STATUS_INCONSISTENT
LN106866,2025-08,BALANCE_MISMATCH
LN105939,2023-08,STATUS_INCONSISTENT
LN104389,2025-04,STATUS_INCONSISTENT
LN104930,2025-05,DUPLICATE_RECORD
LN107251,2023-09,STATUS_INCONSISTENT
LN104388,2024-06,BALANCE_MISMATCH
LN108189,2023-02,STALE_UPDATE
LN100698,2023-05,DUPLICATE_RECORD
LN105029,2023-05,DOC_GAP
LN100779,2025-01,STATUS_INCONSISTENT
LN106523,2025-04,BALANCE_MISMATCH
LN107524,2023-05,STATUS_INCONSISTENT
LN105510,2024-05,STALE_UPDATE
LN108266,2022-12,DATE_INVALID
LN101503,2023-09,STALE_UPDATE
LN101682,2021-12,DUPLICATE_RECORD
LN100134,2024-07,BALANCE_MISMATCH
LN103849,2023-06,STATUS_INCONSISTENT
LN108597,2023-05,BALANCE_MISMATCH
LN105095,2024-12,STALE_UPDATE
LN104616,2025-07,STALE_UPDATE
LN106298,2025-09,STATUS_INCONSISTENT
LN103451,2025-06,DATE_INVALID
LN101974,2024-10,DOC_GAP
LN103718,2025-05,BALANCE_MISMATCH
LN102230,2025-04,STATUS_INCONSISTENT
LN103563,2025-11,STALE_UPDATE
LN107719,2022-04,STALE_UPDATE
LN101156,2024-05,STALE_UPDATE
LN103617,2025-09,STALE_UPDATE
LN105950,2025-02,STALE_UPDATE
LN100269,2024-09,BALANCE_MISMATCH
LN108563,2024-02,STATUS_INCONSISTENT
LN106493,2023-12,STATUS_INCONSISTENT
LN105906,2023-02,DATE_INVALID
LN105724,2023-08,STALE_UPDATE
LN104875,2025-01,BALANCE_MISMATCH
LN101490,2024-04,BALANCE_MISMATCH
LN108649,2023-09,STATUS_INCONSISTENT
LN104490,2023-02,DUPLICATE_RECORD
LN108312,2024-07,DOC_GAP
LN105994,2022-01,DUPLICATE_RECORD
LN102562,2024-09,DATE_INVALID
LN100616,2023-10,BALANCE_MISMATCH
LN108082,2023-04,STATUS_INCONSISTENT
LN100897,2021-10,STALE_UPDATE
LN105000,2023-10,STATUS_INCONSISTENT
LN104583,2024-11,BALANCE_MISMATCH
LN108127,2024-01,DOC_GAP
LN106964,2025-06,DOC_GAP
LN108854,2024-09,STATUS_INCONSISTENT
LN102505,2024-02,DATE_INVALID
LN102892,2023-01,DATE_INVALID
LN107463,2025-06,STALE_UPDATE
LN102756,2024-09,STATUS_INCONSISTENT
LN106917,2022-08,DUPLICATE_RECORD
LN103448,2024-01,DOC_GAP
LN108477,2023-11,BALANCE_MISMATCH
LN107284,2025-01,STATUS_INCONSISTENT
LN102397,2022-11,DUPLICATE_RECORD
LN103255,2025-02,BALANCE_MISMATCH
LN105384,2022-08,DOC_GAP
LN106352,2022-09,BALANCE_MISMATCH
LN107216,2025-05,BALANCE_MISMATCH
LN102642,2024-11,BALANCE_MISMATCH
LN106459,2023-05,DUPLICATE_RECORD
LN102847,2024-12,STATUS_INCONSISTENT
LN100740,2025-11,STATUS_INCONSISTENT
LN105315,2023-11,STALE_UPDATE
LN103500,2024-09,STATUS_INCONSISTENT
LN108075,2024-07,BALANCE_MISMATCH
LN102075,2024-02,STALE_UPDATE
LN103093,2024-07,STATUS_INCONSISTENT
LN104224,2025-04,BALANCE_MISMATCH
LN100912,2023-05,BALANCE_MISMATCH
LN101681,2024-08,STALE_UPDATE
LN102474,2022-08,BALANCE_MISMATCH
LN100666,2024-04,STALE_UPDATE
LN104585,2024-04,DOC_GAP
LN100719,2024-05,DOC_GAP
LN100817,2023-04,STATUS_INCONSISTENT
LN100149,2023-09,DOC_GAP
LN108596,2025-12,BALANCE_MISMATCH
LN103878,2023-10,BALANCE_MISMATCH
LN104299,2021-11,BALANCE_MISMATCH
LN108615,2025-12,DATE_INVALID
LN100943,2023-07,DOC_GAP
LN102208,2022-04,DATE_INVALID
LN104293,2024-06,DOC_GAP
LN104329,2025-03,DATE_INVALID
LN102784,2025-01,DATE_INVALID
LN104726,2022-06,BALANCE_MISMATCH
LN105935,2023-10,STATUS_INCONSISTENT
LN102707,2023-08,STATUS_INCONSISTENT
LN102791,2025-12,DATE_INVALID
LN107208,2024-07,BALANCE_MISMATCH
LN108981,2025-11,DUPLICATE_RECORD
LN102475,2023-02,DOC_GAP
LN107067,2022-05,STATUS_INCONSISTENT
LN102686,2024-06,DATE_INVALID
LN105279,2023-02,BALANCE_MISMATCH
LN104990,2025-05,DATE_INVALID
LN102888,2025-03,STATUS_INCONSISTENT
LN108582,2024-10,BALANCE_MISMATCH
LN108578,2025-10,BALANCE_MISMATCH
LN103112,2022-02,STATUS_INCONSISTENT
LN101439,2025-02,DUPLICATE_RECORD
LN100815,2025-01,BALANCE_MISMATCH
LN107075,2024-11,STATUS_INCONSISTENT
LN108761,2023-11,DATE_INVALID
LN108420,2025-03,BALANCE_MISMATCH
LN107752,2023-02,STALE_UPDATE
LN106378,2023-12,BALANCE_MISMATCH
LN100064,2025-08,STATUS_INCONSISTENT
LN103935,2024-10,DATE_INVALID
LN100997,2025-11,BALANCE_MISMATCH
LN105568,2022-12,DUPLICATE_RECORD
LN105741,2024-07,STATUS_INCONSISTENT
LN102311,2021-11,STALE_UPDATE
LN106370,2025-12,DATE_INVALID
LN108180,2025-08,STALE_UPDATE
LN104946,2025-12,DATE_INVALID
LN102340,2024-04,STATUS_INCONSISTENT
LN106641,2022-06,STALE_UPDATE
LN106274,2024-11,DATE_INVALID
LN102649,2024-12,BALANCE_MISMATCH
LN104096,2024-11,BALANCE_MISMATCH
LN105988,2025-09,BALANCE_MISMATCH
LN103690,2022-12,BALANCE_MISMATCH
LN105216,2025-06,DOC_GAP
LN100082,2024-06,DOC_GAP
LN104801,2025-11,BALANCE_MISMATCH
LN101306,2023-11,DATE_INVALID
LN101750,2025-08,STATUS_INCONSISTENT
LN102717,2024-12,BALANCE_MISMATCH
LN106618,2022-09,STATUS_INCONSISTENT
LN104353,2025-05,DUPLICATE_RECORD
LN103394,2025-06,STALE_UPDATE
LN107821,2024-08,STATUS_INCONSISTENT
LN102191,2023-03,DOC_GAP
LN107450,2025-06,STATUS_INCONSISTENT
LN107916,2024-03,DATE_INVALID
LN101265,2021-10,STATUS_INCONSISTENT
LN100471,2025-11,DUPLICATE_RECORD
LN105230,2025-11,STATUS_INCONSISTENT
LN105798,2025-06,BALANCE_MISMATCH
LN100531,2022-09,STATUS_INCONSISTENT
LN100960,2023-02,DUPLICATE_RECORD
LN106673,2024-08,BALANCE_MISMATCH
LN108923,2023-10,DATE_INVALID
LN107905,2025-09,STATUS_INCONSISTENT
LN102437,2025-10,STALE_UPDATE
LN102766,2023-02,DATE_INVALID
LN108721,2024-02,DOC_GAP
LN105600,2025-12,DATE_INVALID
LN102704,2024-04,STATUS_INCONSISTENT
LN101945,2024-07,DOC_GAP
LN106498,2023-01,STATUS_INCONSISTENT
LN105180,2025-05,BALANCE_MISMATCH
LN105765,2023-06,DATE_INVALID
LN106296,2022-11,DOC_GAP
LN106572,2023-03,DATE_INVALID
LN100431,2025-09,STALE_UPDATE
LN103231,2022-06,STATUS_INCONSISTENT
LN106464,2024-07,DUPLICATE_RECORD
LN102811,2023-04,DATE_INVALID
LN101947,2025-04,STALE_UPDATE
LN105095,2024-01,STATUS_INCONSISTENT
LN102070,2024-06,DATE_INVALID
LN101786,2022-07,BALANCE_MISMATCH
LN102258,2022-08,STATUS_INCONSISTENT
LN100924,2025-04,STATUS_INCONSISTENT
LN101164,2023-07,STATUS_INCONSISTENT
LN102411,2024-06,STATUS_INCONSISTENT
LN104447,2022-07,STATUS_INCONSISTENT
LN105970,2025-02,STALE_UPDATE
LN107662,2023-05,DUPLICATE_RECORD
LN107829,2023-06,DOC_GAP
LN105486,2023-04,BALANCE_MISMATCH
LN102581,2025-06,STALE_UPDATE
LN106307,2022-09,STATUS_INCONSISTENT
LN103302,2024-02,BALANCE_MISMATCH
LN104143,2025-06,BALANCE_MISMATCH
LN105246,2023-12,STALE_UPDATE
LN100443,2024-09,STATUS_INCONSISTENT
LN104862,2025-12,DUPLICATE_RECORD
LN106524,2024-12,DATE_INVALID
LN108852,2023-09,STATUS_INCONSISTENT
LN106559,2025-03,STALE_UPDATE
LN105724,2025-01,STATUS_INCONSISTENT
LN102952,2024-12,DUPLICATE_RECORD
LN103357,2025-08,BALANCE_MISMATCH
LN105985,2024-12,DATE_INVALID
LN104297,2025-05,BALANCE_MISMATCH
LN104397,2023-11,DOC_GAP
LN106330,2022-10,DATE_INVALID
LN100053,2025-02,DOC_GAP
LN107060,2025-03,STATUS_INCONSISTENT
LN101735,2025-07,STALE_UPDATE
LN107778,2024-10,STATUS_INCONSISTENT
LN101543,2024-05,STALE_UPDATE
LN104115,2024-02,BALANCE_MISMATCH
LN100912,2024-12,STALE_UPDATE
LN106635,2025-06,STALE_UPDATE
LN107443,2024-09,BALANCE_MISMATCH
LN101904,2025-03,BALANCE_MISMATCH
LN101640,2024-01,BALANCE_MISMATCH
LN105755,2024-12,STATUS_INCONSISTENT
LN105850,2023-05,STALE_UPDATE
LN104765,2023-09,STALE_UPDATE
LN105342,2023-09,STATUS_INCONSISTENT
LN101843,2024-06,DOC_GAP
LN102258,2023-09,STATUS_INCONSISTENT
LN104555,2024-06,DUPLICATE_RECORD
LN100567,2023-02,STALE_UPDATE
LN104836,2024-06,DATE_INVALID
LN104735,2024-09,STATUS_INCONSISTENT
LN104829,2024-08,DOC_GAP
LN108663,2024-12,DATE_INVALID
LN108107,2024-11,DOC_GAP
LN100357,2025-01,BALANCE_MISMATCH
LN103642,2025-05,DUPLICATE_RECORD
LN102763,2024-07,DOC_GAP
LN106942,2025-08,STATUS_INCONSISTENT
LN100970,2022-07,DOC_GAP
LN106470,2021-07,DOC_GAP
LN108433,2024-11,DOC_GAP
LN108271,2023-10,STALE_UPDATE
LN102409,2025-01,DUPLICATE_RECORD
LN105032,2025-03,DATE_INVALID
LN102567,2025-01,STATUS_INCONSISTENT
LN106725,2023-08,STALE_UPDATE
LN100891,2024-06,DUPLICATE_RECORD
LN103735,2025-09,STALE_UPDATE
LN106081,2024-07,DUPLICATE_RECORD
LN101067,2025-12,BALANCE_MISMATCH
LN107258,2023-09,STALE_UPDATE
LN105130,2025-05,STALE_UPDATE
LN108820,2024-11,BALANCE_MISMATCH
LN108202,2025-02,STALE_UPDATE
LN100217,2021-12,STALE_UPDATE
LN102978,2022-10,DOC_GAP
LN107455,2022-09,DOC_GAP
LN102957,2024-06,BALANCE_MISMATCH
LN100611,2024-04,DUPLICATE_RECORD
LN100991,2025-10,BALANCE_MISMATCH
LN105442,2025-11,DOC_GAP
LN106129,2023-08,STATUS_INCONSISTENT
LN101416,2024-11,STATUS_INCONSISTENT
LN105383,2025-10,BALANCE_MISMATCH
LN103604,2025-12,DOC_GAP
LN105884,2022-05,DATE_INVALID
LN108079,2025-11,BALANCE_MISMATCH
LN105963,2025-05,STATUS_INCONSISTENT
LN103771,2023-07,STATUS_INCONSISTENT
LN105815,2022-06,DATE_INVALID
LN101266,2025-08,DOC_GAP
LN103899,2024-11,STATUS_INCONSISTENT
LN103077,2024-10,BALANCE_MISMATCH
LN106561,2024-07,DUPLICATE_RECORD
LN101570,2023-11,BALANCE_MISMATCH
LN106940,2025-03,STATUS_INCONSISTENT
LN106338,2024-12,DOC_GAP
LN107139,2023-05,STATUS_INCONSISTENT
LN100909,2023-03,STATUS_INCONSISTENT
LN102246,2024-02,STALE_UPDATE
LN106306,2025-03,DOC_GAP
LN101664,2024-01,DUPLICATE_RECORD
LN102741,2024-01,DOC_GAP
LN108661,2023-02,BALANCE_MISMATCH
LN106519,2024-01,DUPLICATE_RECORD
LN107106,2023-10,DUPLICATE_RECORD
LN101711,2024-03,STATUS_INCONSISTENT
LN102243,2022-02,STALE_UPDATE
LN104054,2025-12,BALANCE_MISMATCH
LN104045,2022-05,DATE_INVALID
LN104909,2025-08,BALANCE_MISMATCH
LN107514,2023-06,BALANCE_MISMATCH
LN101952,2022-12,DATE_INVALID
LN105593,2025-07,STATUS_INCONSISTENT
LN104680,2022-10,STATUS_INCONSISTENT
LN106017,2022-01,STALE_UPDATE
LN103781,2022-11,BALANCE_MISMATCH
LN100894,2025-02,STATUS_INCONSISTENT
LN103797,2023-12,BALANCE_MISMATCH
LN108635,2025-02,DOC_GAP
LN105903,2025-02,BALANCE_MISMATCH
LN105627,2022-03,BALANCE_MISMATCH
LN102426,2025-01,DATE_INVALID
LN103567,2022-12,DATE_INVALID
LN108917,2025-11,DOC_GAP
LN108536,2024-02,STALE_UPDATE
LN107993,2022-03,DOC_GAP
LN105823,2022-06,STATUS_INCONSISTENT
LN102979,2023-03,BALANCE_MISMATCH
LN103373,2025-02,STATUS_INCONSISTENT
LN100983,2024-11,DOC_GAP
LN101859,2024-11,DATE_INVALID
LN106017,2023-08,DATE_INVALID
LN101477,2024-01,DUPLICATE_RECORD
LN105565,2024-08,STALE_UPDATE
LN106710,2025-03,STALE_UPDATE
LN100414,2024-07,STATUS_INCONSISTENT
LN105041,2022-10,BALANCE_MISMATCH
LN101283,2024-08,STALE_UPDATE
LN108750,2024-05,DUPLICATE_RECORD
LN102082,2024-05,STATUS_INCONSISTENT
LN103121,2025-04,STATUS_INCONSISTENT
LN107719,2024-03,DUPLICATE_RECORD
LN100726,2024-01,BALANCE_MISMATCH
LN106430,2025-07,DUPLICATE_RECORD
LN101106,2023-08,DUPLICATE_RECORD
LN100143,2025-12,DATE_INVALID
LN100991,2024-09,DATE_INVALID
LN108901,2024-06,BALANCE_MISMATCH
LN105197,2024-11,BALANCE_MISMATCH
LN104644,2024-04,DATE_INVALID
LN100959,2024-06,BALANCE_MISMATCH
LN107975,2024-01,DOC_GAP
LN104941,2023-04,STATUS_INCONSISTENT
LN101608,2022-06,BALANCE_MISMATCH
LN100666,2025-02,STATUS_INCONSISTENT
LN107352,2023-04,DUPLICATE_RECORD
LN100589,2024-11,STALE_UPDATE
LN107720,2024-11,DOC_GAP
LN101549,2022-05,BALANCE_MISMATCH
LN107515,2023-03,DOC_GAP
LN108610,2022-11,STATUS_INCONSISTENT
LN100446,2025-06,DATE_INVALID
LN101436,2025-11,DUPLICATE_RECORD
LN100367,2022-11,BALANCE_MISMATCH
LN108993,2023-03,DATE_INVALID
LN106920,2025-12,DATE_INVALID
LN100852,2025-07,STATUS_INCONSISTENT
LN100033,2023-07,STATUS_INCONSISTENT
LN108310,2022-12,STALE_UPDATE
LN100666,2025-08,STATUS_INCONSISTENT
LN101745,2025-02,BALANCE_MISMATCH
LN108996,2025-09,DUPLICATE_RECORD
LN105051,2024-04,STALE_UPDATE
LN104449,2024-12,BALANCE_MISMATCH
LN106500,2022-02,BALANCE_MISMATCH
LN105481,2021-12,BALANCE_MISMATCH
LN105812,2025-03,BALANCE_MISMATCH
LN102454,2025-10,DUPLICATE_RECORD
LN100724,2025-08,STATUS_INCONSISTENT
LN103847,2025-01,STATUS_INCONSISTENT
LN102984,2024-05,STATUS_INCONSISTENT
LN104469,2025-10,BALANCE_MISMATCH
LN101562,2025-10,DOC_GAP
LN106312,2022-07,DOC_GAP
LN106020,2022-10,STALE_UPDATE
LN106294,2023-08,STATUS_INCONSISTENT
LN106202,2024-06,DATE_INVALID
LN108726,2024-12,DATE_INVALID
LN101628,2025-08,STATUS_INCONSISTENT
LN105591,2024-08,DOC_GAP
LN108055,2023-10,STATUS_INCONSISTENT
LN102728,2024-07,STATUS_INCONSISTENT
LN104826,2022-03,STALE_UPDATE
LN101402,2024-12,DATE_INVALID
LN102612,2025-01,DOC_GAP
LN107657,2025-03,STALE_UPDATE
LN107803,2025-08,DOC_GAP
LN103110,2025-03,STATUS_INCONSISTENT
LN100176,2024-03,DATE_INVALID
LN102252,2024-06,BALANCE_MISMATCH
LN103397,2025-11,DUPLICATE_RECORD
LN106662,2023-08,DOC_GAP
LN102529,2024-04,STATUS_INCONSISTENT
LN105386,2025-03,BALANCE_MISMATCH
LN106547,2025-03,STALE_UPDATE
LN106182,2025-06,DOC_GAP
LN106463,2024-08,STATUS_INCONSISTENT
LN101164,2024-08,DUPLICATE_RECORD
LN108517,2025-01,STATUS_INCONSISTENT
LN104345,2023-09,DATE_INVALID
LN105026,2024-05,DOC_GAP
LN103137,2023-09,STATUS_INCONSISTENT
LN102276,2024-09,BALANCE_MISMATCH
LN104196,2023-12,STATUS_INCONSISTENT
LN100768,2022-10,STATUS_INCONSISTENT
LN102445,2025-07,STATUS_INCONSISTENT
LN105259,2023-04,BALANCE_MISMATCH
LN106574,2024-11,STALE_UPDATE
LN105390,2022-03,STATUS_INCONSISTENT
LN103021,2025-06,STATUS_INCONSISTENT
LN108924,2023-01,DUPLICATE_RECORD
LN102417,2025-10,BALANCE_MISMATCH
LN105809,2023-04,DOC_GAP
LN108856,2022-07,STATUS_INCONSISTENT
LN101371,2025-10,DOC_GAP
LN106847,2023-09,STALE_UPDATE
LN103322,2025-06,DATE_INVALID
LN100482,2024-01,DUPLICATE_RECORD
LN107998,2022-01,STALE_UPDATE
LN107243,2023-09,STALE_UPDATE
LN105458,2025-05,BALANCE_MISMATCH
LN107252,2024-06,DATE_INVALID
LN108904,2024-05,STALE_UPDATE
LN104789,2024-09,STATUS_INCONSISTENT
LN102030,2025-06,BALANCE_MISMATCH
LN107440,2023-06,STATUS_INCONSISTENT
LN103473,2025-03,STALE_UPDATE
LN102561,2025-04,BALANCE_MISMATCH
LN104754,2025-03,DUPLICATE_RECORD
LN103284,2024-06,STALE_UPDATE
LN101128,2025-09,STATUS_INCONSISTENT
LN103613,2025-01,DATE_INVALID
LN101750,2025-09,DOC_GAP
LN107047,2024-07,BALANCE_MISMATCH
LN108160,2022-10,BALANCE_MISMATCH
LN105992,2025-07,STATUS_INCONSISTENT
LN104535,2025-07,STALE_UPDATE
LN104151,2024-10,DOC_GAP
LN106553,2024-11,STATUS_INCONSISTENT
LN106646,2022-09,BALANCE_MISMATCH
LN104217,2025-08,STALE_UPDATE
LN108625,2023-12,DOC_GAP
LN108294,2025-05,BALANCE_MISMATCH
LN107413,2024-11,BALANCE_MISMATCH
LN108196,2022-10,STATUS_INCONSISTENT
LN108894,2024-05,STATUS_INCONSISTENT
LN106713,2024-11,BALANCE_MISMATCH
LN107894,2024-08,DATE_INVALID
LN102419,2023-11,STATUS_INCONSISTENT
LN104313,2022-02,DATE_INVALID
LN103833,2025-01,STATUS_INCONSISTENT
LN105584,2025-02,BALANCE_MISMATCH
LN100331,2023-05,DUPLICATE_RECORD
LN103241,2024-11,STATUS_INCONSISTENT
LN108389,2023-09,DOC_GAP
LN105654,2023-04,DUPLICATE_RECORD
LN101841,2023-08,DATE_INVALID
LN104857,2024-06,BALANCE_MISMATCH
LN107146,2024-12,BALANCE_MISMATCH
LN100151,2024-09,DATE_INVALID
LN107644,2021-11,STATUS_INCONSISTENT
LN108678,2025-12,BALANCE_MISMATCH
LN108682,2023-03,DATE_INVALID
LN106936,2025-02,STALE_UPDATE
LN108269,2025-01,STALE_UPDATE
LN103334,2023-05,STALE_UPDATE
LN101177,2022-08,STALE_UPDATE
LN104741,2024-07,STATUS_INCONSISTENT
LN104074,2024-06,STATUS_INCONSISTENT
LN107695,2025-02,DOC_GAP
LN106854,2025-02,DATE_INVALID
LN101835,2023-09,DOC_GAP
LN103058,2024-11,BALANCE_MISMATCH
LN101212,2024-01,STALE_UPDATE
LN101837,2025-03,BALANCE_MISMATCH
LN103071,2024-01,DOC_GAP
LN104441,2022-12,BALANCE_MISMATCH
LN105410,2022-12,STATUS_INCONSISTENT
LN108414,2025-06,STALE_UPDATE
LN100846,2025-06,DOC_GAP
LN103953,2024-07,STALE_UPDATE
LN104064,2024-09,STATUS_INCONSISTENT
LN101624,2025-11,DOC_GAP
LN106068,2022-04,BALANCE_MISMATCH
LN100086,2023-02,BALANCE_MISMATCH
LN103485,2021-08,STATUS_INCONSISTENT
LN108676,2024-04,STALE_UPDATE
LN105547,2024-01,STATUS_INCONSISTENT
LN101165,2023-12,STALE_UPDATE
LN101514,2024-03,BALANCE_MISMATCH
LN100073,2024-12,DOC_GAP
LN100067,2025-04,BALANCE_MISMATCH
LN105576,2025-04,DOC_GAP
LN101067,2025-05,BALANCE_MISMATCH
LN101890,2022-12,STALE_UPDATE
LN107809,2023-08,STALE_UPDATE
LN100670,2025-10,BALANCE_MISMATCH
LN103481,2025-07,STATUS_INCONSISTENT
LN101593,2023-12,BALANCE_MISMATCH
LN100585,2025-10,DUPLICATE_RECORD
LN108443,2023-06,DATE_INVALID
LN101009,2024-10,BALANCE_MISMATCH
LN107556,2024-07,STATUS_INCONSISTENT
LN103614,2024-02,DOC_GAP
LN103077,2024-07,STALE_UPDATE
LN108282,2023-03,DOC_GAP
LN106286,2023-10,DOC_GAP
LN107525,2023-04,BALANCE_MISMATCH
LN104313,2023-08,STATUS_INCONSISTENT
LN103558,2023-11,DUPLICATE_RECORD
LN103860,2025-07,BALANCE_MISMATCH
LN104395,2024-11,DOC_GAP
LN107443,2025-01,STATUS_INCONSISTENT
LN108398,2025-08,DATE_INVALID
LN107098,2022-12,DOC_GAP
LN103707,2024-03,STALE_UPDATE
LN105308,2024-11,BALANCE_MISMATCH
LN104523,2025-03,BALANCE_MISMATCH
LN104715,2024-12,DOC_GAP
LN101248,2024-08,STATUS_INCONSISTENT
LN107922,2023-09,STALE_UPDATE
LN100996,2023-06,DATE_INVALID
LN107587,2023-11,STALE_UPDATE
LN108499,2025-12,DUPLICATE_RECORD
LN107225,2023-10,DUPLICATE_RECORD
LN105869,2025-09,STATUS_INCONSISTENT
LN107601,2021-08,DOC_GAP
LN103758,2021-12,BALANCE_MISMATCH
LN100428,2024-02,BALANCE_MISMATCH
LN100971,2025-10,DATE_INVALID
LN107117,2025-01,DATE_INVALID
LN107950,2023-11,STATUS_INCONSISTENT
LN108442,2024-05,DATE_INVALID
LN106061,2024-06,BALANCE_MISMATCH
LN105129,2025-12,DOC_GAP
LN100480,2022-10,BALANCE_MISMATCH
LN104030,2024-04,STALE_UPDATE
LN102840,2024-03,STALE_UPDATE
LN105909,2023-11,DOC_GAP
LN100710,2025-10,STALE_UPDATE
LN100439,2023-10,STALE_UPDATE
LN105621,2022-10,STATUS_INCONSISTENT
LN100010,2023-11,DOC_GAP
LN103975,2025-10,DOC_GAP
LN108682,2023-12,DOC_GAP
LN105473,2025-03,DATE_INVALID
LN100248,2025-11,BALANCE_MISMATCH
LN104779,2022-06,BALANCE_MISMATCH
LN108723,2025-05,STALE_UPDATE
LN101429,2024-06,DATE_INVALID
LN105207,2024-07,DUPLICATE_RECORD
LN100533,2023-10,BALANCE_MISMATCH
LN102881,2022-04,DATE_INVALID
LN102301,2022-04,BALANCE_MISMATCH
LN106697,2025-07,DATE_INVALID
LN107035,2023-05,STATUS_INCONSISTENT
LN100573,2023-08,STATUS_INCONSISTENT
LN101282,2025-02,DOC_GAP
LN108653,2023-10,STALE_UPDATE
LN104328,2024-03,DATE_INVALID
LN100221,2024-10,STALE_UPDATE
LN107244,2024-01,STALE_UPDATE
LN102146,2023-08,STALE_UPDATE
LN102847,2023-03,DATE_INVALID
LN105741,2025-08,DOC_GAP
LN103184,2024-02,BALANCE_MISMATCH
LN101761,2024-07,DATE_INVALID
LN103553,2024-10,STATUS_INCONSISTENT
LN108497,2022-11,DUPLICATE_RECORD
LN102503,2022-07,STATUS_INCONSISTENT
LN106121,2025-09,STATUS_INCONSISTENT
LN102390,2023-05,STALE_UPDATE
LN103261,2024-03,DATE_INVALID
LN103214,2024-01,STATUS_INCONSISTENT
LN108836,2025-08,DATE_INVALID
LN108915,2024-02,STATUS_INCONSISTENT
LN102320,2025-07,DUPLICATE_RECORD
LN106653,2024-01,BALANCE_MISMATCH
LN102205,2025-10,DOC_GAP
LN104384,2024-03,STATUS_INCONSISTENT
LN101271,2022-09,DATE_INVALID
LN105762,2024-07,STALE_UPDATE
LN103544,2024-09,BALANCE_MISMATCH
LN105363,2024-10,DUPLICATE_RECORD
LN102741,2022-06,BALANCE_MISMATCH
LN107511,2024-11,DUPLICATE_RECORD
LN100221,2024-08,STATUS_INCONSISTENT
LN103313,2023-04,STATUS_INCONSISTENT
LN105284,2025-01,STALE_UPDATE
LN106519,2025-12,STALE_UPDATE
LN107303,2025-09,STATUS_INCONSISTENT
LN101744,2023-01,DOC_GAP
LN105285,2024-10,DATE_INVALID
LN103596,2023-07,STATUS_INCONSISTENT
LN107759,2024-01,STALE_UPDATE
LN102422,2023-04,STALE_UPDATE
LN106083,2025-06,STALE_UPDATE
LN107710,2023-09,STATUS_INCONSISTENT
LN106170,2023-05,DATE_INVALID
LN101746,2025-04,BALANCE_MISMATCH
LN105294,2025-09,STALE_UPDATE
LN107101,2025-05,DUPLICATE_RECORD
LN105900,2025-05,STATUS_INCONSISTENT
LN107155,2022-09,BALANCE_MISMATCH
LN101235,2023-02,BALANCE_MISMATCH
LN101761,2025-05,DATE_INVALID
LN106229,2023-05,DOC_GAP
LN102165,2025-05,STATUS_INCONSISTENT
LN100978,2023-01,BALANCE_MISMATCH
LN106723,2023-05,STALE_UPDATE
LN100432,2024-05,STALE_UPDATE
LN100925,2025-07,STATUS_INCONSISTENT
LN108955,2022-09,DOC_GAP
LN106587,2024-11,STALE_UPDATE
LN102986,2025-04,DOC_GAP
LN102839,2025-11,DOC_GAP
LN107519,2022-05,DATE_INVALID
LN103530,2025-10,STALE_UPDATE
LN100398,2025-05,BALANCE_MISMATCH
LN108815,2022-10,STATUS_INCONSISTENT
LN103062,2023-09,STATUS_INCONSISTENT
LN103763,2025-02,STATUS_INCONSISTENT
LN104204,2023-12,DATE_INVALID
LN106660,2022-01,DOC_GAP
LN106058,2024-11,STATUS_INCONSISTENT
LN107396,2025-06,BALANCE_MISMATCH
LN105789,2025-04,STATUS_INCONSISTENT
LN101885,2025-01,DUPLICATE_RECORD
LN102592,2023-09,STALE_UPDATE
LN103970,2025-04,DOC_GAP
LN106433,2023-09,DUPLICATE_RECORD
LN105848,2025-06,STATUS_INCONSISTENT
LN108014,2025-03,STATUS_INCONSISTENT
LN105838,2024-01,BALANCE_MISMATCH
LN101445,2022-06,DATE_INVALID
LN103594,2023-08,BALANCE_MISMATCH
LN107172,2025-08,STATUS_INCONSISTENT
LN108674,2025-09,DATE_INVALID
LN102509,2025-02,BALANCE_MISMATCH
LN101546,2024-04,STALE_UPDATE
LN108550,2025-08,STALE_UPDATE
LN102033,2024-10,DUPLICATE_RECORD
LN100727,2023-04,STATUS_INCONSISTENT
LN103410,2023-07,DATE_INVALID
LN101503,2023-05,STATUS_INCONSISTENT
LN104084,2025-02,DATE_INVALID
LN101247,2023-11,DATE_INVALID
LN105552,2024-01,STATUS_INCONSISTENT
LN102198,2025-03,STALE_UPDATE
LN108415,2023-11,BALANCE_MISMATCH
LN105952,2023-03,DOC_GAP
LN107838,2025-01,DATE_INVALID
LN102540,2024-06,BALANCE_MISMATCH
LN105556,2023-10,BALANCE_MISMATCH
LN105589,2024-11,DUPLICATE_RECORD
LN102494,2023-01,DOC_GAP
LN105164,2025-10,DOC_GAP
LN101496,2025-01,STATUS_INCONSISTENT
LN103077,2025-08,STALE_UPDATE
LN108881,2023-12,BALANCE_MISMATCH
LN101034,2022-04,DATE_INVALID
LN101670,2024-09,BALANCE_MISMATCH
LN101681,2023-07,DATE_INVALID
LN100375,2023-04,STATUS_INCONSISTENT
LN103602,2025-08,BALANCE_MISMATCH
LN101225,2024-12,STALE_UPDATE
LN107862,2025-02,STATUS_INCONSISTENT
LN104412,2024-05,DOC_GAP
LN105481,2023-04,DATE_INVALID
LN105187,2023-06,STATUS_INCONSISTENT
LN102391,2025-07,DATE_INVALID
LN101851,2023-10,STALE_UPDATE
LN104398,2022-05,DATE_INVALID
LN108085,2023-05,STATUS_INCONSISTENT
LN106663,2024-07,BALANCE_MISMATCH
LN101616,2025-04,DUPLICATE_RECORD
LN104946,2025-05,DOC_GAP
LN105579,2024-09,STALE_UPDATE
LN105256,2023-03,DOC_GAP
LN105500,2024-11,DATE_INVALID
LN103082,2023-08,BALANCE_MISMATCH
LN108045,2024-01,DATE_INVALID
LN108750,2022-12,STALE_UPDATE
LN108412,2024-01,STALE_UPDATE
LN107137,2025-03,BALANCE_MISMATCH
LN106762,2023-05,DOC_GAP
LN100383,2025-01,DUPLICATE_RECORD
LN101264,2022-10,DOC_GAP
LN106844,2025-02,BALANCE_MISMATCH
LN105106,2025-10,STATUS_INCONSISTENT
LN100474,2025-05,STATUS_INCONSISTENT
LN106963,2025-02,DOC_GAP
LN101494,2023-01,STALE_UPDATE
LN101165,2024-01,DATE_INVALID
LN107727,2023-05,BALANCE_MISMATCH
LN104921,2024-11,DUPLICATE_RECORD
LN105130,2023-06,STATUS_INCONSISTENT
LN103457,2024-03,DATE_INVALID
LN105379,2024-02,DATE_INVALID
LN105082,2023-04,BALANCE_MISMATCH
LN106575,2024-10,STALE_UPDATE
LN102561,2025-09,DUPLICATE_RECORD
LN103093,2024-05,DATE_INVALID
LN108993,2023-06,BALANCE_MISMATCH
LN103759,2024-09,DATE_INVALID
LN104158,2022-08,STALE_UPDATE
LN106524,2022-08,BALANCE_MISMATCH
LN107517,2024-09,STATUS_INCONSISTENT
LN104537,2024-04,BALANCE_MISMATCH
LN101624,2023-07,DUPLICATE_RECORD
LN103990,2024-04,BALANCE_MISMATCH
LN102635,2022-10,DATE_INVALID
LN101999,2022-10,STATUS_INCONSISTENT
LN100186,2022-05,BALANCE_MISMATCH
LN104300,2025-04,DOC_GAP
LN101163,2024-03,DATE_INVALID
LN102242,2024-03,STATUS_INCONSISTENT
LN108759,2024-06,STALE_UPDATE
LN102990,2025-03,BALANCE_MISMATCH
LN107499,2023-10,STATUS_INCONSISTENT
LN103213,2025-01,STALE_UPDATE
LN104603,2025-11,DOC_GAP
LN103449,2023-05,BALANCE_MISMATCH
LN103851,2025-02,STATUS_INCONSISTENT
LN103363,2025-07,BALANCE_MISMATCH
LN101882,2023-12,BALANCE_MISMATCH
LN102544,2024-05,STALE_UPDATE
LN106067,2025-10,DATE_INVALID
LN104790,2024-04,DOC_GAP
LN102774,2024-05,DATE_INVALID
LN103424,2024-02,STALE_UPDATE
LN107215,2023-02,DATE_INVALID
LN106761,2025-05,STATUS_INCONSISTENT
LN103849,2023-04,STALE_UPDATE
LN103234,2025-09,DOC_GAP
LN106367,2025-06,DUPLICATE_RECORD
LN107993,2021-11,DATE_INVALID
LN108287,2025-08,DATE_INVALID
LN100087,2023-07,STATUS_INCONSISTENT
LN103044,2025-08,DOC_GAP
LN102070,2023-01,DATE_INVALID
LN100577,2024-10,BALANCE_MISMATCH
LN104312,2024-07,STATUS_INCONSISTENT
LN107954,2024-07,STATUS_INCONSISTENT
LN101794,2025-06,DUPLICATE_RECORD
LN107672,2025-05,DOC_GAP
LN101977,2023-04,BALANCE_MISMATCH
LN107760,2023-10,STATUS_INCONSISTENT
LN105291,2024-11,DATE_INVALID
LN104288,2024-06,STATUS_INCONSISTENT
LN100391,2025-04,STALE_UPDATE
LN102707,2023-04,DUPLICATE_RECORD
LN104654,2025-06,BALANCE_MISMATCH
LN101689,2025-01,STATUS_INCONSISTENT
LN105718,2024-12,DATE_INVALID
LN102885,2023-03,BALANCE_MISMATCH
LN103161,2025-03,BALANCE_MISMATCH
LN106843,2025-01,DATE_INVALID
LN104781,2024-05,STATUS_INCONSISTENT
LN105563,2022-02,STATUS_INCONSISTENT
LN102032,2025-02,BALANCE_MISMATCH
LN102300,2025-01,BALANCE_MISMATCH
LN105553,2025-11,DOC_GAP
LN101099,2024-01,DATE_INVALID
LN106861,2024-12,STATUS_INCONSISTENT
LN104626,2022-08,BALANCE_MISMATCH
LN100941,2024-04,STATUS_INCONSISTENT
LN100813,2023-03,DUPLICATE_RECORD
LN108161,2024-10,STATUS_INCONSISTENT
LN102967,2023-07,DATE_INVALID
LN104344,2023-08,DATE_INVALID
LN104061,2024-03,STATUS_INCONSISTENT
LN106555,2024-11,BALANCE_MISMATCH
LN108613,2023-08,BALANCE_MISMATCH
LN105244,2025-06,STATUS_INCONSISTENT
LN102474,2022-05,STATUS_INCONSISTENT
LN104890,2024-11,BALANCE_MISMATCH
LN101901,2025-06,BALANCE_MISMATCH
LN103771,2024-12,BALANCE_MISMATCH
LN100154,2025-05,STATUS_INCONSISTENT
LN101226,2023-06,BALANCE_MISMATCH
LN101354,2022-07,BALANCE_MISMATCH
LN107534,2022-09,BALANCE_MISMATCH
LN108589,2025-07,DOC_GAP
LN108156,2022-11,STATUS_INCONSISTENT
LN100831,2023-07,DOC_GAP
LN104690,2023-04,DOC_GAP
LN106517,2025-09,DATE_INVALID
LN103745,2025-04,BALANCE_MISMATCH
LN104273,2022-10,STATUS_INCONSISTENT
LN103172,2025-10,DATE_INVALID
LN105113,2022-02,DATE_INVALID
LN100704,2024-09,STATUS_INCONSISTENT
LN104338,2025-06,STATUS_INCONSISTENT
LN101968,2024-09,BALANCE_MISMATCH
LN104745,2025-01,BALANCE_MISMATCH
LN104234,2025-01,STATUS_INCONSISTENT
LN108473,2025-01,DUPLICATE_RECORD
LN107912,2025-08,STATUS_INCONSISTENT
LN104864,2025-04,BALANCE_MISMATCH
LN101904,2022-08,DOC_GAP
LN106782,2024-11,STALE_UPDATE
LN108972,2024-09,DOC_GAP
LN107386,2025-12,BALANCE_MISMATCH
LN101517,2024-10,STATUS_INCONSISTENT
LN107245,2023-10,DATE_INVALID
LN104640,2024-08,STALE_UPDATE
LN107511,2022-10,STALE_UPDATE
LN100601,2024-03,STALE_UPDATE
LN107881,2025-03,BALANCE_MISMATCH
LN108250,2024-04,DOC_GAP
LN106105,2023-11,STATUS_INCONSISTENT
LN103664,2024-10,DATE_INVALID
LN102774,2024-12,BALANCE_MISMATCH
LN105526,2025-01,BALANCE_MISMATCH
LN106871,2024-06,DATE_INVALID
LN108633,2025-03,STATUS_INCONSISTENT
LN106455,2025-09,STALE_UPDATE
LN104817,2023-02,BALANCE_MISMATCH
LN104358,2025-04,STATUS_INCONSISTENT
LN108096,2022-09,STALE_UPDATE
LN101713,2025-12,DOC_GAP
LN105052,2025-09,STATUS_INCONSISTENT
LN101962,2024-12,DATE_INVALID
LN107008,2025-03,BALANCE_MISMATCH
LN108432,2024-01,DATE_INVALID
LN102605,2024-08,STATUS_INCONSISTENT
LN107116,2023-08,DOC_GAP
LN107947,2024-06,DUPLICATE_RECORD
LN107475,2024-10,BALANCE_MISMATCH
LN100508,2025-05,DOC_GAP
LN103292,2023-01,BALANCE_MISMATCH
LN100705,2023-09,DOC_GAP
LN103756,2025-12,STATUS_INCONSISTENT
LN101568,2024-12,DUPLICATE_RECORD
LN103103,2025-05,BALANCE_MISMATCH
LN100223,2023-01,STATUS_INCONSISTENT
LN108164,2024-03,DATE_INVALID
LN107726,2023-12,DATE_INVALID
LN101631,2024-09,DUPLICATE_RECORD
LN107784,2024-09,BALANCE_MISMATCH
LN104610,2022-11,STATUS_INCONSISTENT
LN108063,2024-10,BALANCE_MISMATCH
LN108098,2023-05,DUPLICATE_RECORD
LN103273,2025-03,STATUS_INCONSISTENT
LN101999,2024-12,STATUS_INCONSISTENT
LN105086,2025-03,STALE_UPDATE
LN100138,2025-01,STATUS_INCONSISTENT
LN104930,2025-11,DATE_INVALID
LN106485,2024-12,BALANCE_MISMATCH
LN104136,2025-06,STALE_UPDATE
LN101224,2023-10,STALE_UPDATE
LN108939,2022-11,DUPLICATE_RECORD
LN105219,2023-07,STALE_UPDATE
LN102373,2025-03,STATUS_INCONSISTENT
LN103606,2025-03,BALANCE_MISMATCH
LN100142,2023-02,STALE_UPDATE
LN104605,2023-12,STALE_UPDATE
LN100711,2025-01,DATE_INVALID
LN107255,2025-05,STATUS_INCONSISTENT
LN102353,2023-06,DOC_GAP
LN106340,2025-06,STATUS_INCONSISTENT
LN105839,2025-06,STATUS_INCONSISTENT
LN105879,2025-09,DUPLICATE_RECORD
LN107330,2024-11,DOC_GAP
LN106505,2023-01,STALE_UPDATE
LN102156,2024-05,BALANCE_MISMATCH
LN100822,2022-04,BALANCE_MISMATCH
LN107498,2025-01,DATE_INVALID
LN104163,2024-10,DATE_INVALID
LN106804,2025-06,STALE_UPDATE
LN104027,2025-11,DOC_GAP
LN101428,2024-12,DUPLICATE_RECORD
LN106007,2025-03,DOC_GAP
LN106053,2022-06,STALE_UPDATE
LN106133,2024-12,DATE_INVALID
LN104300,2022-11,STATUS_INCONSISTENT
LN100132,2025-12,BALANCE_MISMATCH
LN100472,2025-07,DOC_GAP
LN101904,2023-09,DUPLICATE_RECORD
LN102975,2025-12,STALE_UPDATE
LN106871,2024-04,DUPLICATE_RECORD
LN104787,2022-07,STATUS_INCONSISTENT
LN104998,2025-06,BALANCE_MISMATCH
LN100470,2024-03,BALANCE_MISMATCH
LN108177,2022-04,STALE_UPDATE
LN108556,2025-03,DOC_GAP
LN104408,2022-09,DOC_GAP
LN108055,2024-06,STATUS_INCONSISTENT
LN103490,2025-12,STATUS_INCONSISTENT
LN106632,2023-03,STALE_UPDATE
LN108285,2022-12,STALE_UPDATE
LN102931,2025-05,STALE_UPDATE
LN105254,2023-06,DOC_GAP
LN108060,2024-01,DUPLICATE_RECORD
LN100181,2025-07,STALE_UPDATE
LN102529,2024-01,DUPLICATE_RECORD
LN100017,2023-06,BALANCE_MISMATCH
LN100404,2024-04,STATUS_INCONSISTENT
LN105915,2023-11,STATUS_INCONSISTENT
LN106497,2024-12,BALANCE_MISMATCH
LN100141,2025-09,STALE_UPDATE
LN104357,2024-01,STATUS_INCONSISTENT
LN103154,2025-12,BALANCE_MISMATCH
LN104302,2022-06,STATUS_INCONSISTENT
LN101262,2023-02,STATUS_INCONSISTENT
LN101764,2025-06,STALE_UPDATE
LN100706,2021-09,BALANCE_MISMATCH
LN106925,2024-11,STALE_UPDATE
LN101156,2022-12,STATUS_INCONSISTENT
LN107526,2023-08,STATUS_INCONSISTENT
LN104802,2024-09,DOC_GAP
LN102405,2025-09,BALANCE_MISMATCH
LN102793,2023-07,STALE_UPDATE
LN103987,2024-03,DATE_INVALID
LN108023,2023-06,DOC_GAP
LN102590,2024-11,STATUS_INCONSISTENT
LN107488,2025-05,DOC_GAP
LN104872,2023-03,DATE_INVALID
LN107041,2024-05,STATUS_INCONSISTENT
LN104204,2025-11,STATUS_INCONSISTENT
LN101973,2022-12,DATE_INVALID
LN103890,2023-07,BALANCE_MISMATCH
LN107470,2025-03,DATE_INVALID
LN100885,2024-01,STATUS_INCONSISTENT
LN107527,2024-10,DOC_GAP
LN103744,2024-01,BALANCE_MISMATCH
LN106068,2024-08,STATUS_INCONSISTENT
LN108505,2022-09,DATE_INVALID
LN108498,2025-01,BALANCE_MISMATCH
LN104744,2025-10,DOC_GAP
LN108130,2023-10,DUPLICATE_RECORD
LN107001,2023-02,STALE_UPDATE
LN100430,2025-03,DUPLICATE_RECORD
LN108859,2022-07,STATUS_INCONSISTENT
LN105270,2024-01,DOC_GAP
LN107246,2024-05,STALE_UPDATE
LN106293,2025-08,BALANCE_MISMATCH
LN108377,2024-01,STATUS_INCONSISTENT
LN105833,2025-01,DATE_INVALID
LN100174,2025-11,DATE_INVALID
LN100139,2023-07,DOC_GAP
LN100123,2024-10,DUPLICATE_RECORD
LN108546,2025-10,DOC_GAP
LN103136,2023-12,STALE_UPDATE
LN106192,2023-01,DATE_INVALID
LN104086,2023-08,STALE_UPDATE
LN103879,2024-10,STATUS_INCONSISTENT
LN105600,2025-05,STATUS_INCONSISTENT
LN106844,2024-07,STALE_UPDATE
LN100309,2024-01,BALANCE_MISMATCH
LN108675,2023-02,STALE_UPDATE
LN105337,2024-12,STALE_UPDATE
LN100671,2025-04,STALE_UPDATE
LN106163,2022-02,STALE_UPDATE
LN102678,2025-06,STATUS_INCONSISTENT
LN107904,2024-06,STALE_UPDATE
LN100538,2025-11,DATE_INVALID
LN104649,2023-08,DATE_INVALID
LN104359,2025-04,DATE_INVALID
LN101184,2025-04,BALANCE_MISMATCH
LN103959,2025-04,DATE_INVALID
LN102427,2023-07,STALE_UPDATE
LN104592,2023-06,STALE_UPDATE
LN100299,2023-09,STALE_UPDATE
LN106374,2025-08,STALE_UPDATE
LN107166,2024-06,DUPLICATE_RECORD
LN100343,2025-12,STATUS_INCONSISTENT
LN105191,2025-05,DATE_INVALID
LN108180,2025-05,DATE_INVALID
LN101570,2024-04,STATUS_INCONSISTENT
LN102376,2024-09,STALE_UPDATE
LN108020,2022-10,STATUS_INCONSISTENT
LN101904,2023-02,BALANCE_MISMATCH
LN106027,2024-12,STATUS_INCONSISTENT
LN105737,2025-02,BALANCE_MISMATCH
LN104870,2025-09,STATUS_INCONSISTENT
LN108495,2021-11,DATE_INVALID
LN101085,2025-11,STALE_UPDATE
LN101408,2025-01,BALANCE_MISMATCH
LN104059,2025-12,STALE_UPDATE
LN102586,2024-12,STATUS_INCONSISTENT
LN103008,2024-05,STALE_UPDATE
LN104860,2023-06,BALANCE_MISMATCH
LN103318,2025-10,DUPLICATE_RECORD
LN107251,2023-06,DUPLICATE_RECORD
LN104300,2022-10,DOC_GAP
LN105313,2024-02,BALANCE_MISMATCH
LN105767,2023-01,DOC_GAP
LN103405,2024-10,STALE_UPDATE
LN100456,2025-01,DATE_INVALID
LN107477,2024-07,STALE_UPDATE
LN103240,2024-07,DATE_INVALID
LN105555,2023-09,BALANCE_MISMATCH
LN102422,2023-12,STATUS_INCONSISTENT
LN104194,2023-07,STATUS_INCONSISTENT
LN105772,2024-12,DOC_GAP
LN108113,2023-09,STATUS_INCONSISTENT
LN102751,2022-01,DUPLICATE_RECORD
LN102052,2023-10,STALE_UPDATE
LN104812,2023-08,STATUS_INCONSISTENT
LN104657,2024-11,DUPLICATE_RECORD
LN107655,2023-09,BALANCE_MISMATCH
LN103677,2024-12,STATUS_INCONSISTENT
LN104103,2024-03,STATUS_INCONSISTENT
LN108426,2024-06,STATUS_INCONSISTENT
LN107472,2025-11,STATUS_INCONSISTENT
LN103576,2024-12,DATE_INVALID
LN104486,2024-10,DOC_GAP
LN106936,2024-01,STATUS_INCONSISTENT
LN104640,2024-11,STATUS_INCONSISTENT
LN101199,2025-01,BALANCE_MISMATCH
LN102925,2022-10,STALE_UPDATE
LN102981,2021-12,BALANCE_MISMATCH
LN105915,2023-08,STALE_UPDATE
LN104874,2024-02,DOC_GAP
LN101238,2025-12,BALANCE_MISMATCH
LN104070,2025-02,STALE_UPDATE
LN106646,2022-02,STALE_UPDATE
LN101795,2023-03,STATUS_INCONSISTENT
LN107365,2023-06,BALANCE_MISMATCH
LN106369,2025-06,DATE_INVALID
LN102032,2024-07,BALANCE_MISMATCH
LN108400,2024-04,BALANCE_MISMATCH
LN106969,2025-10,STALE_UPDATE
LN101065,2023-03,BALANCE_MISMATCH
LN101934,2022-04,STALE_UPDATE
LN102813,2025-09,DOC_GAP
LN102237,2023-06,BALANCE_MISMATCH
LN108666,2024-08,DATE_INVALID
LN102726,2025-10,DOC_GAP
LN104285,2025-02,BALANCE_MISMATCH
LN100338,2024-06,STATUS_INCONSISTENT
LN100341,2023-05,STATUS_INCONSISTENT
LN104599,2025-06,STATUS_INCONSISTENT
LN106779,2022-09,STALE_UPDATE
LN104053,2025-09,DOC_GAP
LN106974,2022-12,DATE_INVALID
LN105510,2023-01,DUPLICATE_RECORD
LN102780,2023-04,DUPLICATE_RECORD
LN107553,2025-05,STATUS_INCONSISTENT
LN105126,2024-11,DUPLICATE_RECORD
LN100976,2024-09,BALANCE_MISMATCH
LN100768,2023-02,DATE_INVALID
LN104384,2022-11,STATUS_INCONSISTENT
LN107069,2023-12,BALANCE_MISMATCH
LN102060,2024-09,STALE_UPDATE
LN104301,2024-01,STATUS_INCONSISTENT
LN101407,2025-08,BALANCE_MISMATCH
LN106565,2025-10,BALANCE_MISMATCH
LN100337,2023-04,BALANCE_MISMATCH
LN103801,2024-02,DOC_GAP
LN105593,2024-12,STALE_UPDATE
LN102919,2023-09,STALE_UPDATE
LN101122,2025-11,STALE_UPDATE
LN103406,2024-03,BALANCE_MISMATCH
LN105302,2025-04,STATUS_INCONSISTENT
LN107415,2024-05,DOC_GAP
LN101382,2024-11,DOC_GAP
LN103418,2024-11,STATUS_INCONSISTENT
LN100564,2025-06,DATE_INVALID
LN100322,2024-08,BALANCE_MISMATCH
LN104670,2022-04,STALE_UPDATE
LN106339,2025-11,BALANCE_MISMATCH
LN107124,2022-01,STATUS_INCONSISTENT
LN101438,2025-11,STATUS_INCONSISTENT
LN103819,2024-10,STALE_UPDATE
LN105335,2021-12,DOC_GAP
LN100834,2025-07,DATE_INVALID
LN103764,2024-01,DUPLICATE_RECORD
LN100460,2024-01,STALE_UPDATE
LN106415,2024-10,DATE_INVALID
LN102935,2023-11,DOC_GAP
LN100909,2023-12,BALANCE_MISMATCH
LN105629,2024-04,DUPLICATE_RECORD
LN107783,2024-05,STATUS_INCONSISTENT
LN108883,2024-03,BALANCE_MISMATCH
LN101381,2025-01,DUPLICATE_RECORD
LN101734,2024-07,DOC_GAP
LN106027,2024-08,STATUS_INCONSISTENT
LN102489,2025-02,DOC_GAP
LN104425,2024-08,DOC_GAP
LN106885,2024-09,DOC_GAP
LN106383,2022-09,DOC_GAP
LN105203,2024-12,BALANCE_MISMATCH
LN103907,2025-03,STALE_UPDATE
LN106599,2025-07,DOC_GAP
LN101567,2024-05,DATE_INVALID
LN107953,2023-06,STATUS_INCONSISTENT
LN104310,2024-12,STATUS_INCONSISTENT
LN107765,2024-09,STATUS_INCONSISTENT
LN104402,2025-04,STATUS_INCONSISTENT
LN108972,2024-01,BALANCE_MISMATCH
LN106120,2022-07,BALANCE_MISMATCH
LN103607,2025-01,DOC_GAP
LN104029,2023-01,STALE_UPDATE
LN106274,2025-02,STATUS_INCONSISTENT
LN105595,2024-01,DATE_INVALID
LN108490,2023-03,STATUS_INCONSISTENT
LN105636,2025-09,BALANCE_MISMATCH
LN104731,2024-04,BALANCE_MISMATCH
LN103633,2025-01,BALANCE_MISMATCH
LN108831,2025-07,BALANCE_MISMATCH
LN104884,2022-04,BALANCE_MISMATCH
LN104283,2023-11,DOC_GAP
LN106412,2022-02,STALE_UPDATE
LN106316,2024-11,BALANCE_MISMATCH
LN106062,2024-08,DATE_INVALID
LN100888,2023-06,BALANCE_MISMATCH
LN102660,2025-04,DATE_INVALID
LN102591,2023-06,BALANCE_MISMATCH
LN106208,2025-04,DUPLICATE_RECORD
LN105955,2025-12,STATUS_INCONSISTENT
LN103622,2023-02,DOC_GAP
LN105251,2023-02,DATE_INVALID
LN103511,2025-02,STATUS_INCONSISTENT
LN105755,2023-05,DATE_INVALID
LN106464,2022-05,STALE_UPDATE
LN106861,2023-09,STALE_UPDATE
LN104816,2025-10,STALE_UPDATE
LN107871,2023-12,DUPLICATE_RECORD
LN103453,2023-01,STATUS_INCONSISTENT
LN107613,2024-04,STALE_UPDATE
LN100951,2025-11,STATUS_INCONSISTENT
LN101549,2023-09,DOC_GAP
LN100142,2024-09,STALE_UPDATE
LN106961,2024-03,STATUS_INCONSISTENT
LN103558,2025-05,STATUS_INCONSISTENT
LN104290,2023-05,STATUS_INCONSISTENT
LN103616,2024-10,STATUS_INCONSISTENT
LN102983,2024-08,STATUS_INCONSISTENT
LN100521,2024-04,DOC_GAP
LN103416,2024-11,STATUS_INCONSISTENT
LN106885,2022-12,STALE_UPDATE
LN108762,2024-10,STALE_UPDATE
LN101238,2025-06,STALE_UPDATE
LN105659,2024-09,BALANCE_MISMATCH
LN106204,2024-02,DOC_GAP
LN107398,2023-01,DATE_INVALID
LN105933,2023-10,DOC_GAP
LN103542,2024-07,BALANCE_MISMATCH
LN104589,2022-09,STALE_UPDATE
LN104236,2025-12,STATUS_INCONSISTENT
LN100477,2024-02,BALANCE_MISMATCH
LN103305,2022-10,BALANCE_MISMATCH
LN104878,2024-11,DOC_GAP
LN100128,2024-07,BALANCE_MISMATCH
LN104280,2024-08,STALE_UPDATE
LN102418,2023-10,DUPLICATE_RECORD
LN102799,2025-04,BALANCE_MISMATCH
LN100993,2023-01,BALANCE_MISMATCH
LN107098,2024-07,BALANCE_MISMATCH
LN101086,2024-04,STATUS_INCONSISTENT
LN101033,2025-04,BALANCE_MISMATCH
LN102695,2024-06,STALE_UPDATE
LN102269,2025-04,BALANCE_MISMATCH
LN103266,2025-12,DOC_GAP
LN105585,2025-12,DOC_GAP
LN102673,2023-04,BALANCE_MISMATCH
LN101739,2023-08,DOC_GAP
LN102911,2023-09,STATUS_INCONSISTENT
LN101318,2025-11,STALE_UPDATE
LN107190,2023-09,STATUS_INCONSISTENT
LN105914,2023-05,STATUS_INCONSISTENT
LN102024,2022-06,STALE_UPDATE
LN102224,2024-01,DOC_GAP
LN105809,2025-05,DATE_INVALID
LN105280,2025-01,STALE_UPDATE
LN108224,2025-10,STALE_UPDATE
LN103940,2025-06,DUPLICATE_RECORD
LN104565,2024-07,BALANCE_MISMATCH
LN105254,2023-03,DOC_GAP
LN100350,2024-12,STATUS_INCONSISTENT
LN101084,2025-09,STALE_UPDATE
LN107632,2025-12,BALANCE_MISMATCH
LN107891,2025-04,DOC_GAP
LN102201,2021-11,BALANCE_MISMATCH
LN102957,2023-09,DOC_GAP
LN101597,2024-06,BALANCE_MISMATCH
LN106715,2023-12,DATE_INVALID
LN107166,2025-02,DOC_GAP
LN105095,2023-01,DUPLICATE_RECORD
LN105908,2025-08,STATUS_INCONSISTENT
LN103974,2024-03,BALANCE_MISMATCH
LN108996,2025-07,DATE_INVALID
LN108460,2025-04,STATUS_INCONSISTENT
LN107647,2024-05,BALANCE_MISMATCH
LN107830,2023-11,DATE_INVALID
LN101136,2025-07,STALE_UPDATE
LN106743,2022-04,STALE_UPDATE
LN102870,2023-06,DUPLICATE_RECORD
LN101540,2025-10,BALANCE_MISMATCH
LN106766,2025-03,STATUS_INCONSISTENT
LN104645,2025-04,STATUS_INCONSISTENT
LN102091,2023-11,DOC_GAP
LN103692,2022-04,DATE_INVALID
LN103115,2024-09,DUPLICATE_RECORD
LN101038,2024-10,STALE_UPDATE
LN108089,2023-04,DUPLICATE_RECORD
LN100626,2023-08,STATUS_INCONSISTENT
LN106968,2023-09,STATUS_INCONSISTENT
LN107792,2025-06,BALANCE_MISMATCH
LN108098,2024-12,STALE_UPDATE
LN105117,2025-11,STALE_UPDATE
LN107035,2023-09,BALANCE_MISMATCH
LN101904,2023-12,BALANCE_MISMATCH
LN100337,2024-06,STATUS_INCONSISTENT
LN105568,2025-11,STATUS_INCONSISTENT
LN107703,2023-03,STALE_UPDATE
LN103849,2023-12,BALANCE_MISMATCH
LN100294,2023-09,STATUS_INCONSISTENT
LN105534,2023-10,STATUS_INCONSISTENT
LN106871,2024-11,BALANCE_MISMATCH
LN107348,2024-11,STALE_UPDATE
LN104096,2024-09,DATE_INVALID
LN105106,2024-12,STATUS_INCONSISTENT
LN107773,2025-11,STATUS_INCONSISTENT
LN101357,2023-12,STATUS_INCONSISTENT
LN106163,2023-10,STATUS_INCONSISTENT
LN105608,2025-03,STATUS_INCONSISTENT
LN105823,2024-04,BALANCE_MISMATCH
LN105925,2023-06,DOC_GAP
LN101756,2023-05,DOC_GAP
LN107725,2025-09,STATUS_INCONSISTENT
LN103285,2025-10,DOC_GAP
LN101116,2025-05,STATUS_INCONSISTENT
LN100049,2025-01,BALANCE_MISMATCH
LN101487,2024-01,BALANCE_MISMATCH
LN104654,2024-04,STALE_UPDATE
LN105096,2024-01,DUPLICATE_RECORD
LN104051,2024-07,BALANCE_MISMATCH
LN106524,2025-04,STALE_UPDATE
LN105114,2022-11,DATE_INVALID
LN106227,2024-03,BALANCE_MISMATCH
LN102844,2025-06,DATE_INVALID
LN103258,2024-01,DATE_INVALID
LN103724,2023-09,DUPLICATE_RECORD
LN101549,2021-08,DOC_GAP
LN106654,2023-11,BALANCE_MISMATCH
LN104070,2024-10,BALANCE_MISMATCH
LN105140,2023-08,STATUS_INCONSISTENT
LN103764,2023-12,BALANCE_MISMATCH
LN105651,2025-01,DATE_INVALID
LN108058,2024-08,DOC_GAP
LN102645,2025-01,STALE_UPDATE
LN106669,2025-03,STALE_UPDATE
LN105409,2024-05,BALANCE_MISMATCH
LN108507,2024-07,DOC_GAP
LN100386,2024-07,DUPLICATE_RECORD
LN104604,2023-07,DUPLICATE_RECORD
LN104654,2021-12,STALE_UPDATE
LN100464,2021-08,DATE_INVALID
LN106143,2024-11,DATE_INVALID
LN102370,2023-01,STALE_UPDATE
LN101543,2025-06,STATUS_INCONSISTENT
LN100276,2025-01,BALANCE_MISMATCH
LN103486,2024-02,DATE_INVALID
LN108630,2025-01,BALANCE_MISMATCH
LN108515,2023-10,DOC_GAP
LN108397,2022-10,DUPLICATE_RECORD
LN104188,2023-01,BALANCE_MISMATCH
LN107700,2024-07,DOC_GAP
LN108610,2023-02,DATE_INVALID
LN107655,2022-08,DOC_GAP
LN102988,2025-07,DUPLICATE_RECORD
LN105114,2024-05,STATUS_INCONSISTENT
LN108132,2024-03,STATUS_INCONSISTENT
LN105424,2023-05,DOC_GAP
LN108333,2024-09,DATE_INVALID
LN103941,2025-02,DUPLICATE_RECORD
LN101054,2023-10,DOC_GAP
LN103077,2025-04,DATE_INVALID
LN103408,2025-11,DUPLICATE_RECORD
LN103107,2024-08,DOC_GAP
LN108853,2022-07,STALE_UPDATE
LN106041,2023-09,DUPLICATE_RECORD
LN106046,2024-11,STALE_UPDATE
LN105453,2024-06,STATUS_INCONSISTENT
LN103350,2022-06,DOC_GAP
LN100774,2025-12,DATE_INVALID
LN106943,2023-10,STALE_UPDATE
LN102262,2023-04,DUPLICATE_RECORD
LN103903,2023-12,BALANCE_MISMATCH
LN100375,2024-08,DOC_GAP
LN102111,2024-01,STALE_UPDATE
LN103616,2024-08,STALE_UPDATE
LN108199,2025-01,DOC_GAP
LN101872,2023-08,BALANCE_MISMATCH
LN102273,2023-09,STATUS_INCONSISTENT
LN107808,2024-05,BALANCE_MISMATCH
LN100996,2025-02,DATE_INVALID
LN102199,2024-11,DUPLICATE_RECORD
LN105666,2025-05,STALE_UPDATE
LN106367,2022-05,DUPLICATE_RECORD
LN106882,2024-06,BALANCE_MISMATCH
LN106798,2024-07,DATE_INVALID
LN107403,2023-11,DOC_GAP
LN105920,2025-06,STATUS_INCONSISTENT
LN106067,2025-12,STATUS_INCONSISTENT
LN105256,2025-06,BALANCE_MISMATCH
LN101128,2023-12,DOC_GAP
LN107550,2022-11,DUPLICATE_RECORD
LN102480,2024-07,STALE_UPDATE
LN105151,2025-03,STALE_UPDATE
LN100681,2023-10,STALE_UPDATE
LN104619,2024-12,DATE_INVALID
LN105811,2023-10,BALANCE_MISMATCH
LN105357,2025-05,BALANCE_MISMATCH
LN106376,2022-02,DATE_INVALID
LN105762,2023-10,DATE_INVALID
LN108408,2025-04,BALANCE_MISMATCH
LN105476,2023-03,BALANCE_MISMATCH
LN101417,2023-03,DUPLICATE_RECORD
LN107968,2022-09,BALANCE_MISMATCH
LN103335,2023-03,STALE_UPDATE
LN102711,2025-08,DOC_GAP
LN105169,2022-02,STALE_UPDATE
LN107455,2022-10,BALANCE_MISMATCH
LN102332,2022-09,DOC_GAP
LN108426,2022-11,DOC_GAP
LN105629,2023-06,DUPLICATE_RECORD
LN103511,2025-07,BALANCE_MISMATCH
LN106445,2025-01,STALE_UPDATE
LN108553,2022-11,STATUS_INCONSISTENT
LN108910,2023-07,STALE_UPDATE
LN108879,2023-05,STATUS_INCONSISTENT
LN104186,2022-06,BALANCE_MISMATCH
LN107424,2025-08,BALANCE_MISMATCH
LN105636,2022-11,DUPLICATE_RECORD
LN104669,2023-02,DOC_GAP
LN104404,2023-11,DATE_INVALID
LN100634,2022-11,STALE_UPDATE
LN101928,2023-03,STATUS_INCONSISTENT
LN105766,2025-03,DATE_INVALID
LN105369,2025-07,STATUS_INCONSISTENT
LN102576,2022-07,BALANCE_MISMATCH
LN100195,2024-12,DOC_GAP
LN104522,2023-09,DOC_GAP
LN108239,2023-12,STATUS_INCONSISTENT
LN106618,2023-09,STATUS_INCONSISTENT
LN101618,2023-09,DUPLICATE_RECORD
LN102460,2024-02,STATUS_INCONSISTENT
LN104921,2025-07,BALANCE_MISMATCH
LN107440,2024-05,STALE_UPDATE
LN104645,2023-11,STALE_UPDATE
LN106948,2024-07,BALANCE_MISMATCH
LN107306,2025-02,STATUS_INCONSISTENT
LN100088,2025-05,STATUS_INCONSISTENT
LN108728,2025-06,STATUS_INCONSISTENT
LN101623,2021-09,BALANCE_MISMATCH
LN106378,2024-03,BALANCE_MISMATCH
LN107546,2024-01,STATUS_INCONSISTENT
LN104633,2022-07,STATUS_INCONSISTENT
LN100880,2024-09,DOC_GAP
LN102925,2022-11,DOC_GAP
LN105031,2025-08,STALE_UPDATE
LN108056,2024-07,BALANCE_MISMATCH
LN105950,2022-11,BALANCE_MISMATCH
LN103012,2021-08,BALANCE_MISMATCH
LN100411,2024-04,DATE_INVALID
LN103868,2022-08,BALANCE_MISMATCH
LN105858,2024-09,STALE_UPDATE
LN106523,2024-02,DATE_INVALID
LN100971,2025-06,DOC_GAP
LN101116,2025-01,DOC_GAP
LN108732,2025-05,BALANCE_MISMATCH
LN102099,2023-04,BALANCE_MISMATCH
LN108750,2023-08,DOC_GAP
LN107232,2023-04,STATUS_INCONSISTENT
LN107134,2022-09,BALANCE_MISMATCH
LN103148,2025-10,DOC_GAP
LN106182,2024-07,DATE_INVALID
LN100331,2025-04,BALANCE_MISMATCH
LN100803,2025-08,BALANCE_MISMATCH
LN106125,2022-10,STATUS_INCONSISTENT
LN104303,2023-10,BALANCE_MISMATCH
LN100349,2025-04,DATE_INVALID
LN101727,2024-11,STATUS_INCONSISTENT
LN103102,2021-10,BALANCE_MISMATCH
LN103043,2025-08,STATUS_INCONSISTENT
LN102384,2024-04,STATUS_INCONSISTENT
LN108389,2024-01,DATE_INVALID
LN102032,2022-08,DATE_INVALID
LN106340,2024-06,DOC_GAP
LN103117,2023-10,DATE_INVALID
LN106499,2024-05,DUPLICATE_RECORD
LN104888,2025-11,STATUS_INCONSISTENT
LN107999,2025-10,DATE_INVALID
LN107935,2024-05,STATUS_INCONSISTENT
LN108493,2024-09,STATUS_INCONSISTENT
LN102260,2023-01,DATE_INVALID
LN100283,2023-06,BALANCE_MISMATCH
LN108379,2024-01,STATUS_INCONSISTENT
LN104256,2023-02,STALE_UPDATE
LN105289,2025-05,DOC_GAP
LN103149,2021-11,STALE_UPDATE
LN106777,2025-02,DATE_INVALID
LN101330,2023-08,STATUS_INCONSISTENT
LN106037,2024-02,STALE_UPDATE
LN100902,2023-06,STATUS_INCONSISTENT
LN104894,2024-01,STATUS_INCONSISTENT
LN106214,2025-08,DUPLICATE_RECORD
LN102816,2025-02,STATUS_INCONSISTENT
LN105749,2023-07,DUPLICATE_RECORD
LN108385,2024-11,DUPLICATE_RECORD
LN106740,2023-07,BALANCE_MISMATCH
LN103893,2025-03,STATUS_INCONSISTENT
LN106093,2023-06,DOC_GAP
LN103373,2025-07,DOC_GAP
LN105461,2023-12,DUPLICATE_RECORD
LN105193,2022-09,DOC_GAP
LN105976,2025-03,DUPLICATE_RECORD
LN101663,2024-11,BALANCE_MISMATCH
LN107102,2025-04,DOC_GAP
LN100566,2022-07,DOC_GAP
LN104514,2025-06,BALANCE_MISMATCH
LN104739,2025-06,STALE_UPDATE
LN104502,2025-02,DUPLICATE_RECORD
LN100142,2022-11,BALANCE_MISMATCH
LN106037,2024-05,DUPLICATE_RECORD
LN104270,2025-11,BALANCE_MISMATCH
LN101681,2025-09,DOC_GAP
LN103754,2024-05,STALE_UPDATE
LN101297,2023-12,DATE_INVALID
LN107789,2025-12,DOC_GAP
LN107570,2025-09,BALANCE_MISMATCH
LN107653,2024-08,BALANCE_MISMATCH
LN106946,2024-08,STALE_UPDATE
LN102543,2025-12,DATE_INVALID
LN105580,2024-02,STATUS_INCONSISTENT
LN108987,2022-05,STALE_UPDATE
LN100799,2023-06,BALANCE_MISMATCH
LN100943,2024-12,DUPLICATE_RECORD
LN107838,2024-07,STATUS_INCONSISTENT
LN100626,2025-03,STALE_UPDATE
LN100590,2024-12,STATUS_INCONSISTENT
LN100216,2025-02,DOC_GAP
LN100088,2025-12,DUPLICATE_RECORD
LN102013,2024-10,DATE_INVALID
LN100851,2025-12,DATE_INVALID
LN103925,2025-03,STALE_UPDATE
LN105823,2025-08,STATUS_INCONSISTENT
LN104054,2024-03,STATUS_INCONSISTENT
LN104531,2024-02,DOC_GAP
LN107726,2022-10,DATE_INVALID
LN102424,2023-11,STATUS_INCONSISTENT
LN108628,2024-08,DUPLICATE_RECORD
LN108467,2025-05,BALANCE_MISMATCH
LN101153,2025-02,DUPLICATE_RECORD
LN104926,2023-06,BALANCE_MISMATCH
LN105343,2024-01,STALE_UPDATE
LN103463,2024-11,BALANCE_MISMATCH
LN107628,2024-12,BALANCE_MISMATCH
LN100986,2025-06,DUPLICATE_RECORD
LN102176,2023-06,STATUS_INCONSISTENT
LN100186,2023-04,DOC_GAP
LN108682,2022-02,BALANCE_MISMATCH
LN105382,2024-09,DUPLICATE_RECORD
LN104825,2022-12,STALE_UPDATE
LN105547,2023-10,STATUS_INCONSISTENT
LN108351,2023-08,STATUS_INCONSISTENT
LN103687,2025-02,DUPLICATE_RECORD
LN100606,2024-10,BALANCE_MISMATCH
LN103021,2021-12,STALE_UPDATE
LN102022,2025-06,DATE_INVALID
LN100745,2023-09,BALANCE_MISMATCH
LN104489,2024-06,STATUS_INCONSISTENT
LN101271,2022-05,DUPLICATE_RECORD
LN101278,2025-10,BALANCE_MISMATCH
LN102543,2024-05,STATUS_INCONSISTENT
LN104009,2023-12,DOC_GAP
LN103669,2025-05,STATUS_INCONSISTENT
LN108455,2023-05,STALE_UPDATE
LN108044,2025-01,BALANCE_MISMATCH
LN100210,2023-01,STALE_UPDATE
LN102285,2024-07,STALE_UPDATE
LN101157,2025-07,BALANCE_MISMATCH
LN103829,2024-03,BALANCE_MISMATCH
LN107723,2022-08,STATUS_INCONSISTENT
LN107978,2025-01,DUPLICATE_RECORD
LN107650,2023-03,DUPLICATE_RECORD
LN106482,2024-12,DOC_GAP
LN106681,2023-10,STALE_UPDATE
LN107652,2025-10,STATUS_INCONSISTENT
LN108180,2024-03,DOC_GAP
LN105417,2022-05,STATUS_INCONSISTENT
LN103542,2024-01,DATE_INVALID
LN106768,2024-02,STALE_UPDATE
LN105232,2022-08,BALANCE_MISMATCH
LN106559,2021-11,STALE_UPDATE
LN102150,2025-04,DOC_GAP
LN103389,2024-06,BALANCE_MISMATCH
LN107935,2024-09,DATE_INVALID
LN102834,2024-04,BALANCE_MISMATCH
LN103870,2024-04,DATE_INVALID
LN105981,2025-12,STATUS_INCONSISTENT
LN106989,2022-02,DATE_INVALID
LN105729,2024-12,DATE_INVALID
LN102477,2024-09,BALANCE_MISMATCH
LN108604,2024-12,BALANCE_MISMATCH
LN106576,2022-12,STALE_UPDATE
LN105552,2025-11,BALANCE_MISMATCH
LN108385,2024-03,STATUS_INCONSISTENT
LN108488,2023-09,DATE_INVALID
LN108110,2024-10,DATE_INVALID
LN103356,2022-10,DOC_GAP
LN100218,2023-05,STALE_UPDATE
LN107008,2025-01,STALE_UPDATE
LN104023,2023-07,STALE_UPDATE
LN103561,2023-01,BALANCE_MISMATCH
LN100867,2024-12,STALE_UPDATE
LN105473,2024-09,DOC_GAP
LN106791,2025-08,DUPLICATE_RECORD
LN104976,2025-10,BALANCE_MISMATCH
LN106527,2024-06,BALANCE_MISMATCH
LN103165,2025-05,STATUS_INCONSISTENT
LN105353,2023-03,BALANCE_MISMATCH
LN107697,2022-12,STALE_UPDATE
LN107149,2025-06,STATUS_INCONSISTENT
LN106213,2023-05,BALANCE_MISMATCH
LN103544,2023-04,DATE_INVALID
LN106646,2022-12,STATUS_INCONSISTENT
LN101131,2025-10,DOC_GAP
LN104825,2023-08,DATE_INVALID
LN103565,2023-04,DATE_INVALID
LN100992,2024-03,BALANCE_MISMATCH
LN108189,2023-12,STALE_UPDATE
LN101160,2025-09,BALANCE_MISMATCH
LN101819,2025-05,STATUS_INCONSISTENT
LN100217,2024-03,STALE_UPDATE
LN104788,2024-07,STATUS_INCONSISTENT
LN101847,2024-11,DATE_INVALID
LN106536,2025-10,DOC_GAP
LN102826,2023-10,DUPLICATE_RECORD
LN103942,2024-12,STATUS_INCONSISTENT
LN108637,2024-11,STATUS_INCONSISTENT
LN105779,2023-05,BALANCE_MISMATCH
LN106998,2024-03,BALANCE_MISMATCH
LN100476,2025-01,STATUS_INCONSISTENT
LN105259,2025-12,STATUS_INCONSISTENT
LN100545,2024-11,STATUS_INCONSISTENT
LN100969,2023-08,BALANCE_MISMATCH
LN101239,2022-07,BALANCE_MISMATCH
LN101639,2023-03,STATUS_INCONSISTENT
LN103154,2024-12,STALE_UPDATE
LN100699,2023-12,STATUS_INCONSISTENT
LN105245,2023-04,BALANCE_MISMATCH
LN102729,2024-02,STATUS_INCONSISTENT
LN106016,2023-08,DUPLICATE_RECORD
LN102758,2023-10,STATUS_INCONSISTENT
LN103616,2025-07,BALANCE_MISMATCH
LN101467,2024-08,DOC_GAP
LN107809,2025-01,STATUS_INCONSISTENT
LN100239,2023-12,DUPLICATE_RECORD
LN107158,2022-07,STALE_UPDATE
LN101360,2024-05,STALE_UPDATE
LN103727,2024-08,STATUS_INCONSISTENT
LN105767,2022-10,STALE_UPDATE
LN107362,2023-01,STATUS_INCONSISTENT
LN106527,2025-12,STALE_UPDATE
LN100202,2023-07,STALE_UPDATE
LN100694,2023-08,STATUS_INCONSISTENT
LN107871,2024-05,STATUS_INCONSISTENT
LN106387,2025-08,BALANCE_MISMATCH
LN104312,2022-09,STATUS_INCONSISTENT
LN106788,2025-07,STATUS_INCONSISTENT
LN107552,2025-06,DATE_INVALID
LN100573,2022-10,BALANCE_MISMATCH
LN103213,2025-04,STATUS_INCONSISTENT
LN108659,2025-12,DUPLICATE_RECORD
LN104488,2024-11,STATUS_INCONSISTENT
LN104156,2025-08,STALE_UPDATE
LN107925,2023-12,STATUS_INCONSISTENT
LN108316,2024-03,BALANCE_MISMATCH
LN101151,2024-11,BALANCE_MISMATCH
LN108220,2023-05,BALANCE_MISMATCH
LN106621,2025-10,STATUS_INCONSISTENT
LN107462,2024-05,STALE_UPDATE
LN106017,2022-04,DOC_GAP
LN101595,2025-05,DOC_GAP
LN104490,2025-09,BALANCE_MISMATCH
LN107666,2024-09,DOC_GAP
LN106606,2024-11,DUPLICATE_RECORD
LN102704,2022-09,STATUS_INCONSISTENT
LN104106,2023-08,DOC_GAP
LN106593,2025-08,DOC_GAP
LN106171,2025-03,BALANCE_MISMATCH
LN106392,2023-01,STATUS_INCONSISTENT
LN100745,2025-08,BALANCE_MISMATCH
LN102923,2025-08,STATUS_INCONSISTENT
LN102804,2024-12,DATE_INVALID
LN104633,2023-03,BALANCE_MISMATCH
LN101461,2024-10,DOC_GAP
LN103497,2025-12,STALE_UPDATE
LN107243,2024-04,BALANCE_MISMATCH
LN105473,2025-02,BALANCE_MISMATCH
LN105434,2025-11,STALE_UPDATE
LN101266,2023-07,DUPLICATE_RECORD
LN104870,2022-03,STATUS_INCONSISTENT
LN103991,2024-06,STALE_UPDATE
LN107250,2023-06,STALE_UPDATE
LN101900,2025-04,DATE_INVALID
LN102258,2024-03,STALE_UPDATE
LN106906,2021-10,STALE_UPDATE
LN100027,2025-07,DUPLICATE_RECORD
LN100752,2022-01,STATUS_INCONSISTENT
LN102640,2023-11,DATE_INVALID
LN102198,2025-04,DATE_INVALID
LN100344,2024-09,BALANCE_MISMATCH
LN104170,2024-05,DUPLICATE_RECORD
LN103226,2023-07,DOC_GAP
LN102776,2024-09,BALANCE_MISMATCH
LN108272,2023-05,DATE_INVALID
LN102620,2025-02,STALE_UPDATE
LN100073,2024-09,STATUS_INCONSISTENT
LN105519,2025-05,BALANCE_MISMATCH
LN107596,2023-12,STALE_UPDATE
LN104184,2023-09,STALE_UPDATE
LN107509,2024-06,STALE_UPDATE
LN104111,2024-11,DATE_INVALID
LN104585,2024-10,BALANCE_MISMATCH
LN104406,2025-08,BALANCE_MISMATCH
LN104580,2022-05,STATUS_INCONSISTENT
LN103410,2022-09,STATUS_INCONSISTENT
LN108533,2023-02,STATUS_INCONSISTENT
LN100117,2022-04,STATUS_INCONSISTENT
LN100917,2024-05,BALANCE_MISMATCH
LN106057,2023-08,DOC_GAP
LN104914,2025-09,STATUS_INCONSISTENT
LN102289,2025-11,STATUS_INCONSISTENT
LN100530,2024-03,DOC_GAP
LN104530,2022-07,STATUS_INCONSISTENT
LN106051,2022-09,DOC_GAP
LN103282,2025-07,DUPLICATE_RECORD
LN101385,2024-10,DOC_GAP
LN100349,2023-10,DUPLICATE_RECORD
LN105386,2024-06,DOC_GAP
LN107941,2025-12,STALE_UPDATE
LN101095,2024-12,DOC_GAP
LN108685,2023-10,DUPLICATE_RECORD
LN105374,2024-08,BALANCE_MISMATCH
LN104799,2025-02,STALE_UPDATE
LN106970,2023-05,DATE_INVALID
LN106835,2025-11,DATE_INVALID
LN106171,2023-10,DUPLICATE_RECORD
LN102605,2025-07,DATE_INVALID
LN105817,2025-06,DOC_GAP
LN104786,2024-04,STALE_UPDATE
LN102818,2023-09,DUPLICATE_RECORD
LN100313,2025-05,DATE_INVALID
LN102230,2024-08,STALE_UPDATE
LN107154,2023-05,BALANCE_MISMATCH
LN100357,2024-11,STALE_UPDATE
LN101386,2025-08,BALANCE_MISMATCH
LN102873,2025-03,DUPLICATE_RECORD
LN107553,2025-07,STALE_UPDATE
LN102582,2024-06,DUPLICATE_RECORD
LN105138,2022-10,STATUS_INCONSISTENT
LN101559,2025-09,STALE_UPDATE
LN104720,2025-01,STATUS_INCONSISTENT
LN104889,2025-03,DATE_INVALID
LN103359,2024-09,DUPLICATE_RECORD
LN107413,2022-10,DUPLICATE_RECORD
LN108224,2024-10,DOC_GAP
LN103426,2023-07,STATUS_INCONSISTENT
LN102459,2025-02,DATE_INVALID
LN107644,2023-12,DOC_GAP
LN101899,2022-10,DOC_GAP
LN103887,2025-10,STATUS_INCONSISTENT
LN100569,2024-11,DUPLICATE_RECORD
LN105749,2025-12,DUPLICATE_RECORD
LN108266,2021-12,DATE_INVALID
LN103394,2025-08,STALE_UPDATE
LN103675,2025-08,STATUS_INCONSISTENT
LN104317,2025-10,STATUS_INCONSISTENT
LN105001,2021-12,BALANCE_MISMATCH
LN102007,2024-08,STATUS_INCONSISTENT
LN103120,2023-10,STATUS_INCONSISTENT
LN103008,2024-03,DUPLICATE_RECORD
LN103109,2025-09,DUPLICATE_RECORD
LN105882,2025-12,STALE_UPDATE
LN108286,2025-09,BALANCE_MISMATCH
LN104407,2023-08,STALE_UPDATE
LN106326,2021-09,DUPLICATE_RECORD
LN100774,2025-07,BALANCE_MISMATCH
LN104764,2024-05,DATE_INVALID
LN100355,2025-04,STATUS_INCONSISTENT
LN106128,2024-01,BALANCE_MISMATCH
LN103413,2025-11,BALANCE_MISMATCH
LN106671,2023-09,STATUS_INCONSISTENT
LN106346,2024-05,BALANCE_MISMATCH
LN105317,2023-09,STALE_UPDATE
LN101059,2024-07,STALE_UPDATE
LN107685,2023-10,DOC_GAP
LN105769,2023-08,STALE_UPDATE
LN106767,2025-09,DOC_GAP
LN106699,2023-05,DATE_INVALID
LN102514,2024-06,STALE_UPDATE
LN105988,2025-05,STALE_UPDATE
LN108717,2024-05,DOC_GAP
LN104781,2025-07,DATE_INVALID
LN100666,2024-01,STATUS_INCONSISTENT
LN104204,2025-05,STALE_UPDATE
LN100044,2023-04,STATUS_INCONSISTENT
LN101048,2024-03,STALE_UPDATE
LN102765,2025-12,DUPLICATE_RECORD
LN108309,2024-06,STATUS_INCONSISTENT
LN106650,2022-05,DATE_INVALID
LN104641,2022-09,STATUS_INCONSISTENT
LN100449,2024-04,BALANCE_MISMATCH
LN100870,2025-08,STALE_UPDATE
LN106912,2023-12,DOC_GAP
LN104912,2023-07,STALE_UPDATE
LN104681,2023-01,DATE_INVALID
LN102065,2024-11,BALANCE_MISMATCH
LN104127,2025-02,STATUS_INCONSISTENT
LN102969,2025-01,DATE_INVALID
LN105755,2024-06,DOC_GAP
LN108503,2025-08,DUPLICATE_RECORD
LN104772,2024-10,BALANCE_MISMATCH
LN105105,2025-06,BALANCE_MISMATCH
LN102060,2025-12,STALE_UPDATE
LN104961,2025-06,STATUS_INCONSISTENT
LN101875,2023-05,STATUS_INCONSISTENT
LN108568,2025-10,DOC_GAP
LN102549,2023-04,STATUS_INCONSISTENT
LN108839,2023-07,DOC_GAP
LN100701,2024-03,STATUS_INCONSISTENT
LN106124,2022-05,STALE_UPDATE
LN101387,2025-06,STATUS_INCONSISTENT
LN108972,2023-05,STATUS_INCONSISTENT
LN108113,2024-08,BALANCE_MISMATCH
LN101538,2024-09,DUPLICATE_RECORD
LN104602,2025-06,DUPLICATE_RECORD
LN106134,2024-02,STALE_UPDATE
LN106171,2025-02,DATE_INVALID
LN101482,2022-12,STATUS_INCONSISTENT
LN104070,2022-07,DATE_INVALID
LN101899,2024-08,DUPLICATE_RECORD
LN103771,2023-06,DUPLICATE_RECORD
LN104043,2023-12,DATE_INVALID
LN103379,2022-11,STATUS_INCONSISTENT
LN108241,2025-01,BALANCE_MISMATCH
LN105096,2025-08,BALANCE_MISMATCH
LN102474,2023-02,DUPLICATE_RECORD
LN102978,2025-11,DUPLICATE_RECORD
LN100647,2025-02,BALANCE_MISMATCH
LN103539,2025-07,STALE_UPDATE
LN104938,2025-06,STATUS_INCONSISTENT
LN104394,2025-08,STALE_UPDATE
LN101299,2022-09,DATE_INVALID
LN107053,2023-11,STALE_UPDATE
LN101446,2025-03,DUPLICATE_RECORD
LN103542,2022-12,DATE_INVALID
LN107920,2023-12,STATUS_INCONSISTENT
LN100384,2024-06,STALE_UPDATE
LN105677,2024-02,STATUS_INCONSISTENT
LN105765,2023-08,DATE_INVALID
LN108509,2025-04,STATUS_INCONSISTENT
LN106276,2022-02,BALANCE_MISMATCH
LN105709,2025-06,BALANCE_MISMATCH
LN100211,2025-06,DOC_GAP
LN107966,2023-08,STALE_UPDATE
LN100010,2024-02,STATUS_INCONSISTENT
LN108579,2025-08,STATUS_INCONSISTENT
LN100632,2024-04,BALANCE_MISMATCH
LN106202,2024-03,DUPLICATE_RECORD
LN107702,2023-07,STATUS_INCONSISTENT
LN103098,2022-04,STALE_UPDATE
LN101363,2022-06,DOC_GAP
LN105045,2025-10,STALE_UPDATE
LN107571,2025-05,BALANCE_MISMATCH
LN101475,2022-10,STATUS_INCONSISTENT
LN108573,2025-02,DATE_INVALID
LN100006,2024-10,DATE_INVALID
LN100694,2025-06,DATE_INVALID
LN100838,2022-07,STALE_UPDATE
LN103840,2025-12,DUPLICATE_RECORD
LN100959,2025-02,BALANCE_MISMATCH
LN100538,2025-05,STALE_UPDATE
LN100171,2023-06,STALE_UPDATE
LN104769,2023-05,STALE_UPDATE
LN103463,2024-06,STALE_UPDATE
LN104668,2024-02,DOC_GAP
LN108517,2025-05,DATE_INVALID
LN107267,2025-12,DOC_GAP
LN106516,2025-07,STATUS_INCONSISTENT
LN107073,2022-04,DOC_GAP
LN100095,2024-08,STATUS_INCONSISTENT
LN105651,2025-10,BALANCE_MISMATCH
LN102081,2024-08,BALANCE_MISMATCH
LN101517,2022-10,DATE_INVALID
LN101156,2025-03,DATE_INVALID
LN100410,2024-11,DOC_GAP
LN100472,2024-03,DATE_INVALID
LN104392,2025-08,DOC_GAP
LN106202,2023-05,BALANCE_MISMATCH
LN106382,2025-12,STALE_UPDATE
LN105766,2024-11,STATUS_INCONSISTENT
LN105790,2024-12,BALANCE_MISMATCH
LN100801,2025-06,BALANCE_MISMATCH
LN101023,2025-02,STATUS_INCONSISTENT
LN100353,2023-01,STATUS_INCONSISTENT
LN105289,2023-09,DATE_INVALID
LN108658,2025-06,STATUS_INCONSISTENT
LN102984,2025-03,STATUS_INCONSISTENT
LN106229,2024-10,BALANCE_MISMATCH
LN107243,2024-08,DUPLICATE_RECORD
LN101815,2022-07,BALANCE_MISMATCH
LN103151,2025-05,DUPLICATE_RECORD
LN103225,2024-12,DOC_GAP
LN107940,2025-06,DATE_INVALID
LN100398,2022-09,BALANCE_MISMATCH
LN104292,2024-12,BALANCE_MISMATCH
LN106883,2025-06,BALANCE_MISMATCH
LN106153,2025-12,DOC_GAP
LN107402,2024-01,STALE_UPDATE
LN107734,2022-11,DATE_INVALID
LN100709,2025-07,DOC_GAP
LN108594,2023-11,BALANCE_MISMATCH
LN105573,2024-05,DOC_GAP
LN106977,2022-06,STATUS_INCONSISTENT
LN105087,2022-05,STALE_UPDATE
LN107405,2023-11,DATE_INVALID
LN108600,2025-02,DUPLICATE_RECORD
LN103543,2024-04,DOC_GAP
LN102947,2023-03,STALE_UPDATE
LN102945,2024-09,BALANCE_MISMATCH
LN106350,2023-02,DOC_GAP
LN104736,2025-09,DOC_GAP
LN104742,2023-11,STATUS_INCONSISTENT
LN104680,2025-09,DUPLICATE_RECORD
LN102485,2025-01,STATUS_INCONSISTENT
LN106003,2024-09,STATUS_INCONSISTENT
LN106396,2024-05,DOC_GAP
LN103775,2022-06,STALE_UPDATE
LN102076,2023-08,STATUS_INCONSISTENT
LN102602,2025-09,DATE_INVALID
LN103912,2024-10,STALE_UPDATE
LN100542,2024-06,STATUS_INCONSISTENT
LN104722,2025-06,DUPLICATE_RECORD
LN104670,2025-11,DOC_GAP
LN108576,2023-11,BALANCE_MISMATCH
LN103007,2022-12,BALANCE_MISMATCH
LN102930,2022-10,STALE_UPDATE
LN103080,2025-07,STALE_UPDATE
LN100055,2021-08,DOC_GAP
LN103789,2025-06,BALANCE_MISMATCH
LN105835,2025-11,STALE_UPDATE
LN100439,2024-04,STATUS_INCONSISTENT
LN105117,2024-04,BALANCE_MISMATCH
LN108431,2023-12,DOC_GAP
LN108949,2023-06,DATE_INVALID
LN107505,2024-03,DATE_INVALID
LN107912,2023-11,STATUS_INCONSISTENT
LN104249,2023-03,BALANCE_MISMATCH
LN102614,2023-06,STATUS_INCONSISTENT
LN101436,2023-12,BALANCE_MISMATCH
LN104874,2025-12,BALANCE_MISMATCH
LN105545,2024-09,BALANCE_MISMATCH
LN102419,2025-03,DUPLICATE_RECORD
LN101537,2024-02,BALANCE_MISMATCH
LN103684,2025-11,STATUS_INCONSISTENT
LN104655,2023-07,BALANCE_MISMATCH
LN107666,2024-05,DUPLICATE_RECORD
LN103399,2025-12,STATUS_INCONSISTENT
LN101984,2024-05,DUPLICATE_RECORD
LN105670,2024-05,STALE_UPDATE
LN104952,2025-04,DOC_GAP
LN107800,2024-02,DOC_GAP
LN102751,2022-03,STALE_UPDATE
LN102645,2024-03,DUPLICATE_RECORD
LN102150,2023-12,BALANCE_MISMATCH
LN107611,2025-04,BALANCE_MISMATCH
LN107847,2024-11,BALANCE_MISMATCH
LN108281,2023-06,STALE_UPDATE
LN105886,2025-03,STALE_UPDATE
LN100240,2025-04,STATUS_INCONSISTENT
LN103702,2023-09,DUPLICATE_RECORD
LN102776,2023-07,STATUS_INCONSISTENT
LN102704,2022-05,STALE_UPDATE
LN105302,2024-06,DOC_GAP
LN100115,2023-09,BALANCE_MISMATCH
LN104408,2025-06,BALANCE_MISMATCH
LN104397,2023-01,BALANCE_MISMATCH
LN101475,2025-05,STALE_UPDATE
LN102103,2021-12,STALE_UPDATE
LN108342,2022-05,STATUS_INCONSISTENT
LN104764,2025-03,BALANCE_MISMATCH
LN102859,2025-10,DATE_INVALID
LN107601,2023-11,STALE_UPDATE
LN105690,2023-08,STALE_UPDATE
LN105877,2022-07,STALE_UPDATE
LN106630,2025-07,DATE_INVALID
LN105659,2024-11,STATUS_INCONSISTENT
LN100338,2023-08,BALANCE_MISMATCH
LN107922,2024-06,DATE_INVALID
LN106926,2023-03,DOC_GAP
LN105505,2024-12,DUPLICATE_RECORD
LN106981,2023-10,BALANCE_MISMATCH
LN108561,2024-01,STATUS_INCONSISTENT
LN100218,2023-08,DOC_GAP
LN106009,2023-07,STATUS_INCONSISTENT
LN104384,2025-10,DATE_INVALID
LN107641,2025-02,DOC_GAP
LN100310,2024-12,BALANCE_MISMATCH
LN100500,2023-11,BALANCE_MISMATCH
LN106471,2024-04,DOC_GAP
LN103415,2025-05,DATE_INVALID
LN106315,2024-02,BALANCE_MISMATCH
LN108298,2024-01,DUPLICATE_RECORD
LN103569,2025-04,STALE_UPDATE
LN100326,2024-02,DATE_INVALID
LN102698,2024-08,BALANCE_MISMATCH
LN103836,2022-03,BALANCE_MISMATCH
LN100572,2024-07,BALANCE_MISMATCH
LN104748,2024-07,STALE_UPDATE
LN106642,2025-10,DATE_INVALID
LN102138,2024-01,BALANCE_MISMATCH
LN101947,2025-07,BALANCE_MISMATCH
LN102381,2024-05,DOC_GAP
LN100177,2025-03,BALANCE_MISMATCH
LN108103,2025-04,DOC_GAP
LN105569,2022-07,DUPLICATE_RECORD
LN105433,2025-04,DATE_INVALID
LN105114,2022-07,BALANCE_MISMATCH
LN108591,2023-05,DATE_INVALID
LN102369,2022-10,STALE_UPDATE
LN107083,2023-11,DOC_GAP
LN103279,2025-01,STATUS_INCONSISTENT
LN108195,2025-05,STATUS_INCONSISTENT
LN103877,2025-11,DATE_INVALID
LN107760,2023-08,STALE_UPDATE
LN105593,2025-01,DOC_GAP
LN103032,2024-02,DUPLICATE_RECORD
LN108317,2024-10,DATE_INVALID
LN105045,2022-11,DUPLICATE_RECORD
LN102665,2025-01,STALE_UPDATE
LN104627,2022-03,STALE_UPDATE
LN105884,2022-09,DATE_INVALID
LN100844,2025-02,STATUS_INCONSISTENT
LN104840,2024-09,BALANCE_MISMATCH
LN105826,2024-11,DOC_GAP
LN103799,2022-07,DATE_INVALID
LN103218,2025-12,STALE_UPDATE
LN102607,2024-04,BALANCE_MISMATCH
LN105843,2023-09,DATE_INVALID
LN107912,2024-03,STATUS_INCONSISTENT
LN106765,2025-02,DATE_INVALID
LN107091,2023-04,STALE_UPDATE
LN100760,2024-02,BALANCE_MISMATCH
LN103854,2025-02,DUPLICATE_RECORD
LN108548,2022-03,DATE_INVALID
LN104377,2025-11,DOC_GAP
LN104801,2023-10,STALE_UPDATE
LN102577,2023-02,DOC_GAP
LN100447,2025-10,BALANCE_MISMATCH
LN103743,2023-03,DUPLICATE_RECORD
LN104966,2024-01,BALANCE_MISMATCH
LN104720,2023-11,BALANCE_MISMATCH
LN107221,2024-09,BALANCE_MISMATCH
LN100109,2025-02,BALANCE_MISMATCH
LN108188,2022-07,DATE_INVALID
LN108505,2024-03,BALANCE_MISMATCH
LN106964,2023-07,STATUS_INCONSISTENT
LN104306,2024-09,DOC_GAP
LN100708,2023-06,DATE_INVALID
LN104406,2024-03,STALE_UPDATE
LN104300,2023-11,DATE_INVALID
LN102236,2023-08,STALE_UPDATE
LN107086,2024-08,STATUS_INCONSISTENT
LN108471,2023-01,STATUS_INCONSISTENT
LN107498,2024-04,STALE_UPDATE
LN106843,2024-05,STALE_UPDATE
LN100456,2024-05,STATUS_INCONSISTENT
LN100250,2023-07,DATE_INVALID
LN107554,2024-05,BALANCE_MISMATCH
LN100583,2021-12,BALANCE_MISMATCH
LN107413,2023-06,BALANCE_MISMATCH
LN107870,2022-01,STALE_UPDATE
LN103234,2025-01,STALE_UPDATE
LN106330,2024-08,DOC_GAP
LN105764,2023-01,BALANCE_MISMATCH
LN106539,2025-04,DUPLICATE_RECORD
LN100001,2025-09,DATE_INVALID
LN108434,2024-03,STALE_UPDATE
LN100305,2024-07,DOC_GAP
LN104193,2025-03,BALANCE_MISMATCH
LN108204,2025-03,BALANCE_MISMATCH
LN108836,2025-06,STATUS_INCONSISTENT
LN104975,2025-10,DOC_GAP
LN106589,2024-09,DOC_GAP
LN108826,2024-01,STATUS_INCONSISTENT
LN103496,2022-09,BALANCE_MISMATCH
LN105355,2024-09,DOC_GAP
LN105862,2024-01,DUPLICATE_RECORD
LN102998,2023-06,STATUS_INCONSISTENT
LN106367,2022-04,STATUS_INCONSISTENT
LN105715,2023-12,BALANCE_MISMATCH
LN100801,2023-11,DOC_GAP
LN102137,2023-01,DOC_GAP
LN104781,2025-03,BALANCE_MISMATCH
LN100971,2025-03,DOC_GAP
LN106387,2024-08,BALANCE_MISMATCH
LN102514,2022-08,STALE_UPDATE
LN102395,2025-09,STATUS_INCONSISTENT
LN100266,2025-07,STATUS_INCONSISTENT
LN103364,2024-03,BALANCE_MISMATCH
LN100767,2024-01,STALE_UPDATE
LN105845,2025-05,BALANCE_MISMATCH
LN104755,2025-05,STALE_UPDATE
LN107473,2023-08,STATUS_INCONSISTENT
LN106382,2025-02,BALANCE_MISMATCH
LN100092,2025-11,STALE_UPDATE
LN105621,2024-04,STALE_UPDATE
LN100613,2023-12,STALE_UPDATE
LN100341,2025-07,STALE_UPDATE
LN103279,2024-04,DOC_GAP
LN107685,2024-05,STATUS_INCONSISTENT
LN104745,2024-11,DOC_GAP
LN103922,2023-03,DATE_INVALID
LN102695,2025-02,STATUS_INCONSISTENT
LN103413,2024-04,DATE_INVALID
LN108078,2024-12,BALANCE_MISMATCH
LN102447,2024-10,BALANCE_MISMATCH
LN103831,2023-03,DATE_INVALID
LN102861,2025-01,DOC_GAP
LN106681,2023-08,DATE_INVALID
LN108091,2024-11,STALE_UPDATE
LN102332,2024-02,STATUS_INCONSISTENT
LN100148,2025-05,BALANCE_MISMATCH
LN107344,2024-02,STALE_UPDATE
LN108796,2024-12,DATE_INVALID
LN100171,2022-12,DATE_INVALID
LN106841,2024-08,DATE_INVALID
LN108731,2022-01,STALE_UPDATE
LN105481,2023-12,STALE_UPDATE
LN106899,2025-08,BALANCE_MISMATCH
LN108671,2025-02,STALE_UPDATE
LN101980,2024-01,BALANCE_MISMATCH
LN107468,2024-12,STATUS_INCONSISTENT
LN106298,2024-12,DOC_GAP
LN108940,2024-05,STATUS_INCONSISTENT
LN105877,2023-06,BALANCE_MISMATCH
LN101282,2022-11,DATE_INVALID
LN108341,2025-07,BALANCE_MISMATCH
LN102726,2022-02,DOC_GAP
LN105689,2022-09,BALANCE_MISMATCH
LN105187,2022-12,DOC_GAP
LN102233,2022-01,STALE_UPDATE
LN107642,2023-03,STALE_UPDATE
LN103296,2023-08,DUPLICATE_RECORD
LN102091,2023-06,STATUS_INCONSISTENT
LN103858,2022-12,BALANCE_MISMATCH
LN103486,2023-01,STATUS_INCONSISTENT
LN107328,2024-11,DOC_GAP
LN108756,2024-08,STATUS_INCONSISTENT
LN107553,2023-12,STALE_UPDATE
LN106678,2025-09,DATE_INVALID
LN105047,2023-12,DATE_INVALID
LN101757,2025-07,STATUS_INCONSISTENT
LN100754,2023-09,BALANCE_MISMATCH
LN108916,2024-01,BALANCE_MISMATCH
LN101775,2024-10,STALE_UPDATE
LN102193,2023-09,DOC_GAP
LN105509,2025-08,BALANCE_MISMATCH
LN102923,2024-11,STALE_UPDATE
LN103146,2024-12,DOC_GAP
LN108838,2024-11,STALE_UPDATE
LN102321,2023-05,BALANCE_MISMATCH
LN108307,2024-11,STALE_UPDATE
LN101470,2025-02,DOC_GAP
LN104074,2025-01,DOC_GAP
LN108913,2023-10,BALANCE_MISMATCH
LN107337,2023-10,DUPLICATE_RECORD
LN103958,2022-07,DUPLICATE_RECORD
LN106203,2023-11,DATE_INVALID
LN103906,2024-04,DUPLICATE_RECORD
LN107979,2025-04,DUPLICATE_RECORD
LN102047,2024-06,STATUS_INCONSISTENT
LN101805,2023-12,DUPLICATE_RECORD
LN100993,2023-12,DOC_GAP
LN106520,2025-05,STALE_UPDATE
LN104570,2024-07,BALANCE_MISMATCH
LN107985,2023-01,STALE_UPDATE
LN107282,2024-02,STALE_UPDATE
LN103307,2023-06,STALE_UPDATE
LN108765,2024-07,STATUS_INCONSISTENT
LN101142,2024-10,DOC_GAP
LN102642,2022-09,STALE_UPDATE
LN103541,2024-06,DATE_INVALID
LN107404,2024-08,BALANCE_MISMATCH
LN106873,2022-09,STATUS_INCONSISTENT
LN105884,2023-10,STATUS_INCONSISTENT
LN102491,2024-07,DOC_GAP
LN106922,2024-09,STATUS_INCONSISTENT
LN103184,2024-05,BALANCE_MISMATCH
LN104941,2025-09,BALANCE_MISMATCH
LN104837,2025-09,BALANCE_MISMATCH
LN107183,2023-01,DATE_INVALID
LN103073,2025-09,DATE_INVALID
LN103877,2023-09,BALANCE_MISMATCH
LN100177,2024-12,DATE_INVALID
LN108916,2025-05,BALANCE_MISMATCH
LN101885,2024-05,STALE_UPDATE
LN105243,2024-11,BALANCE_MISMATCH
LN102998,2024-11,BALANCE_MISMATCH
LN107863,2023-10,DUPLICATE_RECORD
LN101609,2023-09,BALANCE_MISMATCH
LN106196,2024-02,STALE_UPDATE
LN103609,2024-08,STALE_UPDATE
LN102516,2025-03,BALANCE_MISMATCH
LN100119,2022-01,STATUS_INCONSISTENT
LN101757,2024-04,STATUS_INCONSISTENT
LN108476,2024-09,BALANCE_MISMATCH
LN108604,2023-03,STATUS_INCONSISTENT
LN105526,2025-10,BALANCE_MISMATCH
LN106536,2025-03,STATUS_INCONSISTENT
LN106592,2023-01,DATE_INVALID
LN107778,2024-08,DOC_GAP
LN108854,2024-10,STATUS_INCONSISTENT
LN100711,2023-07,DOC_GAP
LN103627,2025-09,BALANCE_MISMATCH
LN100349,2024-02,STALE_UPDATE
LN102892,2024-02,DUPLICATE_RECORD
LN106388,2023-05,DOC_GAP
LN100842,2025-12,DUPLICATE_RECORD
LN104631,2025-11,STATUS_INCONSISTENT
LN100974,2024-02,DUPLICATE_RECORD
LN107135,2025-10,DOC_GAP
LN103754,2021-12,STALE_UPDATE
LN106318,2023-08,STALE_UPDATE
LN105214,2025-07,STALE_UPDATE
LN102196,2023-04,BALANCE_MISMATCH
LN103786,2023-12,DUPLICATE_RECORD
LN103708,2024-11,DUPLICATE_RECORD
LN103769,2023-01,DUPLICATE_RECORD
LN104798,2024-12,STATUS_INCONSISTENT
LN105563,2025-01,BALANCE_MISMATCH
LN103374,2024-12,STATUS_INCONSISTENT
LN105653,2024-08,DOC_GAP
LN102219,2023-04,STALE_UPDATE
LN105827,2025-12,STATUS_INCONSISTENT
LN108656,2022-10,DOC_GAP
LN100978,2023-02,STATUS_INCONSISTENT
LN103718,2023-12,STATUS_INCONSISTENT
LN104842,2024-11,STATUS_INCONSISTENT
LN100934,2023-08,DATE_INVALID
LN104789,2025-07,DUPLICATE_RECORD
LN102662,2025-09,STATUS_INCONSISTENT
LN101920,2025-11,STALE_UPDATE
LN102714,2024-12,DOC_GAP
LN104247,2025-05,BALANCE_MISMATCH
LN105658,2023-10,BALANCE_MISMATCH
LN105280,2025-05,BALANCE_MISMATCH
LN106743,2024-04,DUPLICATE_RECORD
LN106480,2023-12,BALANCE_MISMATCH
LN104027,2024-02,STALE_UPDATE
LN108136,2025-02,BALANCE_MISMATCH
LN100551,2023-07,BALANCE_MISMATCH
LN102890,2025-07,DOC_GAP
LN100612,2024-10,BALANCE_MISMATCH
LN100332,2022-11,DATE_INVALID
LN102848,2025-06,STATUS_INCONSISTENT
LN104400,2025-12,DATE_INVALID
LN107413,2023-08,DUPLICATE_RECORD
LN108632,2024-07,BALANCE_MISMATCH
LN100888,2025-02,DOC_GAP
LN100398,2022-08,STALE_UPDATE
LN103434,2024-01,STATUS_INCONSISTENT
LN103706,2023-09,BALANCE_MISMATCH
LN104102,2024-01,DOC_GAP
LN105132,2023-12,STATUS_INCONSISTENT
LN103724,2021-12,BALANCE_MISMATCH
LN106103,2022-06,BALANCE_MISMATCH
LN107655,2024-06,DOC_GAP
LN103107,2022-11,STALE_UPDATE
LN102787,2022-07,STATUS_INCONSISTENT
LN103085,2023-08,STATUS_INCONSISTENT
LN106318,2025-02,STATUS_INCONSISTENT
LN105244,2025-04,STALE_UPDATE
LN101366,2022-07,DOC_GAP
LN100375,2022-03,BALANCE_MISMATCH
LN101289,2024-08,DOC_GAP
LN102666,2023-07,BALANCE_MISMATCH
LN104349,2024-10,DUPLICATE_RECORD
LN105245,2022-07,DATE_INVALID
LN104315,2025-08,STALE_UPDATE
LN107879,2023-09,DATE_INVALID
LN102859,2025-08,STATUS_INCONSISTENT
LN107471,2025-07,BALANCE_MISMATCH
LN104408,2024-05,DOC_GAP
LN104487,2025-07,DATE_INVALID
LN101644,2024-06,BALANCE_MISMATCH
LN103852,2025-02,STALE_UPDATE
LN103626,2024-11,DATE_INVALID
LN108854,2024-02,STALE_UPDATE
LN102392,2025-07,DATE_INVALID
LN103866,2024-05,STATUS_INCONSISTENT
LN102543,2022-10,STALE_UPDATE
LN103470,2024-11,DOC_GAP
LN103658,2024-01,BALANCE_MISMATCH
LN101417,2023-06,STALE_UPDATE
LN102942,2024-07,STATUS_INCONSISTENT
LN103555,2024-11,BALANCE_MISMATCH
LN100621,2023-06,DUPLICATE_RECORD
LN108618,2023-06,STATUS_INCONSISTENT
LN102573,2024-05,STATUS_INCONSISTENT
LN103547,2024-08,DATE_INVALID
LN104685,2024-05,DATE_INVALID
LN101948,2023-03,DATE_INVALID
LN106251,2024-05,BALANCE_MISMATCH
LN106773,2024-11,STATUS_INCONSISTENT
LN101326,2024-01,STALE_UPDATE
LN106512,2023-02,STATUS_INCONSISTENT
LN101709,2024-01,BALANCE_MISMATCH
LN100421,2024-07,STALE_UPDATE
LN107828,2024-04,BALANCE_MISMATCH
LN106005,2024-06,BALANCE_MISMATCH
LN103000,2024-11,BALANCE_MISMATCH
LN100392,2025-01,DUPLICATE_RECORD
LN108619,2024-02,DATE_INVALID
LN101238,2024-06,BALANCE_MISMATCH
LN102091,2023-07,STALE_UPDATE
LN108824,2025-12,DOC_GAP
LN107023,2025-06,BALANCE_MISMATCH
LN107187,2021-10,STALE_UPDATE
LN105641,2025-03,DUPLICATE_RECORD
LN102308,2023-10,BALANCE_MISMATCH
LN102597,2024-03,STATUS_INCONSISTENT
LN107567,2025-08,DATE_INVALID
LN101543,2024-06,DUPLICATE_RECORD
LN105869,2024-06,STATUS_INCONSISTENT
LN108775,2022-02,DATE_INVALID
LN100251,2023-06,STALE_UPDATE
LN107083,2024-06,DUPLICATE_RECORD
LN102138,2023-07,BALANCE_MISMATCH
LN102152,2025-08,BALANCE_MISMATCH
LN103940,2024-10,STATUS_INCONSISTENT
LN105469,2025-11,DATE_INVALID
LN102134,2023-06,DATE_INVALID
LN103074,2023-10,STATUS_INCONSISTENT
LN105473,2022-02,BALANCE_MISMATCH
LN105674,2024-12,STATUS_INCONSISTENT
LN100187,2025-02,BALANCE_MISMATCH
LN105751,2022-12,DATE_INVALID
LN104976,2024-12,DATE_INVALID
LN103506,2025-01,STATUS_INCONSISTENT
LN108700,2023-10,DOC_GAP
LN100677,2022-03,BALANCE_MISMATCH
LN105544,2022-06,BALANCE_MISMATCH
LN100996,2025-10,BALANCE_MISMATCH
LN101772,2025-09,DOC_GAP
LN100457,2025-06,BALANCE_MISMATCH
LN105138,2023-11,DOC_GAP
LN108782,2022-11,DATE_INVALID
LN104488,2025-08,DUPLICATE_RECORD
LN100918,2024-01,DUPLICATE_RECORD
LN103625,2025-01,DATE_INVALID
LN108505,2022-06,STALE_UPDATE
LN107007,2025-07,STATUS_INCONSISTENT
LN104067,2023-10,STATUS_INCONSISTENT
LN105670,2022-12,DOC_GAP
LN100919,2024-08,STALE_UPDATE
LN101461,2025-04,STATUS_INCONSISTENT
LN105451,2025-02,STATUS_INCONSISTENT
LN101481,2025-08,DOC_GAP
LN102756,2024-10,STALE_UPDATE
LN105699,2024-04,BALANCE_MISMATCH
LN100068,2025-02,STALE_UPDATE
LN100888,2023-07,BALANCE_MISMATCH
LN100937,2025-09,STALE_UPDATE
LN105129,2025-05,DATE_INVALID
LN104343,2024-05,STALE_UPDATE
LN105071,2025-05,BALANCE_MISMATCH
LN102260,2023-09,STALE_UPDATE
LN102278,2025-10,DUPLICATE_RECORD
LN107757,2024-06,STATUS_INCONSISTENT
LN108735,2024-04,BALANCE_MISMATCH
LN106068,2022-02,BALANCE_MISMATCH
LN101948,2022-07,BALANCE_MISMATCH
LN107113,2024-07,BALANCE_MISMATCH
LN106163,2024-10,BALANCE_MISMATCH
LN108389,2024-07,STATUS_INCONSISTENT
LN101779,2025-11,BALANCE_MISMATCH
LN106887,2024-01,DOC_GAP
LN103651,2025-04,STATUS_INCONSISTENT
LN104809,2024-10,BALANCE_MISMATCH
LN106370,2025-01,BALANCE_MISMATCH
LN108443,2023-03,DOC_GAP
LN102656,2022-12,DUPLICATE_RECORD
LN107655,2024-04,DUPLICATE_RECORD
LN108394,2023-10,STALE_UPDATE
LN105162,2025-04,STALE_UPDATE
LN100274,2023-06,STATUS_INCONSISTENT
LN106764,2024-04,DOC_GAP
LN102057,2025-02,STALE_UPDATE
LN101548,2023-11,DATE_INVALID
LN106964,2022-03,STALE_UPDATE
LN105529,2022-05,STALE_UPDATE
LN100314,2022-06,DATE_INVALID
LN106687,2024-06,STATUS_INCONSISTENT
LN105725,2023-12,STATUS_INCONSISTENT
LN104118,2023-08,BALANCE_MISMATCH
LN104301,2023-11,BALANCE_MISMATCH
LN101951,2025-01,BALANCE_MISMATCH
LN101365,2022-07,STATUS_INCONSISTENT
LN101571,2022-10,DATE_INVALID
LN102828,2025-02,DUPLICATE_RECORD
LN108139,2023-06,STATUS_INCONSISTENT
LN103496,2022-04,DOC_GAP
LN105628,2025-03,STALE_UPDATE
LN100206,2024-08,DATE_INVALID
LN104825,2023-10,DUPLICATE_RECORD
LN101681,2021-08,STATUS_INCONSISTENT
LN100014,2025-04,DUPLICATE_RECORD
LN107295,2024-07,BALANCE_MISMATCH
LN108509,2025-03,STALE_UPDATE
LN101278,2025-09,DATE_INVALID
LN104820,2024-10,BALANCE_MISMATCH
LN106195,2024-07,STATUS_INCONSISTENT
LN108152,2023-06,BALANCE_MISMATCH
LN105277,2025-07,BALANCE_MISMATCH
LN105386,2025-08,DUPLICATE_RECORD
LN104075,2022-02,DATE_INVALID
LN102047,2023-09,BALANCE_MISMATCH
LN106858,2024-07,STATUS_INCONSISTENT
LN100477,2022-11,STATUS_INCONSISTENT
LN106575,2023-07,DOC_GAP
LN105721,2024-11,DOC_GAP
LN100225,2022-11,DOC_GAP
LN105028,2025-01,STALE_UPDATE
LN104082,2024-08,STATUS_INCONSISTENT
LN102993,2025-04,STATUS_INCONSISTENT
LN105869,2025-11,BALANCE_MISMATCH
LN107075,2025-06,STATUS_INCONSISTENT
LN103297,2025-11,BALANCE_MISMATCH
LN107934,2025-07,STALE_UPDATE
LN101067,2025-04,STALE_UPDATE
LN102109,2025-04,DATE_INVALID
LN104574,2025-03,BALANCE_MISMATCH
LN101847,2025-03,DATE_INVALID
LN102230,2024-01,BALANCE_MISMATCH
LN101900,2024-10,STATUS_INCONSISTENT
LN102274,2022-04,BALANCE_MISMATCH
LN102779,2025-03,STALE_UPDATE
LN108630,2025-02,STALE_UPDATE
LN103303,2025-01,DOC_GAP
LN106141,2023-11,BALANCE_MISMATCH
LN102296,2023-10,BALANCE_MISMATCH
LN101918,2023-03,DATE_INVALID
LN105434,2024-06,STALE_UPDATE
LN104053,2025-12,BALANCE_MISMATCH
LN106943,2025-08,STATUS_INCONSISTENT
LN101700,2024-11,BALANCE_MISMATCH
LN100748,2024-11,BALANCE_MISMATCH
LN107631,2025-02,STATUS_INCONSISTENT
LN100644,2025-03,STATUS_INCONSISTENT
LN102164,2025-03,STALE_UPDATE
LN102788,2022-07,STATUS_INCONSISTENT
LN107572,2025-02,DOC_GAP
LN108133,2025-01,BALANCE_MISMATCH
LN105386,2023-05,DATE_INVALID
LN108678,2024-10,BALANCE_MISMATCH
LN103765,2023-09,BALANCE_MISMATCH
LN107820,2022-05,DOC_GAP
LN105556,2022-02,DATE_INVALID
LN104922,2024-10,DOC_GAP
LN103970,2024-10,STALE_UPDATE
LN105624,2023-08,STATUS_INCONSISTENT
LN100301,2024-10,BALANCE_MISMATCH
LN101093,2023-02,BALANCE_MISMATCH
LN103358,2024-03,STATUS_INCONSISTENT
LN106674,2023-10,STATUS_INCONSISTENT
LN106432,2024-07,STALE_UPDATE
LN100841,2025-07,DOC_GAP
LN104070,2023-09,DOC_GAP
LN105091,2024-10,BALANCE_MISMATCH
LN108644,2022-07,BALANCE_MISMATCH
LN100694,2024-06,DUPLICATE_RECORD
LN102228,2025-08,STALE_UPDATE
LN108109,2025-04,STATUS_INCONSISTENT
LN105708,2025-08,STALE_UPDATE
LN104614,2024-04,STATUS_INCONSISTENT
LN106369,2023-05,BALANCE_MISMATCH
LN101926,2023-11,STALE_UPDATE
LN107875,2023-11,STATUS_INCONSISTENT
LN102744,2022-06,STATUS_INCONSISTENT
LN105259,2022-08,STATUS_INCONSISTENT
LN103359,2024-03,BALANCE_MISMATCH
LN107331,2023-03,STALE_UPDATE
LN107698,2025-06,STALE_UPDATE
LN108634,2024-05,DUPLICATE_RECORD
LN102628,2024-12,STATUS_INCONSISTENT
LN103849,2023-02,BALANCE_MISMATCH
LN107145,2023-06,DOC_GAP
LN105894,2023-12,BALANCE_MISMATCH
LN101436,2023-01,STALE_UPDATE
LN106962,2023-11,DATE_INVALID
LN102932,2025-03,STATUS_INCONSISTENT
LN108292,2025-03,STALE_UPDATE
LN108850,2023-10,STALE_UPDATE
LN100286,2023-02,STALE_UPDATE
LN106641,2022-09,STALE_UPDATE
LN106552,2023-12,BALANCE_MISMATCH
LN102619,2025-10,DATE_INVALID
LN104259,2022-09,STALE_UPDATE
LN102258,2024-05,BALANCE_MISMATCH
LN100409,2023-03,DATE_INVALID
LN101544,2023-10,BALANCE_MISMATCH
LN106132,2025-01,DOC_GAP
LN104261,2023-05,BALANCE_MISMATCH
LN100384,2022-10,STATUS_INCONSISTENT
LN104246,2024-04,STATUS_INCONSISTENT
LN101080,2025-09,STALE_UPDATE
LN100705,2024-01,DUPLICATE_RECORD
LN108661,2022-11,STALE_UPDATE
LN100460,2025-04,STATUS_INCONSISTENT
LN100286,2023-09,STALE_UPDATE
LN101544,2023-02,STALE_UPDATE
LN106277,2024-04,STATUS_INCONSISTENT
LN108196,2023-12,STALE_UPDATE
LN101003,2025-10,STATUS_INCONSISTENT
LN107849,2024-07,DOC_GAP
LN103836,2024-02,DOC_GAP
LN104109,2022-10,STALE_UPDATE
LN103651,2022-12,DUPLICATE_RECORD
LN102515,2025-12,STATUS_INCONSISTENT
LN105424,2022-11,STALE_UPDATE
LN103624,2025-06,STALE_UPDATE
LN101719,2024-04,STALE_UPDATE
LN105158,2024-03,STALE_UPDATE
LN106671,2023-01,DATE_INVALID
LN100573,2022-08,BALANCE_MISMATCH
LN106980,2025-01,DOC_GAP
LN101408,2023-12,STALE_UPDATE
LN105462,2023-12,STATUS_INCONSISTENT
LN105148,2023-07,DUPLICATE_RECORD
LN106897,2023-06,DOC_GAP
LN100787,2024-01,BALANCE_MISMATCH
LN102376,2025-04,STALE_UPDATE
LN104090,2024-06,BALANCE_MISMATCH
LN108098,2022-06,DATE_INVALID
LN107379,2025-12,BALANCE_MISMATCH
LN105334,2024-07,DATE_INVALID
LN101681,2025-06,BALANCE_MISMATCH
LN103895,2025-09,STALE_UPDATE
LN107986,2025-05,STATUS_INCONSISTENT
LN108133,2023-04,BALANCE_MISMATCH
LN102636,2023-10,BALANCE_MISMATCH
LN107747,2025-12,DUPLICATE_RECORD
LN108204,2025-11,BALANCE_MISMATCH
LN107641,2024-09,DATE_INVALID
LN105088,2022-06,BALANCE_MISMATCH
LN100171,2022-11,DOC_GAP
LN102340,2023-10,BALANCE_MISMATCH
LN104335,2025-01,BALANCE_MISMATCH
LN105412,2024-07,STATUS_INCONSISTENT
LN106182,2023-10,DOC_GAP
LN102891,2024-02,STATUS_INCONSISTENT
LN107282,2024-07,STALE_UPDATE
LN103170,2024-04,STATUS_INCONSISTENT
LN105106,2025-11,STATUS_INCONSISTENT
LN100711,2025-08,DATE_INVALID
LN105045,2024-07,DOC_GAP
LN100537,2024-07,BALANCE_MISMATCH
LN105510,2025-05,STATUS_INCONSISTENT
LN101567,2024-08,STATUS_INCONSISTENT
LN102746,2024-09,DATE_INVALID
LN105674,2023-08,STATUS_INCONSISTENT
LN104940,2024-10,BALANCE_MISMATCH
LN106034,2023-08,DATE_INVALID
LN103594,2023-02,STATUS_INCONSISTENT
LN100632,2025-01,STALE_UPDATE
LN107488,2025-04,STATUS_INCONSISTENT
LN107641,2024-08,DATE_INVALID
LN102902,2025-03,BALANCE_MISMATCH
LN107678,2025-04,BALANCE_MISMATCH
LN108041,2022-07,BALANCE_MISMATCH
LN108230,2024-05,STALE_UPDATE
LN102833,2025-05,BALANCE_MISMATCH
LN102573,2024-10,STATUS_INCONSISTENT
LN101167,2024-02,STATUS_INCONSISTENT
LN106090,2024-01,DOC_GAP
LN108152,2024-06,BALANCE_MISMATCH
LN101676,2024-03,STATUS_INCONSISTENT
LN106057,2024-03,DUPLICATE_RECORD
LN108328,2022-01,STATUS_INCONSISTENT
LN106605,2022-06,BALANCE_MISMATCH
LN105726,2025-05,STATUS_INCONSISTENT
LN106880,2023-07,STALE_UPDATE
LN104499,2022-11,STALE_UPDATE
LN101859,2024-08,BALANCE_MISMATCH
LN100742,2025-11,STATUS_INCONSISTENT
LN104059,2025-02,DUPLICATE_RECORD
LN105363,2025-11,STATUS_INCONSISTENT
LN105210,2022-01,BALANCE_MISMATCH
LN107209,2025-07,DOC_GAP
LN100780,2025-06,STALE_UPDATE
LN105636,2024-05,STALE_UPDATE
LN103915,2022-02,STALE_UPDATE
LN101162,2024-11,STALE_UPDATE
LN105001,2024-02,DATE_INVALID
LN106248,2023-06,DOC_GAP
LN104140,2025-02,STATUS_INCONSISTENT
LN108680,2025-10,STALE_UPDATE
LN100777,2025-02,STALE_UPDATE
LN108398,2025-01,STATUS_INCONSISTENT
LN100158,2024-08,DOC_GAP
LN101419,2023-11,BALANCE_MISMATCH
LN101206,2025-07,DUPLICATE_RECORD
LN106767,2025-11,DOC_GAP
LN108694,2023-02,STALE_UPDATE
LN100398,2025-01,BALANCE_MISMATCH
LN108944,2022-08,BALANCE_MISMATCH
LN103155,2024-12,STATUS_INCONSISTENT
LN101746,2024-12,DUPLICATE_RECORD
LN101266,2024-04,DOC_GAP
LN101864,2025-10,STATUS_INCONSISTENT
LN107943,2023-04,BALANCE_MISMATCH
LN108214,2022-03,STATUS_INCONSISTENT
LN103151,2023-05,STATUS_INCONSISTENT
LN107260,2025-03,STALE_UPDATE
LN107397,2022-05,DOC_GAP
LN108121,2025-10,STATUS_INCONSISTENT
LN104295,2025-04,DUPLICATE_RECORD
LN101185,2023-12,DATE_INVALID
LN101304,2025-12,DOC_GAP
LN104827,2023-12,STATUS_INCONSISTENT
LN106351,2022-09,BALANCE_MISMATCH
LN102746,2022-07,STATUS_INCONSISTENT
LN100769,2023-12,DATE_INVALID
LN103687,2025-07,BALANCE_MISMATCH
LN103511,2024-12,STALE_UPDATE
LN106223,2025-12,DUPLICATE_RECORD
LN101403,2025-11,BALANCE_MISMATCH
LN104127,2022-11,BALANCE_MISMATCH
LN105092,2025-01,STATUS_INCONSISTENT
LN107227,2025-11,DATE_INVALID
LN107262,2025-04,STALE_UPDATE
LN101897,2025-03,DUPLICATE_RECORD
LN105972,2024-09,BALANCE_MISMATCH
LN107045,2022-06,DUPLICATE_RECORD
LN103974,2023-04,STATUS_INCONSISTENT
LN102140,2025-06,STATUS_INCONSISTENT
LN106381,2022-11,DOC_GAP
LN102892,2023-12,STATUS_INCONSISTENT
LN106710,2025-02,DUPLICATE_RECORD
LN101904,2025-04,STATUS_INCONSISTENT
LN103810,2023-11,BALANCE_MISMATCH
LN106312,2022-10,STATUS_INCONSISTENT
LN101540,2023-09,STATUS_INCONSISTENT
LN106632,2024-12,BALANCE_MISMATCH
LN105593,2024-06,DOC_GAP
LN103348,2023-07,DUPLICATE_RECORD
LN105730,2025-09,DATE_INVALID
LN105671,2025-03,STALE_UPDATE
LN108743,2025-07,DATE_INVALID
LN103978,2025-03,BALANCE_MISMATCH
LN105027,2024-08,STALE_UPDATE
LN101028,2025-05,BALANCE_MISMATCH
LN103246,2024-08,STATUS_INCONSISTENT
LN106883,2025-10,STATUS_INCONSISTENT
LN103418,2022-01,DATE_INVALID
LN103706,2024-08,DUPLICATE_RECORD
LN100862,2021-12,DUPLICATE_RECORD
LN100436,2025-05,BALANCE_MISMATCH
LN107537,2024-05,DATE_INVALID
LN106589,2023-12,DOC_GAP
LN107797,2024-03,DATE_INVALID
LN107052,2024-08,BALANCE_MISMATCH
LN100375,2023-10,BALANCE_MISMATCH
LN104823,2025-01,STATUS_INCONSISTENT
LN101192,2022-04,DOC_GAP
LN102838,2022-04,BALANCE_MISMATCH
LN105146,2025-10,BALANCE_MISMATCH
LN101810,2025-04,STATUS_INCONSISTENT
LN105124,2021-11,STALE_UPDATE
LN108013,2023-03,STALE_UPDATE
LN108933,2023-06,DATE_INVALID
LN100982,2024-03,STALE_UPDATE
LN105812,2024-08,STATUS_INCONSISTENT
LN101223,2023-10,DATE_INVALID
LN107051,2025-06,STALE_UPDATE
LN108809,2024-02,STALE_UPDATE
LN105885,2025-10,STATUS_INCONSISTENT
LN103470,2024-08,STALE_UPDATE
LN108327,2025-06,STATUS_INCONSISTENT
LN108004,2025-06,DATE_INVALID
LN106333,2024-06,DOC_GAP
LN107305,2023-05,BALANCE_MISMATCH
LN105140,2024-07,DATE_INVALID
LN101145,2024-04,BALANCE_MISMATCH
LN103028,2023-05,DATE_INVALID
LN108650,2024-08,DATE_INVALID
LN108147,2024-06,BALANCE_MISMATCH
LN103554,2023-08,BALANCE_MISMATCH
LN101407,2025-12,BALANCE_MISMATCH
LN102372,2024-10,DATE_INVALID
LN108044,2024-07,BALANCE_MISMATCH
LN106258,2024-12,STALE_UPDATE
LN107216,2023-10,STATUS_INCONSISTENT
LN105790,2025-03,BALANCE_MISMATCH
LN104293,2024-02,BALANCE_MISMATCH
LN102231,2023-10,DATE_INVALID
LN101711,2023-08,BALANCE_MISMATCH
LN105064,2025-12,BALANCE_MISMATCH
LN100870,2023-09,DATE_INVALID
LN100657,2024-07,DUPLICATE_RECORD
LN103084,2025-01,DUPLICATE_RECORD
LN108628,2025-09,STATUS_INCONSISTENT
LN106883,2025-02,DOC_GAP
LN103442,2025-08,STATUS_INCONSISTENT
LN104921,2025-10,STALE_UPDATE
LN108331,2022-10,DATE_INVALID
LN106078,2023-10,STALE_UPDATE
LN102476,2023-05,DATE_INVALID
LN107642,2025-07,BALANCE_MISMATCH
LN105392,2024-07,DUPLICATE_RECORD
LN105594,2024-12,STATUS_INCONSISTENT
LN108450,2023-07,STALE_UPDATE
LN103002,2025-09,DOC_GAP
LN104792,2025-05,BALANCE_MISMATCH
LN107856,2022-11,BALANCE_MISMATCH
LN104159,2024-10,BALANCE_MISMATCH
LN105016,2022-08,STATUS_INCONSISTENT
LN101897,2025-11,STALE_UPDATE
LN102422,2023-05,STALE_UPDATE
LN102533,2022-05,BALANCE_MISMATCH
LN100538,2024-11,STALE_UPDATE
LN100332,2023-11,BALANCE_MISMATCH
LN100280,2023-09,DATE_INVALID
LN100020,2023-04,DUPLICATE_RECORD
LN107176,2024-10,BALANCE_MISMATCH
LN105415,2023-07,DOC_GAP
LN108418,2025-05,STALE_UPDATE
LN102738,2023-03,STALE_UPDATE
LN100710,2024-02,STALE_UPDATE
LN103223,2025-05,DUPLICATE_RECORD
LN103396,2024-12,DOC_GAP
LN102010,2023-06,STATUS_INCONSISTENT
LN104601,2025-10,STATUS_INCONSISTENT
LN105384,2025-02,DUPLICATE_RECORD
LN102419,2024-05,DATE_INVALID
LN102044,2025-01,DATE_INVALID
LN103271,2024-04,STALE_UPDATE
LN107462,2022-11,DUPLICATE_RECORD
LN103230,2024-07,STATUS_INCONSISTENT
LN102237,2023-05,DATE_INVALID
LN100971,2023-08,DUPLICATE_RECORD
LN108827,2025-01,STALE_UPDATE
LN105654,2023-12,STATUS_INCONSISTENT
LN104446,2025-07,STALE_UPDATE
LN104396,2024-08,STALE_UPDATE
LN103407,2024-10,DUPLICATE_RECORD
LN103101,2025-08,BALANCE_MISMATCH
LN107254,2023-01,DATE_INVALID
LN104872,2021-09,BALANCE_MISMATCH
LN105001,2024-07,STATUS_INCONSISTENT
LN104674,2025-11,STATUS_INCONSISTENT
LN106603,2025-03,DATE_INVALID
LN104741,2023-02,BALANCE_MISMATCH
LN103708,2025-03,DATE_INVALID
LN105112,2025-03,STALE_UPDATE
LN107808,2024-04,STALE_UPDATE
LN106393,2023-07,DUPLICATE_RECORD
LN104050,2024-02,DUPLICATE_RECORD
LN100536,2023-04,BALANCE_MISMATCH
LN107743,2023-02,BALANCE_MISMATCH
LN102785,2022-04,DATE_INVALID
LN107875,2024-02,BALANCE_MISMATCH
LN108089,2024-12,STATUS_INCONSISTENT
LN108425,2025-06,BALANCE_MISMATCH
LN105148,2023-06,STATUS_INCONSISTENT
LN108168,2025-11,STATUS_INCONSISTENT
LN102950,2021-11,BALANCE_MISMATCH
LN108100,2025-07,STALE_UPDATE
LN101059,2025-10,STALE_UPDATE
LN106040,2023-07,BALANCE_MISMATCH
LN102636,2024-10,DOC_GAP
LN103264,2025-02,DATE_INVALID
LN107282,2025-11,STATUS_INCONSISTENT
LN106650,2024-11,DOC_GAP
LN107158,2025-08,DATE_INVALID
LN108658,2023-01,BALANCE_MISMATCH
LN105582,2025-06,STATUS_INCONSISTENT
LN100825,2022-04,STATUS_INCONSISTENT
LN108854,2023-09,STATUS_INCONSISTENT
LN108380,2024-12,DOC_GAP
LN100737,2022-10,BALANCE_MISMATCH
LN106208,2024-03,DOC_GAP
LN103511,2023-12,BALANCE_MISMATCH
LN102417,2025-07,STALE_UPDATE
LN104807,2024-11,BALANCE_MISMATCH
LN103065,2023-06,STATUS_INCONSISTENT
LN100584,2023-08,STATUS_INCONSISTENT
LN103535,2022-05,BALANCE_MISMATCH
LN101166,2024-12,STATUS_INCONSISTENT
LN102144,2025-09,BALANCE_MISMATCH
LN100948,2024-12,STATUS_INCONSISTENT
LN101569,2025-04,DATE_INVALID
LN106796,2021-12,DOC_GAP
LN108877,2023-01,BALANCE_MISMATCH
LN101191,2025-02,DATE_INVALID
LN108284,2024-11,DATE_INVALID
LN103114,2025-11,BALANCE_MISMATCH
LN105348,2022-08,STALE_UPDATE
LN104204,2023-03,DATE_INVALID
LN100390,2024-11,BALANCE_MISMATCH
LN102573,2023-10,STATUS_INCONSISTENT
LN102485,2025-03,STATUS_INCONSISTENT
LN106858,2024-10,DATE_INVALID
LN105211,2024-11,DATE_INVALID
LN100048,2024-10,BALANCE_MISMATCH
LN102595,2022-04,STALE_UPDATE
LN102134,2025-06,BALANCE_MISMATCH
LN108051,2025-03,DUPLICATE_RECORD
LN103367,2023-06,BALANCE_MISMATCH
LN105095,2024-10,DUPLICATE_RECORD
LN100326,2022-09,STATUS_INCONSISTENT
LN103847,2024-10,DOC_GAP
LN103270,2025-04,DOC_GAP
LN106821,2024-04,STATUS_INCONSISTENT
LN104878,2025-06,BALANCE_MISMATCH
LN103056,2025-09,STALE_UPDATE
LN104490,2025-11,BALANCE_MISMATCH
LN102125,2025-01,BALANCE_MISMATCH
LN104203,2024-03,STATUS_INCONSISTENT
LN107318,2025-09,DUPLICATE_RECORD
LN107652,2025-06,DUPLICATE_RECORD
LN102047,2024-02,BALANCE_MISMATCH
LN104216,2023-09,STATUS_INCONSISTENT
LN108974,2023-05,DUPLICATE_RECORD
LN103398,2025-06,DOC_GAP
LN102226,2024-09,STATUS_INCONSISTENT
LN105756,2024-02,BALANCE_MISMATCH
LN102125,2024-06,DATE_INVALID
LN102971,2022-09,STATUS_INCONSISTENT
LN104084,2023-04,STATUS_INCONSISTENT
LN104433,2024-11,BALANCE_MISMATCH
LN100087,2023-10,BALANCE_MISMATCH
LN105923,2025-12,DUPLICATE_RECORD
LN101101,2023-08,STATUS_INCONSISTENT
LN108824,2024-09,DOC_GAP
LN104157,2025-04,STATUS_INCONSISTENT
LN107003,2023-08,DUPLICATE_RECORD
LN101233,2024-09,STALE_UPDATE
LN108852,2023-11,DUPLICATE_RECORD
LN102946,2025-01,DUPLICATE_RECORD
LN101481,2022-04,STATUS_INCONSISTENT
LN100583,2022-09,BALANCE_MISMATCH
LN103054,2024-06,DOC_GAP
LN106726,2025-03,DUPLICATE_RECORD
LN104751,2024-07,STALE_UPDATE
LN105335,2023-01,BALANCE_MISMATCH
LN102780,2024-03,BALANCE_MISMATCH
LN108958,2024-07,STATUS_INCONSISTENT
LN102965,2023-12,STALE_UPDATE
LN100004,2024-02,STALE_UPDATE
LN105044,2025-01,DATE_INVALID
LN102708,2024-11,STALE_UPDATE
LN106757,2024-08,DATE_INVALID
LN106239,2024-09,STATUS_INCONSISTENT
LN104705,2024-04,DATE_INVALID
LN107833,2024-08,DUPLICATE_RECORD
LN107506,2022-03,STALE_UPDATE
LN100926,2025-11,DOC_GAP
LN100545,2023-02,DUPLICATE_RECORD
LN105768,2024-05,STATUS_INCONSISTENT
LN103164,2023-07,DATE_INVALID
LN101621,2021-09,BALANCE_MISMATCH
LN102075,2023-07,BALANCE_MISMATCH
LN108671,2022-05,STALE_UPDATE
LN106464,2023-07,DATE_INVALID
LN106930,2022-02,STALE_UPDATE
LN107636,2025-01,STALE_UPDATE
LN104530,2023-04,DUPLICATE_RECORD
LN102832,2023-02,STALE_UPDATE
LN101966,2025-06,BALANCE_MISMATCH
LN104728,2025-11,STATUS_INCONSISTENT
LN103875,2025-08,BALANCE_MISMATCH
LN101482,2022-10,DOC_GAP
LN104516,2023-06,DATE_INVALID
LN106819,2025-12,DOC_GAP
LN106805,2024-02,STATUS_INCONSISTENT
LN101163,2025-02,BALANCE_MISMATCH
LN101796,2025-01,DUPLICATE_RECORD
LN102771,2022-01,STATUS_INCONSISTENT
LN108731,2021-11,DATE_INVALID
LN106772,2025-09,STATUS_INCONSISTENT
LN101481,2025-04,DATE_INVALID
LN101014,2025-09,BALANCE_MISMATCH
LN100263,2025-08,BALANCE_MISMATCH
LN104618,2024-11,BALANCE_MISMATCH
LN104562,2023-06,STATUS_INCONSISTENT
LN107498,2023-11,DUPLICATE_RECORD
LN101882,2022-12,DATE_INVALID
LN101078,2025-02,BALANCE_MISMATCH
LN103243,2024-10,BALANCE_MISMATCH
LN101805,2023-11,BALANCE_MISMATCH
LN100615,2025-06,STATUS_INCONSISTENT
LN107222,2023-09,DOC_GAP
LN108782,2023-06,BALANCE_MISMATCH
LN108554,2025-06,STATUS_INCONSISTENT
LN101396,2024-09,BALANCE_MISMATCH
LN105681,2024-09,DUPLICATE_RECORD
LN108421,2024-06,DATE_INVALID
LN105466,2023-04,STATUS_INCONSISTENT
LN107122,2023-11,DOC_GAP
LN101094,2023-01,BALANCE_MISMATCH
LN103317,2023-04,STATUS_INCONSISTENT
LN101054,2023-07,STATUS_INCONSISTENT
LN100472,2024-07,DATE_INVALID
LN106935,2024-06,STATUS_INCONSISTENT
LN107574,2023-12,STALE_UPDATE
LN102167,2024-09,STALE_UPDATE
LN105308,2024-05,BALANCE_MISMATCH
LN104387,2023-09,STALE_UPDATE
LN100123,2025-09,STALE_UPDATE
LN101165,2022-12,DATE_INVALID
LN107174,2022-01,BALANCE_MISMATCH
LN101276,2024-03,BALANCE_MISMATCH
LN101739,2022-03,STALE_UPDATE
LN104693,2025-07,DATE_INVALID
LN103873,2024-11,STATUS_INCONSISTENT
LN105179,2025-02,DOC_GAP
LN100079,2024-06,DATE_INVALID
LN104476,2024-12,STALE_UPDATE
LN107797,2023-08,DATE_INVALID
LN102951,2023-05,STATUS_INCONSISTENT
LN104868,2024-10,DOC_GAP
LN102954,2025-02,STATUS_INCONSISTENT
LN101577,2025-12,STATUS_INCONSISTENT
LN106134,2024-06,DOC_GAP
LN106559,2024-07,DUPLICATE_RECORD
LN102636,2025-02,STALE_UPDATE
LN102810,2023-07,DATE_INVALID
LN106493,2024-03,DATE_INVALID
LN102355,2023-01,DATE_INVALID
LN102442,2022-05,STALE_UPDATE
LN100220,2024-07,BALANCE_MISMATCH
LN106805,2024-04,STALE_UPDATE
LN107380,2024-04,STATUS_INCONSISTENT
LN105110,2024-02,STALE_UPDATE
LN102090,2025-06,STATUS_INCONSISTENT
LN100710,2025-08,DATE_INVALID
LN104675,2025-09,DOC_GAP
LN102137,2023-09,STATUS_INCONSISTENT
LN102175,2024-05,DOC_GAP
LN102954,2024-10,BALANCE_MISMATCH
LN103254,2023-11,STATUS_INCONSISTENT
LN107473,2025-07,BALANCE_MISMATCH
LN100062,2023-01,STATUS_INCONSISTENT
LN107415,2025-02,DATE_INVALID
LN101175,2023-09,BALANCE_MISMATCH
LN108728,2025-10,DATE_INVALID
LN100508,2024-12,STATUS_INCONSISTENT
LN101144,2023-11,BALANCE_MISMATCH
LN104976,2024-06,DATE_INVALID
LN107723,2023-11,STATUS_INCONSISTENT
LN104946,2025-01,BALANCE_MISMATCH
LN101437,2024-05,BALANCE_MISMATCH
LN105441,2023-11,BALANCE_MISMATCH
LN103489,2025-12,DOC_GAP
LN108591,2024-03,STALE_UPDATE
LN103698,2025-11,STATUS_INCONSISTENT
LN107066,2023-06,DOC_GAP
LN103698,2023-09,BALANCE_MISMATCH
LN100640,2024-12,BALANCE_MISMATCH
LN104392,2021-10,BALANCE_MISMATCH
LN101358,2025-04,DUPLICATE_RECORD
LN106468,2025-10,STATUS_INCONSISTENT
LN107863,2024-09,STATUS_INCONSISTENT
LN101903,2024-05,STATUS_INCONSISTENT
LN101903,2023-04,DATE_INVALID
LN102728,2025-01,BALANCE_MISMATCH
LN103232,2025-05,STALE_UPDATE
LN101639,2024-02,BALANCE_MISMATCH
LN102966,2022-09,STALE_UPDATE
LN103318,2025-03,DUPLICATE_RECORD
LN105578,2023-11,DUPLICATE_RECORD
LN101847,2024-08,STALE_UPDATE
LN100242,2023-01,DATE_INVALID
LN104106,2024-04,DUPLICATE_RECORD
LN108604,2022-02,DUPLICATE_RECORD
LN101330,2024-10,BALANCE_MISMATCH
LN101356,2024-12,STATUS_INCONSISTENT
LN101390,2024-09,BALANCE_MISMATCH
LN108625,2023-10,STATUS_INCONSISTENT
LN101757,2025-08,DATE_INVALID
LN108503,2022-05,DOC_GAP
LN107163,2024-07,STALE_UPDATE
LN105496,2025-12,STATUS_INCONSISTENT
LN102644,2025-02,STALE_UPDATE
LN102746,2025-06,STATUS_INCONSISTENT
LN103541,2024-07,DATE_INVALID
LN100504,2024-03,STALE_UPDATE
LN106280,2023-05,BALANCE_MISMATCH
LN101508,2024-07,DOC_GAP
LN105384,2022-10,DOC_GAP
LN103980,2024-09,BALANCE_MISMATCH
LN100895,2025-04,DATE_INVALID
LN104030,2025-03,BALANCE_MISMATCH
LN107212,2025-08,STALE_UPDATE
LN107035,2025-09,DOC_GAP
LN105896,2024-05,STALE_UPDATE
LN104228,2023-07,STATUS_INCONSISTENT
LN102189,2023-10,DUPLICATE_RECORD
LN101814,2024-10,STALE_UPDATE
LN101304,2024-08,STALE_UPDATE
LN108761,2025-05,STATUS_INCONSISTENT
LN108130,2023-07,STALE_UPDATE
LN101618,2025-10,BALANCE_MISMATCH
LN105604,2023-12,STATUS_INCONSISTENT
LN103069,2022-09,BALANCE_MISMATCH
LN104787,2024-06,DATE_INVALID
LN103787,2022-10,DOC_GAP
LN107812,2023-01,STALE_UPDATE
LN102991,2024-03,DOC_GAP
LN105774,2023-11,STALE_UPDATE
LN100244,2025-03,DOC_GAP
LN100885,2024-05,STALE_UPDATE
LN108091,2022-08,DOC_GAP
LN106533,2024-12,BALANCE_MISMATCH
LN105004,2025-07,STATUS_INCONSISTENT
LN105703,2024-05,BALANCE_MISMATCH
LN100456,2022-05,STATUS_INCONSISTENT
LN106667,2024-02,STATUS_INCONSISTENT
LN102736,2024-03,DUPLICATE_RECORD
LN105914,2025-07,STALE_UPDATE
LN106518,2023-04,STALE_UPDATE
LN106846,2022-03,DATE_INVALID
LN105464,2022-08,STALE_UPDATE
LN101073,2025-07,STATUS_INCONSISTENT
LN102246,2024-05,DATE_INVALID
LN100936,2022-09,DOC_GAP
LN103721,2024-10,STALE_UPDATE
LN103918,2025-08,BALANCE_MISMATCH
LN104652,2025-07,BALANCE_MISMATCH
LN106533,2024-03,STALE_UPDATE
LN100325,2023-01,STALE_UPDATE
LN103942,2025-11,STALE_UPDATE
LN108458,2025-07,STATUS_INCONSISTENT
LN105220,2023-04,DATE_INVALID
LN102192,2024-06,DUPLICATE_RECORD
LN105873,2023-06,STATUS_INCONSISTENT
LN102284,2024-02,STALE_UPDATE
LN106917,2022-01,BALANCE_MISMATCH
LN108469,2023-08,STALE_UPDATE
LN102310,2022-06,BALANCE_MISMATCH
LN103109,2025-05,BALANCE_MISMATCH
LN107525,2024-08,STATUS_INCONSISTENT
LN100272,2024-08,DOC_GAP
LN102844,2024-03,DUPLICATE_RECORD
LN101410,2024-03,DUPLICATE_RECORD
LN104377,2025-03,BALANCE_MISMATCH
LN108805,2023-03,BALANCE_MISMATCH
LN100981,2024-03,STALE_UPDATE
LN102967,2024-03,STATUS_INCONSISTENT
LN107305,2024-09,BALANCE_MISMATCH
LN108005,2024-07,DOC_GAP
LN107604,2022-06,DATE_INVALID
LN105160,2023-11,BALANCE_MISMATCH
LN108069,2022-05,BALANCE_MISMATCH
LN107078,2025-03,BALANCE_MISMATCH
LN102931,2024-08,BALANCE_MISMATCH
LN102624,2024-12,STATUS_INCONSISTENT
LN105250,2025-10,DOC_GAP
LN106327,2025-04,STATUS_INCONSISTENT
LN108213,2024-02,STALE_UPDATE
LN106152,2024-11,STALE_UPDATE
LN107692,2023-02,BALANCE_MISMATCH
LN101208,2022-08,DATE_INVALID
LN101772,2025-04,STALE_UPDATE
LN107473,2023-04,BALANCE_MISMATCH
LN104715,2023-04,DUPLICATE_RECORD
LN102177,2023-06,STALE_UPDATE
LN104797,2023-02,BALANCE_MISMATCH
LN100006,2024-06,BALANCE_MISMATCH
LN103562,2024-07,DATE_INVALID
LN108180,2023-03,DATE_INVALID
LN101145,2024-02,DUPLICATE_RECORD
LN101478,2024-04,DATE_INVALID
LN104388,2023-10,STATUS_INCONSISTENT
LN100896,2025-05,DOC_GAP
LN108577,2025-02,BALANCE_MISMATCH
LN107999,2025-09,STALE_UPDATE
LN101537,2024-01,DOC_GAP
LN104760,2025-02,BALANCE_MISMATCH
LN106543,2025-10,STALE_UPDATE
LN107957,2023-03,STALE_UPDATE
LN102886,2025-11,DOC_GAP
LN102824,2025-03,STATUS_INCONSISTENT
LN104507,2024-08,BALANCE_MISMATCH
LN104819,2025-12,BALANCE_MISMATCH
LN100669,2022-02,STALE_UPDATE
LN104131,2025-03,STATUS_INCONSISTENT
LN107799,2023-01,DOC_GAP
LN105447,2025-07,STATUS_INCONSISTENT
LN108472,2023-12,STATUS_INCONSISTENT
LN107009,2025-02,STATUS_INCONSISTENT
LN103758,2025-01,STALE_UPDATE
LN104816,2025-05,STALE_UPDATE
LN107529,2021-11,BALANCE_MISMATCH
LN103036,2025-10,BALANCE_MISMATCH
LN106310,2025-04,BALANCE_MISMATCH
LN100123,2023-04,BALANCE_MISMATCH
LN104511,2025-01,DOC_GAP
LN104941,2024-11,DUPLICATE_RECORD
LN100532,2022-10,DOC_GAP
LN105593,2025-03,DOC_GAP
LN107966,2025-08,DATE_INVALID
LN107396,2024-03,BALANCE_MISMATCH
LN108344,2023-10,BALANCE_MISMATCH
LN102842,2025-09,DATE_INVALID
LN105026,2025-11,DUPLICATE_RECORD
LN104365,2025-08,DUPLICATE_RECORD
LN106454,2023-09,DATE_INVALID
LN103434,2024-04,STATUS_INCONSISTENT
LN105392,2025-01,STALE_UPDATE
LN102560,2023-11,BALANCE_MISMATCH
LN104857,2024-11,DOC_GAP
LN108655,2024-10,STATUS_INCONSISTENT
LN107451,2025-09,STATUS_INCONSISTENT
LN100276,2023-05,DUPLICATE_RECORD
LN107806,2024-06,DATE_INVALID
LN104824,2024-06,STATUS_INCONSISTENT
LN100592,2022-09,BALANCE_MISMATCH
LN103080,2023-12,STATUS_INCONSISTENT
LN107646,2023-11,STALE_UPDATE
LN102690,2025-12,DUPLICATE_RECORD
LN108782,2022-10,STALE_UPDATE
LN103279,2024-02,DATE_INVALID
LN104123,2023-06,DUPLICATE_RECORD
LN106842,2025-02,STATUS_INCONSISTENT
LN105469,2024-05,STALE_UPDATE
LN103302,2024-09,BALANCE_MISMATCH
LN100899,2025-06,STALE_UPDATE
LN103565,2024-07,DOC_GAP
LN105085,2025-10,DATE_INVALID
LN102327,2022-05,STATUS_INCONSISTENT
LN105878,2024-05,DATE_INVALID
LN105254,2023-09,DATE_INVALID
LN104286,2025-01,DATE_INVALID
LN104894,2023-06,STALE_UPDATE
LN105380,2022-10,STATUS_INCONSISTENT
LN102044,2025-08,BALANCE_MISMATCH
LN102258,2024-08,DOC_GAP
LN100333,2024-07,DATE_INVALID
LN106993,2025-02,DUPLICATE_RECORD
LN107148,2022-08,DATE_INVALID
LN101015,2024-10,STALE_UPDATE
LN102700,2024-11,STATUS_INCONSISTENT
LN108347,2022-10,BALANCE_MISMATCH
LN106253,2023-08,BALANCE_MISMATCH
LN105382,2024-11,BALANCE_MISMATCH
LN102060,2025-07,STATUS_INCONSISTENT
LN102704,2021-12,DUPLICATE_RECORD
LN103167,2023-01,BALANCE_MISMATCH
LN106500,2022-10,BALANCE_MISMATCH
LN105438,2023-06,BALANCE_MISMATCH
LN105528,2025-01,DATE_INVALID
LN103402,2023-04,DOC_GAP
LN100306,2023-09,DATE_INVALID
LN105718,2021-12,DUPLICATE_RECORD
LN106298,2024-10,DATE_INVALID
LN105520,2025-12,STALE_UPDATE
LN108855,2022-08,STATUS_INCONSISTENT
LN101306,2022-08,STATUS_INCONSISTENT
LN105815,2022-08,STALE_UPDATE
LN106984,2025-02,STALE_UPDATE
LN107402,2021-12,DOC_GAP
LN108736,2025-05,STALE_UPDATE
LN103847,2024-06,BALANCE_MISMATCH
LN105203,2024-09,STATUS_INCONSISTENT
LN107462,2022-07,DUPLICATE_RECORD
LN101191,2025-01,DUPLICATE_RECORD
LN100571,2024-11,STATUS_INCONSISTENT
LN100093,2024-03,STATUS_INCONSISTENT
LN105234,2023-06,STATUS_INCONSISTENT
LN101932,2024-11,DUPLICATE_RECORD
LN101014,2023-12,BALANCE_MISMATCH
LN103080,2023-01,STATUS_INCONSISTENT
LN102157,2025-06,BALANCE_MISMATCH
LN105533,2025-08,DOC_GAP
LN107249,2024-02,BALANCE_MISMATCH
LN107720,2023-06,DATE_INVALID
LN101307,2023-01,DOC_GAP
LN102316,2022-12,STALE_UPDATE
LN106669,2024-01,BALANCE_MISMATCH
LN104754,2022-06,STALE_UPDATE
LN105902,2024-05,DATE_INVALID
LN107694,2024-01,DATE_INVALID
LN103818,2024-06,STATUS_INCONSISTENT
LN105344,2022-10,DUPLICATE_RECORD
LN107776,2025-01,DATE_INVALID
LN106422,2022-02,DUPLICATE_RECORD
LN101806,2021-09,DATE_INVALID
LN107100,2025-09,DOC_GAP
LN108394,2024-07,BALANCE_MISMATCH
LN106054,2024-12,BALANCE_MISMATCH
LN103583,2025-03,BALANCE_MISMATCH
LN107629,2023-06,BALANCE_MISMATCH
LN107410,2025-12,BALANCE_MISMATCH
LN105785,2025-05,BALANCE_MISMATCH
LN103252,2022-05,STATUS_INCONSISTENT
LN100486,2025-02,BALANCE_MISMATCH
LN106119,2025-11,STALE_UPDATE
LN104025,2024-03,BALANCE_MISMATCH
LN107206,2025-01,BALANCE_MISMATCH
LN108069,2022-06,BALANCE_MISMATCH
LN101320,2024-05,STATUS_INCONSISTENT
LN107305,2023-01,STATUS_INCONSISTENT
LN103258,2023-08,STALE_UPDATE
LN105110,2025-06,DATE_INVALID
LN106263,2025-12,DOC_GAP
LN104561,2022-12,BALANCE_MISMATCH
LN100695,2023-01,BALANCE_MISMATCH
LN101643,2025-08,STATUS_INCONSISTENT
LN106220,2023-07,DOC_GAP
LN103728,2025-01,BALANCE_MISMATCH
LN104530,2025-11,STALE_UPDATE
LN107580,2021-10,BALANCE_MISMATCH
LN107872,2023-09,STALE_UPDATE
LN103623,2023-05,DATE_INVALID
LN103049,2024-06,DATE_INVALID
LN100379,2023-07,BALANCE_MISMATCH
LN102013,2025-08,DUPLICATE_RECORD
LN100573,2024-02,DOC_GAP
LN103411,2025-03,DATE_INVALID
LN105259,2024-09,BALANCE_MISMATCH
LN108987,2023-09,BALANCE_MISMATCH
LN105811,2023-12,BALANCE_MISMATCH
LN108815,2025-06,BALANCE_MISMATCH
LN107719,2023-03,STATUS_INCONSISTENT
LN108712,2025-05,DOC_GAP
LN105153,2025-01,STALE_UPDATE
LN101408,2024-03,STATUS_INCONSISTENT
LN107085,2025-05,STATUS_INCONSISTENT
LN101404,2022-07,BALANCE_MISMATCH
LN107226,2022-08,STATUS_INCONSISTENT
LN102624,2025-02,DATE_INVALID
LN107265,2023-09,DATE_INVALID
LN100525,2025-02,STATUS_INCONSISTENT
LN101711,2024-10,BALANCE_MISMATCH
LN100383,2023-06,DOC_GAP
LN103676,2025-12,DUPLICATE_RECORD
LN106814,2024-04,BALANCE_MISMATCH
LN107727,2025-12,BALANCE_MISMATCH
LN105595,2023-11,BALANCE_MISMATCH
LN103334,2022-04,STATUS_INCONSISTENT
LN100511,2025-05,STATUS_INCONSISTENT
LN108361,2025-01,DUPLICATE_RECORD
LN108294,2022-08,STALE_UPDATE
LN100912,2023-06,DOC_GAP
LN104905,2024-08,STATUS_INCONSISTENT
LN104747,2024-04,STATUS_INCONSISTENT
LN100211,2024-04,STATUS_INCONSISTENT
LN107731,2025-05,DATE_INVALID
LN106737,2023-08,DOC_GAP
LN107396,2025-07,STATUS_INCONSISTENT
LN108593,2023-07,BALANCE_MISMATCH
LN107316,2024-01,STALE_UPDATE
LN107991,2022-09,STATUS_INCONSISTENT
LN101144,2023-03,BALANCE_MISMATCH
LN104219,2024-08,STALE_UPDATE
LN106417,2025-08,BALANCE_MISMATCH
LN102686,2022-07,STALE_UPDATE
LN107180,2025-08,DATE_INVALID
LN103521,2024-02,BALANCE_MISMATCH
LN102681,2022-06,DATE_INVALID
LN103497,2025-08,BALANCE_MISMATCH
LN105749,2021-11,STATUS_INCONSISTENT
LN104903,2024-04,STATUS_INCONSISTENT
LN108294,2025-07,BALANCE_MISMATCH
LN103461,2025-11,STALE_UPDATE
LN105893,2025-03,STATUS_INCONSISTENT
LN101623,2024-11,STALE_UPDATE
LN108067,2025-01,STATUS_INCONSISTENT
LN104112,2024-04,DATE_INVALID
LN108811,2025-05,BALANCE_MISMATCH
LN108416,2024-05,DATE_INVALID
LN108045,2024-08,STATUS_INCONSISTENT
LN108156,2022-04,STATUS_INCONSISTENT
LN104780,2025-02,DATE_INVALID
LN101392,2025-11,STALE_UPDATE
LN107281,2023-10,STALE_UPDATE
LN104583,2024-09,STALE_UPDATE
LN108994,2023-01,STATUS_INCONSISTENT
LN105710,2022-12,BALANCE_MISMATCH
LN100232,2024-08,DATE_INVALID
LN102180,2024-03,DOC_GAP
LN103941,2023-06,STATUS_INCONSISTENT
LN103587,2024-05,DOC_GAP
LN101438,2024-01,STATUS_INCONSISTENT
LN104175,2025-12,DOC_GAP
LN102411,2022-01,DATE_INVALID
LN105568,2024-03,BALANCE_MISMATCH
LN100233,2024-03,DATE_INVALID
LN100273,2024-11,STATUS_INCONSISTENT
LN102114,2024-05,DATE_INVALID
LN101682,2022-06,STATUS_INCONSISTENT
LN107976,2021-11,STALE_UPDATE
LN106096,2025-08,DOC_GAP
LN106784,2024-09,STALE_UPDATE
LN104471,2024-11,STALE_UPDATE
LN103571,2025-01,BALANCE_MISMATCH
LN103154,2022-08,STATUS_INCONSISTENT
LN104723,2023-05,DATE_INVALID
LN101350,2024-08,STALE_UPDATE
LN106292,2021-09,DUPLICATE_RECORD
LN108125,2022-01,BALANCE_MISMATCH
LN107737,2024-08,STALE_UPDATE
LN104114,2023-01,DOC_GAP
LN100548,2024-09,DATE_INVALID
LN104973,2025-09,STALE_UPDATE
LN104877,2024-01,DOC_GAP
LN107727,2024-03,BALANCE_MISMATCH
LN106492,2025-01,STALE_UPDATE
LN103843,2022-12,STALE_UPDATE
LN102332,2025-07,DOC_GAP
LN103104,2024-07,STATUS_INCONSISTENT
LN105537,2025-11,DOC_GAP
LN100936,2022-03,DATE_INVALID
LN101931,2024-06,BALANCE_MISMATCH
LN106224,2024-01,DUPLICATE_RECORD
LN107563,2025-08,DOC_GAP
LN106997,2025-03,STALE_UPDATE
LN105745,2025-01,STATUS_INCONSISTENT
LN102634,2022-02,BALANCE_MISMATCH
LN103691,2025-09,DUPLICATE_RECORD
LN107423,2024-12,BALANCE_MISMATCH
LN108000,2025-01,DUPLICATE_RECORD
LN100261,2025-06,STATUS_INCONSISTENT
LN101059,2022-11,STATUS_INCONSISTENT
LN103851,2025-10,DATE_INVALID
LN100406,2024-02,STATUS_INCONSISTENT
LN105264,2025-12,DUPLICATE_RECORD
LN103479,2025-03,BALANCE_MISMATCH
LN107178,2023-05,STATUS_INCONSISTENT
LN106144,2022-02,DUPLICATE_RECORD
LN101282,2025-06,BALANCE_MISMATCH
LN101174,2022-09,STALE_UPDATE
LN107038,2024-11,STATUS_INCONSISTENT
LN104132,2024-02,STALE_UPDATE
LN100788,2024-03,DATE_INVALID
LN104300,2025-12,STALE_UPDATE
LN106902,2025-03,STALE_UPDATE
LN105110,2025-04,DATE_INVALID
LN103453,2023-05,DATE_INVALID
LN106853,2022-08,BALANCE_MISMATCH
LN102255,2025-09,STALE_UPDATE
LN107576,2025-11,STALE_UPDATE
LN103282,2025-06,BALANCE_MISMATCH
LN104616,2023-09,STALE_UPDATE
LN108091,2024-07,BALANCE_MISMATCH
LN106237,2024-10,BALANCE_MISMATCH
LN101908,2023-04,DATE_INVALID
LN104526,2022-04,STALE_UPDATE
LN107680,2025-06,STALE_UPDATE
LN101120,2024-07,DOC_GAP
LN101192,2025-01,DUPLICATE_RECORD
LN105762,2025-02,BALANCE_MISMATCH
LN104246,2022-06,DOC_GAP
LN100663,2024-12,DUPLICATE_RECORD
LN106585,2024-12,STATUS_INCONSISTENT
LN103333,2024-09,DOC_GAP
LN101120,2025-09,DATE_INVALID
LN108312,2023-03,STATUS_INCONSISTENT
LN104560,2023-12,STATUS_INCONSISTENT
LN104148,2024-07,STALE_UPDATE
LN104016,2024-05,BALANCE_MISMATCH
LN101358,2023-07,STATUS_INCONSISTENT
LN104847,2025-08,DOC_GAP
LN103653,2024-09,BALANCE_MISMATCH
LN102549,2022-08,DATE_INVALID
LN106715,2023-06,STALE_UPDATE
LN100795,2024-09,STALE_UPDATE
LN103463,2022-09,BALANCE_MISMATCH
LN104186,2023-04,DUPLICATE_RECORD
LN102215,2024-09,STALE_UPDATE
LN101764,2023-08,BALANCE_MISMATCH
LN101505,2025-11,DATE_INVALID
LN107746,2024-10,DOC_GAP
LN107082,2024-10,STALE_UPDATE
LN103689,2023-01,DUPLICATE_RECORD
LN105507,2024-01,DATE_INVALID
LN106062,2024-04,STALE_UPDATE
LN107397,2022-06,STATUS_INCONSISTENT
LN104292,2024-09,STATUS_INCONSISTENT
LN102894,2024-12,STATUS_INCONSISTENT
LN103270,2023-02,DUPLICATE_RECORD
LN107102,2024-11,DUPLICATE_RECORD
LN108287,2025-03,STALE_UPDATE
LN103279,2025-09,DUPLICATE_RECORD
LN102198,2024-07,STATUS_INCONSISTENT
LN103286,2022-01,STATUS_INCONSISTENT
LN107381,2023-04,DOC_GAP
LN103086,2023-08,STATUS_INCONSISTENT
LN104353,2024-01,BALANCE_MISMATCH
LN102787,2024-03,DATE_INVALID
LN101724,2025-09,BALANCE_MISMATCH
LN107276,2022-06,BALANCE_MISMATCH
LN106769,2023-02,STATUS_INCONSISTENT
LN104459,2025-02,BALANCE_MISMATCH
LN107241,2024-05,STATUS_INCONSISTENT
LN101098,2024-07,STATUS_INCONSISTENT
LN106521,2025-12,BALANCE_MISMATCH
LN102482,2023-07,BALANCE_MISMATCH
LN105276,2024-07,DATE_INVALID
LN107709,2023-12,STALE_UPDATE
LN105657,2024-11,STATUS_INCONSISTENT
LN103152,2024-04,STATUS_INCONSISTENT
LN100858,2025-03,STALE_UPDATE
LN108418,2025-02,DUPLICATE_RECORD
LN105058,2024-03,BALANCE_MISMATCH
LN105456,2023-04,STALE_UPDATE
LN108005,2025-01,DATE_INVALID
LN103146,2024-04,BALANCE_MISMATCH
LN105474,2022-05,STALE_UPDATE
LN102361,2024-12,DOC_GAP
LN102182,2024-01,BALANCE_MISMATCH
LN104457,2022-02,STATUS_INCONSISTENT
LN106804,2023-01,BALANCE_MISMATCH
LN104407,2025-11,BALANCE_MISMATCH
LN100227,2025-05,BALANCE_MISMATCH
LN101305,2024-06,DUPLICATE_RECORD
LN104515,2024-04,STALE_UPDATE
LN105405,2023-02,DUPLICATE_RECORD
LN103660,2024-11,BALANCE_MISMATCH
LN107405,2023-09,STATUS_INCONSISTENT
LN100000,2022-07,STATUS_INCONSISTENT
LN102260,2024-01,DATE_INVALID
LN104234,2024-07,STATUS_INCONSISTENT
LN104008,2022-07,DATE_INVALID
LN103078,2022-08,DUPLICATE_RECORD
LN104012,2023-12,DOC_GAP
LN102242,2025-02,STALE_UPDATE
LN107982,2024-06,DUPLICATE_RECORD
LN107035,2023-11,DOC_GAP
LN108887,2025-02,BALANCE_MISMATCH
LN104568,2025-10,DOC_GAP
LN107011,2023-09,BALANCE_MISMATCH
LN102740,2022-02,DATE_INVALID
LN102025,2023-04,BALANCE_MISMATCH
LN108443,2024-02,BALANCE_MISMATCH
LN106339,2024-03,BALANCE_MISMATCH
LN101386,2025-07,BALANCE_MISMATCH
LN108239,2024-03,STATUS_INCONSISTENT
LN102206,2022-04,STATUS_INCONSISTENT
LN103564,2025-12,DATE_INVALID
LN103877,2024-02,BALANCE_MISMATCH
LN105384,2023-03,STATUS_INCONSISTENT
LN101893,2024-11,BALANCE_MISMATCH
LN103236,2025-11,DOC_GAP
LN101226,2023-08,DUPLICATE_RECORD
LN101214,2023-10,STALE_UPDATE
LN106113,2024-02,BALANCE_MISMATCH
LN108731,2023-07,BALANCE_MISMATCH
LN107895,2023-12,STALE_UPDATE
LN105023,2024-03,DOC_GAP
LN104091,2022-07,STATUS_INCONSISTENT
LN105162,2022-11,BALANCE_MISMATCH
LN102725,2025-07,STATUS_INCONSISTENT
LN101840,2023-06,BALANCE_MISMATCH
LN101861,2022-11,BALANCE_MISMATCH
LN107505,2024-05,STATUS_INCONSISTENT
LN101782,2024-11,DOC_GAP
LN104874,2025-10,DATE_INVALID
LN101350,2024-02,STALE_UPDATE
LN108430,2022-12,BALANCE_MISMATCH
LN107591,2025-06,DATE_INVALID
LN105968,2023-06,STATUS_INCONSISTENT
LN106349,2025-11,STALE_UPDATE
LN101120,2025-10,STATUS_INCONSISTENT
LN107574,2024-11,DUPLICATE_RECORD
LN106618,2023-01,STATUS_INCONSISTENT
LN104842,2024-12,DUPLICATE_RECORD
LN100436,2023-08,DOC_GAP
LN104587,2023-04,BALANCE_MISMATCH
LN102300,2022-07,STATUS_INCONSISTENT
LN107096,2022-01,BALANCE_MISMATCH
LN104755,2024-09,BALANCE_MISMATCH
LN105636,2024-12,STATUS_INCONSISTENT
LN103410,2021-11,DATE_INVALID
LN102467,2023-12,BALANCE_MISMATCH
LN104483,2024-01,STALE_UPDATE
LN106867,2022-09,BALANCE_MISMATCH
LN100943,2025-03,DUPLICATE_RECORD
LN100993,2025-03,DATE_INVALID
LN105021,2024-09,STALE_UPDATE
LN103251,2024-09,STALE_UPDATE
LN105041,2024-06,DOC_GAP
LN103921,2024-10,STATUS_INCONSISTENT
LN108394,2024-12,STALE_UPDATE
LN107841,2023-01,STALE_UPDATE
LN101322,2024-09,STALE_UPDATE
LN101840,2023-01,DATE_INVALID
LN107313,2023-06,STATUS_INCONSISTENT
LN104129,2023-08,BALANCE_MISMATCH
LN104910,2025-05,BALANCE_MISMATCH
LN100579,2023-11,BALANCE_MISMATCH
LN104892,2024-08,DUPLICATE_RECORD
LN101034,2022-10,STATUS_INCONSISTENT
LN107960,2025-12,DUPLICATE_RECORD
LN104161,2023-11,DUPLICATE_RECORD
LN102618,2023-12,STALE_UPDATE
LN108116,2025-04,BALANCE_MISMATCH
LN104178,2025-04,BALANCE_MISMATCH
LN101768,2023-05,DOC_GAP
LN108181,2022-09,STALE_UPDATE
LN105640,2024-12,DATE_INVALID
LN108879,2023-12,STALE_UPDATE
LN104293,2025-07,STATUS_INCONSISTENT
LN103217,2024-09,DUPLICATE_RECORD
LN107999,2024-10,BALANCE_MISMATCH
LN103104,2024-11,STALE_UPDATE
LN107639,2025-04,BALANCE_MISMATCH
LN102237,2023-03,STATUS_INCONSISTENT
LN104909,2024-06,STALE_UPDATE
LN104095,2025-04,STATUS_INCONSISTENT
LN107372,2023-12,DUPLICATE_RECORD
LN101929,2025-10,DOC_GAP
LN108394,2023-03,STATUS_INCONSISTENT
LN101019,2022-03,STALE_UPDATE
LN101705,2024-08,BALANCE_MISMATCH
LN107833,2025-09,STALE_UPDATE
LN104568,2023-04,BALANCE_MISMATCH
LN101200,2024-07,STALE_UPDATE
LN108102,2024-04,DOC_GAP
LN103306,2023-10,BALANCE_MISMATCH
LN104256,2023-11,DATE_INVALID
LN106983,2022-09,DOC_GAP
LN105476,2025-11,STATUS_INCONSISTENT
LN102892,2023-08,BALANCE_MISMATCH
LN107494,2025-02,STALE_UPDATE
LN100665,2024-03,STATUS_INCONSISTENT
LN108389,2023-04,STATUS_INCONSISTENT
LN105807,2025-12,DOC_GAP
LN102060,2025-04,BALANCE_MISMATCH
LN103137,2023-07,BALANCE_MISMATCH
LN100113,2024-02,DUPLICATE_RECORD
LN106199,2023-10,BALANCE_MISMATCH
LN101945,2022-03,STATUS_INCONSISTENT
LN101514,2024-05,STATUS_INCONSISTENT
LN107879,2022-11,STALE_UPDATE
LN105117,2024-08,DUPLICATE_RECORD
LN101213,2024-08,DOC_GAP
LN105730,2024-09,STALE_UPDATE
LN102374,2024-01,STATUS_INCONSISTENT
LN102065,2024-09,STATUS_INCONSISTENT
LN101248,2024-07,STATUS_INCONSISTENT
LN102462,2025-09,STATUS_INCONSISTENT
LN106362,2024-05,DOC_GAP
LN106487,2023-10,DATE_INVALID
LN102355,2025-12,DATE_INVALID
LN105804,2022-08,DATE_INVALID
LN105137,2024-10,STATUS_INCONSISTENT
LN104527,2023-04,STATUS_INCONSISTENT
LN106471,2022-10,DOC_GAP
LN107426,2023-07,DUPLICATE_RECORD
LN104886,2024-03,DUPLICATE_RECORD
LN108967,2025-09,STALE_UPDATE
LN101618,2023-07,STALE_UPDATE
LN102841,2024-03,STATUS_INCONSISTENT
LN105117,2024-03,STATUS_INCONSISTENT
LN107682,2025-03,STATUS_INCONSISTENT
LN105323,2024-02,BALANCE_MISMATCH
LN104251,2024-09,STATUS_INCONSISTENT
LN100781,2024-05,BALANCE_MISMATCH
LN101284,2024-08,DUPLICATE_RECORD
LN104811,2022-08,STATUS_INCONSISTENT
LN103450,2024-12,STATUS_INCONSISTENT
LN104115,2023-07,DOC_GAP
LN103470,2025-05,STATUS_INCONSISTENT
LN100720,2025-12,BALANCE_MISMATCH
LN105344,2022-12,STATUS_INCONSISTENT
LN106301,2022-11,BALANCE_MISMATCH
LN101404,2024-09,STATUS_INCONSISTENT
LN102064,2024-01,DUPLICATE_RECORD
LN100899,2025-09,STALE_UPDATE
LN106414,2022-10,BALANCE_MISMATCH
LN102379,2024-08,BALANCE_MISMATCH
LN107669,2025-10,DOC_GAP
LN105969,2022-06,DUPLICATE_RECORD
LN100286,2022-10,STALE_UPDATE
LN108443,2023-04,DOC_GAP
LN103156,2025-02,STALE_UPDATE
LN100205,2025-02,DATE_INVALID
LN108027,2023-09,BALANCE_MISMATCH
LN104115,2025-02,STALE_UPDATE
LN102327,2023-07,DOC_GAP
LN106027,2024-07,STATUS_INCONSISTENT
LN103156,2025-06,DUPLICATE_RECORD
LN108784,2023-11,STALE_UPDATE
LN104362,2023-11,BALANCE_MISMATCH
LN102774,2025-06,DATE_INVALID
LN105693,2023-05,BALANCE_MISMATCH
LN106833,2025-04,STALE_UPDATE
LN104794,2023-03,STALE_UPDATE
LN100976,2023-12,STALE_UPDATE
LN101807,2023-06,STATUS_INCONSISTENT
LN107510,2023-09,STALE_UPDATE
LN108807,2023-08,STATUS_INCONSISTENT
LN104298,2022-01,BALANCE_MISMATCH
LN105672,2025-03,STATUS_INCONSISTENT
LN106843,2024-03,DATE_INVALID
LN103556,2024-04,DOC_GAP
LN102758,2025-06,STALE_UPDATE
LN108776,2025-06,STATUS_INCONSISTENT
LN101476,2024-12,DOC_GAP
LN100029,2025-07,DATE_INVALID
LN107935,2023-08,DATE_INVALID
LN104679,2023-12,BALANCE_MISMATCH
LN100832,2024-06,STATUS_INCONSISTENT
LN105050,2025-02,DUPLICATE_RECORD
LN107929,2024-04,DATE_INVALID
LN103524,2024-06,DUPLICATE_RECORD
LN107773,2024-12,DOC_GAP
LN107623,2022-08,BALANCE_MISMATCH
LN102914,2024-02,STATUS_INCONSISTENT
LN101675,2025-03,DATE_INVALID
LN104484,2023-08,BALANCE_MISMATCH
LN108417,2023-01,DUPLICATE_RECORD
LN105761,2024-06,DOC_GAP
LN106992,2024-03,BALANCE_MISMATCH
LN107862,2024-11,STALE_UPDATE
LN102602,2024-08,DUPLICATE_RECORD
LN105392,2025-09,DATE_INVALID
LN105761,2025-01,STATUS_INCONSISTENT
LN105854,2023-09,DUPLICATE_RECORD
LN104645,2025-08,DOC_GAP
LN108583,2024-06,DOC_GAP
LN102517,2024-05,STATUS_INCONSISTENT
LN103357,2025-09,STATUS_INCONSISTENT
LN103715,2024-09,STATUS_INCONSISTENT
LN102869,2025-12,STATUS_INCONSISTENT
LN107761,2024-01,STALE_UPDATE
LN107919,2023-01,STATUS_INCONSISTENT
LN101151,2023-05,BALANCE_MISMATCH
LN103364,2024-09,STALE_UPDATE
LN102292,2025-01,DUPLICATE_RECORD
LN107991,2022-02,STALE_UPDATE
LN102393,2023-02,DOC_GAP
LN101933,2025-04,STALE_UPDATE
LN103549,2024-05,DOC_GAP
LN106890,2022-05,DUPLICATE_RECORD
LN105925,2022-10,BALANCE_MISMATCH
LN100269,2025-05,STALE_UPDATE
LN103676,2024-02,STATUS_INCONSISTENT
LN108307,2024-06,DOC_GAP
LN108992,2025-08,DATE_INVALID
LN101367,2024-03,BALANCE_MISMATCH
LN101769,2024-07,DUPLICATE_RECORD
LN107442,2025-10,BALANCE_MISMATCH
LN106812,2023-05,STATUS_INCONSISTENT
LN101742,2023-05,DATE_INVALID
LN105150,2022-11,BALANCE_MISMATCH
LN105143,2024-01,DATE_INVALID
LN106254,2024-05,DATE_INVALID
LN100504,2024-07,STATUS_INCONSISTENT
LN104630,2024-04,DOC_GAP
LN102241,2024-01,STATUS_INCONSISTENT
LN103801,2024-05,DATE_INVALID
LN102332,2025-04,STALE_UPDATE
LN106906,2023-06,DUPLICATE_RECORD
LN101940,2024-08,STATUS_INCONSISTENT
LN108981,2024-01,DUPLICATE_RECORD
LN105315,2025-10,DOC_GAP
LN106062,2024-07,STALE_UPDATE
LN103362,2023-11,STATUS_INCONSISTENT
LN107355,2025-08,STATUS_INCONSISTENT
LN103843,2024-06,STALE_UPDATE
LN104350,2024-05,STALE_UPDATE
LN108999,2024-11,BALANCE_MISMATCH
LN103368,2023-11,BALANCE_MISMATCH
LN104835,2024-04,DUPLICATE_RECORD
LN102945,2021-12,DATE_INVALID
LN101713,2024-12,DATE_INVALID
LN102409,2024-04,BALANCE_MISMATCH
LN102823,2025-02,BALANCE_MISMATCH
LN104381,2021-12,DOC_GAP
LN100965,2023-08,STATUS_INCONSISTENT
LN105219,2024-08,STATUS_INCONSISTENT
LN105528,2024-08,STALE_UPDATE
LN106719,2024-04,DUPLICATE_RECORD
LN106880,2025-11,STATUS_INCONSISTENT
LN107330,2022-10,STALE_UPDATE
LN102926,2024-09,BALANCE_MISMATCH
LN105962,2025-04,STALE_UPDATE
LN106712,2023-11,DATE_INVALID
LN106207,2024-06,STALE_UPDATE
LN104568,2024-08,STATUS_INCONSISTENT
LN104312,2025-09,STALE_UPDATE
LN104433,2023-05,BALANCE_MISMATCH
LN103858,2023-08,DATE_INVALID
LN103884,2024-11,DUPLICATE_RECORD
LN104842,2023-09,BALANCE_MISMATCH
LN103939,2023-05,DOC_GAP
LN107304,2025-10,STALE_UPDATE
LN103557,2024-09,DUPLICATE_RECORD
LN104181,2022-12,DUPLICATE_RECORD
LN100582,2025-03,STATUS_INCONSISTENT
LN105496,2025-07,STALE_UPDATE
LN102305,2024-12,BALANCE_MISMATCH
LN101158,2023-10,DOC_GAP
LN107861,2025-07,BALANCE_MISMATCH
LN102192,2023-07,DATE_INVALID
LN102338,2024-10,BALANCE_MISMATCH
LN108639,2025-05,DUPLICATE_RECORD
LN104926,2024-01,STATUS_INCONSISTENT
LN105276,2024-01,DOC_GAP
LN101127,2024-03,STALE_UPDATE
LN105200,2025-12,BALANCE_MISMATCH
LN103856,2023-10,BALANCE_MISMATCH
LN105158,2024-10,STALE_UPDATE
LN101879,2022-08,STATUS_INCONSISTENT
LN105892,2023-09,DATE_INVALID
LN100294,2024-12,BALANCE_MISMATCH
LN107841,2022-07,DOC_GAP
LN100584,2025-12,STATUS_INCONSISTENT
LN105116,2024-04,BALANCE_MISMATCH
LN103612,2024-06,BALANCE_MISMATCH
LN100799,2023-04,DATE_INVALID
LN103544,2023-07,STALE_UPDATE
LN107948,2023-09,BALANCE_MISMATCH
LN100986,2025-04,STATUS_INCONSISTENT
LN100758,2025-06,STALE_UPDATE
LN102829,2023-12,BALANCE_MISMATCH
LN108223,2025-03,STATUS_INCONSISTENT
LN108806,2024-06,STATUS_INCONSISTENT
LN108845,2024-05,BALANCE_MISMATCH
LN101687,2023-02,STATUS_INCONSISTENT
LN105620,2022-05,STATUS_INCONSISTENT
LN105707,2025-06,DOC_GAP
LN104632,2023-03,DATE_INVALID
LN106698,2023-06,BALANCE_MISMATCH
LN102624,2024-10,DATE_INVALID
LN100109,2024-04,STALE_UPDATE
LN105812,2023-02,STALE_UPDATE
LN102485,2025-11,STALE_UPDATE
LN107783,2025-03,BALANCE_MISMATCH
LN108515,2025-09,STATUS_INCONSISTENT
LN101484,2024-06,STATUS_INCONSISTENT
LN107523,2023-05,DATE_INVALID
LN108692,2025-01,DUPLICATE_RECORD
LN102702,2022-06,STALE_UPDATE
LN108739,2025-01,STALE_UPDATE
LN100838,2024-05,BALANCE_MISMATCH
LN104307,2025-09,DUPLICATE_RECORD
LN107630,2024-11,STATUS_INCONSISTENT
LN101768,2021-11,DOC_GAP
LN107217,2024-03,STALE_UPDATE
LN106985,2025-01,STALE_UPDATE
LN100963,2025-01,STATUS_INCONSISTENT
LN108538,2024-03,DOC_GAP
LN105749,2022-05,BALANCE_MISMATCH
LN100789,2024-05,STATUS_INCONSISTENT
LN100108,2023-10,BALANCE_MISMATCH
LN105708,2023-11,DATE_INVALID
LN106188,2022-01,STATUS_INCONSISTENT
LN107973,2022-06,BALANCE_MISMATCH
LN106208,2023-05,DOC_GAP
LN105892,2025-11,STALE_UPDATE
LN105058,2023-02,BALANCE_MISMATCH
LN104193,2022-11,STALE_UPDATE
LN102310,2023-05,DUPLICATE_RECORD
LN108319,2024-02,STALE_UPDATE
LN107882,2025-11,BALANCE_MISMATCH
LN108156,2023-03,DATE_INVALID
LN106530,2024-05,DUPLICATE_RECORD
LN101640,2024-11,STALE_UPDATE
LN107138,2024-10,DATE_INVALID
LN106935,2025-05,DOC_GAP
LN103209,2024-02,DUPLICATE_RECORD
LN100373,2024-04,DATE_INVALID
LN101453,2023-06,BALANCE_MISMATCH
LN108137,2025-06,DOC_GAP
LN108834,2024-12,BALANCE_MISMATCH
LN108955,2025-04,DOC_GAP
LN100695,2022-11,STATUS_INCONSISTENT
LN107636,2022-03,BALANCE_MISMATCH
LN108346,2022-08,DOC_GAP
LN105731,2023-07,STALE_UPDATE
LN103714,2025-12,DOC_GAP
LN107084,2025-10,DOC_GAP
LN107456,2025-07,BALANCE_MISMATCH
LN105566,2025-10,STALE_UPDATE
LN105539,2025-06,DUPLICATE_RECORD
LN108734,2025-08,STALE_UPDATE
LN108768,2022-04,DUPLICATE_RECORD
LN103719,2023-08,STALE_UPDATE
LN104394,2023-12,STATUS_INCONSISTENT
LN101431,2025-01,BALANCE_MISMATCH
LN106113,2025-07,BALANCE_MISMATCH
LN100217,2023-12,BALANCE_MISMATCH
LN102826,2023-09,DOC_GAP
LN106892,2022-12,STATUS_INCONSISTENT
LN106562,2025-04,STALE_UPDATE
LN106593,2025-11,DUPLICATE_RECORD
LN104273,2024-03,DUPLICATE_RECORD
LN100728,2023-06,DATE_INVALID
LN104551,2022-10,STATUS_INCONSISTENT
LN102361,2025-05,BALANCE_MISMATCH
LN103996,2022-07,DOC_GAP
LN106864,2025-08,STALE_UPDATE
LN105561,2022-04,DOC_GAP
LN103963,2025-10,DUPLICATE_RECORD
LN106471,2024-10,STALE_UPDATE
LN102169,2025-04,STALE_UPDATE
LN108406,2022-12,BALANCE_MISMATCH
LN107196,2023-11,BALANCE_MISMATCH
LN103376,2023-06,STATUS_INCONSISTENT
LN106482,2025-02,BALANCE_MISMATCH
LN101785,2025-08,STALE_UPDATE
LN108551,2023-06,DATE_INVALID
LN103700,2023-04,STALE_UPDATE
LN103027,2025-01,BALANCE_MISMATCH
LN107836,2024-12,BALANCE_MISMATCH
LN102315,2025-03,BALANCE_MISMATCH
LN104443,2024-03,STATUS_INCONSISTENT
LN100035,2023-07,STATUS_INCONSISTENT
LN102003,2023-07,STATUS_INCONSISTENT
LN105619,2024-03,BALANCE_MISMATCH
LN108127,2024-05,DOC_GAP
LN103991,2024-12,DOC_GAP
LN108385,2025-06,DUPLICATE_RECORD
LN103028,2024-03,BALANCE_MISMATCH
LN101026,2025-12,STATUS_INCONSISTENT
LN100608,2025-07,BALANCE_MISMATCH
LN100745,2024-08,BALANCE_MISMATCH
LN107495,2025-08,BALANCE_MISMATCH
LN105384,2025-04,DOC_GAP
LN102739,2023-12,DOC_GAP
LN101410,2025-12,BALANCE_MISMATCH
LN107994,2024-07,STALE_UPDATE
LN103057,2022-09,DOC_GAP
LN104427,2024-11,DOC_GAP
LN100832,2024-07,DATE_INVALID
LN101905,2025-04,STATUS_INCONSISTENT
LN108326,2023-03,DATE_INVALID
LN105973,2023-09,DUPLICATE_RECORD
LN101336,2023-09,DUPLICATE_RECORD
LN108671,2022-10,BALANCE_MISMATCH
LN107144,2023-03,DUPLICATE_RECORD
LN102377,2023-01,STATUS_INCONSISTENT
LN107756,2025-05,DOC_GAP
LN101608,2024-09,DATE_INVALID
LN108189,2025-09,BALANCE_MISMATCH
LN101011,2024-12,DOC_GAP
LN107600,2022-09,DATE_INVALID
LN102248,2023-01,STATUS_INCONSISTENT
LN103514,2024-08,STATUS_INCONSISTENT
LN104118,2022-04,STALE_UPDATE
LN106986,2023-07,DATE_INVALID
LN105898,2025-08,BALANCE_MISMATCH
LN101311,2025-10,STALE_UPDATE
LN104514,2025-05,BALANCE_MISMATCH
LN107227,2025-02,DOC_GAP
LN104155,2022-10,STALE_UPDATE
LN102137,2023-06,STALE_UPDATE
LN103010,2022-11,STALE_UPDATE
LN107098,2025-08,DATE_INVALID
LN108764,2023-04,STALE_UPDATE
LN106926,2024-05,DATE_INVALID
LN101030,2025-06,DATE_INVALID
LN106646,2022-06,STALE_UPDATE
LN106917,2023-06,BALANCE_MISMATCH
LN105791,2024-08,DATE_INVALID
LN100711,2024-11,DUPLICATE_RECORD
LN101168,2025-01,DATE_INVALID
LN108937,2025-10,DOC_GAP
LN102763,2023-04,DUPLICATE_RECORD
LN100267,2024-02,STATUS_INCONSISTENT
LN106581,2025-01,DATE_INVALID
LN105694,2024-11,DATE_INVALID
LN108640,2025-10,DOC_GAP
LN102369,2023-04,STALE_UPDATE
LN103078,2022-03,BALANCE_MISMATCH
LN107540,2024-08,DATE_INVALID
LN100215,2022-07,DUPLICATE_RECORD
LN105837,2022-12,BALANCE_MISMATCH
LN100064,2025-12,DUPLICATE_RECORD
LN102550,2024-09,STATUS_INCONSISTENT
LN104705,2025-08,BALANCE_MISMATCH
LN106150,2021-09,BALANCE_MISMATCH
LN101394,2023-01,DATE_INVALID
LN108971,2023-03,DATE_INVALID
LN100741,2024-10,STALE_UPDATE
LN100126,2024-05,STALE_UPDATE
LN100269,2024-06,STALE_UPDATE
LN105255,2024-10,STATUS_INCONSISTENT
LN103711,2025-05,DOC_GAP
LN107098,2024-01,DOC_GAP
LN107939,2023-01,STATUS_INCONSISTENT
LN101652,2024-09,STALE_UPDATE
LN106468,2023-07,STATUS_INCONSISTENT
LN107458,2023-11,STATUS_INCONSISTENT
LN105166,2025-03,DATE_INVALID
LN105689,2025-09,BALANCE_MISMATCH
LN103052,2025-12,STATUS_INCONSISTENT
LN106294,2022-03,BALANCE_MISMATCH
LN103716,2025-01,BALANCE_MISMATCH
LN106998,2024-01,STALE_UPDATE
LN103264,2024-06,STALE_UPDATE
LN106453,2024-07,DOC_GAP
LN101013,2025-11,BALANCE_MISMATCH
LN106748,2024-07,DATE_INVALID
LN105999,2023-08,DATE_INVALID
LN106599,2025-10,DOC_GAP
LN108319,2024-03,STALE_UPDATE
LN100849,2025-06,DOC_GAP
LN106457,2024-06,DOC_GAP
LN105841,2024-12,DOC_GAP
LN105873,2023-05,BALANCE_MISMATCH
LN107104,2025-10,STATUS_INCONSISTENT
LN100217,2025-12,DOC_GAP
LN105023,2023-03,STALE_UPDATE
LN100051,2025-03,DOC_GAP
LN104253,2023-07,STATUS_INCONSISTENT
LN107299,2025-01,DATE_INVALID
LN105600,2023-03,DATE_INVALID
LN107719,2023-04,DATE_INVALID
LN101136,2025-03,BALANCE_MISMATCH
LN101408,2024-01,STATUS_INCONSISTENT
LN105689,2023-10,BALANCE_MISMATCH
LN105629,2024-02,STATUS_INCONSISTENT
LN105726,2024-01,DUPLICATE_RECORD
LN108394,2022-08,STATUS_INCONSISTENT
LN103715,2025-01,STALE_UPDATE
LN101692,2024-07,STALE_UPDATE
LN108932,2025-02,STATUS_INCONSISTENT
LN106122,2025-02,BALANCE_MISMATCH
LN102233,2021-12,DATE_INVALID
LN103560,2024-04,STATUS_INCONSISTENT
LN103743,2024-12,STATUS_INCONSISTENT
LN108503,2023-07,STATUS_INCONSISTENT
LN101239,2025-07,STATUS_INCONSISTENT
LN100390,2024-10,STALE_UPDATE
LN105335,2022-06,DUPLICATE_RECORD
LN100020,2023-11,STALE_UPDATE
LN102799,2025-10,STALE_UPDATE
LN103313,2024-03,STATUS_INCONSISTENT
LN106203,2023-04,DATE_INVALID
LN107196,2025-06,BALANCE_MISMATCH
LN107892,2023-08,DOC_GAP
LN100171,2022-07,STALE_UPDATE
LN103142,2023-01,DATE_INVALID
LN101727,2023-11,STALE_UPDATE
LN102896,2024-06,STALE_UPDATE
LN103277,2025-02,DATE_INVALID
LN108225,2025-10,DUPLICATE_RECORD
LN104127,2023-07,STATUS_INCONSISTENT
LN104074,2022-11,STALE_UPDATE
LN101237,2023-04,DOC_GAP
LN101186,2022-03,DUPLICATE_RECORD
LN108968,2022-12,BALANCE_MISMATCH
LN106302,2023-06,BALANCE_MISMATCH
LN108101,2025-06,STATUS_INCONSISTENT
LN101408,2022-09,DATE_INVALID
LN100409,2023-07,DUPLICATE_RECORD
LN101023,2025-01,STATUS_INCONSISTENT
LN104040,2024-10,STALE_UPDATE
LN103767,2024-02,DATE_INVALID
LN107237,2023-01,DOC_GAP
LN103039,2022-09,BALANCE_MISMATCH
LN107275,2025-03,BALANCE_MISMATCH
LN105355,2025-07,BALANCE_MISMATCH
LN107623,2023-08,STATUS_INCONSISTENT
LN103086,2023-11,STATUS_INCONSISTENT
LN101266,2022-01,STALE_UPDATE
LN104633,2022-03,STATUS_INCONSISTENT
LN103099,2023-10,BALANCE_MISMATCH
LN104204,2024-09,STATUS_INCONSISTENT
LN101235,2022-09,DATE_INVALID
LN100404,2024-10,DUPLICATE_RECORD
LN104779,2023-07,STALE_UPDATE
LN107355,2024-09,STALE_UPDATE
LN107142,2025-01,STATUS_INCONSISTENT
LN102430,2022-11,STALE_UPDATE
LN100076,2023-01,DOC_GAP
LN103196,2022-10,STATUS_INCONSISTENT
LN104482,2024-12,DOC_GAP
LN102496,2025-01,DUPLICATE_RECORD
LN106349,2025-10,DUPLICATE_RECORD
LN101843,2025-05,DOC_GAP
LN102158,2024-11,STATUS_INCONSISTENT
LN104632,2024-01,DUPLICATE_RECORD
LN106071,2024-01,DATE_INVALID
LN105541,2023-03,DATE_INVALID
LN106733,2025-03,DATE_INVALID
LN106428,2025-07,DOC_GAP
LN102778,2025-01,STALE_UPDATE
LN101676,2025-02,DUPLICATE_RECORD
LN104407,2022-04,BALANCE_MISMATCH
LN100006,2023-08,DOC_GAP
LN105771,2025-07,STALE_UPDATE
LN105762,2024-03,STALE_UPDATE
LN100052,2025-04,STATUS_INCONSISTENT
LN105807,2025-09,DOC_GAP
LN100217,2024-09,BALANCE_MISMATCH
LN108520,2024-11,STALE_UPDATE
LN108319,2023-06,STALE_UPDATE
LN100900,2021-08,BALANCE_MISMATCH
LN105450,2025-09,DOC_GAP
LN100373,2023-02,STATUS_INCONSISTENT
LN100760,2024-06,BALANCE_MISMATCH
LN102489,2023-01,DOC_GAP
LN103989,2025-07,BALANCE_MISMATCH
LN103936,2024-05,DATE_INVALID
LN106795,2025-01,DATE_INVALID
LN104872,2022-06,BALANCE_MISMATCH
LN102390,2023-10,DOC_GAP
LN100314,2023-01,STATUS_INCONSISTENT
LN100543,2022-03,DATE_INVALID
LN101204,2023-11,DATE_INVALID
LN105097,2023-05,STATUS_INCONSISTENT
LN106463,2023-10,STATUS_INCONSISTENT
LN104186,2024-08,BALANCE_MISMATCH
LN101739,2023-11,BALANCE_MISMATCH
LN108582,2024-05,DATE_INVALID
LN108838,2025-10,STALE_UPDATE
LN108433,2024-05,STALE_UPDATE
LN106926,2024-11,DATE_INVALID
LN107417,2024-10,STALE_UPDATE
LN100768,2024-01,DOC_GAP
LN107104,2023-04,STALE_UPDATE
LN103390,2025-09,DATE_INVALID
LN106769,2024-04,DOC_GAP
LN102470,2025-09,BALANCE_MISMATCH
LN104531,2023-04,BALANCE_MISMATCH
LN100933,2025-09,DOC_GAP
LN108327,2025-10,BALANCE_MISMATCH
LN104629,2024-02,STALE_UPDATE
LN102658,2024-07,DOC_GAP
LN101698,2024-06,STATUS_INCONSISTENT
LN105058,2023-08,BALANCE_MISMATCH
LN106552,2023-06,STATUS_INCONSISTENT
LN107728,2023-10,BALANCE_MISMATCH
LN107694,2024-08,STATUS_INCONSISTENT
LN106172,2025-07,BALANCE_MISMATCH
LN107035,2024-12,BALANCE_MISMATCH
LN105590,2025-08,STALE_UPDATE
LN106697,2025-12,STALE_UPDATE
LN106453,2023-11,STALE_UPDATE
LN106358,2024-09,STATUS_INCONSISTENT
LN106251,2022-07,STALE_UPDATE
LN108069,2023-04,STATUS_INCONSISTENT
LN105151,2025-06,DOC_GAP
LN104901,2024-12,BALANCE_MISMATCH
LN101621,2025-02,DATE_INVALID
LN104842,2022-03,DATE_INVALID
LN102491,2025-07,STATUS_INCONSISTENT
LN101537,2023-06,DATE_INVALID
LN108072,2024-03,BALANCE_MISMATCH
LN104290,2021-10,DOC_GAP
LN100349,2023-08,STATUS_INCONSISTENT
LN104266,2023-12,STATUS_INCONSISTENT
LN108910,2023-11,STALE_UPDATE
LN104159,2023-01,STATUS_INCONSISTENT
LN106695,2025-10,STALE_UPDATE
LN101782,2022-09,DATE_INVALID
LN107408,2025-06,STATUS_INCONSISTENT
LN105934,2025-12,STATUS_INCONSISTENT
LN108632,2024-06,DUPLICATE_RECORD
LN102132,2024-07,BALANCE_MISMATCH
LN108681,2023-08,BALANCE_MISMATCH
LN102763,2022-06,STALE_UPDATE
LN106747,2025-04,STALE_UPDATE
LN107618,2024-05,DATE_INVALID
LN101117,2024-12,BALANCE_MISMATCH
LN101488,2025-05,BALANCE_MISMATCH
LN100379,2023-09,STALE_UPDATE
LN108158,2025-12,BALANCE_MISMATCH
LN105008,2025-08,BALANCE_MISMATCH
LN105270,2023-06,BALANCE_MISMATCH
LN108704,2025-01,STALE_UPDATE
LN105068,2022-12,BALANCE_MISMATCH
LN104683,2024-03,DATE_INVALID
LN104075,2023-09,DOC_GAP
LN105687,2023-05,STATUS_INCONSISTENT
LN103319,2021-10,STATUS_INCONSISTENT
LN103851,2022-11,BALANCE_MISMATCH
LN102069,2024-06,STATUS_INCONSISTENT
LN101178,2024-01,DOC_GAP
LN108876,2025-11,BALANCE_MISMATCH
LN100436,2025-01,DATE_INVALID
LN108099,2024-12,BALANCE_MISMATCH
LN103976,2025-06,STALE_UPDATE
LN108094,2024-12,DOC_GAP
LN107989,2024-08,DOC_GAP
LN106926,2023-04,DOC_GAP
LN107655,2024-12,STATUS_INCONSISTENT
LN101904,2025-06,STATUS_INCONSISTENT
LN105627,2025-09,STALE_UPDATE
LN100986,2024-08,STATUS_INCONSISTENT
LN101823,2025-03,STALE_UPDATE
LN103115,2025-08,STALE_UPDATE
LN102774,2023-08,BALANCE_MISMATCH
LN101627,2024-03,DUPLICATE_RECORD
LN105582,2025-11,BALANCE_MISMATCH
LN100620,2025-07,STATUS_INCONSISTENT
LN100169,2022-06,BALANCE_MISMATCH
LN107597,2025-02,BALANCE_MISMATCH
LN100769,2023-04,STALE_UPDATE
LN101367,2023-06,STALE_UPDATE
LN107520,2025-03,DATE_INVALID
LN106503,2023-09,BALANCE_MISMATCH
LN100971,2025-07,DATE_INVALID
LN102050,2024-10,STATUS_INCONSISTENT
LN101402,2024-09,DUPLICATE_RECORD
LN106781,2022-01,STALE_UPDATE
LN108190,2022-10,DATE_INVALID
LN107966,2023-02,DOC_GAP
LN104384,2025-05,BALANCE_MISMATCH
LN107652,2023-12,STATUS_INCONSISTENT
LN105535,2023-12,STALE_UPDATE
LN100155,2024-05,BALANCE_MISMATCH
LN103658,2022-09,BALANCE_MISMATCH
LN102508,2023-05,DOC_GAP
LN104666,2022-07,BALANCE_MISMATCH
LN100402,2025-12,DOC_GAP
LN107557,2024-06,STATUS_INCONSISTENT
LN108147,2023-04,BALANCE_MISMATCH
LN100167,2022-07,DOC_GAP
LN106521,2023-01,DUPLICATE_RECORD
LN104802,2022-10,BALANCE_MISMATCH
LN104433,2025-10,BALANCE_MISMATCH
LN104009,2022-08,BALANCE_MISMATCH
LN105456,2024-03,DUPLICATE_RECORD
LN101059,2024-08,DUPLICATE_RECORD
LN101601,2025-04,STATUS_INCONSISTENT
LN104482,2025-10,DOC_GAP
LN102812,2022-11,DATE_INVALID
LN108298,2025-06,STALE_UPDATE
LN107083,2025-07,STATUS_INCONSISTENT
LN101475,2024-07,STATUS_INCONSISTENT
LN108679,2024-11,STATUS_INCONSISTENT
LN106556,2024-10,STALE_UPDATE
LN106479,2025-01,BALANCE_MISMATCH
LN100464,2022-11,STATUS_INCONSISTENT
LN107002,2025-08,DUPLICATE_RECORD
LN101430,2023-12,BALANCE_MISMATCH
LN101626,2025-06,DOC_GAP
LN101330,2024-05,DOC_GAP
LN107519,2025-01,BALANCE_MISMATCH
LN107984,2025-06,BALANCE_MISMATCH
LN104493,2023-07,BALANCE_MISMATCH
LN106517,2024-11,DATE_INVALID
LN104586,2022-07,STATUS_INCONSISTENT
LN108658,2022-08,BALANCE_MISMATCH
LN107338,2025-09,BALANCE_MISMATCH
LN101861,2023-12,DATE_INVALID
LN107964,2023-02,STALE_UPDATE
LN106995,2024-06,STALE_UPDATE
LN108408,2023-01,BALANCE_MISMATCH
LN102586,2024-05,DUPLICATE_RECORD
LN108721,2023-05,DATE_INVALID
LN100366,2024-11,DOC_GAP
LN105528,2023-12,BALANCE_MISMATCH
LN105580,2024-03,STALE_UPDATE
LN105925,2022-02,DOC_GAP
LN108230,2025-11,STATUS_INCONSISTENT
LN104288,2025-05,STALE_UPDATE
LN104204,2025-12,STATUS_INCONSISTENT
LN107067,2023-01,STALE_UPDATE
LN108182,2025-01,DOC_GAP
LN107973,2023-11,BALANCE_MISMATCH
LN105691,2025-02,STALE_UPDATE
LN105855,2025-04,BALANCE_MISMATCH
LN106519,2025-06,STATUS_INCONSISTENT
LN100425,2025-03,DUPLICATE_RECORD
LN103258,2025-04,BALANCE_MISMATCH
LN108944,2021-10,STATUS_INCONSISTENT
LN105259,2022-10,BALANCE_MISMATCH
LN106539,2025-09,BALANCE_MISMATCH
LN105976,2025-09,DATE_INVALID
LN106268,2022-11,BALANCE_MISMATCH
LN102711,2025-11,BALANCE_MISMATCH
LN104743,2023-11,BALANCE_MISMATCH
LN101211,2024-09,STATUS_INCONSISTENT
LN100813,2025-05,STALE_UPDATE
LN107959,2025-10,STALE_UPDATE
LN105968,2025-09,STALE_UPDATE
LN106887,2023-03,DATE_INVALID
LN101823,2025-04,DUPLICATE_RECORD
LN101165,2023-07,DOC_GAP
LN103809,2023-10,STATUS_INCONSISTENT
LN107472,2023-08,DATE_INVALID
LN108276,2025-07,DUPLICATE_RECORD
LN105818,2024-08,BALANCE_MISMATCH
LN105987,2025-04,DOC_GAP
LN101781,2023-07,BALANCE_MISMATCH
LN103511,2024-08,DATE_INVALID
LN102612,2024-09,BALANCE_MISMATCH
LN102150,2023-01,DUPLICATE_RECORD
LN106887,2023-07,DUPLICATE_RECORD
LN105236,2024-02,STATUS_INCONSISTENT
LN101750,2025-05,STALE_UPDATE
LN106897,2023-07,STALE_UPDATE
LN105823,2025-01,DOC_GAP
LN105568,2022-10,DUPLICATE_RECORD
LN100177,2023-02,STATUS_INCONSISTENT
LN101764,2025-05,DOC_GAP
LN104745,2023-02,DATE_INVALID
LN107067,2025-10,DOC_GAP
LN102348,2025-03,DATE_INVALID
LN100294,2025-12,DOC_GAP
LN101358,2023-11,STALE_UPDATE
LN103474,2024-05,DATE_INVALID
LN100936,2023-07,STATUS_INCONSISTENT
LN103453,2024-12,BALANCE_MISMATCH
LN107501,2022-03,STALE_UPDATE
LN108583,2022-11,BALANCE_MISMATCH
LN108773,2024-03,STALE_UPDATE
LN105476,2022-09,STATUS_INCONSISTENT
LN106655,2025-10,DOC_GAP
LN104924,2023-09,STATUS_INCONSISTENT
LN105622,2024-02,BALANCE_MISMATCH
LN101444,2022-10,DOC_GAP
LN100951,2025-12,STALE_UPDATE
LN104104,2023-08,BALANCE_MISMATCH
LN106834,2023-02,DUPLICATE_RECORD
LN103755,2022-09,STATUS_INCONSISTENT
LN102936,2024-11,BALANCE_MISMATCH
LN103368,2023-05,DATE_INVALID
LN108514,2025-05,BALANCE_MISMATCH
LN107604,2023-02,STATUS_INCONSISTENT
LN102760,2025-04,STATUS_INCONSISTENT
LN100414,2024-09,DATE_INVALID
LN108311,2021-07,BALANCE_MISMATCH
LN106371,2023-07,DATE_INVALID
LN102266,2024-02,STALE_UPDATE
LN103646,2025-01,BALANCE_MISMATCH
LN108179,2025-03,BALANCE_MISMATCH
LN100265,2024-10,BALANCE_MISMATCH
LN106271,2025-02,DATE_INVALID
LN105935,2023-03,DOC_GAP
LN101621,2022-08,DUPLICATE_RECORD
LN101285,2024-08,STALE_UPDATE
LN107462,2025-12,DATE_INVALID
LN102065,2024-06,DOC_GAP
LN100804,2025-09,BALANCE_MISMATCH
LN108327,2024-02,STALE_UPDATE
LN106229,2024-09,BALANCE_MISMATCH
LN102484,2024-12,STATUS_INCONSISTENT
LN105821,2024-03,STATUS_INCONSISTENT
LN100154,2025-06,STALE_UPDATE
LN103547,2024-09,STATUS_INCONSISTENT
LN103367,2025-02,DATE_INVALID
LN104930,2022-07,DATE_INVALID
LN101373,2023-11,STATUS_INCONSISTENT
LN103652,2023-09,STATUS_INCONSISTENT
LN108743,2023-12,DOC_GAP
LN107727,2025-02,BALANCE_MISMATCH
LN101113,2024-03,STATUS_INCONSISTENT
LN105908,2025-10,BALANCE_MISMATCH
LN108805,2021-07,DATE_INVALID
LN101452,2025-12,DUPLICATE_RECORD
LN101104,2025-02,BALANCE_MISMATCH
LN107035,2025-10,STALE_UPDATE
LN107047,2023-07,BALANCE_MISMATCH
LN100776,2024-09,STATUS_INCONSISTENT
LN104181,2024-09,DATE_INVALID
LN100166,2022-09,DOC_GAP
LN103036,2024-07,STATUS_INCONSISTENT
LN106187,2025-04,STALE_UPDATE
LN107268,2024-12,DOC_GAP
LN100320,2025-03,STALE_UPDATE
LN103862,2025-09,DUPLICATE_RECORD
LN107561,2023-01,STATUS_INCONSISTENT
LN107963,2023-05,STATUS_INCONSISTENT
LN104021,2021-09,BALANCE_MISMATCH
LN100396,2024-12,BALANCE_MISMATCH
LN106805,2025-09,STATUS_INCONSISTENT
LN104059,2024-12,STATUS_INCONSISTENT
LN106619,2024-02,STATUS_INCONSISTENT
LN107845,2023-11,BALANCE_MISMATCH
LN108931,2023-06,DATE_INVALID
LN105103,2024-05,DOC_GAP
LN104173,2023-05,DATE_INVALID
LN105426,2024-09,DOC_GAP
LN105687,2024-07,DUPLICATE_RECORD
LN100465,2025-11,DATE_INVALID
LN100151,2025-05,STALE_UPDATE
LN100344,2025-12,DATE_INVALID
LN106463,2022-07,DOC_GAP
LN103416,2024-09,DUPLICATE_RECORD
LN102690,2025-05,STALE_UPDATE
LN108445,2024-02,DATE_INVALID
LN101550,2022-12,BALANCE_MISMATCH
LN107671,2024-02,DOC_GAP
LN102465,2025-07,STATUS_INCONSISTENT
LN108251,2025-03,STATUS_INCONSISTENT
LN108536,2025-08,STALE_UPDATE
LN107454,2024-10,BALANCE_MISMATCH
LN104359,2025-05,DUPLICATE_RECORD
LN108949,2024-02,DUPLICATE_RECORD
LN105381,2024-12,STATUS_INCONSISTENT
LN106901,2025-04,STATUS_INCONSISTENT
LN101129,2025-12,BALANCE_MISMATCH
LN106103,2022-02,STATUS_INCONSISTENT
LN102663,2025-01,BALANCE_MISMATCH
LN108742,2025-05,STALE_UPDATE
LN104794,2023-05,STALE_UPDATE
LN107431,2025-05,DOC_GAP
LN104225,2023-12,DOC_GAP
LN103703,2024-09,STALE_UPDATE
LN108974,2022-05,BALANCE_MISMATCH
LN106343,2024-12,DOC_GAP
LN104930,2025-10,BALANCE_MISMATCH
LN105522,2024-02,STATUS_INCONSISTENT
LN101986,2025-10,STATUS_INCONSISTENT
LN103863,2023-09,DUPLICATE_RECORD
LN106063,2022-09,STATUS_INCONSISTENT
LN106748,2023-01,DATE_INVALID
LN101785,2024-03,BALANCE_MISMATCH
LN106479,2025-12,BALANCE_MISMATCH
LN103330,2024-07,BALANCE_MISMATCH
LN104447,2022-08,STATUS_INCONSISTENT
LN100695,2025-07,DOC_GAP
LN101273,2024-03,STALE_UPDATE
LN102885,2023-10,DUPLICATE_RECORD
LN102814,2022-09,STALE_UPDATE
LN108738,2024-03,STATUS_INCONSISTENT
LN108878,2025-11,DUPLICATE_RECORD
LN108910,2022-06,STALE_UPDATE
LN104736,2021-10,STALE_UPDATE
LN106577,2023-05,DATE_INVALID
LN103556,2024-05,DATE_INVALID
LN107190,2024-07,STALE_UPDATE
LN100745,2023-04,STALE_UPDATE
LN103882,2025-02,DATE_INVALID
LN103203,2023-06,STATUS_INCONSISTENT
LN105045,2024-09,DUPLICATE_RECORD
LN104184,2023-01,DOC_GAP
LN108394,2023-07,DUPLICATE_RECORD
LN104286,2024-08,BALANCE_MISMATCH
LN101769,2023-07,STATUS_INCONSISTENT
LN104819,2025-02,DATE_INVALID
LN103538,2024-10,BALANCE_MISMATCH
LN103277,2023-09,BALANCE_MISMATCH
LN103715,2025-08,DUPLICATE_RECORD
LN105379,2025-03,STATUS_INCONSISTENT
LN103396,2025-06,DOC_GAP
LN106746,2023-07,BALANCE_MISMATCH
LN100454,2024-01,BALANCE_MISMATCH
LN101609,2024-02,DUPLICATE_RECORD
LN105533,2024-01,DATE_INVALID
LN100802,2024-12,DOC_GAP
LN108448,2025-07,STALE_UPDATE
LN100027,2024-07,DATE_INVALID
LN105250,2022-03,DATE_INVALID
LN107601,2024-02,STATUS_INCONSISTENT
LN108490,2025-08,DOC_GAP
LN102930,2023-01,DATE_INVALID
LN104868,2025-04,STALE_UPDATE
LN102419,2025-05,STATUS_INCONSISTENT
LN101311,2025-01,STATUS_INCONSISTENT
LN101218,2024-04,DOC_GAP
LN105114,2023-05,DATE_INVALID
LN102190,2023-09,STALE_UPDATE
LN104339,2023-11,DOC_GAP
LN108529,2024-04,BALANCE_MISMATCH
LN107700,2023-06,STALE_UPDATE
LN105547,2022-12,BALANCE_MISMATCH
LN105939,2024-11,BALANCE_MISMATCH
LN100055,2022-11,BALANCE_MISMATCH
LN106641,2022-02,STATUS_INCONSISTENT
LN104613,2024-06,BALANCE_MISMATCH
LN102904,2025-05,STALE_UPDATE
LN106028,2025-04,BALANCE_MISMATCH
LN101544,2024-07,DOC_GAP
LN107747,2024-10,BALANCE_MISMATCH
LN101868,2023-04,BALANCE_MISMATCH
LN102138,2025-04,DATE_INVALID
LN103320,2022-10,BALANCE_MISMATCH
LN107118,2023-10,STALE_UPDATE
LN102779,2023-07,BALANCE_MISMATCH
LN102205,2024-12,STALE_UPDATE
LN107208,2025-04,DOC_GAP
LN103925,2024-12,DOC_GAP
LN100539,2022-05,BALANCE_MISMATCH
LN102590,2024-05,DUPLICATE_RECORD
LN103593,2025-02,BALANCE_MISMATCH
LN107910,2025-06,STATUS_INCONSISTENT
LN102209,2024-04,STATUS_INCONSISTENT
LN107736,2022-02,DATE_INVALID
LN106955,2025-06,DOC_GAP
LN108911,2024-05,STATUS_INCONSISTENT
LN103358,2024-10,STATUS_INCONSISTENT
LN100430,2022-04,BALANCE_MISMATCH
LN105783,2025-01,DUPLICATE_RECORD
LN108136,2025-06,BALANCE_MISMATCH
LN103958,2023-06,STATUS_INCONSISTENT
LN107320,2023-08,DUPLICATE_RECORD
LN100006,2023-07,BALANCE_MISMATCH
LN103503,2022-04,BALANCE_MISMATCH
LN106313,2022-08,DATE_INVALID
LN105699,2023-10,DATE_INVALID
LN105130,2024-09,STALE_UPDATE
LN106038,2023-09,STATUS_INCONSISTENT
LN107728,2022-12,DATE_INVALID
LN100093,2024-07,DUPLICATE_RECORD
LN100410,2025-08,DOC_GAP
LN103898,2024-01,DATE_INVALID
LN101762,2021-08,DUPLICATE_RECORD
LN107965,2023-11,DUPLICATE_RECORD
LN100266,2025-06,DOC_GAP
LN104845,2025-02,STATUS_INCONSISTENT
LN102633,2024-12,STATUS_INCONSISTENT
LN104673,2025-11,STALE_UPDATE
LN105510,2024-07,BALANCE_MISMATCH
LN105262,2024-07,DOC_GAP
LN102586,2024-09,STALE_UPDATE
LN103449,2023-03,BALANCE_MISMATCH
LN100454,2025-03,STALE_UPDATE
LN103565,2025-12,BALANCE_MISMATCH
LN104580,2023-09,DATE_INVALID
LN100277,2024-12,STALE_UPDATE
LN103862,2025-02,DUPLICATE_RECORD
LN102482,2024-06,DUPLICATE_RECORD
LN100976,2024-01,BALANCE_MISMATCH
LN108096,2024-03,STALE_UPDATE
LN103083,2022-05,STALE_UPDATE
LN107870,2022-07,STATUS_INCONSISTENT
LN104301,2025-02,STATUS_INCONSISTENT
LN108987,2022-08,STALE_UPDATE
LN105851,2023-12,DOC_GAP
LN100552,2024-10,BALANCE_MISMATCH
LN102303,2024-07,DOC_GAP
LN107070,2024-04,DOC_GAP
LN101676,2022-07,DOC_GAP
LN103300,2024-04,STALE_UPDATE
LN101248,2023-06,DUPLICATE_RECORD
LN108214,2022-05,BALANCE_MISMATCH
LN106978,2023-10,STATUS_INCONSISTENT
LN103682,2023-09,STALE_UPDATE
LN101415,2024-09,STATUS_INCONSISTENT
LN108443,2024-05,STATUS_INCONSISTENT
LN103638,2022-01,STATUS_INCONSISTENT
LN105526,2024-04,BALANCE_MISMATCH
LN105748,2025-11,STATUS_INCONSISTENT
LN102193,2023-03,BALANCE_MISMATCH
LN101943,2022-03,DATE_INVALID
LN107831,2024-11,STATUS_INCONSISTENT
LN105302,2024-03,BALANCE_MISMATCH
LN100699,2022-10,STATUS_INCONSISTENT
LN104063,2024-11,DOC_GAP
LN102816,2024-12,DATE_INVALID
LN100267,2022-10,BALANCE_MISMATCH
LN107118,2023-08,STALE_UPDATE
LN104374,2023-08,STATUS_INCONSISTENT
LN107113,2024-06,STATUS_INCONSISTENT
LN107780,2025-01,DATE_INVALID
LN107027,2025-03,DUPLICATE_RECORD
LN105596,2023-11,BALANCE_MISMATCH
LN100736,2025-04,DUPLICATE_RECORD
LN105661,2025-06,STATUS_INCONSISTENT
LN107960,2024-09,STATUS_INCONSISTENT
LN104438,2024-07,DUPLICATE_RECORD
LN101966,2024-09,STATUS_INCONSISTENT
LN108215,2025-01,STALE_UPDATE
LN108323,2024-06,STALE_UPDATE
LN106306,2025-10,BALANCE_MISMATCH
LN106338,2025-01,BALANCE_MISMATCH
LN101791,2025-05,DOC_GAP
LN105094,2023-08,BALANCE_MISMATCH
LN102818,2023-10,STALE_UPDATE
LN106270,2024-11,STATUS_INCONSISTENT
LN101286,2024-10,BALANCE_MISMATCH
LN105034,2022-11,BALANCE_MISMATCH
LN104273,2024-06,BALANCE_MISMATCH
LN105700,2024-05,BALANCE_MISMATCH
LN106075,2025-03,DUPLICATE_RECORD
LN102391,2025-05,BALANCE_MISMATCH
LN106322,2023-08,DOC_GAP
LN102058,2023-02,BALANCE_MISMATCH
LN108352,2025-07,STALE_UPDATE
LN101068,2024-10,STATUS_INCONSISTENT
LN105583,2024-10,DOC_GAP
LN103497,2024-02,STATUS_INCONSISTENT
LN105955,2025-06,BALANCE_MISMATCH
LN100989,2025-08,DUPLICATE_RECORD
LN102516,2025-07,BALANCE_MISMATCH
LN101496,2025-02,BALANCE_MISMATCH
LN103418,2022-02,STATUS_INCONSISTENT
LN106649,2025-05,DUPLICATE_RECORD
LN101930,2023-04,STATUS_INCONSISTENT
LN103885,2023-02,DATE_INVALID
LN107110,2024-09,BALANCE_MISMATCH
LN108604,2023-10,STALE_UPDATE
LN103083,2023-10,STALE_UPDATE
LN108846,2024-10,DATE_INVALID
LN104147,2025-12,STATUS_INCONSISTENT
LN105400,2025-07,BALANCE_MISMATCH
LN101768,2021-12,DUPLICATE_RECORD
LN105331,2024-07,STATUS_INCONSISTENT
LN104709,2024-11,STATUS_INCONSISTENT
LN107138,2024-11,STALE_UPDATE
LN104948,2023-01,DATE_INVALID
LN101175,2025-05,STALE_UPDATE
LN100786,2024-07,STALE_UPDATE
LN104260,2022-06,DATE_INVALID
LN105332,2022-11,STATUS_INCONSISTENT
LN104317,2024-06,DATE_INVALID
LN102231,2021-12,STATUS_INCONSISTENT
LN106724,2024-05,DUPLICATE_RECORD
LN104883,2022-07,BALANCE_MISMATCH
LN102173,2025-06,DUPLICATE_RECORD
LN108390,2025-02,STATUS_INCONSISTENT
LN107795,2025-05,STALE_UPDATE
LN108511,2024-03,DATE_INVALID
LN108643,2024-09,STATUS_INCONSISTENT
LN100713,2025-02,DATE_INVALID
LN101394,2022-08,DUPLICATE_RECORD
LN101738,2023-12,STALE_UPDATE
LN107366,2025-04,BALANCE_MISMATCH
LN102778,2025-08,BALANCE_MISMATCH
LN100827,2025-06,STATUS_INCONSISTENT
LN106792,2025-02,STALE_UPDATE
LN104009,2025-12,DOC_GAP
LN105436,2025-09,BALANCE_MISMATCH
LN101883,2025-07,STATUS_INCONSISTENT
LN100070,2024-10,STALE_UPDATE
LN106208,2024-07,STALE_UPDATE
LN102832,2022-09,STALE_UPDATE
LN104878,2024-10,BALANCE_MISMATCH
LN107493,2022-07,STATUS_INCONSISTENT
LN104070,2024-08,STATUS_INCONSISTENT
LN106846,2023-03,DATE_INVALID
LN101451,2022-12,DOC_GAP
LN108100,2023-09,DUPLICATE_RECORD
LN107924,2024-12,BALANCE_MISMATCH
LN102886,2025-07,STALE_UPDATE
LN107228,2025-02,STALE_UPDATE
LN107820,2022-08,DOC_GAP
LN105392,2024-05,STATUS_INCONSISTENT
LN105385,2024-08,DUPLICATE_RECORD
LN102552,2023-06,STATUS_INCONSISTENT
LN102276,2025-03,STATUS_INCONSISTENT
LN106636,2023-12,STALE_UPDATE
LN106736,2024-02,STALE_UPDATE
LN103395,2024-12,DOC_GAP
LN105481,2025-10,STALE_UPDATE
LN103391,2024-01,BALANCE_MISMATCH
LN101988,2022-11,DATE_INVALID
LN104127,2025-10,DUPLICATE_RECORD
LN101442,2025-11,DUPLICATE_RECORD
LN102196,2025-03,DUPLICATE_RECORD
LN100813,2024-12,STATUS_INCONSISTENT
LN100678,2024-08,STATUS_INCONSISTENT
LN102635,2025-04,DATE_INVALID
LN100454,2024-11,STALE_UPDATE
LN107433,2024-07,STATUS_INCONSISTENT
LN102089,2025-08,DOC_GAP
LN101654,2022-12,BALANCE_MISMATCH
LN103188,2021-11,STATUS_INCONSISTENT
LN103968,2024-01,STALE_UPDATE
LN108553,2023-11,BALANCE_MISMATCH
LN100225,2024-01,DOC_GAP
LN108508,2022-03,STATUS_INCONSISTENT
LN102586,2025-06,STATUS_INCONSISTENT
LN103603,2025-08,STALE_UPDATE
LN106188,2023-10,DATE_INVALID
LN101436,2024-11,DUPLICATE_RECORD
LN100051,2024-10,STALE_UPDATE
LN102369,2023-11,BALANCE_MISMATCH
LN108806,2025-08,BALANCE_MISMATCH
LN101205,2025-02,DOC_GAP
LN107436,2025-03,DATE_INVALID
LN100909,2025-05,STATUS_INCONSISTENT
LN104284,2025-02,BALANCE_MISMATCH
LN102555,2023-12,BALANCE_MISMATCH
LN107060,2024-08,DUPLICATE_RECORD
LN105689,2023-06,BALANCE_MISMATCH
LN108926,2024-03,BALANCE_MISMATCH
LN100837,2022-08,DUPLICATE_RECORD
LN105383,2025-09,BALANCE_MISMATCH
LN104139,2023-11,STALE_UPDATE
LN105931,2024-12,DATE_INVALID
LN103303,2023-12,DOC_GAP
LN108298,2024-06,DOC_GAP
LN105842,2025-02,BALANCE_MISMATCH
LN101330,2024-04,STATUS_INCONSISTENT
LN106428,2025-04,BALANCE_MISMATCH
LN105904,2023-08,BALANCE_MISMATCH
LN107652,2024-12,BALANCE_MISMATCH
LN108163,2025-08,DUPLICATE_RECORD
LN104349,2025-05,DUPLICATE_RECORD
LN106686,2025-01,DUPLICATE_RECORD
LN106222,2024-11,STATUS_INCONSISTENT
LN103258,2024-04,DOC_GAP
LN100467,2025-11,DUPLICATE_RECORD
LN104246,2025-11,BALANCE_MISMATCH
LN106374,2024-10,STATUS_INCONSISTENT
LN107199,2023-01,BALANCE_MISMATCH
LN107336,2025-04,STATUS_INCONSISTENT
LN104516,2024-08,BALANCE_MISMATCH
LN104392,2021-08,STALE_UPDATE
LN105985,2025-04,STALE_UPDATE
LN102491,2024-01,BALANCE_MISMATCH
LN106270,2023-09,DATE_INVALID
LN108772,2025-01,DUPLICATE_RECORD
LN105839,2024-09,BALANCE_MISMATCH
LN103508,2024-07,BALANCE_MISMATCH
LN103313,2022-08,STALE_UPDATE
LN108055,2024-03,BALANCE_MISMATCH
LN105838,2023-02,BALANCE_MISMATCH
LN102607,2023-04,STATUS_INCONSISTENT
LN105816,2024-11,DOC_GAP
LN102466,2022-12,STATUS_INCONSISTENT
LN103872,2025-05,STATUS_INCONSISTENT
LN108652,2024-06,STALE_UPDATE
LN102776,2023-09,STALE_UPDATE
LN104166,2024-05,STATUS_INCONSISTENT
LN104539,2025-03,DATE_INVALID
LN104789,2025-05,STATUS_INCONSISTENT
LN103879,2023-03,BALANCE_MISMATCH
LN102685,2024-11,STATUS_INCONSISTENT
LN105789,2025-03,DOC_GAP
LN101342,2022-02,STALE_UPDATE
LN105335,2022-04,STATUS_INCONSISTENT
LN107292,2024-07,BALANCE_MISMATCH
LN101729,2023-06,STALE_UPDATE
LN104270,2024-12,STATUS_INCONSISTENT
LN107140,2022-03,BALANCE_MISMATCH
LN108038,2024-12,STALE_UPDATE
LN103802,2024-10,DUPLICATE_RECORD
LN105516,2023-11,DATE_INVALID
LN104505,2022-12,STATUS_INCONSISTENT
LN105054,2022-03,DATE_INVALID
LN102954,2024-06,STATUS_INCONSISTENT
LN101864,2025-03,STATUS_INCONSISTENT
LN108578,2025-03,BALANCE_MISMATCH
LN107214,2022-07,BALANCE_MISMATCH
LN101449,2024-08,STALE_UPDATE
LN103724,2023-02,STALE_UPDATE
LN106453,2025-10,DUPLICATE_RECORD
LN100083,2024-07,DOC_GAP
LN101193,2024-08,BALANCE_MISMATCH
LN108757,2024-10,DATE_INVALID
LN105268,2024-02,BALANCE_MISMATCH
LN105807,2025-10,STALE_UPDATE
LN101739,2023-02,DATE_INVALID
LN106562,2024-04,BALANCE_MISMATCH
LN101314,2024-11,BALANCE_MISMATCH
LN107410,2022-04,DUPLICATE_RECORD
LN100713,2024-04,BALANCE_MISMATCH
LN105944,2025-09,DOC_GAP
LN107118,2025-02,DOC_GAP
LN100133,2024-06,STATUS_INCONSISTENT
LN105743,2023-11,DATE_INVALID
LN106441,2024-05,STALE_UPDATE
LN102290,2025-08,STATUS_INCONSISTENT
LN104797,2023-12,DUPLICATE_RECORD
LN103382,2025-08,DATE_INVALID
LN102791,2024-07,DATE_INVALID
LN102802,2025-05,BALANCE_MISMATCH
LN100847,2022-04,STALE_UPDATE
LN101224,2023-09,STALE_UPDATE
LN108027,2023-10,BALANCE_MISMATCH
LN107449,2025-06,DATE_INVALID
LN103910,2025-01,STALE_UPDATE
LN100723,2022-03,STALE_UPDATE
LN107573,2025-12,DATE_INVALID
LN106644,2025-10,BALANCE_MISMATCH
LN105953,2024-02,DATE_INVALID
LN100442,2023-10,STATUS_INCONSISTENT
LN102138,2025-07,DATE_INVALID
LN100468,2024-03,BALANCE_MISMATCH
LN100063,2025-11,STALE_UPDATE
LN103650,2025-01,DATE_INVALID
LN107261,2025-08,BALANCE_MISMATCH
LN100349,2024-12,STATUS_INCONSISTENT
LN101484,2025-02,STALE_UPDATE
LN100777,2023-11,STALE_UPDATE
LN103263,2024-09,DUPLICATE_RECORD
LN104073,2025-05,STATUS_INCONSISTENT
LN104704,2024-05,STATUS_INCONSISTENT
LN102946,2025-06,DOC_GAP
LN106111,2025-08,STATUS_INCONSISTENT
LN102508,2024-08,BALANCE_MISMATCH
LN100888,2025-09,STATUS_INCONSISTENT
LN101419,2025-04,STALE_UPDATE
LN103467,2023-04,STALE_UPDATE
LN108899,2024-03,STALE_UPDATE
LN103888,2025-11,DOC_GAP
LN104744,2025-04,DATE_INVALID
LN107608,2023-05,BALANCE_MISMATCH
LN106227,2024-09,BALANCE_MISMATCH
LN105704,2024-10,DUPLICATE_RECORD
LN105263,2025-08,STATUS_INCONSISTENT
LN106056,2025-01,STATUS_INCONSISTENT
LN107880,2025-11,STATUS_INCONSISTENT
LN101805,2024-05,BALANCE_MISMATCH
LN102508,2024-07,STALE_UPDATE
LN101427,2025-12,STATUS_INCONSISTENT
LN100555,2024-05,BALANCE_MISMATCH
LN104913,2024-07,DUPLICATE_RECORD
LN106925,2025-01,DOC_GAP
LN100984,2025-10,STATUS_INCONSISTENT
LN108061,2024-12,DATE_INVALID
LN106278,2024-10,STATUS_INCONSISTENT
LN101148,2024-12,BALANCE_MISMATCH
LN103679,2025-06,DUPLICATE_RECORD
LN102219,2025-09,DATE_INVALID
LN108200,2024-08,BALANCE_MISMATCH
LN101954,2025-04,BALANCE_MISMATCH
LN102387,2025-12,DATE_INVALID
LN104954,2024-03,DUPLICATE_RECORD
LN105624,2022-08,STALE_UPDATE
LN107657,2025-09,STALE_UPDATE
LN103556,2024-01,STATUS_INCONSISTENT
LN103546,2024-01,DOC_GAP
LN106508,2025-01,DATE_INVALID
LN102067,2024-09,BALANCE_MISMATCH
LN106711,2023-04,BALANCE_MISMATCH
LN108502,2024-02,STATUS_INCONSISTENT
LN104696,2021-12,DOC_GAP
LN107046,2023-11,DOC_GAP
LN106413,2023-11,DUPLICATE_RECORD
LN105208,2023-07,STATUS_INCONSISTENT
LN101158,2024-05,STATUS_INCONSISTENT
LN104930,2025-08,STATUS_INCONSISTENT
LN101436,2024-03,BALANCE_MISMATCH
LN100638,2025-05,BALANCE_MISMATCH
LN105708,2024-12,BALANCE_MISMATCH
LN101250,2025-08,BALANCE_MISMATCH
LN103579,2024-09,DOC_GAP
LN107582,2023-11,DUPLICATE_RECORD
LN100864,2024-07,STALE_UPDATE
LN105365,2025-11,DOC_GAP
LN102252,2022-10,DUPLICATE_RECORD
LN106260,2025-04,BALANCE_MISMATCH
LN107751,2023-03,BALANCE_MISMATCH
LN102752,2024-02,STALE_UPDATE
LN102601,2024-04,DATE_INVALID
LN104754,2024-05,STATUS_INCONSISTENT
LN101719,2024-08,BALANCE_MISMATCH
LN105928,2024-03,DOC_GAP
LN104616,2024-06,DATE_INVALID
LN100171,2024-08,DATE_INVALID
LN101941,2024-09,STATUS_INCONSISTENT
LN103355,2024-03,BALANCE_MISMATCH
LN107455,2024-11,STALE_UPDATE
LN104034,2024-07,STATUS_INCONSISTENT
LN100119,2025-07,BALANCE_MISMATCH
LN100062,2023-05,STATUS_INCONSISTENT
LN101250,2024-01,BALANCE_MISMATCH
LN105864,2025-04,DUPLICATE_RECORD
LN100240,2024-05,BALANCE_MISMATCH
LN105952,2023-12,STATUS_INCONSISTENT
LN101192,2023-04,BALANCE_MISMATCH
LN104865,2023-07,STALE_UPDATE
LN100663,2023-11,STATUS_INCONSISTENT
LN107249,2024-11,BALANCE_MISMATCH
LN107953,2024-12,DATE_INVALID
LN105775,2025-11,STALE_UPDATE
LN106559,2023-01,DOC_GAP
LN104956,2025-05,BALANCE_MISMATCH
LN102107,2025-09,DATE_INVALID
LN105339,2023-07,DOC_GAP
LN108935,2023-10,BALANCE_MISMATCH
LN105116,2023-06,DATE_INVALID
LN107028,2023-05,STALE_UPDATE
LN102930,2025-03,DATE_INVALID
LN103862,2022-09,DOC_GAP
LN102514,2025-05,DATE_INVALID
LN104410,2023-10,STALE_UPDATE
LN100313,2025-07,STALE_UPDATE
LN102829,2025-04,BALANCE_MISMATCH
LN103536,2022-09,STATUS_INCONSISTENT
LN102514,2024-11,DATE_INVALID
LN103453,2024-09,BALANCE_MISMATCH
LN108480,2024-12,DATE_INVALID
LN102639,2025-12,STALE_UPDATE
LN104441,2025-01,BALANCE_MISMATCH
LN108247,2024-11,STATUS_INCONSISTENT
LN108693,2025-04,BALANCE_MISMATCH
LN105999,2024-05,STATUS_INCONSISTENT
LN105215,2024-11,DUPLICATE_RECORD
LN106646,2023-11,DOC_GAP
LN104256,2022-09,DATE_INVALID
LN106685,2022-06,DOC_GAP
LN106666,2021-12,BALANCE_MISMATCH
LN104993,2025-08,STALE_UPDATE
LN101429,2024-05,BALANCE_MISMATCH
LN100548,2023-09,STATUS_INCONSISTENT
LN103121,2025-10,BALANCE_MISMATCH
LN102698,2022-06,DATE_INVALID
LN103154,2021-10,DATE_INVALID
LN106660,2023-03,STATUS_INCONSISTENT
LN100196,2024-01,STATUS_INCONSISTENT
LN103547,2025-05,DOC_GAP
LN103194,2024-06,DOC_GAP
LN102490,2024-07,BALANCE_MISMATCH
LN100193,2024-01,BALANCE_MISMATCH
LN107695,2025-07,BALANCE_MISMATCH
LN107363,2025-06,DUPLICATE_RECORD
LN100465,2025-01,BALANCE_MISMATCH
LN105627,2021-12,DATE_INVALID
LN106503,2024-12,DATE_INVALID
LN103606,2024-10,DATE_INVALID
LN101266,2025-11,STALE_UPDATE
LN107211,2022-03,STATUS_INCONSISTENT
LN103137,2023-05,BALANCE_MISMATCH
LN101477,2024-12,DATE_INVALID
LN100211,2024-07,STALE_UPDATE
LN107954,2023-12,STATUS_INCONSISTENT
LN107867,2023-11,DUPLICATE_RECORD
LN108368,2023-10,STATUS_INCONSISTENT
LN104459,2025-04,STALE_UPDATE
LN108717,2024-10,STALE_UPDATE
LN107580,2023-06,STATUS_INCONSISTENT
LN102925,2023-11,STALE_UPDATE
LN101073,2024-08,BALANCE_MISMATCH
LN106514,2025-05,STATUS_INCONSISTENT
LN103663,2025-06,DUPLICATE_RECORD
LN106746,2025-12,BALANCE_MISMATCH
LN108898,2025-05,DOC_GAP
LN101292,2023-10,DATE_INVALID
LN106970,2024-10,BALANCE_MISMATCH
LN107174,2023-12,STALE_UPDATE
LN103874,2024-10,STALE_UPDATE
LN101032,2025-06,STATUS_INCONSISTENT
LN103520,2025-10,DOC_GAP
LN106577,2022-01,DATE_INVALID
LN103995,2024-05,BALANCE_MISMATCH
LN104457,2024-11,STALE_UPDATE
LN108195,2024-04,BALANCE_MISMATCH
LN102249,2023-03,BALANCE_MISMATCH
LN108791,2025-12,STATUS_INCONSISTENT
LN104737,2025-03,STATUS_INCONSISTENT
LN108790,2023-09,DOC_GAP
LN102665,2025-04,DUPLICATE_RECORD
LN101941,2024-12,DOC_GAP
LN107749,2025-05,BALANCE_MISMATCH
LN102514,2024-08,STATUS_INCONSISTENT
LN108147,2024-08,BALANCE_MISMATCH
LN103264,2025-06,DUPLICATE_RECORD
LN106268,2024-11,DATE_INVALID
LN105058,2024-09,DUPLICATE_RECORD
LN100274,2023-05,DATE_INVALID
LN106613,2022-09,BALANCE_MISMATCH
LN108474,2024-08,STATUS_INCONSISTENT
LN108747,2024-11,BALANCE_MISMATCH
LN100073,2025-07,STALE_UPDATE
LN104383,2025-11,STALE_UPDATE
LN106874,2024-03,STATUS_INCONSISTENT
LN107139,2025-03,BALANCE_MISMATCH
LN106969,2024-08,STALE_UPDATE
LN101810,2024-02,BALANCE_MISMATCH
LN106122,2024-08,DUPLICATE_RECORD
LN108701,2023-11,BALANCE_MISMATCH
LN103721,2025-12,DOC_GAP
LN106421,2022-12,DOC_GAP
LN100532,2023-05,STATUS_INCONSISTENT
LN104752,2024-10,STALE_UPDATE
LN102033,2025-05,STATUS_INCONSISTENT
LN104255,2023-05,DOC_GAP
LN104814,2024-03,STATUS_INCONSISTENT
LN103876,2023-12,DATE_INVALID
LN108027,2022-10,DOC_GAP
LN102036,2025-11,STATUS_INCONSISTENT
LN101511,2025-08,STALE_UPDATE
LN103706,2025-07,STALE_UPDATE
LN105140,2023-02,STATUS_INCONSISTENT
LN103433,2025-05,DATE_INVALID
LN100933,2024-04,STATUS_INCONSISTENT
LN105218,2024-01,STATUS_INCONSISTENT
LN105031,2024-06,STALE_UPDATE
LN100210,2023-06,DOC_GAP
LN104628,2025-02,STALE_UPDATE
LN105584,2025-08,STALE_UPDATE
LN104008,2023-04,DUPLICATE_RECORD
LN102110,2025-03,BALANCE_MISMATCH
LN101188,2024-08,BALANCE_MISMATCH
LN101297,2025-03,DATE_INVALID
LN106528,2024-09,STALE_UPDATE
LN104754,2023-12,DUPLICATE_RECORD
LN107610,2023-08,DOC_GAP
LN105755,2023-04,STATUS_INCONSISTENT
LN101440,2025-09,BALANCE_MISMATCH
LN107041,2024-01,STALE_UPDATE
LN100272,2025-11,STATUS_INCONSISTENT
LN106658,2024-11,DATE_INVALID
LN100170,2025-05,BALANCE_MISMATCH
LN101065,2025-10,BALANCE_MISMATCH
LN105494,2024-03,DATE_INVALID
LN104039,2025-07,STATUS_INCONSISTENT
LN106532,2024-04,DOC_GAP
LN107657,2025-08,STALE_UPDATE
LN101739,2024-06,DOC_GAP
LN107872,2025-03,DATE_INVALID
LN102155,2025-10,STATUS_INCONSISTENT
LN105375,2024-09,STATUS_INCONSISTENT
LN106817,2023-10,BALANCE_MISMATCH
LN100158,2024-06,STALE_UPDATE
LN101991,2025-11,DOC_GAP
LN100249,2021-12,DOC_GAP
LN104581,2025-07,STATUS_INCONSISTENT
LN104322,2024-06,BALANCE_MISMATCH
LN101403,2024-04,STALE_UPDATE
LN100548,2025-11,DATE_INVALID
LN107945,2024-02,BALANCE_MISMATCH
LN104114,2025-05,BALANCE_MISMATCH
LN102644,2025-11,BALANCE_MISMATCH
LN104792,2025-11,STALE_UPDATE
LN104119,2022-12,STATUS_INCONSISTENT
LN104548,2025-09,BALANCE_MISMATCH
LN107744,2022-05,STATUS_INCONSISTENT
LN104256,2024-04,DOC_GAP
LN103905,2025-07,DOC_GAP
LN102586,2025-01,STALE_UPDATE
LN103037,2023-09,BALANCE_MISMATCH
LN102030,2025-05,STATUS_INCONSISTENT
LN104034,2023-02,DOC_GAP
LN100681,2023-02,DOC_GAP
LN102605,2025-08,STATUS_INCONSISTENT
LN107161,2025-11,STATUS_INCONSISTENT
LN102137,2023-02,STALE_UPDATE
LN105892,2025-04,STALE_UPDATE
LN102020,2025-10,BALANCE_MISMATCH
LN103565,2024-04,BALANCE_MISMATCH
LN103151,2024-11,DUPLICATE_RECORD
LN103636,2025-08,DUPLICATE_RECORD
LN106587,2025-09,DUPLICATE_RECORD
LN108180,2024-12,BALANCE_MISMATCH
LN106563,2024-10,STALE_UPDATE
LN100991,2025-04,BALANCE_MISMATCH
LN101419,2025-10,DOC_GAP
LN101830,2022-10,DATE_INVALID
LN103362,2022-03,BALANCE_MISMATCH
LN106678,2025-01,DOC_GAP
LN107267,2024-06,DUPLICATE_RECORD
LN100351,2023-04,STATUS_INCONSISTENT
LN102851,2023-03,DATE_INVALID
LN106663,2025-03,STATUS_INCONSISTENT
LN103618,2024-10,DUPLICATE_RECORD
LN100053,2023-04,STALE_UPDATE
LN102456,2025-09,STALE_UPDATE
LN106671,2025-02,STATUS_INCONSISTENT
LN102236,2023-10,STATUS_INCONSISTENT
LN104237,2022-08,STATUS_INCONSISTENT
LN105115,2025-01,DOC_GAP
LN103821,2024-03,STALE_UPDATE
LN106602,2024-11,STATUS_INCONSISTENT
LN104643,2023-03,DUPLICATE_RECORD
LN106365,2023-06,DATE_INVALID
LN106312,2021-11,STATUS_INCONSISTENT
LN106108,2023-11,DOC_GAP
LN103314,2025-10,DUPLICATE_RECORD
LN102365,2023-06,STATUS_INCONSISTENT
LN101208,2025-11,STALE_UPDATE
LN108230,2023-05,STATUS_INCONSISTENT
LN104176,2023-01,DOC_GAP
LN100660,2024-02,DATE_INVALID
LN108969,2025-08,DATE_INVALID
LN104556,2022-02,STATUS_INCONSISTENT
LN104310,2025-09,STATUS_INCONSISTENT
LN107574,2024-12,BALANCE_MISMATCH
LN108676,2025-06,BALANCE_MISMATCH
LN108567,2024-10,STATUS_INCONSISTENT
LN107065,2025-08,BALANCE_MISMATCH
LN108357,2024-01,STATUS_INCONSISTENT
LN105859,2023-12,BALANCE_MISMATCH
LN107918,2022-09,STALE_UPDATE
LN104074,2022-09,DUPLICATE_RECORD
LN101175,2025-09,STALE_UPDATE
LN102623,2024-10,BALANCE_MISMATCH
LN103377,2025-08,STATUS_INCONSISTENT
LN105745,2021-08,DATE_INVALID
LN104874,2023-11,BALANCE_MISMATCH
LN106039,2024-06,DATE_INVALID
LN105863,2023-03,STATUS_INCONSISTENT
LN101899,2025-08,DATE_INVALID
LN104256,2025-10,BALANCE_MISMATCH
LN105895,2024-07,BALANCE_MISMATCH
LN100265,2025-10,DATE_INVALID
LN104652,2022-08,DUPLICATE_RECORD
LN105179,2024-09,BALANCE_MISMATCH
LN107384,2024-02,BALANCE_MISMATCH
LN106760,2023-06,DUPLICATE_RECORD
LN104656,2022-09,STATUS_INCONSISTENT
LN104915,2025-02,DOC_GAP
LN102546,2024-07,DATE_INVALID
LN100561,2023-08,STATUS_INCONSISTENT
LN106657,2023-09,BALANCE_MISMATCH
LN107267,2024-08,DUPLICATE_RECORD
LN106144,2021-09,STALE_UPDATE
LN102506,2024-08,BALANCE_MISMATCH
LN101663,2025-01,DOC_GAP
LN105554,2024-09,DUPLICATE_RECORD
LN108943,2023-04,BALANCE_MISMATCH
LN107524,2024-03,STATUS_INCONSISTENT
LN104522,2023-06,STALE_UPDATE
LN104099,2024-10,STALE_UPDATE
LN108870,2024-03,BALANCE_MISMATCH
LN102193,2022-12,BALANCE_MISMATCH
LN101475,2025-09,BALANCE_MISMATCH
LN100546,2023-04,DOC_GAP
LN105167,2023-04,DOC_GAP
LN101606,2024-11,DUPLICATE_RECORD
LN105967,2024-11,STATUS_INCONSISTENT
LN107728,2022-07,BALANCE_MISMATCH
LN106371,2021-12,STATUS_INCONSISTENT
LN103764,2024-06,STATUS_INCONSISTENT
LN108573,2025-08,STALE_UPDATE
LN104975,2025-06,DATE_INVALID
LN103638,2022-12,DOC_GAP
LN107309,2023-09,DOC_GAP
LN105372,2025-09,DUPLICATE_RECORD
LN107552,2024-04,BALANCE_MISMATCH
LN107099,2025-06,DOC_GAP
LN101500,2025-02,DUPLICATE_RECORD
LN104460,2022-08,STALE_UPDATE
LN105150,2022-01,STALE_UPDATE
LN107303,2025-07,STATUS_INCONSISTENT
LN101098,2023-11,STATUS_INCONSISTENT
LN107608,2024-02,BALANCE_MISMATCH
LN101745,2025-03,STALE_UPDATE
LN108606,2024-06,STATUS_INCONSISTENT
LN101616,2025-01,STATUS_INCONSISTENT
LN108858,2022-10,STALE_UPDATE
LN108734,2024-05,DATE_INVALID
LN104269,2023-07,DOC_GAP
LN108052,2025-07,DUPLICATE_RECORD
LN101479,2025-01,DOC_GAP
LN105181,2024-09,STALE_UPDATE
LN100138,2024-08,STALE_UPDATE
LN101626,2024-02,STALE_UPDATE
LN104742,2025-04,STATUS_INCONSISTENT
LN102582,2024-07,BALANCE_MISMATCH
LN104645,2025-05,BALANCE_MISMATCH
LN100660,2023-04,STALE_UPDATE
LN105259,2024-10,DOC_GAP
LN106451,2025-05,BALANCE_MISMATCH
LN105158,2025-05,DOC_GAP
LN106347,2025-08,STALE_UPDATE
LN104499,2024-02,DATE_INVALID
LN100078,2024-06,BALANCE_MISMATCH
LN100638,2024-11,STATUS_INCONSISTENT
LN108317,2023-10,STALE_UPDATE
LN100899,2023-08,DOC_GAP
LN108674,2025-10,STATUS_INCONSISTENT
LN101030,2023-04,DOC_GAP
LN107208,2025-03,STALE_UPDATE
LN102957,2024-10,BALANCE_MISMATCH
LN107233,2023-05,STALE_UPDATE
LN105130,2024-06,STALE_UPDATE
LN107974,2025-06,STALE_UPDATE
LN100151,2022-07,STATUS_INCONSISTENT
LN106757,2025-06,STATUS_INCONSISTENT
LN108229,2025-02,STATUS_INCONSISTENT
LN104697,2023-08,BALANCE_MISMATCH
LN104692,2025-12,STATUS_INCONSISTENT
LN101441,2023-06,STATUS_INCONSISTENT
LN108149,2025-07,STATUS_INCONSISTENT
LN101681,2024-11,STATUS_INCONSISTENT
LN105210,2024-05,BALANCE_MISMATCH
LN101973,2024-10,DATE_INVALID
LN100968,2024-10,DATE_INVALID
LN102853,2022-05,STALE_UPDATE
LN108377,2022-03,BALANCE_MISMATCH
LN105543,2025-04,STALE_UPDATE
LN100755,2023-08,STATUS_INCONSISTENT
LN101479,2025-12,DATE_INVALID
LN100660,2025-06,DUPLICATE_RECORD
LN105002,2025-08,BALANCE_MISMATCH
LN106444,2023-07,DATE_INVALID
LN108151,2025-02,STALE_UPDATE
LN106271,2025-01,DOC_GAP
LN105526,2023-08,BALANCE_MISMATCH
LN105326,2024-07,DATE_INVALID
LN102109,2022-12,DATE_INVALID
LN103835,2025-02,DOC_GAP
LN108820,2023-11,STATUS_INCONSISTENT
LN104191,2024-12,BALANCE_MISMATCH
LN102001,2023-02,STATUS_INCONSISTENT
LN107134,2023-08,BALANCE_MISMATCH
LN108445,2023-01,DATE_INVALID
LN100759,2024-12,STATUS_INCONSISTENT
LN106602,2025-02,DOC_GAP
LN101248,2024-11,DATE_INVALID
LN104448,2024-05,STALE_UPDATE
LN101174,2023-06,DUPLICATE_RECORD
LN106396,2023-12,STALE_UPDATE
LN105707,2024-07,BALANCE_MISMATCH
LN106977,2022-03,STATUS_INCONSISTENT
LN102032,2023-04,DUPLICATE_RECORD
LN108188,2023-08,DUPLICATE_RECORD
LN105385,2024-10,BALANCE_MISMATCH
LN101888,2024-07,STALE_UPDATE
LN100806,2025-03,STALE_UPDATE
LN108965,2025-02,STALE_UPDATE
LN108923,2023-02,STALE_UPDATE
LN102314,2025-02,DATE_INVALID
LN107602,2024-07,STATUS_INCONSISTENT
LN101895,2024-12,STALE_UPDATE
LN107259,2023-12,DATE_INVALID
LN100666,2025-09,STATUS_INCONSISTENT
LN106521,2024-08,BALANCE_MISMATCH
LN102823,2025-11,BALANCE_MISMATCH
LN107098,2024-12,BALANCE_MISMATCH
LN107820,2023-07,STATUS_INCONSISTENT
LN107188,2025-07,DATE_INVALID
LN106789,2024-04,DATE_INVALID
LN106944,2025-01,DUPLICATE_RECORD
LN100947,2022-09,BALANCE_MISMATCH
LN107394,2023-08,BALANCE_MISMATCH
LN108419,2023-06,STATUS_INCONSISTENT
LN104020,2022-12,STATUS_INCONSISTENT
LN108997,2025-07,BALANCE_MISMATCH
LN104921,2025-02,DOC_GAP
LN105023,2024-05,DOC_GAP
LN102844,2023-04,BALANCE_MISMATCH
LN108929,2022-11,DUPLICATE_RECORD
LN101336,2024-07,STATUS_INCONSISTENT
LN105468,2025-05,DOC_GAP
LN104349,2024-07,DUPLICATE_RECORD
LN106182,2022-12,STALE_UPDATE
LN107172,2025-06,STALE_UPDATE
LN101394,2022-11,DATE_INVALID
LN106292,2024-11,DATE_INVALID
LN103114,2022-12,DOC_GAP
LN106123,2024-10,BALANCE_MISMATCH
LN107432,2023-07,STATUS_INCONSISTENT
LN101224,2024-08,STATUS_INCONSISTENT
LN106693,2025-01,DOC_GAP
LN108100,2024-11,STALE_UPDATE
LN103831,2022-08,STALE_UPDATE
LN107399,2024-11,BALANCE_MISMATCH
LN106531,2023-10,BALANCE_MISMATCH
LN102343,2024-10,BALANCE_MISMATCH
LN105342,2024-09,BALANCE_MISMATCH
LN106905,2021-10,BALANCE_MISMATCH
LN107710,2024-07,BALANCE_MISMATCH
LN102099,2024-07,DOC_GAP
LN105894,2025-12,BALANCE_MISMATCH
LN108152,2025-03,DOC_GAP
LN107579,2025-07,STATUS_INCONSISTENT
LN105565,2024-07,BALANCE_MISMATCH
LN107935,2022-01,BALANCE_MISMATCH
LN100687,2024-06,DOC_GAP
LN105767,2024-11,STALE_UPDATE
LN104158,2023-10,STATUS_INCONSISTENT
LN103356,2025-09,STATUS_INCONSISTENT
LN101071,2025-12,BALANCE_MISMATCH
LN100504,2025-08,STALE_UPDATE
LN100235,2024-04,DUPLICATE_RECORD
LN106317,2025-07,BALANCE_MISMATCH
LN104223,2023-11,STATUS_INCONSISTENT
LN108072,2024-06,DOC_GAP
LN108797,2023-01,STALE_UPDATE
LN107221,2024-11,DOC_GAP
LN108135,2025-01,STALE_UPDATE
LN101838,2024-08,STATUS_INCONSISTENT
LN100051,2025-02,DOC_GAP
LN100477,2023-07,STALE_UPDATE
LN107103,2025-07,DUPLICATE_RECORD
LN106631,2021-09,STALE_UPDATE
LN103804,2023-10,BALANCE_MISMATCH
LN100951,2022-10,STALE_UPDATE
LN106909,2024-12,STALE_UPDATE
LN101897,2024-07,DOC_GAP
LN101267,2022-12,STATUS_INCONSISTENT
LN100247,2025-08,STATUS_INCONSISTENT
LN104210,2023-07,STATUS_INCONSISTENT
LN106247,2025-11,BALANCE_MISMATCH
LN102109,2023-08,STALE_UPDATE
LN102803,2023-01,DOC_GAP
LN104791,2025-05,BALANCE_MISMATCH
LN100342,2024-02,STALE_UPDATE
LN103718,2024-05,BALANCE_MISMATCH
LN108498,2025-03,STATUS_INCONSISTENT
LN106713,2024-07,DATE_INVALID
LN108778,2022-11,DUPLICATE_RECORD
LN106299,2022-05,STALE_UPDATE
LN101502,2025-12,BALANCE_MISMATCH
LN108379,2024-02,STALE_UPDATE
LN100151,2025-08,DUPLICATE_RECORD
LN101371,2025-07,DOC_GAP
LN101153,2025-12,STALE_UPDATE
LN103347,2024-03,DOC_GAP
LN103152,2024-07,BALANCE_MISMATCH
LN107146,2025-12,DOC_GAP
LN106298,2024-03,STATUS_INCONSISTENT
LN102442,2022-04,STALE_UPDATE
LN108540,2025-05,BALANCE_MISMATCH
LN108239,2024-04,STALE_UPDATE
LN106862,2025-10,DATE_INVALID
LN107430,2025-10,STALE_UPDATE
LN102075,2024-01,BALANCE_MISMATCH
LN100402,2023-04,BALANCE_MISMATCH
LN104293,2025-11,BALANCE_MISMATCH
LN104117,2022-02,STALE_UPDATE
LN102369,2024-06,DUPLICATE_RECORD
LN102930,2023-08,BALANCE_MISMATCH
LN100615,2025-12,BALANCE_MISMATCH
LN105351,2023-04,STATUS_INCONSISTENT
LN105823,2024-09,STALE_UPDATE
LN102498,2021-09,STATUS_INCONSISTENT
LN108445,2025-08,DUPLICATE_RECORD
LN103162,2024-03,STATUS_INCONSISTENT
LN108604,2024-07,STATUS_INCONSISTENT
LN107583,2023-04,STALE_UPDATE
LN105383,2025-11,STALE_UPDATE
LN107426,2023-09,STATUS_INCONSISTENT
LN108759,2025-01,STALE_UPDATE
LN103779,2025-08,STATUS_INCONSISTENT
LN104872,2025-09,STALE_UPDATE
LN106298,2025-05,BALANCE_MISMATCH
LN103158,2023-11,STATUS_INCONSISTENT
LN106796,2024-06,STALE_UPDATE
LN101317,2023-09,BALANCE_MISMATCH
LN108583,2025-02,BALANCE_MISMATCH
LN101279,2024-07,STALE_UPDATE
LN104729,2024-09,STATUS_INCONSISTENT
LN105322,2025-09,STALE_UPDATE
LN105707,2023-09,BALANCE_MISMATCH
LN108172,2025-04,STALE_UPDATE
LN106512,2022-12,BALANCE_MISMATCH
LN103613,2023-03,DOC_GAP
LN108117,2022-11,BALANCE_MISMATCH
LN106948,2024-03,DUPLICATE_RECORD
LN102026,2024-01,BALANCE_MISMATCH
LN104449,2025-03,DATE_INVALID
LN108830,2025-09,STATUS_INCONSISTENT
LN107792,2024-03,STALE_UPDATE
LN100615,2025-07,STATUS_INCONSISTENT
LN102504,2023-05,STALE_UPDATE
LN106331,2025-10,DOC_GAP
LN104742,2024-10,DOC_GAP
LN102982,2025-07,DOC_GAP
LN106255,2024-09,BALANCE_MISMATCH
LN106779,2024-05,BALANCE_MISMATCH
LN101487,2025-07,DUPLICATE_RECORD
LN103610,2023-08,BALANCE_MISMATCH
LN108707,2022-03,STALE_UPDATE
LN103422,2025-05,DUPLICATE_RECORD
LN107935,2022-11,DOC_GAP
LN100395,2025-10,BALANCE_MISMATCH
LN101284,2024-06,STALE_UPDATE
LN101743,2022-11,STATUS_INCONSISTENT
LN101413,2025-09,DATE_INVALID
LN102298,2022-06,STALE_UPDATE
LN101675,2025-09,DATE_INVALID
LN104083,2024-12,BALANCE_MISMATCH
LN104396,2025-07,DATE_INVALID
LN101650,2024-08,DATE_INVALID
LN106867,2022-11,STATUS_INCONSISTENT
LN107940,2025-08,DATE_INVALID
LN101919,2023-05,STATUS_INCONSISTENT
LN103074,2024-04,DOC_GAP
LN100059,2025-08,DOC_GAP
LN102332,2024-10,BALANCE_MISMATCH
LN100562,2025-02,DOC_GAP
LN102711,2023-03,DOC_GAP
LN108925,2023-11,BALANCE_MISMATCH
LN101977,2023-11,DATE_INVALID
LN106620,2023-10,BALANCE_MISMATCH
LN101262,2024-07,DUPLICATE_RECORD
LN105653,2025-10,STATUS_INCONSISTENT
LN105828,2021-12,BALANCE_MISMATCH
LN100961,2025-11,BALANCE_MISMATCH
LN100984,2025-05,DUPLICATE_RECORD
LN106395,2022-09,DATE_INVALID
LN105860,2025-08,DATE_INVALID
LN100986,2023-12,STALE_UPDATE
LN104605,2023-05,DATE_INVALID
LN104591,2023-11,BALANCE_MISMATCH
LN104826,2023-01,STATUS_INCONSISTENT
LN106574,2023-08,BALANCE_MISMATCH
LN100601,2025-06,STATUS_INCONSISTENT
LN101473,2022-06,DATE_INVALID
LN103807,2022-04,STATUS_INCONSISTENT
LN107463,2025-04,STALE_UPDATE
LN107939,2022-02,DATE_INVALID
LN104726,2022-11,DATE_INVALID
LN102848,2023-07,DATE_INVALID
LN104310,2024-08,STALE_UPDATE
LN106548,2025-12,STATUS_INCONSISTENT
LN104922,2025-09,STALE_UPDATE
LN106660,2021-11,BALANCE_MISMATCH
LN105187,2024-04,DATE_INVALID
LN108307,2025-11,BALANCE_MISMATCH
LN102518,2022-05,DUPLICATE_RECORD
LN107123,2023-10,DATE_INVALID
LN100663,2025-12,DUPLICATE_RECORD
LN103861,2025-11,STATUS_INCONSISTENT
LN103638,2024-03,STALE_UPDATE
LN104212,2024-02,DATE_INVALID
LN102528,2024-12,DOC_GAP
LN108682,2022-03,DUPLICATE_RECORD
LN101966,2022-10,DUPLICATE_RECORD
LN108772,2025-04,STALE_UPDATE
LN103452,2025-01,DOC_GAP
LN101517,2022-11,STATUS_INCONSISTENT
LN101920,2025-03,DUPLICATE_RECORD
LN101817,2023-11,STATUS_INCONSISTENT
LN104743,2022-08,BALANCE_MISMATCH
LN104725,2024-02,BALANCE_MISMATCH
LN106553,2025-03,DOC_GAP
LN108002,2024-04,DOC_GAP
LN103509,2023-12,BALANCE_MISMATCH
LN104517,2023-04,STATUS_INCONSISTENT
LN101475,2024-06,STATUS_INCONSISTENT
LN103426,2025-08,STALE_UPDATE
LN105528,2023-07,DOC_GAP
LN104490,2022-02,STALE_UPDATE
LN106879,2024-01,BALANCE_MISMATCH
LN103072,2025-06,DUPLICATE_RECORD
LN106432,2025-02,BALANCE_MISMATCH
LN106893,2024-09,STATUS_INCONSISTENT
LN104582,2025-01,DATE_INVALID
LN101757,2024-03,STATUS_INCONSISTENT
LN100247,2024-04,STALE_UPDATE
LN103336,2024-04,STALE_UPDATE
LN101579,2023-08,DATE_INVALID
LN104475,2023-04,BALANCE_MISMATCH
LN104252,2025-03,DOC_GAP
LN106978,2024-10,STATUS_INCONSISTENT
LN108909,2024-04,BALANCE_MISMATCH
LN105939,2024-07,DUPLICATE_RECORD
LN104501,2024-05,BALANCE_MISMATCH
LN105719,2025-04,DATE_INVALID
LN101965,2025-03,STALE_UPDATE
LN102986,2024-07,BALANCE_MISMATCH
LN100712,2025-08,STATUS_INCONSISTENT
LN100177,2022-11,DATE_INVALID
LN102390,2024-11,STATUS_INCONSISTENT
LN101965,2025-10,STALE_UPDATE
LN104808,2025-06,STALE_UPDATE
LN102590,2022-04,BALANCE_MISMATCH
LN107715,2024-01,DOC_GAP
LN100902,2025-02,STALE_UPDATE
LN104403,2024-12,BALANCE_MISMATCH
LN103281,2025-09,DOC_GAP
LN103078,2024-03,STATUS_INCONSISTENT
LN105174,2024-05,STALE_UPDATE
LN106084,2025-04,BALANCE_MISMATCH
LN106970,2025-08,BALANCE_MISMATCH
LN103330,2025-04,STALE_UPDATE
LN104749,2023-11,DOC_GAP
LN108831,2025-02,STATUS_INCONSISTENT
LN106733,2025-08,STATUS_INCONSISTENT
LN103146,2024-02,STALE_UPDATE
LN100698,2024-03,DATE_INVALID
LN100558,2025-11,DATE_INVALID
LN105681,2025-11,STATUS_INCONSISTENT
LN105114,2023-07,BALANCE_MISMATCH
LN107382,2023-08,STATUS_INCONSISTENT
LN100357,2025-11,STALE_UPDATE
LN105823,2025-03,STATUS_INCONSISTENT
LN108104,2024-02,BALANCE_MISMATCH
LN108706,2025-06,STATUS_INCONSISTENT
LN107720,2023-12,DATE_INVALID
LN108228,2024-05,DOC_GAP
LN108582,2023-11,DATE_INVALID
LN105351,2023-10,BALANCE_MISMATCH
LN102908,2025-08,DUPLICATE_RECORD
LN104523,2025-11,STATUS_INCONSISTENT
LN106105,2024-03,STALE_UPDATE
LN108506,2024-06,BALANCE_MISMATCH
LN108214,2024-12,STALE_UPDATE
LN101562,2023-02,STATUS_INCONSISTENT
LN103231,2024-08,BALANCE_MISMATCH
LN105089,2024-12,DOC_GAP
LN103821,2022-04,DOC_GAP
LN104963,2024-03,DUPLICATE_RECORD
LN102267,2025-04,STALE_UPDATE
LN104044,2024-04,DATE_INVALID
LN105027,2023-04,STATUS_INCONSISTENT
LN100916,2024-10,DOC_GAP
LN100910,2024-04,STALE_UPDATE
LN102746,2024-08,DUPLICATE_RECORD
LN106730,2025-04,DUPLICATE_RECORD
LN103350,2025-06,STATUS_INCONSISTENT
LN108246,2025-03,STALE_UPDATE
LN103060,2025-12,DATE_INVALID
LN102788,2024-12,STALE_UPDATE
LN105081,2024-02,STALE_UPDATE
LN103629,2025-08,DOC_GAP
LN104907,2025-01,DOC_GAP
LN108266,2022-06,STATUS_INCONSISTENT
LN108018,2024-03,BALANCE_MISMATCH
LN107295,2025-02,DOC_GAP
LN104557,2025-09,BALANCE_MISMATCH
LN103924,2025-06,STALE_UPDATE
LN100581,2024-09,STATUS_INCONSISTENT
LN102574,2025-07,BALANCE_MISMATCH
LN100155,2025-10,STALE_UPDATE
LN102320,2025-04,DATE_INVALID
LN107364,2025-03,STALE_UPDATE
LN108876,2025-02,DUPLICATE_RECORD
LN105469,2023-08,BALANCE_MISMATCH
LN100321,2022-03,STALE_UPDATE
LN103712,2024-08,DUPLICATE_RECORD
LN103284,2024-08,BALANCE_MISMATCH
LN102706,2024-11,DOC_GAP
LN100364,2024-05,STATUS_INCONSISTENT
LN108476,2025-07,DATE_INVALID
LN105386,2025-11,BALANCE_MISMATCH
LN103059,2025-01,DUPLICATE_RECORD
LN106882,2025-08,DOC_GAP
LN105060,2024-09,STALE_UPDATE
LN101164,2025-01,STATUS_INCONSISTENT
LN100331,2025-05,STALE_UPDATE
LN100934,2024-07,DUPLICATE_RECORD
LN107057,2024-10,DOC_GAP
LN108021,2024-11,STALE_UPDATE
LN104083,2024-08,DUPLICATE_RECORD
LN102812,2024-06,STALE_UPDATE
LN107041,2023-05,STALE_UPDATE
LN106206,2025-02,DOC_GAP
LN102443,2024-08,BALANCE_MISMATCH
LN103497,2023-03,STALE_UPDATE
LN106705,2021-08,STALE_UPDATE
LN108278,2023-12,DUPLICATE_RECORD
LN107935,2022-08,DUPLICATE_RECORD
LN105463,2025-05,STALE_UPDATE
LN101123,2025-12,STATUS_INCONSISTENT
LN108948,2024-12,DATE_INVALID
LN105384,2024-01,DATE_INVALID
LN105611,2025-01,STATUS_INCONSISTENT
LN104481,2025-08,DUPLICATE_RECORD
LN106065,2024-11,BALANCE_MISMATCH
LN107723,2024-05,STATUS_INCONSISTENT
LN106039,2022-09,STALE_UPDATE
LN101004,2022-12,BALANCE_MISMATCH
LN104293,2024-09,DOC_GAP
LN100979,2025-01,DATE_INVALID
LN104195,2024-01,STATUS_INCONSISTENT
LN103406,2025-06,BALANCE_MISMATCH
LN100871,2023-02,STATUS_INCONSISTENT
LN100235,2025-11,DOC_GAP
LN107679,2023-06,STALE_UPDATE
LN101435,2022-08,BALANCE_MISMATCH
LN105193,2022-04,BALANCE_MISMATCH
LN104845,2024-03,DUPLICATE_RECORD
LN102501,2022-07,BALANCE_MISMATCH
LN108644,2024-06,BALANCE_MISMATCH
LN106587,2025-03,DATE_INVALID
LN107577,2025-06,STATUS_INCONSISTENT
LN100051,2022-03,STALE_UPDATE
LN108829,2022-09,DOC_GAP
LN108979,2025-10,DUPLICATE_RECORD
LN101977,2023-01,DOC_GAP
LN106820,2025-03,DUPLICATE_RECORD
LN104009,2025-10,BALANCE_MISMATCH
LN107806,2023-10,DOC_GAP
LN101154,2022-12,STALE_UPDATE
LN107951,2022-07,BALANCE_MISMATCH
LN108708,2024-05,DOC_GAP
LN104899,2025-08,DATE_INVALID
LN100010,2024-06,DUPLICATE_RECORD
LN100367,2023-12,STALE_UPDATE
LN100846,2025-08,STALE_UPDATE
LN100913,2024-12,STATUS_INCONSISTENT
LN108604,2023-05,DATE_INVALID
LN104084,2023-05,STATUS_INCONSISTENT
LN105041,2024-04,BALANCE_MISMATCH
LN108464,2025-07,STATUS_INCONSISTENT
LN107724,2025-01,STATUS_INCONSISTENT
LN100909,2025-10,BALANCE_MISMATCH
LN100404,2023-10,BALANCE_MISMATCH
LN100901,2024-02,STALE_UPDATE
LN103261,2025-08,STATUS_INCONSISTENT
LN102130,2024-02,BALANCE_MISMATCH
LN102069,2023-11,DATE_INVALID
LN107606,2023-11,BALANCE_MISMATCH
LN101059,2022-09,DATE_INVALID
LN107845,2022-09,STATUS_INCONSISTENT
LN104463,2024-02,BALANCE_MISMATCH
LN108141,2022-12,BALANCE_MISMATCH
LN107560,2024-10,STATUS_INCONSISTENT
LN107503,2023-06,BALANCE_MISMATCH
LN102807,2024-10,BALANCE_MISMATCH
LN106031,2025-09,BALANCE_MISMATCH
LN106874,2023-11,DUPLICATE_RECORD
LN105479,2023-07,BALANCE_MISMATCH
LN102992,2023-03,BALANCE_MISMATCH
LN106746,2024-09,DATE_INVALID
LN107882,2024-09,DATE_INVALID
LN103303,2025-03,DOC_GAP
LN104331,2023-06,STATUS_INCONSISTENT
LN102406,2024-02,STATUS_INCONSISTENT
LN106234,2024-09,STALE_UPDATE
LN105638,2024-06,STATUS_INCONSISTENT
LN106488,2022-11,BALANCE_MISMATCH
LN103727,2025-02,DATE_INVALID
LN102894,2023-09,BALANCE_MISMATCH
LN106745,2025-10,STALE_UPDATE
LN108282,2024-11,STALE_UPDATE
LN102575,2023-03,BALANCE_MISMATCH
LN106266,2025-01,STALE_UPDATE
LN106521,2023-12,STATUS_INCONSISTENT
LN102707,2022-10,STATUS_INCONSISTENT
LN106464,2024-04,STATUS_INCONSISTENT
LN103021,2023-08,STALE_UPDATE
LN106603,2025-04,DOC_GAP
LN106442,2023-10,DATE_INVALID
LN107425,2025-07,BALANCE_MISMATCH
LN107462,2024-09,DUPLICATE_RECORD
LN107367,2025-05,BALANCE_MISMATCH
LN103922,2025-01,BALANCE_MISMATCH
LN100603,2023-02,BALANCE_MISMATCH
LN102823,2025-10,STATUS_INCONSISTENT
LN103917,2025-03,STALE_UPDATE
LN103815,2023-11,STALE_UPDATE
LN105848,2025-01,DUPLICATE_RECORD
LN100738,2024-08,BALANCE_MISMATCH
LN106196,2024-03,STATUS_INCONSISTENT
LN101921,2023-09,BALANCE_MISMATCH
LN100256,2025-12,STATUS_INCONSISTENT
LN108770,2024-11,BALANCE_MISMATCH
LN108063,2023-02,DUPLICATE_RECORD
LN107598,2023-11,STATUS_INCONSISTENT
LN102435,2025-08,DOC_GAP
LN104776,2023-01,BALANCE_MISMATCH
LN106925,2023-04,BALANCE_MISMATCH
LN108069,2023-03,STALE_UPDATE
LN106217,2025-09,DOC_GAP
LN106235,2025-04,BALANCE_MISMATCH
LN102670,2025-08,STATUS_INCONSISTENT
LN107265,2025-08,DOC_GAP
LN108906,2024-12,BALANCE_MISMATCH
LN102805,2025-03,BALANCE_MISMATCH
LN100537,2021-11,DOC_GAP
LN106167,2024-03,DATE_INVALID
LN101502,2023-10,DOC_GAP
LN103254,2025-09,STALE_UPDATE
LN102444,2025-10,STATUS_INCONSISTENT
LN100171,2022-04,STATUS_INCONSISTENT
LN107417,2024-05,DATE_INVALID
LN102110,2024-06,STATUS_INCONSISTENT
LN101386,2024-12,DOC_GAP
LN100255,2022-04,STALE_UPDATE
LN107588,2022-04,STATUS_INCONSISTENT
LN100885,2024-07,STATUS_INCONSISTENT
LN106851,2024-04,STATUS_INCONSISTENT
LN102376,2025-01,STATUS_INCONSISTENT
LN102199,2023-09,DATE_INVALID
LN101789,2025-08,BALANCE_MISMATCH
LN105481,2024-06,BALANCE_MISMATCH
LN101399,2022-12,STATUS_INCONSISTENT
LN101969,2024-06,DUPLICATE_RECORD
LN101003,2025-02,DATE_INVALID
LN106564,2022-03,DUPLICATE_RECORD
LN107406,2025-06,DOC_GAP
LN108463,2021-09,STATUS_INCONSISTENT
LN104778,2022-09,STATUS_INCONSISTENT
LN108132,2025-10,BALANCE_MISMATCH
LN103480,2024-07,DATE_INVALID
LN107750,2023-09,STALE_UPDATE
LN108148,2022-06,STATUS_INCONSISTENT
LN106930,2025-03,BALANCE_MISMATCH
LN104776,2024-06,STALE_UPDATE
LN101599,2025-02,STALE_UPDATE
LN108815,2023-07,BALANCE_MISMATCH
LN101277,2025-02,BALANCE_MISMATCH
LN102384,2025-05,STALE_UPDATE
LN105105,2024-09,STATUS_INCONSISTENT
LN105749,2024-06,BALANCE_MISMATCH
LN101266,2025-01,STALE_UPDATE
LN106152,2025-03,STATUS_INCONSISTENT
LN100232,2023-02,DUPLICATE_RECORD
LN103347,2023-02,BALANCE_MISMATCH
LN105506,2023-02,DOC_GAP
LN100210,2022-05,DUPLICATE_RECORD
LN107466,2024-10,STALE_UPDATE
LN108358,2025-12,STATUS_INCONSISTENT
LN103059,2024-10,STATUS_INCONSISTENT
LN101488,2025-08,DOC_GAP
LN101296,2023-10,BALANCE_MISMATCH
LN108061,2024-01,DATE_INVALID
LN102160,2025-04,STATUS_INCONSISTENT
LN108850,2022-05,STALE_UPDATE
LN105068,2022-04,BALANCE_MISMATCH
LN104249,2025-08,BALANCE_MISMATCH
LN106245,2022-09,DATE_INVALID
LN108822,2024-01,DATE_INVALID
LN100533,2022-09,DATE_INVALID
LN104237,2022-05,BALANCE_MISMATCH
LN107971,2021-10,STALE_UPDATE
LN103223,2025-09,DUPLICATE_RECORD
LN103160,2022-08,BALANCE_MISMATCH
LN102260,2022-03,STATUS_INCONSISTENT
LN105344,2023-05,DUPLICATE_RECORD
LN107665,2025-05,STALE_UPDATE
LN101793,2023-06,STATUS_INCONSISTENT
LN103601,2025-11,DUPLICATE_RECORD
LN100791,2023-08,STALE_UPDATE
LN105530,2025-09,DATE_INVALID
LN104694,2024-05,STALE_UPDATE
LN105384,2025-06,STATUS_INCONSISTENT
LN105981,2025-04,BALANCE_MISMATCH
LN106917,2021-09,DUPLICATE_RECORD
LN103811,2024-12,BALANCE_MISMATCH
LN105889,2022-12,DOC_GAP
LN103031,2022-10,DATE_INVALID
LN106433,2024-06,STALE_UPDATE
LN105215,2025-10,STALE_UPDATE
LN100838,2023-10,STATUS_INCONSISTENT
LN104116,2022-12,DATE_INVALID
LN107443,2024-04,BALANCE_MISMATCH
LN107593,2025-05,DATE_INVALID
LN103294,2023-06,DUPLICATE_RECORD
LN102311,2023-12,DATE_INVALID
LN102422,2022-04,STATUS_INCONSISTENT
LN103757,2023-06,STALE_UPDATE
LN105353,2024-12,DATE_INVALID
LN108057,2025-06,STATUS_INCONSISTENT
LN106551,2024-10,DOC_GAP
LN100276,2023-04,DOC_GAP
LN103239,2025-01,STALE_UPDATE
LN107430,2024-11,DATE_INVALID
LN106996,2023-05,DATE_INVALID
LN101128,2023-09,STATUS_INCONSISTENT
LN103857,2022-05,DOC_GAP
LN106340,2024-03,STATUS_INCONSISTENT
LN101195,2025-10,STATUS_INCONSISTENT
LN108089,2025-04,BALANCE_MISMATCH
LN103059,2022-12,STATUS_INCONSISTENT
LN101602,2025-09,STALE_UPDATE
LN105838,2024-08,STATUS_INCONSISTENT
LN104188,2023-08,STATUS_INCONSISTENT
LN102716,2024-01,BALANCE_MISMATCH
LN103241,2024-05,BALANCE_MISMATCH
LN102739,2025-10,BALANCE_MISMATCH
LN101818,2024-03,STATUS_INCONSISTENT
LN102216,2025-05,DOC_GAP
LN100191,2024-10,STALE_UPDATE
LN100837,2024-01,STATUS_INCONSISTENT
LN107049,2025-03,STATUS_INCONSISTENT
LN104913,2025-06,DOC_GAP
LN107886,2024-02,DATE_INVALID
LN108446,2023-11,STATUS_INCONSISTENT
LN108234,2023-05,BALANCE_MISMATCH
LN103744,2025-11,BALANCE_MISMATCH
LN105481,2022-09,STATUS_INCONSISTENT
LN101854,2023-10,DOC_GAP
LN107019,2023-05,DOC_GAP
LN101544,2023-05,BALANCE_MISMATCH
LN103764,2023-07,DATE_INVALID
LN106121,2024-08,STALE_UPDATE
LN100127,2024-05,BALANCE_MISMATCH
LN103842,2024-09,DATE_INVALID
LN105763,2022-11,DOC_GAP
LN104580,2023-10,DATE_INVALID
LN102100,2025-10,DUPLICATE_RECORD
LN105227,2024-10,BALANCE_MISMATCH
LN103588,2024-02,STATUS_INCONSISTENT
LN105695,2024-03,DATE_INVALID
LN107119,2023-04,STALE_UPDATE
LN104261,2022-08,BALANCE_MISMATCH
LN106184,2022-11,BALANCE_MISMATCH
LN104302,2024-03,STATUS_INCONSISTENT
LN101094,2023-02,BALANCE_MISMATCH
LN100129,2024-02,BALANCE_MISMATCH
LN102268,2025-12,STATUS_INCONSISTENT
LN103849,2022-12,DUPLICATE_RECORD
LN101001,2024-04,STATUS_INCONSISTENT
LN103681,2025-05,BALANCE_MISMATCH
LN100663,2024-10,DOC_GAP
LN103096,2023-06,STALE_UPDATE
