loan_id,update_month,is_true_conflict
LN103891,2025-05,0
LN102722,2023-11,0
LN100663,2025-07,0
LN101278,2021-09,0
LN107494,2025-06,1
LN101033,2024-12,1
LN100562,2024-11,0
LN101946,2022-11,0
LN107697,2025-12,0
LN106928,2024-05,0
LN108890,2025-04,0
LN107538,2024-11,0
LN108171,2025-11,0
LN102939,2024-03,0
LN108274,2023-07,0
LN102155,2023-04,1
LN107645,2024-08,0
LN104535,2024-08,0
LN108611,2022-04,0
LN107601,2022-07,0
LN106249,2023-02,0
LN100664,2025-11,0
LN105703,2024-11,1
LN105815,2024-05,1
LN107415,2025-02,0
LN103974,2023-05,0
LN104782,2024-01,1
LN108706,2025-04,0
LN102632,2024-10,0
LN106997,2024-04,0
LN105805,2025-11,0
LN107624,2024-09,1
LN103888,2023-05,0
LN104221,2025-08,1
LN103447,2023-08,0
LN104260,2023-05,0
LN102568,2024-06,0
LN105673,2023-12,1
LN108618,2023-11,0
LN101701,2022-09,0
LN106784,2025-09,0
LN105547,2025-03,0
LN102161,2023-11,0
LN108634,2025-02,0
LN102517,2024-05,0
LN105320,2023-08,1
LN106779,2023-01,0
LN103130,2023-06,0
LN102043,2024-08,0
LN105928,2023-04,0
LN107757,2021-10,0
LN101631,2025-07,0
LN108998,2024-04,0
LN103623,2023-10,0
LN100718,2024-03,0
LN101918,2024-05,1
LN108976,2025-05,1
LN101668,2024-02,1
LN104274,2021-08,0
LN105229,2024-06,0
LN101895,2025-08,0
LN104006,2022-09,0
LN102887,2024-05,0
LN103586,2024-11,0
LN108435,2023-10,0
LN102964,2025-10,0
LN101719,2023-09,0
LN107548,2025-05,1
LN107303,2024-09,1
LN104343,2024-02,1
LN106535,2024-04,0
LN108111,2025-10,0
LN102345,2022-06,1
LN105721,2024-07,0
LN104693,2024-07,0
LN106463,2024-08,0
LN100236,2025-10,0
LN100093,2024-06,1
LN105051,2024-01,0
LN106892,2024-11,0
LN106402,2025-10,0
LN107841,2025-04,0
LN106010,2025-09,0
LN101336,2024-09,0
LN102372,2022-07,0
LN105837,2022-09,0
LN103622,2023-03,0
LN105285,2024-05,0
LN108232,2025-01,1
LN105535,2025-02,1
LN106371,2023-11,0
LN105712,2023-10,0
LN106122,2025-11,1
LN100957,2025-10,1
LN106836,2025-01,0
LN104306,2025-08,0
LN105879,2023-11,0
LN101208,2025-10,1
LN103686,2023-02,0
LN100182,2025-10,0
LN104000,2025-11,0
LN104673,2025-01,0
LN105538,2025-04,0
LN102834,2025-07,1
LN104223,2023-06,0
LN104604,2023-04,0
LN107213,2023-07,0
LN100426,2024-07,1
LN108109,2024-11,1
LN101444,2022-03,0
LN106693,2025-06,1
LN105801,2024-08,0
LN106471,2023-01,0
LN102411,2021-09,0
LN103715,2023-10,0
LN106076,2023-03,0
LN104105,2024-03,0
LN106351,2021-08,1
LN108817,2024-07,0
LN106109,2024-12,1
LN106857,2025-08,0
LN101863,2023-10,0
LN108749,2023-09,1
LN105138,2024-04,0
LN105471,2024-03,0
LN101288,2022-05,0
LN104086,2025-07,0
LN104649,2024-07,0
LN106048,2022-09,1
LN104661,2025-05,1
LN100991,2025-02,0
LN101098,2024-10,0
LN104749,2024-09,0
LN102690,2024-08,0
LN108865,2024-05,0
LN103335,2023-05,0
LN103866,2024-03,0
LN101389,2025-01,0
LN103249,2024-01,0
LN102495,2025-02,1
LN107615,2025-04,1
LN105309,2023-05,1
LN100571,2024-07,1
LN104216,2025-11,1
LN106991,2025-05,0
LN107078,2023-10,1
LN104979,2025-12,0
LN101974,2025-07,0
LN104247,2022-06,0
LN100732,2024-12,1
LN105997,2025-10,0
LN105655,2024-09,0
LN101509,2025-11,1
LN104873,2024-09,1
LN106010,2023-05,0
LN106056,2025-01,0
LN100016,2024-12,0
LN101850,2024-09,0
LN106687,2025-07,0
LN108427,2022-01,0
LN107628,2024-05,1
LN105917,2025-09,1
LN108413,2025-02,0
LN100885,2024-11,0
LN104854,2024-04,0
LN106710,2025-02,1
LN105677,2024-03,1
LN104705,2024-08,0
LN108096,2025-08,0
LN108997,2024-07,0
LN105072,2024-10,1
LN107217,2022-06,1
LN107135,2024-07,1
LN106834,2024-01,0
LN106715,2025-10,0
LN100605,2025-04,0
LN108315,2023-06,1
LN103418,2021-12,1
LN100278,2023-11,0
LN105904,2023-12,0
LN107126,2024-12,1
LN100958,2025-03,1
LN104177,2025-01,0
LN105161,2025-07,0
LN100205,2022-07,0
LN105102,2024-09,0
LN107090,2024-04,1
LN104175,2022-10,0
LN100831,2023-02,0
LN101904,2024-06,1
LN108393,2025-03,1
LN108195,2024-03,0
LN104574,2024-07,0
LN101194,2024-07,0
LN107708,2025-11,1
LN104525,2024-11,1
LN102956,2022-07,0
LN102006,2024-11,0
LN108292,2022-03,0
LN101476,2024-06,0
LN102213,2022-07,0
LN100227,2024-11,0
LN100152,2024-10,0
LN105812,2023-12,0
LN106009,2022-01,0
LN104747,2024-07,1
LN102776,2023-07,0
LN103600,2023-07,0
LN104643,2024-03,0
LN100402,2022-11,0
LN108653,2023-03,0
LN101187,2023-12,0
LN102082,2022-12,0
LN100128,2023-08,0
LN105536,2021-12,0
LN103453,2025-05,0
LN108484,2023-12,0
LN106449,2024-04,0
LN106084,2024-02,1
LN108223,2025-11,0
LN104921,2025-11,1
LN100453,2021-08,0
LN106645,2025-01,1
LN106307,2022-03,0
LN104931,2025-04,1
LN107611,2025-04,0
LN100088,2024-12,0
LN105119,2022-04,1
LN104302,2022-11,1
LN102409,2021-10,1
LN101886,2024-08,0
LN103819,2025-04,1
LN101203,2024-07,0
LN101905,2024-03,0
LN108657,2025-06,0
LN103892,2024-03,1
LN101488,2025-04,1
LN101857,2024-02,0
LN104079,2025-11,0
LN101214,2022-11,0
LN108344,2022-12,0
LN108631,2024-01,1
LN101759,2023-12,0
LN102467,2025-04,0
LN101806,2022-04,1
LN107586,2025-02,0
LN100071,2024-03,0
LN106582,2025-08,0
LN103841,2024-07,1
LN106048,2024-04,0
LN105849,2021-11,1
LN102979,2025-02,1
LN102797,2023-11,1
LN108790,2025-01,0
LN106081,2023-05,0
LN104653,2024-06,0
LN103114,2025-08,1
LN101873,2024-12,0
LN107853,2025-03,0
LN101491,2024-08,0
LN106147,2024-11,1
LN102025,2023-06,0
LN104267,2025-06,0
LN102764,2025-09,1
LN105439,2025-10,1
LN105357,2024-12,0
LN100182,2024-07,0
LN106198,2022-09,0
LN106536,2022-09,1
LN102223,2025-10,0
LN100241,2024-04,0
LN104014,2023-08,0
LN103876,2023-12,1
LN104867,2024-11,0
LN102030,2024-08,1
LN105589,2024-08,1
LN106625,2024-12,0
LN100693,2024-11,0
LN108062,2023-11,0
LN102277,2022-03,1
LN107156,2024-06,0
LN100620,2024-11,1
LN102521,2023-10,0
LN100242,2024-10,0
LN107840,2023-08,0
LN106239,2023-06,1
LN104115,2025-08,1
LN106241,2024-09,1
LN106377,2023-07,0
LN103466,2024-08,0
LN103621,2025-12,1
LN107699,2022-10,0
LN108488,2025-08,0
LN101584,2024-05,0
LN105786,2024-08,0
LN104349,2024-01,0
LN103120,2024-01,0
LN106578,2025-11,0
LN105212,2025-08,0
LN101964,2025-06,0
LN102427,2023-05,0
LN108119,2024-04,0
LN101381,2024-10,0
LN102890,2023-01,0
LN104978,2025-09,0
LN105470,2025-03,0
LN104658,2024-06,1
LN106869,2022-07,0
LN103638,2022-04,0
LN106509,2021-11,1
LN105984,2024-04,0
LN101575,2025-05,0
LN100283,2023-05,1
LN100044,2022-10,0
LN105788,2024-08,0
LN104757,2022-03,0
LN104726,2025-02,1
LN102521,2024-05,0
LN108861,2023-02,1
LN102418,2023-10,0
LN102760,2023-12,0
LN106125,2023-07,0
LN100366,2023-11,0
LN101627,2024-06,0
LN107135,2025-05,1
LN104642,2025-01,0
LN102267,2024-02,1
LN108454,2025-05,1
LN103389,2024-09,0
LN106412,2023-01,0
LN106707,2025-01,0
LN106997,2023-12,1
LN106140,2024-04,0
LN104321,2024-09,0
LN105620,2025-06,0
LN102071,2025-08,0
LN106670,2022-05,1
LN103915,2025-05,0
LN100707,2024-11,0
LN102025,2024-09,1
LN100945,2022-10,0
LN106768,2023-04,0
LN100817,2022-06,0
LN106127,2025-12,1
LN104240,2024-07,1
LN101067,2025-03,1
LN100504,2024-02,1
LN103483,2024-02,0
LN108406,2025-10,0
LN102637,2025-03,1
LN101609,2023-01,0
LN107671,2025-09,1
LN101189,2024-01,0
LN105795,2023-10,1
LN107220,2023-08,1
LN100629,2025-11,0
LN108258,2025-06,0
LN105278,2023-05,0
LN107747,2025-05,0
LN102762,2025-08,0
LN103162,2022-12,0
LN105282,2024-06,1
LN100171,2022-07,0
LN108873,2024-07,0
LN100689,2025-03,0
LN105190,2024-01,1
LN100811,2025-08,1
LN100626,2023-09,0
LN105238,2025-03,1
LN106822,2025-03,0
LN103642,2025-12,0
LN108476,2023-11,1
LN100560,2024-08,1
LN106239,2023-12,0
LN107723,2025-10,0
LN104552,2024-12,0
LN102953,2024-06,1
LN105329,2025-06,0
LN107103,2025-04,0
LN100253,2024-01,0
LN100167,2023-03,0
LN106789,2024-04,0
LN105628,2024-03,1
LN108673,2024-11,1
LN104059,2024-10,0
LN101111,2024-01,1
LN102411,2023-05,0
LN103022,2022-12,0
LN101459,2025-09,1
LN107789,2024-10,0
LN105682,2023-05,1
LN101351,2023-02,0
LN106267,2021-08,0
LN108882,2022-06,0
LN101472,2024-04,0
LN108867,2023-08,0
LN104460,2025-01,1
LN102115,2025-01,0
LN101659,2025-11,1
LN104914,2025-03,0
LN100798,2024-10,1
LN107423,2025-11,1
LN108687,2023-05,0
LN106841,2024-10,0
LN108352,2025-07,0
LN104906,2023-06,1
LN108806,2023-10,0
LN107636,2022-11,0
LN100181,2025-01,0
LN107407,2024-01,0
LN102921,2025-04,0
LN108068,2025-04,0
LN102025,2023-09,0
LN108751,2022-07,1
LN105988,2025-04,0
LN101251,2022-12,1
LN100334,2024-07,0
LN102365,2023-12,0
LN107351,2025-12,1
LN105977,2024-06,0
LN102868,2025-12,1
LN108840,2024-01,0
LN107644,2022-06,0
LN105377,2022-06,1
LN101306,2022-09,0
LN100310,2025-09,0
LN103007,2024-07,0
LN100558,2025-10,0
LN105374,2024-06,0
LN101638,2025-12,1
LN101534,2025-10,0
LN100901,2023-09,0
LN102184,2023-10,1
LN106602,2025-03,1
LN104952,2025-09,0
LN107528,2025-08,0
LN108911,2024-01,1
LN102491,2023-11,1
LN107071,2024-04,1
LN106170,2024-01,1
LN107936,2023-07,0
LN101273,2024-09,0
LN100662,2021-11,1
LN100792,2024-08,0
LN107991,2023-02,0
LN100274,2023-02,0
LN102863,2024-05,0
LN101996,2024-09,1
LN101746,2025-07,1
LN107373,2024-08,0
LN104607,2023-10,0
LN100045,2025-02,1
LN104812,2024-03,1
LN104350,2025-08,1
LN102680,2022-02,0
LN107127,2022-04,1
LN104900,2025-04,0
LN107631,2025-06,0
LN102963,2024-03,1
LN105346,2023-05,1
LN101823,2025-05,0
LN108965,2025-09,0
LN102478,2024-08,0
LN103394,2023-10,0
LN103068,2023-11,1
LN100239,2025-02,1
LN103877,2023-11,0
LN101449,2023-03,1
LN103779,2024-10,0
LN100883,2023-05,0
LN102384,2025-06,0
LN102439,2021-09,0
LN108721,2024-07,0
LN107359,2022-01,0
LN103887,2025-11,1
LN105214,2024-10,0
LN104368,2025-02,1
LN105994,2024-12,0
LN101123,2025-07,1
LN108598,2024-08,1
LN102230,2025-01,0
LN106437,2022-08,0
LN106284,2025-11,0
LN101525,2024-03,1
LN103752,2025-05,0
LN108375,2025-12,0
LN102138,2024-12,0
LN101326,2025-04,0
LN102455,2024-11,0
LN102399,2024-03,0
LN102351,2025-04,1
LN108240,2024-04,1
LN106124,2024-01,0
LN106418,2025-01,0
LN103362,2023-02,0
LN103915,2023-07,0
LN100020,2023-05,0
LN100176,2024-09,1
LN104405,2024-12,0
LN108827,2024-11,0
LN106885,2024-03,1
LN108603,2024-05,0
LN108091,2024-06,1
LN104440,2025-02,1
LN107004,2023-06,0
LN104724,2025-03,0
LN101614,2021-12,0
LN101427,2025-12,1
LN107238,2025-10,0
LN100010,2025-09,0
LN103866,2024-07,1
LN102933,2024-11,0
LN101179,2021-11,0
LN101206,2024-01,0
LN108306,2023-12,0
LN103871,2024-04,0
LN104445,2024-03,1
LN105749,2022-07,1
LN102266,2025-11,0
LN107076,2024-10,0
LN102144,2022-10,0
LN101786,2022-08,1
LN107598,2024-02,0
LN101046,2022-12,1
LN102290,2024-11,0
LN103385,2022-06,1
LN103069,2021-12,0
LN103794,2025-01,0
LN104831,2022-09,1
LN101819,2022-11,1
LN106524,2022-09,0
LN105992,2025-06,1
LN100644,2025-04,0
LN104880,2024-07,0
LN108995,2024-11,0
LN104803,2024-12,0
LN107848,2022-09,1
LN105904,2023-01,0
LN108172,2024-11,0
LN107710,2024-10,0
LN104880,2023-04,0
LN107106,2022-09,0
LN107271,2024-03,0
LN100741,2024-04,0
LN101342,2022-09,1
LN102055,2023-09,0
LN102745,2024-07,0
LN107882,2025-09,0
LN100775,2025-02,1
LN107410,2023-01,0
LN106131,2025-03,0
LN107123,2024-08,1
LN106029,2023-03,0
LN108997,2025-09,0
LN106729,2024-02,0
LN104913,2024-06,1
LN102045,2025-03,0
LN105183,2025-03,1
LN108248,2024-10,0
LN108793,2025-09,0
LN107153,2025-03,0
LN104484,2024-12,1
LN103627,2024-09,0
LN106761,2024-08,0
LN101525,2023-06,0
LN106660,2024-05,1
LN101027,2023-08,0
LN104114,2023-10,0
LN104166,2023-02,0
LN102664,2023-01,1
LN108178,2024-12,0
LN101078,2023-01,0
LN106559,2022-09,0
LN106288,2024-10,0
LN104228,2024-12,0
LN104506,2025-01,1
LN105376,2024-11,0
LN106413,2025-07,1
LN107199,2024-05,0
LN108966,2024-07,0
LN103829,2022-09,0
LN102747,2024-12,0
LN101522,2025-08,0
LN106457,2024-10,0
LN103826,2022-10,0
LN100501,2025-04,0
LN103771,2025-09,1
LN107109,2024-11,1
LN106733,2025-06,0
LN105558,2024-02,0
LN108976,2024-12,1
LN100439,2023-04,0
LN100846,2023-04,1
LN107723,2022-08,0
LN105794,2024-06,0
LN105771,2024-06,0
LN107670,2024-01,0
LN104150,2023-02,0
LN102766,2025-01,0
LN107569,2025-08,1
LN102360,2024-08,1
LN100248,2025-04,1
LN108328,2022-03,0
LN106123,2024-10,0
LN102853,2025-07,1
LN104035,2024-12,0
LN107809,2024-11,1
LN102582,2023-12,0
LN103164,2022-11,1
LN101610,2025-04,0
LN108704,2024-07,0
LN105928,2025-12,1
LN100934,2023-11,0
LN101130,2024-06,1
LN106760,2022-08,0
LN101990,2023-10,0
LN105985,2023-11,0
LN102956,2025-08,1
LN104085,2023-11,1
LN106629,2023-04,0
LN101878,2025-04,0
LN103364,2022-04,1
LN101239,2021-11,1
LN103910,2022-07,0
LN101461,2022-12,0
LN103641,2025-07,1
LN106663,2023-09,0
LN108402,2021-11,1
LN107494,2024-08,0
LN107933,2024-06,0
LN100032,2022-04,0
LN102947,2023-07,0
LN106173,2022-05,1
LN106105,2025-11,1
LN105318,2025-05,0
LN103582,2025-02,1
LN101461,2024-09,1
LN101122,2024-05,0
LN106194,2023-04,0
LN106581,2023-10,0
LN104408,2023-03,0
LN104069,2024-05,1
LN104865,2024-12,0
LN102842,2025-09,1
LN101566,2025-01,0
LN106284,2024-02,1
LN103093,2024-07,0
LN105831,2023-03,0
LN106474,2025-06,0
LN103157,2025-02,0
LN108424,2024-08,0
LN104251,2025-01,0
LN105994,2025-10,1
LN105469,2022-11,0
LN101453,2024-07,0
LN102415,2024-06,0
LN101987,2024-08,0
LN107370,2024-06,0
LN103026,2022-08,0
LN102407,2023-12,0
LN104298,2025-07,0
LN103256,2022-03,0
LN100436,2025-07,0
LN100923,2024-01,0
LN103359,2024-06,0
LN104941,2025-11,1
LN106236,2025-11,0
LN108738,2024-06,1
LN104591,2021-10,0
LN100497,2024-01,0
LN103052,2024-02,1
LN106278,2021-11,0
LN102544,2024-11,0
LN106429,2024-06,0
LN103975,2025-10,1
LN101623,2023-04,1
LN106094,2025-07,1
LN107269,2024-02,0
LN105629,2021-12,0
LN104957,2023-03,0
LN103769,2023-07,0
LN103308,2023-05,0
LN105295,2024-06,0
LN100385,2022-02,0
LN100376,2025-01,0
LN102771,2024-05,0
LN103230,2024-11,1
LN107116,2024-06,1
LN100548,2025-02,1
LN106255,2025-12,0
LN108415,2023-11,0
LN102421,2025-08,1
LN102734,2025-08,0
LN106201,2024-12,0
LN104233,2023-01,0
LN103063,2022-09,0
LN108672,2025-01,1
LN100261,2023-09,0
LN103463,2025-03,1
LN100375,2024-01,1
LN107988,2025-04,0
LN105280,2025-12,0
LN107998,2023-07,0
LN104409,2023-03,0
LN101533,2025-01,1
LN108128,2025-09,0
LN105865,2023-12,0
LN104312,2024-08,1
LN105470,2025-02,0
LN102561,2025-01,0
LN101462,2023-02,0
LN102252,2023-02,0
LN108925,2023-10,0
LN107983,2024-08,1
LN107180,2024-03,0
LN103117,2024-05,0
LN100891,2025-12,0
LN100798,2023-06,0
LN105514,2023-09,1
LN108291,2023-03,1
LN103670,2024-01,0
LN101486,2023-01,1
LN108107,2025-05,0
LN101383,2025-06,0
LN102635,2025-10,1
LN102352,2024-04,0
LN106977,2024-06,0
LN106518,2022-03,0
LN107394,2023-07,1
LN105728,2024-10,0
LN107097,2024-12,0
LN101987,2022-06,1
LN107614,2025-05,0
LN108167,2025-08,0
LN105849,2023-12,1
LN108182,2024-08,0
LN102697,2025-09,1
LN101951,2024-09,0
LN101591,2025-03,0
LN108917,2025-07,0
LN104759,2024-11,0
LN105665,2023-09,1
LN104690,2022-06,0
LN104193,2024-11,1
LN101154,2023-08,0
LN106670,2025-06,0
LN108745,2024-07,1
LN100690,2025-08,0
LN103049,2023-12,1
LN102031,2022-06,1
LN107488,2021-12,0
LN104461,2024-10,0
LN105876,2025-11,0
LN104398,2023-10,1
LN103081,2025-09,1
LN103051,2023-10,0
LN104643,2022-06,0
LN104159,2025-02,0
LN101416,2025-10,0
LN103908,2024-01,0
LN100038,2025-12,0
LN100907,2023-01,0
LN104912,2022-07,0
LN108329,2024-09,1
LN108500,2023-07,1
LN108355,2025-09,0
LN102731,2025-11,0
LN106561,2024-01,1
LN105995,2023-09,0
LN102233,2022-11,1
LN106421,2023-04,0
LN105319,2023-08,1
LN101267,2025-02,0
LN107720,2024-01,0
LN105296,2022-03,0
LN101419,2023-09,0
LN103631,2023-10,0
LN105764,2022-12,0
LN100279,2025-02,0
LN103482,2025-07,0
LN108228,2024-09,0
LN108784,2025-06,0
LN100742,2024-04,0
LN105920,2022-08,0
LN102561,2023-08,1
LN103781,2022-05,0
LN103734,2024-03,0
LN107409,2024-05,0
LN100703,2024-02,0
LN104074,2023-03,0
LN101106,2022-08,1
LN102437,2024-06,1
LN104705,2023-11,0
LN108797,2025-03,0
LN105627,2022-04,0
LN105314,2023-02,0
LN107400,2024-11,1
LN106588,2024-12,0
LN105658,2023-07,0
LN102077,2025-05,0
LN104817,2024-05,0
LN100258,2023-03,0
LN101729,2022-11,0
LN102353,2024-05,1
LN103368,2025-06,0
LN104159,2024-10,0
LN106576,2023-03,0
LN101350,2021-10,0
LN106563,2025-02,0
LN106081,2024-02,0
LN100912,2025-07,0
LN107274,2021-11,0
LN104325,2024-12,0
LN108553,2024-01,1
LN103976,2024-01,0
LN104338,2024-03,1
LN107747,2022-08,0
LN108114,2022-09,1
LN102040,2023-07,1
LN103302,2024-01,0
LN108445,2022-12,0
LN105271,2023-12,0
LN104937,2024-06,0
LN108070,2025-10,1
LN107982,2024-08,0
LN107961,2022-11,0
LN101476,2023-12,1
LN103537,2023-01,0
LN100974,2023-09,0
LN102736,2023-12,0
LN106081,2024-05,0
LN100153,2024-07,0
LN108303,2024-02,1
LN100713,2024-05,0
LN105625,2025-05,1
LN104699,2022-06,1
LN107821,2024-07,1
LN100827,2025-02,0
LN101475,2023-10,0
LN103566,2025-10,0
LN103958,2023-08,0
LN106614,2023-12,0
LN107685,2025-09,1
LN101380,2025-10,0
LN103826,2023-12,0
LN107795,2024-09,0
LN100520,2025-05,1
LN105990,2024-03,0
LN107456,2023-08,1
LN102245,2025-04,1
LN105157,2025-11,1
LN106743,2022-07,0
LN102605,2024-12,0
LN106835,2025-04,1
LN104443,2024-05,1
LN103248,2025-11,1
LN103735,2025-01,0
LN102051,2023-01,0
LN104681,2023-09,0
LN104940,2025-12,0
LN103679,2025-06,0
LN101052,2024-08,0
LN101941,2022-07,0
LN103446,2024-04,0
LN107982,2025-01,1
LN108097,2023-11,1
LN102733,2024-11,1
LN108273,2024-12,0
LN105300,2022-08,0
LN102307,2022-06,0
LN105295,2024-09,1
LN100123,2023-05,0
LN102674,2025-08,1
LN103645,2024-02,0
LN101177,2025-03,0
LN106824,2025-02,1
LN104446,2023-07,0
LN107966,2022-05,0
LN101101,2024-12,1
LN102314,2023-08,0
LN105002,2025-09,0
LN100179,2023-06,0
LN101982,2023-05,1
LN108015,2023-10,0
LN106245,2025-08,0
LN106434,2023-10,0
LN105925,2022-07,0
LN107923,2022-07,0
LN106633,2024-02,0
LN101841,2024-05,1
LN107634,2024-11,0
LN100513,2025-01,1
LN108173,2023-09,1
LN100370,2023-02,0
LN102780,2023-01,1
LN105896,2025-01,0
LN102936,2024-09,0
LN108840,2022-09,0
LN101261,2025-05,0
LN106439,2025-04,1
LN103523,2024-01,0
LN103789,2024-06,1
LN106355,2023-07,0
LN101410,2023-09,1
LN106456,2024-10,0
LN101580,2025-10,1
LN106548,2025-10,1
LN100855,2024-08,0
LN101016,2025-01,0
LN108969,2025-11,0
LN101199,2024-07,1
LN101509,2025-06,0
LN100734,2025-04,0
LN101838,2022-11,0
LN108545,2024-04,0
LN104223,2024-11,0
LN106492,2024-03,0
LN108807,2023-04,0
LN104264,2023-11,0
LN108324,2025-02,1
LN107369,2022-09,0
LN106620,2024-02,0
LN101285,2024-09,0
LN101969,2025-04,0
LN100352,2023-11,0
LN104276,2025-01,0
LN101815,2022-03,0
LN101755,2024-11,0
LN107328,2024-02,0
LN100293,2023-04,0
LN107003,2024-03,0
LN103579,2023-06,1
LN102190,2022-12,0
LN102649,2022-08,1
LN101341,2023-02,0
LN107420,2025-03,0
LN106419,2021-11,0
LN107404,2022-12,1
LN106161,2022-08,0
LN107734,2024-11,0
LN101510,2022-11,0
LN107130,2023-05,0
LN107756,2023-12,1
LN108861,2022-07,0
LN103271,2023-08,0
LN108154,2024-09,1
LN104778,2023-08,0
LN102910,2022-07,0
LN105928,2025-04,0
LN107258,2024-10,0
LN107168,2024-12,0
LN100493,2025-04,0
LN106122,2024-12,0
LN105679,2025-01,0
LN100667,2024-09,0
LN103724,2022-02,0
LN105264,2025-10,0
LN108368,2025-08,1
LN101679,2024-07,0
LN103646,2025-11,0
LN101351,2022-12,0
LN103232,2025-11,0
LN106502,2023-04,0
LN103223,2024-11,0
LN106060,2024-03,1
LN106843,2024-04,0
LN106742,2023-07,0
LN100683,2025-11,0
LN104863,2024-11,0
LN106200,2025-06,0
LN105984,2025-07,0
LN108937,2025-11,1
LN101221,2023-08,0
LN107646,2025-07,0
LN106737,2024-06,1
LN107717,2025-12,0
LN105110,2023-10,0
LN104440,2025-07,1
LN100412,2023-12,0
LN101806,2022-12,0
LN101004,2023-12,1
LN103857,2023-02,0
LN100158,2024-09,0
LN107455,2022-06,0
LN100946,2025-05,1
LN101955,2023-04,0
LN103962,2024-09,0
LN102569,2025-01,0
LN101188,2023-09,0
LN103834,2022-12,0
LN108043,2023-01,1
LN108416,2025-01,0
LN101161,2023-10,0
LN108918,2025-05,1
LN106700,2024-12,1
LN100661,2024-11,0
LN100788,2024-07,0
LN107316,2025-04,0
LN103340,2025-04,0
LN100221,2023-07,0
LN107933,2024-03,0
LN103043,2025-02,0
LN108931,2023-12,1
LN106019,2024-11,0
LN105179,2023-08,0
LN108846,2022-05,0
LN101134,2024-10,0
LN108002,2024-12,0
LN103506,2025-01,0
LN107616,2023-08,0
LN108276,2025-10,1
LN103010,2024-07,0
LN106264,2023-05,0
LN104625,2025-02,1
LN103164,2023-04,1
LN101068,2025-09,0
LN106465,2025-02,0
LN100029,2024-10,1
LN100611,2023-08,1
LN102992,2025-09,1
LN104765,2024-05,1
LN101910,2025-08,1
LN108672,2024-10,0
LN104390,2023-06,1
LN108720,2024-06,0
LN107057,2025-06,0
LN102711,2025-02,0
LN108314,2022-04,0
LN107074,2025-07,0
LN103607,2024-08,0
LN101381,2025-01,0
LN101170,2023-10,0
LN106585,2024-11,1
LN106360,2025-02,0
LN102249,2024-04,1
LN102860,2023-09,0
LN107472,2023-12,0
LN103207,2024-11,0
LN107661,2025-09,0
LN100719,2024-05,0
LN103585,2023-01,0
LN104728,2025-04,1
LN105361,2024-06,1
LN104035,2025-09,1
LN107491,2024-01,0
LN100720,2025-11,0
LN106069,2025-02,0
LN108808,2025-11,0
LN107344,2025-01,0
LN108020,2025-03,0
LN106292,2025-04,1
LN106539,2023-04,0
LN105734,2025-06,0
LN107159,2023-06,0
LN104053,2024-09,1
LN100830,2024-06,0
LN101115,2025-05,0
LN108107,2025-10,0
LN104632,2023-02,0
LN105883,2024-06,0
LN105922,2025-02,0
LN107373,2023-01,0
LN101804,2023-12,0
LN107230,2025-07,1
LN108433,2024-02,0
LN104634,2022-02,1
LN105796,2024-10,0
LN105729,2023-04,0
LN102771,2021-08,0
LN101648,2025-10,1
LN102417,2023-06,0
LN101031,2022-02,0
LN102182,2025-10,0
LN103301,2023-06,1
LN103849,2023-07,0
LN104517,2022-11,0
LN108389,2023-11,1
LN105067,2021-09,0
LN102781,2024-11,0
LN104128,2024-02,1
LN103328,2025-08,1
LN100147,2022-10,0
LN103212,2024-09,1
LN104747,2025-09,0
LN103694,2023-04,1
LN101336,2025-05,0
LN108910,2024-12,0
LN101060,2024-12,0
LN106087,2023-04,0
LN108082,2023-05,0
LN101665,2025-12,1
LN108294,2025-01,0
LN104776,2023-10,1
LN104900,2024-01,1
LN106433,2025-10,1
LN101595,2022-02,0
LN100310,2025-06,0
LN105740,2024-06,0
LN102592,2025-01,0
LN108005,2024-10,0
LN101423,2024-11,0
LN107004,2022-12,0
LN104193,2022-03,0
LN108416,2023-06,0
LN100684,2023-09,1
LN102214,2024-11,0
LN103114,2024-05,1
LN103524,2025-07,0
LN105754,2022-02,0
LN105663,2023-01,0
LN108010,2025-01,0
LN103093,2024-05,0
LN107987,2025-12,0
LN107198,2024-01,1
LN107151,2024-01,1
LN101282,2024-10,1
LN100773,2024-02,0
LN108027,2023-04,0
LN100002,2024-05,1
LN104498,2025-10,0
LN104623,2023-12,1
LN107990,2023-04,0
LN105415,2025-04,0
LN107634,2023-08,0
LN102967,2025-03,1
LN100213,2024-10,0
LN106510,2024-12,1
LN105584,2024-01,0
LN101371,2023-02,0
LN108739,2025-10,0
LN104339,2023-12,1
LN104731,2024-07,0
LN103947,2024-10,1
LN104571,2025-05,0
LN101238,2025-02,0
LN104687,2024-02,0
LN105761,2023-05,0
LN108855,2022-07,0
LN107086,2024-06,0
LN106880,2022-11,0
LN100649,2024-09,0
LN105859,2024-04,1
LN108578,2025-06,0
LN107628,2025-05,0
LN106536,2025-03,0
LN104696,2022-06,0
LN101269,2021-11,0
LN108803,2024-02,0
LN106448,2022-11,1
LN107376,2025-02,0
LN101778,2024-10,0
LN105925,2025-10,0
LN105164,2023-02,0
LN107582,2023-12,0
LN106627,2025-04,0
LN100264,2024-12,0
LN105440,2023-08,1
LN106860,2024-07,0
LN103627,2025-08,0
LN107800,2025-09,0
LN105100,2024-12,0
LN102922,2023-03,0
LN107608,2025-06,0
LN100569,2025-10,1
LN105822,2025-10,0
LN101867,2025-08,0
LN102992,2023-06,0
LN100478,2025-06,0
LN101947,2025-05,1
LN107347,2025-02,1
LN104633,2023-11,0
LN104200,2024-02,0
LN103183,2025-07,0
LN106892,2024-03,0
LN103773,2022-07,0
LN106698,2022-08,1
LN100453,2022-02,0
LN100836,2024-04,0
LN100684,2022-03,0
LN108331,2022-06,0
LN106624,2024-05,0
LN108380,2022-12,1
LN100099,2025-01,0
LN100387,2024-06,0
LN105894,2025-08,0
LN107980,2025-02,1
LN106917,2022-08,0
LN101937,2024-08,0
LN102044,2025-05,0
LN100124,2025-07,0
LN102733,2023-01,0
LN107835,2024-11,0
LN106689,2025-10,0
LN106595,2023-09,1
LN102562,2024-03,1
LN106419,2024-01,1
LN105784,2025-04,1
LN106694,2025-09,0
LN106542,2025-07,0
LN107788,2024-10,1
LN101288,2023-10,0
LN101362,2023-11,0
LN107829,2023-03,1
LN103636,2023-05,0
LN104398,2021-12,0
LN103240,2022-12,0
LN105341,2023-09,1
LN101819,2024-02,0
LN102134,2025-08,0
LN105232,2023-07,0
LN108550,2025-07,0
LN103115,2024-12,0
LN103130,2024-03,0
LN100868,2025-04,0
LN100833,2022-04,1
LN101879,2023-06,0
LN108988,2025-01,0
LN103773,2022-11,0
LN108942,2025-06,0
LN107563,2025-01,1
LN107412,2024-07,0
LN101443,2025-10,1
LN105000,2024-04,1
LN102488,2025-03,1
LN100623,2024-09,0
LN100577,2025-11,0
LN104371,2024-02,0
LN104397,2024-03,0
LN102763,2025-12,0
LN102290,2025-06,0
LN100727,2023-06,0
LN105525,2025-04,1
LN106758,2024-11,1
LN100579,2022-02,0
LN102591,2023-08,0
LN108671,2022-08,1
LN103920,2025-01,0
LN107188,2024-04,0
LN105152,2024-04,1
LN103145,2025-03,0
LN105952,2023-10,1
LN107576,2025-12,0
LN102263,2025-09,0
LN100990,2025-09,0
LN100762,2025-02,0
LN102202,2023-04,0
LN102852,2024-05,0
LN106210,2023-02,1
LN104290,2022-07,0
LN104169,2024-12,0
LN103658,2024-01,0
LN102075,2024-05,0
LN105608,2025-07,0
LN103925,2023-09,0
LN100507,2023-05,1
LN101007,2024-05,0
LN107801,2023-06,1
LN108781,2022-11,0
LN101696,2024-02,0
LN107180,2024-09,1
LN108321,2025-09,0
LN105529,2024-06,0
LN101621,2023-07,0
LN106212,2024-05,0
LN103756,2024-03,0
LN107346,2025-12,0
LN101477,2025-12,0
LN106871,2025-02,0
LN105146,2025-01,1
LN104218,2024-06,0
LN102628,2025-02,0
LN107194,2024-08,0
LN108406,2021-10,0
LN100093,2024-12,0
LN102528,2024-09,1
LN100995,2025-01,0
LN107995,2025-04,0
LN107910,2023-05,0
LN102473,2023-09,0
LN107506,2024-09,0
LN102909,2023-09,0
LN106345,2025-01,0
LN103727,2024-06,0
LN101056,2024-02,1
LN101949,2024-08,0
LN100702,2022-03,0
LN105837,2024-03,0
LN108563,2022-10,0
LN100237,2024-08,1
LN107345,2022-07,0
LN101925,2025-11,0
LN100542,2024-05,0
LN103593,2023-07,0
LN100383,2023-12,0
LN102686,2023-03,1
LN105887,2024-09,0
LN103451,2025-02,0
LN101977,2025-11,0
LN100407,2025-11,0
LN105681,2025-11,1
LN108431,2025-10,1
LN104607,2025-02,1
LN102582,2025-04,0
LN101179,2023-03,1
LN107597,2024-10,0
LN103613,2025-04,0
LN104516,2024-05,0
LN106960,2024-03,0
LN102222,2025-02,0
LN104386,2022-11,0
LN107273,2025-04,0
LN104162,2025-06,0
LN102182,2024-12,0
LN108201,2023-08,1
LN102537,2023-10,0
LN106577,2023-09,1
LN107113,2025-12,0
LN102432,2022-01,0
LN107615,2024-03,0
LN100624,2024-09,0
LN103786,2024-10,0
LN102803,2023-12,0
LN100412,2025-01,0
LN107375,2025-12,0
LN102575,2022-08,0
LN102734,2025-04,0
LN107026,2024-01,0
LN105233,2023-03,0
LN103641,2025-02,0
LN103990,2025-08,1
LN108939,2022-09,0
LN100701,2025-02,0
LN108495,2025-04,0
LN105677,2025-08,0
LN103792,2024-12,1
LN104586,2023-07,0
LN106185,2025-01,0
LN104669,2023-01,1
LN102858,2025-02,0
LN100338,2023-03,0
LN103316,2025-11,1
LN101851,2023-03,0
LN108933,2022-08,0
LN100687,2024-07,1
LN108656,2024-05,0
LN107120,2025-01,1
LN101501,2022-06,1
LN105198,2025-06,0
LN100525,2025-02,0
LN108175,2025-08,0
LN107848,2024-12,0
LN104937,2023-10,0
LN106034,2023-04,0
LN102255,2025-11,0
LN102250,2024-03,1
LN101879,2025-05,0
LN100272,2022-05,1
LN103617,2023-02,0
LN106535,2024-12,0
LN106438,2021-11,1
LN101849,2022-05,0
LN105771,2025-12,0
LN100206,2025-03,0
LN102399,2024-12,1
LN105616,2024-04,0
LN105803,2025-02,0
LN107612,2024-12,1
LN102645,2022-12,0
LN102292,2023-01,1
LN105083,2023-08,0
LN106284,2023-11,1
LN103296,2025-06,1
LN105795,2022-08,0
LN100764,2024-08,0
LN104116,2024-11,1
LN107796,2025-04,0
LN101403,2025-12,0
LN105322,2024-08,0
LN100538,2025-11,0
LN105224,2025-09,0
LN108088,2025-07,0
LN103956,2024-05,0
LN107220,2025-01,0
LN103593,2024-08,0
LN106639,2024-08,0
LN107446,2024-05,0
LN105047,2025-10,0
LN104171,2025-09,0
LN103092,2024-04,1
LN104757,2023-06,1
LN102711,2024-03,1
LN105176,2025-08,0
LN100703,2023-04,0
LN105581,2025-04,0
LN100345,2024-08,0
LN105604,2023-08,0
LN107748,2025-08,0
LN107207,2025-08,0
LN107509,2024-04,1
LN108719,2025-10,0
LN100178,2025-07,0
LN102352,2024-05,1
LN107075,2025-10,0
LN104772,2022-09,0
LN102529,2024-07,1
LN100264,2025-06,1
LN104477,2024-08,0
LN100758,2023-06,0
LN106975,2025-11,1
LN107992,2023-11,1
LN104080,2024-12,1
LN105621,2023-05,0
LN105266,2025-07,1
LN107844,2025-01,0
LN104081,2022-06,1
LN107466,2024-03,0
LN101952,2022-07,0
LN104589,2022-11,0
LN106239,2025-04,0
LN100322,2025-02,0
LN105598,2024-02,0
LN106926,2024-01,0
LN104718,2023-07,0
LN102620,2025-03,0
LN104060,2023-03,0
LN107349,2025-08,0
LN103405,2025-12,1
LN101930,2021-10,0
LN104064,2024-04,0
LN106927,2025-03,1
LN101163,2024-10,1
LN102812,2023-10,0
LN101951,2025-09,1
LN105510,2024-03,0
LN107759,2025-09,1
LN100077,2023-04,1
LN107032,2025-06,0
LN105621,2023-03,0
LN107118,2025-01,1
LN108597,2024-08,1
LN101336,2024-06,0
LN107710,2023-05,0
LN106117,2023-02,0
LN106591,2025-01,1
LN108604,2024-09,1
LN104592,2023-10,0
LN101949,2023-02,1
LN101900,2025-01,0
LN103083,2024-10,0
LN107943,2022-08,0
LN102811,2022-09,0
LN100017,2023-07,1
LN106397,2022-12,0
LN104559,2025-10,1
LN105396,2025-12,1
LN106616,2023-11,0
LN101635,2025-02,1
LN108870,2023-04,1
LN103811,2023-08,1
LN100017,2022-12,0
LN105627,2024-03,0
LN106437,2025-02,1
LN101216,2023-08,0
LN102660,2023-11,0
LN100513,2025-02,1
LN102579,2023-10,0
LN107291,2025-04,0
LN104404,2023-07,0
LN102115,2022-09,1
LN104050,2022-08,0
LN107525,2023-12,1
LN100320,2024-01,0
LN106210,2023-08,0
LN108671,2024-09,0
LN105814,2025-03,0
LN104212,2025-03,1
LN106798,2024-08,0
LN101772,2022-10,0
LN101888,2024-04,1
LN107688,2024-03,1
LN104325,2024-09,1
LN107024,2025-04,0
LN103890,2024-06,0
LN104181,2025-12,0
LN108662,2023-12,1
LN108199,2025-02,0
LN103138,2023-11,0
LN105632,2023-12,0
LN101031,2024-10,0
LN102091,2025-01,0
LN100528,2025-09,0
LN102407,2025-10,1
LN104175,2023-06,0
LN100949,2023-08,1
LN107647,2023-10,0
LN101689,2023-07,0
LN108453,2025-01,0
LN105428,2025-12,0
LN107799,2024-07,0
LN107906,2025-04,0
LN104359,2025-09,0
LN106340,2025-05,0
LN103707,2024-05,1
LN103523,2023-07,0
LN104638,2024-02,0
LN108981,2024-11,0
LN106164,2023-12,0
LN103431,2025-12,1
LN107235,2023-01,0
LN105357,2025-04,0
LN103241,2024-07,0
LN107974,2022-12,0
LN104392,2022-05,1
LN104909,2024-12,0
LN101403,2022-11,0
LN101373,2024-08,0
LN106758,2025-07,0
LN103051,2022-08,0
LN108121,2025-09,0
LN106750,2024-06,0
LN107184,2024-05,1
LN104177,2025-04,0
LN105845,2025-02,0
LN107888,2024-05,0
LN107311,2021-12,0
LN105598,2024-10,1
LN103506,2024-09,0
LN101861,2023-12,0
LN100517,2022-04,0
LN103780,2022-02,0
LN106317,2025-04,0
LN107201,2022-09,0
LN104968,2025-11,1
LN106312,2021-10,0
LN105931,2025-02,1
LN102202,2024-04,1
LN102235,2024-06,0
LN106075,2024-09,0
LN103194,2024-03,0
LN105138,2024-08,1
LN104912,2022-05,0
LN107701,2025-11,0
LN105237,2024-08,0
LN100137,2023-07,0
LN108065,2024-12,1
LN106538,2024-02,1
LN105812,2025-02,0
LN101016,2023-02,0
LN104062,2024-11,1
LN107770,2024-09,0
LN108278,2024-06,0
LN108017,2023-02,0
LN103277,2024-10,0
LN102063,2024-07,0
LN101123,2023-05,1
LN105428,2022-11,0
LN105842,2024-05,0
LN108967,2022-11,1
LN106825,2024-07,1
LN103371,2022-10,1
LN102579,2023-11,0
LN105892,2025-12,1
LN101278,2024-04,0
LN108917,2024-08,1
LN100899,2025-05,0
LN100988,2025-01,0
LN102795,2025-06,0
LN107143,2025-06,0
LN105209,2023-07,1
LN104383,2024-02,0
LN100014,2025-11,0
LN101535,2022-06,0
LN104975,2024-07,1
LN105370,2024-08,1
LN105168,2022-12,0
LN101655,2024-11,1
LN106795,2022-11,1
LN104717,2025-03,0
LN106114,2024-08,1
LN100633,2023-04,1
LN105708,2024-12,0
LN104301,2024-02,0
LN104874,2024-02,0
LN103398,2024-08,0
LN104402,2025-06,0
LN101244,2025-01,1
LN106417,2023-04,0
LN101783,2025-03,1
LN101106,2022-05,1
LN105686,2025-11,0
LN103929,2025-04,0
LN108277,2024-03,0
LN108425,2024-06,0
LN102745,2025-06,1
LN102202,2023-10,1
LN103629,2024-06,0
LN105555,2025-11,0
LN100024,2024-05,1
LN101167,2025-04,1
LN106103,2023-12,0
LN100927,2025-06,0
LN106094,2022-11,0
LN100080,2025-07,0
LN102811,2023-09,1
LN102497,2024-09,0
LN105895,2025-12,0
LN105460,2025-08,1
LN108741,2025-10,1
LN107548,2025-10,0
LN100086,2024-03,0
LN108684,2024-05,1
LN105212,2023-06,0
LN100197,2025-10,0
LN107944,2025-08,0
LN103069,2025-01,1
LN102499,2024-10,1
LN104243,2022-01,1
LN103074,2025-08,1
LN103743,2025-10,1
LN104705,2025-01,0
LN108507,2025-05,0
LN101481,2024-07,0
LN102682,2025-01,0
LN101521,2025-12,0
LN101022,2025-06,1
LN107400,2025-03,1
LN107360,2022-10,0
LN103241,2025-10,0
LN106156,2025-12,0
LN102193,2024-03,0
LN101186,2022-01,0
LN100783,2023-05,0
LN104464,2025-07,1
LN107601,2023-09,1
LN100540,2024-09,0
LN103821,2021-10,1
LN101482,2024-05,0
LN107566,2024-03,0
LN106044,2025-08,1
LN101463,2025-02,1
LN100882,2023-09,1
LN108508,2023-10,0
LN100031,2025-08,0
LN107503,2023-07,0
LN100283,2024-05,1
LN103840,2025-09,0
LN103724,2023-12,0
LN108042,2025-10,0
LN105571,2025-11,0
LN107670,2023-06,0
LN108609,2024-03,0
LN100016,2025-10,0
LN104626,2024-08,0
LN104870,2025-12,0
LN102018,2025-09,0
LN100341,2024-12,0
LN101259,2025-05,1
LN101852,2023-07,0
LN105353,2023-06,0
LN107242,2023-02,0
LN108184,2025-05,0
LN106015,2022-12,1
LN104977,2022-12,0
LN108344,2024-03,0
LN107549,2024-09,0
LN102342,2024-07,0
LN107446,2023-02,0
LN104752,2024-07,0
LN101371,2025-02,0
LN102908,2025-12,0
LN107722,2025-12,0
LN104186,2025-09,0
LN103298,2023-10,0
LN108299,2025-06,1
LN107830,2023-11,0
LN103883,2023-09,0
LN108801,2025-02,0
LN105255,2023-09,1
LN106179,2025-03,0
LN100546,2023-02,0
LN107763,2025-01,0
LN103995,2023-06,0
LN106385,2024-09,1
LN108142,2023-04,0
LN103367,2024-06,0
LN105753,2022-07,0
LN106488,2022-02,0
LN108447,2023-01,0
LN104461,2024-02,0
LN104554,2025-08,0
LN108834,2025-09,0
LN107535,2023-10,0
LN101501,2023-03,0
LN106229,2023-07,0
LN101760,2025-08,1
LN108442,2025-01,0
LN102883,2022-01,0
LN102079,2023-08,1
LN105274,2024-11,0
LN100338,2024-04,1
LN107045,2024-07,0
LN104247,2025-10,0
LN107789,2025-08,0
LN105677,2024-02,0
LN101574,2025-06,0
LN105625,2025-06,1
LN107179,2022-09,0
LN101099,2024-02,0
LN106798,2025-10,0
LN106673,2025-11,0
LN100537,2024-10,0
LN104568,2025-02,0
LN105698,2025-09,0
LN101604,2022-09,0
LN106052,2024-01,0
LN102354,2023-08,1
LN105008,2025-01,0
LN105812,2024-11,0
LN107800,2024-08,0
LN104014,2025-01,0
LN104040,2024-12,0
LN103823,2025-06,0
LN108156,2022-08,0
LN104964,2025-02,0
LN103689,2022-05,0
LN106670,2025-05,1
LN107189,2023-03,1
LN100810,2022-04,0
LN108369,2025-10,0
LN105115,2025-12,1
LN108557,2022-11,0
LN105465,2024-01,0
LN106632,2024-08,1
LN105157,2025-01,0
LN102814,2022-08,1
LN107362,2021-12,0
LN100436,2023-12,0
LN105407,2025-07,0
LN105274,2023-09,1
LN106575,2023-05,0
LN105700,2024-08,0
LN105673,2024-03,0
LN100203,2025-06,1
LN102039,2023-03,1
LN107598,2021-08,0
LN105192,2025-06,0
LN101114,2025-01,1
LN104182,2023-03,0
LN107393,2022-08,1
LN108119,2025-05,0
LN102081,2021-10,0
LN103857,2024-10,0
LN107187,2024-05,0
LN105616,2025-05,0
LN107969,2023-09,0
LN100287,2025-05,1
LN104829,2024-01,0
LN100847,2023-06,0
LN101766,2025-07,0
LN103602,2022-06,0
LN101003,2025-01,0
LN107567,2024-04,1
LN108717,2025-07,1
LN101132,2025-01,0
LN108866,2024-01,0
LN105304,2023-12,1
LN105279,2024-04,0
LN106190,2025-11,1
LN100430,2024-07,0
LN101748,2025-01,1
LN106614,2024-12,0
LN106110,2024-12,1
LN108056,2023-08,0
LN104340,2024-03,1
LN101031,2024-01,1
LN107586,2025-10,0
LN107592,2025-06,0
LN100464,2022-09,1
LN107366,2024-07,1
LN100535,2023-07,1
LN100698,2021-09,0
LN100868,2025-08,1
LN101049,2022-08,1
LN108302,2023-09,0
LN104865,2024-06,0
LN107188,2023-01,1
LN104902,2024-05,1
LN103134,2024-12,1
LN107170,2025-12,1
LN106246,2025-12,0
LN106469,2024-03,0
LN103877,2023-01,1
LN108994,2022-07,0
LN102441,2023-02,0
LN105011,2024-03,0
LN108256,2023-08,0
LN101768,2023-06,0
LN105638,2024-02,0
LN101799,2024-09,0
LN104983,2023-04,0
LN106640,2024-04,0
LN100734,2024-02,0
LN106562,2024-04,0
LN108601,2025-03,1
LN100393,2024-08,1
LN103143,2023-10,0
LN105088,2025-01,1
LN105557,2025-08,0
LN104656,2022-10,0
LN108869,2025-05,0
LN104167,2025-12,0
LN103602,2023-12,0
LN106762,2022-12,1
LN104164,2025-07,1
LN100000,2024-03,0
LN104720,2023-09,0
LN107826,2023-06,0
LN102568,2023-06,1
LN105506,2023-05,0
LN102743,2025-04,0
LN105912,2024-10,0
LN107901,2025-05,0
LN106568,2025-02,1
LN108120,2025-07,0
LN100085,2025-10,0
LN104620,2023-09,0
LN106061,2024-07,0
LN103255,2024-10,0
LN106717,2025-01,1
LN103809,2023-08,1
LN102779,2024-12,0
LN102718,2025-10,1
LN106977,2024-09,0
LN105566,2024-01,1
LN100071,2022-11,0
LN105365,2024-04,0
LN103691,2024-05,0
LN107737,2025-09,0
LN100532,2022-10,0
LN100501,2024-03,1
LN103992,2025-12,1
LN104126,2022-07,0
LN105256,2023-12,0
LN103754,2025-05,0
LN100253,2024-07,0
LN103723,2025-10,1
LN107511,2024-10,0
LN107614,2025-01,1
LN103170,2024-06,0
LN104268,2023-03,1
LN104589,2023-05,1
LN108764,2022-09,0
LN106666,2022-07,1
LN106909,2025-09,0
LN105851,2025-11,1
LN100454,2024-01,1
LN103241,2022-05,0
LN103141,2023-06,0
LN102320,2024-03,0
LN107328,2025-08,0
LN103416,2023-09,1
LN108751,2023-08,0
LN106249,2023-03,0
LN108333,2025-02,1
LN108546,2024-05,1
LN102751,2023-06,0
LN100415,2025-05,0
LN101268,2025-12,0
LN103863,2024-05,1
LN106639,2024-09,0
LN103239,2025-02,0
LN106214,2024-08,1
LN103540,2024-08,0
LN100304,2023-07,0
LN100389,2022-01,0
LN102602,2025-06,0
LN103176,2025-05,0
LN107779,2025-11,1
LN102825,2024-09,0
LN100095,2024-09,0
LN105708,2024-08,0
LN100840,2024-05,0
LN105815,2021-11,1
LN103912,2023-10,1
LN102602,2024-06,0
LN107650,2024-12,0
LN102007,2023-07,1
LN108402,2024-02,0
LN106582,2025-12,0
LN104277,2025-11,1
LN100961,2024-04,0
LN104725,2024-01,0
LN101076,2023-12,0
LN102529,2025-10,0
LN103296,2024-10,0
LN100126,2023-11,0
LN106766,2025-01,0
LN108947,2022-07,0
LN101350,2022-01,0
LN101339,2023-05,1
LN100577,2025-06,1
LN100788,2025-03,1
LN104732,2024-10,0
LN106305,2023-03,0
LN108991,2025-07,0
LN108266,2023-04,0
LN107912,2025-10,0
LN108470,2023-08,0
LN103133,2021-12,0
LN100805,2024-05,0
LN105218,2024-10,0
LN101753,2025-05,0
LN104118,2022-12,1
LN105790,2024-10,1
LN107105,2024-01,0
LN105336,2024-07,0
LN107319,2024-07,0
LN108189,2023-11,0
LN100476,2024-07,0
LN101037,2024-11,0
LN107987,2024-07,1
LN101618,2022-02,1
LN105011,2023-10,0
LN103715,2024-05,1
LN101363,2023-03,0
LN105587,2025-03,0
LN102412,2025-11,0
LN105384,2022-07,1
LN100091,2025-02,1
LN100763,2025-07,0
LN105894,2024-12,0
LN107560,2024-10,0
LN102668,2023-08,1
LN108495,2024-12,0
LN107673,2025-08,1
LN104069,2022-05,0
LN107548,2024-12,0
LN108495,2023-11,0
LN107873,2023-04,0
LN100665,2024-04,0
LN105023,2023-10,0
LN100444,2023-10,1
LN103447,2023-12,0
LN108105,2024-09,0
LN103807,2023-01,1
LN105777,2025-05,0
LN100082,2022-01,1
LN104082,2024-03,0
LN106897,2023-01,0
LN105413,2025-02,0
LN103576,2024-07,0
LN108031,2023-12,0
LN107629,2025-08,0
LN105428,2024-02,0
LN101706,2025-06,0
LN100349,2022-12,0
LN102064,2025-11,0
LN103621,2025-09,0
LN100075,2024-07,1
LN105245,2022-08,1
LN105788,2024-02,1
LN107902,2025-10,0
LN106736,2024-01,1
LN107330,2025-05,0
LN103581,2025-08,0
LN102786,2025-11,0
LN108431,2025-05,0
LN105263,2024-01,1
LN102301,2023-02,0
LN102475,2023-05,0
LN101329,2024-05,1
LN101840,2023-12,0
LN106320,2024-07,1
LN105584,2025-12,1
LN103709,2025-08,0
LN105241,2025-09,0
LN103695,2024-10,0
LN106312,2022-03,0
LN104028,2025-06,0
LN106864,2025-01,0
LN107656,2025-06,0
LN104033,2023-08,1
LN105418,2024-05,0
LN106267,2024-07,0
LN101687,2023-10,0
LN102967,2022-05,0
LN107369,2022-10,1
LN101868,2022-04,1
LN107802,2024-11,1
LN105792,2025-02,0
LN108701,2024-02,1
LN103689,2022-02,0
LN100902,2022-12,0
LN102415,2025-05,0
LN105668,2025-09,1
LN107519,2025-10,1
LN108197,2024-09,1
LN106640,2023-02,1
LN102641,2024-07,0
LN107527,2022-10,1
LN107433,2024-04,0
LN104767,2021-11,0
LN100096,2024-12,1
LN106047,2025-08,1
LN104362,2024-05,0
LN101654,2022-08,1
LN105204,2023-05,1
LN105370,2024-11,0
LN100374,2025-01,0
LN103968,2024-12,0
LN107777,2024-10,0
LN102389,2025-01,1
LN106700,2025-06,0
LN103115,2024-03,0
LN106305,2022-12,0
LN104808,2025-04,0
LN100307,2024-05,0
LN105711,2025-01,0
LN103858,2023-04,1
LN104728,2023-10,0
LN106248,2024-11,0
LN108591,2025-01,0
LN104525,2025-08,1
LN102533,2023-09,0
LN101479,2025-12,0
LN102367,2022-04,0
LN107928,2025-07,1
LN102998,2024-01,1
LN101874,2023-01,0
LN104953,2022-11,0
LN108156,2023-07,0
LN104532,2024-10,0
LN102996,2022-12,0
LN102104,2025-09,0
LN106507,2023-07,0
LN105077,2024-02,1
LN106605,2023-02,0
LN102866,2025-06,0
LN104999,2024-06,0
LN107550,2024-07,1
LN101875,2024-07,0
LN105572,2024-05,0
LN108539,2025-08,0
LN108134,2024-02,1
LN106089,2024-05,1
LN102493,2025-08,0
LN104530,2024-08,0
LN100279,2025-06,0
LN108089,2025-08,0
LN104913,2025-09,0
LN106230,2025-07,0
LN105058,2022-08,0
LN100947,2022-12,0
LN105275,2024-05,1
LN101451,2021-09,0
LN100580,2025-12,0
LN102635,2022-02,0
LN100035,2022-04,0
LN108044,2025-10,0
LN103508,2025-03,1
LN106082,2023-11,1
LN101178,2023-12,1
LN102923,2024-04,0
LN105609,2023-07,1
LN101783,2025-07,0
LN106252,2025-02,0
LN100831,2024-04,0
LN106204,2022-04,0
LN104100,2022-11,0
LN107927,2023-02,0
LN103160,2023-02,0
LN108382,2025-06,0
LN103509,2024-03,1
LN100657,2024-03,1
LN103797,2025-04,0
LN101875,2024-02,0
LN100714,2024-11,1
LN105521,2024-11,0
LN105960,2024-01,0
LN108009,2023-07,1
LN105392,2024-12,1
LN104083,2025-05,1
LN108521,2024-11,0
LN101944,2023-04,0
LN106318,2023-05,0
LN108037,2024-03,0
LN106707,2025-06,0
LN104407,2024-10,0
LN103496,2023-10,1
LN106619,2022-07,1
LN102992,2022-11,1
LN105076,2024-02,0
LN104698,2024-06,0
LN106531,2022-09,1
LN102884,2024-02,0
LN107933,2025-12,0
LN100031,2025-09,0
LN108440,2023-06,0
LN107061,2023-05,1
LN108368,2023-12,1
LN105638,2022-10,0
LN108254,2024-10,0
LN100849,2025-01,0
LN108629,2022-04,1
LN105492,2023-06,1
LN108159,2025-03,0
LN104220,2023-08,1
LN106420,2025-06,0
LN103463,2023-09,0
LN104730,2025-12,0
LN107611,2024-05,0
LN108801,2024-07,0
LN102466,2022-09,0
LN107717,2025-03,0
LN103314,2025-12,1
LN105826,2023-04,0
LN104736,2023-08,1
LN108315,2022-07,0
LN105563,2021-12,1
LN105578,2024-04,1
LN104416,2025-01,0
LN104749,2025-10,0
LN104178,2024-08,0
LN107457,2025-08,0
LN100989,2024-04,0
LN100396,2024-10,0
LN101644,2025-09,0
LN106509,2025-10,1
LN103500,2023-09,0
LN107649,2024-10,0
LN102157,2023-12,0
LN107984,2025-05,0
LN101992,2025-09,0
LN108734,2024-03,0
LN108673,2024-03,0
LN103030,2024-05,0
LN102435,2023-07,0
LN105239,2024-10,0
LN100305,2022-10,0
LN101677,2025-01,0
LN103647,2024-05,0
LN105320,2025-08,1
LN100407,2023-05,0
LN103133,2023-08,0
LN106707,2023-05,1
LN106489,2024-08,0
LN104237,2024-04,0
LN106492,2025-06,0
LN102538,2025-09,0
LN107124,2022-06,0
LN106289,2025-01,0
LN101365,2022-12,0
LN102555,2022-08,1
LN108931,2025-02,1
LN100487,2023-06,1
LN105557,2023-11,1
LN106821,2025-05,0
LN107245,2024-07,1
LN108746,2022-12,0
LN106041,2023-11,1
LN106257,2025-01,0
LN101062,2022-06,0
LN101026,2022-07,0
LN105060,2025-06,0
LN106455,2023-09,1
LN108581,2022-04,0
LN106932,2024-11,0
LN106637,2022-02,1
LN101977,2025-08,0
LN104878,2024-04,0
LN106734,2024-12,0
LN105387,2025-07,0
LN108128,2022-04,1
LN106455,2023-04,0
LN107312,2023-08,1
LN106509,2021-09,1
LN106312,2024-05,0
LN107032,2025-07,1
LN107606,2024-06,0
LN102806,2024-12,0
LN102704,2022-12,0
LN107283,2025-11,1
LN108443,2022-05,1
LN108204,2025-03,0
LN107993,2023-09,1
LN100035,2024-11,1
LN108661,2022-02,1
LN107288,2023-10,0
LN103923,2023-06,0
LN105703,2023-02,0
LN102815,2023-09,0
LN105887,2024-04,1
LN102016,2023-01,0
LN102142,2025-01,1
LN106395,2023-04,0
LN106049,2025-09,0
LN102477,2024-05,0
LN105206,2024-08,0
LN104384,2023-08,0
LN104492,2024-05,0
LN108937,2025-08,0
LN104704,2024-06,1
LN108139,2024-03,1
LN105034,2025-10,0
LN105461,2024-09,0
LN106066,2025-01,0
LN102878,2024-11,0
LN108196,2024-06,1
LN101560,2022-09,1
LN105772,2025-05,0
LN101349,2025-06,1
LN105957,2025-07,1
LN101428,2024-12,0
LN106862,2025-05,0
LN104527,2025-04,1
LN107605,2022-09,1
LN102890,2025-09,0
LN105126,2024-12,0
LN102771,2025-07,0
LN100841,2024-03,0
LN107422,2023-07,0
LN100890,2025-09,1
LN106900,2023-09,1
LN101865,2025-01,0
LN103142,2024-02,1
LN105859,2024-03,0
LN103311,2025-12,0
LN104142,2022-06,0
LN102166,2025-04,1
LN102150,2023-08,0
LN101315,2025-02,0
LN103432,2024-02,0
LN103500,2023-11,0
LN108388,2025-03,1
LN106449,2024-03,0
LN106864,2024-12,0
LN101299,2022-09,1
LN106169,2024-08,0
LN105916,2024-04,1
LN100351,2023-05,0
LN107008,2025-03,0
LN107778,2023-03,0
LN103410,2023-03,0
LN101438,2024-08,0
LN101534,2024-05,0
LN101723,2024-01,0
LN102009,2025-11,0
LN104083,2024-11,0
LN106830,2025-08,1
LN103145,2023-08,0
LN105178,2022-10,0
LN107609,2022-05,0
LN105491,2024-05,1
LN104957,2024-03,0
LN107196,2024-10,0
LN104095,2023-10,0
LN103331,2025-06,0
LN103716,2024-04,0
LN100565,2024-02,0
LN101084,2024-10,0
LN100090,2023-12,0
LN106415,2023-07,0
LN105519,2025-03,0
LN107369,2025-10,0
LN100076,2023-03,1
LN103467,2023-01,0
LN105743,2023-05,1
LN103481,2022-10,0
LN103471,2025-02,1
LN106779,2025-06,0
LN107035,2022-06,1
LN100687,2025-10,0
LN104366,2024-01,1
LN101806,2024-03,0
LN106492,2023-09,0
LN104565,2023-09,0
LN101864,2025-04,1
LN101025,2025-02,1
LN108856,2022-02,0
LN100276,2024-02,0
LN103586,2024-02,0
LN105323,2023-11,0
LN104586,2024-02,0
LN105603,2023-04,0
LN103857,2021-09,0
LN100378,2023-02,1
LN104516,2023-10,0
LN107626,2024-09,1
LN108206,2025-02,0
LN102506,2024-11,0
LN100822,2025-05,1
LN105846,2023-04,1
LN105140,2024-05,0
LN100458,2024-06,1
LN105385,2024-09,0
LN108970,2023-09,1
LN101638,2025-01,0
LN107504,2025-03,0
LN101761,2024-04,0
LN106261,2025-01,0
LN102971,2022-03,1
LN104785,2025-04,0
LN103898,2024-01,1
LN106733,2025-10,1
LN105163,2025-04,0
LN104188,2024-07,0
LN101816,2025-05,0
LN100380,2023-11,0
LN102617,2023-11,0
LN102261,2025-08,1
LN105829,2023-07,0
LN108582,2025-12,0
LN105830,2023-07,1
LN108640,2024-05,0
LN106154,2022-02,0
LN105305,2025-06,1
LN107836,2025-01,0
LN103862,2025-02,1
LN103009,2024-07,0
LN101595,2023-11,1
LN101664,2024-10,0
LN108961,2023-11,1
LN105624,2023-07,0
LN107367,2024-04,0
LN105682,2023-03,0
LN103956,2023-05,0
LN108589,2024-07,0
LN106660,2025-09,1
LN105230,2023-06,0
LN102410,2024-05,0
LN107233,2024-05,0
LN102663,2024-03,0
LN107587,2022-10,0
LN103075,2025-05,0
LN104158,2024-03,0
LN107283,2024-03,1
LN103405,2025-04,0
LN104913,2024-04,1
LN108057,2025-01,0
LN103979,2025-09,0
LN104776,2023-08,0
LN105821,2023-12,0
LN104545,2025-04,1
LN103169,2024-10,0
LN101653,2025-02,1
LN101771,2025-07,0
LN106235,2023-11,1
LN106003,2025-06,1
LN101288,2025-12,1
LN105036,2025-02,0
LN106373,2025-05,0
LN105259,2022-08,0
LN107870,2023-05,0
LN104341,2025-07,0
LN103509,2024-10,0
LN104298,2024-05,1
LN106312,2022-08,1
LN102174,2025-04,0
LN107669,2022-09,1
LN102383,2025-11,0
LN104875,2024-08,1
LN100126,2025-12,0
LN105469,2023-08,0
LN105565,2024-07,0
LN106142,2025-12,1
LN107575,2025-04,0
LN107040,2023-07,1
LN100068,2021-12,0
LN101364,2024-08,0
LN106722,2025-01,0
LN108972,2024-03,1
LN100665,2024-01,1
LN104602,2024-02,1
LN106933,2025-12,1
LN102462,2025-06,0
LN108197,2024-10,0
LN102407,2025-05,0
LN104178,2024-01,0
LN107867,2022-10,0
LN105171,2023-10,0
LN106418,2025-11,0
LN104410,2024-10,0
LN107046,2024-10,0
LN106330,2023-11,0
LN103523,2022-09,0
LN104469,2024-05,1
LN102750,2025-06,0
LN104666,2022-11,0
LN103274,2025-07,1
LN105091,2023-03,1
LN100546,2024-12,1
LN102702,2023-05,0
LN108365,2024-08,0
LN101737,2022-07,0
LN102852,2024-10,0
LN101187,2025-02,1
LN105896,2025-03,1
LN107923,2025-06,0
LN103544,2023-10,0
LN108442,2024-03,0
LN106865,2025-02,0
LN103974,2023-11,0
LN107976,2024-09,0
LN107385,2022-04,1
LN101624,2023-12,1
LN108604,2023-06,1
LN108052,2025-06,0
LN106086,2024-03,0
LN105034,2025-03,0
LN101432,2024-09,0
LN104836,2025-05,0
LN103016,2023-08,0
LN102665,2024-12,1
LN107006,2024-02,0
LN101115,2023-07,1
LN105602,2023-12,0
LN104772,2024-01,0
LN103573,2025-03,0
LN107425,2025-09,1
LN101125,2025-09,0
LN105415,2025-07,0
LN101810,2024-09,0
LN106013,2023-07,0
LN102673,2023-06,0
LN103679,2025-09,0
LN107339,2023-09,1
LN108736,2023-08,1
LN104607,2024-03,0
LN100517,2024-08,0
LN107191,2024-12,0
LN107225,2024-08,0
LN101591,2023-12,0
LN105995,2025-11,0
LN107969,2025-07,1
LN107243,2025-03,0
LN106987,2023-09,1
LN103413,2021-11,1
LN102182,2024-11,0
LN107403,2022-12,0
LN108478,2025-09,1
LN103194,2024-07,0
LN103843,2024-02,0
LN103217,2025-05,0
LN104216,2024-07,1
LN103034,2025-07,1
LN107602,2024-04,0
LN106788,2023-03,0
LN101852,2024-11,0
LN105860,2024-04,0
LN104799,2023-08,1
LN104859,2025-01,0
LN105063,2024-03,0
LN104744,2024-04,0
LN103597,2025-08,1
LN106877,2022-11,0
LN103726,2021-12,0
LN100227,2024-07,0
LN105610,2022-06,0
LN106649,2024-07,1
LN100999,2024-01,0
LN105959,2025-01,0
LN102369,2023-11,1
LN105116,2025-08,1
LN105852,2024-08,0
LN106322,2023-12,0
LN107449,2024-10,0
LN103580,2025-03,0
LN108554,2024-11,1
LN101974,2023-06,0
LN105701,2023-07,1
LN101033,2024-11,1
LN102463,2024-06,1
LN107938,2024-02,0
LN100102,2025-11,0
LN100251,2024-05,1
LN107581,2025-05,0
LN102407,2025-04,0
LN104505,2022-10,0
LN103478,2024-08,0
LN104867,2025-01,1
LN103157,2025-03,0
LN100990,2024-07,0
LN104901,2025-06,1
LN100903,2025-05,0
LN106255,2022-01,1
LN104562,2024-07,1
LN105174,2022-11,0
LN102424,2024-02,0
LN107640,2023-09,1
LN105599,2025-04,1
LN100571,2022-12,0
LN104433,2022-06,0
LN102222,2023-11,0
LN106374,2025-02,0
LN108077,2023-05,1
LN102021,2023-11,1
LN100075,2023-02,0
LN106598,2025-03,0
LN100808,2025-06,1
LN100396,2023-11,0
LN101680,2025-05,1
LN107140,2025-09,1
LN104386,2024-05,1
LN106016,2025-05,0
LN108510,2025-04,0
LN108732,2025-11,0
LN108389,2024-04,1
LN105520,2024-06,1
LN103737,2023-08,0
LN100695,2023-06,1
LN108024,2022-06,1
LN106864,2025-10,1
LN103416,2025-07,0
LN105393,2025-02,0
LN107037,2024-08,1
LN104099,2023-05,0
LN107995,2023-07,0
LN103619,2022-02,1
LN106616,2025-04,0
LN101876,2024-12,0
LN101621,2025-12,0
LN104487,2023-01,0
LN107427,2024-07,0
LN100006,2022-03,0
LN103294,2024-01,0
LN108311,2025-03,1
LN108319,2023-05,0
LN103071,2023-07,0
LN107164,2025-09,1
LN108424,2022-02,0
LN108967,2024-06,0
LN108442,2023-04,0
LN101769,2022-03,0
LN105079,2025-09,0
LN106293,2025-05,1
LN105844,2025-09,0
LN108752,2024-05,1
LN106484,2024-02,0
LN102753,2024-05,0
LN107211,2022-03,0
LN104922,2025-04,0
LN106592,2024-12,1
LN100832,2024-10,1
LN106166,2023-02,0
LN103791,2022-10,0
LN102974,2022-10,0
LN105722,2025-01,0
LN107333,2023-08,1
LN108768,2022-05,1
LN104096,2024-02,1
LN108466,2025-08,0
LN108639,2023-09,0
LN102936,2024-04,0
LN102190,2023-01,0
LN106612,2025-01,1
LN100264,2025-02,0
LN106294,2025-04,0
LN104088,2025-04,1
LN104836,2024-12,0
LN103523,2025-10,0
LN103559,2024-05,1
LN100093,2025-04,0
LN106139,2023-03,0
LN100962,2024-12,0
LN107492,2023-08,0
LN102240,2025-08,0
LN100725,2022-10,0
LN101567,2025-08,0
LN105254,2023-01,0
LN102576,2022-09,0
LN100391,2025-01,0
LN105606,2023-08,0
LN103514,2025-09,0
LN103618,2024-05,0
LN106853,2022-01,1
LN102628,2023-09,0
LN104184,2022-07,1
LN108693,2024-05,0
LN105564,2025-12,0
LN104426,2025-07,1
LN102655,2025-01,0
LN108197,2025-03,1
LN101118,2025-02,0
LN101330,2025-12,0
LN101350,2022-12,0
LN103097,2023-04,0
LN104298,2024-04,1
LN100068,2025-02,0
LN101358,2024-12,0
LN102629,2025-02,0
LN106025,2025-05,0
LN100995,2024-07,0
LN105651,2024-02,1
LN103204,2024-05,1
LN105166,2025-10,0
LN100278,2025-01,0
LN101900,2025-06,0
LN101384,2023-03,1
LN105311,2025-09,0
LN106177,2024-03,1
LN100990,2023-12,0
LN100350,2025-08,1
LN107226,2022-01,0
LN102975,2025-07,0
LN100514,2025-11,0
LN103926,2023-12,0
LN107527,2022-05,0
LN107210,2024-06,1
LN108133,2022-10,0
LN103679,2024-12,0
LN105117,2023-11,0
LN100383,2023-10,0
LN104632,2025-03,0
LN104164,2025-03,0
LN103650,2025-03,0
LN106729,2024-05,0
LN101684,2023-03,0
LN105453,2024-03,0
LN104991,2024-01,0
LN107287,2023-02,1
LN107032,2024-10,1
LN105484,2023-12,0
LN108053,2024-06,0
LN103970,2024-11,0
LN105091,2023-04,1
LN105193,2024-05,0
LN103748,2024-10,1
LN105925,2021-12,0
LN107391,2023-12,1
LN100232,2025-10,0
LN107006,2023-08,0
LN108672,2022-06,1
LN100450,2025-11,0
LN108227,2025-03,1
LN104063,2023-05,0
LN105017,2025-06,1
LN103213,2025-01,1
LN106146,2024-02,0
LN107512,2024-11,1
LN100580,2024-09,0
LN105308,2024-01,0
LN106723,2024-05,0
LN105597,2025-09,0
LN106723,2024-12,1
LN105885,2024-09,0
LN101186,2024-11,0
LN107424,2025-06,0
LN108744,2023-01,0
LN100920,2024-10,0
LN104166,2024-03,1
LN104934,2025-08,0
LN106325,2024-12,0
LN101587,2022-01,0
LN106471,2025-06,1
LN105927,2024-12,0
LN100766,2024-09,0
LN100985,2023-10,0
LN106436,2025-03,0
LN108480,2024-08,0
LN108443,2024-11,0
LN107319,2022-06,0
LN103138,2023-07,0
LN108213,2024-02,0
LN108963,2023-09,0
LN100622,2023-01,0
LN106476,2023-05,0
LN103147,2025-11,1
LN104524,2024-05,0
LN106338,2024-04,0
LN105594,2025-04,1
LN101261,2024-12,1
LN105220,2025-04,0
LN107938,2023-08,1
LN103266,2024-03,1
LN104201,2024-03,0
LN106681,2023-05,1
LN103352,2022-09,0
LN101769,2022-09,0
LN108583,2025-03,0
LN103989,2023-10,0
LN103468,2023-09,1
LN106466,2024-10,0
LN103268,2024-02,0
LN100769,2023-10,0
LN108466,2023-04,0
LN103173,2023-05,1
LN105754,2024-12,0
LN101048,2024-10,0
LN106972,2025-01,0
LN102167,2025-07,0
LN105461,2023-08,0
LN103975,2025-01,0
LN104518,2024-09,1
LN105067,2024-01,0
LN107404,2025-09,0
LN105099,2023-06,0
LN102498,2023-06,1
LN103754,2023-11,0
LN101463,2023-03,1
LN103258,2024-12,0
LN103886,2022-02,0
LN100026,2024-01,0
LN103124,2023-11,0
LN108278,2022-07,0
LN104953,2025-10,0
LN107285,2025-07,0
LN100894,2024-10,1
LN106826,2025-12,0
LN100691,2025-02,0
LN102898,2024-09,0
LN105520,2025-01,1
LN101477,2023-12,0
LN100117,2022-03,0
LN108991,2023-06,0
LN100373,2024-03,0
LN104470,2025-10,0
LN106264,2025-12,1
LN105884,2025-07,0
LN107410,2022-10,1
LN107349,2025-02,0
LN100833,2023-01,0
LN106413,2023-03,0
LN100746,2023-05,0
LN103156,2025-04,0
LN102369,2024-12,0
LN107360,2023-07,1
LN108440,2024-04,1
LN108736,2023-11,0
LN108738,2024-10,0
LN106769,2022-12,0
LN103560,2025-03,0
LN108381,2023-01,1
LN105018,2024-08,1
LN107678,2024-10,1
LN107710,2024-08,0
LN105757,2024-12,1
LN102459,2022-06,1
LN102493,2024-02,0
LN106961,2024-08,1
LN102740,2024-05,0
LN108947,2024-03,0
LN100885,2025-02,1
LN104110,2024-03,0
LN104018,2024-03,0
LN107336,2025-11,0
LN107726,2023-08,0
LN103612,2025-01,1
LN104968,2022-06,0
LN106567,2023-04,1
LN102504,2024-08,0
LN100689,2025-08,0
LN108780,2025-07,1
LN104983,2023-05,0
LN102746,2025-09,0
LN103126,2025-08,0
LN101001,2025-03,0
LN104250,2025-05,1
LN102735,2022-04,0
LN108544,2023-08,0
LN100897,2024-11,0
LN102991,2025-03,0
LN101593,2021-08,1
LN108108,2024-07,0
LN103092,2025-08,1
LN101184,2025-03,0
LN102208,2024-11,0
LN108658,2024-03,1
LN108516,2023-07,0
LN102433,2025-04,0
LN105116,2022-12,0
LN100384,2024-05,0
LN108539,2025-09,0
LN103436,2024-12,1
LN103624,2025-04,0
LN101404,2024-06,0
LN108919,2025-09,0
LN104788,2024-04,1
LN108037,2024-11,1
LN106247,2024-04,0
LN103395,2024-08,1
LN100549,2025-09,0
LN105777,2022-05,1
LN104184,2024-08,1
LN104398,2023-12,0
LN106594,2025-11,1
LN108110,2025-12,0
LN107294,2022-05,0
LN101297,2025-02,0
LN102017,2025-08,0
LN107376,2025-01,1
LN107499,2024-07,0
LN104407,2025-07,1
LN103789,2022-08,0
LN104544,2025-01,0
LN103728,2024-05,0
LN107527,2024-02,0
LN100434,2024-12,0
LN104973,2025-05,0
LN103531,2022-06,0
LN102187,2023-05,0
LN108814,2023-06,0
LN102093,2023-04,0
LN105164,2023-03,0
LN104213,2024-08,0
LN108516,2023-10,0
LN107469,2022-04,0
LN103987,2023-07,1
LN108133,2024-01,0
LN108955,2025-07,0
LN105251,2025-02,0
LN103588,2024-11,0
LN102149,2025-05,0
LN104412,2023-11,0
LN104916,2022-10,1
LN101187,2024-02,0
LN105559,2025-07,1
LN100213,2023-09,0
LN107942,2024-10,0
LN102471,2024-04,1
LN108531,2025-09,1
LN102210,2024-02,1
LN104131,2024-11,0
LN106015,2022-10,0
LN103975,2024-04,0
LN104233,2024-07,0
LN104750,2025-06,0
LN105541,2023-12,1
LN107956,2024-04,0
LN108497,2022-06,1
LN105922,2025-11,0
LN102869,2022-04,0
LN101943,2023-04,0
LN104458,2024-09,1
LN104235,2023-06,0
LN104915,2025-05,0
LN103154,2022-07,0
LN102731,2024-04,1
LN101487,2023-07,0
LN106395,2023-09,0
LN101807,2024-07,1
LN108299,2023-01,1
LN102263,2025-04,0
LN105684,2023-05,0
LN107840,2023-04,0
LN103139,2023-04,0
LN100625,2023-11,0
LN100413,2024-11,0
LN108660,2024-10,0
LN102171,2025-03,0
LN107622,2025-01,0
LN105380,2023-12,0
LN103847,2024-01,0
LN103230,2024-12,0
LN100944,2025-04,0
LN103893,2022-09,0
LN108447,2023-05,0
LN104263,2025-02,1
LN105975,2023-09,0
LN100278,2022-12,1
LN108835,2023-03,1
LN106826,2025-09,1
LN102262,2023-07,0
LN103124,2024-01,0
LN100317,2024-11,1
LN107023,2025-05,0
LN100748,2023-01,0
LN108390,2025-05,0
LN100510,2024-12,0
LN102864,2023-09,0
LN101873,2025-06,0
LN100611,2025-03,0
LN104280,2024-02,0
LN104565,2023-03,0
LN102586,2025-06,0
LN106737,2023-11,0
LN104516,2024-03,1
LN105302,2022-07,0
LN104144,2022-02,0
LN102503,2023-11,1
LN108283,2023-07,0
LN100315,2024-10,0
LN104396,2024-05,0
LN108051,2025-03,0
LN106792,2025-11,0
LN101992,2024-09,0
LN104593,2024-03,0
LN101849,2025-08,1
LN101296,2025-09,0
LN102985,2025-03,1
LN106908,2025-01,1
LN106009,2024-03,0
LN102838,2025-02,1
LN106590,2022-04,1
LN107993,2025-08,0
LN106326,2024-09,0
LN104640,2025-02,0
LN102399,2025-01,0
LN106844,2023-01,1
LN104100,2023-05,1
LN102528,2025-05,0
LN106491,2023-08,1
LN107793,2023-10,0
LN100582,2023-05,0
LN104055,2024-01,0
LN100478,2025-03,0
LN102156,2023-04,0
LN105043,2025-09,0
LN105728,2022-12,0
LN100820,2021-10,0
LN102550,2025-08,0
LN105226,2023-08,0
LN105973,2023-04,0
LN102743,2024-10,1
LN108827,2023-06,0
LN104244,2024-02,0
LN101856,2024-06,0
LN108070,2025-12,1
LN107345,2025-12,0
LN106463,2023-04,0
LN103437,2024-09,0
LN101390,2023-08,0
LN106010,2023-12,0
LN107046,2024-03,0
LN101482,2023-10,1
LN104755,2024-01,0
LN102985,2024-10,1
LN106762,2023-12,0
LN105945,2022-09,0
LN100900,2022-11,0
LN107408,2025-02,0
LN108790,2024-01,0
LN107137,2025-03,1
LN104182,2023-01,0
LN108485,2025-07,1
LN108686,2023-08,0
LN102320,2025-02,0
LN105342,2025-10,1
LN108548,2024-01,1
LN105644,2023-12,1
LN102995,2023-12,0
LN102146,2022-10,0
LN108893,2025-12,1
LN108933,2022-10,1
LN100561,2025-12,0
LN104634,2023-07,0
LN107235,2022-12,1
LN100393,2025-11,0
LN100377,2025-02,0
LN106800,2025-03,0
LN103278,2025-09,0
LN107265,2024-02,0
LN101017,2023-08,1
LN107489,2022-06,0
LN103079,2024-02,0
LN104711,2024-11,0
LN104537,2024-05,0
LN106801,2022-01,1
LN105766,2022-08,0
LN108244,2024-02,1
LN103929,2025-12,0
LN107467,2024-05,0
LN107031,2025-04,0
LN100790,2023-10,0
LN100337,2022-08,0
LN108549,2025-09,0
LN103149,2024-12,0
LN104402,2025-03,0
LN103027,2024-12,1
LN106967,2025-06,0
LN104582,2024-11,0
LN108139,2023-10,0
LN102718,2024-03,1
LN106567,2025-01,0
LN106109,2024-11,0
LN103270,2023-12,1
LN105958,2024-01,0
LN105010,2025-04,1
LN106531,2022-07,0
LN105142,2023-12,1
LN106227,2025-11,0
LN100930,2024-09,0
LN108237,2023-09,0
LN105154,2025-10,0
LN107647,2022-04,0
LN107343,2024-09,0
LN100748,2025-03,0
LN105298,2023-02,0
LN106859,2025-07,0
LN100620,2025-08,0
LN108440,2023-07,0
LN106126,2023-05,0
LN102231,2023-12,0
LN100386,2021-11,0
LN108397,2024-08,1
LN106112,2024-06,1
LN107436,2025-04,0
LN108331,2023-01,1
LN107144,2023-04,1
LN103713,2023-11,0
LN107261,2022-07,0
LN104816,2024-10,0
LN108855,2024-03,0
LN108919,2025-04,0
LN104206,2024-11,0
LN104157,2023-03,1
LN107419,2024-02,0
LN103417,2025-05,0
LN102540,2025-05,1
LN100871,2023-01,0
LN103433,2025-01,1
LN108702,2025-04,0
LN100410,2025-07,0
LN108079,2025-08,0
LN105115,2022-06,0
LN105610,2023-06,0
LN103834,2022-04,1
LN103248,2022-07,0
LN100732,2025-07,0
LN100973,2023-11,0
LN105855,2024-03,0
LN101581,2022-05,1
LN105532,2025-06,0
LN101957,2024-06,0
LN103118,2024-08,0
LN107387,2023-07,0
LN101487,2023-06,0
LN104554,2024-12,1
LN108594,2023-11,1
LN104439,2023-10,0
LN107645,2025-09,0
LN106369,2025-07,0
LN103791,2024-01,0
LN104100,2023-06,1
LN103736,2025-04,0
LN100613,2024-01,1
LN106999,2025-10,1
LN107507,2024-10,0
LN107991,2023-10,0
LN100267,2023-08,0
LN101793,2022-11,0
LN101856,2023-04,1
LN106482,2025-04,0
LN107286,2025-11,0
LN103509,2024-08,0
LN108937,2025-10,1
LN108246,2023-10,1
LN101033,2024-02,1
LN107870,2024-06,0
LN103001,2023-12,1
LN103602,2024-04,0
LN102440,2025-04,1
LN103168,2025-09,0
LN100992,2022-12,0
LN106376,2023-09,0
LN106124,2025-12,0
LN102789,2024-08,0
LN102612,2025-01,0
LN104395,2025-09,1
LN104921,2025-12,0
LN106646,2024-03,0
LN101358,2023-08,0
LN105084,2025-08,0
LN105495,2025-07,1
LN102422,2025-12,1
LN106366,2025-09,0
LN103523,2025-11,1
LN103179,2024-01,0
LN102832,2025-12,0
LN107091,2024-12,0
LN105579,2025-09,0
LN100817,2023-11,1
LN104963,2023-02,0
LN100650,2025-03,0
LN104025,2022-11,0
LN105547,2022-08,0
LN101365,2022-03,1
LN105625,2024-05,1
LN102673,2022-11,0
LN105454,2022-11,0
LN102582,2024-02,1
LN102309,2023-07,0
LN104004,2025-04,0
LN103617,2024-09,0
LN107089,2025-12,0
LN103681,2023-11,0
LN107434,2023-11,0
LN108896,2023-08,0
LN103187,2023-10,0
LN107373,2024-02,1
LN106000,2023-11,1
LN103072,2022-11,0
LN107337,2024-09,0
LN106309,2022-10,0
LN105102,2025-12,0
LN104372,2023-12,0
LN104647,2023-04,1
LN101387,2023-01,1
LN108640,2025-06,0
LN106595,2024-11,0
LN108629,2022-09,0
LN103320,2024-07,1
LN105274,2024-10,0
LN103071,2023-04,0
LN106829,2023-05,1
LN102805,2024-11,1
LN106560,2023-12,0
LN103915,2022-11,0
LN104564,2025-07,0
LN108273,2024-05,0
LN106350,2025-10,0
LN103954,2025-10,1
LN102418,2022-09,0
LN101655,2024-04,1
LN106320,2024-05,0
LN102357,2024-11,0
LN105339,2025-02,0
LN104407,2023-12,1
LN104611,2025-05,1
LN105762,2023-07,0
LN101678,2025-04,1
LN100562,2023-09,0
LN108761,2024-04,0
LN101518,2025-08,1
LN106479,2023-01,1
LN103931,2021-12,0
LN102803,2025-01,1
LN100993,2025-02,0
LN102283,2025-03,1
LN105517,2025-05,0
LN105198,2024-02,0
LN104558,2025-02,1
LN103078,2024-12,1
LN108513,2024-07,0
LN106124,2024-05,0
LN108683,2025-11,0
LN101885,2022-12,0
LN105214,2025-02,0
LN105306,2024-03,0
LN102858,2025-03,0
LN103305,2023-10,0
LN105559,2022-06,1
LN106754,2025-09,1
LN104414,2024-08,1
LN102327,2025-02,0
LN102842,2025-03,0
LN107001,2024-05,0
LN104008,2023-08,1
LN100865,2025-05,0
LN103235,2025-04,0
LN101247,2024-02,0
LN103941,2022-12,1
LN105211,2022-06,1
LN104549,2024-10,1
LN108493,2025-10,0
LN100939,2025-10,0
LN106837,2025-06,0
LN108257,2025-11,0
LN107326,2024-03,0
LN100971,2024-01,0
LN105068,2021-11,0
LN104698,2025-05,1
LN107265,2024-06,1
LN101593,2023-05,0
LN106119,2025-10,0
LN106335,2024-11,1
LN108319,2024-07,1
LN104499,2024-12,0
LN100790,2024-12,0
LN102838,2022-07,0
LN106828,2023-09,0
LN102483,2024-02,0
LN104132,2025-01,0
LN108013,2025-03,1
LN100064,2023-02,1
LN104325,2025-11,0
LN103792,2025-05,0
LN101275,2024-10,1
LN104333,2024-11,0
LN104892,2025-08,0
LN103152,2025-01,0
LN103964,2025-02,0
LN105993,2025-06,0
LN105457,2024-12,1
LN100129,2024-04,0
LN106024,2024-10,0
LN108814,2024-03,0
LN106681,2024-09,0
LN103950,2024-07,0
LN108640,2023-12,1
LN100580,2023-03,1
LN108933,2023-11,0
LN102110,2023-06,0
LN106016,2024-07,1
LN108394,2022-04,1
LN100191,2025-11,0
LN106521,2021-11,0
LN104893,2021-11,0
LN104065,2025-08,0
LN105345,2024-04,0
LN103607,2025-03,0
LN102493,2024-05,1
LN106301,2022-04,1
LN105091,2025-09,1
LN107493,2023-11,1
LN104451,2022-12,0
LN101996,2025-12,0
LN104458,2022-07,1
LN108425,2025-07,0
LN103801,2024-06,0
LN106802,2024-10,0
LN108502,2023-01,0
LN105716,2025-07,0
LN104376,2022-09,0
LN100518,2023-09,1
LN106590,2025-02,1
LN100101,2023-01,1
LN102501,2025-08,1
LN107701,2024-08,0
LN108627,2024-06,0
LN106197,2025-03,0
LN108196,2022-09,0
LN103575,2024-11,1
LN107283,2022-07,0
LN107466,2024-10,1
LN102297,2025-06,1
LN102331,2025-10,0
LN104175,2025-02,1
LN106773,2023-08,1
LN104444,2025-08,0
LN103237,2025-01,0
LN106065,2025-09,0
LN104337,2025-12,0
LN107071,2024-07,1
LN105461,2025-02,0
LN106109,2025-03,0
LN107698,2025-03,0
LN101680,2025-01,0
LN103973,2025-08,0
LN102001,2022-10,0
LN101422,2025-06,0
LN102210,2023-12,0
LN105617,2022-11,0
LN107967,2022-08,1
LN106999,2024-06,0
LN102450,2024-10,1
LN101555,2024-10,0
LN102162,2023-08,0
LN108595,2025-06,0
LN106465,2025-07,1
LN105641,2022-12,1
LN103801,2023-07,0
LN103601,2025-01,0
LN102437,2025-12,1
LN106021,2023-03,0
LN101866,2024-02,1
LN101077,2023-02,1
LN107417,2024-04,0
LN100717,2023-04,0
LN107844,2025-06,1
LN105441,2023-04,0
LN104059,2024-02,0
LN104738,2024-05,0
LN107239,2025-03,1
LN103118,2023-11,0
LN104212,2025-10,0
LN100027,2024-07,1
LN108938,2025-05,0
LN104942,2024-06,1
LN106653,2025-08,0
LN101139,2025-04,1
LN106342,2025-11,1
LN103320,2024-09,0
LN107899,2022-07,1
LN101795,2023-09,0
LN100733,2025-06,0
LN103841,2025-04,0
LN108304,2022-09,0
LN100120,2023-12,0
LN105754,2025-10,0
LN104447,2023-07,0
LN104562,2024-09,1
LN101700,2025-08,0
LN101707,2024-12,1
LN103142,2025-04,0
LN108464,2023-07,1
LN108683,2023-03,0
LN102885,2025-05,0
LN101897,2025-03,1
LN106158,2024-04,0
LN103187,2024-12,0
LN107636,2025-08,0
LN103385,2025-03,1
LN104404,2025-02,0
LN101803,2024-05,0
LN100372,2024-08,0
LN105684,2023-09,1
LN108597,2025-08,0
LN108582,2023-05,1
LN106460,2023-05,0
LN105778,2024-01,1
LN100525,2025-12,0
LN105998,2024-12,0
LN106153,2025-08,0
LN105362,2023-11,0
LN107758,2025-04,0
LN108644,2025-01,0
LN105717,2025-09,0
LN107486,2024-10,0
LN108014,2024-09,0
LN104083,2024-10,1
LN100909,2023-12,0
LN102888,2025-11,0
LN104125,2024-02,0
LN102922,2023-07,1
LN108242,2023-06,0
LN107821,2025-05,0
LN101904,2024-04,1
LN104939,2025-04,0
LN104984,2023-03,0
LN108686,2024-02,0
LN102473,2023-05,0
LN105132,2023-08,1
LN103490,2024-10,0
LN105050,2024-07,0
LN105780,2024-04,1
LN100837,2025-08,1
LN102590,2024-04,0
LN105833,2023-05,0
LN105664,2023-08,0
LN105835,2025-07,1
LN100887,2023-12,0
LN105191,2024-12,1
LN100757,2025-05,0
LN101281,2024-12,1
LN105307,2024-06,0
LN107795,2023-04,0
LN103649,2024-04,1
LN105422,2022-02,0
LN102660,2023-01,0
LN104275,2025-10,0
LN101847,2025-11,1
LN101740,2023-11,1
LN103151,2025-06,1
LN101470,2025-12,1
LN108521,2025-08,1
LN102429,2022-10,0
LN100171,2023-03,0
LN104439,2025-02,0
LN101294,2025-05,0
LN108118,2023-07,0
LN104689,2025-09,0
LN104929,2024-11,0
LN102545,2023-04,0
LN100645,2024-11,1
LN107145,2024-06,0
LN100900,2024-12,0
LN107996,2024-05,1
LN108752,2024-04,0
LN107303,2023-11,1
LN101941,2022-05,0
LN108772,2025-05,0
LN106126,2022-10,1
LN101272,2025-01,0
LN100860,2025-11,0
LN103176,2025-11,0
LN104675,2025-10,0
LN102901,2024-07,0
LN107888,2025-02,0
LN105844,2025-12,0
LN104721,2025-08,0
LN105145,2024-05,0
LN107191,2025-04,0
LN102609,2025-05,1
LN103372,2025-06,0
LN103068,2022-11,0
LN105920,2024-10,0
LN100694,2021-11,0
LN105174,2022-09,0
LN106541,2024-12,0
LN108082,2025-04,0
LN100215,2022-12,0
LN102357,2025-11,1
LN100253,2023-06,0
LN105734,2024-06,0
LN108411,2024-09,1
LN100990,2025-05,1
LN107472,2025-10,0
LN104610,2022-06,0
LN106168,2024-07,1
LN107332,2025-09,1
LN102287,2024-11,1
LN105349,2024-01,0
LN107899,2023-10,0
LN101344,2022-04,0
LN107262,2025-07,0
LN108178,2025-02,0
LN108793,2022-10,1
LN100752,2023-04,0
LN108344,2023-08,1
LN102480,2023-11,1
LN108763,2022-09,1
LN100312,2022-11,0
LN101348,2025-06,0
LN106705,2023-09,0
LN107515,2024-07,0
LN108802,2024-09,0
LN105405,2023-06,0
LN101319,2025-01,0
LN106155,2024-12,1
LN101610,2024-05,0
LN103813,2024-03,0
LN107891,2025-06,0
LN106648,2025-06,1
LN107679,2023-07,1
LN103771,2023-04,0
LN108423,2022-09,1
LN102721,2024-07,1
LN107163,2025-12,1
LN103554,2024-06,0
LN106057,2023-09,0
LN104877,2023-11,1
LN105971,2025-08,0
LN105467,2024-08,0
LN105295,2024-07,0
LN108348,2023-12,1
LN100474,2024-02,0
LN103213,2025-03,1
LN101329,2023-11,0
LN103830,2025-03,0
LN108052,2023-04,0
LN101288,2025-02,1
LN108881,2025-11,0
LN105757,2025-03,0
LN105612,2025-09,0
LN108988,2023-09,1
LN103315,2025-02,0
LN106645,2025-05,0
LN108908,2023-07,0
LN101408,2022-06,1
LN100956,2023-05,1
LN101819,2025-07,1
LN103459,2024-04,0
LN104722,2024-10,1
LN102871,2024-11,0
LN103578,2024-09,1
LN102165,2025-01,0
LN105808,2025-05,0
LN108630,2025-11,0
LN107866,2025-08,1
LN101901,2025-09,0
LN108971,2022-11,0
LN105004,2024-12,0
LN108828,2025-04,0
LN105931,2024-08,0
LN106140,2023-07,0
LN107905,2025-02,1
LN100830,2024-05,1
LN100586,2024-12,0
LN104866,2024-11,0
LN107213,2024-09,1
LN108161,2023-12,1
LN104952,2025-03,0
LN108590,2023-07,1
LN100894,2024-06,0
LN108486,2024-12,0
LN107530,2025-03,0
LN100488,2024-08,0
LN103117,2025-11,0
LN106037,2024-05,1
LN106692,2024-08,1
LN104182,2022-03,0
LN100567,2023-12,0
LN104440,2024-07,0
LN100373,2022-11,0
LN100387,2024-09,0
LN108135,2025-07,1
LN108010,2025-04,0
LN107663,2023-11,0
LN100224,2024-09,0
LN106972,2022-11,0
LN100900,2022-07,1
LN106761,2024-02,1
LN101301,2024-03,0
LN101305,2024-12,0
LN104289,2025-02,1
LN101480,2022-10,0
LN100783,2024-01,0
LN103264,2025-01,0
LN104659,2024-12,0
LN104048,2023-04,1
LN101317,2024-06,0
LN102970,2025-06,0
LN107839,2024-03,1
LN107211,2022-12,0
LN107319,2022-07,0
LN106126,2023-01,1
LN102321,2021-11,1
LN104056,2025-11,0
LN105312,2023-03,0
LN103799,2022-03,0
LN101561,2024-11,0
LN104173,2025-06,1
LN101578,2022-07,0
LN106764,2024-09,0
LN107322,2024-09,0
LN103404,2024-11,0
LN106294,2021-12,0
LN101527,2024-09,0
LN100297,2023-12,1
LN101381,2023-09,0
LN108415,2024-06,1
LN106264,2025-07,0
LN108685,2023-07,1
LN106252,2023-12,0
LN106020,2023-12,0
LN106382,2024-11,0
LN106470,2024-01,0
LN102105,2022-09,1
LN100893,2025-02,0
LN103407,2025-05,1
LN101410,2022-03,0
LN107597,2025-04,0
LN105954,2024-04,1
LN100924,2025-12,0
LN106531,2022-05,0
LN104120,2024-04,0
LN106579,2025-07,1
LN102512,2025-10,0
LN105062,2025-06,1
LN106703,2022-04,0
LN104800,2024-08,0
LN102665,2023-11,0
LN104586,2022-09,1
LN103375,2025-10,0
LN101490,2023-03,0
LN104323,2023-07,0
LN104852,2024-10,0
LN107033,2024-02,0
LN106959,2024-02,0
LN100446,2023-06,0
LN102271,2025-01,0
LN106650,2024-04,0
LN100848,2024-05,0
LN102963,2024-04,0
LN103178,2023-09,1
LN102788,2025-09,0
LN108317,2023-05,1
LN102041,2025-08,0
LN102381,2023-10,0
LN100132,2023-03,0
LN100525,2024-01,0
LN100635,2025-03,0
LN101647,2023-12,0
LN104748,2025-05,0
LN103194,2025-12,0
LN105175,2022-03,1
LN101251,2024-11,1
LN106912,2024-12,1
LN104812,2024-08,0
LN101940,2023-04,0
LN103675,2023-05,0
LN100594,2024-10,0
LN103388,2022-09,0
LN108909,2025-08,0
LN106932,2023-12,0
LN103037,2025-06,0
LN106453,2024-01,0
LN102269,2025-01,0
LN102559,2024-04,0
LN106134,2024-12,0
LN107676,2024-09,0
LN100894,2025-07,0
LN107912,2024-04,0
LN105425,2024-01,0
LN102935,2024-02,0
LN108314,2023-12,0
LN107085,2025-06,1
LN100125,2024-06,0
LN103954,2024-04,0
LN108546,2024-09,1
LN102482,2022-12,0
LN100155,2024-08,0
LN107150,2025-08,0
LN107582,2025-05,0
LN101931,2025-02,1
LN105535,2025-03,1
LN103556,2025-02,0
LN101402,2025-05,0
LN107651,2024-12,1
LN103661,2023-10,0
LN101613,2024-08,1
LN103060,2024-03,0
LN108812,2025-08,1
LN106239,2023-03,1
LN100464,2021-12,0
LN100309,2025-11,1
LN105532,2024-09,1
LN107368,2024-09,0
LN108549,2024-03,0
LN100059,2024-06,0
LN100915,2024-03,0
LN102090,2024-09,0
LN102183,2023-11,1
LN107802,2025-08,0
LN100283,2024-04,1
LN108716,2024-03,1
LN103582,2024-10,1
LN104015,2022-09,1
LN104137,2022-12,1
LN105821,2024-05,0
LN106518,2023-04,0
LN106315,2024-07,1
LN108251,2022-03,0
LN104260,2022-08,1
LN108826,2022-11,0
LN106269,2025-02,0
LN108783,2024-08,0
LN108805,2022-01,0
LN100688,2023-09,0
LN107681,2024-07,1
LN108298,2023-10,1
LN108807,2023-01,0
LN101869,2024-12,1
LN105925,2023-12,0
LN106367,2025-06,0
LN108518,2025-08,0
LN105671,2025-03,0
LN103748,2024-11,0
LN103557,2025-01,1
LN101970,2025-11,0
LN100535,2025-09,0
LN103492,2024-10,0
LN102992,2022-12,0
LN108179,2022-11,1
LN104752,2025-10,1
LN101823,2024-09,0
LN100419,2024-09,0
LN104452,2024-09,0
LN106895,2024-07,1
LN107110,2023-02,0
LN104684,2025-12,0
LN101853,2025-08,0
LN102622,2022-05,0
LN100723,2021-12,0
LN101998,2022-11,1
LN100744,2024-11,0
LN106991,2025-09,1
LN106407,2025-04,1
LN107347,2023-07,0
LN103510,2024-11,0
LN104848,2024-01,0
LN106588,2024-08,0
LN102977,2024-09,0
LN100609,2025-03,0
LN100783,2025-11,0
LN101843,2025-02,0
LN102282,2022-08,0
LN101397,2024-11,0
LN105828,2023-09,0
LN108808,2025-09,0
LN106809,2024-09,0
LN106142,2024-10,0
LN104214,2024-12,0
LN101685,2024-10,1
LN101094,2023-02,0
LN108474,2025-06,0
LN105122,2024-02,0
LN103796,2024-01,0
LN107969,2024-08,0
LN108083,2025-07,0
LN100791,2024-06,0
LN100514,2025-02,1
LN107139,2022-07,0
LN101555,2025-05,1
LN107667,2024-04,1
LN105318,2025-04,0
LN100698,2022-09,0
LN104633,2023-06,0
LN107346,2025-08,1
LN106708,2025-01,1
LN105411,2023-09,0
LN100900,2024-06,0
LN100972,2025-08,0
LN106422,2025-01,0
LN101768,2021-11,0
LN106229,2023-05,0
LN107332,2024-06,1
LN100337,2024-09,1
LN106829,2024-02,0
LN101339,2023-06,0
LN104983,2023-09,1
LN102376,2025-04,0
LN102209,2025-03,0
LN101354,2022-06,0
LN107652,2025-05,0
LN105872,2024-09,0
LN108678,2025-06,1
LN107338,2024-10,0
LN100612,2025-10,0
LN104045,2024-03,0
LN104948,2023-04,0
LN100246,2025-11,1
LN104557,2024-09,0
LN108891,2024-06,0
LN101192,2022-06,0
LN101972,2025-08,0
LN107346,2023-06,0
LN107558,2022-06,1
LN106637,2025-08,0
LN104931,2024-11,1
LN105469,2023-03,0
LN101636,2022-03,0
LN104408,2022-08,0
LN108817,2025-01,1
LN104956,2024-07,0
LN100480,2024-01,1
LN103038,2024-03,1
LN102531,2025-05,0
LN104000,2025-07,0
LN105461,2024-07,1
LN101777,2023-06,0
LN103028,2022-05,0
LN105772,2023-08,1
LN103638,2025-02,1
LN102818,2025-05,0
LN100822,2022-03,0
LN108970,2023-11,0
LN108092,2025-07,0
LN101056,2025-07,0
LN105368,2025-04,1
LN100035,2022-03,0
LN102322,2022-11,0
LN103481,2022-11,0
LN106716,2024-09,0
LN108610,2023-01,1
LN105785,2025-12,0
LN103686,2022-03,0
LN103602,2025-08,0
LN106740,2023-03,0
LN104349,2024-12,1
LN105970,2024-04,1
LN100191,2023-12,0
LN101285,2022-02,0
LN108367,2024-10,0
LN101297,2024-12,0
LN100171,2024-02,0
LN105312,2022-12,0
LN102480,2025-03,1
LN104060,2022-07,0
LN100647,2024-02,0
LN104490,2023-08,0
LN106024,2025-10,1
LN104340,2023-05,0
LN106073,2023-08,1
LN106728,2022-02,1
LN105954,2025-11,1
LN104024,2023-04,0
LN105748,2024-11,0
LN105275,2024-11,0
LN103658,2025-02,0
LN104020,2023-05,1
LN106761,2025-12,1
LN104161,2025-10,0
LN103682,2023-02,0
LN107543,2025-03,1
LN101738,2023-04,0
LN107653,2025-03,0
LN101607,2024-08,0
LN104587,2024-09,0
LN104548,2023-07,0
LN103133,2024-11,0
LN107877,2023-03,0
LN108453,2023-12,1
LN101681,2023-12,0
LN108161,2023-06,0
LN102816,2024-12,0
LN105514,2025-04,1
LN101285,2022-04,0
LN106937,2022-12,0
LN100578,2025-07,0
LN104377,2025-11,0
LN104345,2025-02,0
LN105652,2023-04,0
LN107841,2023-02,0
LN106455,2025-10,0
LN104850,2025-04,1
LN103059,2023-01,0
LN105151,2024-12,0
LN101214,2024-08,1
LN105286,2022-11,0
LN107544,2024-03,0
LN104624,2023-03,1
LN106809,2025-09,1
LN108379,2023-06,1
LN108170,2025-01,0
LN105925,2023-03,0
LN103089,2024-12,1
LN108788,2024-01,0
LN108184,2025-08,0
LN101720,2021-11,1
LN102699,2022-06,0
LN105380,2024-10,1
LN102291,2023-10,0
LN103771,2022-10,0
LN108061,2024-11,0
LN108330,2021-10,0
LN100892,2025-08,1
LN101688,2025-11,0
LN108060,2024-02,0
LN100923,2025-02,0
LN108043,2022-08,0
LN102495,2022-09,1
LN108143,2024-03,0
LN108611,2024-01,1
LN107374,2023-12,0
LN104343,2023-11,0
LN104401,2022-03,0
LN106204,2023-01,0
LN105745,2023-09,0
LN105667,2025-04,0
LN103332,2023-08,1
LN105179,2023-01,0
LN100559,2024-09,0
LN108657,2025-10,1
LN101077,2022-03,0
LN104817,2023-08,0
LN108880,2024-04,0
LN105319,2025-08,0
LN104046,2024-07,0
LN103612,2025-12,1
LN103893,2024-12,0
LN107199,2023-01,0
LN102408,2024-03,0
LN107819,2025-01,0
LN104221,2025-11,0
LN108897,2024-01,1
LN103154,2025-04,1
LN104086,2024-04,1
LN101946,2023-09,0
LN100385,2022-01,0
LN100631,2023-03,0
LN103616,2022-12,0
LN104104,2022-05,0
LN103017,2025-06,1
LN103090,2025-08,1
LN107135,2023-07,0
LN100231,2025-12,0
LN104090,2025-07,0
LN105308,2023-10,0
LN103220,2025-07,0
LN106498,2024-08,0
LN100390,2025-10,1
LN106705,2022-12,0
LN105001,2025-12,0
LN107196,2023-04,1
LN103964,2022-11,0
LN100774,2024-10,0
LN100540,2024-10,0
LN108157,2025-01,0
LN105991,2024-12,1
LN105501,2022-05,1
LN101564,2023-10,0
LN108052,2023-12,0
LN103549,2024-12,0
LN107520,2023-09,0
LN103966,2024-08,0
LN103227,2023-08,1
LN102261,2025-12,0
LN103521,2024-03,0
LN107572,2025-05,0
LN105189,2023-02,0
LN102409,2023-01,1
LN108040,2024-12,0
LN104930,2022-10,0
LN100786,2023-05,1
LN104181,2024-08,0
LN108559,2025-07,0
LN100542,2024-06,0
LN108225,2024-05,0
LN104636,2025-06,0
LN106680,2022-08,1
LN108514,2025-07,0
LN108315,2025-12,0
LN107919,2024-05,0
LN101326,2025-02,1
LN103781,2023-11,1
LN106470,2025-04,0
LN102054,2025-03,1
LN104947,2025-10,0
LN107564,2022-12,1
LN106620,2022-07,0
LN102395,2025-08,1
LN107895,2024-01,0
LN104532,2025-08,0
LN100126,2023-06,0
LN100723,2024-04,1
LN108833,2025-06,0
LN100193,2024-02,0
LN100480,2023-05,0
LN103505,2024-11,0
LN100633,2024-05,0
LN108153,2025-07,0
LN105727,2024-01,1
LN107980,2024-11,0
LN108787,2024-04,0
LN101256,2024-07,0
LN105475,2023-08,0
LN104611,2023-09,1
LN104787,2022-03,1
LN100109,2025-06,0
LN101537,2024-10,1
LN105604,2023-09,0
LN100964,2025-09,0
LN102277,2021-11,0
LN104875,2024-12,0
LN100423,2025-11,0
LN105378,2023-07,0
LN104787,2023-02,1
LN103606,2025-08,0
LN107002,2025-04,1
LN101054,2024-12,0
LN105348,2022-12,0
LN108840,2025-07,1
LN103303,2022-09,0
LN105037,2024-01,0
LN100033,2025-12,0
LN100903,2025-12,0
LN106793,2023-09,0
LN100895,2025-08,0
LN108877,2023-12,0
LN104690,2022-05,0
LN108200,2025-09,1
LN107976,2025-10,0
LN103162,2025-01,0
LN100534,2025-10,0
LN100014,2024-12,0
LN101041,2025-02,1
LN100715,2024-12,0
LN105041,2023-06,1
LN105029,2022-08,0
LN105661,2025-01,0
LN108683,2023-08,0
LN108892,2024-11,0
LN105501,2024-06,1
LN108053,2024-05,0
LN102091,2024-07,0
LN102190,2023-12,0
LN107998,2024-01,0
LN102716,2023-08,0
LN101402,2025-02,1
LN100851,2024-05,0
LN100078,2023-06,0
LN101156,2025-07,0
LN101553,2023-12,0
LN108452,2024-09,0
LN105879,2023-08,0
LN104842,2023-11,0
LN101434,2023-12,0
LN108719,2024-11,0
LN108868,2025-10,0
LN105831,2023-06,0
LN108499,2025-11,0
LN102517,2024-07,0
LN105955,2025-12,0
LN100022,2025-08,0
LN103837,2024-09,0
LN102628,2023-11,0
LN108070,2022-04,0
LN104300,2022-11,0
LN106432,2024-02,0
LN104862,2024-11,0
LN108847,2023-02,1
LN106352,2024-02,0
LN104457,2023-08,0
LN107572,2025-06,1
LN105760,2023-12,1
LN100387,2024-08,0
LN107595,2024-07,0
LN102793,2025-03,1
LN100543,2022-03,0
LN107346,2022-09,0
LN103331,2025-07,0
LN108287,2025-01,0
LN101262,2024-08,0
LN103356,2024-08,0
LN101889,2023-11,0
LN105011,2022-02,0
LN106825,2023-08,1
LN107111,2024-07,0
LN101875,2023-09,1
LN105620,2025-10,1
LN100854,2023-04,0
LN105173,2023-05,0
LN104655,2025-12,0
LN102411,2024-04,0
LN108326,2023-10,0
LN102305,2024-02,0
LN102267,2025-01,0
LN106430,2025-07,1
LN101813,2023-09,0
LN107688,2025-04,1
LN102263,2023-11,1
LN106189,2023-05,0
LN101574,2022-02,0
LN100727,2023-02,0
LN106450,2024-05,0
LN108187,2022-08,0
LN102494,2023-02,1
LN106918,2023-09,0
LN101613,2024-01,0
LN102666,2022-11,1
LN100168,2022-12,0
LN102649,2022-11,0
LN100205,2023-01,0
LN104453,2025-10,1
LN105236,2024-02,0
LN106336,2023-12,0
LN102651,2025-04,0
LN102479,2024-10,0
LN107851,2024-05,1
LN107844,2022-12,0
LN107523,2022-12,0
LN102359,2022-11,0
LN107620,2025-02,0
LN100808,2024-06,0
LN100751,2025-04,1
LN100328,2022-04,1
LN103703,2025-08,0
LN100650,2024-04,0
LN107350,2024-03,0
LN108019,2023-11,0
LN107151,2023-07,0
LN108056,2025-03,0
LN104077,2023-09,1
LN104540,2024-11,0
LN104351,2025-08,0
LN106684,2025-05,0
LN104922,2025-06,0
LN106381,2024-01,0
LN104904,2022-05,0
LN103436,2024-07,0
LN102082,2022-10,1
LN104096,2023-12,0
LN102065,2025-06,0
LN107519,2023-09,0
LN104091,2024-06,0
LN105673,2024-09,0
LN103307,2025-10,1
LN108495,2023-04,0
LN101449,2022-07,0
LN108438,2025-12,0
LN104661,2025-08,0
LN108841,2025-06,0
LN100931,2025-05,0
LN103804,2021-09,0
LN101298,2023-06,1
LN103992,2025-09,0
LN104240,2023-04,0
LN100988,2023-10,1
LN108827,2025-02,1
LN104806,2023-10,0
LN107398,2022-05,0
LN108677,2025-07,0
LN105096,2023-12,0
LN106056,2024-04,0
LN106562,2025-07,1
LN108627,2024-08,0
LN102384,2023-01,1
LN108561,2022-05,0
LN100481,2024-12,0
LN100506,2025-07,0
LN100401,2024-09,0
LN106148,2022-02,1
LN102219,2025-07,0
LN101054,2022-12,0
LN103987,2023-04,0
LN101312,2024-05,1
LN108187,2022-11,1
LN107265,2025-12,1
LN103033,2022-06,0
LN105331,2024-04,0
LN103668,2025-01,0
LN105411,2023-12,1
LN102026,2025-07,1
LN107551,2025-06,0
LN101183,2025-01,0
LN106499,2025-06,1
LN106315,2024-05,0
LN107334,2023-01,0
LN106078,2024-09,1
LN102224,2023-05,0
LN101540,2025-06,0
LN104033,2024-10,0
LN107525,2024-10,0
LN100218,2024-07,1
LN103341,2025-06,0
LN103668,2025-10,0
LN100751,2025-07,1
LN106711,2022-11,0
LN108449,2022-05,1
LN100971,2025-05,0
LN101632,2022-08,0
LN105921,2024-08,0
LN105408,2025-05,0
LN101164,2025-08,0
LN100632,2024-03,0
LN104159,2024-03,1
LN102517,2024-01,1
LN101646,2023-11,0
LN100783,2025-04,1
LN105345,2025-07,0
LN106784,2022-07,0
LN107633,2024-04,0
LN101737,2025-10,1
LN108337,2024-04,1
LN107173,2022-11,1
LN108874,2025-07,0
LN102723,2023-02,0
LN108443,2021-11,0
LN102255,2025-07,0
LN103546,2023-04,0
LN105313,2023-12,0
LN102594,2024-12,0
LN106288,2023-01,1
LN100838,2025-03,0
LN102157,2024-01,0
LN105006,2025-08,1
LN104221,2024-05,1
LN100395,2025-12,1
LN101372,2024-12,0
LN100161,2025-02,0
LN100964,2025-10,0
LN100733,2024-08,1
LN108393,2025-01,0
LN105162,2024-01,0
LN105193,2024-02,0
LN105994,2024-10,0
LN102377,2025-10,0
LN103707,2024-10,1
LN102338,2023-10,1
LN105843,2023-09,1
LN106848,2024-07,0
LN105179,2023-06,1
LN105478,2023-04,0
LN105214,2025-05,0
LN105171,2023-09,1
LN106795,2021-12,0
LN105145,2024-09,1
LN105450,2025-03,0
LN100496,2023-09,0
LN103941,2022-10,0
LN104674,2025-09,0
LN107787,2024-09,0
LN101084,2023-09,0
LN108830,2025-11,0
LN105590,2024-12,0
LN104597,2023-03,1
LN101522,2023-03,0
LN107732,2024-08,0
LN103502,2022-10,0
LN102625,2025-09,0
LN105745,2022-08,1
LN102020,2025-03,0
LN102875,2023-04,1
LN104304,2025-05,0
LN103947,2024-02,0
LN106999,2025-12,0
LN108283,2023-05,0
LN105681,2025-09,0
LN102885,2022-10,0
LN104032,2024-08,0
LN101506,2024-11,1
LN104423,2024-06,0
LN100537,2024-02,0
LN104867,2023-12,0
LN108875,2024-04,1
LN108583,2024-03,0
LN105160,2023-10,1
LN108031,2023-11,0
LN102381,2024-02,0
LN108943,2025-07,1
LN102196,2024-05,0
LN105151,2024-05,0
LN103407,2024-12,1
LN106088,2022-12,0
LN105465,2025-03,1
LN102922,2021-12,0
LN100985,2025-12,0
LN102478,2025-05,1
LN100284,2025-02,0
LN106099,2022-06,0
LN100300,2022-11,1
LN107180,2023-08,0
LN104028,2025-07,0
LN105813,2025-09,1
LN102591,2023-12,0
LN105352,2024-12,0
LN102399,2025-03,1
LN103206,2025-06,0
LN106766,2024-12,1
LN103895,2025-08,0
LN100617,2022-07,1
LN104536,2023-06,0
LN108563,2024-06,0
LN106866,2024-02,0
LN106892,2025-10,0
LN100372,2024-01,1
LN103624,2024-10,0
LN105329,2024-01,1
LN107573,2025-03,0
LN108741,2025-08,1
LN102791,2023-11,0
LN108681,2023-08,1
LN100997,2025-12,0
LN102654,2025-12,0
LN102079,2025-12,1
LN108017,2024-02,0
LN104020,2022-08,0
LN102494,2025-06,0
LN100788,2024-05,0
LN103539,2024-10,0
LN106952,2024-08,0
LN104035,2023-09,0
LN104460,2021-12,0
LN104123,2022-06,0
LN107136,2024-12,1
LN107819,2024-11,0
LN101763,2023-09,0
LN100584,2025-04,0
LN107195,2025-08,0
LN108331,2024-10,0
LN100269,2023-10,1
LN107098,2025-02,1
LN101854,2024-12,0
LN108905,2025-02,0
LN104781,2025-04,1
LN107934,2024-01,0
LN104213,2024-07,1
LN101160,2025-07,1
LN103079,2025-05,0
LN103273,2023-04,0
LN108016,2023-08,0
LN105221,2025-04,0
LN104047,2022-10,1
LN108752,2025-05,0
LN108132,2025-09,1
LN101310,2024-11,0
LN100741,2025-02,1
LN106056,2024-11,0
LN103527,2021-10,0
LN105212,2025-09,0
LN103893,2024-04,1
LN101420,2025-01,0
LN101782,2024-06,0
LN101496,2025-08,0
LN100656,2025-01,0
LN102468,2025-05,0
LN103996,2022-06,0
LN100202,2023-07,1
LN102260,2023-02,0
LN101233,2024-08,1
LN101522,2025-12,0
LN101804,2024-02,1
LN100033,2023-07,0
LN100290,2025-09,0
LN104345,2025-01,0
LN102032,2024-02,1
LN103932,2025-12,0
LN107318,2024-04,1
LN108282,2024-03,0
LN105990,2024-08,0
LN108736,2024-11,0
LN105759,2023-07,0
LN102143,2023-08,0
LN102918,2024-11,0
LN104694,2024-09,0
LN104480,2024-06,0
LN105932,2022-12,1
LN101084,2023-08,1
LN108829,2023-08,1
LN101371,2025-06,0
LN103985,2025-07,0
LN104137,2022-09,1
LN101473,2022-05,0
LN101647,2024-12,0
LN108447,2023-04,1
LN107655,2024-06,0
LN101210,2025-11,0
LN105756,2025-09,0
LN107626,2024-06,0
LN104912,2023-04,0
LN101236,2022-02,0
LN103216,2022-06,0
LN105901,2022-11,1
LN106548,2025-12,0
LN106502,2025-04,0
LN105237,2024-11,0
LN106300,2024-04,1
LN108889,2025-10,0
LN102737,2025-07,1
LN100384,2025-10,1
LN103842,2024-02,1
LN108106,2025-01,1
LN104081,2022-11,1
LN104780,2025-03,1
LN103735,2024-10,0
LN107056,2023-07,1
LN101417,2024-07,1
LN104823,2024-12,1
LN103137,2025-11,0
LN107525,2022-08,0
LN103738,2024-12,0
LN104531,2023-08,0
LN105932,2025-07,0
LN103139,2025-12,1
LN106737,2022-07,0
LN102891,2024-04,1
LN106487,2024-12,0
LN105925,2022-09,0
LN101459,2024-09,0
LN101837,2024-09,0
LN102227,2025-04,0
LN104048,2024-07,0
LN106321,2025-07,0
LN103544,2022-09,0
LN100467,2023-09,1
LN106883,2023-12,1
LN101517,2025-03,0
LN108027,2025-07,1
LN106126,2022-05,0
LN101239,2022-02,0
LN107976,2023-06,0
LN104724,2023-08,0
LN100594,2022-08,0
LN100399,2025-07,0
LN100460,2024-08,0
LN105231,2023-08,1
LN105857,2023-09,1
LN107771,2022-05,1
LN101542,2023-06,1
LN107823,2024-03,1
LN104018,2022-10,1
LN100515,2022-04,1
LN104672,2022-05,1
LN104289,2024-11,0
LN101334,2025-12,1
LN105530,2024-01,0
LN102377,2022-05,0
LN106860,2025-07,0
LN100791,2023-06,0
LN101419,2023-06,0
LN102471,2022-04,0
LN105572,2024-04,0
LN103695,2025-04,1
LN103509,2023-09,1
LN101146,2025-05,0
LN106979,2025-02,1
LN101360,2024-02,0
LN106039,2024-09,0
LN107279,2025-08,0
LN100494,2024-01,0
LN108580,2022-06,0
LN103719,2025-04,1
LN105749,2023-08,0
LN106200,2025-10,0
LN106359,2025-11,0
LN108567,2025-04,1
LN104008,2025-02,0
LN104819,2025-04,1
LN104280,2024-06,0
LN108921,2024-01,1
LN100900,2024-10,1
LN105880,2023-05,0
LN108132,2024-03,1
LN107686,2024-10,0
LN108796,2024-10,1
LN101960,2024-11,0
LN102182,2025-04,0
LN104406,2025-11,0
LN103789,2022-10,0
LN100518,2024-08,1
LN105987,2024-04,0
LN102752,2024-04,0
LN107797,2025-08,1
LN107123,2024-09,0
LN106458,2023-04,0
LN108721,2024-03,0
LN106712,2023-11,0
LN107737,2024-07,1
LN102359,2024-10,0
LN106184,2024-07,1
LN107520,2025-05,1
LN102900,2025-05,0
LN108658,2025-11,0
LN102128,2022-02,0
LN103919,2024-02,1
LN102853,2022-03,0
LN107204,2022-04,1
LN108349,2025-09,0
LN106564,2022-02,0
LN107874,2024-10,0
LN108031,2024-01,0
LN103367,2025-11,0
LN105638,2024-04,0
LN103761,2025-10,0
LN103069,2025-05,1
LN104998,2025-11,0
LN100480,2023-08,0
LN103738,2025-07,0
LN100925,2025-03,1
LN101918,2025-03,0
LN108098,2024-03,0
LN102833,2025-05,1
LN100073,2025-01,0
LN103837,2025-01,0
LN102738,2025-11,0
LN107552,2024-06,1
LN106400,2023-10,1
LN101473,2022-10,0
LN102233,2025-11,0
LN105632,2025-01,0
LN104281,2025-02,0
LN101034,2025-12,0
LN100698,2024-03,0
LN101151,2024-11,0
LN100144,2025-11,0
LN105179,2025-11,0
LN103670,2022-06,0
LN108385,2025-04,0
LN103981,2021-11,0
LN102344,2025-09,0
LN103998,2025-02,0
LN102132,2023-10,1
LN102906,2024-11,0
LN104249,2024-04,0
LN107434,2025-11,0
LN101014,2025-08,0
LN107433,2024-12,0
LN104530,2025-07,0
LN104237,2021-12,1
LN106875,2022-08,0
LN101912,2024-06,0
LN108085,2022-04,0
LN107567,2025-03,1
LN103695,2024-08,1
LN102004,2024-10,1
LN100324,2025-07,0
LN102682,2025-08,1
LN105111,2025-05,0
LN105314,2024-11,1
LN108833,2024-06,0
LN100372,2023-04,1
LN101019,2022-08,1
LN108894,2023-11,0
LN108045,2024-02,1
LN108604,2023-08,0
LN108368,2025-01,0
LN101453,2024-05,1
LN103082,2023-07,0
LN105027,2022-10,0
LN104006,2025-11,0
LN106823,2025-02,1
LN104381,2025-09,1
LN107599,2024-01,0
LN100562,2025-06,1
LN104341,2024-07,0
LN104820,2025-07,1
LN103877,2024-11,0
LN104237,2023-05,0
LN103372,2023-08,0
LN105827,2024-01,0
LN108104,2023-12,0
LN106672,2023-09,0
LN100591,2025-08,1
LN104967,2023-06,0
LN103545,2025-11,0
LN102106,2025-06,0
LN104278,2025-08,0
LN100332,2025-08,1
LN104968,2025-07,0
LN103881,2023-10,1
LN105458,2023-04,0
LN103857,2024-04,0
LN104907,2024-05,0
LN101217,2024-10,0
LN106729,2023-03,0
LN108805,2023-01,0
LN107755,2025-06,0
LN107346,2024-12,0
LN107881,2024-03,0
LN106824,2024-05,0
LN107880,2025-06,0
LN105751,2023-05,0
LN103525,2023-05,0
LN103532,2022-08,0
LN105469,2025-02,0
LN107201,2023-05,0
LN105059,2024-07,1
LN100535,2022-01,1
LN107633,2025-12,0
LN105164,2023-10,0
LN100678,2024-10,0
LN107301,2022-11,1
LN106595,2025-11,0
LN105568,2025-07,0
LN101702,2024-12,1
LN107307,2023-07,0
LN106386,2023-05,0
LN101761,2022-12,1
LN106203,2024-01,1
LN108764,2024-08,0
LN108732,2023-03,1
LN100790,2025-10,0
LN105001,2025-11,0
LN102659,2022-03,0
LN105759,2023-11,0
LN101651,2022-02,0
LN107527,2024-07,1
LN107174,2024-05,0
LN102209,2022-05,0
LN101670,2024-12,0
LN106433,2023-09,1
LN102020,2024-03,1
LN103814,2025-05,1
LN105024,2025-04,0
LN100056,2024-09,0
LN100725,2023-08,0
LN104742,2023-11,0
LN106695,2024-12,1
LN103439,2025-12,1
LN100314,2024-08,0
LN100174,2025-01,1
LN100971,2023-06,0
LN102862,2025-04,0
LN104159,2022-12,0
LN100043,2025-09,0
LN108356,2025-12,1
LN100984,2024-12,0
LN107530,2022-12,0
LN105478,2021-11,0
LN101729,2022-09,1
LN107917,2021-11,0
LN107754,2022-09,0
LN108731,2025-05,0
LN104189,2025-07,1
LN101154,2025-06,0
LN103758,2023-02,1
LN102607,2025-08,0
LN102464,2024-04,0
LN108774,2024-02,1
LN106093,2024-08,0
LN107661,2025-05,1
LN101581,2022-06,0
LN102248,2025-01,0
LN101649,2025-08,0
LN100167,2022-08,0
LN107054,2025-05,0
LN108784,2023-11,0
LN100647,2025-03,0
LN104536,2023-04,1
LN107994,2025-01,0
LN105815,2023-04,1
LN102727,2024-10,0
LN104117,2024-01,0
LN107525,2023-03,0
LN100482,2024-12,0
LN104905,2024-06,0
LN105211,2023-03,0
LN108202,2023-10,0
LN104099,2024-03,1
LN105884,2023-08,1
LN107948,2025-09,0
LN100880,2023-09,0
LN108784,2025-05,0
LN107650,2023-12,0
LN102603,2024-02,0
LN108362,2025-12,1
LN102481,2025-03,0
LN105097,2024-06,0
LN107164,2024-07,0
LN103402,2024-03,0
LN105802,2023-04,1
LN104562,2021-08,1
LN100332,2025-11,1
LN108381,2023-12,0
LN102904,2024-12,0
LN102517,2024-04,0
LN100864,2025-10,0
LN102794,2024-02,0
LN101679,2025-04,1
LN108847,2023-04,0
LN104343,2024-08,1
LN104136,2024-11,1
LN107013,2023-09,0
LN100843,2022-08,0
LN101095,2022-07,1
LN101226,2022-07,1
LN108712,2025-05,1
LN101154,2024-05,0
LN105384,2024-06,0
LN104675,2025-02,0
LN103806,2023-11,0
LN108984,2025-04,0
LN102192,2022-07,1
LN107119,2023-11,0
LN103075,2025-12,0
LN108518,2025-11,1
LN102461,2024-09,1
LN107200,2025-09,1
LN107089,2023-01,0
LN107870,2024-01,0
LN104282,2023-11,0
LN106376,2024-01,0
LN101062,2022-02,1
LN106680,2023-04,1
LN102498,2025-08,0
LN107320,2024-09,1
LN103154,2024-07,0
LN108783,2025-05,0
LN101936,2025-08,0
LN106315,2024-08,0
LN101927,2022-09,0
LN103203,2024-08,0
LN104641,2025-06,0
LN107214,2023-07,0
LN108298,2022-06,1
LN103205,2024-03,0
LN106081,2023-06,0
LN107899,2023-12,1
LN100132,2025-03,1
LN104003,2024-03,0
LN108264,2023-11,1
LN103450,2025-03,0
LN101747,2024-08,1
LN106012,2024-01,0
LN104810,2025-03,1
LN105131,2025-10,0
LN101819,2022-09,0
LN107908,2023-02,0
LN102648,2025-09,0
LN101913,2024-04,1
LN107797,2024-08,0
LN101163,2024-07,0
LN106172,2024-11,0
LN103202,2025-11,0
LN105680,2025-12,1
LN108669,2025-06,0
LN107105,2023-03,0
LN108162,2024-09,0
LN102342,2025-07,1
LN106162,2025-02,0
LN104962,2025-01,1
LN104232,2023-10,0
LN107235,2023-07,0
LN106552,2022-08,0
LN103363,2025-04,0
LN107606,2023-07,0
LN100244,2024-02,0
LN101792,2024-07,0
LN101911,2024-08,0
LN108102,2022-05,0
LN103501,2025-07,0
LN101968,2024-09,1
LN105111,2025-07,0
LN102315,2025-03,0
LN106209,2025-01,0
LN101967,2023-08,1
LN101671,2024-12,0
LN107704,2024-10,1
LN103079,2023-12,0
LN106659,2025-01,1
LN101427,2024-09,1
LN102461,2024-06,0
LN100617,2024-01,1
LN104860,2022-05,0
LN100825,2021-10,1
LN103992,2021-12,1
LN106015,2025-06,0
LN101373,2024-01,1
LN100108,2024-07,0
LN100616,2025-12,0
LN103633,2025-10,0
LN101807,2023-07,0
LN100587,2022-05,1
LN101901,2024-04,0
LN108207,2025-01,0
LN103706,2022-07,1
LN108230,2023-11,0
LN100471,2025-02,1
LN102485,2023-04,0
LN106271,2024-04,0
LN108916,2024-08,0
LN106119,2025-07,0
LN103850,2025-04,0
LN104393,2022-08,0
LN108897,2023-07,0
LN107870,2021-12,0
LN101587,2023-08,0
LN105349,2025-07,0
LN106358,2025-12,1
LN102637,2024-05,1
LN105337,2023-07,1
LN100829,2022-12,0
LN103306,2023-03,1
LN100982,2024-05,0
LN107243,2023-09,0
LN102486,2025-06,1
LN100171,2022-08,0
LN106399,2025-06,0
LN107894,2025-10,0
LN101040,2025-03,0
LN101378,2024-05,0
LN103797,2024-03,1
LN102441,2023-09,0
LN104554,2024-11,0
LN101075,2023-06,1
LN108602,2025-01,0
LN107301,2024-06,1
LN107465,2023-10,0
LN105529,2022-03,0
LN105940,2024-01,0
LN108682,2023-03,1
LN104209,2024-03,0
LN104218,2025-01,1
LN104726,2022-04,1
LN107218,2025-10,0
LN102526,2024-10,0
LN106133,2025-05,0
LN106777,2024-08,0
LN103744,2024-09,1
LN107113,2025-04,0
LN107341,2024-11,0
LN106843,2025-03,1
LN104039,2025-04,0
LN106094,2024-11,1
LN106184,2022-07,0
LN107009,2025-07,0
LN100197,2022-09,0
LN105754,2022-08,0
LN101652,2022-08,0
LN102224,2025-04,1
LN107792,2024-09,0
LN103524,2022-12,0
LN107154,2023-11,0
LN103551,2023-06,1
LN101724,2023-06,1
LN101746,2025-12,0
LN103586,2025-01,1
LN103413,2025-06,0
LN101414,2025-03,0
LN104929,2024-07,0
LN100076,2024-05,0
LN103214,2024-04,0
LN103631,2023-11,0
LN100439,2022-12,0
LN100921,2024-04,0
LN103652,2025-12,1
LN105419,2025-04,1
LN104614,2025-12,0
LN102045,2025-02,0
LN103931,2022-04,0
LN108220,2023-06,0
LN108139,2023-02,0
LN100680,2024-08,0
LN101840,2025-09,0
LN102002,2024-12,0
LN106429,2024-03,0
LN104553,2024-11,0
LN102691,2025-04,0
LN106504,2023-01,0
LN104464,2023-12,0
LN100797,2025-08,0
LN108149,2025-03,0
LN100502,2025-08,0
LN103111,2024-07,1
LN104757,2023-11,0
LN108787,2024-12,1
LN101061,2025-03,1
LN101876,2025-12,0
LN101923,2023-11,0
LN101231,2025-12,0
LN102254,2023-08,0
LN108635,2025-04,1
LN102219,2025-12,0
LN102738,2023-12,1
LN107093,2023-10,0
LN106268,2025-06,1
LN103613,2022-05,0
LN106879,2023-10,1
LN101502,2022-09,0
LN106593,2024-07,1
LN107329,2023-09,0
LN108612,2024-07,0
LN103220,2024-04,1
LN100603,2024-04,0
LN105558,2024-05,0
LN100537,2022-02,0
LN104486,2023-09,1
LN104628,2025-08,0
LN105062,2024-01,0
LN105338,2025-10,0
LN102467,2025-01,1
LN108042,2025-06,0
LN101717,2023-03,1
LN108048,2024-06,0
LN108141,2025-02,0
LN107284,2022-04,1
LN107321,2023-09,1
LN101775,2025-05,1
LN104988,2025-11,0
LN100629,2024-01,0
LN102100,2025-12,0
LN102975,2023-09,1
LN104097,2023-07,1
LN103441,2022-06,0
LN105052,2025-03,0
LN101402,2023-04,0
LN106367,2024-07,0
LN104311,2025-12,0
LN108017,2023-10,0
LN103732,2023-10,1
LN100418,2024-05,0
LN107276,2022-06,1
LN100083,2025-02,1
LN107379,2025-05,0
LN100107,2025-08,0
LN101645,2023-04,0
LN102727,2025-08,0
LN100556,2025-02,0
LN106733,2025-08,0
LN104978,2025-02,0
LN101416,2025-03,0
LN108118,2025-03,1
LN108423,2023-10,0
LN106520,2025-11,0
LN107473,2025-11,0
LN101793,2024-03,0
LN100731,2024-09,1
LN107070,2023-10,1
LN106466,2023-10,0
LN101330,2025-06,1
LN101014,2025-09,0
LN102342,2025-11,1
LN106701,2024-09,1
LN102470,2024-11,0
LN103754,2023-07,1
LN101481,2022-10,0
LN102743,2024-11,0
LN102106,2025-09,0
LN101394,2024-05,0
LN106431,2025-06,0
LN100120,2023-06,0
LN101941,2022-08,0
LN102750,2024-12,1
LN108816,2023-12,0
LN105441,2025-11,1
LN101191,2022-06,0
LN102744,2023-07,0
LN102510,2022-06,1
LN102067,2024-10,1
LN100544,2025-07,0
LN104234,2025-06,1
LN101235,2023-09,0
LN105695,2024-11,1
LN108430,2025-01,1
LN103259,2025-04,1
LN102876,2025-02,0
LN105036,2025-12,0
LN107997,2024-04,1
LN106249,2024-03,0
LN103164,2023-10,0
LN107964,2025-12,0
LN101957,2025-01,0
LN102076,2025-02,1
LN106567,2022-09,0
LN107204,2024-04,0
LN101490,2023-01,1
LN101027,2024-01,0
LN103265,2023-10,1
LN101224,2025-12,1
LN108948,2025-08,1
LN106566,2023-05,0
LN104260,2022-06,0
LN106237,2025-04,0
LN106695,2025-10,0
LN107918,2022-04,0
LN103040,2023-09,0
LN104483,2023-07,0
LN107405,2024-02,0
LN104882,2023-09,0
LN103426,2023-03,0
LN104187,2023-12,0
LN107059,2025-08,0
LN106444,2021-10,0
LN108561,2023-01,0
LN106945,2024-05,1
LN100749,2024-09,0
LN103460,2023-04,0
LN101304,2024-11,1
LN105020,2025-11,0
LN100810,2024-03,0
LN108507,2023-09,0
LN104521,2024-04,1
LN108938,2025-03,0
LN101432,2025-06,0
LN107369,2025-06,0
LN102223,2025-09,0
LN108840,2024-06,0
LN108847,2024-02,0
LN106284,2023-05,0
LN107931,2023-08,0
LN106325,2024-06,1
LN107077,2023-04,0
LN103093,2022-11,0
LN101665,2025-07,0
LN108258,2023-09,0
LN104089,2025-10,0
LN100142,2025-06,0
LN105291,2025-04,0
LN103616,2023-09,0
LN101693,2023-05,0
LN107737,2023-10,0
LN108221,2023-01,1
LN105128,2025-03,0
LN102764,2025-07,0
LN105424,2023-06,0
LN101530,2025-01,0
LN108233,2023-12,0
LN105384,2025-10,0
LN105687,2022-11,1
LN106761,2025-03,1
LN101541,2023-10,0
LN103497,2024-05,0
LN104592,2023-11,0
LN101012,2025-02,0
LN108643,2025-11,0
LN103728,2024-12,1
LN104039,2025-05,1
LN103078,2022-11,0
LN106556,2022-12,0
LN104102,2024-07,1
LN105351,2024-02,0
LN107202,2024-10,0
LN107460,2025-02,0
LN107916,2025-10,0
LN107282,2025-04,0
LN101305,2025-04,0
LN104930,2025-08,1
LN107260,2024-04,0
LN102404,2025-10,0
LN102915,2023-02,0
LN105768,2024-10,0
LN103107,2025-05,1
LN101280,2024-11,0
LN106935,2025-08,0
LN100412,2022-06,0
LN100007,2023-12,0
LN101992,2025-04,0
LN100191,2025-01,0
LN108078,2022-08,0
LN108491,2025-02,0
LN100902,2023-02,0
LN100043,2025-06,0
LN106472,2023-08,1
LN103881,2023-04,0
LN106397,2022-04,1
LN108315,2021-12,0
LN106211,2024-05,0
LN108978,2025-01,0
LN104544,2023-11,1
LN104082,2025-04,1
LN104577,2023-02,0
LN104543,2023-11,0
LN102635,2023-12,0
LN103291,2025-10,0
LN107073,2025-04,0
LN106556,2022-11,0
LN103881,2022-07,0
LN100910,2025-02,0
LN104284,2023-03,0
LN102111,2024-09,1
LN101065,2024-05,1
LN102760,2023-04,0
LN107208,2023-11,0
LN107473,2024-09,0
LN103324,2025-08,0
LN101771,2024-07,0
LN106070,2022-03,0
LN105379,2025-03,0
LN107382,2022-08,0
LN100216,2022-11,1
LN103932,2024-04,1
LN103472,2025-09,0
LN103443,2025-09,0
LN105406,2024-11,1
LN108147,2022-07,1
LN101026,2025-09,0
LN101633,2025-03,1
LN102356,2024-08,0
LN102496,2025-03,0
LN104653,2025-01,0
LN103931,2024-07,0
LN107275,2022-08,1
LN101356,2023-03,0
LN101339,2024-09,0
LN100457,2024-01,0
LN102876,2024-01,0
LN105768,2023-02,1
LN108961,2025-01,1
LN104097,2023-01,1
LN100396,2023-02,0
LN106769,2024-04,1
LN105364,2022-10,1
LN101460,2024-04,1
LN106412,2022-10,0
LN104506,2023-01,0
LN103194,2025-02,0
LN105149,2024-10,1
LN101256,2022-06,0
LN104064,2025-12,0
LN100172,2024-06,0
LN107599,2023-05,0
LN102430,2022-04,1
LN106844,2024-08,0
LN104119,2023-10,1
LN107375,2025-02,1
LN104435,2025-09,1
LN103741,2023-02,0
LN105524,2025-10,1
LN107758,2024-12,1
LN100841,2025-05,0
LN104698,2025-07,0
LN103888,2024-10,0
LN102538,2024-10,0
LN101445,2025-12,1
LN108053,2024-10,1
LN100014,2025-03,0
LN101743,2022-12,0
LN105319,2025-05,0
LN104791,2025-12,0
LN108582,2024-02,0
LN106914,2022-06,0
LN100624,2023-12,0
LN106472,2023-01,1
LN104361,2025-06,1
LN107178,2024-07,0
LN102004,2025-07,1
LN105936,2023-08,0
LN104066,2025-06,0
LN107347,2024-10,1
LN106887,2023-11,0
LN104627,2023-12,0
LN107413,2025-02,1
LN106935,2024-06,0
LN104397,2023-03,1
LN100788,2025-02,1
LN107952,2024-12,1
LN107515,2024-01,0
LN107959,2025-10,0
LN103771,2025-02,0
LN103026,2023-03,0
LN102377,2022-12,0
LN104913,2025-11,0
LN104218,2023-05,0
LN102804,2024-07,0
LN107067,2023-01,0
LN106814,2025-01,1
LN108987,2022-09,1
LN104286,2024-09,1
LN104078,2024-04,0
LN108749,2024-07,0
LN103771,2024-10,1
LN105356,2024-03,0
LN100662,2022-08,0
LN108658,2025-05,0
LN101014,2024-09,0
LN104575,2025-02,0
LN105065,2025-07,0
LN104132,2024-04,1
LN100536,2023-07,0
LN108782,2023-10,0
LN102277,2022-09,0
LN100170,2024-11,0
LN101773,2023-04,0
LN108375,2025-02,0
LN106631,2021-11,0
LN105194,2024-08,1
LN108785,2023-05,0
LN102804,2022-03,0
LN103641,2025-05,0
LN104341,2025-08,0
LN108658,2023-08,0
LN101850,2025-10,0
LN107355,2025-02,0
LN101165,2023-12,1
LN100818,2024-10,0
LN103430,2023-12,1
LN104342,2023-03,0
LN106428,2025-05,1
LN102914,2025-07,0
LN104024,2023-07,0
LN107017,2025-02,0
LN102236,2024-02,0
LN107812,2022-12,1
LN102677,2025-02,1
LN105245,2022-07,0
LN102562,2024-01,0
LN106743,2023-12,0
LN100078,2025-12,0
LN107712,2022-11,0
LN102599,2025-07,1
LN108427,2024-04,1
LN105248,2024-08,0
LN103463,2025-06,0
LN102546,2024-10,0
LN107148,2022-08,1
LN107407,2025-08,1
LN104709,2025-05,0
LN101213,2024-12,1
LN100527,2024-11,0
LN105551,2025-06,1
LN104904,2023-06,0
LN100368,2022-06,1
LN104408,2025-01,0
LN102007,2023-12,0
LN100646,2024-07,0
LN100840,2023-09,0
LN103508,2023-03,0
LN105173,2023-02,0
LN106734,2023-08,1
LN107764,2024-08,0
LN100720,2023-09,0
LN101359,2023-09,0
LN105474,2021-10,0
LN107296,2024-03,0
LN105350,2025-01,0
LN100703,2025-07,0
LN108999,2024-12,0
LN102824,2023-10,0
LN106904,2023-11,1
LN108567,2023-10,1
LN106259,2024-12,0
LN106599,2022-03,0
LN106733,2024-11,0
LN108665,2023-04,0
LN105448,2024-12,1
LN100087,2025-01,1
LN106032,2025-04,0
LN104312,2024-10,0
LN104618,2023-11,0
LN105749,2022-03,0
LN101782,2024-10,1
LN104966,2025-01,0
LN108866,2022-01,0
LN102486,2025-08,0
LN104297,2025-05,0
LN104300,2024-10,0
LN108434,2025-06,0
LN107103,2023-10,0
LN108906,2025-03,0
LN102607,2025-03,0
LN102207,2025-05,0
LN100598,2024-03,0
LN108514,2024-08,0
LN102059,2023-07,0
LN100595,2024-07,1
LN102425,2025-02,0
LN102656,2022-12,0
LN106932,2023-09,0
LN103603,2025-12,0
LN105454,2025-01,0
LN108287,2024-05,1
LN108442,2022-08,0
LN105952,2024-01,0
LN103854,2025-02,0
LN105901,2023-02,0
LN106663,2024-03,0
LN108743,2025-03,0
LN107035,2023-05,1
LN105200,2023-10,1
LN102659,2022-12,0
LN100826,2025-01,1
LN100234,2025-04,0
LN102598,2025-02,0
LN106778,2022-08,0
LN106679,2024-06,1
LN100479,2024-02,1
LN101866,2022-11,0
LN101798,2024-08,0
LN100700,2023-11,0
LN102739,2023-05,0
LN104329,2025-03,1
LN106065,2024-02,0
LN106575,2025-07,0
LN102292,2023-09,0
LN100947,2023-05,0
LN103029,2024-09,0
LN103576,2025-01,1
LN108582,2025-05,0
LN100972,2024-11,1
LN108759,2023-09,0
LN107001,2025-08,0
LN105853,2024-11,0
LN101152,2023-03,0
LN102759,2024-05,0
LN108760,2024-11,0
LN104779,2022-05,0
LN101609,2022-06,0
LN100817,2023-08,0
LN103687,2025-04,0
LN107507,2025-06,0
LN103651,2025-04,0
LN102606,2023-07,0
LN105645,2021-09,1
LN104013,2023-03,0
LN108859,2023-01,0
LN104244,2024-05,0
LN101789,2024-11,0
LN106190,2025-09,0
LN105949,2025-08,1
LN101803,2022-10,0
LN102572,2024-12,0
LN107962,2024-06,0
LN100871,2025-01,0
LN105727,2022-05,1
LN107100,2023-09,0
LN106032,2024-04,0
LN103797,2023-09,1
LN104751,2025-11,1
LN105569,2025-04,0
LN108294,2023-07,1
LN106341,2025-07,0
LN106533,2024-10,1
LN105754,2023-04,0
LN104303,2023-01,0
LN100336,2025-07,1
LN103434,2024-11,0
LN103567,2025-01,1
LN108871,2024-08,0
LN101263,2025-09,0
LN108917,2024-07,0
LN106706,2022-03,0
LN101397,2025-03,0
LN102894,2022-06,1
LN103704,2025-12,1
LN104768,2022-10,0
LN106451,2025-12,0
LN104618,2025-08,0
LN102232,2025-09,1
LN104974,2024-05,0
LN107202,2023-12,0
LN104315,2024-11,0
LN102115,2024-01,0
LN105151,2025-05,1
LN104065,2024-08,0
LN107505,2025-03,0
LN107839,2024-02,1
LN108007,2022-09,1
LN101252,2021-12,1
LN102150,2023-10,0
LN102372,2023-01,0
LN108061,2025-06,1
LN107561,2021-12,0
LN105416,2023-08,0
LN103356,2023-05,1
LN108644,2024-01,0
LN103172,2023-02,0
LN100862,2024-12,0
LN100195,2023-04,1
LN106342,2025-12,1
LN106028,2025-07,0
LN106556,2024-03,1
LN101315,2024-11,1
LN104253,2023-12,0
LN107300,2024-07,1
LN101644,2024-07,0
LN107669,2023-03,0
LN103032,2025-02,0
LN107050,2025-06,0
LN100671,2023-08,0
LN102071,2024-01,0
LN101065,2024-02,1
LN106548,2025-04,0
LN107109,2023-11,0
LN103649,2024-08,0
LN108472,2025-08,0
LN101265,2021-10,0
LN103415,2023-09,0
LN105578,2025-09,1
LN101800,2024-03,0
LN107182,2021-09,1
LN100410,2022-08,0
LN102242,2024-08,1
LN104656,2022-03,0
LN105079,2025-02,0
LN105083,2025-11,0
LN103209,2022-04,0
LN105016,2023-02,0
LN103584,2024-08,0
LN104858,2025-05,0
LN106753,2023-07,0
LN103560,2024-05,0
LN101037,2022-06,1
LN100155,2025-01,0
LN105072,2023-03,0
LN102791,2025-12,0
LN106881,2022-08,1
LN101882,2023-06,1
LN107652,2024-04,1
LN102803,2022-02,0
LN103074,2024-07,0
LN107036,2023-06,0
LN108739,2024-05,0
LN106116,2024-08,0
LN100949,2025-08,1
LN104380,2025-12,0
LN104893,2024-01,0
LN102409,2023-08,0
LN101169,2025-11,0
LN106885,2023-07,1
LN101652,2025-06,0
LN102959,2024-06,1
LN107503,2025-06,0
LN106330,2024-09,1
LN103791,2022-04,0
LN108867,2024-05,1
LN105409,2025-10,0
LN103551,2025-03,1
LN103164,2022-03,0
LN108187,2025-06,0
LN105743,2025-12,0
LN102890,2023-05,1
LN107858,2025-09,1
LN106162,2025-12,0
LN100198,2023-06,1
LN103915,2025-10,1
LN104799,2024-04,0
LN102069,2023-08,0
LN103436,2023-01,0
LN100904,2024-04,0
LN100485,2024-10,0
LN104630,2024-08,0
LN107160,2022-07,0
LN103906,2025-01,1
LN106849,2023-02,1
LN100001,2024-03,0
LN107488,2022-03,0
LN101071,2025-03,0
LN104287,2025-07,0
LN102962,2025-09,1
LN105092,2021-09,0
LN104303,2023-08,0
LN101084,2023-06,1
LN108394,2021-12,0
LN102441,2025-02,0
LN102820,2023-10,0
LN102505,2022-06,0
LN101526,2023-09,0
LN102768,2023-11,0
LN107170,2025-08,0
LN105637,2023-07,0
LN108207,2022-09,0
LN107405,2025-10,1
LN108151,2023-09,0
LN108682,2025-01,1
LN103078,2024-03,0
LN101097,2024-04,1
LN108609,2022-03,1
LN101067,2023-12,0
LN105880,2022-11,0
LN104808,2022-12,0
LN108356,2024-11,0
LN108648,2025-03,1
LN107042,2024-04,0
LN103738,2025-02,1
LN103189,2025-11,0
LN107718,2025-02,0
LN100813,2025-05,1
LN103714,2025-07,0
LN100725,2025-08,0
LN108788,2025-08,0
LN104344,2023-05,0
LN103389,2024-02,1
LN104982,2022-12,1
LN105076,2024-04,0
LN106002,2025-10,1
LN100857,2022-04,0
LN106295,2024-08,0
LN108182,2024-04,0
LN102923,2025-03,1
LN101135,2025-02,1
LN100223,2023-10,0
LN104713,2025-06,0
LN103637,2025-06,0
LN100991,2025-07,1
LN103551,2024-10,0
LN108017,2024-08,1
LN108667,2024-10,1
LN105883,2023-03,1
LN105916,2023-09,1
LN102813,2025-09,0
LN107392,2025-07,0
LN106195,2025-09,1
LN105375,2024-07,0
LN101666,2025-07,1
LN103738,2025-10,1
LN102594,2025-11,0
LN107313,2024-02,0
LN108347,2022-07,0
LN107551,2023-12,1
LN104664,2025-01,1
LN105254,2025-03,0
LN101086,2024-06,1
LN104519,2025-05,1
LN102174,2023-08,1
LN108061,2024-03,0
LN100752,2022-07,0
LN100844,2023-01,1
LN108768,2023-11,0
LN103935,2025-03,0
LN106951,2025-09,0
LN107837,2025-05,1
LN102541,2025-02,0
LN104829,2025-06,0
LN101076,2025-08,0
LN107273,2025-01,1
LN103818,2025-05,0
LN100343,2025-10,0
LN103355,2024-07,0
LN103823,2025-11,0
LN103648,2025-08,0
LN106128,2025-12,0
LN105272,2025-02,1
LN102865,2021-10,1
LN102207,2025-01,0
LN105978,2023-04,0
LN101036,2025-03,1
LN100368,2023-09,0
LN102194,2024-03,0
LN105639,2025-06,0
LN105229,2023-10,1
LN107744,2022-06,1
LN102437,2024-05,0
LN105126,2022-08,1
LN105686,2024-09,0
LN103326,2025-04,0
LN103621,2022-10,0
LN102918,2025-12,0
LN106115,2023-05,0
LN100222,2025-07,0
LN106400,2025-03,1
LN103976,2024-07,0
LN104242,2024-09,0
LN106762,2025-01,0
LN102725,2023-09,0
LN105450,2024-06,0
LN103548,2023-05,0
LN100993,2025-10,0
LN101122,2022-12,1
LN107700,2025-02,0
LN106588,2022-11,0
LN107763,2025-06,1
LN108654,2022-12,0
LN104442,2024-03,0
LN107274,2023-03,0
LN106087,2023-09,0
LN108766,2023-10,0
LN108634,2025-01,0
LN105755,2022-11,1
LN105812,2024-10,0
LN100181,2024-11,0
LN108747,2023-05,0
LN106935,2023-01,1
LN105100,2025-07,1
LN102312,2024-07,1
LN108784,2022-11,1
LN108187,2022-05,0
LN104418,2024-05,0
LN104182,2021-12,0
LN104120,2025-11,0
LN102885,2024-09,1
LN103972,2023-01,1
LN104156,2024-11,0
LN102193,2025-08,0
LN100296,2024-10,0
LN107182,2021-11,0
LN106808,2023-08,1
LN106388,2024-05,0
LN105929,2022-06,0
LN104600,2025-08,1
LN103758,2021-11,0
LN100368,2021-11,0
LN103560,2023-08,1
LN105204,2023-07,0
LN105733,2024-07,1
LN101545,2023-08,0
LN100981,2024-05,0
LN102174,2022-05,0
LN103139,2025-01,1
LN100518,2024-09,1
LN104123,2024-02,1
LN106582,2025-10,0
LN101467,2025-04,0
LN103012,2022-08,1
LN100332,2024-03,1
LN101425,2025-04,0
LN102490,2023-04,0
LN108351,2024-09,0
LN101941,2024-12,1
LN102875,2023-11,1
LN105887,2025-12,0
LN100752,2024-05,1
LN102859,2024-05,0
LN105360,2024-04,0
LN105039,2024-12,0
LN108595,2025-05,0
LN106588,2025-05,0
LN103731,2025-06,0
LN106891,2025-09,0
LN104155,2023-09,0
LN107065,2023-04,0
LN107635,2024-08,0
LN100612,2025-08,0
LN107770,2025-07,1
LN105703,2025-04,1
LN106714,2025-03,0
LN102524,2024-05,0
LN105320,2023-05,0
LN101729,2024-05,0
LN104616,2024-05,1
LN105787,2024-08,0
LN100249,2025-02,0
LN103982,2023-11,0
LN107988,2024-09,0
LN103454,2025-02,0
LN105256,2023-08,0
LN108619,2025-04,0
LN101330,2023-12,0
LN107830,2022-12,0
LN100433,2022-09,0
LN108061,2023-07,0
LN108654,2024-08,0
LN100358,2024-07,0
LN108095,2025-06,1
LN106113,2024-11,1
LN108658,2024-11,1
LN100734,2025-07,0
LN108934,2023-03,1
LN103605,2022-07,0
LN107583,2022-11,1
LN105590,2024-02,0
LN100562,2023-11,0
LN102100,2025-03,1
LN100613,2024-08,0
LN103831,2024-10,0
LN106315,2022-09,0
LN107723,2025-06,0
LN102318,2024-12,1
LN105105,2025-06,1
LN103005,2023-01,0
LN104371,2022-07,0
LN104107,2025-11,1
LN105594,2024-09,1
LN102298,2022-05,1
LN108776,2025-03,1
LN106844,2022-06,0
LN103098,2025-04,1
LN105728,2023-03,0
LN101622,2025-05,1
LN100727,2024-02,0
LN103791,2022-07,0
LN108243,2025-02,1
LN106559,2024-12,1
LN101171,2025-07,0
LN103193,2024-01,0
LN105602,2023-03,1
LN104412,2022-11,0
LN105727,2022-10,1
LN102821,2025-10,0
LN107460,2024-04,1
LN102977,2025-03,0
LN108032,2024-05,1
LN107383,2025-01,1
LN108281,2024-02,0
LN101831,2025-03,0
LN105454,2025-02,0
LN100427,2024-11,1
LN105566,2022-08,0
LN103342,2023-12,0
LN103660,2023-10,0
LN100391,2025-03,0
LN103253,2024-07,0
LN106357,2022-09,1
LN108944,2023-04,1
LN107860,2024-05,0
LN103215,2024-08,0
LN106008,2024-11,1
LN103418,2025-03,1
LN102664,2023-09,1
LN100175,2024-11,0
LN105665,2023-06,0
LN104158,2023-01,0
LN101135,2022-08,0
LN103313,2022-10,0
LN106213,2023-01,0
LN101736,2025-10,0
LN106266,2025-05,0
LN108431,2025-01,0
LN103266,2024-11,1
LN103112,2025-12,1
LN100170,2022-05,0
LN105568,2022-12,0
LN105855,2024-12,1
LN107808,2025-11,0
LN107074,2024-05,0
LN106241,2023-06,1
LN103580,2025-08,0
LN106112,2023-10,0
LN104423,2025-10,0
LN107372,2023-08,1
LN107935,2023-06,1
LN103184,2024-04,0
LN101063,2025-05,0
LN105661,2023-12,0
LN103638,2021-10,0
LN108509,2025-01,0
LN101404,2024-01,0
LN104683,2023-06,1
LN107416,2024-06,1
LN104922,2024-10,0
LN101533,2023-11,1
LN107182,2021-10,1
LN103133,2025-02,1
LN104304,2025-03,0
LN107743,2022-04,0
LN100783,2024-02,1
LN108243,2025-03,1
LN107964,2024-07,0
LN107401,2025-07,0
LN108460,2024-05,0
LN104937,2024-10,0
LN100383,2023-08,1
LN100764,2025-08,1
LN100189,2025-12,0
LN108916,2023-04,0
LN100206,2024-07,0
LN101436,2025-07,0
LN107616,2024-11,0
LN104724,2025-06,1
LN108799,2024-06,1
LN101297,2025-09,1
LN104786,2023-12,0
LN102842,2025-02,1
LN104939,2025-08,1
LN101941,2025-05,0
LN108684,2024-01,0
LN101493,2024-12,0
LN106892,2021-12,0
LN100784,2025-09,1
LN107870,2024-03,0
LN102509,2025-08,0
LN100216,2023-04,0
LN100720,2023-01,0
LN106589,2024-05,0
LN103560,2022-07,0
LN105956,2023-01,0
LN107996,2025-03,0
LN106453,2024-07,1
LN103001,2024-02,0
LN107190,2023-09,0
LN100000,2023-03,1
LN108492,2023-04,0
LN104830,2025-12,0
LN101024,2025-04,0
LN105572,2024-12,0
LN105748,2024-12,0
LN106516,2022-12,1
LN105263,2024-07,1
LN108801,2024-10,0
LN102191,2023-08,0
LN103297,2025-11,1
LN102251,2024-03,0
LN104190,2024-05,1
LN107276,2022-12,0
LN100073,2025-06,0
LN107540,2025-02,1
LN107319,2025-05,0
LN106925,2024-10,1
LN104730,2025-10,1
LN108269,2024-09,0
LN103057,2022-01,0
LN105143,2024-02,1
LN108379,2023-11,1
LN102749,2025-09,1
LN104045,2025-03,0
LN104200,2025-01,0
LN106351,2023-02,0
LN100069,2025-07,1
LN101141,2025-01,0
LN108270,2023-08,1
LN104065,2024-05,0
LN102055,2024-09,1
LN106898,2025-10,0
LN100700,2024-11,0
LN108846,2025-04,0
LN107574,2024-01,0
LN106115,2024-09,1
LN108334,2025-11,1
LN103918,2021-09,1
LN102468,2022-11,0
LN108082,2025-05,0
LN107501,2023-08,0
LN107138,2023-09,0
LN104127,2022-06,1
LN102225,2025-12,0
LN100307,2024-04,0
LN100638,2024-08,1
LN105842,2023-09,0
LN102935,2024-06,1
LN106564,2024-06,1
LN102524,2022-06,0
LN102441,2022-07,0
LN105984,2022-01,0
LN104403,2025-08,0
LN106999,2024-09,1
LN108764,2024-05,1
LN101938,2025-06,0
LN108669,2024-06,0
LN101606,2025-12,1
LN103862,2024-07,0
LN100592,2023-08,0
LN107174,2023-09,1
LN105654,2024-04,1
LN101597,2025-09,1
LN106595,2024-08,0
LN101786,2022-03,0
LN100112,2024-11,1
LN104470,2025-12,1
LN104671,2024-10,0
LN104504,2021-11,1
LN102595,2022-11,0
LN107710,2025-11,0
LN103711,2025-08,1
LN100996,2023-11,1
LN108989,2023-09,1
LN105205,2025-08,0
LN106058,2025-05,0
LN102668,2025-03,0
LN105691,2025-10,0
LN103160,2022-07,0
LN103049,2025-08,0
LN100887,2023-06,0
LN107750,2025-10,0
LN100891,2025-07,0
LN108339,2024-04,0
LN107317,2025-02,1
LN105215,2025-04,0
LN104852,2025-07,0
LN107911,2023-12,0
LN108342,2022-09,0
LN106033,2025-08,1
LN101795,2023-06,1
LN100482,2023-10,1
LN100007,2025-09,0
LN107912,2023-10,1
LN108829,2022-09,1
LN104663,2023-07,1
LN106304,2023-02,0
LN106524,2022-08,0
LN108011,2024-08,0
LN107580,2023-08,0
LN104164,2024-12,1
LN102494,2023-03,0
LN107623,2023-08,0
LN107953,2023-10,0
LN104230,2024-10,0
LN101818,2023-02,0
LN102321,2025-05,1
LN107229,2024-12,0
LN100402,2025-06,0
LN103721,2023-12,0
LN100918,2022-09,0
LN101866,2022-01,1
LN103018,2023-10,0
LN107711,2024-07,0
LN106849,2022-11,0
LN104858,2025-02,0
LN108847,2025-03,0
LN100632,2024-07,0
LN107840,2024-04,0
LN101802,2023-04,0
LN103542,2022-09,0
LN102955,2025-02,0
LN105113,2022-01,1
LN100203,2025-07,0
LN101250,2022-06,0
LN108707,2023-12,1
LN105330,2024-04,1
LN104235,2022-02,1
LN106306,2024-05,1
LN104256,2025-09,0
LN107210,2025-07,0
LN106631,2025-08,1
LN102771,2022-03,0
LN105496,2024-07,1
LN108441,2024-01,0
LN106015,2023-04,0
LN105786,2025-02,1
LN103896,2025-01,0
LN101355,2024-05,1
LN103588,2024-09,1
LN106332,2022-07,0
LN102434,2024-04,1
LN108964,2025-10,0
LN106338,2025-09,0
LN101379,2023-11,1
LN106038,2025-10,0
LN108386,2025-02,0
LN103659,2023-06,1
LN103102,2024-10,0
LN106996,2023-11,1
LN102230,2024-12,0
LN100780,2025-09,0
LN100023,2025-05,0
LN103827,2025-10,0
LN101146,2023-09,0
LN106538,2025-03,1
LN100648,2025-02,0
LN103694,2023-09,1
LN105549,2024-12,0
LN106252,2023-10,0
LN102263,2024-09,0
LN101458,2023-10,0
LN102894,2025-10,1
LN106077,2023-11,0
LN106678,2025-03,0
LN107319,2023-04,1
LN100433,2025-07,1
LN102107,2025-11,0
LN105638,2023-04,0
LN103314,2025-05,0
LN105579,2023-09,0
LN107997,2025-09,0
LN106821,2024-09,1
LN106389,2025-07,0
LN103750,2024-10,0
LN100759,2024-09,1
LN106735,2024-08,1
LN105482,2023-08,1
LN107442,2024-09,0
LN105141,2021-10,0
LN105572,2025-03,1
LN108107,2023-12,0
LN105054,2022-02,1
LN101930,2023-05,0
LN105533,2025-12,0
LN108821,2023-04,0
LN104403,2025-07,0
LN105675,2024-03,0
LN104674,2025-11,0
LN106366,2025-10,0
LN108744,2025-10,0
LN105278,2024-01,0
LN103305,2024-07,0
LN101769,2023-06,0
LN106708,2024-05,1
LN102001,2023-03,0
LN106819,2024-11,0
LN103434,2023-07,0
LN108988,2023-08,0
LN104321,2023-11,0
LN100410,2023-12,1
LN101679,2025-02,0
LN107079,2024-09,0
LN103405,2022-12,1
LN107505,2025-06,1
LN105219,2024-02,0
LN100572,2023-11,1
LN104408,2024-10,1
LN107564,2024-02,0
LN105072,2023-08,1
LN106557,2022-12,1
LN108661,2025-01,0
LN105680,2025-07,0
LN103154,2022-05,0
LN101371,2025-07,0
LN105935,2025-03,0
LN105998,2024-08,0
LN103433,2025-07,0
LN107280,2024-06,1
LN105082,2023-06,0
LN103189,2025-07,0
LN103930,2025-03,0
LN103314,2025-10,0
LN106451,2024-09,1
LN101407,2025-05,0
LN103937,2023-05,0
LN101727,2025-07,0
LN100561,2023-12,0
LN101278,2023-08,0
LN106556,2021-12,1
LN105166,2024-11,0
LN106035,2022-11,0
LN104105,2024-08,0
LN106381,2022-12,0
LN104086,2022-10,1
LN100806,2024-05,0
LN104154,2024-04,1
LN108129,2022-08,0
LN103459,2023-03,0
LN101399,2022-11,1
LN106197,2023-06,1
LN104684,2024-01,1
LN102434,2023-11,0
LN106876,2023-02,0
LN106622,2025-01,0
LN108761,2024-08,0
LN106494,2024-03,0
LN106641,2024-01,0
LN102904,2024-05,0
LN102888,2025-07,0
LN108407,2024-05,0
LN107585,2021-11,0
LN102901,2025-03,0
LN101727,2025-10,0
LN100280,2023-07,1
LN107789,2025-05,1
LN104398,2024-09,0
LN101859,2024-10,0
LN106182,2024-04,0
LN103814,2024-01,0
LN108430,2025-11,1
LN106663,2022-09,0
LN103276,2025-01,0
LN102031,2025-09,0
LN108011,2022-07,0
LN108528,2025-05,0
LN107675,2022-05,0
LN101952,2023-07,0
LN107630,2022-08,0
LN103841,2025-03,0
LN105942,2023-03,0
LN106600,2022-08,1
LN101278,2024-03,0
LN100560,2024-09,1
LN103872,2025-05,1
LN102656,2025-12,0
LN107967,2023-08,0
LN107529,2023-12,0
LN107208,2024-06,0
LN101996,2023-07,0
LN103103,2025-03,1
LN108661,2022-06,1
LN101400,2024-08,0
LN103610,2023-06,0
LN101480,2023-11,0
LN101325,2024-02,0
LN106553,2023-12,0
LN103169,2025-11,0
LN103896,2023-10,1
LN106970,2025-12,1
LN106542,2025-10,1
LN106756,2024-04,0
LN107959,2025-08,1
LN107505,2025-05,0
LN101683,2024-09,0
LN104312,2025-01,1
LN103404,2024-02,0
LN103198,2025-12,0
LN103600,2023-04,0
LN108495,2024-07,1
LN106574,2024-10,0
LN108034,2024-11,0
LN104419,2022-11,0
LN104900,2022-12,0
LN103550,2023-05,0
LN107998,2022-08,0
LN100137,2023-11,1
LN106008,2023-05,0
LN103061,2024-04,0
LN105836,2024-09,0
LN102969,2024-06,1
LN105908,2025-09,1
LN100923,2022-03,0
LN106448,2023-01,0
LN108522,2024-08,0
LN104420,2025-07,1
LN107943,2023-02,0
LN102633,2023-09,0
LN106977,2023-09,1
LN100306,2024-12,0
LN105404,2024-03,0
LN103102,2023-06,0
LN101121,2022-12,0
LN101038,2023-06,0
LN100178,2025-04,1
LN106186,2024-05,0
LN102345,2022-05,0
LN107319,2021-11,0
LN103452,2023-11,0
LN102791,2022-10,0
LN108385,2023-12,0
LN104457,2021-08,0
LN108174,2025-04,0
LN103759,2024-10,0
LN108560,2025-07,1
LN103829,2023-12,0
LN106377,2022-05,0
LN102528,2022-06,0
LN105777,2022-10,0
LN103884,2025-01,0
LN106868,2024-04,0
LN106345,2024-11,0
LN100037,2025-05,1
LN108401,2022-09,0
LN105097,2023-03,0
LN101630,2024-10,0
LN108101,2025-12,0
LN106368,2022-05,1
LN103129,2025-04,1
LN103883,2024-10,0
LN106063,2021-11,0
LN102149,2025-12,1
LN100604,2024-08,0
LN102313,2024-07,0
LN102750,2024-01,0
LN104143,2024-05,0
LN103046,2025-06,0
LN105606,2023-09,0
LN100768,2024-03,1
LN105065,2025-10,1
LN105424,2024-03,1
LN105441,2025-01,0
LN107937,2023-04,0
LN102786,2024-12,1
LN104410,2024-02,0
LN102853,2024-04,0
LN103503,2022-03,1
LN106940,2025-07,0
LN105771,2022-06,0
LN100922,2025-04,1
LN106217,2022-10,0
LN107138,2024-07,0
LN101019,2025-05,0
LN108124,2024-07,0
LN105192,2023-04,0
LN102966,2023-12,0
LN107508,2025-08,0
LN108561,2024-04,0
LN106416,2024-11,0
LN105353,2025-10,0
LN104735,2025-02,1
LN104822,2024-10,0
LN102889,2024-05,1
LN100963,2023-11,0
LN103080,2024-02,0
LN104809,2025-05,0
LN103928,2024-11,1
LN100184,2025-09,0
LN108808,2025-05,0
LN106429,2024-09,1
LN104086,2025-01,0
LN105939,2023-07,0
LN106640,2024-07,0
LN104869,2023-12,0
LN100790,2022-06,1
LN100174,2025-11,0
LN100725,2022-07,1
LN108106,2024-10,0
LN106393,2024-05,1
LN106391,2023-05,0
LN103441,2021-09,0
LN108018,2024-07,1
LN101187,2024-07,1
LN108060,2025-02,0
LN105041,2024-12,1
LN108603,2024-09,0
LN103871,2021-12,0
LN100375,2023-08,0
LN107159,2021-10,0
LN106556,2025-01,0
LN103348,2023-05,0
LN106995,2024-07,1
LN105904,2023-07,0
LN101504,2025-06,1
LN101735,2025-08,0
LN106632,2022-06,1
LN102675,2023-07,0
LN104030,2023-12,0
LN106753,2025-09,0
LN107468,2024-08,1
LN108472,2025-05,0
LN106008,2022-09,1
LN106318,2025-03,0
LN100653,2025-01,1
LN100593,2025-06,0
LN107507,2024-03,0
LN105872,2024-10,1
LN101413,2024-12,1
LN104408,2025-09,0
LN105843,2021-11,1
LN104427,2024-12,1
LN103476,2023-10,0
LN102482,2023-07,1
LN101293,2024-10,1
LN100369,2025-03,1
LN102818,2024-05,0
LN104531,2023-06,0
LN100567,2024-08,1
LN108420,2025-05,1
LN100152,2025-12,0
LN100611,2024-11,0
LN106672,2023-12,0
LN106650,2023-06,1
LN101385,2022-12,1
LN108053,2025-05,1
LN103308,2022-07,0
LN101526,2024-03,0
LN106905,2023-04,1
LN108738,2024-07,0
LN106047,2025-02,0
LN102528,2022-03,0
LN107346,2024-09,0
LN107363,2022-08,0
LN105592,2024-07,1
LN108336,2024-12,0
LN104089,2025-09,0
LN103231,2023-11,0
LN107791,2024-04,0
LN108874,2023-02,0
LN101742,2024-07,0
LN103437,2025-08,0
LN100941,2025-05,0
LN103158,2024-10,1
LN107067,2023-02,0
LN106829,2025-02,0
LN105914,2025-02,0
LN100428,2024-09,0
LN101832,2025-08,0
LN105935,2024-01,0
LN105518,2025-12,1
LN105230,2022-05,0
LN100430,2023-12,0
LN108854,2025-04,0
LN104142,2023-07,0
LN102587,2023-08,0
LN103845,2024-01,0
LN101589,2021-10,1
LN104904,2025-06,1
LN103867,2024-05,0
LN102783,2025-06,1
LN107130,2025-07,0
LN103945,2024-01,0
LN106468,2025-05,0
LN101880,2024-02,0
LN105834,2022-07,1
LN107639,2024-08,0
LN101104,2024-09,0
LN105015,2025-07,0
LN108045,2023-12,0
LN104591,2024-12,0
LN102852,2025-08,0
LN106907,2024-05,0
LN101010,2023-08,1
LN103900,2024-10,0
LN104571,2023-07,1
LN102534,2025-02,0
LN104274,2025-01,1
LN104137,2023-01,0
LN103803,2021-09,1
LN105713,2025-05,0
LN103217,2023-08,0
LN101752,2024-04,0
LN101019,2022-01,0
LN106815,2023-06,1
LN105079,2025-11,0
LN108134,2025-12,0
LN104446,2024-05,1
LN105727,2021-11,1
LN100813,2024-06,0
LN106244,2025-09,1
LN108959,2025-07,0
LN104565,2023-07,0
LN100846,2023-07,1
LN106701,2025-11,0
LN107369,2022-08,0
LN106972,2023-09,0
LN105995,2023-07,0
LN108896,2024-10,1
LN105619,2022-02,0
LN105551,2025-09,0
LN103508,2024-07,0
LN100093,2025-09,0
LN102069,2024-06,0
LN106518,2023-05,0
LN107032,2025-11,1
LN100102,2025-12,0
LN107140,2025-08,1
LN100783,2023-06,0
LN104592,2024-01,1
LN104220,2024-04,0
LN107399,2024-08,0
LN102489,2023-12,0
LN104982,2022-04,0
LN103261,2025-12,0
LN106272,2024-04,0
LN101527,2025-02,1
LN104488,2025-05,0
LN104284,2023-11,1
LN106011,2024-03,0
LN104867,2023-02,0
LN108138,2024-08,0
LN107073,2022-08,0
LN100314,2023-04,0
LN103030,2024-02,0
LN108139,2023-04,1
LN100531,2024-04,0
LN107782,2025-05,0
LN104060,2024-06,0
LN106774,2025-02,0
LN101443,2024-10,0
LN104465,2022-12,0
LN102845,2025-03,0
LN104309,2025-08,0
LN106834,2025-10,1
LN107005,2024-10,0
LN104296,2025-02,1
LN105436,2025-09,1
LN104027,2024-11,1
LN108373,2021-12,1
LN104398,2024-07,0
LN107462,2022-10,1
LN106219,2025-06,0
LN105425,2024-12,0
LN100947,2023-06,1
LN100103,2023-08,1
LN105039,2022-12,0
LN104591,2021-08,0
LN104139,2023-06,1
LN100790,2025-07,1
LN105025,2023-12,1
LN103715,2023-09,0
LN100701,2023-09,0
LN104298,2021-08,1
LN101719,2024-02,0
LN106043,2024-08,0
LN104035,2022-10,0
LN101384,2022-12,0
LN100507,2023-12,0
LN105035,2023-09,1
LN106009,2022-07,0
LN102128,2023-12,0
LN106111,2024-02,1
LN105751,2024-10,0
LN103125,2025-09,0
LN108854,2025-02,0
LN101412,2023-10,0
LN100265,2025-08,1
LN106489,2023-10,1
LN107081,2024-11,0
LN100847,2025-07,0
LN104106,2022-02,1
LN104855,2023-12,1
LN101224,2024-10,0
LN105080,2024-02,0
LN105417,2023-08,1
LN101256,2024-10,0
LN103532,2024-10,0
LN108086,2024-07,0
LN104465,2023-09,0
LN102136,2025-01,1
LN106429,2022-04,0
LN107602,2023-12,1
LN106126,2023-02,1
LN108816,2024-09,1
LN108105,2024-06,0
LN106851,2025-11,1
LN105211,2023-02,1
LN102545,2023-12,0
LN101403,2024-05,0
LN101089,2023-10,0
LN104627,2023-05,0
LN107829,2023-08,0
LN104836,2025-03,1
LN103147,2024-06,0
LN105320,2024-08,1
LN108505,2024-02,0
LN105624,2024-10,0
LN105407,2024-10,1
LN107201,2025-06,0
LN104400,2022-10,0
LN103318,2022-06,0
LN107248,2025-06,0
LN106849,2023-08,0
LN105718,2024-04,1
LN102853,2023-02,0
LN102915,2023-04,0
LN101286,2025-10,0
LN102676,2025-03,0
LN106112,2023-02,0
LN106020,2023-03,1
LN104775,2022-07,0
LN102213,2024-06,0
LN105947,2025-02,0
LN103636,2025-03,0
LN100880,2025-08,1
LN100305,2024-09,0
LN101245,2025-08,0
LN104052,2024-09,0
LN102745,2025-03,0
LN103213,2025-08,0
LN102471,2025-04,0
LN106611,2024-04,0
LN107442,2025-10,0
LN101307,2025-10,1
LN108262,2025-11,0
LN100055,2021-08,0
LN101853,2023-11,1
LN103947,2025-07,0
LN107923,2024-11,0
LN104236,2025-08,1
LN108128,2022-12,0
LN105948,2025-04,0
LN102127,2025-06,0
LN103518,2025-06,0
LN101539,2024-08,0
LN101012,2024-03,0
LN103415,2024-05,0
LN108167,2023-01,0
LN108969,2024-11,0
LN108389,2023-02,0
LN101820,2024-08,0
LN104330,2022-10,0
LN102536,2023-01,0
LN106294,2024-05,0
LN103002,2025-09,0
LN104284,2023-08,0
LN100280,2022-10,0
LN107086,2023-12,0
LN106326,2024-11,0
LN100470,2025-10,0
LN108456,2025-01,1
LN101535,2024-04,0
LN106343,2025-11,0
LN105887,2024-02,0
LN107168,2025-07,0
LN102012,2023-07,1
LN102406,2023-10,1
LN104777,2025-05,1
LN107710,2023-12,0
LN106325,2022-10,0
LN104274,2022-12,1
LN100746,2024-06,0
LN103034,2023-02,0
LN104889,2025-09,0
LN108629,2023-10,1
LN108920,2024-06,0
LN105377,2023-10,0
LN106578,2023-07,0
LN102195,2025-06,1
LN105205,2023-03,1
LN108750,2025-05,0
LN100656,2025-05,0
LN100224,2024-08,0
LN105332,2025-07,0
LN107096,2024-07,0
LN102584,2025-03,1
LN100065,2024-03,0
LN103720,2024-05,1
LN101501,2025-01,1
LN104126,2022-06,0
LN107522,2025-11,0
LN106576,2021-11,0
LN103740,2023-08,1
LN101093,2024-12,0
LN108418,2025-08,1
LN105286,2023-06,0
LN108625,2025-08,0
LN108054,2024-10,0
LN108472,2023-05,0
LN102818,2022-07,0
LN103800,2025-11,0
LN101159,2025-05,0
LN105916,2025-11,0
LN101077,2022-09,1
LN104154,2024-06,1
LN104494,2023-10,1
LN108356,2025-02,1
LN107036,2023-01,1
LN105660,2023-06,0
LN102276,2025-12,0
LN107767,2024-11,0
LN107774,2023-07,0
LN100697,2024-01,0
LN108753,2024-10,0
LN106268,2024-04,1
LN108179,2022-10,0
LN101814,2025-01,0
LN100912,2023-12,0
LN102118,2025-01,0
LN107116,2025-03,0
LN100312,2022-09,0
LN107673,2025-11,0
LN107289,2023-03,1
LN104874,2025-04,1
LN102870,2024-01,0
LN103826,2024-03,0
LN104934,2024-01,1
LN107410,2023-09,0
LN103633,2025-05,0
LN105740,2025-01,0
LN108787,2025-08,0
LN104107,2025-04,0
LN100831,2024-09,1
LN104217,2023-10,0
LN106354,2024-12,0
LN107301,2022-09,0
LN108562,2025-12,0
LN101803,2023-04,1
LN102908,2023-11,0
LN102318,2025-06,1
LN100484,2024-08,0
LN104118,2022-10,0
LN101351,2024-01,0
LN103785,2025-02,0
LN106698,2024-05,1
LN101660,2024-11,0
LN107581,2023-01,0
LN102702,2023-11,0
LN105045,2025-10,1
LN103474,2023-12,0
LN107580,2025-12,0
LN108890,2024-09,0
LN108691,2024-12,0
LN103178,2023-08,0
LN101280,2025-01,1
LN100737,2025-02,0
LN106951,2023-07,0
LN106668,2023-07,0
LN100466,2025-02,1
LN108561,2023-08,0
LN105023,2023-11,0
LN107661,2025-01,0
LN103425,2025-01,0
LN103010,2025-11,0
LN103719,2025-06,0
LN100712,2025-03,0
LN103301,2023-03,0
LN106629,2024-09,0
LN105215,2024-07,0
LN100165,2025-04,1
LN104316,2025-08,0
LN108498,2025-02,1
LN107177,2024-07,1
LN100594,2023-02,0
LN102590,2024-05,1
LN108090,2024-01,0
LN102346,2025-02,0
LN103072,2024-09,0
LN106752,2025-11,1
LN105583,2024-09,0
LN105650,2025-09,1
LN104753,2024-12,1
LN101211,2024-03,0
LN100536,2024-05,0
LN108629,2022-12,0
LN101042,2023-10,0
LN105408,2025-07,0
LN103416,2025-11,1
LN103434,2025-08,0
LN105784,2023-10,1
LN101985,2025-02,0
LN106197,2023-09,1
LN105229,2024-05,0
LN101119,2024-11,1
LN102631,2023-11,0
LN104425,2025-12,0
LN100507,2023-10,1
LN100351,2023-02,1
LN104722,2025-01,0
LN100335,2025-01,0
LN101723,2024-11,0
LN103896,2024-07,0
LN107066,2023-10,0
LN107439,2023-06,1
LN104876,2024-04,0
LN104199,2025-08,1
LN106761,2024-04,0
LN106694,2025-03,0
LN100297,2023-08,0
LN103598,2025-11,0
LN107116,2024-10,1
LN108147,2022-02,0
LN108851,2023-10,1
LN108052,2024-07,0
LN105702,2022-10,0
LN104039,2023-05,0
LN107741,2025-09,0
LN106978,2025-07,1
LN102328,2025-03,1
LN104550,2022-11,0
LN102735,2024-05,1
LN101146,2024-06,0
LN104266,2022-09,0
LN101866,2024-11,0
LN107814,2024-09,1
LN101012,2023-03,0
LN102459,2021-10,0
LN103097,2023-01,1
LN100796,2025-02,1
LN100234,2025-01,1
LN107003,2024-02,0
LN107198,2024-04,0
LN105548,2024-09,0
LN100517,2021-11,1
LN100616,2023-11,1
LN102104,2025-10,0
LN107313,2023-06,0
LN108792,2023-10,0
LN104884,2023-08,0
LN105510,2025-01,0
LN105731,2022-04,0
LN106853,2021-11,1
LN101796,2025-06,0
LN100334,2024-08,0
LN108117,2023-01,0
LN100912,2023-10,1
LN107909,2022-01,0
LN103284,2022-12,0
LN102432,2024-06,0
LN107833,2024-02,0
LN104556,2023-01,0
LN100573,2023-05,0
LN101504,2025-12,0
LN106517,2025-03,0
LN105811,2024-11,0
LN104580,2022-12,1
LN104065,2023-06,0
LN101754,2025-07,0
LN106757,2023-04,0
LN106313,2023-01,0
LN106296,2022-11,0
LN101663,2024-01,0
LN101706,2025-11,0
LN106716,2025-05,0
LN103416,2025-03,0
LN103652,2024-02,0
LN104344,2025-12,0
LN108611,2022-02,0
LN105511,2025-10,1
LN106055,2025-08,0
LN107426,2024-09,0
LN102622,2024-11,1
LN101721,2024-08,1
LN102666,2023-08,0
LN106046,2022-03,0
LN104929,2023-08,0
LN106381,2025-10,0
LN104388,2024-12,0
LN106042,2024-05,0
LN101676,2022-07,0
LN106401,2024-12,0
LN102663,2025-12,0
LN100238,2022-11,0
LN100204,2024-05,0
LN105218,2023-12,0
LN106444,2023-01,1
LN101281,2025-04,0
LN100617,2025-05,1
LN101074,2025-06,1
LN101892,2025-11,0
LN100184,2025-07,0
LN100006,2024-10,0
LN105536,2022-03,1
LN105916,2022-08,0
LN107918,2022-03,0
LN105287,2025-08,0
LN106711,2025-11,0
LN100912,2024-12,0
LN108120,2024-05,1
LN106420,2025-10,0
LN104999,2024-02,0
LN103084,2024-02,1
LN105620,2023-03,1
LN108533,2024-10,0
LN107950,2024-05,0
LN101317,2024-09,0
LN101832,2024-12,1
LN103083,2025-04,0
LN104913,2025-01,1
LN108128,2024-12,0
LN106738,2025-06,0
LN106684,2023-01,1
LN107864,2022-04,0
LN108163,2022-12,0
LN108686,2023-05,0
LN101025,2023-08,0
LN107565,2025-04,1
LN102450,2025-12,0
LN103357,2025-04,0
LN106039,2024-05,1
LN106566,2025-06,0
LN102900,2023-07,1
LN101233,2024-02,1
LN101914,2024-12,0
LN100286,2022-06,1
LN108068,2025-05,0
LN105102,2023-10,1
LN100319,2025-06,0
LN104389,2023-11,1
LN102686,2024-06,1
LN108306,2024-01,0
LN104409,2024-01,0
LN101452,2021-10,0
LN107222,2024-12,0
LN104444,2025-03,1
LN108388,2025-05,1
LN102263,2025-11,1
LN104372,2022-12,0
LN105533,2023-04,0
LN106336,2025-05,0
LN101450,2023-03,0
LN102137,2024-04,1
LN107101,2025-10,0
LN103376,2024-10,1
LN104371,2023-02,1
LN105025,2024-02,0
LN108436,2025-03,0
LN101152,2024-01,0
LN105695,2022-10,1
LN105256,2023-09,0
LN108164,2023-06,1
LN100959,2023-06,0
LN106889,2024-12,0
LN104630,2024-02,0
LN108827,2022-08,0
LN100993,2023-09,1
LN106296,2022-12,0
LN107950,2025-07,0
LN103937,2025-02,0
LN101308,2024-01,0
LN100033,2024-01,0
LN108602,2024-07,0
LN100984,2024-10,0
LN101454,2023-08,0
LN100341,2023-09,1
LN108323,2023-10,0
LN108917,2023-05,1
LN107520,2024-06,0
LN104408,2024-05,0
LN103396,2023-04,1
LN101340,2023-06,1
LN101986,2025-04,0
LN100012,2024-06,0
LN101020,2023-09,0
LN104113,2025-09,1
LN103276,2022-03,0
LN101390,2023-03,0
LN102102,2023-07,0
LN102817,2025-07,1
LN108156,2024-05,1
LN107045,2025-08,1
LN105571,2024-04,0
LN101355,2023-09,0
LN103879,2023-04,1
LN105581,2024-07,0
LN106220,2023-03,1
LN106866,2024-11,0
LN106632,2024-05,1
LN108057,2024-02,0
LN107118,2025-03,0
LN107291,2025-12,0
LN102341,2023-08,0
LN108421,2024-08,1
LN107174,2024-03,0
LN105664,2024-10,0
LN100784,2024-11,0
LN101611,2023-09,1
LN103494,2025-08,0
LN103085,2024-09,1
LN107610,2025-11,1
LN101730,2025-05,1
LN102660,2025-07,1
LN106241,2022-09,0
LN102727,2022-09,0
LN108866,2022-12,0
LN104538,2025-03,0
LN105795,2025-09,0
LN105336,2024-02,0
LN107452,2025-05,0
LN108455,2022-07,0
LN102008,2025-02,0
LN101228,2025-07,1
LN104465,2025-07,1
LN103149,2025-10,0
LN107335,2023-01,0
LN103799,2023-06,1
LN102755,2025-05,0
LN104641,2025-01,0
LN107235,2025-09,1
LN107207,2022-10,0
LN104236,2025-01,0
LN105380,2023-09,1
LN108839,2025-02,0
LN107118,2024-09,0
LN103379,2023-04,0
LN104315,2025-11,0
LN101584,2024-07,1
LN108294,2023-11,1
LN106988,2023-08,0
LN102193,2025-10,0
LN102620,2025-12,1
LN106815,2022-09,1
LN101187,2024-04,0
LN107110,2023-09,0
LN105575,2024-07,0
LN100120,2024-09,0
LN101912,2022-08,0
LN102339,2023-01,0
LN105277,2025-09,1
LN108933,2023-05,0
LN107613,2024-02,1
LN102679,2023-09,0
LN103380,2024-09,0
LN102486,2024-02,0
LN100903,2025-08,0
LN104776,2024-04,0
LN104461,2025-10,0
LN102880,2021-10,0
LN108623,2024-10,0
LN102412,2025-09,0
LN108125,2022-10,0
LN107975,2023-09,0
LN107123,2023-06,0
LN107338,2023-08,1
LN108187,2022-10,0
LN107328,2025-06,0
LN104535,2025-10,0
LN102133,2024-01,0
LN107741,2023-03,0
LN101130,2023-02,0
LN100790,2022-03,0
LN104552,2024-02,0
LN105973,2022-09,0
LN105244,2024-04,1
LN108110,2023-05,0
LN106046,2023-04,1
LN101845,2025-12,0
LN102483,2025-04,0
LN108344,2024-01,0
LN108230,2024-06,0
LN100917,2025-06,1
LN104214,2025-12,0
LN106171,2023-03,0
LN105856,2023-02,0
LN100460,2024-01,1
LN108404,2025-03,0
LN101131,2024-02,0
LN105106,2024-02,0
LN103581,2025-04,1
LN105467,2024-03,1
LN103878,2022-04,0
LN107079,2023-07,1
LN104054,2025-11,0
LN104696,2022-01,1
LN107851,2025-09,0
LN100164,2025-07,0
LN107276,2022-09,0
LN104803,2025-02,1
LN104475,2023-08,0
LN104209,2023-12,1
LN102050,2022-12,0
LN105474,2023-12,1
LN104484,2025-05,0
LN102744,2025-07,0
LN100803,2025-06,1
LN108344,2025-05,1
LN103944,2024-04,0
LN103503,2022-09,0
LN106073,2025-04,0
LN100221,2024-02,1
LN105801,2024-04,0
LN104662,2022-09,0
LN103835,2025-07,0
LN103264,2023-09,0
LN105017,2025-05,0
LN108038,2022-12,0
LN104184,2024-04,0
LN106036,2024-09,1
LN106000,2025-05,0
LN102955,2025-09,0
LN107762,2024-04,0
LN106758,2024-06,0
LN108054,2025-06,1
LN107078,2025-06,0
LN102242,2024-10,0
LN102385,2024-07,1
LN101982,2023-08,0
LN103177,2025-05,0
LN102267,2024-08,0
LN104545,2024-09,0
LN105003,2024-04,0
LN102113,2024-11,0
LN108426,2025-04,0
LN106762,2022-09,1
LN106406,2024-11,1
LN107480,2024-07,0
LN106163,2021-11,1
LN105155,2025-12,1
LN101091,2023-06,0
LN101337,2023-07,1
LN101166,2023-06,0
LN108910,2025-02,1
LN107848,2024-05,0
LN105953,2024-12,0
LN103198,2025-02,0
LN102433,2022-12,1
LN105425,2024-06,0
LN107982,2024-12,0
LN101681,2025-11,1
LN100439,2024-02,1
LN101306,2023-03,0
LN108958,2023-02,0
LN107298,2023-07,0
LN106682,2025-04,0
LN107832,2025-05,1
LN107222,2023-02,0
LN101810,2024-12,0
LN100522,2022-06,1
LN108412,2023-05,0
LN105262,2025-04,0
LN103544,2024-08,0
LN102546,2024-04,1
LN101461,2024-01,0
LN104882,2024-07,0
LN107889,2024-04,0
LN105154,2025-04,0
LN101083,2025-01,1
LN101025,2022-09,1
LN108840,2023-08,1
LN105902,2025-12,1
LN103259,2024-06,1
LN102188,2024-10,0
LN101875,2025-09,0
LN101969,2023-02,0
LN100000,2022-07,0
LN106379,2022-09,0
LN107524,2023-06,0
LN107346,2025-05,1
LN108281,2024-04,0
LN103698,2023-10,1
LN107213,2024-03,0
LN104644,2022-02,1
LN105067,2025-08,0
LN101791,2025-04,0
LN107862,2025-02,1
LN105216,2025-12,0
LN107605,2024-01,0
LN108473,2025-09,0
LN104108,2025-03,0
LN103718,2024-08,0
LN106417,2022-03,1
LN102513,2024-12,0
LN100298,2024-01,1
LN107083,2023-11,0
LN102068,2023-03,0
LN103072,2023-03,1
LN105563,2023-11,0
LN100756,2025-06,0
LN107746,2024-09,1
LN104685,2024-01,0
LN107295,2024-07,1
LN107151,2024-12,1
LN107990,2023-06,0
LN105046,2024-12,0
LN108263,2025-12,0
LN105642,2025-02,0
LN106111,2025-08,0
LN101853,2025-04,0
LN100520,2024-06,0
LN103792,2022-08,0
LN103696,2022-10,1
LN107780,2025-03,1
LN106639,2023-03,0
LN103026,2022-06,0
LN107359,2023-01,1
LN107272,2024-03,0
LN101148,2024-09,0
LN104934,2023-12,1
LN103039,2023-01,0
LN100033,2024-06,0
LN105569,2025-08,0
LN105602,2022-04,0
LN105506,2024-11,1
LN106193,2023-07,1
LN104176,2023-11,0
LN108021,2023-05,1
LN105006,2025-06,0
LN105662,2024-07,0
LN108720,2025-07,1
LN105536,2025-12,0
LN105510,2025-07,0
LN108242,2025-05,0
LN106859,2024-10,0
LN102739,2025-02,0
LN102757,2024-08,0
LN102379,2025-03,0
LN104781,2024-01,0
LN106538,2025-04,1
LN106048,2024-08,0
LN100798,2024-04,1
LN102686,2023-12,1
LN104357,2023-07,0
LN108958,2024-12,1
LN102264,2025-09,0
LN102629,2022-11,0
LN103900,2023-06,0
LN100418,2025-04,0
LN106326,2024-07,0
LN103525,2022-03,0
LN104904,2022-09,0
LN101880,2025-01,0
LN105135,2022-12,1
LN106412,2022-11,0
LN108390,2025-06,0
LN102342,2025-02,0
LN107407,2024-04,1
LN107800,2023-11,0
LN104798,2023-01,0
LN108616,2025-08,0
LN103067,2024-09,1
LN106432,2025-04,0
LN102248,2025-05,0
LN101188,2023-12,0
LN104864,2025-06,0
LN105946,2023-05,0
LN104173,2022-12,0
LN103979,2025-04,0
LN100683,2025-02,1
LN108009,2023-10,0
LN100419,2024-06,1
LN106858,2025-08,0
LN103188,2022-10,0
LN106144,2022-08,0
LN102041,2025-09,0
LN104799,2024-03,0
LN107460,2025-09,0
LN108163,2024-01,0
LN108431,2024-09,0
LN107306,2024-02,0
LN103536,2023-05,0
LN100828,2025-03,1
LN102765,2025-01,1
LN108380,2024-04,0
LN103989,2025-07,0
LN105481,2025-10,0
LN105927,2024-03,1
LN107929,2022-10,0
LN104266,2025-09,0
LN101889,2023-02,0
LN105061,2023-11,0
LN107755,2025-03,0
LN106551,2024-05,0
LN108439,2024-06,1
LN100326,2024-05,0
LN108135,2025-11,0
LN108975,2022-12,0
LN104614,2024-01,1
LN104645,2025-02,1
LN108829,2024-09,0
LN108327,2025-06,0
LN106402,2023-05,0
LN103394,2022-09,0
LN104273,2024-06,0
LN106751,2025-06,1
LN105640,2025-01,0
LN107983,2024-04,0
LN106734,2025-04,0
LN105332,2025-07,1
LN108551,2022-09,0
LN105210,2023-04,0
LN107609,2022-02,0
LN103060,2024-06,1
LN108943,2023-06,0
LN100319,2025-01,0
LN108604,2024-12,1
LN104139,2024-10,0
LN102419,2025-03,1
LN101646,2023-05,0
LN106875,2022-10,0
LN100204,2023-11,0
LN101618,2023-11,0
LN100584,2025-08,0
LN105770,2025-07,0
LN101401,2023-10,0
LN108173,2024-04,0
LN104957,2025-11,0
LN107028,2023-10,1
LN108897,2024-03,0
LN104016,2024-03,0
LN107223,2023-03,0
LN106256,2023-10,0
LN108921,2023-06,0
LN101032,2024-09,1
LN101599,2025-04,0
LN104895,2023-01,0
LN102684,2024-09,0
LN107109,2023-04,0
LN104669,2023-10,0
LN100711,2023-04,0
LN100204,2025-06,0
LN103435,2024-07,0
LN100970,2023-03,1
LN108045,2024-08,0
LN106268,2024-05,0
LN106292,2022-03,0
LN106919,2025-07,1
LN104155,2025-05,0
LN104203,2022-03,0
LN104328,2022-02,1
LN107234,2025-10,0
LN103074,2023-07,0
LN105164,2024-10,1
LN103513,2024-02,0
LN107307,2024-08,0
LN106880,2025-11,0
LN106857,2024-12,1
LN108139,2022-05,0
LN108008,2022-10,0
LN105154,2024-07,0
LN103903,2024-05,0
LN106357,2023-09,0
LN101706,2025-07,1
LN101088,2024-10,0
LN102524,2021-11,1
LN103598,2023-07,0
LN102653,2024-11,0
LN105750,2025-05,0
LN105745,2024-11,0
LN107345,2022-12,1
LN104011,2024-12,1
LN100645,2025-10,0
LN103047,2024-03,0
LN107989,2025-12,1
LN104268,2022-06,1
LN100462,2025-02,0
LN100032,2024-10,0
LN107972,2023-08,0
LN105192,2023-09,1
LN102404,2023-11,0
LN100294,2025-03,0
LN107570,2024-04,0
LN101511,2023-11,0
LN103829,2024-10,0
LN104888,2023-02,1
LN107177,2024-11,0
LN108388,2025-11,0
LN101769,2024-03,0
LN105414,2024-12,0
LN103830,2025-02,0
LN104155,2024-04,1
LN101426,2024-01,1
LN108902,2024-09,1
LN102201,2023-08,1
LN105275,2023-04,0
LN100356,2022-05,0
LN104750,2022-10,0
LN101541,2022-10,0
LN100009,2022-08,0
LN108370,2025-02,1
LN100751,2022-12,0
LN106045,2023-04,0
LN101906,2024-11,0
LN106507,2023-04,0
LN100240,2022-05,0
LN104316,2025-03,1
LN101119,2025-01,0
LN107177,2025-11,1
LN104204,2022-09,0
LN100366,2024-08,0
LN108028,2022-12,0
LN100542,2023-10,0
LN105170,2024-09,1
LN105415,2025-03,1
LN103516,2022-10,0
LN102298,2023-10,0
LN107544,2024-09,0
LN101819,2022-10,0
LN106058,2024-09,0
LN105942,2024-07,0
LN102262,2023-06,0
LN105219,2024-08,1
LN105920,2025-09,0
LN103358,2025-07,0
LN105784,2024-11,1
LN108302,2023-10,0
LN102275,2023-05,0
LN100931,2025-04,0
LN103823,2023-01,1
LN107454,2024-07,0
LN106388,2025-02,1
LN100844,2021-12,0
LN108284,2024-07,0
LN101664,2025-03,1
LN106447,2024-11,0
LN100782,2023-05,0
LN102760,2023-08,0
LN104466,2025-09,0
LN106636,2024-06,0
LN108473,2025-01,0
LN104560,2023-12,0
LN101214,2024-10,0
LN106095,2024-06,0
LN106580,2025-11,0
LN104710,2025-09,0
LN101974,2024-08,0
LN101001,2025-07,0
LN104401,2023-01,0
LN106579,2024-12,1
LN101674,2024-05,1
LN104944,2023-04,0
LN101479,2024-08,1
LN106146,2024-07,1
LN106975,2025-01,0
LN108913,2022-05,0
LN101121,2022-05,0
LN102113,2025-05,0
LN101044,2025-04,0
LN104185,2025-12,1
LN105211,2023-01,1
LN105083,2024-10,1
LN105033,2024-03,0
LN105842,2024-11,0
LN104477,2025-06,0
LN101071,2024-03,0
LN107096,2023-09,1
LN106870,2025-03,0
LN107273,2024-09,1
LN106921,2023-01,0
LN100371,2024-04,0
LN107302,2025-06,0
LN102734,2024-11,0
LN100401,2024-05,0
LN104695,2024-10,0
LN104997,2024-09,0
LN108733,2024-05,0
LN107949,2024-07,0
LN105710,2024-07,1
LN107723,2024-06,0
LN102243,2021-11,0
LN108164,2025-03,0
LN100698,2025-01,0
LN108345,2025-07,1
LN100076,2022-09,0
LN108017,2022-06,1
LN100659,2022-12,0
LN101473,2025-07,0
LN100857,2022-12,1
LN100476,2025-10,0
LN102260,2024-05,1
LN104506,2023-03,0
LN102401,2024-08,0
LN108946,2025-11,0
LN106738,2025-01,0
LN100493,2025-08,0
LN104934,2025-10,0
LN103373,2025-10,0
LN104347,2023-12,1
LN105830,2023-12,0
LN104441,2025-06,0
LN100546,2023-11,0
LN105280,2024-04,1
LN107443,2025-11,0
LN105214,2024-11,0
LN104214,2024-07,1
LN101691,2025-10,0
LN108620,2022-03,1
LN107955,2023-10,0
LN101104,2022-09,0
LN106543,2024-06,1
LN103424,2024-07,0
LN101253,2025-11,0
LN100956,2024-01,0
LN106942,2023-08,0
LN104615,2024-07,1
LN108700,2023-06,0
LN106514,2025-01,0
LN100584,2023-11,1
LN105909,2023-11,0
LN105737,2025-05,0
LN103464,2025-04,0
LN106049,2023-10,0
LN104103,2024-04,0
LN101445,2022-09,0
LN103669,2023-12,1
LN103294,2025-02,1
LN103509,2022-11,0
LN100892,2025-05,0
LN108523,2024-11,0
LN101682,2023-09,0
LN100663,2024-07,0
LN105900,2025-12,0
LN100190,2024-10,0
LN108267,2024-12,0
LN107179,2023-11,0
LN104662,2023-07,0
LN106637,2025-05,0
LN108728,2025-09,1
LN100855,2024-09,0
LN108259,2025-07,0
LN108062,2024-11,1
LN107867,2023-07,0
LN101045,2025-10,0
LN108085,2023-05,0
LN101494,2023-04,1
LN104389,2025-06,1
LN100018,2025-07,0
LN101104,2023-05,0
LN105981,2025-06,1
LN102162,2023-01,0
LN106924,2023-06,0
LN105684,2024-11,0
LN104985,2023-06,0
LN100622,2023-07,1
LN100641,2025-03,0
LN101973,2025-05,1
LN102480,2024-08,1
LN107793,2023-03,1
LN103490,2023-04,0
LN108318,2025-10,0
LN103330,2025-05,1
LN106192,2024-04,0
LN106099,2025-03,0
LN103773,2022-09,0
LN106274,2023-07,0
LN106146,2025-02,0
LN108168,2025-02,1
LN105463,2024-05,0
LN105708,2024-02,0
LN104743,2024-01,1
LN100633,2024-03,0
LN106664,2025-04,1
LN107309,2023-07,0
LN104425,2025-09,0
LN100573,2021-11,0
LN102668,2023-04,0
LN104389,2024-04,0
LN101029,2023-07,0
LN100944,2022-06,0
LN101005,2024-11,0
LN102865,2024-06,0
LN103149,2022-02,1
LN108959,2025-11,0
LN103352,2025-05,1
LN107056,2024-04,0
LN108731,2024-08,1
LN102898,2025-10,0
LN106114,2022-05,1
LN105424,2024-10,0
LN101918,2024-09,1
LN101478,2025-11,1
LN106328,2024-06,0
LN103423,2022-11,1
LN108721,2025-01,0
LN100807,2021-11,0
LN101530,2025-09,0
LN100698,2023-05,0
LN102473,2023-02,1
LN101952,2024-10,0
LN104879,2024-05,1
LN104976,2024-05,0
LN101776,2022-08,0
LN102870,2024-07,0
LN108020,2023-11,1
LN108340,2025-08,0
LN101027,2024-12,1
LN107603,2022-06,0
LN104394,2025-08,0
LN103330,2025-06,0
LN104723,2024-11,1
LN108492,2024-10,1
LN108984,2024-01,0
LN107326,2022-07,0
LN102838,2022-09,0
LN102371,2024-10,0
LN100217,2024-01,0
LN103055,2024-09,1
LN106464,2024-08,0
LN104916,2023-05,0
LN100402,2023-01,0
LN101461,2024-05,1
LN100075,2025-11,0
LN106254,2022-11,0
LN107246,2022-08,1
LN100166,2022-09,1
LN102803,2024-02,0
LN105771,2022-09,0
LN102575,2025-04,1
LN102443,2025-03,0
LN102665,2025-09,0
LN107414,2023-08,1
LN106991,2024-12,1
LN100232,2022-10,1
LN101160,2025-11,1
LN102461,2024-08,0
LN106324,2024-11,1
LN106610,2024-06,0
LN104795,2025-04,1
LN105515,2024-03,0
LN108285,2023-02,0
LN103104,2024-09,1
LN105671,2024-10,1
LN104877,2023-04,0
LN104748,2024-11,0
LN103535,2023-10,1
LN101116,2025-02,0
LN105481,2023-02,1
LN102535,2025-05,0
LN102299,2024-10,0
LN107621,2025-11,0
LN107335,2022-01,0
LN101852,2023-04,0
LN100123,2023-06,1
LN103112,2024-03,0
LN101059,2025-06,1
LN104222,2025-08,0
LN105774,2024-10,0
LN105022,2024-11,1
LN101237,2024-01,1
LN103499,2023-12,1
LN105389,2025-02,0
LN100379,2025-05,0
LN103549,2025-09,0
LN100599,2024-02,0
LN101659,2023-07,0
LN104013,2023-07,1
LN104305,2024-09,0
LN102912,2024-11,0
LN102742,2025-08,1
LN108413,2024-01,0
LN104897,2024-12,1
LN104880,2025-10,1
LN105057,2024-11,0
LN108329,2024-10,0
LN103356,2023-10,0
LN101438,2025-03,0
LN102368,2024-09,0
LN104865,2023-11,1
LN100888,2024-09,0
LN100767,2025-06,0
LN102561,2025-07,0
LN102065,2025-10,0
LN101875,2025-08,1
LN100038,2024-09,1
LN103709,2024-08,1
LN106302,2025-01,0
LN104989,2025-09,0
LN104988,2025-09,0
LN108008,2023-07,0
LN106828,2023-04,0
LN108405,2022-11,0
LN101903,2024-02,0
LN104156,2025-09,1
LN105524,2025-09,0
LN105651,2025-10,0
LN107219,2022-04,0
LN103280,2022-05,1
LN106348,2023-06,0
LN106566,2025-09,1
LN106452,2025-09,0
LN103388,2024-01,1
LN100306,2024-09,0
LN103178,2025-03,1
LN105321,2024-09,1
LN101822,2024-07,0
LN100185,2023-10,0
LN108642,2025-10,0
LN103927,2022-02,0
LN106485,2025-12,0
LN100966,2024-01,0
LN107102,2024-03,1
LN104786,2025-12,0
LN100040,2022-05,1
LN102733,2023-11,0
LN100540,2025-06,0
LN103871,2025-03,0
LN108308,2024-04,1
LN106770,2025-03,0
LN104903,2024-11,0
LN108056,2024-10,1
LN105802,2025-03,0
LN102871,2025-04,0
LN104358,2024-07,1
LN102826,2023-10,0
LN107169,2025-09,0
LN108987,2024-07,1
LN100428,2025-10,0
LN107451,2024-07,0
LN102708,2024-10,0
LN101614,2022-07,0
LN108274,2022-10,0
LN100110,2024-12,0
LN103143,2025-07,0
LN102837,2025-08,1
LN108138,2024-09,0
LN102792,2025-09,0
LN103728,2023-01,0
LN107600,2025-09,0
LN107048,2025-06,0
LN108396,2024-07,0
LN104678,2025-09,0
LN100297,2025-09,0
LN107397,2021-11,0
LN104905,2025-11,0
LN108402,2023-01,0
LN108000,2025-06,0
LN103424,2025-04,0
LN102650,2025-09,1
LN106933,2025-09,0
LN102954,2024-04,0
LN107631,2023-01,0
LN107827,2025-01,0
LN101490,2024-04,0
LN102046,2024-03,0
LN106365,2023-12,0
LN106600,2022-09,0
LN108265,2024-03,0
LN100315,2025-04,1
LN101128,2025-09,1
LN104489,2025-08,0
LN106084,2024-05,0
LN105768,2023-12,0
LN104368,2025-08,0
LN105016,2022-02,0
LN104498,2024-07,1
LN107730,2024-10,0
LN105850,2023-12,0
LN103134,2025-04,0
LN107985,2022-01,1
LN102815,2021-11,0
LN104278,2024-01,1
LN106514,2025-07,0
LN100990,2024-10,0
LN107605,2022-12,1
LN105138,2022-09,1
LN102109,2023-07,0
LN104906,2024-09,1
LN106135,2023-07,0
LN108466,2024-08,1
LN103732,2023-03,1
LN108604,2023-12,1
LN104854,2024-08,0
LN108054,2025-05,0
LN100284,2025-08,0
LN101018,2022-12,0
LN103859,2023-03,0
LN106197,2022-10,0
LN106276,2024-04,0
LN104492,2024-11,0
LN106821,2025-09,1
LN102180,2024-12,1
LN103158,2025-09,1
LN103994,2024-10,1
LN103905,2025-01,0
LN105096,2025-10,0
LN106040,2023-04,0
LN107877,2023-08,0
LN104173,2025-03,0
LN100938,2023-07,0
LN108326,2025-10,0
LN100019,2023-08,0
LN101023,2024-06,1
LN105489,2023-07,0
LN102830,2025-01,0
LN103734,2024-02,0
LN107849,2023-12,1
LN103324,2023-09,0
LN103452,2024-07,0
LN106962,2023-10,0
LN102891,2025-03,1
LN103338,2024-11,0
LN105264,2025-01,0
LN104419,2022-03,0
LN100526,2024-09,0
LN104415,2025-04,1
LN102889,2024-06,1
LN104356,2025-02,0
LN101065,2023-04,0
LN102682,2024-02,1
LN105763,2021-11,1
LN100709,2024-02,0
LN100300,2025-07,0
LN102297,2023-11,0
LN108495,2025-08,0
LN105473,2023-12,0
LN100093,2024-01,1
LN105211,2022-10,0
LN107616,2025-12,1
LN108458,2025-08,0
LN102714,2024-06,0
LN100091,2025-04,1
LN106616,2023-08,0
LN102334,2024-06,0
LN104616,2024-07,0
LN104450,2025-07,0
LN106615,2024-06,0
LN105012,2023-11,0
LN107274,2022-08,0
LN108281,2024-12,0
LN100241,2025-12,0
LN104765,2025-03,0
LN104008,2025-09,0
LN108360,2023-03,0
LN107073,2022-06,1
LN104343,2024-01,1
LN103847,2023-07,1
LN101192,2023-02,1
LN108695,2025-06,0
LN107183,2025-06,1
LN107440,2023-12,1
LN102346,2024-08,0
LN102722,2022-04,0
LN102433,2022-10,0
LN101081,2025-04,1
LN105554,2024-11,0
LN108655,2024-11,0
LN101899,2024-10,0
LN105866,2025-10,0
LN107378,2025-04,0
LN101174,2023-01,0
LN104485,2023-11,0
LN100043,2024-06,0
LN104544,2023-03,0
LN103214,2025-11,0
LN105404,2023-03,0
LN108932,2024-01,0
LN103826,2023-08,0
LN101543,2024-07,0
LN104586,2023-03,0
LN104995,2022-06,0
LN106823,2025-07,0
LN104832,2024-01,1
LN105334,2024-08,0
LN100552,2025-03,0
LN107139,2023-04,0
LN100611,2025-09,1
LN108298,2021-12,0
LN101093,2023-02,1
LN103569,2024-10,0
LN108085,2023-11,0
LN108929,2022-09,0
LN100483,2024-05,0
LN102351,2025-09,0
LN103355,2023-04,1
LN100579,2024-08,1
LN103995,2025-04,0
LN106014,2023-05,0
LN106512,2022-09,0
LN107011,2025-02,0
LN106349,2025-01,0
LN103316,2024-09,1
LN102415,2023-11,0
LN103464,2025-07,0
LN100907,2022-05,0
LN104642,2025-07,0
LN103903,2025-02,0
LN104815,2022-09,0
LN108188,2024-12,1
LN108567,2023-01,0
LN106739,2023-10,1
LN101487,2024-11,1
LN106032,2025-11,0
LN105113,2022-08,0
LN106789,2025-04,0
LN107599,2025-08,0
LN101338,2025-04,1
LN108218,2023-05,1
LN107111,2025-07,0
LN103744,2023-01,0
LN106272,2024-03,0
LN105632,2023-05,1
LN104892,2022-02,0
LN100856,2022-06,1
LN107960,2025-03,0
LN104413,2025-11,1
LN101310,2023-12,0
LN101488,2024-12,0
LN105191,2025-07,1
LN105728,2023-06,1
LN106672,2024-02,0
LN100282,2024-06,0
LN101432,2025-04,0
LN107096,2025-06,1
LN105752,2022-06,0
LN104729,2025-07,0
LN107916,2024-12,0
LN104031,2023-06,0
LN100074,2024-07,0
LN103632,2022-11,1
LN103110,2025-08,0
LN101792,2023-06,0
LN106048,2025-02,1
LN102300,2023-05,1
LN104648,2022-12,0
LN108866,2025-01,1
LN108307,2023-06,0
LN108620,2025-07,0
LN104457,2024-09,0
LN101038,2023-12,0
LN104505,2024-02,1
LN104533,2024-05,0
LN103651,2023-05,0
LN105459,2025-02,0
LN107084,2023-10,0
LN101315,2022-11,1
LN105216,2025-07,0
LN102138,2023-11,0
LN104036,2024-10,0
LN103550,2023-08,0
LN105265,2025-04,1
LN104328,2023-04,1
LN106470,2025-08,0
LN102034,2025-08,0
LN107562,2024-04,0
LN102340,2025-06,0
LN102371,2025-01,0
LN102707,2024-07,0
LN106655,2024-12,1
LN102208,2022-06,0
LN108134,2025-01,0
LN103167,2024-08,0
LN101284,2023-10,0
LN102152,2024-06,1
LN108931,2023-11,0
LN100560,2025-01,1
LN107295,2024-09,0
LN100380,2023-12,1
LN101266,2024-04,0
LN100734,2024-06,0
LN100513,2024-07,0
LN100075,2023-07,0
LN104938,2024-06,0
LN102405,2024-07,0
LN104849,2025-09,0
LN108652,2022-08,1
LN102046,2023-06,0
LN101505,2023-02,0
LN106700,2024-10,0
LN103614,2025-01,0
LN100366,2023-06,1
LN101076,2024-10,0
LN106448,2023-04,0
LN103114,2024-09,0
LN108932,2025-02,1
LN105647,2025-01,0
LN101297,2025-06,0
LN108395,2025-02,1
LN105684,2025-01,0
LN102250,2024-02,0
LN106193,2022-01,1
LN106512,2022-04,0
LN100105,2024-05,1
LN108541,2025-03,1
LN103838,2024-11,0
LN106709,2024-05,0
LN102236,2023-04,1
LN104683,2022-07,0
LN102156,2024-06,0
LN106257,2025-02,0
LN106762,2024-01,1
LN106140,2023-10,0
LN103443,2022-10,0
LN101880,2024-08,0
LN108946,2022-01,1
LN103434,2025-06,0
LN105062,2025-04,0
LN103594,2024-02,1
LN100092,2025-06,0
LN104117,2024-03,1
LN101797,2022-06,1
LN104696,2022-05,0
LN101169,2025-02,0
LN101126,2024-09,0
LN101411,2024-11,0
LN102612,2023-07,0
LN100701,2025-03,0
LN101219,2024-05,0
LN104958,2025-12,0
LN100366,2024-09,0
LN106046,2025-01,1
LN108078,2024-12,0
LN100242,2025-12,0
LN105167,2023-04,0
LN107651,2025-12,0
LN102398,2024-12,1
LN100624,2025-10,1
LN102682,2025-12,0
LN107715,2025-01,0
LN108464,2023-04,0
LN108143,2025-06,0
LN101034,2025-01,1
LN105794,2024-01,0
LN101493,2022-11,0
LN106776,2025-08,0
LN107522,2025-08,0
LN101927,2024-12,0
LN102637,2024-12,0
LN104478,2025-11,0
LN103095,2025-12,0
LN108671,2023-01,1
LN106230,2025-12,0
LN106276,2024-10,0
LN102123,2025-05,1
LN103922,2025-02,0
LN104772,2022-07,1
LN101390,2025-10,1
LN105397,2023-09,1
LN105836,2025-01,0
LN108720,2025-05,1
LN105097,2023-04,1
LN101762,2021-08,0
LN106204,2023-07,1
LN108640,2025-09,0
LN106466,2025-08,0
LN107145,2024-02,0
LN104595,2024-05,1
LN104150,2023-08,0
LN100565,2025-03,1
LN101875,2025-02,1
LN102031,2024-08,0
LN107651,2024-08,0
LN103258,2024-01,1
LN108100,2025-05,1
LN105474,2024-12,0
LN104094,2025-10,0
LN105580,2024-08,1
LN103770,2023-07,1
LN108721,2025-11,0
LN101587,2022-07,0
LN105736,2022-11,0
LN105860,2025-12,0
LN105359,2024-11,0
LN105079,2023-05,0
LN104382,2024-07,0
LN102301,2024-08,0
LN103640,2025-08,0
LN105731,2025-07,0
LN100260,2024-07,0
LN106110,2025-06,0
LN108294,2022-07,0
LN104754,2024-07,0
LN105733,2023-06,1
LN108395,2024-10,0
LN103937,2024-07,0
LN103925,2025-10,0
LN108476,2025-08,0
LN102213,2022-09,0
LN105590,2023-04,1
LN101517,2023-06,1
LN107275,2025-10,0
LN103668,2023-10,0
LN106224,2023-12,0
LN101927,2022-01,0
LN107756,2022-04,1
LN101797,2022-11,0
LN100157,2023-10,1
LN100885,2025-07,0
LN103513,2025-03,1
LN103423,2023-02,0
LN104624,2025-11,1
LN103161,2025-03,1
LN101344,2024-01,1
LN106936,2023-09,0
LN106588,2025-09,1
LN103884,2025-10,0
LN105552,2024-08,1
LN102133,2024-08,0
LN103093,2025-06,0
LN102866,2022-10,1
LN102733,2023-03,0
LN105491,2025-02,1
LN106073,2025-08,0
LN106412,2021-10,0
LN101465,2021-11,0
LN106898,2025-08,1
LN106014,2025-10,1
LN106117,2024-08,1
LN101442,2025-08,1
LN103616,2024-03,1
LN101098,2023-12,0
LN107651,2024-10,1
LN108732,2025-01,1
LN100666,2023-11,0
LN103558,2022-05,0
LN105324,2025-04,0
LN105671,2025-10,1
LN106337,2023-03,0
LN105894,2024-06,0
LN107930,2022-12,1
LN102750,2025-05,0
LN102804,2024-12,0
LN107636,2022-09,0
LN100541,2022-05,0
LN101204,2025-02,0
LN108645,2023-08,0
LN101816,2025-09,1
LN105470,2025-04,0
LN105573,2024-08,0
LN106670,2022-11,0
LN103381,2024-09,0
LN103652,2023-04,0
LN101819,2024-03,0
LN106330,2025-05,0
LN105138,2024-09,0
LN101510,2023-08,1
LN106283,2023-01,0
LN106980,2022-08,1
LN106318,2025-05,0
LN103493,2024-04,0
LN101436,2025-11,0
LN103238,2024-12,0
LN102198,2025-05,1
LN106106,2022-01,0
LN108913,2025-02,0
LN102039,2024-01,0
LN100631,2024-10,1
LN100133,2025-10,1
LN101721,2025-07,1
LN106870,2023-07,0
LN108450,2025-04,1
LN107686,2023-11,0
LN102236,2024-12,0
LN105614,2025-01,0
LN105977,2024-02,0
LN101837,2025-06,0
LN108194,2023-03,1
LN108569,2024-12,1
LN107908,2023-01,1
LN102575,2024-03,0
LN107611,2022-02,0
LN107143,2022-09,0
LN102863,2023-09,1
LN105003,2025-07,0
LN101527,2022-04,0
LN106769,2022-06,0
LN101299,2022-08,0
LN103341,2022-12,1
LN106756,2023-09,0
LN100538,2025-01,1
LN103422,2025-01,1
LN107950,2023-12,0
LN107183,2024-02,0
LN105670,2022-12,0
LN101177,2023-02,1
LN107769,2024-11,0
LN100411,2023-07,0
LN101755,2024-04,0
LN102672,2024-06,0
LN108572,2025-07,1
LN102888,2022-06,0
LN102812,2025-01,0
LN104105,2023-05,0
LN104010,2023-05,0
LN102958,2025-04,1
LN100817,2024-08,0
LN108498,2023-09,0
LN108975,2022-08,0
LN108123,2025-03,0
LN107964,2024-11,0
LN108947,2022-01,0
LN103241,2025-06,0
LN100512,2024-08,0
LN106710,2022-10,0
LN107869,2024-11,0
LN108908,2025-10,0
LN106228,2025-03,0
LN101946,2023-05,0
LN108759,2025-01,0
LN104093,2023-03,0
LN105682,2023-02,1
LN107199,2025-01,1
LN102308,2025-11,0
LN104757,2025-08,1
LN104263,2024-10,0
LN104246,2023-01,1
LN102908,2023-03,0
LN102286,2025-11,0
LN107400,2025-09,0
LN104571,2024-09,1
LN103750,2024-07,1
LN107347,2022-12,0
LN106588,2023-02,0
LN108859,2023-02,1
LN101795,2025-09,0
LN105138,2025-06,1
LN102982,2025-05,0
LN107627,2021-09,1
LN102735,2022-02,0
LN107130,2024-02,0
LN106941,2024-01,0
LN107965,2023-09,0
LN104973,2024-09,1
LN102481,2025-04,1
LN101335,2024-12,0
LN107400,2025-05,1
LN106046,2024-04,0
LN102426,2022-02,0
LN101139,2024-02,1
LN108385,2025-05,0
LN106917,2022-11,0
LN107411,2025-04,1
LN108577,2025-12,0
LN104431,2022-10,1
LN107242,2024-11,1
LN106907,2025-02,0
LN104736,2022-02,0
LN106815,2023-05,0
LN106267,2024-05,0
LN105848,2023-11,0
LN106289,2025-08,0
LN104934,2024-09,0
LN104443,2025-07,0
LN108398,2025-08,0
LN106404,2024-07,1
LN106443,2025-06,0
LN101363,2024-12,0
LN106446,2024-12,0
LN104158,2022-03,0
LN102573,2024-08,0
LN105257,2024-06,1
LN108710,2025-06,1
LN102905,2025-01,1
LN107827,2022-12,0
LN105909,2025-08,0
LN104208,2023-07,0
LN102642,2024-06,0
LN106542,2023-08,1
LN103647,2025-07,0
LN102585,2025-04,0
LN105944,2022-07,0
LN100568,2025-01,0
LN101436,2023-08,0
LN100842,2025-07,0
LN105952,2025-03,1
LN106566,2024-12,0
LN103983,2024-08,1
LN103787,2024-07,0
LN102656,2023-08,0
LN106019,2024-04,0
LN100192,2024-09,1
LN108498,2025-12,0
LN101821,2024-09,1
LN103715,2025-08,1
LN100489,2024-05,0
LN105308,2024-09,0
LN102650,2025-05,1
LN106533,2022-08,0
LN105819,2024-01,0
LN102810,2023-11,0
LN106289,2024-06,0
LN102106,2024-11,0
LN105626,2024-07,0
LN108579,2024-03,0
LN108752,2025-01,0
LN106081,2025-12,0
LN108409,2024-06,0
LN103566,2024-11,0
LN108044,2024-10,1
LN103443,2022-12,0
LN100512,2025-01,0
LN102890,2025-01,1
LN107817,2024-02,0
LN101682,2022-07,0
LN102546,2024-08,1
LN108026,2024-05,0
LN105921,2024-04,1
LN107601,2025-06,1
LN106020,2022-09,0
LN102338,2021-10,0
LN102260,2024-01,0
LN107792,2025-06,0
LN101591,2023-05,0
LN102303,2024-07,0
LN100064,2025-07,0
LN105621,2021-09,0
LN106068,2023-04,0
LN103631,2023-05,0
LN108609,2025-06,0
LN104516,2024-08,1
LN104033,2022-10,0
LN107578,2025-09,0
LN106455,2024-10,1
LN105230,2025-12,0
LN105652,2025-02,1
LN102398,2025-06,1
LN108358,2025-01,1
LN105091,2022-11,0
LN103529,2022-10,1
LN107234,2024-09,0
LN101747,2023-01,0
LN101522,2023-05,0
LN100723,2025-05,0
LN103572,2025-09,0
LN101445,2025-06,0
LN103366,2023-11,0
LN104884,2025-01,0
LN108295,2025-02,0
LN108319,2025-05,0
LN105562,2025-08,1
LN103163,2022-10,0
LN105343,2024-09,0
LN107964,2024-03,0
LN103758,2025-11,1
LN101319,2024-07,0
LN104697,2021-11,0
LN103597,2024-08,1
LN101822,2023-05,0
LN103115,2023-09,1
LN102814,2023-02,0
LN100557,2025-01,1
LN108579,2025-10,0
LN102710,2023-03,0
LN104605,2025-09,0
LN107448,2024-12,0
LN103312,2024-10,0
LN100486,2023-12,1
LN102161,2023-04,0
LN106591,2025-11,0
LN107155,2023-06,0
LN102514,2022-10,0
LN106602,2024-11,1
LN101287,2024-11,1
LN105699,2025-06,0
LN103209,2024-01,1
LN105736,2023-01,0
LN105632,2025-08,0
LN105691,2025-07,1
LN101113,2023-06,0
LN101857,2024-01,0
LN104083,2024-12,1
LN101589,2022-02,0
LN100594,2023-12,0
LN100220,2023-12,1
LN107259,2024-05,0
LN102480,2025-07,0
LN108866,2025-03,1
LN104401,2023-09,1
LN100261,2024-10,0
LN104694,2025-01,0
LN106039,2024-07,0
LN103803,2023-06,0
LN106122,2024-05,0
LN102553,2023-12,0
LN101621,2022-09,0
LN103918,2022-01,0
LN104550,2022-01,0
LN105107,2025-04,1
LN108815,2025-08,1
LN108961,2023-06,0
LN104316,2025-06,0
LN107344,2025-03,0
LN102268,2021-11,0
LN102398,2025-03,0
LN106056,2024-05,1
LN106639,2025-06,0
LN100970,2023-06,0
LN104836,2024-01,0
LN106389,2024-08,1
LN103385,2024-02,0
LN100008,2024-09,0
LN107903,2025-12,0
LN101879,2022-09,0
LN104893,2024-11,1
LN104761,2024-10,0
LN108915,2024-12,1
LN102494,2025-01,0
LN103786,2022-08,0
LN106834,2025-01,0
LN104155,2024-02,0
LN108204,2024-10,1
LN105557,2025-12,0
LN102500,2025-04,1
LN100276,2024-08,0
LN102432,2022-07,0
LN100742,2024-03,0
LN100337,2025-11,0
LN108292,2023-12,0
LN100295,2024-07,0
LN108934,2023-07,1
LN100540,2025-04,0
LN100522,2022-04,0
LN106364,2025-05,0
LN106507,2024-01,0
LN103511,2025-12,1
LN100293,2023-09,1
LN102317,2024-08,0
LN104348,2025-08,0
LN108486,2024-06,1
LN100225,2022-09,0
LN100613,2024-07,0
LN103057,2022-09,0
LN105652,2022-05,0
LN107047,2023-11,0
LN107307,2022-04,1
LN103576,2025-05,0
LN105749,2021-11,0
LN108922,2023-11,0
LN101927,2022-10,0
LN105939,2023-01,1
LN102711,2021-10,0
LN106925,2023-05,0
LN108327,2025-04,0
LN104345,2025-10,0
LN107732,2023-04,1
LN102245,2024-10,0
LN100246,2025-05,1
LN102442,2025-03,1
LN107299,2025-12,1
LN105600,2023-11,1
LN105395,2025-09,0
LN102346,2025-07,1
LN101607,2025-06,0
LN105270,2024-08,0
LN107106,2024-01,0
LN105322,2024-12,0
LN103744,2024-01,1
LN108116,2024-10,0
LN100064,2023-10,0
LN105922,2024-09,0
LN101104,2025-03,0
LN106231,2024-02,1
LN107424,2025-11,1
LN101531,2023-10,0
LN100320,2022-11,1
LN108806,2024-11,0
LN101506,2025-04,1
LN105660,2022-02,1
LN100096,2025-12,0
LN105431,2023-10,0
LN101609,2025-10,1
LN102356,2025-08,0
LN107195,2025-09,0
LN104826,2024-02,0
LN105440,2024-08,0
LN108686,2022-11,0
LN101925,2025-12,0
LN108612,2024-05,0
LN100883,2022-03,0
LN100814,2024-12,0
LN104048,2024-08,0
LN100142,2024-10,0
LN104759,2025-03,0
LN106280,2023-11,0
LN105384,2022-02,0
LN104887,2025-05,0
LN104401,2022-10,0
LN100898,2023-07,0
LN104200,2025-09,0
LN102461,2024-10,1
LN104091,2021-10,0
LN106420,2025-02,1
LN104560,2025-11,0
LN102750,2025-02,0
LN104858,2023-09,0
LN104045,2022-01,0
LN104067,2022-12,1
LN103846,2024-09,0
LN104046,2024-06,0
LN100387,2025-11,0
LN100979,2025-02,1
LN107675,2025-05,1
LN100073,2022-05,0
LN104998,2024-06,0
LN107983,2025-03,0
LN100136,2024-12,0
LN100376,2025-10,0
LN106703,2023-01,0
LN107213,2025-11,0
LN107513,2023-11,1
LN104177,2025-07,0
LN106795,2025-07,0
LN102040,2024-02,0
LN104466,2025-07,0
LN107618,2022-10,1
LN104398,2022-02,0
LN100541,2025-04,0
LN102693,2024-07,0
LN100595,2025-07,1
LN108873,2024-09,0
LN103956,2024-01,0
LN105476,2024-02,0
LN100258,2023-08,0
LN103151,2025-05,0
LN104565,2025-06,0
LN104965,2023-04,0
LN108601,2024-11,1
LN106206,2024-08,0
LN108201,2025-02,0
LN101683,2025-08,0
LN101358,2022-05,0
LN108955,2022-07,0
LN100779,2025-06,0
LN103286,2023-10,1
LN100928,2023-12,0
LN100860,2025-03,0
LN101027,2022-10,0
LN107087,2023-02,0
LN102642,2023-11,0
LN106504,2024-11,1
LN105045,2025-05,0
LN103457,2025-01,0
LN105335,2023-02,0
LN102321,2025-03,0
LN108947,2024-01,0
LN106692,2025-04,1
LN108009,2025-02,0
LN107788,2024-08,0
LN107631,2025-08,0
LN104356,2024-12,0
LN106156,2021-11,0
LN103492,2025-08,0
LN101366,2022-10,1
LN101201,2023-10,0
LN102021,2025-03,1
LN106037,2023-08,0
LN108775,2022-06,0
LN107501,2024-03,1
LN103831,2023-04,0
LN107723,2023-05,0
LN103196,2025-10,1
LN101881,2022-10,0
LN103549,2024-05,1
LN101677,2024-09,1
LN104942,2024-08,0
LN100312,2023-02,0
LN108063,2024-07,0
LN100177,2023-02,0
LN105334,2025-04,1
LN104149,2022-12,1
LN108383,2025-06,0
LN103410,2023-02,1
LN103530,2024-09,1
LN102068,2023-05,1
LN102966,2023-02,0
LN106318,2025-09,1
LN101229,2024-06,0
LN103145,2025-02,0
LN101935,2023-05,0
LN105909,2023-06,1
LN106349,2025-05,0
LN107739,2025-05,0
LN104860,2024-08,0
LN106823,2025-09,0
LN103096,2023-03,1
LN104926,2025-02,0
LN106771,2024-06,0
LN101277,2025-06,0
LN103747,2025-07,0
LN106758,2025-06,0
LN102888,2022-09,0
LN106239,2024-12,0
LN103000,2024-08,0
LN106987,2024-02,0
LN100121,2024-07,0
LN100172,2025-12,0
LN108105,2023-10,0
LN105458,2023-10,0
LN105921,2025-04,0
LN108771,2025-12,1
LN103821,2022-08,1
LN100056,2024-04,1
LN104543,2024-01,1
LN102289,2024-04,1
LN100486,2024-08,1
LN107393,2025-09,1
LN102566,2025-12,0
LN105178,2022-07,0
LN107005,2025-04,0
LN102791,2025-03,0
LN108756,2024-11,0
LN105454,2025-08,0
LN108250,2023-10,0
LN105108,2024-11,0
LN106930,2024-08,0
LN108878,2025-06,1
LN105402,2025-09,0
LN107147,2025-11,1
LN100684,2023-01,0
LN105464,2024-06,0
LN108538,2025-09,0
LN101722,2025-05,0
LN107168,2025-06,0
LN106134,2024-04,0
LN103221,2022-11,0
LN107166,2025-09,0
LN103627,2024-02,0
LN103898,2022-08,0
LN102244,2025-03,0
LN101368,2025-04,0
LN108801,2025-11,1
LN105761,2022-12,0
LN100590,2024-08,0
LN106869,2022-02,0
LN108794,2024-04,0
LN105270,2023-09,0
LN106332,2022-10,0
LN100877,2024-09,0
LN100315,2024-08,0
LN105289,2025-08,1
LN102251,2025-04,0
LN106330,2022-03,0
LN103283,2024-07,0
LN101286,2025-02,0
LN102513,2025-12,0
LN104935,2023-10,0
LN101179,2025-02,1
LN105030,2025-05,0
LN104244,2023-07,1
LN104894,2024-12,0
LN104694,2024-11,1
LN103463,2023-01,0
LN107063,2023-01,1
LN105369,2023-07,0
LN108967,2024-12,1
LN101116,2024-12,1
LN101225,2025-12,0
LN107852,2024-05,0
LN104668,2025-06,1
LN105826,2024-11,0
LN101564,2023-11,0
LN108151,2025-09,1
LN101527,2023-03,0
LN106491,2023-09,0
LN103109,2025-02,0
LN101765,2025-02,0
LN106628,2024-06,0
LN106635,2024-05,0
LN104889,2024-07,0
LN104512,2022-03,0
LN102466,2024-12,0
LN100031,2024-01,1
LN104941,2025-05,0
LN108618,2023-01,0
LN107047,2024-12,0
LN108657,2024-09,1
LN101465,2023-12,1
LN101226,2022-04,0
LN101619,2025-07,0
LN102852,2023-08,1
LN100257,2024-07,0
LN100105,2025-01,0
LN100496,2022-11,0
LN103061,2024-07,0
LN103927,2022-03,0
LN100761,2024-03,0
LN101458,2024-04,1
LN101022,2025-12,0
LN100032,2022-10,0
LN106232,2024-02,0
LN101267,2023-05,0
LN103907,2024-12,0
LN107812,2024-04,0
LN101402,2022-11,1
LN104402,2022-12,0
LN105642,2025-12,1
LN107378,2022-10,1
LN100984,2024-05,0
LN106056,2023-02,0
LN108438,2025-02,0
LN103759,2023-11,0
LN104709,2023-07,0
LN105864,2025-04,0
LN108133,2023-06,0
LN102076,2023-04,0
LN104014,2025-12,1
LN105005,2025-04,0
LN108071,2024-07,0
LN102339,2022-12,0
LN100382,2025-09,0
LN102755,2025-10,1
LN101820,2024-12,1
LN107335,2025-09,0
LN106711,2025-10,0
LN100676,2024-02,0
LN104807,2025-04,0
LN104565,2023-12,0
LN107764,2025-11,1
LN101639,2023-08,0
LN106529,2025-02,0
LN103551,2025-12,1
LN107892,2025-11,0
LN105724,2023-02,1
LN102442,2022-09,0
LN101958,2024-01,0
LN103858,2024-09,0
LN104802,2025-07,0
LN108709,2025-10,0
LN106850,2025-03,0
LN108185,2024-09,1
LN101710,2022-11,0
LN107355,2024-12,0
LN103708,2025-02,1
LN108113,2023-05,0
LN107134,2023-01,1
LN102824,2024-11,0
LN100052,2024-09,1
LN103243,2025-10,1
LN100924,2023-05,0
LN107339,2025-07,0
LN101056,2025-03,0
LN105273,2025-04,0
LN106243,2024-04,0
LN106637,2024-01,0
LN105586,2024-08,0
LN106324,2025-07,0
LN102176,2024-02,0
LN100703,2023-07,0
LN104147,2025-10,1
LN104532,2025-06,0
LN105742,2025-06,1
LN106880,2023-11,0
LN107669,2025-04,0
LN102900,2024-05,0
LN106128,2024-05,0
LN106333,2023-02,1
LN101619,2025-02,0
LN107072,2024-09,0
LN106213,2022-10,0
LN106001,2025-02,1
LN107202,2025-11,0
LN105550,2024-04,1
LN103371,2023-06,0
LN106096,2024-12,0
LN107993,2023-01,0
LN101821,2024-11,0
LN101186,2024-10,1
LN108172,2025-09,1
LN105882,2025-11,0
LN101754,2025-09,1
LN101212,2024-05,1
LN102918,2025-05,0
LN105276,2024-12,1
LN108304,2024-11,0
LN101492,2023-05,1
LN105440,2023-04,0
LN106995,2025-09,0
LN101866,2024-10,0
LN108721,2023-09,0
LN106912,2024-05,1
LN104305,2025-02,0
LN103079,2025-03,0
LN107783,2024-07,1
LN103083,2022-05,0
LN104257,2022-02,0
LN107059,2024-11,0
LN105892,2023-08,0
LN101156,2022-07,0
LN106329,2025-02,0
LN106449,2025-07,1
LN101333,2024-12,0
LN106992,2023-09,0
LN104624,2024-09,0
LN106000,2024-12,0
LN103707,2025-01,0
LN106556,2022-02,1
LN104284,2021-12,0
LN104091,2023-08,1
LN102581,2024-09,0
LN102764,2024-11,0
LN100126,2025-07,0
LN102058,2024-11,0
LN100197,2022-07,0
LN106931,2025-04,0
LN101351,2024-12,1
LN101518,2024-01,0
LN102549,2023-04,1
LN102828,2025-06,0
LN103787,2025-05,1
LN107168,2025-11,0
LN101486,2024-12,1
LN101661,2023-12,0
LN101093,2025-01,0
LN101018,2023-12,0
LN100141,2024-10,1
LN102153,2025-04,0
LN103301,2024-05,0
LN101391,2023-08,0
LN107562,2024-07,0
LN107417,2024-05,1
LN101993,2023-09,1
LN105681,2025-07,0
LN103471,2024-06,1
LN100402,2024-05,0
LN106884,2023-02,0
LN104562,2023-12,1
LN104835,2023-11,0
LN101242,2025-09,0
LN105926,2024-03,1
LN104577,2022-07,0
LN104649,2025-10,0
LN107501,2022-12,0
LN101534,2024-09,0
LN106035,2024-09,0
LN100922,2023-02,0
LN100760,2023-01,0
LN108428,2024-07,0
LN102574,2025-05,0
LN104012,2024-11,0
LN105201,2023-08,0
LN104646,2025-11,0
LN102505,2023-07,0
LN105175,2023-07,0
LN105608,2024-11,0
LN103040,2023-04,1
LN103765,2025-10,0
LN102528,2025-03,1
LN108230,2022-12,0
LN102397,2025-08,0
LN100713,2025-11,0
LN104433,2023-08,0
LN103236,2024-12,0
LN108955,2024-12,1
LN105173,2024-08,0
LN101070,2024-09,1
LN105780,2023-05,0
LN103744,2022-05,0
LN101403,2022-10,1
LN103559,2025-06,0
LN102727,2022-02,0
LN108347,2023-08,0
LN105482,2022-08,0
LN104083,2025-01,0
LN105255,2025-02,1
LN108922,2025-04,0
LN100362,2023-06,1
LN104857,2024-08,1
LN100520,2025-08,1
LN101668,2025-01,0
LN107534,2024-10,0
LN108880,2023-12,0
LN100746,2023-08,1
LN107760,2024-07,0
LN107800,2024-05,0
LN102583,2024-11,0
LN106967,2024-02,0
LN107438,2024-10,1
LN105449,2023-02,0
LN101779,2023-11,1
LN102221,2023-10,0
LN103158,2024-02,0
LN108802,2025-04,0
LN101044,2024-02,0
LN100663,2024-01,0
LN105338,2023-10,0
LN106115,2022-02,0
LN106854,2025-04,0
LN100820,2024-01,1
LN103950,2023-06,0
LN102378,2025-02,0
LN100278,2023-09,0
LN105371,2024-07,1
LN103922,2025-06,0
LN107154,2025-08,1
LN107188,2025-09,0
LN106638,2024-12,0
LN101344,2025-07,1
LN107989,2024-02,0
LN104488,2024-11,0
LN105969,2022-06,0
LN104229,2025-12,0
LN100527,2022-01,1
LN101651,2023-11,0
LN107328,2024-08,0
LN106804,2025-02,1
LN106962,2025-12,1
LN103586,2023-07,0
LN102846,2024-07,0
LN100974,2022-12,0
LN108741,2025-02,0
LN101968,2025-05,1
LN107871,2023-12,0
LN106580,2023-08,1
LN104000,2022-11,1
LN101013,2023-01,1
LN102466,2025-06,0
LN102502,2024-10,0
LN101390,2023-05,0
LN106115,2025-10,0
LN106630,2024-02,1
LN106499,2025-01,0
LN100937,2025-02,0
LN105661,2022-07,0
LN107942,2024-09,0
LN102646,2024-01,0
LN107238,2024-09,1
LN102341,2023-06,0
LN108820,2024-01,0
LN101350,2025-02,0
LN103172,2024-06,0
LN103621,2025-07,0
LN107196,2023-10,1
LN104627,2022-11,1
LN101681,2023-10,0
LN100671,2024-09,0
LN102609,2025-06,0
LN100200,2024-08,0
LN106245,2024-10,0
LN101544,2022-11,0
LN104249,2024-01,0
LN108582,2023-02,0
LN101573,2024-10,1
LN103032,2025-05,1
LN101957,2024-02,1
LN103089,2025-02,0
LN106500,2022-01,0
LN105451,2025-11,1
LN100547,2023-10,0
LN108731,2023-07,1
LN106977,2023-02,1
LN106249,2022-12,0
LN102665,2025-05,1
LN104858,2024-05,1
LN103798,2024-09,0
LN103949,2023-08,0
LN102078,2022-10,1
LN106159,2023-11,1
LN107995,2025-12,0
LN100059,2024-02,0
LN105506,2023-02,0
LN102911,2025-10,0
LN105245,2025-11,0
LN106951,2023-11,1
LN106453,2024-04,0
LN105872,2024-04,0
LN103716,2024-12,0
LN107651,2025-02,0
LN102784,2025-10,0
LN106883,2024-07,1
LN101305,2024-09,0
LN104170,2024-05,0
LN104387,2025-07,0
LN100851,2025-08,0
LN106384,2022-07,0
LN107900,2022-12,0
LN100230,2025-04,0
LN107804,2025-10,0
LN105895,2025-07,0
LN107861,2025-10,0
LN106674,2023-10,0
LN100515,2023-05,1
LN107063,2023-08,0
LN108194,2024-03,0
LN104802,2022-07,0
LN100154,2023-12,0
LN100456,2024-05,0
LN103964,2024-01,0
LN100462,2025-08,0
LN102966,2023-03,0
LN103856,2023-05,1
LN105992,2025-07,0
LN103553,2024-08,0
LN105772,2022-12,1
LN105893,2023-01,0
LN104830,2024-12,0
LN104238,2025-12,0
LN105636,2025-11,0
LN102216,2023-08,0
LN105887,2023-02,0
LN106653,2024-06,0
LN106738,2024-03,1
LN102368,2022-12,0
LN107818,2025-01,1
LN100974,2024-07,0
LN102224,2025-12,0
LN108877,2022-07,0
LN105463,2022-09,1
LN100961,2024-05,0
LN104145,2024-06,0
LN106843,2023-09,1
LN106352,2022-12,0
LN100271,2025-02,0
LN107171,2025-07,1
LN102904,2025-03,1
LN108632,2024-06,0
LN101387,2024-05,0
LN108897,2024-09,0
LN104891,2025-09,1
LN105571,2025-06,0
LN103997,2024-06,0
LN104181,2025-11,0
LN106126,2024-11,0
LN106395,2025-05,1
LN106072,2025-01,0
LN106108,2025-01,0
LN100545,2021-09,0
LN103821,2024-09,1
LN106210,2023-11,0
LN100655,2025-08,0
LN106197,2022-07,1
LN100818,2025-12,0
LN107184,2022-12,0
LN106719,2025-05,0
LN105963,2025-11,1
LN104440,2023-05,0
LN103375,2023-11,0
LN108106,2025-09,0
LN108368,2025-05,1
LN104271,2024-03,0
LN100337,2025-09,0
LN107613,2024-08,0
LN102711,2023-09,0
LN104470,2025-07,0
LN107354,2025-04,0
LN104828,2025-02,1
LN105780,2022-03,0
LN102548,2023-12,1
LN101579,2025-07,0
LN100421,2024-04,0
LN100332,2023-01,1
LN108245,2025-02,1
LN108612,2024-08,0
LN104377,2023-05,1
LN101466,2024-03,0
LN103959,2023-03,0
LN108045,2023-08,1
LN101950,2025-07,0
LN102486,2024-05,0
LN107795,2023-11,0
LN106502,2024-07,0
LN108393,2025-12,0
LN105264,2024-12,1
LN103335,2023-12,0
LN105115,2023-04,0
LN108636,2021-12,1
LN107240,2024-03,0
LN104736,2022-09,0
LN100279,2024-08,0
LN102340,2024-02,0
LN102095,2024-10,0
LN105232,2024-06,0
LN105475,2024-01,0
LN100326,2022-04,0
LN104459,2024-05,0
LN105347,2025-02,1
LN108583,2024-10,0
LN102888,2023-07,0
LN102463,2023-09,1
LN104314,2025-04,1
LN105435,2025-04,0
LN104848,2023-09,0
LN102849,2025-03,0
LN105994,2025-02,1
LN107455,2024-12,1
LN107871,2024-09,1
LN102341,2023-10,0
LN100087,2025-03,0
LN105338,2023-04,0
LN101513,2023-05,0
LN103425,2025-09,0
LN102465,2023-07,1
LN103511,2024-03,0
LN107036,2022-04,1
LN102614,2024-02,1
LN101504,2024-09,0
LN104188,2025-11,0
LN107215,2025-09,0
LN101160,2024-04,0
LN106827,2024-04,0
LN108464,2025-05,0
LN108302,2025-10,0
LN100531,2023-04,0
LN103830,2025-04,0
LN102811,2022-10,0
LN104296,2024-12,0
LN103331,2025-12,0
LN101817,2022-11,0
LN107488,2021-07,1
LN108082,2025-01,0
LN108174,2021-08,0
LN100249,2024-06,1
LN104888,2025-12,0
LN102809,2024-05,1
LN107242,2024-06,0
LN101405,2024-11,0
LN105731,2024-01,0
LN103324,2024-05,0
LN105510,2024-05,1
LN108351,2025-08,0
LN100224,2024-11,0
LN101048,2024-12,1
LN102695,2024-12,0
LN103356,2025-07,0
LN108232,2024-12,1
LN105158,2022-06,0
LN107010,2025-02,0
LN104330,2024-04,1
LN100537,2023-06,0
LN104383,2023-11,0
LN101854,2023-04,1
LN108692,2025-02,0
LN108944,2024-07,0
LN103330,2024-11,0
LN100078,2024-08,0
LN108420,2024-03,0
LN108081,2024-06,1
LN108828,2024-04,1
LN100199,2025-12,1
LN104615,2023-02,1
LN102601,2022-10,0
LN102490,2025-01,0
LN106563,2021-12,0
LN100389,2023-02,1
LN108586,2024-08,1
LN102343,2024-10,0
LN103768,2024-12,1
LN108132,2025-06,0
LN102806,2024-06,1
LN108872,2024-09,1
LN101217,2024-06,0
LN101560,2024-04,1
LN105171,2024-06,0
LN106025,2024-06,0
LN108717,2023-04,0
LN106351,2023-04,1
LN108656,2024-02,0
LN104099,2023-03,0
LN101470,2025-03,0
LN105695,2024-03,0
LN103183,2023-05,0
LN108159,2023-12,1
LN106131,2023-04,0
LN100552,2025-07,0
LN102260,2025-05,0
LN108878,2024-04,0
LN103391,2023-05,0
LN104043,2025-02,0
LN103207,2024-10,0
LN100759,2024-11,1
LN106992,2024-03,0
LN103877,2024-03,0
LN107122,2023-09,0
LN108514,2024-04,0
LN104758,2023-08,0
LN100841,2025-07,0
LN100422,2024-09,1
LN103340,2024-08,0
LN105908,2024-09,0
LN104930,2023-01,0
LN105529,2023-11,1
LN107941,2025-10,0
LN104685,2024-11,0
LN105267,2024-11,0
LN102501,2023-12,0
LN100703,2025-09,0
LN103673,2022-06,0
LN103601,2025-04,0
LN102052,2023-11,0
LN108939,2023-09,1
LN100703,2024-01,0
LN107745,2021-12,1
LN102226,2024-12,0
LN105529,2022-01,0
LN106671,2022-11,0
LN106654,2021-11,1
LN107566,2023-07,0
LN106973,2025-04,1
LN103884,2023-09,0
LN104025,2024-05,0
LN101423,2024-04,0
LN107139,2024-08,0
LN102700,2025-06,0
LN100780,2025-06,0
LN102737,2024-01,0
LN108747,2023-09,1
LN104471,2025-03,1
LN102649,2023-05,0
LN104339,2025-02,1
LN104159,2025-08,1
LN103025,2025-07,0
LN107670,2022-10,0
LN103136,2024-11,0
LN100700,2025-11,0
LN108741,2025-04,1
LN107402,2022-10,1
LN100548,2023-07,0
LN108049,2024-09,1
LN102993,2025-04,0
LN107411,2023-01,0
LN108058,2025-08,0
LN107199,2025-02,0
LN104388,2023-07,0
LN106564,2025-11,1
LN104416,2024-02,0
LN104471,2025-07,0
LN102214,2022-08,0
LN100945,2024-09,1
LN101131,2025-07,0
LN100937,2025-03,0
LN104445,2023-12,0
LN104170,2023-01,0
LN108479,2023-11,0
LN100231,2025-03,1
LN104207,2025-07,0
LN108264,2021-12,0
LN108829,2024-10,0
LN101597,2025-06,0
LN105984,2022-02,1
LN108831,2024-04,0
LN104202,2024-08,0
LN100414,2024-05,0
LN108892,2024-01,0
LN103367,2024-01,1
LN100612,2024-03,0
LN108514,2024-03,0
LN103285,2024-06,1
LN106685,2023-09,1
LN106515,2025-03,1
LN102751,2022-06,0
LN104562,2023-06,0
LN108062,2022-12,0
LN106337,2023-12,0
LN105694,2024-07,0
LN108996,2025-09,0
LN102756,2025-06,0
LN105638,2023-09,0
LN102803,2022-01,1
LN103300,2024-05,0
LN103289,2022-10,0
LN105254,2023-02,1
LN102765,2025-12,1
LN107068,2025-10,1
LN103025,2024-08,0
LN108449,2023-03,1
LN105776,2024-10,0
LN108093,2023-02,1
LN106005,2023-06,0
LN107876,2024-03,1
LN102698,2022-09,0
LN103779,2023-02,0
LN103715,2025-09,0
LN100031,2025-07,1
LN107045,2022-12,0
LN101570,2024-06,0
LN103202,2025-03,0
LN100954,2025-06,0
LN101643,2025-02,0
LN107438,2023-10,0
LN105218,2022-09,0
LN100579,2024-09,0
LN102118,2024-01,1
LN102562,2025-04,0
LN102395,2024-08,0
LN103201,2024-10,0
LN106409,2025-01,1
LN102018,2025-12,0
LN101016,2022-11,0
LN106225,2024-02,0
LN104906,2022-09,1
LN106885,2023-06,0
LN107804,2025-11,0
LN108882,2024-02,0
LN105314,2025-01,0
LN101519,2024-07,0
LN101068,2023-12,0
LN101181,2025-06,0
LN100249,2021-12,0
LN101232,2025-06,1
LN100992,2023-01,1
LN105645,2022-01,0
LN108631,2025-11,0
LN101361,2022-06,0
LN102699,2022-11,1
LN100799,2023-01,0
LN101589,2023-11,0
LN107771,2021-11,0
LN101540,2024-08,0
LN104553,2025-08,1
LN100619,2025-04,1
LN103736,2023-08,0
LN103474,2025-05,0
LN100663,2025-03,0
LN102726,2024-02,0
LN102886,2025-04,1
LN105196,2025-09,0
LN100001,2024-05,0
LN107615,2024-09,0
LN107805,2025-01,0
LN107858,2024-11,1
LN107070,2023-01,1
LN104912,2021-10,0
LN106277,2025-01,0
LN106980,2024-06,0
LN105317,2022-12,1
LN102814,2025-01,0
LN107217,2023-07,0
LN108582,2023-08,0
LN100355,2025-07,1
LN107200,2024-12,0
LN108762,2024-07,1
LN108477,2025-04,1
LN106850,2025-08,0
LN102348,2022-06,0
LN101816,2023-09,0
LN101848,2025-10,0
LN106615,2024-01,0
LN105876,2025-10,0
LN108413,2022-12,0
LN103740,2022-07,1
LN107303,2023-01,0
LN106381,2025-03,1
LN100057,2024-12,0
LN108815,2025-11,0
LN107908,2025-09,1
LN100982,2024-12,1
LN104669,2024-07,0
LN106698,2025-05,0
LN107987,2024-12,1
LN105296,2023-11,1
LN103143,2025-03,0
LN101768,2023-08,0
LN107340,2025-11,0
LN107144,2025-01,0
LN106804,2023-11,0
LN106479,2024-05,1
LN103861,2025-11,0
LN108346,2025-07,0
LN101688,2025-07,1
LN102290,2023-12,0
LN105122,2025-10,0
LN100583,2023-04,0
LN102821,2025-02,0
LN103602,2024-02,1
LN100657,2023-10,1
LN105778,2025-04,0
LN102612,2025-02,1
LN104419,2024-07,0
LN106918,2023-11,0
LN102622,2024-04,0
LN102926,2024-05,1
LN101909,2025-03,1
LN102369,2024-03,0
LN107589,2023-08,0
LN107848,2022-04,0
LN104478,2024-09,1
LN105790,2024-05,1
LN107065,2023-08,0
LN101256,2023-05,0
LN107174,2022-06,0
LN101502,2025-04,0
LN104235,2022-03,1
LN105828,2024-06,1
LN101280,2025-11,0
LN104806,2024-07,0
LN104878,2024-09,0
LN103679,2024-07,0
LN101371,2024-06,1
LN101322,2025-01,0
LN102807,2025-07,1
LN104701,2024-02,0
LN104726,2024-06,0
LN102214,2025-05,0
LN103430,2024-06,0
LN104660,2024-09,1
LN100910,2024-12,0
LN108871,2024-03,1
LN104872,2024-12,0
LN102320,2024-08,0
LN100543,2023-09,0
LN105559,2023-04,0
LN105427,2022-04,0
LN106294,2025-07,1
LN108507,2023-10,0
LN105721,2023-07,0
LN107836,2023-10,0
LN100049,2025-08,0
LN102081,2022-09,1
LN108360,2025-08,0
LN107647,2024-09,0
LN104825,2023-09,1
LN105747,2025-02,0
LN101646,2023-02,0
LN103719,2022-12,0
LN108805,2022-10,0
LN106253,2024-03,1
LN104230,2023-08,0
LN108306,2024-03,1
LN100565,2025-07,0
LN102369,2022-11,0
LN101781,2025-12,1
LN106290,2025-06,0
LN108949,2023-03,0
LN108056,2025-07,0
LN107828,2025-02,0
LN103064,2025-06,0
LN106902,2025-03,0
LN108016,2024-02,0
LN102506,2023-07,1
LN107497,2023-09,0
LN105538,2024-08,0
LN100258,2022-09,0
LN103397,2025-04,1
LN107984,2024-02,0
LN106365,2025-03,1
LN100032,2024-04,1
LN103883,2023-11,0
LN100536,2024-09,1
LN104837,2024-07,0
LN103768,2024-05,1
LN103686,2024-05,0
LN105871,2024-01,0
LN107797,2024-01,1
LN102706,2025-03,0
LN101229,2023-07,0
LN102529,2025-06,0
LN105888,2024-01,0
LN103092,2025-02,0
LN105598,2025-03,0
LN106129,2025-05,1
LN107839,2024-06,0
LN108885,2025-04,1
LN104094,2025-11,0
LN101191,2023-05,1
LN101165,2022-09,0
LN108010,2025-02,1
LN104760,2024-12,0
LN106034,2023-10,0
LN108107,2023-01,0
LN101045,2024-07,0
LN101399,2024-05,0
LN108323,2023-08,0
LN106224,2023-02,0
LN100126,2025-04,1
LN107602,2025-02,1
LN102706,2024-01,0
LN101326,2023-12,0
LN107283,2024-11,1
LN103085,2024-04,0
LN102942,2025-01,0
LN104123,2024-04,0
LN106039,2023-12,0
LN105289,2025-07,1
LN105636,2025-09,0
LN105716,2024-12,0
LN105850,2022-03,0
LN104728,2024-01,0
LN107334,2024-09,1
LN102664,2023-02,0
LN108358,2024-06,0
LN103690,2024-06,0
LN101156,2024-10,0
LN107661,2024-12,1
LN102291,2025-09,0
LN107155,2023-09,0
LN106232,2023-06,1
LN106565,2024-10,1
LN103600,2025-07,0
LN105302,2023-10,0
LN103888,2025-01,0
LN103610,2024-02,0
LN101046,2024-11,0
LN103308,2022-01,0
LN102543,2023-04,0
LN108084,2025-09,1
LN108113,2024-07,1
LN105990,2023-07,0
LN104628,2024-03,0
LN100813,2024-05,0
LN100960,2024-09,0
LN104892,2025-03,0
LN103588,2025-10,0
LN105346,2023-07,0
LN108544,2025-12,0
LN101615,2025-06,0
LN100311,2025-08,0
LN107028,2025-05,1
LN104747,2024-06,1
LN108015,2025-11,0
LN102014,2024-03,1
LN107617,2025-03,1
LN101248,2023-08,0
LN102737,2023-12,0
LN105194,2023-04,0
LN107115,2025-06,0
LN103150,2025-05,0
LN104578,2024-02,0
LN103735,2024-05,1
LN107056,2024-07,0
LN108453,2024-06,0
LN101766,2023-07,0
LN102137,2023-05,0
LN108302,2024-04,0
LN108403,2025-01,1
LN106504,2024-12,0
LN101640,2024-11,0
LN105838,2023-08,0
LN100287,2024-01,1
LN102742,2023-12,1
LN100789,2023-12,0
LN106244,2024-08,0
LN103261,2024-04,0
LN108220,2025-07,0
LN104561,2023-06,0
LN102469,2023-11,1
LN108908,2024-04,0
LN108004,2024-10,0
LN103031,2023-05,0
LN107512,2025-12,1
LN105117,2024-12,1
LN101768,2022-09,0
LN108636,2021-07,1
LN108373,2022-12,0
LN106953,2025-12,0
LN100170,2024-04,1
LN100727,2023-01,1
LN101941,2023-02,1
LN103903,2022-07,0
LN104271,2023-09,1
LN103783,2024-07,1
LN101894,2023-06,0
LN107257,2024-04,1
LN101288,2024-02,0
LN104070,2022-10,0
LN102398,2024-11,0
LN106613,2024-09,0
LN104181,2025-10,1
LN100817,2022-07,1
LN103781,2023-04,0
LN105123,2025-02,0
LN103795,2022-11,0
LN108004,2024-11,0
LN102354,2023-07,0
LN108016,2024-05,1
LN105583,2023-02,0
LN104284,2024-01,1
LN101537,2025-05,0
LN100639,2025-02,0
LN107635,2025-11,0
LN102775,2024-02,1
LN106877,2022-03,0
LN104218,2023-11,0
LN106053,2023-02,0
LN102998,2023-05,0
LN107668,2024-04,0
LN108513,2021-11,0
LN104054,2024-05,1
LN107991,2023-06,0
LN102117,2024-05,1
LN108267,2025-11,0
LN107313,2023-12,1
LN102649,2022-09,1
LN108943,2023-04,1
LN105457,2025-03,0
LN102075,2024-10,1
LN100697,2025-04,0
LN107868,2024-05,0
LN103715,2025-07,1
LN108069,2022-10,1
LN108232,2024-08,1
LN105667,2025-02,0
LN105689,2022-12,1
LN101322,2023-11,0
LN102370,2024-04,0
LN106380,2024-10,0
LN104976,2024-09,0
LN108949,2025-01,0
LN104805,2025-10,0
LN107104,2024-11,0
LN105886,2025-05,0
LN106410,2025-07,1
LN108705,2024-08,1
LN104541,2024-08,0
LN107576,2025-04,1
LN101553,2024-09,0
LN103650,2024-08,0
LN108598,2022-10,0
LN108481,2024-08,1
LN103057,2023-01,1
LN107653,2023-09,1
LN108648,2024-08,0
LN100998,2025-11,1
LN100664,2024-11,0
LN108946,2022-07,0
LN104769,2025-03,1
LN100582,2024-11,1
LN106099,2025-11,1
LN103757,2024-04,0
LN103355,2024-10,0
LN108076,2024-03,1
LN102195,2024-10,0
LN101095,2025-08,0
LN107814,2023-09,0
LN101436,2024-11,1
LN107675,2023-06,0
LN104986,2025-03,1
LN104061,2022-08,0
LN107094,2024-11,1
LN102107,2023-06,0
LN102161,2024-10,0
LN101486,2022-03,0
LN106631,2023-10,0
LN106530,2023-07,1
LN108445,2024-11,0
LN106064,2023-05,1
LN104670,2022-09,1
LN101738,2024-04,1
LN108502,2024-03,1
LN106710,2025-07,1
LN107623,2022-10,0
LN101593,2022-06,0
LN103497,2024-08,0
LN107390,2025-08,0
LN108011,2024-10,0
LN108378,2025-09,0
LN106096,2023-11,0
LN108188,2025-10,1
LN107362,2023-12,1
LN102611,2024-11,0
LN102266,2023-12,1
LN107284,2025-10,1
LN108990,2021-09,0
LN103379,2025-11,0
LN101863,2025-02,0
LN101120,2025-09,0
LN108486,2024-11,1
LN107192,2024-12,1
LN103620,2025-04,0
LN107868,2025-03,1
LN103918,2023-08,0
LN108202,2025-11,0
LN105647,2025-11,1
LN101555,2024-07,0
LN106252,2022-11,1
LN101882,2022-06,1
LN105474,2021-11,1
LN100603,2023-05,0
LN101104,2024-03,0
LN105987,2024-09,1
LN108891,2023-06,0
LN108473,2024-12,0
LN107846,2024-03,0
LN108132,2025-08,1
LN104385,2024-08,0
LN103252,2022-07,1
LN102399,2025-04,0
LN107103,2025-08,0
LN101139,2025-10,0
LN100456,2023-07,1
LN102559,2024-08,0
LN100849,2023-12,0
LN100185,2024-07,0
LN107048,2025-02,1
LN101432,2025-11,1
LN102934,2025-08,0
LN104646,2025-10,1
LN108721,2024-05,0
LN104159,2023-08,0
LN102867,2022-05,0
LN103714,2024-08,1
LN103325,2024-12,0
LN101845,2024-01,0
LN106153,2025-01,0
LN100379,2023-05,0
LN104489,2023-04,0
LN106479,2022-11,0
LN108502,2022-10,1
LN103792,2025-11,0
LN102604,2024-03,0
LN108321,2025-02,1
LN100428,2023-11,1
LN106571,2024-11,1
LN101757,2023-09,0
LN100132,2021-12,0
LN108436,2025-07,0
LN103253,2025-06,0
LN100292,2025-09,1
LN108626,2025-08,0
LN100809,2025-07,1
LN104392,2023-04,0
LN107013,2023-06,0
LN105969,2021-12,0
LN102913,2023-07,0
LN100735,2024-01,1
LN102880,2021-12,0
LN105725,2024-07,0
LN107743,2023-01,0
LN103226,2023-09,0
LN100833,2024-02,0
LN108477,2024-01,0
LN107530,2024-10,1
LN108688,2024-04,0
LN108072,2024-06,0
LN108010,2024-01,1
LN104285,2025-09,0
LN105664,2024-04,0
LN105624,2023-11,0
LN102154,2024-07,0
LN106302,2022-03,0
LN108537,2024-10,1
LN108866,2023-01,0
LN106401,2024-10,0
LN102883,2024-11,0
LN107121,2025-01,1
LN108139,2024-07,0
LN103736,2022-11,0
LN102876,2025-11,0
LN104877,2023-07,0
LN106750,2024-02,1
LN106446,2022-07,0
LN106882,2025-03,0
LN105027,2024-12,0
LN103819,2024-10,0
LN105877,2023-01,1
LN106118,2023-04,0
LN107568,2025-04,1
LN103744,2023-05,0
LN101188,2025-09,0
LN103464,2024-06,0
LN100508,2023-05,0
LN101219,2023-10,0
LN107051,2023-07,0
LN100419,2024-11,1
LN103499,2024-09,0
LN105051,2023-09,0
LN108791,2024-06,1
LN105408,2024-10,1
LN107488,2024-09,0
LN100146,2023-02,0
LN102405,2025-09,1
LN100937,2022-12,0
LN105332,2024-08,1
LN106625,2024-11,0
LN103183,2024-05,0
LN101058,2023-04,0
LN106593,2024-12,0
LN107770,2024-02,1
LN103963,2023-02,1
LN108858,2022-09,0
LN100222,2024-03,1
LN103393,2023-04,1
LN100616,2022-10,1
LN101655,2024-10,0
LN108746,2025-01,0
LN103267,2024-11,0
LN108270,2023-12,0
LN101020,2024-09,0
LN103443,2024-01,0
LN102606,2023-08,0
LN100782,2024-12,0
LN104955,2024-08,0
LN104582,2025-12,0
LN102951,2024-03,0
LN104096,2023-07,1
LN105775,2025-10,0
LN104735,2023-10,0
LN107695,2024-09,0
LN104081,2023-12,0
LN108152,2023-10,0
LN107569,2024-06,0
LN108173,2024-05,0
LN104832,2025-11,0
LN106692,2025-12,0
LN102766,2023-07,0
LN106681,2023-02,0
LN102044,2023-12,0
LN106873,2023-06,0
LN106673,2024-05,0
LN108052,2023-03,1
LN106610,2023-12,1
LN105141,2024-11,1
LN102425,2024-08,1
LN101688,2025-08,1
LN108035,2025-10,0
LN100332,2025-07,0
LN104954,2024-01,1
LN105439,2025-06,1
LN102443,2024-01,1
LN105060,2025-01,0
LN103017,2023-06,1
LN104258,2024-11,0
LN103816,2023-01,0
LN104747,2024-12,1
LN106793,2022-06,0
LN103198,2025-03,0
LN107024,2025-08,0
LN106138,2022-01,0
LN101931,2024-09,0
LN101192,2025-01,0
LN105880,2023-08,0
LN105412,2024-06,0
LN100983,2025-08,0
LN107283,2023-01,0
LN105767,2023-10,0
LN106359,2024-04,1
LN107958,2025-02,0
LN101682,2021-09,0
LN106456,2022-08,0
LN103916,2022-05,0
LN102985,2024-11,0
LN100472,2023-11,1
LN104390,2023-02,0
LN108118,2025-02,1
LN100331,2024-06,0
LN107836,2024-03,0
LN106136,2023-06,0
LN106269,2024-10,1
LN107380,2024-11,1
LN103608,2025-07,1
LN106217,2022-02,0
LN106136,2022-05,0
LN102949,2025-07,0
LN108947,2025-10,0
LN103724,2024-04,0
LN104081,2023-11,1
LN103488,2025-06,0
LN104145,2024-05,0
LN103177,2024-12,0
LN100226,2024-06,0
LN105825,2024-09,1
LN105498,2025-12,0
LN100949,2025-02,1
LN105257,2022-11,0
LN100353,2023-11,0
LN106577,2021-12,0
LN105855,2024-07,0
LN105575,2024-09,0
LN100704,2024-03,0
LN106211,2024-12,0
LN103344,2024-11,1
LN106710,2022-08,1
LN107525,2022-12,0
LN108619,2025-08,0
LN100146,2023-11,0
LN102542,2025-02,0
LN104936,2025-02,1
LN102107,2024-11,0
LN102324,2025-02,0
LN103565,2025-07,1
LN100265,2024-09,0
LN104802,2023-07,0
LN105776,2023-08,1
LN108175,2024-02,0
LN107145,2025-01,1
LN105874,2024-11,0
LN102221,2024-04,1
LN103099,2023-07,0
LN103276,2022-05,0
LN100553,2023-03,0
LN106224,2023-04,0
LN105940,2022-05,0
LN106028,2024-04,1
LN108157,2023-04,0
LN102612,2024-05,0
LN104785,2024-03,1
LN105507,2021-11,0
LN102363,2023-12,0
LN104709,2025-02,0
LN101487,2024-05,0
LN102345,2022-08,0
LN107549,2024-11,0
LN107114,2024-08,1
LN108021,2024-05,0
LN108902,2024-12,0
LN100808,2025-10,1
LN105999,2022-11,1
LN104325,2025-08,1
LN107205,2023-07,0
LN102992,2024-05,1
LN107935,2024-09,0
LN100592,2024-08,0
LN108408,2023-05,0
LN107176,2024-12,0
LN105205,2023-12,0
LN105302,2023-07,1
LN100229,2022-06,1
LN102939,2024-07,0
LN101922,2024-07,0
LN102215,2022-12,0
LN104732,2025-11,0
LN104665,2025-08,1
LN104559,2025-04,0
LN102895,2024-06,0
LN107183,2023-07,0
LN104825,2023-05,0
LN108234,2024-06,0
LN107525,2025-05,0
LN100645,2022-11,0
LN103785,2023-11,1
LN101453,2022-05,0
LN100308,2022-08,0
LN106490,2025-01,1
LN106474,2024-01,0
LN101906,2024-09,0
LN104912,2023-11,0
LN104091,2024-03,0
LN106848,2022-10,0
LN104776,2024-09,0
LN101907,2022-01,0
LN106046,2023-11,1
LN105578,2024-07,0
LN101366,2023-06,0
LN108094,2023-11,1
LN108627,2025-03,1
LN102058,2023-05,0
LN103745,2025-07,0
LN103085,2025-03,1
LN101069,2024-05,1
LN105367,2025-10,1
LN103068,2024-01,0
LN107015,2024-05,0
LN104709,2023-06,0
LN108833,2024-12,1
LN100509,2025-11,0
LN108385,2024-01,0
LN106339,2024-02,1
LN104222,2025-04,0
LN107393,2023-12,0
LN102125,2022-07,0
LN100769,2024-02,0
LN101810,2024-05,1
LN104339,2024-06,0
LN108105,2023-11,0
LN106780,2025-01,1
LN103887,2024-05,1
LN108840,2024-08,0
LN107134,2025-02,0
LN103837,2024-05,0
LN108844,2024-02,0
LN103167,2024-12,0
LN101531,2022-08,0
LN107852,2022-08,0
LN107075,2025-07,0
LN103216,2025-07,0
LN106189,2023-04,0
LN102052,2025-08,0
LN103995,2025-10,0
LN102507,2024-05,0
LN103507,2024-09,0
LN104912,2021-11,0
LN105614,2023-08,0
LN102024,2025-01,0
LN108003,2024-02,1
LN107948,2025-08,1
LN106054,2025-02,1
LN100139,2025-05,0
LN107721,2025-12,0
LN102897,2023-12,1
LN108906,2024-12,1
LN102468,2023-09,0
LN108779,2025-01,0
LN106900,2022-02,0
LN100503,2024-10,1
LN102533,2023-07,0
LN101020,2022-02,1
LN101569,2025-09,0
LN105132,2025-08,0
LN106349,2024-10,1
LN105795,2025-12,0
LN107734,2023-03,0
LN102429,2024-12,0
LN101056,2023-01,1
LN107988,2021-07,1
LN104611,2025-07,1
LN102949,2023-10,0
LN104710,2022-06,0
LN107007,2024-06,0
LN103910,2025-02,0
LN104490,2022-07,0
LN106849,2022-05,0
LN105185,2024-05,0
LN100755,2024-12,0
LN101293,2025-11,0
LN104562,2023-02,1
LN104664,2025-12,1
LN107078,2022-06,0
LN107973,2025-05,0
LN108672,2023-05,1
LN101953,2024-10,0
LN107421,2025-05,1
LN108347,2024-05,1
LN100424,2024-11,1
LN107460,2025-10,1
LN104659,2024-01,0
LN100151,2025-07,1
LN102722,2025-04,1
LN103562,2025-10,1
LN108993,2024-02,1
LN106070,2023-10,0
LN104125,2024-04,0
LN100131,2023-09,0
LN106605,2023-07,0
LN100434,2025-07,0
LN101467,2025-05,0
LN101412,2022-06,1
LN105295,2024-12,0
LN100944,2025-06,0
LN108286,2022-05,0
LN104629,2025-10,0
LN103985,2024-12,0
LN104829,2024-04,1
LN101437,2025-08,0
LN107924,2024-10,0
LN108076,2024-01,1
LN101059,2024-03,0
LN101300,2024-05,0
LN103812,2024-03,0
LN106375,2025-07,0
LN107939,2022-05,1
LN105011,2023-03,0
LN104331,2024-09,0
LN106388,2022-05,1
LN108897,2024-10,0
LN106019,2025-12,1
LN102642,2025-04,0
LN108881,2021-08,0
LN106060,2023-09,1
LN101288,2025-04,0
LN108516,2024-09,0
LN106512,2025-07,0
LN103714,2025-04,0
LN101019,2025-07,0
LN100763,2025-02,1
LN102904,2025-07,1
LN104575,2025-05,0
LN104108,2025-06,0
LN107307,2024-01,0
LN107305,2023-12,0
LN100109,2024-10,0
LN103023,2024-04,1
LN101899,2023-09,1
LN105977,2024-09,1
LN106888,2023-04,1
LN100349,2022-07,0
LN104118,2025-07,0
LN108733,2023-08,0
LN102892,2023-03,0
LN103838,2024-12,0
LN106330,2025-10,0
LN100166,2023-05,1
LN106965,2025-10,0
LN105819,2025-07,0
LN108910,2023-10,0
LN107823,2023-08,0
LN101298,2025-06,0
LN103280,2023-08,0
LN103250,2025-09,0
LN108071,2023-04,0
LN105923,2024-12,0
LN102564,2024-05,1
LN108290,2025-06,0
LN105699,2023-03,0
LN102495,2022-05,0
LN105482,2022-11,0
LN107099,2025-02,0
LN103094,2025-04,1
LN106268,2022-09,0
LN104562,2025-08,0
LN100220,2022-03,0
LN105671,2024-02,1
LN104190,2023-02,0
LN101519,2023-07,1
LN104197,2022-01,0
LN106275,2021-11,0
LN103140,2023-05,0
LN108640,2025-01,0
LN104028,2025-12,1
LN108903,2025-09,1
LN106373,2024-06,1
LN107289,2022-10,0
LN108289,2023-03,1
LN105125,2025-09,0
LN102196,2025-05,0
LN107580,2023-05,0
LN108875,2023-08,1
LN105104,2022-09,0
LN106921,2025-05,1
LN105845,2022-02,1
LN104496,2025-11,0
LN105761,2025-12,0
LN102780,2023-09,0
LN104752,2024-11,1
LN100050,2024-05,0
LN100520,2024-08,0
LN100767,2023-08,1
LN104013,2023-12,1
LN104301,2024-05,0
LN106135,2022-05,0
LN103033,2023-05,0
LN100837,2022-06,0
LN101969,2024-05,1
LN104106,2024-02,1
LN104041,2025-01,0
LN107027,2025-01,0
LN108663,2025-04,1
LN102590,2021-10,0
LN100243,2025-11,0
LN108976,2024-04,1
LN104665,2024-09,0
LN106580,2024-03,0
LN107995,2024-09,1
LN103753,2025-05,0
LN103524,2024-05,0
LN106876,2024-03,1
LN100804,2025-10,0
LN108152,2025-05,1
LN106636,2025-07,0
LN102684,2023-12,0
LN103967,2025-12,0
LN101861,2022-07,1
LN106710,2023-12,0
LN101708,2025-06,0
LN106345,2025-03,0
LN105982,2024-12,1
LN105013,2025-02,0
LN107865,2024-05,1
LN102477,2022-10,0
LN108179,2022-02,1
LN106691,2025-02,0
LN103338,2025-07,0
LN106540,2025-03,0
LN104710,2022-08,1
LN102630,2024-11,0
LN100903,2024-10,0
LN106311,2023-08,0
LN104941,2025-08,1
LN104947,2024-09,0
LN102278,2024-08,0
LN102597,2025-08,0
LN107338,2022-12,0
LN106603,2025-11,0
LN103021,2021-12,0
LN103034,2024-09,1
LN100862,2023-03,0
LN108990,2022-05,0
LN103717,2025-11,0
LN106788,2024-07,0
LN103134,2024-06,0
LN108201,2022-11,0
LN106638,2025-12,0
LN101168,2025-01,0
LN100071,2024-01,1
LN107331,2023-08,0
LN104188,2024-06,0
LN102417,2025-10,0
LN105444,2023-11,1
LN102024,2023-04,0
LN100983,2024-02,0
LN100926,2025-08,0
LN105909,2025-12,0
LN105939,2024-01,0
LN107198,2023-09,1
LN100937,2022-05,1
LN102133,2022-11,0
LN104972,2025-05,0
LN107662,2023-03,0
LN108188,2023-01,0
LN108703,2021-10,1
LN104129,2024-06,1
LN101250,2025-08,0
LN103196,2024-03,1
LN106220,2025-02,0
LN100606,2023-11,1
LN100539,2025-03,0
LN107362,2025-03,0
LN107097,2024-04,0
LN102870,2022-09,1
LN105168,2025-07,0
LN104434,2024-03,0
LN103309,2025-06,1
LN102840,2025-07,0
LN103729,2025-12,0
LN103880,2025-03,0
LN104460,2025-11,1
LN102742,2024-09,1
LN107376,2025-10,0
LN104880,2024-02,0
LN105089,2024-09,0
LN107695,2025-03,0
LN102477,2022-12,0
LN108823,2023-02,0
LN105731,2023-12,0
LN107333,2024-11,0
LN106260,2022-03,0
LN106009,2021-11,1
LN101210,2025-07,1
LN105739,2021-08,1
LN103618,2025-10,0
LN102409,2024-12,0
LN108575,2023-07,0
LN108272,2025-08,0
LN104826,2023-04,0
LN103057,2022-04,0
LN106801,2025-08,0
LN102503,2021-12,1
LN101068,2022-12,0
LN100871,2024-08,0
LN106711,2023-10,1
LN101682,2023-05,1
LN105179,2023-07,0
LN101650,2023-07,0
LN106177,2023-06,1
LN102314,2024-08,0
LN102949,2025-08,0
LN101310,2025-03,1
LN104788,2025-10,0
LN101772,2024-10,1
LN103498,2024-08,0
LN101513,2025-09,0
LN103746,2024-06,1
LN103878,2023-05,1
LN100023,2025-12,1
LN108994,2023-12,1
LN106469,2024-01,1
LN104310,2025-01,1
LN101208,2022-10,0
LN103582,2025-04,1
LN108272,2023-05,0
LN101226,2025-02,0
LN106494,2023-09,0
LN106544,2022-02,0
LN106174,2025-04,1
LN106227,2025-01,1
LN103420,2023-08,1
LN108137,2025-04,1
LN105792,2025-03,0
LN104832,2024-05,1
LN101800,2024-01,0
LN100546,2023-06,0
LN103276,2024-07,1
LN108524,2024-06,0
LN108557,2025-10,0
LN107089,2024-09,0
LN105775,2024-10,0
LN102788,2023-02,0
LN105319,2023-09,0
LN107999,2023-02,0
LN107309,2023-12,0
LN108882,2022-09,1
LN101131,2025-03,0
LN106911,2025-03,0
LN104084,2024-12,0
LN100867,2024-12,1
LN108034,2025-06,1
LN107909,2023-10,1
LN101743,2022-02,1
LN105172,2024-11,0
LN106224,2025-03,1
LN102529,2024-10,0
LN108487,2024-10,0
LN103608,2025-03,0
LN102887,2022-07,0
LN104742,2024-08,0
LN105857,2023-08,1
LN100346,2025-06,0
LN101927,2022-06,0
LN104347,2022-01,0
LN100436,2024-02,0
LN107957,2024-12,0
LN108427,2025-07,0
LN104166,2024-11,0
LN101490,2024-02,0
LN105284,2025-09,0
LN103915,2022-09,1
LN107134,2021-10,0
LN104864,2025-09,0
LN103659,2023-12,0
LN105165,2025-03,0
LN105020,2025-09,0
LN102867,2022-10,0
LN105504,2025-12,0
LN102065,2024-08,0
LN103741,2024-09,0
LN107645,2023-09,0
LN105701,2023-02,0
LN102945,2022-03,0
LN105155,2025-05,1
LN100643,2023-12,0
LN103422,2024-04,1
LN107250,2023-04,0
LN100411,2023-10,0
LN108708,2024-03,1
LN104339,2025-08,0
LN108382,2025-11,0
LN104493,2023-07,0
LN105682,2025-01,0
LN101490,2023-05,0
LN103355,2025-02,0
LN103243,2024-02,0
LN107155,2023-05,0
LN104918,2024-06,0
LN103865,2024-06,0
LN103069,2024-06,0
LN108294,2024-08,0
LN101355,2024-01,0
LN103044,2022-08,0
LN103075,2025-11,1
LN106666,2021-11,1
LN103126,2024-05,1
LN101295,2025-05,1
LN107066,2024-10,1
LN100545,2022-06,1
LN108850,2024-02,0
LN103576,2025-04,0
LN101899,2025-03,1
LN103877,2025-05,0
LN108597,2024-05,0
LN107400,2024-07,0
LN104663,2025-05,0
LN100045,2025-12,0
LN100385,2023-02,0
LN108807,2024-10,0
LN101804,2022-10,0
LN107024,2022-02,0
LN107724,2024-10,1
LN105582,2025-01,0
LN100652,2024-01,1
LN103151,2024-11,0
LN104576,2023-03,1
LN108235,2024-08,0
LN106001,2025-09,0
LN105801,2023-01,1
LN105189,2023-04,1
LN105431,2025-04,0
LN100985,2024-05,0
LN101973,2024-06,1
LN100044,2022-05,0
LN107308,2025-08,0
LN106316,2024-07,1
LN100245,2022-05,0
LN103396,2025-08,0
LN106863,2024-04,0
LN104934,2022-11,0
LN106228,2024-01,1
LN103886,2025-04,1
LN103772,2023-09,0
LN103385,2023-05,0
LN108001,2024-12,0
LN107319,2022-01,0
LN100776,2023-02,0
LN103581,2025-03,0
LN104545,2024-06,1
LN106156,2025-03,0
LN107627,2022-05,0
LN103623,2024-12,0
LN102964,2025-09,0
LN102729,2025-03,0
LN106142,2024-03,0
LN100389,2025-02,0
LN101416,2024-10,0
LN105768,2023-08,0
LN106576,2023-08,0
LN104433,2022-02,0
LN105080,2023-06,1
LN105016,2023-01,1
LN104371,2022-10,0
LN107698,2022-03,1
LN100306,2024-11,0
LN100568,2024-05,1
LN105101,2024-07,1
LN103551,2023-11,0
LN106177,2024-06,0
LN100166,2022-12,0
LN102197,2025-02,1
LN105601,2025-04,0
LN100299,2022-09,0
LN102139,2025-03,1
LN102440,2024-10,1
LN103291,2023-10,1
LN101793,2024-12,0
LN103252,2025-10,0
LN104376,2023-03,1
LN103455,2024-08,0
LN102967,2024-04,0
LN105862,2023-07,1
LN108401,2024-02,1
LN104239,2023-01,0
LN105536,2023-05,0
LN104484,2024-04,0
LN106455,2024-01,0
LN102394,2024-10,1
LN104556,2022-03,0
LN103178,2023-11,0
LN106566,2022-07,0
LN101659,2024-07,0
LN106388,2023-04,0
LN106117,2023-09,1
LN104675,2024-07,0
LN106954,2024-02,0
LN100297,2023-10,0
LN107368,2024-01,0
LN104356,2024-11,1
LN104632,2024-01,1
LN105780,2023-03,0
LN107709,2025-09,1
LN101927,2025-02,1
LN104610,2022-05,0
LN105666,2025-07,1
LN100443,2025-01,0
LN101274,2025-03,0
LN105016,2021-11,0
LN107474,2025-04,0
LN102340,2023-04,0
LN108571,2022-01,1
LN106487,2024-05,1
LN104148,2025-04,0
LN106751,2025-02,1
LN108538,2023-07,0
LN108750,2024-05,0
LN108436,2022-06,0
LN107281,2022-12,0
LN101673,2024-09,0
LN105933,2025-12,0
LN101258,2023-05,0
LN108254,2025-10,1
LN108055,2025-01,0
LN102731,2024-08,1
LN102533,2023-05,0
LN102196,2024-10,0
LN102735,2024-01,0
LN107790,2025-05,0
LN101054,2024-09,1
LN105193,2022-07,1
LN106473,2025-02,0
LN107877,2023-11,0
LN104395,2025-08,0
LN107355,2024-06,0
LN106171,2025-01,0
LN101544,2023-12,0
LN103352,2024-10,0
LN108337,2023-07,0
LN106063,2021-09,1
LN105117,2024-10,1
LN107573,2025-04,0
LN106082,2022-05,0
LN101981,2025-08,0
LN105559,2024-06,0
LN108820,2023-08,1
LN102772,2024-10,0
LN105219,2023-04,0
LN107121,2023-12,0
LN104113,2025-06,0
LN100596,2024-02,1
LN101267,2024-10,1
LN108484,2023-01,0
LN108823,2025-06,0
LN104403,2025-06,0
LN108566,2025-04,0
LN106377,2023-09,0
LN100729,2025-11,1
LN100728,2024-01,1
LN103133,2023-06,0
LN105928,2022-09,0
LN103928,2024-03,0
LN104892,2024-09,0
LN106987,2023-11,0
LN102062,2023-06,0
LN100817,2022-12,1
LN100162,2023-03,0
LN101738,2022-05,0
LN107289,2023-02,0
LN105991,2024-04,0
LN102689,2025-08,0
LN105799,2023-08,0
LN108013,2023-05,0
LN104735,2024-03,1
LN103219,2023-04,0
LN105755,2024-02,1
LN105105,2024-08,0
LN101999,2023-08,0
LN100571,2023-07,0
LN108614,2022-07,0
LN108829,2023-11,1
LN100402,2023-08,0
LN108110,2024-10,0
LN105994,2023-06,0
LN102956,2022-12,0
LN105097,2022-10,1
LN100675,2024-07,1
LN107051,2025-05,1
LN106845,2025-09,1
LN102521,2023-08,0
LN104772,2025-01,1
LN102015,2023-01,0
LN104439,2025-09,0
LN108037,2022-07,0
LN105511,2024-10,0
LN108254,2024-05,0
LN102533,2024-08,0
LN108402,2023-11,0
LN101099,2023-06,0
LN103662,2025-11,0
LN103601,2025-07,0
LN108432,2022-11,0
LN105462,2024-11,1
LN107993,2023-12,0
LN101018,2021-10,1
LN107736,2023-12,0
LN101861,2024-04,0
LN100351,2022-09,0
LN100898,2025-02,0
LN102510,2025-02,1
LN107726,2023-07,0
LN102444,2025-12,0
LN106898,2025-12,0
LN105962,2025-08,1
LN100846,2022-06,0
LN104010,2022-10,0
LN106654,2025-07,0
LN104045,2023-10,0
LN100942,2025-04,0
LN101037,2024-12,1
LN107128,2025-10,1
LN102881,2022-11,0
LN102248,2025-03,1
LN103240,2023-06,0
LN107241,2025-07,0
LN106237,2023-11,0
LN103085,2024-05,0
LN107271,2022-06,1
LN100094,2025-01,0
LN106017,2024-10,0
LN105892,2025-09,1
LN104218,2024-08,0
LN108875,2023-04,0
LN100505,2024-04,0
LN106296,2023-04,0
LN100772,2025-09,1
LN102425,2025-03,0
LN107611,2023-03,1
LN104701,2023-11,0
LN102759,2023-11,0
LN105957,2025-04,1
LN102987,2025-10,1
LN103391,2025-12,0
LN100589,2024-10,1
LN107625,2023-10,0
LN100610,2025-09,0
LN100337,2025-08,0
LN102818,2023-04,0
LN103862,2025-09,0
LN102491,2025-10,0
LN108884,2022-01,1
LN105289,2024-03,0
LN107232,2025-05,1
LN105233,2022-12,1
LN107770,2022-06,0
LN103883,2024-02,1
LN102181,2024-01,0
LN102565,2024-08,0
LN106162,2024-08,0
LN105584,2025-01,0
LN107973,2023-08,0
LN108750,2024-05,0
LN106750,2025-08,0
LN106838,2021-09,1
LN106918,2022-07,0
LN105133,2023-04,1
LN105664,2025-12,0
LN106831,2025-03,0
LN106995,2024-09,0
LN103593,2023-12,0
LN100574,2022-09,1
LN101098,2022-06,0
LN108043,2024-09,0
LN104819,2025-03,0
LN105991,2025-08,1
LN108809,2025-06,0
LN100269,2023-07,1
LN103965,2024-11,0
LN101929,2025-12,0
LN105194,2022-10,0
LN101465,2023-11,0
LN100714,2025-02,1
LN105704,2023-11,1
LN101551,2024-09,1
LN105526,2023-11,0
LN101504,2024-04,0
LN102966,2023-10,0
LN107665,2024-09,1
LN103774,2024-02,0
LN101317,2024-07,1
LN100542,2025-06,0
LN100139,2025-08,1
LN107436,2025-02,1
LN106927,2022-11,0
LN102800,2024-07,1
LN103116,2025-12,0
LN107401,2024-09,0
LN105385,2025-12,0
LN100671,2025-07,0
LN100653,2024-06,1
LN106065,2024-10,1
LN102370,2022-06,0
LN104054,2025-06,1
LN104549,2025-12,0
LN105970,2024-05,1
LN103091,2024-09,1
LN105158,2024-12,1
LN101759,2024-07,0
LN102004,2025-10,0
LN103692,2022-04,0
LN105060,2024-12,0
LN101040,2024-03,0
LN103720,2025-10,0
LN106489,2022-10,0
LN101901,2023-07,0
LN103451,2024-05,1
LN105600,2023-06,0
LN100051,2022-10,0
LN101752,2024-06,0
LN106117,2025-02,1
LN102102,2024-12,0
LN107001,2024-08,1
LN108091,2024-12,0
LN104186,2024-08,1
LN104846,2025-01,1
LN107550,2023-04,0
LN102716,2023-11,1
LN106717,2023-12,0
LN106440,2025-07,1
LN107307,2024-02,1
LN106308,2023-09,1
LN104294,2024-10,1
LN107636,2022-07,0
LN100973,2025-05,0
LN107035,2022-04,0
LN105953,2024-10,1
LN103504,2024-05,0
LN104538,2025-12,1
LN105361,2025-01,1
LN102082,2024-03,0
LN108269,2024-04,0
LN105096,2025-11,0
LN101737,2024-08,0
LN103512,2023-06,1
LN105097,2023-02,0
LN100251,2023-12,0
LN100672,2025-10,0
LN104789,2024-05,0
LN107542,2023-06,1
LN102278,2023-01,1
LN103114,2024-01,1
LN103974,2024-11,1
LN107863,2024-08,0
LN107073,2023-12,0
LN108673,2025-10,1
LN106783,2025-12,1
LN104810,2022-09,1
LN108216,2023-11,0
LN106241,2022-07,1
LN101773,2023-09,0
LN105716,2022-10,1
LN107874,2024-08,0
LN102686,2023-02,0
LN107413,2024-01,0
LN100898,2025-05,0
LN106590,2024-09,1
LN100839,2025-05,0
LN100837,2023-10,1
LN101246,2024-12,1
LN104225,2022-08,0
LN105973,2021-09,0
LN101997,2025-06,0
LN104724,2023-02,0
LN104301,2025-06,0
LN104025,2025-09,0
LN101534,2025-04,0
LN100384,2022-01,1
LN100889,2025-10,0
LN107862,2025-05,1
LN100827,2025-09,0
LN100038,2025-04,0
LN107438,2023-09,0
LN104153,2025-05,0
LN102471,2023-12,1
LN102425,2024-02,0
LN106763,2025-02,0
LN108122,2024-04,1
LN108879,2022-12,1
LN107698,2022-08,0
LN107448,2024-09,0
LN107635,2024-10,1
LN105183,2025-01,0
LN100748,2024-10,1
LN107183,2025-10,0
LN103968,2024-03,0
LN107598,2025-09,0
LN107202,2022-07,1
LN106336,2023-05,0
LN101053,2025-02,0
LN103879,2024-10,0
LN106433,2023-06,0
LN108209,2025-04,0
LN107733,2025-01,1
LN107572,2024-04,1
LN104641,2023-07,0
LN104710,2023-03,0
LN104494,2025-07,0
LN103114,2025-03,0
LN101272,2025-05,1
LN103393,2024-10,0
LN106336,2023-06,0
LN108394,2024-05,0
LN103944,2022-11,1
LN101760,2022-11,0
LN101297,2024-05,0
LN102007,2023-05,0
LN105456,2025-05,0
LN102573,2023-09,0
LN101936,2025-06,0
LN106430,2025-06,0
LN106217,2022-07,1
LN104254,2023-06,0
LN103565,2023-08,0
LN106796,2022-02,0
LN103201,2025-11,0
LN106746,2025-02,0
LN107226,2024-10,0
LN105003,2025-04,0
LN100580,2024-04,0
LN101514,2023-03,1
LN105827,2025-06,0
LN104991,2025-03,0
LN103878,2023-11,0
LN100053,2025-02,0
LN100528,2025-07,1
LN107137,2025-04,0
LN104641,2022-03,0
LN107551,2024-03,0
LN108110,2023-09,1
LN103502,2024-07,0
LN103322,2025-04,1
LN106245,2024-11,1
LN106742,2025-11,0
LN104785,2025-05,1
LN100484,2025-01,0
LN106564,2023-11,0
LN102384,2022-09,1
LN102715,2024-04,0
LN102206,2022-04,0
LN105444,2025-12,1
LN102849,2024-10,1
LN107776,2025-02,0
LN106687,2025-09,1
LN103994,2025-11,1
LN107098,2024-08,0
LN100046,2024-09,0
LN108451,2024-10,0
LN102739,2024-08,0
LN108424,2023-02,0
LN100163,2024-12,0
LN100255,2023-10,0
LN101623,2023-10,0
LN105530,2025-05,0
LN102277,2023-01,0
LN105971,2022-05,1
LN105999,2024-01,0
LN107847,2024-11,1
LN101685,2024-09,0
LN106576,2023-06,1
LN107984,2024-07,0
LN107378,2025-11,0
LN101006,2024-09,0
LN106073,2023-11,1
LN106607,2025-10,0
LN103453,2024-09,1
LN102557,2024-12,0
LN104325,2023-07,0
LN100889,2025-05,0
LN106169,2024-07,0
LN100456,2022-05,0
LN107284,2023-12,0
LN103763,2024-08,0
LN102508,2025-02,1
LN105179,2022-12,0
LN101735,2024-05,1
LN104680,2024-10,0
LN103082,2022-06,1
LN107537,2024-01,0
LN108462,2025-09,0
LN108188,2024-06,1
LN106603,2023-08,0
LN101117,2025-07,0
LN101058,2022-12,0
LN108353,2024-11,1
LN100769,2024-04,0
LN102141,2025-01,0
LN103204,2025-09,1
LN104872,2023-07,1
LN108417,2025-08,0
LN107377,2025-09,0
LN106915,2025-07,0
LN100712,2025-05,0
LN102633,2025-02,1
LN107416,2024-08,1
LN104494,2024-03,1
LN107478,2025-03,0
LN105364,2022-09,0
LN102834,2024-09,1
LN101649,2025-12,0
LN107712,2024-01,1
LN101589,2024-05,1
LN106579,2025-05,0
LN105857,2023-07,0
LN101266,2024-01,0
LN107463,2025-01,0
LN105165,2021-12,0
LN101094,2023-10,1
LN107873,2022-09,1
LN107464,2025-02,0
LN108230,2023-09,0
LN101229,2022-07,0
LN102810,2025-07,0
LN106786,2024-05,1
LN101340,2023-12,1
LN102455,2023-06,0
LN102899,2022-10,0
LN105935,2025-11,0
LN107923,2022-02,0
LN100117,2022-01,0
LN105097,2023-05,0
LN100637,2023-10,0
LN101267,2023-02,0
LN107243,2025-06,0
LN107683,2024-06,0
LN105129,2025-12,1
LN100792,2025-07,0
LN101652,2025-09,1
LN103668,2024-03,1
LN100705,2025-03,0
LN105097,2022-11,1
LN101918,2023-04,1
LN108159,2024-09,1
LN105862,2024-04,0
LN105769,2024-04,1
LN106646,2023-05,0
LN106471,2023-02,1
LN102062,2025-01,0
LN104092,2024-09,0
LN106217,2024-04,0
LN102350,2023-07,1
LN104303,2023-03,0
LN104797,2022-05,0
LN101228,2022-02,0
LN105935,2025-05,0
LN105332,2023-02,1
LN104434,2025-03,0
LN103204,2025-04,1
LN106237,2025-02,0
LN102129,2022-09,0
LN107627,2023-01,0
LN108539,2024-04,1
LN100652,2024-02,0
LN100486,2024-10,0
LN107264,2023-07,0
LN101711,2025-09,0
LN101796,2025-04,0
LN100284,2023-03,0
LN107831,2025-03,0
LN106620,2023-03,0
LN103579,2022-02,0
LN105568,2023-06,0
LN107781,2023-10,1
LN106547,2025-03,0
LN108679,2024-05,0
LN101270,2025-01,0
LN108989,2025-04,0
LN102185,2025-04,0
LN104040,2023-02,0
LN107726,2023-01,0
LN100717,2025-02,1
LN103120,2024-04,1
LN103764,2025-11,0
LN102677,2025-06,0
LN108485,2025-04,0
LN102727,2024-02,0
LN107411,2024-05,1
LN106995,2025-04,1
LN105028,2025-09,1
LN107939,2023-04,1
LN101663,2024-06,0
LN104357,2024-11,1
LN105724,2025-02,0
LN105270,2025-09,0
LN105745,2024-03,0
LN105251,2024-06,1
LN101919,2024-10,0
LN107947,2022-08,0
LN106327,2024-08,1
LN100451,2024-12,0
LN107580,2021-08,0
LN107455,2025-01,1
LN105141,2024-12,0
LN108385,2024-02,0
LN100066,2025-02,1
LN100260,2025-12,1
LN104054,2025-10,0
LN102504,2022-02,0
LN103990,2024-07,0
LN107930,2024-03,0
LN108675,2022-08,0
LN107841,2023-06,1
LN108764,2025-04,0
LN101210,2024-11,0
LN100884,2025-06,0
LN108204,2023-07,0
LN103913,2025-01,0
LN104977,2023-07,0
LN102969,2024-12,1
LN101934,2022-05,1
LN105731,2025-11,0
LN106827,2024-08,1
LN105101,2025-11,0
LN106657,2024-01,0
LN105843,2023-04,1
LN103911,2024-12,0
LN102225,2023-12,1
LN108772,2023-09,0
LN108403,2025-04,0
LN102583,2025-02,1
LN107756,2023-02,1
LN108129,2025-05,0
LN104041,2024-01,1
LN100461,2023-07,0
LN106336,2025-11,0
LN101117,2024-04,0
LN105578,2023-05,0
LN105057,2024-06,0
LN102128,2023-04,0
LN101731,2024-08,1
LN103523,2024-05,1
LN103400,2024-05,0
LN101173,2022-10,0
LN104842,2025-12,1
LN103426,2024-06,1
LN105753,2023-03,0
LN102507,2023-12,1
LN100326,2022-12,0
LN101620,2022-08,0
LN107345,2023-12,0
LN107056,2025-04,0
LN104124,2025-03,0
LN100973,2025-03,1
LN102197,2024-09,0
LN106196,2024-09,0
LN105607,2024-09,0
LN105358,2022-11,0
LN106171,2023-12,0
LN104853,2022-05,0
LN107611,2023-05,0
LN100864,2024-11,0
LN105192,2023-03,0
LN101917,2025-03,0
LN101605,2025-04,0
LN100765,2025-07,0
LN102938,2025-08,1
LN108658,2022-08,1
LN105682,2024-07,0
LN108405,2022-06,0
LN101317,2024-02,1
LN107208,2024-11,0
LN107663,2024-12,0
LN101306,2023-04,0
LN101540,2024-07,1
LN105205,2023-10,0
LN104662,2022-10,0
LN107736,2022-06,1
LN108232,2025-06,0
LN105258,2024-06,0
LN101627,2023-10,1
LN106684,2025-12,1
LN103464,2025-12,0
LN105761,2025-11,0
LN101241,2024-09,1
LN101098,2022-05,1
LN101602,2024-11,0
LN107661,2023-03,0
LN104819,2024-10,1
LN105657,2024-05,1
LN102555,2025-02,0
LN102557,2025-11,0
LN103300,2024-09,0
LN103476,2025-01,0
LN102806,2025-07,1
LN105011,2023-02,0
LN106025,2025-04,0
LN108751,2022-06,0
LN108920,2025-07,1
LN105909,2025-07,0
LN105806,2025-11,0
LN106783,2025-02,0
LN100932,2024-02,0
LN103017,2025-02,0
LN101154,2022-09,0
LN108749,2024-05,0
LN103715,2023-01,1
LN105815,2024-11,0
LN108182,2025-08,0
LN104421,2025-04,0
LN101270,2023-01,0
LN106715,2024-05,0
LN103563,2024-09,0
LN100978,2023-10,0
LN101059,2022-11,1
LN105485,2023-05,1
LN102780,2022-10,0
LN106031,2024-07,0
LN104300,2024-07,0
LN107742,2025-12,0
LN108714,2023-06,1
LN103323,2024-09,0
LN105710,2025-08,0
LN104069,2023-12,0
LN106556,2025-05,1
LN101775,2022-12,1
LN106971,2024-08,1
LN100887,2025-07,0
LN101385,2024-11,0
LN103779,2024-08,0
LN102742,2024-07,0
LN105477,2024-06,0
LN103568,2025-03,0
LN106964,2023-03,1
LN106808,2024-03,1
LN103434,2023-04,0
LN103229,2025-04,1
LN108828,2025-08,0
LN103638,2025-09,0
LN108332,2025-12,1
LN104709,2024-10,0
LN102762,2025-04,0
LN108697,2023-09,1
LN108897,2025-10,0
LN103267,2024-02,1
LN102450,2025-05,1
LN107939,2023-01,0
LN106711,2023-06,1
LN100976,2022-07,0
LN101036,2025-02,0
LN106416,2024-05,0
LN101455,2025-04,0
LN102136,2023-10,0
LN103604,2024-12,0
LN102404,2023-10,1
LN103614,2025-08,1
LN105903,2024-07,0
LN100517,2023-01,0
LN106119,2022-06,0
LN105383,2025-03,0
LN108256,2024-08,0
LN102935,2022-06,0
LN101073,2025-12,0
LN101135,2022-02,0
LN105652,2022-01,0
LN102114,2024-02,1
LN108888,2023-08,0
LN105703,2025-11,0
LN103691,2025-03,0
LN105746,2024-11,0
LN108590,2023-01,1
LN105286,2025-09,0
LN101457,2025-09,0
LN103531,2022-09,0
LN102715,2023-11,0
LN108802,2024-07,0
LN104531,2023-02,0
LN103255,2024-07,1
LN106294,2023-07,1
LN107139,2023-01,0
LN101514,2024-05,0
LN103481,2022-07,1
LN100456,2022-08,0
LN107480,2025-08,0
LN101224,2024-12,1
LN104314,2025-01,1
LN104105,2025-05,0
LN103609,2024-04,1
LN106971,2024-06,1
LN104307,2025-03,1
LN105100,2024-07,0
LN100877,2025-03,0
LN105636,2023-05,0
LN105909,2024-02,0
LN100614,2024-04,1
LN101019,2025-09,1
LN106781,2022-07,0
LN103152,2022-06,0
LN100131,2023-11,0
LN102436,2025-10,0
LN100305,2025-12,0
LN106504,2025-02,1
LN103664,2023-10,0
LN103489,2025-01,0
LN108815,2024-07,0
LN100033,2025-01,0
LN104068,2024-02,0
LN100424,2022-12,0
LN105771,2023-08,0
LN100033,2024-12,1
LN103658,2025-09,1
LN102662,2025-04,0
LN108915,2024-03,1
LN106525,2023-04,1
LN103946,2025-11,0
LN108632,2024-02,0
LN106432,2025-08,1
LN100514,2024-12,0
LN102016,2025-01,1
LN102189,2025-04,1
LN108075,2025-09,0
LN107723,2024-10,0
LN103353,2024-03,0
LN100030,2024-08,1
LN105566,2025-04,1
LN106705,2021-09,0
LN100195,2024-05,1
LN102728,2025-01,1
LN101362,2023-06,0
LN102052,2025-07,0
LN104415,2023-10,0
LN103090,2022-10,1
LN105760,2025-04,1
LN105433,2025-01,1
LN104707,2023-09,1
LN102542,2025-01,1
LN104085,2024-08,0
LN102405,2024-05,0
LN102457,2025-12,0
LN100395,2024-09,0
LN106640,2023-04,0
LN105671,2025-06,0
LN101553,2025-06,0
LN103489,2025-06,0
LN102305,2025-12,0
LN106429,2025-02,1
LN105879,2025-05,0
LN104083,2025-10,0
LN104082,2024-08,0
LN101784,2024-06,0
LN106015,2023-05,0
LN108055,2023-10,1
LN101226,2023-04,0
LN106027,2024-05,1
LN101924,2024-01,0
LN104167,2024-08,0
LN104530,2023-06,0
LN103394,2024-05,0
LN107895,2024-10,0
LN105830,2024-04,0
LN106962,2023-06,0
LN102745,2024-04,1
LN104524,2024-11,0
LN104168,2023-06,0
LN104759,2025-05,0
LN106224,2023-10,0
LN105362,2023-10,1
LN106011,2024-09,0
LN100011,2025-12,0
LN101895,2025-05,0
LN107646,2024-12,1
LN103038,2025-01,0
LN108721,2023-02,0
LN100121,2025-08,0
LN108168,2023-02,0
LN105384,2022-09,0
LN107051,2023-11,0
LN107629,2023-11,0
LN103042,2023-12,0
LN104990,2025-07,1
LN106740,2024-07,0
LN104853,2023-12,0
LN103716,2024-03,1
LN108809,2024-11,0
LN106637,2023-12,0
LN106679,2025-02,1
LN107784,2024-05,1
LN104224,2025-08,0
LN105464,2022-04,0
LN104929,2024-03,0
LN104045,2024-07,1
LN107874,2023-04,1
LN100730,2025-01,0
LN101481,2021-08,0
LN100545,2022-12,1
LN104513,2025-04,1
LN102436,2023-09,0
LN105536,2025-08,0
LN108307,2024-10,0
LN105743,2024-02,0
LN106342,2024-12,0
LN107465,2024-10,0
LN100472,2024-12,0
LN105098,2025-08,0
LN100602,2025-09,0
LN103721,2025-11,1
LN106090,2023-04,0
LN105690,2025-03,0
LN107492,2023-10,1
LN104110,2024-04,0
LN101881,2023-04,0
LN102607,2023-05,1
LN104352,2023-11,0
LN103544,2022-07,0
LN108667,2025-02,0
LN101271,2024-12,0
LN100698,2025-05,1
LN101500,2024-09,1
LN108609,2023-04,0
LN105014,2024-07,1
LN102047,2025-10,1
LN108675,2022-03,1
LN101454,2025-04,0
LN102424,2025-01,0
LN100821,2025-02,0
LN107171,2025-06,0
LN106208,2023-09,0
LN106715,2025-11,1
LN107301,2025-09,0
LN101592,2024-04,0
LN100029,2023-03,0
LN100064,2025-04,1
LN100704,2022-06,0
LN105296,2021-11,0
LN100136,2023-12,0
LN104757,2022-08,0
LN104002,2022-07,0
LN107089,2023-02,0
LN107098,2023-06,0
LN108645,2024-11,0
LN104667,2023-12,1
LN108686,2025-07,0
LN102255,2025-04,0
LN103038,2025-04,0
LN101240,2024-03,1
LN106287,2021-11,0
LN106260,2024-04,1
LN104344,2025-01,1
LN106315,2022-11,0
LN102697,2023-09,0
LN107219,2024-07,0
LN108551,2024-10,0
LN108164,2023-08,0
LN108639,2023-10,0
LN101511,2023-05,0
LN104498,2024-11,1
LN107597,2024-07,1
LN103947,2023-08,0
LN108312,2022-12,0
LN101240,2025-12,0
LN108611,2022-03,1
LN102056,2025-02,1
LN101942,2025-01,1
LN102629,2025-08,0
LN104270,2024-08,1
LN105012,2025-06,0
LN103303,2023-01,0
LN100095,2023-04,0
LN100949,2024-06,0
LN107566,2023-11,1
LN104874,2023-07,0
LN101123,2025-10,0
LN101363,2024-11,1
LN101786,2024-04,0
LN102778,2025-07,0
LN102818,2024-03,0
LN105352,2023-03,0
LN108821,2023-09,1
LN106301,2023-09,0
LN106554,2025-08,0
LN104711,2024-10,0
LN105674,2023-07,0
LN105978,2023-10,0
LN107381,2023-08,1
LN101652,2025-08,1
LN105363,2025-08,0
LN107373,2023-04,0
LN101097,2025-11,0
LN106126,2024-03,1
LN100652,2024-10,0
LN104772,2024-07,0
LN100054,2023-05,0
LN108002,2025-05,0
LN105927,2025-03,0
LN105178,2023-11,1
LN107060,2023-10,1
LN104754,2025-03,0
LN103510,2025-01,0
LN103437,2024-11,0
LN106239,2025-10,0
LN104447,2024-10,0
LN101385,2022-08,0
LN105081,2024-08,0
LN102550,2025-01,1
LN103185,2025-12,1
LN102422,2024-06,0
LN108720,2024-03,0
LN104707,2025-07,0
LN103133,2025-03,1
LN100238,2023-12,0
LN105743,2024-08,1
LN107234,2024-10,1
LN100937,2023-09,0
LN102212,2024-11,0
LN106884,2025-01,0
LN108694,2025-01,1
LN105741,2025-08,1
LN107102,2025-03,0
LN107961,2023-12,0
LN108185,2025-12,0
LN106934,2023-08,0
LN102316,2022-08,0
LN105352,2023-09,0
LN103043,2023-07,0
LN104560,2025-07,0
LN103467,2025-11,0
LN104193,2022-01,0
LN101344,2024-10,0
LN108172,2025-11,1
LN104301,2024-12,1
LN103546,2024-07,1
LN104754,2022-12,0
LN104592,2022-12,0
LN104778,2024-08,0
LN107030,2025-09,1
LN106413,2021-12,0
LN100369,2024-06,1
LN106946,2024-07,0
LN102507,2024-07,0
LN103356,2022-01,0
LN105246,2023-10,0
LN100719,2025-03,0
LN106315,2025-08,0
LN104157,2025-01,1
LN101943,2024-04,0
LN108165,2025-07,1
LN108625,2024-05,0
LN102943,2022-12,0
LN108896,2022-07,0
LN105771,2022-11,0
LN106738,2024-08,1
LN105590,2024-01,1
LN105499,2023-09,1
LN102291,2024-07,1
LN107446,2025-12,0
LN103397,2025-03,0
LN108612,2024-02,1
LN108125,2024-03,0
LN105017,2024-08,0
LN103893,2024-07,0
LN105355,2024-08,0
LN105547,2025-05,0
LN106090,2023-05,1
LN101008,2024-09,0
LN106796,2024-02,1
LN105174,2025-12,1
LN105158,2025-03,0
LN100364,2024-08,1
LN103039,2022-12,0
LN105564,2023-07,0
LN108499,2024-12,0
LN107284,2024-06,1
LN100755,2025-05,0
LN104035,2023-10,1
LN108830,2024-12,0
LN107652,2022-07,0
LN106762,2022-05,1
LN107369,2023-07,1
LN100421,2024-09,0
LN103932,2024-02,0
LN101945,2021-11,0
LN108286,2025-06,0
LN108276,2024-05,0
LN107127,2023-12,1
LN100662,2022-01,1
LN104211,2024-05,1
LN103762,2025-04,0
LN105963,2022-11,1
LN108116,2024-09,1
LN107578,2025-12,1
LN106268,2024-03,1
LN103322,2024-07,0
LN106237,2022-11,0
LN106826,2024-08,0
LN100462,2025-04,1
LN100139,2025-03,1
LN107362,2022-09,0
LN100305,2025-10,0
LN105687,2024-07,1
LN101518,2023-09,0
LN108513,2025-02,0
LN101093,2023-10,0
LN107287,2022-04,0
LN102047,2023-08,1
LN105925,2022-11,0
LN107309,2023-11,0
LN106800,2025-05,1
LN106471,2023-12,1
LN107527,2024-06,0
LN107150,2025-06,0
LN103452,2025-09,0
LN105141,2025-03,0
LN106982,2025-01,0
LN100108,2025-07,0
LN108104,2025-12,0
LN102821,2025-01,0
LN102308,2025-06,0
LN107413,2025-09,0
LN104726,2021-12,0
LN105249,2024-03,0
LN104330,2023-11,1
LN108652,2023-02,0
LN104969,2024-07,0
LN100625,2024-11,1
LN102332,2023-07,0
LN103177,2023-10,0
LN105713,2025-02,1
LN107964,2025-01,0
LN100716,2025-11,1
LN101756,2023-09,1
LN106384,2023-10,0
LN104527,2022-12,1
LN105770,2023-11,0
LN106666,2022-09,1
LN101493,2023-12,1
LN106619,2023-05,0
LN107250,2025-12,0
LN104490,2023-10,0
LN104811,2024-11,0
LN100189,2025-08,0
LN102776,2025-12,0
LN107853,2025-01,1
LN106086,2023-12,0
LN105376,2023-05,0
LN104643,2025-12,0
LN102997,2024-01,1
LN100972,2023-05,1
LN101263,2025-07,0
LN108118,2024-07,0
LN104459,2024-04,1
LN101695,2023-11,0
LN100749,2023-03,1
LN100944,2024-04,0
LN102983,2025-10,0
LN101306,2022-10,0
LN106891,2025-06,0
LN103631,2025-01,0
LN101883,2025-09,1
LN106241,2023-02,1
LN105727,2022-02,0
LN106906,2023-08,0
LN103154,2024-06,0
LN102199,2023-04,0
LN108372,2025-02,1
LN101752,2025-08,1
LN101471,2024-06,0
LN108695,2024-08,0
LN104198,2025-05,1
LN104035,2025-05,0
LN107009,2024-09,0
LN102061,2025-11,1
LN106449,2023-12,1
LN102724,2025-07,1
LN102230,2025-04,0
LN108126,2023-11,1
LN102008,2024-08,1
LN101770,2024-08,1
LN108191,2023-09,0
LN100775,2024-11,0
LN107975,2025-03,1
LN108247,2024-07,0
LN100417,2022-04,1
LN100775,2025-09,0
LN108652,2023-12,0
LN101488,2024-04,0
LN108394,2023-05,0
LN106326,2023-11,0
LN102506,2023-02,0
LN104659,2023-04,1
LN107787,2023-10,1
LN108561,2023-02,1
LN104512,2023-02,1
LN100136,2024-05,1
LN107294,2023-05,0
LN108118,2025-05,1
LN104530,2023-03,0
LN102066,2025-04,0
LN105715,2023-06,0
LN100138,2023-08,0
LN104458,2024-11,1
LN103807,2024-12,1
LN100528,2024-09,1
LN101419,2025-04,0
LN107117,2023-11,0
LN103645,2024-09,0
LN107716,2024-03,1
LN105899,2024-09,1
LN101073,2025-05,0
LN104774,2023-10,1
LN104293,2023-02,0
LN103958,2022-04,1
LN108084,2025-11,0
LN101267,2024-07,0
LN105949,2025-10,0
LN103136,2023-11,0
LN100852,2024-11,0
LN101185,2022-11,1
LN102490,2022-12,0
LN101457,2024-12,1
LN102103,2023-06,0
LN107524,2023-03,1
LN106469,2022-07,1
LN108633,2025-08,0
LN103055,2025-06,1
LN108661,2022-10,0
LN106879,2025-08,0
LN105509,2025-08,0
LN106419,2022-10,0
LN105137,2024-11,0
LN107626,2022-08,1
LN108618,2021-11,0
LN108338,2025-03,0
LN108956,2023-11,0
LN107105,2023-07,0
LN105473,2022-04,0
LN106788,2022-07,0
LN108946,2022-09,0
LN106916,2023-02,0
LN103373,2023-06,0
LN104009,2025-06,0
LN107555,2022-12,1
LN101857,2023-07,0
LN105343,2025-09,1
LN101765,2025-04,0
LN107801,2022-09,0
LN106432,2024-07,0
LN105507,2024-07,0
LN104037,2025-09,0
LN107426,2023-10,0
LN105720,2025-05,0
LN106756,2024-10,0
LN104772,2023-07,0
LN105345,2025-11,1
LN104868,2025-02,1
LN107165,2025-06,1
LN102358,2024-11,0
LN107869,2024-10,0
LN108533,2023-10,1
LN105652,2025-01,0
LN100320,2024-11,1
LN106509,2022-11,0
LN107685,2025-08,0
LN101776,2023-09,1
LN103247,2021-12,0
LN100606,2023-10,1
LN107260,2024-05,0
LN105961,2025-08,0
LN103678,2024-11,0
LN101936,2025-01,1
LN100954,2024-09,0
LN105484,2024-12,1
LN105716,2025-11,0
LN105043,2025-03,0
LN108691,2025-03,1
LN101816,2025-11,0
LN108076,2024-04,0
LN100748,2024-05,1
LN104312,2024-07,0
LN100860,2025-05,0
LN107334,2022-11,0
LN106598,2024-06,0
LN103815,2023-10,1
LN107645,2024-04,1
LN101902,2024-06,0
LN103787,2023-11,1
LN100075,2024-08,0
LN105704,2025-10,1
LN105838,2022-10,1
LN107399,2023-10,1
LN103007,2024-10,0
LN104401,2025-04,0
LN104567,2025-01,1
LN102538,2024-07,0
LN102951,2025-04,0
LN104294,2024-11,1
LN106336,2025-04,0
LN105661,2022-06,1
LN108327,2023-01,0
LN107828,2023-07,0
LN106837,2023-01,0
LN101482,2025-05,0
LN100793,2025-10,1
LN108301,2022-05,0
LN102171,2024-08,0
LN108815,2024-11,0
LN105708,2024-01,0
LN105367,2025-12,0
LN100511,2025-04,0
LN104609,2024-08,1
LN100439,2025-02,0
LN107274,2023-12,0
LN104498,2025-12,1
LN105801,2023-09,0
LN104381,2023-01,0
LN103107,2024-01,1
LN107252,2024-03,1
LN103296,2024-05,1
LN107501,2023-01,0
LN101057,2025-12,0
LN106253,2025-11,0
LN103485,2022-04,1
LN105715,2025-09,1
LN106138,2022-07,0
LN107886,2024-06,0
LN107275,2024-11,1
LN107997,2023-03,0
LN106387,2025-07,0
LN105872,2024-11,1
LN104967,2023-04,0
LN108079,2024-11,1
LN104754,2025-01,0
LN101137,2023-08,1
LN100650,2024-02,0
LN102552,2023-03,1
LN101857,2025-05,0
LN101296,2023-04,0
LN101316,2025-04,0
LN105366,2022-07,1
LN107084,2024-06,0
LN101597,2024-05,1
LN100943,2024-03,0
LN108075,2024-08,0
LN108712,2025-01,0
LN102661,2025-10,1
LN104659,2024-07,1
LN101540,2023-03,0
LN107917,2023-10,0
LN102064,2023-10,1
LN107312,2024-03,0
LN108077,2023-09,1
LN108190,2024-10,0
LN108444,2025-10,0
LN106399,2025-07,0
LN101427,2025-07,0
LN103560,2024-09,0
LN106869,2024-11,0
LN104893,2023-01,0
LN101254,2024-08,1
LN100021,2025-12,0
LN100814,2024-09,0
LN101809,2024-12,0
LN101950,2025-01,0
LN104660,2025-11,0
LN108975,2025-10,1
LN101922,2025-11,0
LN102978,2023-01,1
LN108285,2025-07,1
LN106003,2023-11,1
LN106295,2024-01,1
LN107021,2025-03,1
LN107014,2024-06,0
LN106413,2024-03,0
LN105395,2023-03,0
LN102599,2023-02,0
LN105655,2022-04,1
LN100130,2023-06,0
LN105345,2023-12,0
LN106320,2024-09,0
LN103431,2024-11,1
LN101365,2022-01,0
LN102505,2022-08,0
LN108132,2025-05,0
LN108038,2025-09,0
LN102440,2023-09,0
LN106148,2023-08,0
LN108422,2022-11,0
LN105116,2024-07,1
LN107646,2024-07,0
LN101763,2025-05,1
LN100415,2023-12,0
LN101548,2024-09,0
LN107069,2025-04,1
LN103881,2022-08,0
LN102002,2024-01,0
LN104437,2025-09,1
LN102547,2024-01,1
LN103624,2025-02,0
LN106894,2025-02,0
LN107782,2025-07,1
LN107765,2025-05,0
LN105365,2024-06,0
LN107378,2023-07,0
LN106487,2025-02,0
LN105246,2025-06,0
LN105641,2025-03,0
LN106564,2022-03,0
LN104162,2024-04,0
LN102576,2023-07,1
LN106328,2023-09,1
LN104244,2023-06,0
LN103543,2025-06,1
LN101740,2024-05,0
LN106977,2023-06,0
LN103377,2025-01,1
LN104371,2023-06,1
LN108618,2022-07,0
LN103439,2024-05,0
LN104081,2022-07,0
LN104494,2025-09,1
LN103902,2024-03,0
LN100527,2022-03,1
LN101719,2024-10,1
LN100789,2022-10,0
LN108710,2024-11,1
LN107484,2023-05,0
LN104718,2025-05,0
LN106307,2022-05,1
LN100606,2024-03,0
LN102267,2025-07,0
LN103413,2021-12,0
LN108602,2023-04,1
LN102859,2023-03,0
LN104169,2025-10,0
LN108894,2025-02,0
LN103785,2025-03,0
LN108749,2024-12,0
LN103086,2023-11,0
LN101717,2025-09,0
LN106437,2025-05,0
LN106433,2024-10,1
LN108932,2023-09,0
LN107440,2024-11,1
LN102347,2024-10,0
LN106605,2023-01,0
LN101605,2025-06,1
LN102363,2022-02,0
LN103803,2023-11,0
LN101980,2025-11,0
LN104625,2023-02,0
LN107052,2025-12,0
LN101724,2023-08,1
LN104175,2023-04,1
LN105115,2025-03,0
LN101114,2024-10,0
LN104385,2024-04,1
LN107809,2023-10,1
LN101149,2024-09,1
LN106701,2024-04,1
LN106333,2023-06,0
LN108210,2025-11,0
LN100242,2022-08,1
LN102943,2024-03,1
LN100711,2024-05,0
LN106372,2025-09,0
LN103857,2022-07,1
LN102353,2025-09,0
LN100387,2025-08,1
LN104044,2024-12,0
LN105580,2024-09,0
LN101786,2024-12,1
LN104095,2024-07,0
LN103638,2024-03,0
LN104647,2024-02,0
LN103841,2024-12,0
LN107218,2022-10,1
LN105456,2022-05,0
LN104842,2022-03,0
LN104963,2024-03,0
LN108073,2024-04,0
LN106192,2023-04,0
LN106802,2024-06,0
LN106797,2024-06,1
LN105350,2024-04,0
LN105770,2024-10,0
LN100168,2025-02,0
LN101539,2024-09,0
LN106084,2025-02,1
LN106790,2025-05,0
LN104569,2022-07,0
LN103961,2025-01,0
LN100125,2025-01,0
LN107005,2021-08,0
LN102278,2024-09,0
LN104857,2024-12,0
LN101191,2024-09,0
LN104791,2024-12,0
LN108705,2024-12,0
LN106264,2024-08,1
LN102762,2023-03,0
LN100139,2023-01,0
LN103194,2024-12,0
LN107965,2023-08,1
LN107455,2025-06,0
LN106751,2024-03,0
LN105432,2024-12,0
LN105369,2024-10,1
LN102516,2025-12,0
LN102234,2024-06,1
LN104184,2023-05,0
LN102228,2024-07,0
LN104228,2025-03,1
LN107768,2023-03,0
LN108317,2025-03,0
LN108412,2024-11,0
LN103716,2025-06,1
LN106357,2022-07,1
LN105483,2024-06,1
LN104654,2024-12,1
LN101281,2025-07,1
LN105953,2024-03,0
LN103047,2025-07,1
LN104008,2024-03,1
LN102599,2024-05,1
LN102652,2025-03,0
LN104339,2024-11,0
LN103335,2025-02,1
LN108114,2022-12,0
LN107092,2024-01,1
LN102225,2025-11,0
LN102695,2023-09,1
LN107672,2025-08,1
LN101019,2022-12,0
LN103286,2024-02,0
LN104712,2025-01,0
LN107338,2024-05,0
LN101046,2023-10,0
LN106381,2023-01,0
LN105135,2024-02,0
LN101451,2022-05,0
LN104595,2025-05,0
LN101631,2024-10,0
LN107622,2025-02,0
LN106383,2024-12,0
LN100695,2025-01,0
LN104025,2024-12,0
LN106197,2025-12,0
LN104393,2023-09,0
LN104353,2023-01,1
LN107215,2022-09,0
LN106866,2025-09,0
LN107923,2022-01,0
LN106153,2025-02,0
LN100749,2024-02,1
LN107666,2023-10,0
LN102392,2024-01,1
LN100203,2025-02,0
LN102909,2024-03,0
LN102771,2025-05,0
LN100370,2022-12,0
LN102485,2024-05,0
LN105719,2023-11,0
LN105157,2023-01,0
LN103754,2024-03,0
LN100364,2022-10,0
LN101531,2023-12,0
LN102848,2023-06,0
LN105590,2024-05,0
LN108113,2023-08,0
LN102930,2025-12,1
LN103520,2024-09,0
LN108310,2025-11,0
LN102480,2024-07,1
LN105596,2024-11,0
LN103731,2024-12,0
LN106053,2025-03,0
LN104119,2024-04,1
LN107830,2024-07,0
LN106319,2023-07,0
LN100504,2025-06,0
LN105046,2025-05,1
LN105466,2021-08,0
LN105547,2022-06,0
LN103345,2025-11,0
LN108666,2024-09,1
LN101076,2025-01,1
LN102553,2023-04,0
LN106599,2023-10,0
LN105745,2021-10,0
LN108052,2025-03,0
LN106365,2023-04,1
LN100349,2023-12,1
LN101408,2024-10,1
LN102849,2023-06,1
LN108773,2024-10,1
LN106838,2022-07,1
LN101322,2025-08,0
LN101177,2025-12,0
LN108442,2025-11,0
LN107914,2022-12,0
LN104787,2022-02,0
LN102520,2025-10,1
LN106301,2023-05,0
LN101912,2023-08,0
LN106119,2024-06,0
LN100386,2024-04,1
LN107618,2023-12,0
LN105144,2024-08,0
LN108793,2024-01,0
LN103579,2024-02,0
LN105943,2024-10,0
LN102372,2022-09,0
LN105521,2023-10,0
LN102268,2025-09,1
LN105202,2025-08,1
LN105994,2025-05,1
LN101957,2023-12,0
LN108594,2023-08,0
LN103356,2025-01,0
LN105936,2022-09,0
LN108344,2024-12,1
LN106326,2023-04,1
LN104650,2025-03,0
LN108788,2024-10,0
LN104407,2024-11,0
LN103381,2025-04,0
LN107836,2023-11,0
LN106382,2023-09,0
LN100589,2025-08,0
LN103562,2025-06,0
LN106677,2024-11,0
LN107574,2024-11,0
LN107510,2024-02,0
LN101010,2024-12,1
LN108883,2024-05,0
LN105136,2023-05,0
LN108100,2023-07,0
LN104035,2024-07,0
LN100151,2024-02,1
LN103103,2024-05,0
LN104057,2024-05,0
LN104714,2021-08,0
LN100705,2023-09,0
LN101110,2024-03,0
LN108243,2024-10,0
LN108760,2024-12,1
LN103567,2022-06,0
LN104719,2022-01,0
LN102489,2025-09,1
LN105067,2025-03,1
LN101759,2023-07,0
LN103209,2025-01,0
LN106630,2024-01,0
LN107265,2023-12,0
LN102971,2023-06,1
LN100805,2025-10,0
LN101294,2025-08,0
LN103713,2022-12,0
LN106374,2025-06,0
LN108553,2025-07,0
LN102040,2023-06,1
LN105950,2025-12,0
LN105674,2023-06,0
LN107148,2023-03,1
LN108588,2023-07,1
LN103707,2024-06,0
LN102462,2025-01,1
LN107781,2025-08,0
LN104769,2022-03,0
LN101570,2023-12,1
LN107866,2024-03,0
LN105026,2023-04,0
LN103052,2024-05,0
LN102746,2025-03,0
LN103734,2023-08,0
LN101710,2023-10,1
LN103557,2025-09,0
LN103554,2024-07,0
LN105979,2025-09,0
LN101511,2025-10,0
LN101049,2022-03,0
LN102787,2022-12,0
LN103308,2022-11,1
LN108011,2022-09,1
LN104043,2022-11,0
LN108969,2025-06,1
LN106417,2023-03,1
LN105820,2024-05,0
LN107145,2023-11,1
LN103354,2025-05,1
LN103832,2025-05,0
LN100598,2023-10,1
LN107970,2023-09,0
LN101746,2025-11,0
LN100626,2022-10,1
LN101784,2025-05,1
LN101894,2023-09,0
LN107476,2025-09,0
LN106537,2025-04,1
LN100056,2024-05,0
LN103534,2024-02,1
LN102097,2025-03,0
LN103762,2024-08,0
LN104893,2025-01,1
LN108945,2024-03,0
LN101271,2023-08,0
LN106474,2024-02,0
LN106748,2023-01,1
LN107771,2022-04,1
LN105444,2024-03,0
LN107950,2025-09,0
LN108177,2025-11,0
LN106508,2024-10,0
LN102350,2024-09,0
LN105174,2022-07,0
LN102408,2025-03,1
LN102290,2023-04,0
LN105817,2025-10,1
LN105850,2024-03,0
LN104497,2023-06,0
LN102537,2024-01,0
LN103153,2025-09,1
LN107014,2024-05,0
LN106560,2025-07,0
LN100592,2022-06,0
LN103432,2024-01,0
LN106161,2022-05,0
LN100841,2025-03,0
LN104588,2024-10,0
LN107618,2024-05,0
LN105703,2024-06,0
LN102422,2022-04,0
LN105064,2024-06,0
LN107711,2024-06,0
LN103670,2024-03,0
LN101297,2025-10,1
LN106591,2025-09,0
LN106844,2024-10,0
LN107261,2025-07,0
LN103572,2024-02,0
LN108155,2025-05,1
LN104830,2023-05,0
LN101879,2025-06,0
LN107671,2023-02,1
LN108535,2025-05,0
LN108504,2022-12,0
LN100583,2024-09,0
LN106329,2025-01,0
LN108866,2023-04,1
LN101000,2024-05,1
LN102953,2025-01,1
LN106588,2024-07,0
LN102910,2022-01,0
LN108946,2023-01,0
LN101891,2023-07,1
LN107105,2024-02,0
LN105056,2025-04,0
LN108565,2023-10,1
LN106980,2023-09,0
LN105830,2022-08,0
LN106894,2025-10,0
LN100093,2025-05,1
LN102961,2025-03,0
LN104892,2023-02,0
LN104137,2025-05,0
LN106935,2023-07,0
LN107765,2024-09,1
LN101483,2022-05,1
LN108644,2022-07,0
LN106478,2025-07,0
LN106354,2025-01,0
LN105236,2025-03,0
LN103551,2023-10,0
LN107781,2024-05,0
LN102553,2022-11,1
LN100474,2025-11,0
LN101871,2025-12,1
LN100521,2022-07,0
LN102744,2025-05,0
LN104499,2025-11,0
LN103418,2023-04,0
LN104728,2023-03,0
LN101856,2025-12,0
LN102745,2024-09,0
LN108214,2023-06,1
LN103200,2025-08,0
LN108214,2025-02,0
LN104625,2025-01,0
LN101792,2025-02,0
LN101988,2023-06,0
LN105528,2025-12,0
LN100846,2022-11,0
LN107729,2025-03,0
LN103166,2025-07,1
LN106503,2024-04,1
LN106378,2024-11,0
LN107640,2025-06,0
LN105125,2024-12,1
LN105061,2024-06,0
LN103954,2024-10,0
LN107039,2025-09,0
LN107567,2023-02,0
LN100945,2022-12,1
LN107283,2025-03,0
LN104966,2024-05,0
LN107395,2021-08,1
LN107488,2022-07,0
LN103486,2024-01,1
LN106441,2023-05,0
LN102222,2025-04,0
LN107258,2023-01,1
LN100282,2024-11,0
LN100621,2023-11,1
LN102638,2023-04,0
LN108315,2022-12,0
LN102402,2025-08,0
LN108516,2024-04,0
LN102574,2024-06,0
LN102770,2024-12,1
LN104487,2024-02,0
LN102020,2023-08,0
LN105216,2025-05,0
LN108243,2024-08,0
LN106273,2025-04,1
LN105983,2024-06,1
LN100410,2025-10,0
LN100844,2025-03,0
LN107103,2023-11,1
LN106079,2023-10,0
LN108195,2024-12,0
LN104469,2025-10,0
LN107379,2025-07,0
LN106993,2024-09,1
LN107382,2024-04,1
LN101371,2023-10,1
LN100040,2023-04,0
LN104204,2025-05,0
LN104813,2024-01,1
LN102365,2024-11,0
LN108792,2025-04,0
LN105940,2025-04,0
LN103786,2023-03,0
LN106519,2021-09,1
LN104889,2024-04,0
LN106402,2023-11,0
LN102705,2024-11,0
LN106164,2023-04,0
LN101275,2025-05,0
LN101540,2023-06,1
LN100425,2023-07,1
LN102751,2022-04,0
LN106190,2024-08,0
LN107945,2024-01,0
LN103041,2024-06,0
LN106476,2025-01,0
LN106772,2024-11,1
LN105487,2024-06,1
LN105062,2024-08,0
LN102918,2025-02,0
LN105590,2024-03,0
LN106175,2024-09,0
LN100217,2022-03,0
LN101753,2024-03,0
LN100300,2025-08,0
LN108876,2023-10,0
LN104696,2024-05,0
LN101594,2023-12,0
LN102134,2025-04,0
LN105005,2025-12,0
LN103857,2022-10,0
LN101624,2025-05,1
LN108345,2025-05,0
LN102409,2021-11,0
LN105176,2024-01,0
LN101159,2025-02,1
LN108472,2024-12,0
LN102990,2025-01,1
LN105257,2024-07,0
LN103432,2022-05,0
LN104554,2025-11,0
LN106446,2024-07,0
LN104536,2021-11,0
LN108092,2025-12,0
LN101914,2022-10,0
LN106465,2024-08,1
LN102424,2023-12,0
LN102078,2022-07,0
LN103358,2022-10,1
LN102626,2025-12,0
LN106099,2024-05,1
LN102503,2024-05,0
LN104699,2022-07,0
LN107888,2024-07,0
LN108450,2025-02,0
LN107023,2024-05,0
LN108661,2025-07,0
LN108492,2023-09,0
LN106787,2025-03,0
LN103044,2022-04,0
LN107261,2024-10,1
LN106092,2023-04,1
LN103955,2025-07,0
LN101956,2023-11,0
LN108902,2023-10,0
LN105477,2024-07,0
LN100456,2023-12,1
LN100257,2024-06,1
LN101645,2025-06,0
LN102025,2023-02,1
LN105902,2022-12,0
LN106877,2024-06,0
LN106015,2022-06,0
LN108624,2022-10,0
LN103972,2024-07,1
LN108511,2021-11,0
LN101916,2023-08,1
LN106613,2025-05,1
LN105650,2025-12,0
LN103635,2024-04,0
LN105266,2024-07,0
LN103352,2024-05,0
LN102200,2025-08,0
LN108120,2024-04,0
LN108163,2024-04,0
LN104945,2024-12,0
LN106469,2025-05,0
LN104762,2023-06,0
LN101144,2024-02,0
LN102133,2023-11,0
LN101161,2023-06,1
LN104001,2024-12,1
LN101945,2023-09,0
LN104538,2024-08,1
LN107558,2022-07,1
LN108902,2023-06,1
LN103060,2025-12,0
LN100043,2025-10,0
LN107443,2025-01,0
LN105640,2024-08,0
LN101404,2024-11,1
LN108920,2024-09,1
LN102950,2022-08,0
LN101952,2022-11,0
LN100507,2025-08,1
LN108164,2023-04,1
LN107372,2023-12,1
LN104552,2023-05,0
LN103083,2024-08,0
LN101852,2024-02,0
LN102733,2025-03,1
LN105136,2023-07,0
LN102040,2024-09,1
LN104431,2022-11,0
LN102977,2025-01,1
LN105337,2025-04,0
LN104233,2024-02,0
LN102146,2024-02,1
LN100129,2024-02,1
LN102288,2025-09,1
LN107103,2025-02,1
LN104443,2023-06,0
LN108071,2023-02,1
LN102173,2025-05,1
LN106747,2022-04,1
LN100279,2023-06,0
LN106180,2024-06,0
LN108582,2025-09,0
LN102614,2021-12,0
LN107812,2024-11,0
LN102343,2024-01,0
LN106304,2024-04,1
LN103766,2024-12,1
LN103555,2025-02,1
LN101934,2022-12,0
LN106308,2024-05,0
LN108098,2024-05,0
LN104652,2024-07,0
LN102384,2024-06,1
LN105896,2023-07,0
LN108147,2025-11,1
LN100343,2023-07,0
LN106988,2023-11,0
LN101698,2025-11,0
LN108736,2025-06,0
LN106457,2024-01,0
LN101194,2025-09,0
LN104667,2023-07,1
LN106632,2023-04,0
LN102579,2024-02,0
LN106818,2024-10,1
LN106059,2022-12,1
LN100843,2022-09,0
LN108956,2025-12,0
LN100923,2023-06,1
LN105104,2022-11,0
LN104305,2025-05,0
LN105321,2025-01,0
LN103616,2023-05,1
LN105427,2022-08,0
LN103775,2023-04,0
LN108544,2024-04,0
LN108418,2024-02,0
LN104022,2023-07,1
LN101426,2023-11,1
LN105785,2025-02,0
LN104757,2025-12,0
LN106799,2025-09,1
LN103976,2025-07,0
LN100641,2024-09,0
LN101723,2024-06,1
LN108553,2024-04,0
LN104277,2025-06,1
LN101429,2024-10,0
LN105450,2023-10,1
LN108561,2022-09,0
LN107066,2021-10,0
LN101012,2024-07,1
LN103504,2022-02,0
LN103424,2023-08,0
LN101453,2024-12,1
LN103926,2025-07,0
LN104143,2024-08,0
LN106723,2023-10,1
LN106922,2024-09,1
LN104803,2024-06,0
LN104677,2023-10,0
LN108563,2024-10,0
LN106884,2021-12,1
LN106540,2024-11,0
LN106444,2024-12,0
LN101343,2024-12,0
LN100224,2024-05,0
LN105721,2023-12,0
LN100859,2025-01,0
LN101058,2025-11,1
LN108758,2022-09,0
LN105428,2024-08,0
LN107406,2025-06,0
LN108703,2021-12,0
LN103266,2024-12,0
LN107485,2025-12,1
LN103488,2024-12,1
LN107485,2025-09,1
LN104169,2025-12,0
LN105961,2023-09,0
LN107996,2025-07,1
LN103958,2025-06,0
LN102994,2025-05,0
LN106399,2024-12,1
LN108386,2024-07,0
LN101391,2024-05,0
LN100003,2023-10,0
LN108421,2025-01,1
LN106610,2024-08,1
LN108251,2022-02,0
LN100545,2023-02,0
LN108781,2023-06,1
LN105373,2023-11,0
LN105916,2023-03,1
LN103428,2025-04,1
LN100712,2025-02,0
LN104375,2023-12,0
LN100745,2023-02,0
LN100334,2023-08,1
LN100379,2025-04,0
LN103945,2024-02,1
LN101243,2025-03,1
LN102484,2023-05,1
LN107035,2024-07,0
LN103627,2024-07,1
LN107810,2025-10,1
LN107577,2024-09,1
LN103764,2023-03,0
LN102873,2023-06,1
LN103772,2025-01,0
LN107415,2025-11,0
LN105150,2024-08,0
LN103048,2022-06,0
LN100880,2022-01,0
LN106811,2025-12,1
LN102382,2025-02,0
LN101646,2022-09,0
LN100594,2022-11,0
LN107875,2023-10,0
LN104692,2025-06,0
LN105340,2024-01,1
LN103442,2024-12,0
LN108219,2023-06,0
LN108955,2022-11,0
LN105440,2025-04,0
LN100889,2025-08,0
LN104155,2022-03,0
LN100419,2024-08,0
LN104246,2025-12,0
LN106328,2023-04,0
LN103620,2025-05,1
LN103335,2022-05,0
LN100705,2025-07,0
LN100189,2023-12,0
LN102535,2025-07,1
LN107377,2024-08,1
LN107040,2024-05,0
LN107602,2025-12,1
LN108332,2024-05,0
LN106920,2024-06,0
LN108021,2024-02,0
LN104109,2022-08,1
LN108142,2025-05,0
LN104858,2024-09,0
LN106814,2024-08,0
LN102496,2024-07,0
LN107875,2024-03,0
LN101057,2024-08,0
LN103448,2024-06,1
LN107599,2024-05,1
LN104699,2024-02,1
LN104151,2023-12,0
LN100166,2025-08,1
LN107287,2022-11,1
LN102308,2022-09,0
LN101139,2025-06,0
LN105751,2024-03,1
LN103165,2024-10,0
LN100400,2025-01,0
LN101293,2023-04,1
LN101471,2025-12,0
LN105202,2024-07,0
LN108934,2025-09,0
LN103892,2024-08,0
LN104698,2022-10,0
LN103005,2022-12,1
LN100870,2023-10,0
LN107470,2025-11,0
LN102498,2025-11,1
LN106954,2023-06,0
LN102863,2025-06,1
LN107902,2025-03,1
LN107091,2024-09,0
LN104284,2023-06,1
LN103464,2024-10,0
LN103060,2024-10,0
LN105627,2025-01,1
LN108495,2023-06,0
LN104229,2023-10,0
LN105425,2024-02,0
LN103991,2025-05,0
LN106449,2025-02,0
LN100962,2025-08,0
LN107610,2024-02,1
LN103972,2022-09,1
LN107706,2024-11,0
LN108549,2022-07,0
LN108252,2024-06,1
LN107813,2025-09,1
LN104401,2023-04,1
LN107466,2024-01,1
LN100834,2025-04,0
LN102992,2024-03,0
LN107414,2022-12,1
LN107968,2023-12,1
LN101560,2023-07,0
LN108634,2024-08,0
LN103846,2024-04,0
LN100296,2024-07,0
LN100637,2023-09,1
LN108618,2022-08,1
LN106017,2023-01,1
LN108825,2025-07,0
LN105735,2023-12,0
LN101288,2021-11,0
LN102999,2024-11,0
LN102668,2025-02,0
LN100966,2024-12,1
LN101680,2025-03,1
LN103542,2025-11,1
LN100435,2022-09,0
LN108751,2024-09,0
LN106318,2023-10,0
LN105530,2024-04,0
LN107551,2024-02,0
LN103263,2025-05,0
LN106643,2025-01,0
LN104304,2023-11,0
LN106767,2024-12,0
LN105009,2024-11,1
LN102372,2024-07,0
LN100436,2023-11,0
LN106038,2023-11,1
LN101250,2025-06,1
LN105345,2023-10,0
LN105815,2023-05,0
LN101418,2025-12,0
LN101122,2024-03,1
LN108845,2024-04,0
LN101134,2025-05,0
LN107236,2024-08,0
LN104250,2023-12,0
LN102372,2022-03,0
LN108126,2023-02,0
LN107080,2022-11,0
LN101444,2023-05,0
LN102794,2025-03,0
LN100451,2025-02,1
LN103907,2025-03,0
LN102908,2021-12,1
LN103601,2024-12,1
LN105457,2023-04,0
LN100071,2025-04,0
LN100650,2024-11,0
LN105461,2021-09,1
LN104302,2025-05,0
LN107668,2025-03,0
LN101228,2025-06,0
LN103806,2023-06,0
LN105444,2025-05,0
LN104464,2024-02,1
LN101079,2024-12,0
LN101103,2022-11,0
LN108970,2024-10,0
LN100480,2022-08,1
LN106220,2024-09,1
LN103914,2025-09,1
LN107235,2022-02,0
LN102704,2023-04,0
LN101318,2025-07,0
LN101312,2025-09,0
LN102944,2024-12,0
LN101277,2025-04,0
LN100637,2023-03,1
LN101224,2025-03,0
LN103105,2022-12,0
LN107373,2025-02,1
LN100657,2023-11,1
LN107876,2023-04,1
LN101918,2024-11,0
LN106147,2024-04,0
LN108679,2024-07,0
LN103040,2022-11,1
LN100099,2025-02,0
LN107849,2024-04,0
LN105674,2023-03,0
LN105309,2023-03,0
LN100804,2025-11,0
LN102161,2022-09,0
LN100369,2024-08,1
LN105001,2022-07,0
LN101431,2023-11,0
LN107260,2025-10,1
LN108486,2023-11,0
LN102055,2023-07,0
LN101123,2024-09,1
LN100274,2023-04,0
LN104751,2022-12,1
LN105913,2025-01,0
LN100017,2023-02,1
LN105073,2024-06,1
LN103409,2025-05,1
LN104664,2024-12,0
LN101799,2023-09,1
LN105059,2024-01,1
LN100095,2025-02,0
LN103862,2023-11,1
LN107220,2023-07,1
LN103377,2025-09,0
LN102656,2022-10,1
LN106847,2025-10,0
LN108162,2024-04,0
LN106631,2024-02,0
LN107371,2022-01,0
LN104002,2023-07,0
LN104706,2023-03,0
LN102781,2025-12,0
LN103538,2024-05,0
LN107562,2024-02,0
LN101983,2025-08,0
LN105506,2023-03,0
LN104360,2024-05,1
LN106691,2024-09,0
LN104510,2024-07,0
LN107954,2025-12,0
LN103290,2025-07,1
LN103490,2025-07,0
LN105746,2025-11,1
LN102940,2025-09,0
LN103273,2023-01,0
LN108217,2025-06,0
LN101301,2024-05,0
LN104333,2025-04,1
LN100541,2022-12,1
LN102714,2024-07,0
LN108263,2025-08,0
LN100137,2024-04,0
LN106528,2025-05,0
LN103708,2024-05,0
LN108136,2025-10,0
LN101006,2025-05,0
LN108486,2024-08,0
LN106232,2022-11,0
LN104225,2022-09,0
LN100699,2023-02,1
LN108335,2024-07,0
LN100902,2022-07,0
LN106256,2023-11,0
LN108082,2023-09,0
LN103541,2025-10,1
LN101629,2024-05,0
LN108838,2025-11,0
LN107737,2024-05,1
LN104390,2025-04,0
LN102586,2024-11,0
LN101402,2025-10,0
LN102711,2023-04,0
LN108796,2024-06,0
LN108319,2022-06,0
LN108645,2025-03,0
LN101945,2025-07,0
LN100225,2024-06,0
LN106641,2022-07,0
LN101355,2024-09,0
LN106493,2024-07,1
LN108139,2022-06,0
LN102062,2024-05,0
LN108364,2024-09,0
LN107653,2024-09,0
LN102763,2025-10,0
LN100072,2025-05,0
LN104425,2024-07,0
LN103374,2024-10,1
LN103450,2023-09,0
LN101568,2024-12,0
LN107242,2023-07,0
LN101709,2025-06,0
LN106729,2024-08,0
LN103546,2024-10,1
LN106624,2023-07,0
LN106147,2024-12,0
LN100168,2023-01,0
LN107243,2023-01,0
LN103223,2025-09,0
LN103299,2024-12,1
LN108640,2025-08,0
LN105829,2025-01,0
LN102171,2025-07,0
LN107413,2022-12,0
LN106444,2025-09,0
LN108407,2024-09,1
LN100577,2024-05,0
LN105096,2025-06,0
LN105213,2025-09,1
LN108076,2025-12,0
LN103910,2025-09,1
LN106922,2025-11,0
LN108796,2024-08,1
LN108382,2024-10,0
LN103716,2025-11,1
LN102897,2025-04,1
LN106185,2025-05,0
LN104256,2024-01,0
LN108034,2024-07,0
LN108290,2025-11,1
LN104940,2025-09,0
LN101727,2024-01,0
LN100963,2025-08,0
LN107870,2025-05,0
LN101749,2024-03,0
LN103409,2023-09,0
LN100700,2024-01,1
LN103119,2024-09,1
LN100563,2023-04,0
LN101216,2024-03,0
LN103953,2024-02,0
LN102821,2024-11,0
LN106814,2024-06,0
LN103927,2022-09,0
LN103803,2025-01,1
LN106801,2023-12,0
LN103667,2022-05,0
LN102290,2025-02,1
LN103545,2025-08,0
LN100204,2024-01,1
LN107495,2025-05,0
LN103342,2023-02,1
LN103769,2025-06,0
LN104712,2024-11,0
LN107602,2023-06,0
LN105037,2024-03,0
LN107557,2025-08,0
LN103231,2025-07,0
LN103393,2024-03,0
LN101560,2025-05,1
LN108290,2025-05,1
LN108295,2025-01,0
LN105384,2025-05,0
LN106062,2024-03,1
LN107944,2025-12,0
LN100939,2025-08,0
LN105041,2023-08,1
LN104164,2024-11,1
LN106896,2023-05,1
LN103590,2022-04,1
LN108833,2023-11,0
LN105843,2023-02,0
LN103279,2024-12,0
LN100413,2023-12,0
LN106310,2025-05,1
LN104457,2024-12,0
LN105041,2023-07,0
LN106560,2023-09,0
LN103916,2021-10,0
LN104813,2025-01,0
LN102821,2024-06,1
LN105614,2024-10,0
LN104343,2023-10,0
LN100716,2024-06,0
LN100362,2022-04,0
LN101771,2025-05,1
LN103566,2023-03,1
LN108760,2025-01,0
LN106802,2024-03,0
LN103255,2022-08,1
LN102954,2025-03,0
LN104258,2024-02,1
LN107611,2025-09,1
LN107393,2024-06,1
LN105068,2023-12,1
LN103903,2022-06,1
LN101037,2023-01,1
LN107500,2025-01,0
LN102401,2025-09,0
LN108245,2025-06,1
LN108629,2022-06,1
LN101283,2025-04,0
LN102057,2025-05,0
LN107018,2024-10,0
LN106130,2021-12,1
LN102099,2024-05,1
LN105182,2023-10,1
LN100485,2023-03,0
LN101830,2024-01,0
LN101595,2022-08,1
LN100548,2025-08,0
LN102474,2023-11,0
LN105357,2024-06,1
LN108681,2024-07,0
LN107267,2024-03,1
LN104525,2024-12,1
LN103584,2024-10,0
LN106750,2025-09,0
LN108406,2023-08,0
LN105293,2024-06,0
LN104939,2024-06,0
LN108771,2025-10,0
LN108947,2024-02,0
LN105619,2025-09,0
LN107442,2023-10,0
LN106974,2024-01,1
LN102281,2023-01,0
LN106552,2024-06,1
LN103010,2023-10,0
LN102464,2024-07,0
LN106406,2024-09,0
LN106439,2025-11,0
LN100126,2023-08,0
LN106516,2023-05,1
LN101790,2024-06,0
LN102000,2025-03,0
LN108043,2023-06,1
LN106400,2023-08,0
LN105026,2025-02,0
LN104276,2023-07,0
LN108993,2025-06,0
LN103534,2023-04,0
LN103490,2023-01,0
LN107352,2023-08,1
LN101195,2025-02,0
LN103816,2023-03,0
LN103681,2022-03,0
LN108970,2025-02,0
LN104234,2023-03,1
LN101916,2022-10,0
LN108037,2024-10,0
LN102274,2022-06,1
LN100760,2022-05,0
LN103367,2025-04,1
LN107815,2025-09,0
LN103545,2025-03,0
LN105067,2022-11,0
LN106147,2024-08,1
LN102204,2023-04,0
LN104035,2021-09,0
LN102586,2023-04,1
LN108836,2025-10,0
LN107360,2021-09,1
LN102369,2023-04,0
LN105774,2024-05,0
LN102322,2023-11,0
LN108277,2024-02,0
LN103406,2024-01,0
LN101641,2023-01,0
LN107663,2023-10,0
LN106789,2025-06,1
LN106375,2025-09,0
LN107194,2024-12,0
LN102912,2023-10,0
LN100112,2023-10,0
LN103719,2023-11,0
LN106509,2022-12,0
LN105721,2023-03,0
LN103645,2025-01,0
LN104276,2025-11,0
LN100947,2022-02,0
LN100412,2023-01,1
LN104867,2024-12,0
LN100546,2025-03,0
LN103413,2025-02,1
LN102439,2023-02,1
LN100118,2023-03,0
LN102686,2023-10,0
LN102251,2024-08,1
LN107635,2022-12,1
LN102346,2022-12,0
LN103073,2024-07,0
LN107025,2025-05,1
LN103970,2024-04,0
LN102115,2023-11,0
LN103435,2025-12,0
LN101358,2024-03,0
LN102441,2025-07,0
LN108503,2025-07,0
LN103878,2023-08,1
LN107707,2023-01,0
LN107145,2024-11,0
LN105027,2023-01,1
LN100306,2024-02,1
LN106087,2024-01,1
LN106564,2023-01,1
LN103217,2024-05,0
LN105574,2024-12,1
LN102715,2024-05,1
LN101192,2022-03,0
LN104081,2025-02,0
LN108205,2024-10,1
LN101306,2022-05,0
LN106014,2024-11,0
LN107417,2023-04,1
LN102137,2023-03,0
LN106102,2024-04,0
LN105011,2025-05,1
LN108846,2025-10,0
LN104271,2025-01,0
LN100465,2024-12,0
LN104045,2022-09,0
LN105776,2025-08,0
LN106307,2024-12,1
LN103737,2024-01,0
LN104896,2024-07,1
LN104634,2023-01,0
LN107560,2025-07,0
LN106728,2022-01,0
LN107171,2024-10,0
LN102283,2025-01,1
LN104193,2021-09,0
LN107985,2022-12,1
LN108116,2024-07,1
LN102873,2023-02,0
LN107444,2024-04,0
LN104889,2023-03,1
LN103595,2025-03,0
LN101923,2024-11,0
LN106512,2022-06,0
LN107275,2025-06,0
LN105892,2022-03,0
LN107736,2025-01,0
LN108516,2024-08,0
LN105397,2023-04,0
LN103653,2023-10,0
LN107413,2023-10,0
LN106095,2025-04,0
LN102998,2024-04,0
LN104314,2024-12,0
LN101782,2022-03,0
LN108003,2025-07,0
LN106228,2022-02,0
LN108620,2023-05,0
LN100933,2025-06,0
LN104167,2022-02,0
LN101594,2025-06,1
LN105415,2023-09,0
LN101799,2025-12,0
LN108318,2023-02,0
LN108150,2025-02,1
LN103995,2024-03,1
LN107877,2024-07,1
LN102398,2025-08,0
LN102891,2023-08,0
LN107942,2024-04,0
LN100867,2024-07,1
LN102609,2024-12,0
LN103862,2022-06,0
LN104621,2025-07,0
LN108503,2023-10,0
LN104414,2023-08,1
LN104793,2022-06,0
LN104071,2024-04,0
LN101266,2025-09,0
LN102998,2023-06,0
LN101672,2023-04,0
LN103499,2024-08,0
LN106207,2024-09,0
LN103586,2024-03,0
LN105391,2022-05,1
LN105165,2022-06,1
LN101514,2023-05,0
LN108289,2025-12,1
LN105137,2025-07,0
LN108538,2021-08,0
LN106694,2022-02,1
LN102757,2025-08,0
LN104802,2023-05,0
LN107447,2025-06,0
LN100893,2025-01,1
LN103693,2023-11,0
LN105917,2022-11,1
LN100525,2025-05,1
LN100165,2024-08,1
LN105003,2025-09,0
LN103609,2024-09,0
LN105256,2022-05,1
LN102653,2025-03,0
LN108028,2024-01,0
LN103348,2022-11,0
LN104796,2025-09,0
LN108311,2023-02,1
LN105579,2024-04,0
LN106358,2021-08,1
LN102165,2025-04,1
LN108280,2023-09,1
LN106381,2024-02,1
LN106949,2025-09,0
LN100149,2022-09,0
LN108901,2024-11,0
LN103688,2025-08,0
LN101646,2025-07,1
LN108823,2025-08,0
LN108888,2024-02,0
LN103836,2024-03,0
LN104922,2023-07,1
LN108287,2023-03,0
LN105023,2023-12,0
LN104848,2024-04,1
LN101858,2023-05,1
LN100739,2025-06,0
LN103336,2024-01,0
LN101880,2023-01,0
LN100553,2022-11,0
LN100956,2024-03,0
LN108590,2024-06,0
LN106974,2023-08,0
LN101147,2024-09,0
LN102734,2023-01,0
LN103491,2025-12,0
LN102237,2024-03,1
LN102832,2023-12,1
LN100689,2025-12,1
LN101738,2025-01,1
LN103929,2025-01,1
LN101766,2024-09,0
LN106214,2025-08,1
LN106383,2023-08,1
LN104102,2025-10,0
LN101235,2025-06,0
LN105985,2024-01,0
LN101927,2023-08,1
LN102692,2025-04,0
LN105504,2024-11,0
LN106921,2025-02,0
LN105973,2025-02,1
LN103084,2023-12,0
LN104141,2025-04,1
LN103567,2022-03,0
LN106668,2024-11,0
LN104660,2025-05,0
LN102793,2025-05,0
LN107986,2025-11,1
LN107119,2023-06,0
LN107806,2023-07,0
LN103088,2023-06,1
LN102503,2024-08,0
LN105913,2024-02,0
LN108502,2024-08,0
LN102645,2023-04,0
LN106368,2022-09,0
LN106494,2025-02,0
LN103367,2023-10,0
LN106411,2023-05,1
LN106476,2025-06,0
LN102332,2022-06,0
LN103741,2024-12,0
LN100242,2025-06,0
LN103568,2024-03,1
LN101639,2023-04,0
LN107140,2025-05,0
LN100019,2023-03,1
LN107003,2024-09,0
LN100912,2025-09,0
LN104481,2023-10,1
LN102807,2025-05,1
LN106723,2023-02,0
LN101897,2025-05,1
LN102614,2023-04,0
LN102443,2024-07,0
LN108809,2023-08,0
LN100924,2024-08,0
LN101899,2025-07,0
LN105379,2025-02,0
LN105041,2025-01,0
LN105502,2025-01,0
LN104381,2024-05,0
LN106180,2023-10,0
LN102479,2024-08,0
LN108129,2023-03,0
LN104373,2025-11,1
LN106877,2022-06,0
LN101060,2025-06,0
LN107496,2024-10,0
LN103816,2025-12,0
LN108934,2024-08,1
LN105852,2024-05,0
LN104705,2022-06,1
LN101500,2023-09,1
LN103177,2022-07,0
LN105208,2024-07,1
LN106071,2024-02,0
LN103072,2024-01,0
LN106096,2024-06,0
LN102383,2024-12,0
LN105960,2023-04,0
LN106953,2025-05,0
LN103394,2023-01,0
LN101017,2023-09,1
LN100876,2024-12,0
LN106549,2025-10,0
LN102880,2021-11,0
LN105414,2025-07,0
LN105866,2024-10,0
LN108256,2024-09,0
LN102698,2022-03,0
LN101189,2022-10,1
LN108817,2025-03,1
LN104733,2024-05,0
LN100191,2025-05,1
LN101547,2025-06,0
LN103913,2023-10,0
LN102719,2023-08,0
LN108134,2024-05,0
LN101766,2025-09,1
LN100328,2024-03,1
LN108990,2025-11,0
LN105466,2022-10,0
LN107863,2025-05,0
LN107673,2023-12,0
LN100627,2024-06,0
LN106139,2023-06,0
LN100316,2024-04,0
LN107016,2024-05,0
LN106318,2024-02,0
LN102308,2023-03,1
LN108345,2024-12,1
LN107559,2025-12,1
LN107112,2024-10,0
LN104900,2023-09,0
LN106821,2025-12,0
LN106132,2024-10,0
LN105529,2021-12,0
LN100641,2024-11,0
LN103987,2024-02,1
LN105547,2024-07,1
LN106524,2023-12,0
LN108895,2024-04,0
LN106452,2025-06,0
LN107294,2024-11,0
LN104987,2025-09,0
LN108926,2024-08,1
LN102002,2025-10,1
LN100436,2023-06,0
LN108329,2024-07,0
LN105380,2023-01,0
LN107333,2025-02,0
LN105449,2025-02,1
LN102751,2022-08,0
LN105256,2025-03,0
LN100900,2023-06,1
LN103985,2024-03,0
LN108045,2025-10,1
LN105138,2025-04,0
LN103718,2024-03,1
LN107668,2025-05,0
LN103478,2023-11,1
LN101111,2023-08,0
LN105844,2024-10,0
LN105265,2024-11,0
LN103436,2024-03,1
LN107089,2024-08,1
LN104414,2025-11,0
LN104436,2024-06,0
LN105170,2025-06,1
LN102076,2024-05,1
LN106883,2023-07,0
LN102163,2025-03,0
LN107974,2025-06,1
LN102181,2024-06,1
LN102310,2023-03,0
LN101378,2023-07,0
LN103376,2024-12,0
LN102086,2024-03,0
LN107792,2025-01,0
LN101671,2024-01,0
LN102233,2024-12,1
LN105234,2023-05,1
LN100191,2025-02,0
LN108492,2024-02,1
LN103005,2025-10,0
LN102335,2023-06,0
LN108984,2022-12,0
LN102150,2024-03,0
LN100483,2025-06,1
LN107181,2024-07,1
LN103714,2025-12,0
LN102025,2024-03,0
LN106773,2024-02,0
LN108664,2022-10,1
LN101274,2025-02,0
LN104756,2023-11,1
LN106711,2025-04,1
LN100789,2022-07,0
LN103684,2025-12,1
LN108049,2025-01,0
LN105044,2024-08,0
LN102636,2024-05,0
LN102617,2021-12,0
LN107113,2024-12,0
LN104870,2025-09,0
LN108272,2025-10,0
LN106122,2025-07,0
LN100785,2024-07,0
LN104093,2024-10,0
LN103783,2025-08,0
LN103890,2023-11,0
LN102538,2025-06,0
LN103572,2024-05,1
LN107088,2022-10,0
LN103107,2023-01,0
LN107389,2024-03,1
LN103675,2023-08,1
LN105245,2022-12,0
LN101030,2024-11,0
LN102473,2022-03,0
LN101684,2022-11,0
LN108997,2025-10,0
LN105338,2024-12,0
LN103573,2023-06,0
LN100217,2025-03,0
LN103886,2021-12,0
LN107127,2023-08,0
LN105539,2025-09,1
LN104514,2024-11,1
LN101104,2023-11,0
LN104407,2024-08,1
LN104436,2023-11,0
LN101461,2023-07,1
LN108043,2025-02,1
LN106459,2025-06,0
LN108394,2023-10,0
LN103435,2025-07,0
LN104916,2023-03,0
LN105502,2023-11,0
LN102030,2023-06,0
LN100033,2025-10,1
LN104401,2021-12,0
LN104433,2024-04,1
LN107561,2024-07,1
LN103567,2023-01,1
LN108981,2025-11,0
LN106782,2025-03,1
LN105920,2024-11,1
LN104576,2023-05,1
LN101015,2025-11,0
LN100922,2024-10,0
LN102520,2023-09,0
LN105726,2025-11,1
LN108784,2023-06,1
LN106121,2025-05,1
LN101909,2025-06,1
LN106740,2022-03,1
LN103113,2025-06,1
LN107870,2024-11,0
LN108731,2022-10,0
LN101781,2023-02,0
LN104457,2024-05,0
LN105825,2025-03,0
LN100184,2024-11,0
LN101841,2023-12,0
LN102908,2024-03,1
LN108190,2022-09,0
LN106178,2025-10,0
LN100993,2024-01,0
LN108590,2025-10,0
LN106376,2025-05,0
LN104861,2025-03,0
LN101231,2024-06,1
LN106917,2024-04,1
LN105263,2025-12,0
LN101337,2023-08,0
LN106110,2025-01,0
LN104487,2025-06,1
LN107850,2023-02,1
LN108876,2023-06,0
LN101703,2023-01,1
LN107411,2022-06,0
LN106196,2025-06,0
LN103258,2024-11,0
LN108944,2021-12,0
LN100666,2025-06,1
LN104186,2024-04,1
LN105219,2023-09,0
LN104419,2025-12,0
LN104194,2024-11,0
LN106059,2025-03,0
LN108443,2025-10,1
LN105278,2024-09,0
LN105429,2024-09,0
LN105167,2022-11,0
LN103406,2024-09,0
LN103797,2021-09,1
LN104662,2022-05,1
LN100266,2025-07,1
LN107472,2024-12,0
LN107875,2023-12,0
LN107601,2023-11,1
LN103552,2025-06,0
LN100511,2025-08,1
LN102707,2022-09,1
LN106838,2023-05,0
LN106743,2021-11,0
LN107564,2022-11,0
LN106809,2025-11,0
LN100619,2025-06,0
LN108153,2024-11,0
LN104001,2024-10,0
LN105703,2023-09,0
LN107488,2023-09,0
LN106776,2024-01,0
LN107846,2025-05,0
LN100526,2025-12,0
LN102149,2024-10,1
LN103542,2023-05,1
LN102495,2025-03,0
LN108915,2025-09,0
LN104897,2025-10,0
LN104269,2023-05,1
LN103152,2024-05,0
LN102863,2023-12,1
LN102471,2022-06,0
LN106855,2025-02,1
LN105244,2024-10,1
LN101811,2024-02,0
LN100034,2024-08,0
LN103950,2023-11,0
LN106291,2024-03,1
LN105158,2022-02,0
LN104351,2025-05,0
LN107242,2022-07,0
LN105777,2022-08,0
LN100377,2024-05,1
LN102149,2025-07,0
LN100281,2025-12,0
LN103826,2023-09,0
LN106412,2023-05,0
LN100622,2025-02,0
LN101614,2023-11,0
LN108549,2025-05,0
LN107849,2023-11,1
LN100545,2024-05,0
LN105343,2025-01,1
LN100486,2024-01,1
LN106072,2025-04,1
LN101991,2023-08,0
LN106294,2024-03,0
LN101334,2023-12,0
LN103430,2023-03,1
LN104922,2024-03,1
LN104442,2024-05,0
LN100195,2023-01,1
LN103075,2025-03,1
LN106829,2024-06,0
LN105062,2024-06,0
LN108898,2024-06,0
LN108908,2025-02,0
LN101031,2025-07,0
LN105599,2025-03,1
LN101768,2025-01,1
LN107960,2025-12,0
LN104280,2024-09,1
LN103397,2025-06,0
LN107305,2024-02,0
LN100175,2024-03,0
LN106229,2025-06,0
LN100981,2024-06,0
LN100926,2025-12,1
LN106675,2024-12,0
LN108128,2022-08,0
LN107094,2025-12,0
LN101089,2023-05,0
LN105529,2023-10,0
LN107616,2024-05,0
LN106862,2023-04,0
LN107934,2024-07,1
LN101009,2024-10,0
LN102208,2025-05,0
LN100249,2024-10,0
LN100663,2023-11,0
LN105409,2024-01,0
LN104007,2024-12,0
LN101915,2024-02,0
LN106088,2024-03,0
LN101823,2024-08,0
LN107061,2023-11,0
LN103156,2025-03,0
LN105100,2025-01,0
LN105842,2024-09,0
LN107765,2023-12,0
LN106125,2023-04,0
LN102345,2022-10,1
LN103399,2024-06,0
LN104826,2023-08,0
LN101222,2025-05,0
LN103787,2024-09,0
LN105968,2024-07,0
LN108285,2024-06,0
LN105980,2023-09,1
LN103518,2025-09,1
LN104663,2023-08,0
LN100882,2025-02,1
LN102891,2024-09,0
LN104098,2024-10,1
LN101951,2024-03,0
LN106895,2025-05,0
LN103255,2022-03,1
LN103010,2023-04,1
LN102942,2024-03,0
LN105984,2023-10,0
LN105095,2022-03,0
LN107510,2024-12,0
LN105049,2024-10,1
LN108854,2024-10,1
LN100131,2025-06,0
LN103573,2023-12,0
LN108887,2024-11,0
LN107259,2022-03,1
LN102150,2023-03,1
LN100814,2025-04,0
LN101815,2025-04,0
LN103396,2025-12,0
LN104814,2025-05,0
LN108139,2025-06,0
LN105286,2024-01,0
LN101578,2022-01,0
LN102821,2025-06,0
LN101832,2024-08,0
LN100173,2025-07,0
LN103531,2025-10,0
LN104054,2024-08,0
LN101832,2024-02,0
LN108996,2023-01,1
LN106758,2022-09,0
LN104930,2025-05,0
LN107705,2025-08,1
LN100862,2022-03,0
LN102084,2022-09,0
LN108394,2025-01,0
LN104404,2025-01,0
LN108721,2023-06,0
LN107186,2025-06,1
LN103314,2022-12,1
LN106900,2022-03,0
LN106683,2025-11,1
LN100017,2024-10,0
LN104047,2023-05,1
LN101356,2024-03,1
LN100606,2024-10,0
LN103632,2022-08,1
LN102923,2024-09,1
LN105932,2024-04,1
LN107603,2023-03,1
LN105042,2023-05,0
LN105733,2025-06,1
LN108249,2025-01,1
LN102727,2024-05,0
LN107076,2024-09,1
LN100663,2025-10,1
LN102922,2022-01,1
LN102520,2024-04,1
LN106448,2024-03,0
LN103167,2023-05,0
LN101487,2024-01,0
LN108259,2024-12,0
LN102244,2025-07,0
LN107575,2024-10,0
LN101747,2024-09,0
LN105547,2025-07,0
LN107520,2022-04,1
LN108862,2024-08,0
LN106089,2025-07,0
LN105820,2024-12,1
LN104835,2025-04,1
LN107465,2024-02,0
LN101843,2025-09,0
LN104173,2024-05,0
LN100113,2024-03,0
LN106586,2025-06,1
LN103436,2022-12,0
LN108551,2023-05,1
LN106649,2025-04,0
LN107900,2023-12,0
LN101676,2024-04,0
LN103493,2024-11,1
LN102763,2025-01,1
LN108848,2023-07,1
LN106979,2024-12,1
LN104597,2022-02,1
LN102192,2025-04,0
LN103737,2023-10,0
LN105828,2025-09,0
LN104423,2023-03,0
LN101769,2025-09,1
LN108396,2025-01,1
LN108538,2024-11,0
LN101822,2022-11,1
LN101823,2025-07,1
LN101348,2025-10,1
LN100809,2024-12,0
LN103332,2022-05,0
LN106117,2025-08,0
LN107533,2023-05,0
LN101990,2024-11,1
LN100517,2023-08,0
LN100092,2025-12,1
LN106884,2025-06,0
LN101050,2024-07,1
LN101762,2022-02,0
LN107116,2025-09,0
LN104602,2023-08,1
LN107388,2022-10,0
LN103556,2024-10,1
LN104938,2024-07,1
LN104990,2023-10,0
LN102725,2025-06,0
LN102202,2022-06,0
LN103669,2023-04,0
LN103877,2025-10,1
LN102020,2025-02,0
LN103489,2025-03,0
LN100864,2024-08,0
LN103974,2023-12,0
LN108011,2025-07,0
LN105476,2025-04,1
LN106267,2025-07,0
LN108156,2025-01,1
LN107561,2024-03,1
LN105471,2024-06,0
LN106651,2024-12,1
LN102903,2024-03,0
LN100469,2025-06,0
LN105051,2022-02,0
LN102639,2024-09,0
LN103463,2023-03,0
LN108673,2023-06,0
LN100195,2023-02,0
LN106396,2023-11,1
LN103565,2024-12,1
LN108826,2022-05,0
LN101394,2022-08,0
LN105051,2024-02,1
LN100287,2023-09,0
LN104094,2024-12,0
LN107998,2022-07,1
LN104310,2025-06,0
LN100027,2024-09,1
LN104797,2024-02,0
LN104927,2024-03,1
LN102502,2024-07,1
LN105286,2025-05,0
LN102222,2022-06,0
LN108046,2024-03,0
LN107073,2025-11,0
LN106696,2025-10,0
LN106542,2022-09,0
LN102022,2025-09,0
LN108494,2022-08,1
LN104533,2025-12,0
LN104919,2023-05,0
LN102529,2024-02,0
LN108062,2025-03,1
LN108605,2025-12,0
LN108059,2025-01,0
LN103672,2024-12,1
LN106530,2024-05,0
LN103242,2025-02,0
LN107566,2022-12,1
LN106075,2024-10,1
LN106108,2025-11,1
LN100410,2022-07,0
LN108851,2025-11,0
LN106192,2022-06,0
LN106689,2023-06,1
LN107295,2022-12,0
LN107748,2023-09,0
LN103902,2025-04,0
LN100066,2025-05,0
LN104076,2025-08,0
LN104282,2025-05,0
LN101083,2025-03,1
LN107514,2025-06,1
LN107788,2024-12,0
LN108971,2024-02,0
LN107962,2025-06,1
LN100161,2025-03,0
LN102711,2023-11,0
LN100810,2021-12,0
LN101278,2023-02,0
LN105984,2023-08,1
LN104350,2025-01,0
LN106118,2024-11,1
LN102851,2023-10,0
LN102214,2023-03,1
LN108017,2022-08,0
LN106407,2024-06,1
LN101503,2023-09,0
LN106786,2023-10,1
LN106195,2025-10,1
LN102649,2024-06,0
LN101453,2022-12,0
LN101613,2025-06,0
LN107238,2025-01,0
LN100807,2022-10,0
LN106758,2023-03,0
LN104998,2024-10,0
LN100874,2025-10,0
LN100155,2024-09,0
LN108005,2025-01,0
LN107968,2023-11,1
LN102829,2024-11,0
LN104085,2024-06,0
LN104667,2023-10,1
LN104645,2025-09,0
LN100512,2025-10,1
LN100823,2024-06,0
LN101327,2025-04,0
LN102306,2022-09,0
LN108027,2024-02,1
LN105646,2024-10,1
LN102911,2023-06,0
LN108994,2023-04,0
LN108996,2025-03,0
LN107078,2023-12,0
LN102094,2023-03,0
LN108190,2022-10,1
LN100232,2021-09,0
LN105506,2025-08,0
LN102370,2024-01,0
LN103005,2023-03,0
LN103295,2025-07,0
LN105739,2021-11,0
LN106014,2025-07,1
LN104623,2023-03,0
LN103676,2022-11,0
LN106888,2025-10,0
LN101846,2023-06,0
LN101843,2025-12,0
LN101177,2023-08,1
LN106740,2023-11,1
LN104055,2023-12,0
LN108162,2023-06,1
LN101110,2025-07,0
LN105785,2023-11,0
LN104257,2023-02,0
LN105766,2022-11,0
LN107720,2024-10,0
LN102003,2025-09,0
LN104090,2024-09,0
LN101405,2023-08,1
LN108732,2024-04,0
LN107423,2025-10,0
LN107505,2023-07,1
LN101018,2022-02,0
LN107142,2025-03,0
LN105172,2024-09,0
LN102351,2024-02,0
LN101049,2024-11,0
LN101462,2022-09,0
LN108415,2022-08,0
LN105037,2023-12,0
LN107774,2022-10,0
LN106670,2025-10,1
LN106649,2025-05,1
LN105880,2024-08,0
LN103798,2022-11,0
LN101938,2025-04,0
LN101644,2023-07,1
LN107115,2024-12,1
LN103613,2024-11,0
LN104483,2023-12,0
LN101678,2025-09,0
LN108200,2023-04,1
LN105710,2024-04,0
LN104611,2024-03,0
LN100338,2023-12,0
LN100072,2023-09,0
LN102561,2023-04,0
LN108677,2024-04,0
LN101033,2023-02,1
LN107693,2024-11,0
LN106895,2025-06,0
LN100404,2025-06,1
LN100149,2025-05,0
LN106630,2024-09,0
LN107739,2025-03,1
LN101902,2024-05,1
LN106322,2022-07,1
LN106953,2024-12,0
LN104112,2024-05,1
LN106106,2023-06,0
LN103967,2023-12,0
LN102999,2024-08,1
LN102969,2025-05,1
LN102979,2024-07,0
LN107236,2025-12,1
LN103028,2022-04,1
LN106392,2025-10,1
LN106423,2024-10,1
LN108654,2024-03,1
LN103988,2024-11,0
LN103410,2021-12,0
LN101205,2025-09,0
LN107045,2023-07,0
LN106124,2024-02,0
LN104102,2022-02,0
LN104465,2025-03,0
LN102071,2024-11,0
LN105122,2023-12,1
LN107559,2025-06,1
LN106667,2023-10,1
LN106279,2023-04,1
LN107675,2023-04,0
LN104587,2024-10,0
LN103650,2022-10,1
LN103187,2024-11,0
LN101798,2024-12,1
LN105161,2023-03,0
LN104894,2024-01,1
LN104181,2025-09,0
LN104979,2025-08,1
LN108583,2024-06,0
LN102222,2023-07,1
LN104900,2025-09,1
LN105339,2025-03,1
LN104233,2022-10,0
LN104452,2023-11,1
LN106113,2024-12,0
LN104892,2022-04,0
LN106360,2024-01,1
LN108635,2025-01,0
LN105091,2023-01,0
LN101320,2024-01,0
LN104698,2023-05,1
LN108494,2022-12,0
LN104996,2024-09,1
LN102989,2023-09,0
LN102498,2022-10,0
LN107829,2024-04,0
LN107489,2023-02,0
LN105653,2025-09,0
LN101437,2025-05,0
LN104591,2024-06,0
LN104092,2024-01,1
LN107078,2024-10,0
LN103436,2025-07,0
LN106486,2025-04,1
LN108567,2023-05,0
LN107146,2024-09,0
LN100956,2023-03,0
LN105852,2024-01,0
LN105532,2025-11,0
LN101266,2022-01,1
LN102841,2024-03,1
LN103364,2025-01,1
LN108279,2024-11,0
LN106007,2024-05,0
LN104344,2024-09,0
LN100489,2025-10,0
LN105014,2023-10,1
LN107612,2023-10,0
LN100391,2023-12,0
LN107647,2024-01,0
LN104302,2024-03,0
LN101096,2025-08,0
LN108544,2022-02,0
LN107165,2023-02,1
LN104184,2021-09,0
LN105045,2024-05,0
LN108436,2024-07,0
LN102329,2022-12,0
LN106448,2023-03,0
LN107140,2024-01,1
LN106351,2023-09,0
LN105995,2025-04,0
LN100405,2023-05,0
LN108019,2025-09,1
LN103918,2022-07,0
LN106565,2023-05,1
LN105940,2023-11,1
LN104219,2023-09,0
LN106871,2023-06,0
LN101792,2023-11,0
LN104049,2025-10,0
LN104488,2024-10,0
LN106941,2024-08,1
LN101530,2024-03,0
LN104915,2023-01,0
LN100390,2024-05,0
LN108344,2023-11,0
LN102589,2023-04,0
LN100645,2023-04,0
LN106020,2024-07,1
LN103033,2023-08,1
LN102009,2025-04,0
LN107291,2025-05,1
LN106248,2024-06,0
LN107217,2025-12,0
LN102576,2022-10,0
LN105777,2024-11,0
LN103959,2025-10,0
LN106344,2023-07,0
LN108686,2024-09,0
LN100195,2025-05,0
LN100586,2025-09,0
LN102326,2022-09,0
LN105877,2023-05,0
LN108637,2024-12,1
LN104614,2025-11,1
LN101871,2022-05,0
LN107042,2024-09,0
LN107719,2023-06,0
LN106750,2024-05,0
LN100463,2023-11,0
LN101882,2022-04,0
LN106962,2023-11,0
LN100423,2023-11,1
LN100183,2025-05,0
LN103914,2025-03,1
LN102563,2024-04,1
LN106376,2025-02,0
LN108823,2022-04,1
LN106243,2023-05,0
LN107666,2024-06,0
LN103833,2025-06,1
LN102219,2025-11,0
LN108765,2025-02,1
LN103126,2024-11,1
LN103213,2025-02,1
LN101360,2022-11,0
LN108046,2023-09,0
LN102770,2025-10,0
LN108973,2024-07,0
LN103154,2025-03,1
LN105788,2025-01,0
LN103463,2025-11,1
LN106376,2022-02,0
LN106968,2023-12,1
LN106349,2024-06,1
LN103041,2024-12,0
LN105948,2025-01,1
LN101936,2023-05,1
LN107927,2024-05,1
LN102698,2025-07,0
LN106780,2025-09,1
LN104510,2025-10,0
LN106746,2021-12,0
LN107261,2022-06,0
LN108125,2023-10,1
LN100588,2025-10,0
LN100040,2024-05,0
LN100241,2023-07,0
LN108608,2025-05,1
LN103545,2024-08,0
LN107094,2025-03,1
LN105071,2024-07,0
LN107096,2023-07,1
LN102117,2023-09,1
LN103060,2024-02,1
LN104988,2025-01,0
LN105297,2024-03,0
LN104365,2025-11,0
LN101560,2022-08,0
LN103021,2025-08,1
LN105209,2021-12,0
LN101482,2022-12,1
LN103952,2024-08,0
LN101697,2022-11,1
LN105547,2022-09,0
LN105148,2024-03,0
LN106907,2023-02,0
LN106879,2025-03,1
LN105710,2025-02,1
LN106318,2023-07,0
LN108430,2023-07,1
LN103108,2025-12,0
LN100654,2023-07,0
LN101858,2024-08,0
LN103028,2024-01,0
LN103858,2023-10,1
LN107516,2021-09,0
LN108625,2025-12,0
LN103900,2024-05,1
LN107917,2023-09,0
LN108055,2025-07,0
LN102384,2025-01,1
LN102306,2025-03,0
LN107758,2025-01,0
LN100699,2023-12,1
LN105896,2025-07,0
LN105772,2023-11,0
LN100885,2024-03,0
LN102856,2023-11,0
LN104452,2024-04,1
LN100113,2025-07,0
LN105339,2024-03,1
LN106844,2024-09,0
LN102258,2022-03,1
LN108130,2025-06,1
LN102301,2023-09,1
LN101798,2025-10,0
LN107718,2024-01,0
LN101537,2022-01,1
LN104679,2022-12,0
LN106442,2024-04,0
LN106927,2024-06,1
LN102780,2023-02,0
LN108129,2021-11,0
LN100071,2022-04,0
LN107423,2024-04,0
LN108712,2025-03,0
LN107170,2024-10,1
LN103611,2024-07,1
LN108073,2023-07,0
LN107161,2025-06,1
LN103077,2024-05,0
LN105687,2025-04,1
LN108326,2025-02,0
LN106758,2025-09,0
LN108490,2025-07,0
LN102313,2023-05,0
LN106367,2022-06,1
LN100307,2025-01,1
LN102702,2024-12,0
LN100612,2025-11,0
LN101011,2025-09,1
LN108271,2021-11,0
LN106770,2024-09,1
LN102763,2023-12,0
LN100276,2023-10,0
LN104418,2024-09,1
LN106948,2023-02,1
LN100274,2022-12,0
LN101282,2025-01,1
LN108228,2023-03,0
LN100922,2024-09,1
LN107704,2025-04,0
LN108051,2025-01,0
LN105213,2024-09,0
LN100459,2022-09,1
LN107255,2024-06,0
LN104141,2025-02,1
LN107402,2021-10,0
LN104084,2023-08,0
LN103720,2025-01,0
LN103069,2025-12,0
LN106380,2024-09,0
LN102137,2024-11,0
LN106128,2023-12,1
LN102268,2025-04,1
LN101284,2022-12,0
LN105161,2023-12,1
LN100799,2023-06,0
LN100161,2024-02,1
LN101850,2024-02,0
LN106952,2024-10,1
LN103320,2023-12,0
LN101820,2025-03,0
LN107131,2024-11,1
LN108162,2022-10,0
LN103690,2023-10,0
LN106307,2025-10,1
LN102308,2023-09,0
LN103021,2022-09,1
LN101449,2021-11,0
LN104751,2023-12,0
LN102145,2024-08,0
LN104810,2024-09,0
LN104126,2025-01,0
LN106193,2024-09,1
LN107180,2025-09,1
LN104879,2025-02,0
LN102174,2022-07,1
LN101969,2025-07,1
LN108590,2024-12,1
LN108955,2025-05,0
LN100996,2025-12,1
LN108282,2025-01,1
LN108391,2025-09,1
LN107450,2025-02,0
LN107846,2022-07,0
LN101201,2024-05,0
LN100918,2023-04,0
LN107648,2023-08,1
LN106657,2024-06,0
LN105246,2023-09,0
LN104286,2024-01,1
LN106332,2022-05,0
LN102406,2024-04,0
LN106550,2024-04,1
LN105403,2024-09,0
LN108597,2024-12,0
LN104847,2023-06,1
LN103088,2022-06,1
LN108189,2024-10,0
LN102031,2025-12,1
LN101501,2025-09,0
LN103004,2024-01,0
LN108425,2023-12,0
LN102567,2024-10,1
LN106706,2023-04,1
LN105449,2022-04,0
LN102720,2023-11,0
LN105963,2023-01,0
LN108324,2023-11,0
LN103057,2022-05,1
LN104549,2025-10,0
LN105819,2023-08,0
LN107759,2024-12,0
LN100028,2024-10,0
LN104119,2023-01,0
LN108539,2024-08,0
LN108557,2025-08,0
LN107158,2023-10,0
LN103297,2025-01,1
LN100375,2022-11,0
LN102394,2025-12,1
LN105931,2025-12,0
LN103058,2023-10,0
LN100096,2024-09,0
LN105380,2023-03,0
LN108512,2025-08,1
LN104646,2025-12,0
LN105873,2022-10,1
LN105386,2024-02,0
LN108837,2021-08,1
LN108520,2023-07,0
LN106797,2025-04,0
LN102733,2025-05,0
LN103686,2022-04,0
LN107969,2024-02,0
LN100990,2024-06,0
LN104563,2022-03,0
LN104923,2024-05,0
LN102944,2025-01,0
LN103508,2025-01,0
LN103357,2025-02,0
LN101059,2024-10,1
LN108429,2025-01,1
LN103115,2025-05,0
LN107664,2025-04,0
LN102026,2025-06,0
LN100107,2025-04,0
LN108606,2023-03,0
LN100143,2024-08,0
LN108512,2024-07,1
LN106302,2024-06,0
LN102202,2023-03,0
LN103709,2025-06,0
LN101146,2025-01,0
LN103395,2024-09,0
LN102452,2022-01,0
LN104532,2025-10,1
LN106706,2021-07,0
LN107473,2023-10,0
LN106023,2025-11,0
LN104369,2024-05,1
LN105369,2025-02,0
LN101959,2022-08,0
LN103810,2024-12,1
LN100525,2025-01,1
LN105431,2023-04,0
LN105901,2022-05,0
LN107492,2022-04,0
LN106639,2025-05,1
LN102465,2024-11,1
LN103152,2024-09,0
LN102281,2022-11,0
LN104038,2023-05,1
LN108618,2024-04,0
LN103442,2024-01,0
LN108672,2022-10,0
LN102137,2025-12,1
LN106471,2025-11,0
LN101530,2022-06,0
LN107858,2025-12,1
LN100478,2023-11,0
LN100563,2022-03,1
LN107060,2025-02,0
LN100512,2024-07,0
LN101689,2024-07,0
LN107179,2023-07,0
LN105583,2025-08,1
LN105432,2024-02,0
LN103534,2022-04,0
LN104386,2023-01,0
LN107420,2024-05,1
LN106793,2021-11,0
LN103291,2024-03,0
LN105469,2023-07,0
LN102127,2025-04,1
LN108147,2022-11,0
LN108254,2024-11,1
LN107137,2025-07,1
LN106563,2023-03,0
LN103618,2024-08,0
LN105461,2022-08,1
LN108323,2023-01,0
LN107246,2025-04,1
LN103820,2023-05,0
LN102866,2024-10,0
LN104503,2024-05,0
LN108957,2024-05,1
LN103823,2024-04,0
LN100210,2023-03,0
LN103667,2023-06,0
LN106444,2022-04,0
LN108193,2023-12,0
LN102895,2024-12,0
LN105747,2023-07,1
LN102292,2024-04,0
LN107685,2025-03,0
LN108700,2024-12,0
LN105614,2024-02,1
LN108783,2024-02,0
LN100810,2025-02,0
LN106506,2025-12,1
LN102338,2024-08,0
LN105634,2025-02,0
LN104816,2024-11,1
LN104616,2023-11,0
LN101974,2024-12,1
LN104667,2024-08,0
LN102870,2025-08,1
LN107277,2024-08,0
LN100265,2023-11,0
LN101694,2023-02,0
LN102605,2025-09,1
LN106843,2023-06,0
LN102715,2023-10,0
LN105460,2025-05,1
LN102052,2024-05,0
LN107312,2024-07,1
LN102795,2025-12,0
LN104899,2025-10,0
LN100988,2023-06,0
LN103504,2021-09,0
LN100008,2023-05,0
LN106585,2024-12,1
LN104165,2024-07,0
LN100795,2024-11,0
LN100084,2023-09,0
LN108238,2023-12,0
LN103585,2023-06,1
LN107012,2024-12,0
LN108477,2024-03,0
LN108273,2024-08,1
LN104254,2025-09,1
LN106413,2025-03,1
LN106304,2023-12,0
LN105913,2022-08,1
LN106007,2025-05,1
LN106746,2022-01,0
LN103364,2023-09,0
LN102960,2025-07,1
LN100349,2025-03,0
LN102668,2024-07,0
LN104487,2025-07,1
LN108476,2023-10,0
LN107943,2023-12,0
LN102890,2024-12,0
LN100485,2023-07,1
LN106121,2024-05,0
LN104386,2024-01,0
LN108466,2024-12,1
LN100912,2024-02,0
LN101472,2024-03,0
LN108278,2022-09,1
LN103541,2024-12,0
LN103923,2024-05,1
LN108675,2023-06,1
LN107538,2025-12,1
LN101298,2025-04,0
LN102382,2025-12,1
LN108265,2024-12,1
LN103178,2024-10,1
LN108020,2025-05,0
LN104415,2025-01,1
LN106863,2025-10,0
LN108671,2023-06,0
LN103393,2023-12,0
LN101988,2023-04,1
LN107020,2025-06,0
LN100905,2025-10,1
LN102660,2023-05,0
LN108358,2025-07,0
LN101428,2025-08,1
LN100000,2024-02,1
LN103854,2025-10,0
LN100842,2025-05,1
LN103155,2025-05,0
LN108006,2023-04,1
LN108883,2025-09,0
LN103565,2025-01,1
LN108099,2024-01,0
LN106432,2024-05,0
LN106142,2025-08,1
LN103344,2025-05,0
LN106191,2021-12,0
LN102231,2025-04,1
LN108990,2022-09,0
LN106124,2025-03,0
LN104489,2024-09,0
LN107010,2021-12,1
LN106964,2024-09,0
LN102479,2022-12,1
LN104901,2024-08,0
LN107750,2025-05,0
LN102927,2024-03,0
LN104829,2024-08,0
LN108533,2023-11,1
LN103501,2024-08,1
LN100606,2025-12,0
LN107708,2025-04,0
LN105286,2023-12,1
LN100821,2024-03,1
LN106879,2024-03,1
LN103793,2024-11,1
LN100009,2025-05,0
LN101238,2025-01,0
LN106649,2024-05,0
LN101798,2023-09,1
LN107392,2025-03,1
LN108548,2023-06,0
LN100352,2025-02,0
LN100179,2023-12,0
LN108538,2022-07,0
LN106154,2022-08,0
LN106500,2022-11,1
LN106970,2024-02,0
LN104661,2023-10,0
LN107067,2024-09,0
LN101344,2022-09,0
LN105517,2024-10,0
LN101012,2024-12,0
LN107388,2023-02,1
LN100419,2023-06,0
LN107508,2025-07,1
LN100256,2025-07,0
LN104398,2023-11,0
LN102010,2023-07,0
LN104809,2025-01,0
LN104719,2024-11,0
LN104234,2023-11,0
LN100364,2022-02,0
LN102515,2024-05,0
LN101026,2023-09,1
LN103731,2025-02,0
LN104680,2025-03,0
LN104594,2024-01,0
LN100362,2025-12,1
LN108648,2024-11,1
LN106470,2025-01,0
LN102898,2024-07,0
LN104049,2024-12,0
LN102316,2022-05,0
LN107010,2025-05,1
LN100126,2024-01,0
LN105063,2024-01,0
LN105918,2024-04,0
LN103883,2023-03,0
LN100613,2025-10,0
LN104517,2023-04,1
LN103692,2025-05,0
LN104969,2024-11,0
LN104482,2025-11,1
LN104675,2025-07,0
LN105391,2022-11,1
LN106245,2024-02,1
LN108095,2023-05,0
LN105334,2024-03,1
LN107879,2022-01,0
LN100212,2025-05,1
LN107846,2023-12,1
LN108570,2025-11,1
LN106005,2024-11,0
LN108126,2023-07,0
LN105921,2024-10,0
LN100499,2024-05,1
LN106946,2024-02,0
LN103645,2024-11,0
LN105053,2024-12,0
LN100733,2025-03,0
LN102335,2025-06,0
LN108889,2025-02,0
LN106207,2024-10,0
LN100083,2024-11,0
LN107722,2024-06,0
LN107402,2024-11,0
LN101518,2024-03,0
LN108602,2023-03,0
LN101301,2024-01,1
LN104886,2025-06,1
LN104133,2024-08,1
LN100449,2023-02,0
LN102109,2025-04,0
LN106690,2024-01,1
LN100652,2024-09,1
LN107010,2024-07,0
LN104248,2025-03,0
LN108462,2025-11,0
LN103833,2024-04,0
LN106763,2025-12,0
LN102875,2024-02,1
LN106118,2023-08,0
LN104041,2024-03,0
LN101348,2024-09,0
LN104983,2023-07,0
LN104433,2025-04,1
LN102579,2024-06,0
LN108367,2023-08,0
LN106009,2022-05,1
LN105228,2023-10,0
LN103084,2024-06,1
LN104407,2024-06,0
LN104747,2023-09,0
LN103692,2022-05,0
LN104638,2024-05,1
LN106119,2023-09,1
LN103294,2022-11,1
LN108417,2023-09,1
LN100799,2023-05,0
LN102389,2025-05,0
LN100026,2025-11,1
LN102555,2024-10,0
LN101004,2025-03,1
LN103931,2023-07,1
LN107957,2024-05,0
LN100635,2025-12,0
LN105023,2025-06,0
LN104616,2022-10,1
LN101268,2025-07,1
LN108161,2023-03,0
LN108893,2023-02,0
LN104919,2023-09,0
LN102921,2025-10,0
LN105078,2025-09,0
LN100642,2025-02,0
LN108935,2024-08,0
LN104512,2022-02,0
LN108879,2023-01,0
LN100118,2022-06,0
LN100361,2024-08,0
LN105482,2025-04,0
LN106938,2024-10,0
LN108480,2024-06,1
LN105548,2022-09,0
LN103635,2023-12,0
LN107192,2023-06,1
LN107580,2022-05,0
LN100909,2022-02,0
LN105091,2025-07,0
LN100254,2024-01,0
LN104601,2025-12,0
LN105251,2023-03,1
LN100054,2023-07,1
LN105364,2025-07,1
LN104392,2025-07,1
LN102642,2024-01,0
LN102465,2025-07,0
LN100802,2023-08,0
LN103944,2024-05,1
LN101372,2024-08,1
LN100137,2022-05,1
LN105768,2023-11,0
LN108923,2025-01,1
LN107909,2023-07,1
LN105980,2023-10,0
LN104305,2024-11,0
LN101522,2024-12,1
LN104387,2025-10,1
LN100541,2025-11,0
LN106413,2022-06,1
LN101885,2022-03,1
LN105568,2023-01,0
LN106867,2022-10,0
LN101166,2021-10,1
LN102417,2023-09,0
LN100389,2025-06,1
LN107623,2024-01,1
LN106008,2021-11,1
LN101785,2025-12,0
LN108281,2023-05,0
LN106796,2023-01,0
LN107539,2025-09,0
LN102216,2025-04,0
LN104323,2023-06,0
LN101177,2023-10,1
LN106034,2023-12,1
LN103871,2024-02,0
LN108359,2025-01,0
LN106294,2024-10,0
LN105394,2025-12,1
LN101768,2022-03,1
LN106775,2024-12,0
LN102873,2023-10,0
LN100662,2022-10,0
LN103118,2024-06,1
LN100985,2024-06,0
LN101293,2025-10,0
LN105257,2024-08,0
LN106315,2024-12,0
LN101511,2022-09,0
LN106723,2023-05,0
LN103771,2023-06,0
LN108310,2024-04,0
LN106688,2025-11,1
LN101820,2023-06,0
LN107180,2023-06,0
LN103257,2022-11,0
LN108279,2024-06,0
LN100923,2022-12,0
LN104194,2023-10,1
LN102997,2025-02,0
LN100755,2023-12,0
LN105499,2024-02,0
LN104254,2024-02,0
LN103685,2022-08,0
LN101030,2025-03,1
LN107621,2024-12,0
LN106681,2023-03,0
LN104016,2022-10,1
LN100132,2023-01,0
LN106726,2024-10,0
LN106182,2024-02,0
LN100241,2024-03,1
LN101944,2023-01,0
LN106416,2024-09,0
LN107351,2025-03,1
LN104948,2024-10,1
LN104145,2023-04,0
LN100182,2025-01,0
LN108147,2023-08,1
LN105729,2023-10,0
LN106029,2023-01,0
LN108984,2023-01,0
LN108029,2025-10,1
LN104993,2023-08,0
LN101718,2023-04,1
LN106474,2023-05,1
LN105479,2025-12,1
LN108994,2025-09,0
LN107458,2023-04,1
LN107848,2024-01,0
LN101506,2025-07,1
LN106319,2023-10,0
LN100764,2024-09,0
LN106760,2024-12,0
LN108009,2024-10,0
LN107150,2025-02,0
LN102208,2023-10,1
LN103702,2023-01,0
LN104023,2023-11,0
LN102733,2024-04,0
LN100197,2025-07,1
LN103762,2024-11,0
LN100450,2025-03,0
LN102953,2025-02,1
LN104755,2023-09,1
LN102439,2023-06,0
LN101010,2023-10,0
LN104979,2023-11,0
LN102570,2024-08,0
LN107052,2024-06,0
LN102306,2023-08,0
LN104568,2024-09,0
LN104299,2022-05,0
LN108548,2024-11,1
LN106045,2024-02,1
LN102151,2022-09,1
LN100916,2023-06,0
LN101747,2024-03,0
LN105578,2023-03,1
LN103892,2024-07,1
LN106776,2024-06,0
LN101052,2025-01,0
LN106237,2023-04,0
LN105993,2024-05,0
LN102693,2024-09,1
LN101395,2025-11,1
LN106445,2024-08,1
LN106782,2025-08,0
LN102047,2024-12,0
LN100384,2022-05,1
LN105135,2024-01,1
LN104650,2024-11,0
LN107154,2022-12,0
LN101747,2023-10,0
LN105611,2025-06,1
LN104820,2024-07,0
LN108680,2025-12,0
LN108887,2025-05,0
LN107646,2023-10,0
LN107407,2024-11,0
LN101709,2023-01,0
LN107612,2024-05,0
LN101538,2025-12,0
LN104327,2023-06,1
LN106862,2022-12,0
LN104616,2025-11,0
LN103235,2023-11,1
LN100957,2025-05,0
LN104795,2022-03,1
LN102347,2025-11,0
LN104458,2024-01,1
LN107470,2024-10,0
LN107078,2024-05,1
LN104545,2024-10,0
LN105230,2022-02,0
LN100392,2024-02,0
LN107648,2025-11,0
LN105979,2025-11,1
LN102049,2023-11,0
LN106615,2022-06,0
LN101579,2024-04,1
LN101461,2023-03,0
LN105438,2025-05,0
LN104557,2025-04,0
LN106321,2025-05,0
LN100175,2024-05,0
LN107378,2023-04,0
LN105700,2025-09,0
LN101171,2023-11,0
LN106701,2023-12,1
LN103538,2024-08,0
LN102981,2022-07,0
LN104580,2022-04,1
LN105554,2024-10,0
LN100224,2025-10,0
LN105829,2024-07,0
LN107519,2023-03,1
LN101104,2025-10,0
LN105369,2025-11,1
LN106476,2024-07,1
LN107415,2024-12,0
LN104305,2024-07,1
LN102014,2024-11,0
LN106969,2025-02,0
LN103988,2023-09,0
LN108043,2023-10,0
LN100358,2023-04,1
LN108164,2024-10,0
LN107672,2025-09,0
LN100482,2023-09,0
LN102160,2024-12,1
LN105482,2024-04,1
LN101445,2024-03,1
LN107169,2025-02,1
LN104501,2024-07,0
LN104680,2024-11,0
LN103415,2025-12,0
LN106565,2022-10,0
LN105819,2024-02,0
LN106269,2024-09,1
LN100390,2024-11,0
LN108237,2023-04,1
LN106433,2022-11,0
LN104831,2022-12,1
LN106072,2025-05,0
LN103725,2025-03,0
LN106429,2023-08,1
LN100312,2023-05,0
LN104291,2025-04,0
LN101951,2023-12,0
LN105259,2024-09,1
LN100190,2025-05,1
LN102131,2025-01,1
LN101683,2024-12,0
LN106349,2025-10,0
LN107831,2025-11,1
LN105987,2023-07,0
LN108014,2025-10,0
LN106630,2023-06,0
LN107976,2025-04,1
LN100284,2025-07,0
LN106724,2023-08,1
LN105176,2023-06,0
LN108203,2024-08,0
LN101236,2023-02,0
LN108006,2023-03,0
LN107307,2024-11,0
LN107339,2023-07,0
LN104607,2024-02,1
LN101000,2024-09,0
LN105353,2023-07,0
LN100945,2024-11,0
LN100634,2025-05,0
LN108651,2023-07,1
LN104832,2024-02,0
LN100770,2025-06,0
LN108580,2022-11,1
LN103616,2024-06,1
LN106798,2024-03,0
LN104944,2025-08,1
LN104006,2024-05,0
LN104594,2024-06,0
LN106123,2025-12,0
LN104372,2024-05,0
LN105443,2025-09,0
LN108654,2021-07,0
LN106625,2024-07,0
LN103557,2025-08,0
LN101886,2025-03,0
LN108442,2025-02,0
LN103072,2024-05,1
LN101247,2023-09,0
LN107954,2024-05,1
LN105326,2025-04,0
LN102097,2024-09,0
LN101741,2025-03,1
LN102903,2025-01,1
LN101128,2025-02,0
LN103017,2025-08,0
LN104625,2025-10,1
LN108152,2023-07,0
LN104513,2024-10,0
LN103534,2022-12,1
LN102808,2025-03,1
LN107523,2023-11,1
LN103923,2025-02,1
LN108251,2023-09,1
LN106208,2025-06,1
LN106349,2025-02,0
LN100579,2023-04,0
LN103523,2022-07,1
LN105463,2023-12,0
LN104639,2025-09,0
LN104625,2025-03,1
LN101367,2025-01,0
LN104004,2025-02,0
LN100901,2023-03,0
LN101589,2024-01,0
LN100206,2024-04,0
LN105640,2024-04,1
LN104806,2025-06,0
LN103090,2024-08,1
LN100320,2023-06,0
LN105019,2024-01,1
LN103214,2024-02,1
LN100312,2023-10,0
LN106413,2022-04,0
LN101130,2024-10,1
LN103315,2024-11,0
LN102459,2024-03,0
LN105358,2023-06,0
LN103548,2022-11,1
LN105636,2024-05,1
LN106689,2025-09,1
LN105584,2025-05,1
LN106674,2024-02,0
LN100397,2025-02,0
LN101864,2024-12,0
LN101906,2024-08,1
LN102088,2024-09,0
LN103631,2024-08,0
LN100608,2024-11,0
LN106089,2024-11,0
LN106223,2025-04,0
LN103500,2024-02,0
LN107110,2021-12,1
LN103014,2025-03,0
LN102834,2025-09,0
LN100909,2023-11,0
LN104815,2024-02,0
LN100993,2024-03,0
LN100806,2025-11,0
LN103494,2025-05,0
LN103749,2025-03,0
LN104384,2023-05,1
LN104764,2023-05,1
LN102545,2025-10,0
LN104350,2024-03,1
LN100420,2024-09,0
LN105527,2025-05,1
LN100410,2023-06,0
LN103245,2024-11,0
LN104731,2025-07,1
LN105972,2024-12,0
LN108764,2025-10,0
LN105026,2024-02,0
LN105470,2024-05,0
LN104306,2024-12,0
LN106306,2024-06,0
LN103913,2024-12,0
LN106025,2024-12,0
LN105159,2024-09,0
LN104502,2025-11,1
LN104345,2024-08,0
LN102117,2023-05,1
LN108429,2024-05,0
LN108064,2025-02,0
LN106082,2023-04,0
LN107868,2024-06,0
LN103410,2023-11,1
LN104473,2025-03,0
LN106094,2024-02,0
LN100216,2025-11,0
LN102081,2024-06,1
LN108148,2024-09,0
LN106112,2023-05,0
LN108180,2025-07,0
LN104342,2023-02,0
LN108088,2025-11,0
LN106799,2024-05,0
LN104465,2022-11,0
LN101607,2023-07,0
LN106771,2024-01,0
LN106909,2025-08,1
LN106368,2022-10,0
LN107044,2025-02,1
LN102971,2023-08,0
LN107124,2024-07,0
LN101940,2023-02,0
LN101362,2023-12,0
LN104343,2025-11,1
LN101985,2025-08,1
LN107385,2023-05,0
LN101969,2022-10,0
LN105787,2023-10,0
LN103681,2022-09,0
LN106445,2025-10,0
LN104397,2022-07,0
LN100883,2024-08,0
LN105063,2024-04,1
LN107848,2024-02,1
LN104084,2025-05,0
LN107728,2022-11,1
LN107058,2025-09,0
LN103975,2025-05,0
LN106753,2024-08,1
LN107543,2025-07,0
LN100279,2022-01,0
LN103283,2021-12,1
LN100447,2025-05,0
LN107437,2025-03,0
LN101243,2023-04,0
LN100056,2024-06,0
LN103390,2022-09,0
LN103735,2023-08,1
LN103523,2024-12,1
LN102802,2024-12,0
LN102427,2024-12,0
LN103597,2025-04,0
LN101880,2024-09,1
LN107392,2025-08,0
LN103743,2025-03,1
LN100704,2022-09,0
LN106301,2021-11,1
LN105172,2024-07,0
LN106395,2022-11,1
LN100102,2025-02,0
LN106497,2024-11,0
LN108433,2025-05,0
LN107258,2023-11,0
LN101349,2024-10,1
LN100042,2025-05,0
LN104522,2025-06,0
LN108943,2023-02,0
LN105061,2025-10,0
LN107968,2024-06,0
LN103876,2025-03,1
LN108511,2025-12,0
LN103861,2024-06,1
LN107408,2024-08,1
LN104458,2022-08,1
LN108439,2024-04,1
LN103293,2023-06,1
LN104966,2023-01,0
LN104029,2022-12,0
LN103583,2023-03,0
LN103669,2025-02,0
LN101585,2023-09,0
LN100723,2023-08,0
LN107049,2025-11,1
LN108256,2024-01,0
LN106077,2023-06,0
LN104377,2024-01,0
LN105965,2022-07,1
LN107661,2025-02,1
LN101034,2024-06,1
LN108631,2023-09,0
LN105176,2022-12,1
LN108573,2025-09,0
LN106843,2023-04,0
LN101980,2024-08,0
LN104377,2025-12,0
LN107135,2023-11,0
LN107908,2023-08,1
LN104891,2024-06,0
LN103246,2024-11,0
LN101608,2022-06,0
LN100385,2022-11,0
LN106369,2024-12,0
LN107024,2023-08,1
LN104427,2024-05,0
LN102468,2023-03,0
LN106542,2024-01,0
LN105805,2024-09,1
LN102913,2023-12,0
LN102046,2024-11,1
LN104510,2024-11,1
LN104400,2023-10,1
LN106030,2024-09,0
LN107077,2023-10,0
LN108122,2024-03,0
LN103776,2023-10,1
LN101571,2024-02,0
LN100078,2025-06,0
LN104553,2024-03,1
LN108075,2024-07,1
LN105001,2025-07,0
LN100063,2025-05,0
LN100265,2025-06,0
LN103246,2024-04,1
LN103695,2024-03,1
LN100078,2023-11,0
LN102812,2023-08,0
LN106000,2025-10,0
LN100457,2023-09,0
LN107147,2023-08,0
LN101098,2022-08,0
LN105532,2024-10,0
LN106743,2023-09,0
LN104496,2024-09,0
LN107405,2024-04,1
LN106648,2025-01,0
LN103443,2023-02,0
LN100430,2023-05,1
LN102043,2025-03,1
LN107296,2023-01,0
LN103018,2025-02,1
LN102922,2024-02,1
LN103705,2024-09,0
LN103372,2024-11,1
LN102984,2025-10,0
LN102081,2022-04,1
LN103002,2025-04,1
LN103565,2025-05,0
LN100005,2025-11,0
LN107814,2025-10,0
LN106650,2023-05,0
LN104161,2025-03,0
LN105927,2025-07,0
LN101585,2024-05,0
LN103014,2025-04,0
LN101807,2025-01,0
LN103268,2024-03,0
LN107682,2025-10,0
LN107224,2025-11,0
LN104534,2022-05,0
LN106888,2024-02,0
LN105616,2025-04,0
LN104041,2024-04,1
LN101386,2025-05,1
LN101684,2024-06,0
LN108176,2022-07,0
LN106078,2024-01,1
LN103079,2023-10,0
LN100291,2022-11,0
LN108066,2023-05,1
LN103268,2023-04,0
LN106657,2024-04,0
LN104407,2023-08,1
LN106897,2024-11,0
LN107785,2023-12,0
LN108045,2025-01,0
LN104062,2024-08,1
LN107185,2024-07,0
LN101318,2024-07,1
LN105369,2024-02,0
LN103413,2023-01,0
LN107859,2025-06,1
LN106723,2024-07,0
LN103371,2025-03,0
LN103583,2024-10,0
LN103599,2025-05,1
LN102577,2023-04,1
LN102653,2025-09,1
LN100561,2025-08,0
LN108844,2023-06,0
LN100869,2021-08,0
LN100214,2025-03,0
LN102564,2023-05,0
LN103359,2023-12,0
LN106481,2025-02,1
LN104239,2024-04,0
LN102957,2024-07,0
LN108580,2023-12,1
LN100006,2025-12,0
LN105460,2025-10,0
LN108352,2023-02,0
LN103647,2025-04,1
LN107059,2024-07,1
LN100325,2022-10,0
LN102416,2023-10,0
LN107028,2023-06,0
LN101191,2025-05,0
LN108625,2022-05,1
LN101511,2025-06,1
LN108955,2023-07,0
LN102081,2024-01,0
LN100343,2023-10,0
LN103974,2022-01,0
LN105410,2022-06,1
LN105030,2023-03,1
LN102290,2025-08,0
LN104593,2024-10,0
LN106498,2022-12,0
LN102711,2023-03,0
LN108908,2024-07,0
LN105351,2023-11,0
LN105455,2023-06,0
LN104338,2025-04,0
LN107585,2022-12,1
LN103652,2023-11,0
LN106823,2024-02,1
LN100306,2022-12,0
LN101515,2025-01,0
LN104525,2024-01,0
LN106128,2024-09,0
LN101020,2022-07,1
LN108883,2022-12,0
LN101948,2023-05,1
LN107618,2024-02,0
LN103481,2023-04,0
LN100186,2022-11,0
LN100748,2024-09,0
LN100512,2025-04,0
LN106326,2021-10,0
LN104966,2023-05,0
LN105478,2022-01,0
LN102431,2023-08,1
LN102185,2023-05,0
LN100534,2024-01,0
LN102349,2024-12,1
LN103896,2024-05,1
LN107297,2025-12,0
LN101597,2025-03,1
LN106115,2024-03,0
LN106268,2023-01,0
LN103032,2025-07,0
LN108924,2023-05,0
LN103587,2023-11,0
LN102055,2025-08,0
LN102263,2025-05,1
LN106344,2024-01,0
LN100854,2024-05,0
LN105179,2025-04,1
LN105785,2025-06,0
LN106379,2025-08,1
LN100622,2024-09,0
LN106058,2024-11,0
LN103974,2022-07,0
LN103316,2024-03,1
LN104825,2025-12,1
LN102273,2023-12,0
LN102107,2024-01,0
LN107782,2025-11,0
LN103141,2023-02,0
LN108369,2025-05,1
LN100582,2023-06,1
LN107335,2023-07,0
LN107267,2024-06,0
LN107332,2023-09,0
LN100855,2024-11,0
LN108719,2024-07,1
LN105875,2024-01,0
LN106643,2024-04,1
LN106675,2025-06,0
LN103143,2025-11,0
LN107148,2023-10,0
LN102869,2025-09,0
LN107757,2022-06,0
LN103887,2025-12,1
LN108591,2023-03,0
LN100933,2024-02,0
LN107385,2023-01,0
LN104490,2023-05,1
LN103328,2023-08,1
LN101466,2024-02,0
LN100646,2024-01,0
LN105989,2023-06,1
LN105676,2024-01,0
LN107901,2023-12,0
LN101431,2023-05,0
LN103590,2023-06,0
LN100279,2024-12,0
LN102441,2024-09,1
LN104107,2025-10,0
LN103350,2023-06,0
LN105391,2022-04,0
LN107145,2022-07,1
LN103813,2023-10,0
LN106529,2022-11,1
LN103027,2024-07,0
LN106198,2022-04,0
LN103940,2023-07,0
LN101049,2025-09,1
LN100636,2023-07,0
LN107827,2024-07,0
LN101093,2025-05,1
LN106632,2022-08,0
LN108998,2024-10,0
LN103349,2024-04,0
LN102528,2023-06,0
LN100438,2021-12,1
LN100419,2024-10,0
LN107818,2024-05,0
LN102668,2022-02,1
LN106603,2023-03,0
LN107060,2025-01,0
LN101419,2025-11,0
LN103963,2023-09,0
LN105068,2025-07,0
LN101927,2024-02,1
LN103235,2024-01,0
LN105182,2024-12,1
LN100543,2022-07,0
LN108473,2024-10,1
LN104654,2022-08,1
LN108126,2024-01,1
LN106504,2024-10,0
LN107060,2024-07,0
LN108408,2022-09,0
LN106728,2023-10,0
LN107122,2025-08,0
LN102145,2023-12,0
LN101123,2022-08,0
LN106356,2024-05,1
LN102866,2024-08,0
LN102855,2022-01,1
LN106418,2025-12,0
LN108962,2025-08,0
LN107908,2022-01,0
LN101271,2022-09,0
LN107568,2023-01,1
LN106028,2024-09,0
LN107698,2025-01,0
LN107635,2025-08,0
LN106520,2023-10,0
LN102298,2024-02,0
LN105484,2025-09,1
LN105566,2023-02,0
LN107931,2022-02,0
LN101644,2025-05,0
LN103374,2024-04,0
LN106310,2025-08,0
LN102992,2023-04,0
LN105130,2024-07,1
LN106563,2025-08,1
LN101766,2025-03,0
LN108682,2022-05,1
LN102746,2023-07,0
LN106600,2022-06,0
LN105148,2024-02,1
LN108440,2023-09,1
LN105009,2024-07,0
LN104523,2025-12,0
LN102162,2025-02,0
LN108161,2025-09,1
LN105925,2023-08,0
LN101999,2022-06,0
LN103681,2024-03,0
LN100721,2025-11,1
LN100084,2025-03,0
LN100163,2024-09,0
LN108000,2025-01,1
LN100951,2025-06,1
LN100036,2024-08,1
LN100828,2025-06,0
LN103090,2025-10,0
LN107565,2025-11,1
LN101334,2025-10,0
LN108619,2024-12,0
LN104912,2024-01,1
LN101823,2025-08,0
LN100173,2025-10,1
LN100260,2025-08,0
LN103349,2025-08,1
LN102832,2025-10,1
LN101095,2022-01,0
LN105464,2025-11,0
LN104467,2024-12,0
LN101807,2025-03,1
LN103398,2025-03,0
LN100618,2022-08,1
LN108133,2022-11,0
LN108256,2025-12,0
LN103143,2025-02,1
LN100749,2022-05,0
LN105347,2023-03,0
LN103492,2025-02,0
LN108791,2025-05,0
LN102192,2025-03,0
LN107462,2024-02,0
LN105745,2024-04,1
LN106766,2025-06,1
LN108178,2025-01,0
LN104516,2025-06,1
LN100987,2023-01,0
LN102054,2025-08,1
LN103187,2025-09,0
LN105814,2024-03,0
LN102298,2023-05,0
LN100414,2022-09,0
LN107691,2024-04,0
LN102181,2023-12,0
LN100102,2025-10,0
LN103824,2023-12,0
LN101489,2023-07,0
LN106485,2024-12,1
LN100813,2024-08,1
LN104486,2023-11,0
LN102809,2024-06,0
LN101496,2025-05,0
LN105985,2025-12,0
LN101128,2024-12,0
LN100967,2024-01,1
LN103555,2025-10,0
LN104403,2024-10,0
LN107284,2025-06,1
LN105564,2023-04,0
LN102702,2024-02,0
LN107892,2024-02,1
LN103379,2023-11,0
LN101182,2024-12,0
LN107763,2025-10,0
LN100158,2023-05,0
LN106550,2023-08,1
LN103411,2025-03,0
LN101323,2024-10,0
LN108721,2023-04,0
LN101464,2024-11,1
LN108209,2025-02,1
LN104045,2023-02,1
LN101852,2025-03,0
LN101241,2025-05,1
LN104689,2025-07,0
LN102758,2025-02,0
LN101940,2025-12,0
LN100387,2025-06,1
LN102515,2025-05,1
LN108098,2023-05,0
LN101118,2025-06,0
LN108467,2024-11,0
LN102500,2024-04,0
LN105572,2023-11,0
LN102851,2025-09,0
LN107443,2023-08,0
LN108445,2024-09,1
LN102503,2022-04,1
LN107262,2025-09,0
LN102033,2025-03,0
LN107976,2025-02,0
LN106406,2024-03,0
LN102815,2021-10,0
LN105671,2025-07,1
LN100744,2025-02,0
LN104144,2024-03,0
LN106686,2022-06,1
LN106705,2022-11,0
LN103579,2024-10,0
LN108702,2025-07,0
LN102906,2025-06,0
LN103346,2025-06,0
LN102667,2024-11,1
LN105526,2024-06,0
LN101366,2022-08,0
LN103567,2023-06,0
LN107783,2025-02,0
LN104333,2024-09,0
LN100472,2023-05,1
LN100425,2024-10,0
LN102459,2024-09,1
LN105939,2024-03,0
LN102469,2025-03,0
LN105277,2025-02,1
LN105706,2023-03,1
LN108358,2025-03,0
LN105275,2022-07,1
LN102708,2024-01,0
LN105808,2025-02,0
LN101791,2025-07,0
LN103451,2024-02,0
LN108294,2024-05,0
LN103091,2025-01,1
LN101975,2025-06,0
LN101772,2022-12,0
LN108087,2025-08,0
LN107380,2024-06,0
LN103448,2023-11,1
LN101946,2023-02,1
LN104997,2025-07,1
LN102742,2023-05,0
LN103700,2023-02,1
LN103430,2022-05,1
LN105851,2024-11,1
LN105635,2024-07,1
LN103807,2025-04,1
LN106041,2022-11,0
LN108734,2025-10,0
LN108829,2025-09,0
LN101800,2022-05,1
LN107130,2024-12,1
LN103310,2023-08,1
LN106668,2023-08,0
LN103427,2025-01,0
LN104458,2024-02,0
LN108056,2025-02,1
LN108947,2023-08,0
LN101473,2024-05,1
LN102453,2024-10,0
LN105227,2024-06,1
LN104386,2023-05,0
LN104977,2022-11,0
LN101772,2025-08,1
LN100452,2023-07,0
LN103936,2023-11,1
LN106034,2025-06,1
LN103583,2023-06,1
LN107738,2025-11,0
LN106719,2025-10,0
LN100537,2025-10,0
LN108688,2025-06,0
LN101686,2024-11,0
LN105579,2024-09,1
LN103840,2024-11,0
LN107741,2025-04,0
LN108698,2023-02,0
LN104629,2024-01,0
LN102855,2024-06,0
LN102956,2024-08,0
LN104615,2025-10,1
LN100633,2025-01,0
LN101275,2024-04,1
LN106559,2022-11,0
LN101339,2024-12,0
LN107264,2024-07,0
LN108872,2025-12,1
LN106724,2023-04,0
LN107194,2025-10,1
LN105765,2024-01,0
LN106930,2024-06,0
LN104193,2025-06,1
LN103186,2025-05,0
LN102647,2024-12,0
LN108912,2024-12,1
LN104214,2025-01,1
LN105980,2024-02,0
LN103212,2025-08,0
LN103601,2024-04,0
LN101513,2024-11,0
LN103735,2025-10,0
LN100834,2024-11,0
LN104677,2024-04,0
LN106245,2025-10,0
LN100280,2025-06,0
LN108541,2025-07,0
LN103820,2022-01,0
LN105093,2025-04,0
LN101533,2023-06,1
LN108413,2025-04,0
LN101621,2025-07,0
LN107541,2025-03,0
LN102895,2023-09,0
LN105823,2025-05,0
LN107642,2025-08,0
LN101130,2023-09,0
LN103233,2022-03,1
LN100473,2023-10,0
LN100860,2025-04,0
LN102564,2024-12,1
LN101174,2024-03,0
LN107927,2024-04,1
LN100542,2024-10,0
LN106194,2024-08,0
LN105122,2024-05,0
LN100955,2025-07,0
LN106315,2022-10,0
LN107548,2025-08,1
LN104009,2024-04,0
LN107803,2025-02,0
LN104408,2024-06,1
LN107714,2023-04,0
LN104376,2023-10,0
LN102854,2024-11,0
LN105376,2022-07,0
LN101114,2024-03,0
LN100087,2025-02,0
LN103193,2022-09,0
LN104084,2024-06,0
LN106813,2024-01,0
LN101621,2024-05,1
LN107789,2025-10,1
LN103885,2024-05,1
LN101620,2024-08,0
LN100887,2023-09,1
LN103123,2024-01,0
LN103878,2024-05,0
LN102680,2022-08,0
LN103862,2025-10,1
LN101461,2024-02,1
LN106850,2024-09,0
LN105942,2024-01,1
LN104723,2022-06,0
LN100540,2024-08,0
LN101416,2025-12,0
LN100475,2025-12,1
LN101968,2025-01,0
LN103567,2025-02,1
LN101040,2024-06,0
LN106921,2023-06,0
LN100933,2025-04,0
LN103073,2025-05,0
LN101307,2023-04,1
LN101913,2025-06,0
LN108805,2022-07,0
LN103624,2024-05,0
LN105759,2024-01,0
LN105668,2024-02,0
LN106692,2024-09,0
LN107049,2023-04,0
LN102681,2025-12,0
LN102486,2023-03,1
LN105365,2024-07,0
LN106668,2023-09,0
LN102284,2025-10,1
LN107258,2022-07,0
LN108491,2023-01,0
LN104879,2024-07,0
LN103053,2023-10,1
LN105307,2024-10,0
LN101254,2025-08,0
LN103413,2025-11,0
LN101517,2022-06,1
LN102853,2022-06,1
LN104192,2024-07,0
LN104451,2023-03,0
LN105855,2024-10,1
LN105860,2025-04,1
LN100642,2025-05,0
LN100240,2025-11,0
LN105365,2023-10,0
LN106787,2022-02,1
LN104410,2023-10,0
LN108499,2025-01,1
LN104512,2025-02,0
LN101786,2025-12,1
LN104887,2024-07,0
LN106233,2023-12,0
LN108544,2021-12,0
LN108446,2023-06,1
LN100510,2025-01,0
LN107681,2025-04,1
LN106509,2023-03,0
LN100592,2022-12,0
LN107889,2025-11,0
LN107644,2023-05,0
LN105889,2022-08,0
LN107010,2024-10,1
LN106026,2023-01,0
LN105811,2024-04,0
LN104125,2024-07,1
LN104883,2023-01,1
LN102321,2022-12,0
LN106553,2024-05,0
LN106220,2023-07,0
LN107625,2023-12,0
LN107982,2023-11,0
LN105384,2021-12,0
LN100776,2025-08,0
LN100612,2025-01,0
LN101027,2022-06,0
LN102062,2022-12,1
LN103841,2023-07,1
LN100631,2023-01,0
LN103375,2024-07,0
LN105312,2024-02,0
LN107935,2022-05,0
LN106377,2024-02,0
LN102593,2021-12,0
LN105504,2023-06,0
LN102724,2025-09,0
LN103087,2024-10,0
LN108654,2025-06,1
LN105789,2025-07,0
LN104922,2023-06,0
LN102419,2025-07,0
LN106335,2024-07,1
LN107422,2022-05,1
LN107269,2024-03,0
LN106475,2023-10,0
LN107608,2025-10,0
LN108417,2024-12,1
LN105377,2024-09,0
LN103877,2023-07,0
LN101468,2024-08,0
LN101220,2024-03,0
LN104275,2024-07,0
LN100964,2024-11,1
LN105084,2024-01,0
LN103313,2023-01,0
LN105949,2024-12,1
LN103350,2023-01,0
LN106098,2024-04,1
LN106475,2022-07,0
LN105095,2023-08,1
LN104149,2022-11,0
LN102363,2023-10,0
LN106604,2023-08,1
LN106186,2025-06,0
LN105940,2023-02,1
LN103408,2024-06,1
LN103836,2023-08,0
LN107581,2022-07,0
LN104256,2025-07,0
LN106512,2024-03,0
LN108390,2025-07,0
LN103044,2024-06,1
LN100464,2023-08,0
LN108028,2025-11,1
LN101782,2021-12,0
LN102139,2023-04,0
LN107300,2025-03,0
LN107524,2024-07,0
LN103885,2024-03,0
LN103446,2023-12,1
LN108464,2023-02,0
LN101071,2023-08,1
LN102946,2025-01,0
LN102155,2023-03,0
LN107235,2024-01,0
LN105935,2023-02,1
LN105154,2024-10,1
LN101119,2023-08,0
LN105556,2022-04,0
LN106025,2025-06,0
LN104854,2023-06,0
LN106679,2025-03,0
LN103860,2025-02,0
LN106376,2022-05,0
LN101885,2023-10,1
LN101655,2025-02,0
LN104616,2025-09,0
LN108098,2025-01,0
LN108423,2023-11,0
LN105634,2024-10,0
LN104578,2022-11,0
LN100547,2024-07,1
LN107829,2024-10,0
LN105053,2025-01,0
LN102040,2022-10,0
LN104798,2023-11,0
LN104033,2023-02,0
LN104365,2024-08,0
LN105081,2025-09,1
LN101271,2023-05,0
LN107065,2024-10,0
LN108685,2024-09,0
LN101675,2025-01,0
LN102136,2023-11,1
LN100354,2025-06,0
LN108693,2025-03,0
LN103782,2024-05,1
LN106619,2024-05,0
LN108299,2025-07,1
LN100577,2024-01,0
LN105080,2022-09,0
LN105509,2025-01,0
LN103650,2023-09,1
LN104927,2025-04,0
LN100384,2025-01,0
LN103480,2025-08,0
LN105999,2023-02,0
LN105803,2025-05,0
LN103951,2024-10,0
LN103072,2024-06,0
LN106248,2024-05,0
LN103161,2024-11,0
LN108499,2024-04,1
LN102406,2024-03,0
LN105369,2024-05,0
LN103109,2022-07,0
LN101241,2025-09,1
LN104007,2025-12,0
LN108743,2024-01,1
LN102597,2025-02,0
LN105050,2025-07,0
LN103531,2022-08,0
LN108805,2024-07,0
LN100835,2025-09,1
LN102949,2025-03,0
LN102098,2024-08,1
LN101912,2025-02,0
LN100886,2025-03,0
LN105347,2023-09,0
LN106722,2022-02,1
LN108990,2025-07,1
LN107355,2023-09,0
LN100960,2024-05,0
LN108090,2024-02,1
LN101350,2022-10,0
LN103464,2022-10,1
LN103167,2023-04,0
LN104832,2024-12,0
LN101855,2024-12,1
LN105791,2025-11,0
LN103414,2025-11,0
LN100966,2025-03,0
LN106760,2023-11,0
LN104833,2023-11,0
LN105828,2022-05,0
LN105204,2024-04,0
LN105856,2024-12,0
LN106109,2025-01,0
LN103753,2022-10,1
LN100334,2025-06,1
LN108367,2024-06,0
LN105315,2025-11,0
LN105619,2024-08,0
LN102298,2024-01,0
LN101874,2023-03,0
LN108621,2025-08,0
LN108910,2025-05,0
LN108383,2025-09,0
LN102922,2024-07,0
LN106748,2025-05,0
LN102939,2023-12,0
LN101574,2024-11,0
LN101676,2022-04,0
LN107647,2025-04,1
LN106247,2023-10,0
LN101263,2025-02,0
LN102774,2023-11,0
LN101641,2021-10,0
LN101411,2025-03,1
LN101896,2025-01,0
LN105460,2025-07,1
LN102914,2024-11,1
LN108671,2022-01,0
LN100684,2023-08,1
LN107940,2025-06,1
LN101189,2022-12,1
LN106673,2025-12,0
LN101122,2025-11,0
LN102889,2024-10,0
LN106155,2025-07,0
LN108251,2024-08,0
LN103922,2023-12,0
LN106699,2023-02,0
LN100473,2025-02,0
LN104581,2024-11,0
LN102432,2025-04,0
LN106383,2021-09,0
LN107861,2024-10,0
LN100086,2023-02,0
LN108544,2024-07,0
LN100132,2025-06,1
LN106439,2024-04,1
LN101487,2025-02,0
LN105979,2024-09,0
LN101820,2025-09,0
LN105028,2024-12,1
LN104063,2024-11,1
LN105297,2024-09,1
LN100581,2024-09,0
LN108716,2024-07,0
LN108526,2025-07,1
LN105788,2023-08,0
LN103491,2023-11,1
LN106588,2024-01,0
LN101382,2025-11,1
LN107892,2023-05,0
LN107165,2022-12,0
LN103967,2024-09,0
LN103982,2024-02,0
LN106183,2024-12,1
LN106276,2025-02,0
LN100222,2025-09,1
LN108405,2022-04,1
LN103712,2024-12,0
LN104043,2023-02,0
LN100761,2023-06,1
LN103836,2023-03,0
LN101990,2023-08,1
LN104924,2025-09,1
LN108972,2023-10,1
LN107694,2025-02,0
LN102218,2022-11,1
LN100569,2025-12,0
LN106546,2025-07,1
LN103844,2025-02,0
LN100910,2025-08,0
LN102384,2023-03,0
LN107462,2023-04,0
LN104534,2023-09,0
LN107516,2022-02,0
LN108018,2024-10,0
LN103301,2022-07,0
LN107775,2025-04,1
LN101879,2025-10,0
LN104991,2025-08,1
LN105639,2025-09,1
LN105862,2023-09,0
LN102601,2022-09,1
LN106448,2024-05,0
LN107448,2024-06,0
LN100157,2024-06,0
LN101462,2022-07,0
LN103144,2025-01,0
LN105067,2023-12,1
LN102744,2025-02,1
LN102273,2024-04,1
LN102224,2024-09,0
LN101945,2023-04,0
LN103949,2024-06,0
LN102357,2023-03,0
LN104409,2024-12,0
LN102934,2025-07,0
LN108895,2024-05,0
LN106552,2024-11,1
LN101304,2025-03,0
LN104944,2025-12,0
LN100485,2023-05,0
LN105785,2024-10,1
LN105674,2024-11,0
LN100581,2024-06,1
LN108453,2024-11,1
LN100468,2022-12,0
LN101327,2024-03,0
LN106252,2025-10,0
LN100119,2025-01,0
LN100249,2021-09,1
LN106603,2023-04,0
LN104692,2025-08,0
LN100125,2024-02,1
LN106701,2025-08,1
LN101096,2025-03,0
LN106047,2025-03,0
LN100022,2023-05,0
LN108259,2025-03,1
LN108109,2025-10,0
LN100809,2025-09,0
LN106928,2024-09,1
LN108009,2025-11,0
LN103013,2024-01,1
LN102543,2024-06,0
LN104126,2025-06,0
LN108378,2024-10,1
LN106225,2024-09,1
LN101663,2024-04,0
LN103810,2022-12,0
LN108788,2024-02,1
LN105342,2025-12,0
LN107303,2023-12,0
LN103636,2024-09,1
LN103199,2024-11,0
LN108060,2024-01,0
LN106294,2024-09,0
LN104648,2023-01,1
LN103304,2024-09,0
LN104513,2024-09,0
LN101744,2023-04,1
LN103604,2025-05,1
LN100389,2023-04,0
LN107991,2024-02,0
LN105273,2023-09,0
LN103541,2024-08,1
LN104934,2025-05,1
LN106561,2025-05,0
LN102039,2025-02,0
LN105724,2024-05,0
LN108794,2024-11,0
LN103696,2023-02,0
LN100891,2025-09,0
LN106121,2023-11,0
LN107538,2023-02,1
LN104657,2025-12,0
LN106659,2024-11,1
LN104289,2023-08,0
LN101121,2023-01,1
LN104757,2023-02,0
LN100658,2021-10,1
LN104827,2023-06,1
LN104798,2024-01,0
LN103842,2025-09,0
LN106268,2024-12,0
LN107850,2025-08,1
LN107911,2025-10,0
LN101332,2024-02,1
LN106369,2022-01,0
LN107548,2024-05,0
LN102955,2025-04,1
LN106821,2025-06,0
LN102584,2023-12,0
LN103501,2025-04,0
LN103759,2025-02,0
LN100506,2023-10,0
LN107458,2024-06,1
LN100099,2023-02,1
LN104614,2024-03,0
LN106339,2023-11,1
LN102541,2025-01,0
LN106980,2024-04,0
LN100674,2024-07,1
LN107083,2025-06,0
LN107136,2025-08,0
LN103966,2024-11,0
LN102377,2023-12,0
LN107015,2025-08,0
LN104413,2025-04,1
LN102887,2022-10,0
LN107509,2025-09,0
LN108195,2025-08,1
LN101293,2023-06,0
LN103509,2023-11,0
LN102884,2022-09,0
LN102100,2025-05,1
LN103472,2025-05,1
LN105876,2024-11,0
LN103517,2025-03,0
LN105144,2025-09,0
LN107878,2024-08,0
LN102014,2023-12,1
LN106838,2022-06,1
LN105928,2022-11,0
LN102339,2021-12,0
LN103523,2023-06,1
LN106193,2023-04,0
LN105674,2024-05,0
LN103754,2025-02,0
LN104801,2024-02,0
LN102883,2024-05,0
LN105837,2022-03,0
LN102157,2025-12,0
LN108014,2025-11,0
LN108266,2023-02,0
LN100756,2025-09,0
LN108336,2023-02,0
LN102462,2025-03,0
LN101745,2025-01,0
LN107550,2025-04,0
LN108825,2025-08,1
LN101067,2023-11,1
LN102321,2024-08,0
LN105237,2025-01,1
LN104199,2023-12,0
LN108732,2025-04,0
LN103055,2024-07,0
LN106621,2025-03,0
LN100699,2024-08,0
LN102313,2022-02,0
LN100155,2025-08,0
LN107120,2025-04,1
LN108970,2024-09,0
LN104039,2025-03,1
LN103868,2024-03,1
LN101167,2025-05,0
LN101234,2023-09,1
LN107975,2023-02,0
LN100484,2025-09,0
LN102276,2022-10,0
LN104652,2024-10,1
LN108058,2024-11,0
LN102499,2024-12,0
LN100158,2024-03,1
LN101855,2025-02,0
LN100901,2024-09,0
LN103295,2024-11,0
LN101125,2024-07,0
LN104519,2025-01,0
LN100853,2022-12,1
LN108416,2025-03,0
LN108484,2022-04,0
LN103332,2022-06,1
LN106205,2025-05,0
LN106708,2025-07,1
LN104276,2024-05,0
LN103912,2022-06,0
LN107960,2025-07,0
LN108671,2024-03,1
LN103918,2024-03,0
LN101464,2025-03,1
LN101291,2025-07,0
LN101521,2024-06,1
LN105743,2023-09,0
LN100098,2024-04,0
LN107882,2025-02,0
LN103797,2023-01,1
LN108413,2022-03,1
LN106344,2024-04,0
LN107587,2022-07,0
LN101571,2022-10,0
LN106911,2024-07,1
LN104798,2025-09,0
LN103495,2025-06,0
LN106351,2023-03,0
LN107512,2024-10,0
LN102073,2025-09,1
LN101260,2025-01,0
LN102061,2024-02,0
LN106451,2025-06,0
LN100601,2025-01,0
LN108182,2025-10,0
LN106434,2024-04,0
LN102533,2025-08,0
LN108627,2024-12,0
LN102093,2023-08,0
LN107678,2023-03,1
LN107820,2022-07,1
LN106912,2022-10,0
LN104553,2024-02,1
LN103117,2023-10,0
LN102954,2025-04,1
LN105846,2023-11,1
LN103096,2022-11,1
LN102621,2023-08,0
LN102514,2024-01,0
LN106533,2025-05,0
LN102103,2022-06,1
LN104338,2025-08,1
LN104372,2022-09,0
LN102943,2023-06,0
LN107579,2024-01,0
LN105269,2024-07,1
LN102220,2024-12,0
LN103531,2025-03,0
LN103781,2023-10,0
LN108228,2024-12,0
LN104043,2024-09,0
LN108177,2021-10,1
LN103242,2025-06,1
LN104708,2025-03,1
LN101665,2024-05,0
LN100112,2024-05,0
LN107145,2025-05,0
LN103895,2025-09,1
LN105655,2022-08,0
LN103586,2024-05,0
LN105789,2025-04,0
LN105398,2025-09,0
LN108349,2024-09,0
LN103006,2024-01,0
LN101611,2023-02,0
LN105363,2024-10,1
LN103569,2024-04,0
LN104078,2023-02,1
LN100782,2024-09,1
LN103217,2024-08,1
LN101089,2021-12,0
LN105742,2025-11,0
LN103185,2025-09,0
LN101738,2025-06,1
LN108491,2024-07,0
LN108456,2025-10,0
LN101843,2024-07,0
LN103934,2022-11,0
LN106808,2021-12,0
LN108261,2024-05,0
LN101237,2025-03,0
LN104273,2024-02,0
LN105729,2024-09,0
LN108553,2024-11,1
LN103481,2024-01,0
LN105142,2025-04,0
LN100635,2025-10,0
LN102444,2023-09,0
LN108089,2024-11,0
LN101045,2024-11,0
LN108602,2023-10,1
LN103678,2024-10,1
LN108353,2024-10,0
LN105613,2022-08,0
LN104025,2022-05,0
LN104943,2025-12,1
LN100280,2025-12,0
LN106133,2023-05,1
LN105905,2022-01,1
LN108678,2023-07,0
LN103217,2024-07,0
LN104523,2025-07,1
LN103372,2025-02,1
LN103993,2024-10,1
LN107985,2022-02,1
LN102793,2024-10,0
LN104186,2025-10,0
LN101470,2025-01,1
LN104363,2025-02,0
LN106790,2025-09,0
LN107457,2025-01,1
LN100780,2025-07,0
LN105230,2025-01,0
LN102285,2025-02,1
LN107783,2024-03,1
LN102556,2024-10,0
LN105731,2023-01,0
LN106167,2025-05,0
LN104880,2025-05,0
LN105097,2024-12,1
LN104510,2023-07,0
LN108147,2023-01,0
LN105788,2025-03,0
LN106881,2023-10,0
LN107679,2025-11,0
LN100706,2021-12,0
LN104056,2025-06,0
LN108054,2024-07,0
LN102498,2024-06,0
LN102990,2023-12,0
LN107303,2022-12,0
LN107419,2025-02,1
LN107527,2023-07,0
LN105870,2025-01,1
LN104593,2024-12,1
LN101717,2024-10,0
LN108045,2024-10,1
LN100720,2024-11,0
LN102753,2025-09,1
LN101193,2025-04,0
LN101137,2023-10,0
LN100348,2022-09,0
LN106935,2023-06,0
LN104499,2024-11,0
LN102924,2024-04,0
LN101488,2023-05,0
LN108965,2025-05,0
LN108421,2024-09,1
LN105453,2024-09,0
LN101980,2025-04,1
LN106565,2023-11,0
LN103266,2025-03,0
LN106694,2025-05,0
LN104328,2023-12,0
LN108020,2025-06,0
LN101018,2022-07,0
LN100365,2023-07,0
LN106276,2025-05,0
LN102766,2023-05,1
LN101527,2022-11,0
LN105978,2023-12,0
LN101306,2022-12,1
LN103485,2022-11,0
LN104199,2023-02,0
LN104630,2023-03,1
LN105144,2025-11,0
LN108209,2025-08,0
LN107654,2023-06,0
LN102668,2022-11,0
LN102633,2023-07,0
LN106549,2025-08,0
LN103171,2025-03,1
LN106713,2024-12,0
LN101344,2023-08,0
LN106518,2022-09,1
LN103661,2023-06,0
LN101957,2024-01,0
LN100129,2024-11,0
LN104837,2021-10,0
LN106753,2022-12,0
LN106099,2023-02,0
LN104852,2025-11,0
LN103473,2025-04,0
LN101794,2025-06,0
LN106523,2025-01,0
LN106936,2024-03,0
LN102955,2025-12,0
LN107594,2023-03,0
LN103574,2025-11,0
LN106815,2022-11,1
LN104952,2025-01,0
LN102939,2024-02,0
LN104718,2025-03,1
LN102270,2025-11,1
LN105936,2024-10,0
LN105003,2025-12,0
LN106397,2024-07,0
LN102754,2025-08,0
LN104425,2025-07,0
LN101387,2025-01,1
LN102282,2023-12,0
LN103241,2024-01,0
LN106731,2024-02,0
LN101173,2023-04,0
LN104595,2024-12,0
LN107933,2024-11,0
LN108207,2023-07,0
LN102511,2025-01,0
LN105226,2023-01,0
LN100205,2025-10,1
LN105228,2022-03,0
LN102265,2023-12,1
LN101140,2024-08,0
LN105310,2025-04,0
LN107538,2025-07,1
LN108062,2025-10,0
LN107610,2022-09,0
LN106926,2023-12,1
LN104772,2023-02,0
LN106877,2023-07,0
LN103906,2025-05,0
LN101504,2024-12,0
LN105815,2023-03,0
LN104125,2023-11,1
LN105119,2025-10,1
LN107803,2024-05,0
LN105130,2023-07,0
LN104977,2024-04,1
LN103982,2024-08,0
LN102109,2024-11,0
LN106995,2025-08,1
LN103324,2025-09,0
LN105596,2025-10,0
LN104214,2023-11,0
LN107960,2024-10,1
LN103659,2024-03,0
LN106272,2024-06,0
LN102741,2023-04,1
LN104947,2024-08,0
LN108676,2025-12,0
LN104778,2025-10,0
LN106734,2024-11,0
LN106285,2025-11,1
LN100300,2024-01,1
LN100725,2023-12,0
LN105320,2024-06,0
LN106434,2025-03,1
LN100886,2023-08,0
LN107691,2024-01,0
LN100148,2025-10,1
LN105022,2025-09,0
LN106039,2023-04,0
LN108038,2023-09,0
LN106174,2023-04,0
LN105933,2025-08,1
LN100137,2023-05,0
LN101939,2023-08,0
LN102886,2025-10,0
LN105437,2022-04,0
LN106545,2023-09,0
LN105902,2023-06,0
LN102262,2025-11,1
LN105910,2022-06,0
LN107598,2025-06,0
LN105495,2023-06,0
LN100174,2025-04,1
LN104995,2023-01,0
LN102377,2022-08,0
LN106616,2025-09,0
LN105528,2025-09,0
LN108701,2023-06,0
LN105171,2024-09,0
LN105119,2022-03,0
LN101251,2024-12,0
LN104178,2025-09,0
LN103802,2025-01,0
LN104616,2025-02,1
LN108611,2023-08,0
LN104837,2024-12,0
LN107644,2023-01,0
LN106067,2025-12,1
LN100612,2025-02,0
LN104083,2025-07,1
LN106046,2025-12,0
LN103068,2024-06,0
LN105763,2022-11,0
LN103753,2025-12,1
LN105386,2024-01,1
LN105297,2024-07,0
LN105980,2025-10,0
LN104984,2025-04,0
LN100616,2025-10,0
LN100788,2024-01,1
LN102353,2025-08,0
LN103766,2025-01,0
LN102840,2024-03,1
LN105684,2024-04,0
LN106584,2025-01,0
LN103347,2022-05,1
LN102486,2022-11,0
LN104171,2022-08,1
LN108748,2025-12,1
LN104577,2023-05,1
LN107587,2023-10,0
LN107208,2023-10,0
LN105790,2025-02,0
LN105760,2025-08,1
LN107035,2022-05,0
LN100840,2024-07,1
LN102115,2022-05,0
LN106831,2022-11,1
LN107503,2023-09,0
LN104670,2022-02,0
LN106037,2022-09,0
LN108667,2025-01,0
LN107338,2022-08,0
LN100995,2025-08,1
LN103602,2024-11,0
LN100790,2023-08,0
LN107492,2023-05,0
LN107198,2023-06,0
LN102779,2023-11,1
LN103638,2023-11,1
LN107741,2024-12,1
LN108746,2025-10,0
LN105935,2025-08,0
LN103573,2025-04,0
LN108708,2024-08,0
LN105415,2022-06,1
LN100555,2024-06,0
LN107255,2025-04,0
LN100282,2024-07,0
LN105607,2024-04,0
LN105360,2025-01,0
LN107179,2025-01,0
LN106402,2025-12,1
LN106735,2025-11,0
LN100240,2023-06,0
LN104047,2024-06,0
LN100621,2024-12,0
LN107110,2025-12,0
LN107456,2023-12,1
LN105300,2023-04,0
LN102453,2024-04,1
LN107827,2025-04,1
LN104690,2023-01,1
LN108230,2024-10,1
LN103383,2024-12,0
LN105095,2025-12,0
LN106067,2024-07,1
LN105229,2023-01,0
LN104668,2024-01,1
LN100821,2025-07,0
LN104309,2024-07,0
LN106967,2025-04,0
LN102206,2024-11,0
LN105231,2024-05,0
LN101184,2023-11,0
LN103558,2022-10,0
LN100151,2023-08,0
LN105492,2022-06,1
LN105910,2022-09,0
LN101635,2024-10,0
LN105384,2023-02,1
LN103535,2023-02,0
LN101288,2022-08,0
LN101992,2024-04,0
LN100975,2022-09,1
LN106451,2025-02,1
LN104191,2023-04,0
LN105456,2025-04,1
LN106842,2023-04,1
LN100772,2025-08,1
LN100657,2024-09,0
LN102782,2024-11,1
LN105432,2024-03,0
LN103180,2022-04,1
LN108628,2022-06,1
LN101417,2023-12,1
LN100453,2023-02,0
LN101849,2023-08,0
LN101012,2024-06,0
LN105760,2022-07,1
LN105765,2025-07,0
LN106466,2022-12,0
LN106954,2025-03,0
LN101775,2023-06,1
LN107543,2024-12,1
LN108596,2025-06,1
LN104592,2022-11,1
LN101682,2023-03,1
LN101410,2025-05,0
LN107379,2023-10,1
LN101384,2025-08,0
LN105448,2023-03,1
LN103384,2024-12,0
LN100364,2023-08,0
LN102582,2025-02,0
LN101194,2024-09,1
LN102714,2023-09,1
LN107367,2023-10,0
LN101282,2023-07,1
LN101058,2024-03,1
LN105853,2025-09,1
LN108200,2024-06,1
LN104585,2024-05,0
LN104697,2022-02,0
LN107080,2025-10,0
LN105000,2022-05,0
LN106260,2025-10,0
LN107926,2025-09,0
LN100223,2025-11,0
LN107874,2022-12,1
LN103536,2025-04,0
LN101238,2023-11,0
LN103654,2025-06,1
LN102190,2025-02,1
LN108071,2024-08,1
LN101552,2023-10,1
LN107668,2023-07,1
LN106998,2022-12,1
LN102123,2023-12,0
LN108122,2024-07,0
LN103978,2025-07,1
LN106305,2022-10,0
LN107858,2022-09,1
LN105796,2024-11,1
LN103871,2024-01,0
LN106437,2023-04,0
LN108381,2022-03,0
LN105140,2023-08,0
LN103711,2025-11,1
LN107281,2024-10,1
LN108752,2025-02,0
LN101134,2024-02,1
LN100397,2025-03,1
LN101503,2022-10,0
LN103588,2025-02,0
LN104558,2025-09,0
LN103573,2023-09,1
LN101165,2023-03,0
LN100119,2025-10,0
LN105395,2022-02,0
LN100880,2024-02,1
LN105589,2024-11,0
LN105289,2023-08,1
LN102859,2025-07,0
LN104906,2022-12,0
LN107797,2022-11,0
LN102269,2025-02,0
LN100479,2025-02,1
LN104278,2024-02,1
LN105800,2021-12,1
LN104304,2024-04,0
LN107707,2023-04,0
LN104887,2025-10,0
LN102110,2023-04,1
LN102752,2024-07,0
LN107148,2024-09,0
LN102351,2025-05,0
LN103196,2023-06,1
LN103336,2023-08,1
LN101779,2024-11,0
LN107254,2025-01,0
LN107190,2024-11,0
LN101070,2024-01,0
LN102002,2024-10,1
LN106867,2025-07,1
LN104545,2024-08,1
LN103150,2025-07,0
LN100379,2022-07,0
LN108974,2025-01,0
LN107671,2025-10,0
LN108620,2024-06,1
LN106434,2024-12,0
LN105725,2024-11,1
LN101994,2025-02,0
LN108733,2023-12,0
LN106762,2023-05,0
LN100468,2022-04,0
LN106712,2024-11,0
LN108574,2025-02,0
LN106595,2024-03,0
LN107181,2025-11,0
LN104423,2023-07,0
LN100639,2025-05,0
LN102001,2022-03,1
LN105415,2023-06,1
LN107694,2024-06,1
LN104063,2025-07,0
LN100634,2022-04,1
LN102369,2022-08,1
LN104607,2025-05,0
LN107198,2025-02,0
LN104126,2023-07,1
LN102828,2025-01,0
LN103451,2024-10,0
LN107889,2023-02,1
LN106586,2023-09,0
LN100108,2025-01,1
LN101560,2023-01,0
LN100977,2024-01,0
LN100512,2025-02,0
LN104246,2023-02,0
LN101069,2023-09,1
LN100205,2023-08,0
LN100688,2024-03,0
LN106905,2024-01,0
LN103530,2023-06,0
LN100996,2025-05,0
LN102453,2024-12,0
LN108015,2022-03,1
LN102872,2024-06,1
LN105444,2024-01,0
LN107435,2024-12,1
LN103565,2024-03,0
LN106333,2024-06,0
LN102326,2023-06,0
LN102964,2024-08,1
LN106417,2024-07,0
LN106358,2022-03,1
LN103606,2023-11,1
LN102248,2023-02,0
LN100661,2025-06,0
LN106243,2024-03,1
LN104587,2025-05,0
LN108499,2025-03,0
LN105977,2023-04,0
LN101786,2025-09,1
LN108619,2024-02,0
LN107799,2022-04,0
LN103995,2022-11,0
LN104985,2023-09,1
LN103469,2025-09,0
LN103383,2025-03,0
LN102417,2022-05,0
LN102420,2023-09,0
LN107378,2023-09,1
LN100856,2022-07,0
LN107568,2023-09,0
LN100119,2025-06,0
LN101179,2022-03,0
LN103565,2022-05,0
LN108501,2024-04,0
LN101130,2025-03,1
LN103471,2024-07,0
LN102505,2023-09,0
LN101046,2024-06,1
LN104271,2025-12,0
LN104131,2025-04,0
LN102198,2024-06,0
LN104624,2024-03,0
LN101584,2025-07,0
LN105432,2025-01,0
LN102891,2023-06,0
LN102512,2025-03,1
LN103667,2024-02,1
LN106560,2024-03,1
LN107045,2024-05,1
LN106194,2023-10,1
LN106471,2024-10,1
LN103720,2024-07,0
LN107266,2025-01,0
LN103929,2024-08,1
LN106563,2023-07,1
LN107902,2024-03,1
LN106702,2024-09,0
LN107066,2022-03,0
LN105328,2023-10,0
LN108628,2023-10,0
LN104985,2022-08,0
LN104152,2025-04,1
LN102498,2022-07,1
LN107208,2025-06,0
LN104053,2024-07,0
LN106820,2024-12,0
LN103253,2024-10,0
LN104552,2023-08,0
LN105362,2025-08,0
LN102158,2025-03,0
LN106147,2025-10,0
LN103301,2023-08,0
LN101327,2025-09,0
LN108003,2025-04,0
LN100187,2022-11,1
LN101443,2023-12,1
LN105520,2023-04,1
LN103028,2024-03,0
LN103658,2025-05,0
LN102862,2025-11,0
LN101284,2024-07,0
LN103207,2024-06,0
LN105787,2024-09,0
LN101822,2022-08,0
LN100871,2022-04,1
LN107061,2023-08,1
LN100046,2025-08,0
LN103633,2025-11,1
LN105132,2025-04,1
LN108094,2025-05,1
LN108351,2024-10,0
LN108331,2024-05,0
LN108797,2022-07,0
LN102727,2022-03,0
LN108387,2025-02,0
LN102681,2024-06,1
LN103471,2024-04,1
LN104701,2024-11,0
LN102629,2022-01,1
LN101621,2024-10,0
LN102054,2025-11,0
LN107402,2023-03,0
LN108554,2024-12,0
LN107326,2024-09,1
LN105557,2023-06,1
LN100896,2023-09,0
LN107079,2024-01,1
LN101278,2024-08,0
LN107866,2024-12,0
LN104008,2024-08,1
LN104229,2022-04,1
LN105355,2025-07,1
LN102590,2022-10,0
LN100444,2025-07,0
LN106276,2023-02,1
LN107942,2024-03,1
LN108458,2024-11,0
LN105843,2023-12,1
LN101515,2025-06,1
LN104316,2024-12,1
LN104191,2024-06,0
LN100284,2023-01,0
LN102341,2024-03,1
LN104030,2024-09,0
LN102159,2023-04,0
LN102133,2023-04,0
LN101746,2024-12,0
LN106787,2023-08,0
LN104311,2025-10,0
LN106691,2025-01,0
LN102479,2022-07,0
LN108021,2024-03,0
LN102691,2024-05,1
LN102163,2024-10,0
LN105961,2024-12,1
LN101614,2021-11,0
LN104169,2024-05,0
LN107068,2025-02,0
LN106620,2025-05,1
LN104422,2025-12,1
LN106497,2025-10,0
LN108460,2024-03,0
LN102858,2024-07,0
LN104973,2024-05,1
LN101511,2022-11,1
LN105622,2022-12,1
LN106493,2025-01,0
LN101174,2022-01,0
LN102670,2024-12,1
LN106433,2023-10,1
LN108487,2023-10,0
LN103240,2023-09,1
LN107878,2025-09,0
LN105062,2025-02,0
LN106008,2025-01,0
LN104016,2024-07,1
LN106411,2023-12,0
LN107853,2024-11,0
LN106749,2023-05,1
LN101740,2025-12,0
LN105004,2025-02,1
LN104504,2022-07,0
LN100504,2024-04,1
LN108256,2025-08,0
LN105026,2025-04,1
LN100891,2024-03,1
LN102582,2024-09,0
LN103094,2024-09,1
LN104424,2023-03,0
LN107170,2025-02,0
LN108158,2025-06,0
LN104563,2022-05,1
LN102775,2024-09,1
LN100833,2023-08,1
LN100908,2024-10,1
LN100350,2024-06,1
LN102474,2024-04,0
LN104957,2024-06,0
LN108187,2023-01,1
LN101367,2025-04,0
LN102418,2024-08,0
LN104963,2023-06,1
LN100854,2023-05,0
LN105372,2025-10,0
LN100585,2025-04,0
LN105787,2024-04,1
LN106562,2023-08,0
LN106154,2022-05,0
LN104764,2025-08,1
LN100573,2024-09,0
LN107184,2023-01,0
LN105083,2023-12,0
LN105746,2024-05,0
LN106096,2025-07,0
LN105988,2025-11,0
LN106279,2024-12,0
LN104917,2022-08,1
LN105008,2024-04,0
LN100742,2024-09,1
LN100357,2025-11,1
LN100265,2023-10,0
LN108540,2024-09,0
LN103882,2023-12,1
LN104536,2022-07,1
LN104698,2025-10,1
LN105384,2022-08,0
LN100247,2024-05,0
LN104796,2024-04,0
LN100783,2025-01,0
LN100531,2023-06,0
LN100532,2024-10,0
LN101699,2025-05,1
LN106395,2025-12,0
LN106414,2024-04,0
LN101410,2023-04,0
LN101016,2023-06,0
LN100242,2022-03,0
LN106987,2025-07,0
LN104128,2025-10,0
LN102516,2025-08,0
LN105693,2024-04,1
LN100102,2024-06,0
LN108627,2025-12,0
LN102216,2024-09,1
LN104113,2025-01,0
LN108396,2024-03,0
LN104876,2022-12,0
LN101639,2025-04,1
LN101189,2023-02,0
LN100415,2024-09,0
LN100479,2023-12,0
LN100962,2025-06,0
LN106159,2023-01,0
LN105793,2025-07,1
LN104891,2023-10,1
LN101369,2023-10,1
LN106606,2025-12,0
LN104271,2023-07,1
LN106037,2025-04,1
LN104802,2024-04,1
LN102465,2024-09,0
LN106737,2024-07,1
LN101174,2022-12,0
LN102762,2024-06,0
LN108270,2025-01,0
LN103639,2024-12,0
LN102048,2024-11,0
LN103221,2023-10,0
LN102734,2025-09,1
LN106015,2024-05,0
LN105710,2024-09,1
LN105215,2022-09,1
LN100955,2023-08,0
LN107642,2025-09,0
LN106572,2023-03,1
LN103400,2024-12,1
LN104598,2025-10,0
LN107734,2021-09,0
LN103202,2025-02,0
LN100240,2025-01,0
LN103503,2023-12,0
LN108492,2025-08,0
LN105907,2025-01,0
LN103883,2023-04,1
LN104118,2025-10,0
LN107378,2023-05,1
LN100117,2023-03,0
LN107414,2025-06,1
LN101986,2024-06,1
LN107124,2023-04,0
LN105980,2024-01,1
LN102644,2025-12,1
LN107998,2023-03,0
LN106559,2022-01,1
LN101504,2024-03,0
LN101431,2022-09,0
LN106969,2024-02,1
LN102818,2023-02,1
LN106019,2025-07,1
LN102722,2025-08,0
LN108910,2024-09,1
LN103851,2023-02,0
LN108866,2024-11,0
LN108120,2023-12,0
LN106835,2024-10,0
LN101932,2024-12,0
LN101201,2025-10,1
LN104093,2024-12,0
LN107808,2025-06,1
LN106273,2024-09,0
LN100280,2022-09,0
LN105037,2024-02,0
LN104529,2024-05,0
LN100051,2024-12,1
LN101269,2024-02,0
LN100712,2024-08,0
LN100526,2025-02,0
LN101227,2025-10,1
LN105721,2023-06,0
LN103561,2023-11,1
LN107610,2023-04,1
LN100439,2024-03,0
LN101700,2023-09,0
LN106834,2025-04,0
LN103574,2025-12,1
LN106530,2022-08,0
LN108775,2023-11,0
LN105395,2022-01,0
LN101615,2022-12,1
LN102527,2024-10,0
LN107071,2024-12,0
LN106923,2025-12,1
LN104697,2023-03,1
LN106419,2022-06,0
LN105283,2024-09,1
LN100653,2025-08,0
LN108773,2023-05,1
LN100746,2023-10,0
LN101029,2023-02,0
LN101436,2025-12,0
LN101222,2025-11,0
LN104052,2024-10,1
LN108445,2023-03,0
LN108414,2025-01,0
LN104956,2023-02,0
LN108831,2024-11,0
LN105838,2023-06,0
LN100101,2025-03,0
LN104960,2024-03,1
LN103931,2022-03,1
LN104039,2024-09,0
LN103243,2023-11,0
LN101453,2025-04,0
LN105563,2025-08,0
LN107581,2023-05,1
LN102601,2023-03,0
LN102082,2023-12,1
LN108642,2025-02,0
LN104147,2024-09,0
LN105286,2025-01,0
LN100016,2025-07,0
LN107843,2025-07,0
LN101301,2023-03,0
LN105321,2025-05,1
LN104015,2023-12,1
LN105590,2025-01,1
LN100535,2022-10,1
LN107974,2023-05,0
LN104568,2024-08,0
LN100039,2024-03,1
LN103409,2025-11,0
LN101467,2025-06,0
LN100536,2023-09,1
LN105111,2025-10,0
LN104977,2023-02,1
LN103885,2023-11,0
LN104810,2024-04,0
LN102804,2024-05,0
LN108217,2025-02,0
LN105119,2022-09,1
LN102763,2024-09,0
LN106694,2022-05,0
LN103137,2023-05,0
LN100446,2025-12,0
LN107685,2024-07,1
LN108639,2023-04,0
LN107482,2023-02,0
LN100493,2025-05,1
LN107431,2024-06,0
LN105825,2025-04,1
LN102278,2024-12,0
LN103929,2024-09,0
LN108978,2025-08,0
LN101151,2024-12,1
LN103504,2025-08,0
LN108490,2025-04,0
LN107762,2023-08,0
LN101730,2025-03,1
LN108951,2023-11,0
LN105320,2024-01,0
LN108200,2024-12,0
LN108872,2025-06,0
LN105156,2025-02,1
LN108154,2024-05,0
LN101852,2024-12,1
LN105152,2023-08,0
LN100984,2024-08,0
LN108916,2025-02,0
LN105917,2025-06,0
LN103451,2024-09,1
LN105466,2022-09,0
LN108577,2025-10,0
LN102790,2025-06,0
LN100892,2024-09,0
LN100620,2025-09,0
LN101195,2025-07,0
LN105439,2023-09,0
LN102415,2025-04,0
LN101838,2024-11,0
LN102155,2024-02,0
LN102785,2022-08,1
LN103259,2025-01,0
LN101751,2025-07,0
LN102121,2025-10,0
LN106008,2022-11,0
LN104918,2025-01,1
LN108118,2023-09,0
LN106125,2025-08,0
LN108063,2024-04,1
LN101305,2025-12,0
LN107515,2023-07,1
LN102116,2024-11,1
LN102039,2023-09,1
LN104274,2024-08,0
LN105777,2024-10,0
LN101779,2025-04,0
LN108776,2025-05,1
LN100288,2023-12,0
LN107701,2023-12,1
LN106370,2025-06,0
LN108310,2022-08,0
LN100909,2022-04,0
LN101554,2025-07,0
LN107435,2024-10,0
LN104501,2024-08,1
LN106050,2023-01,0
LN104207,2025-10,0
LN101118,2025-05,0
LN102593,2022-05,0
LN102148,2025-07,1
LN102845,2023-09,1
LN100727,2022-03,0
LN107824,2025-01,1
LN100140,2025-04,0
LN102211,2025-01,0
LN102893,2024-11,0
LN107306,2025-06,0
LN103801,2024-07,0
LN101278,2025-02,0
LN106879,2025-02,1
LN108796,2023-05,0
LN108829,2023-07,0
LN103290,2023-10,0
LN104991,2025-01,0
LN108815,2025-12,0
LN107503,2025-10,0
LN103183,2024-09,0
LN101788,2023-04,1
LN101448,2024-03,0
LN108113,2023-06,1
LN101800,2023-12,0
LN104309,2025-12,0
LN102166,2025-06,0
LN107635,2024-03,0
LN106775,2025-06,0
LN107249,2024-01,0
LN104653,2024-03,1
LN100740,2024-08,0
LN105204,2025-07,1
LN104934,2025-06,0
LN100052,2023-08,0
LN106516,2025-07,0
LN103661,2025-05,1
LN108625,2023-06,1
LN101043,2023-04,0
LN106025,2024-10,0
LN104487,2022-09,1
LN105361,2024-05,0
LN103453,2024-08,1
LN104589,2022-07,1
LN106134,2024-02,0
LN105026,2024-09,0
LN100477,2023-07,0
LN102838,2025-11,0
LN102073,2023-04,0
LN102387,2025-10,1
LN100988,2025-10,0
LN106913,2024-10,0
LN104739,2025-03,0
LN106633,2024-08,1
LN105622,2022-05,1
LN102178,2025-02,0
LN102848,2023-11,1
LN105037,2024-09,0
LN108746,2024-02,1
LN105140,2024-07,0
LN105287,2024-12,0
LN104553,2023-07,0
LN107698,2024-02,0
LN101156,2024-09,1
LN104190,2023-05,0
LN100937,2025-10,0
LN105711,2025-10,0
LN101779,2024-06,0
LN105675,2025-03,0
LN107711,2024-01,0
LN105568,2025-05,0
LN105305,2025-10,0
LN103204,2025-07,0
LN101821,2025-11,0
LN100195,2022-06,1
LN107555,2024-05,0
LN103444,2025-09,0
LN101652,2024-06,1
LN104003,2024-07,1
LN104145,2024-02,1
LN104705,2022-12,1
LN100445,2024-09,0
LN105875,2023-01,1
LN102809,2022-04,1
LN104894,2024-11,0
LN100790,2025-01,0
LN101418,2025-03,0
LN105956,2025-04,1
LN108921,2023-03,0
LN107676,2024-06,0
LN106154,2023-04,0
LN105049,2025-12,0
LN102354,2023-01,1
LN100266,2025-11,1
LN107291,2024-05,0
LN107027,2025-03,1
LN102964,2025-07,0
LN105958,2024-08,0
LN102048,2024-05,1
LN105676,2023-07,0
LN106111,2024-06,1
LN104464,2025-03,0
LN100181,2025-06,1
LN103497,2024-06,1
LN103686,2023-05,0
LN107575,2025-06,1
LN100748,2023-11,0
LN100380,2024-03,0
LN104548,2025-03,1
LN107596,2024-05,0
LN105308,2023-09,1
LN105532,2023-09,1
LN107614,2025-07,1
LN103555,2024-02,0
LN106851,2024-06,0
LN105573,2025-05,1
LN108220,2024-12,0
LN103841,2023-03,1
LN105977,2025-03,0
LN108057,2024-07,1
LN103320,2022-11,0
LN105791,2022-01,0
LN102624,2024-11,0
LN103206,2025-01,1
LN103693,2024-10,0
LN108073,2025-08,0
LN103535,2022-08,1
LN102166,2022-08,0
LN101390,2025-08,0
LN104420,2024-11,0
LN104888,2024-12,1
LN107262,2024-11,1
LN103840,2024-07,0
LN103051,2022-11,0
LN103307,2023-07,1
LN107811,2025-06,0
LN105751,2025-05,0
LN103414,2024-06,0
LN107221,2024-06,0
LN104364,2025-08,0
LN100837,2024-06,0
LN107942,2025-10,0
LN101641,2023-05,0
LN103384,2025-10,0
LN105522,2024-02,0
LN101367,2025-07,1
LN107463,2025-06,0
LN105632,2024-11,0
LN104059,2024-05,0
LN104537,2024-07,0
LN107900,2024-02,1
LN104719,2022-04,0
LN103419,2023-07,1
LN101885,2024-12,0
LN101591,2023-09,1
LN106681,2025-11,0
LN107291,2025-01,0
LN104313,2023-02,0
LN100002,2023-11,0
LN101861,2023-06,0
LN104046,2024-03,0
LN103154,2023-03,1
LN103431,2024-04,0
LN106300,2025-03,0
LN105875,2021-10,0
LN103275,2025-01,1
LN105157,2023-04,0
LN108198,2024-01,1
LN102133,2024-06,0
LN106448,2024-12,0
LN104016,2025-11,0
LN100862,2024-06,0
LN101591,2022-11,0
LN101548,2023-05,0
LN102844,2023-10,1
LN101432,2025-01,0
LN100627,2023-02,1
LN100881,2025-01,1
LN104100,2023-07,0
LN100965,2025-01,0
LN107171,2024-11,0
LN108875,2025-09,0
LN103459,2023-01,1
LN103342,2022-01,0
LN105989,2023-07,0
LN102888,2024-03,0
LN107870,2025-08,1
LN108397,2022-04,0
LN105018,2024-10,1
LN101154,2023-10,1
LN106650,2022-10,0
LN108600,2025-03,0
LN107380,2024-05,0
LN100418,2022-07,0
LN104746,2024-06,0
LN103076,2022-01,0
LN102588,2025-07,0
LN104219,2025-07,0
LN105227,2024-10,1
LN105823,2023-05,1
LN104726,2024-03,0
LN104397,2025-09,1
LN100995,2025-11,1
LN103102,2023-05,0
LN100638,2024-11,1
LN103149,2022-07,1
LN103785,2025-07,1
LN103105,2024-01,1
LN101159,2024-02,0
LN104542,2025-10,0
LN106113,2024-02,0
LN103364,2022-11,0
LN101270,2024-09,0
LN101868,2023-01,0
LN101266,2024-05,1
LN107359,2022-03,0
LN105223,2024-09,0
LN100552,2024-09,1
LN101941,2022-11,0
LN104209,2024-08,0
LN101859,2024-05,0
LN100607,2024-06,0
LN107380,2025-11,0
LN107986,2024-10,1
LN104657,2024-07,1
LN108191,2023-05,1
LN108427,2022-11,0
LN103231,2025-06,0
LN106748,2025-09,1
LN105386,2024-12,0
LN106983,2023-06,0
LN104630,2023-08,0
LN107185,2024-12,0
LN106336,2025-12,0
LN104452,2024-12,1
LN105534,2023-12,0
LN100508,2025-09,0
LN102845,2023-08,1
LN106103,2023-11,1
LN101031,2022-09,0
LN105119,2023-10,0
LN100864,2024-09,0
LN106109,2023-12,1
LN108106,2024-07,1
LN101486,2023-07,0
LN103987,2025-09,1
LN105393,2024-07,0
LN104633,2025-05,0
LN105586,2022-09,1
LN102280,2025-10,0
LN100443,2024-03,1
LN108071,2023-01,0
LN100052,2025-01,0
LN104404,2025-11,0
LN107187,2023-06,0
LN108456,2024-11,0
LN103252,2023-03,0
LN104094,2025-09,0
LN100837,2024-03,0
LN104591,2023-03,0
LN100729,2024-10,0
LN106252,2023-02,0
LN100428,2025-06,0
LN106685,2024-11,0
LN100389,2022-03,0
LN104374,2024-05,1
LN103905,2024-06,1
LN103358,2023-04,0
LN108553,2024-10,1
LN103695,2025-11,0
LN106959,2024-03,1
LN106822,2025-01,0
LN108195,2023-11,0
LN108146,2025-11,1
LN106582,2023-11,0
LN105113,2021-11,0
LN102691,2024-10,1
LN100265,2024-05,0
LN108744,2025-04,1
LN108333,2023-03,0
LN101576,2024-04,0
LN102751,2023-01,0
LN108429,2023-07,0
LN103255,2024-06,1
LN106439,2024-12,0
LN104168,2024-11,0
LN103256,2023-03,0
LN100269,2025-04,0
LN106850,2025-02,1
LN104298,2023-07,1
LN106889,2025-04,1
LN107254,2024-06,1
LN107265,2025-01,0
LN106765,2025-05,1
LN102895,2024-11,0
LN102124,2024-04,1
LN102558,2023-06,1
LN101357,2022-11,0
LN100435,2024-11,0
LN108394,2024-01,0
LN108673,2024-10,0
LN105360,2025-10,0
LN106173,2022-12,1
LN101135,2022-05,1
LN102815,2023-05,0
LN102678,2025-11,1
LN104659,2025-04,1
LN106252,2024-10,0
LN107369,2024-06,0
LN100939,2023-04,0
LN101271,2024-04,0
LN108343,2024-04,0
LN108886,2023-12,0
LN108398,2025-12,0
LN105787,2024-05,0
LN106537,2025-07,1
LN104641,2021-12,0
LN101386,2024-08,0
LN101831,2025-09,0
LN107194,2025-03,1
LN102008,2024-11,0
LN100585,2025-03,0
LN107241,2024-04,1
LN108382,2023-05,0
LN100118,2022-07,0
LN102956,2024-04,0
LN101404,2022-09,0
LN101521,2025-07,0
LN108095,2024-02,0
LN100419,2023-10,1
LN107492,2022-07,1
LN104892,2021-10,0
LN107401,2024-08,1
LN101735,2025-07,0
LN108372,2024-03,0
LN104911,2023-06,1
LN100790,2021-11,0
LN104968,2024-12,1
LN101592,2024-09,1
LN106424,2025-12,1
LN102151,2023-05,0
LN101437,2023-11,0
LN108875,2025-04,0
LN103843,2022-09,0
LN100266,2023-10,1
LN103915,2025-08,1
LN107362,2024-06,0
LN102016,2024-10,1
LN102921,2024-11,0
LN103475,2024-01,1
LN100922,2023-11,0
LN106685,2023-04,1
LN107469,2022-06,0
LN108222,2024-10,0
LN100532,2022-08,0
LN107283,2022-04,0
LN103185,2025-04,1
LN101530,2024-01,0
LN106784,2025-10,1
LN102761,2024-11,1
LN104146,2024-03,0
LN101740,2025-09,0
LN101025,2021-10,0
LN100058,2024-12,0
LN105835,2024-12,0
LN102318,2025-02,0
LN102387,2025-06,0
LN108272,2023-08,0
LN105943,2025-04,0
LN101223,2025-02,0
LN100903,2025-03,0
LN107048,2024-06,0
LN106210,2021-10,1
LN108191,2023-11,0
LN107447,2024-10,1
LN106392,2022-10,0
LN106912,2023-11,0
LN105127,2024-01,0
LN107616,2025-10,0
LN108375,2024-12,0
LN108315,2024-12,0
LN107348,2025-06,0
LN106320,2025-03,1
LN105006,2023-03,0
LN100171,2021-10,1
LN103457,2023-06,0
LN105972,2023-03,0
LN106762,2022-01,0
LN108618,2024-01,0
LN101559,2025-09,1
LN104184,2022-11,0
LN102765,2024-12,1
LN104126,2025-07,0
LN107286,2024-08,0
LN102902,2025-11,0
LN102208,2024-03,0
LN100057,2025-03,1
LN106267,2024-12,0
LN106938,2025-09,0
LN101772,2025-09,0
LN108757,2025-03,1
LN108205,2025-05,0
LN106907,2024-06,0
LN105287,2024-10,1
LN108115,2024-12,0
LN108435,2024-08,1
LN102883,2024-06,0
LN101606,2022-04,0
LN108211,2024-01,0
LN101360,2023-05,0
LN103983,2024-11,1
LN107159,2022-09,0
LN106567,2022-01,0
LN107148,2023-11,0
LN108334,2025-07,1
LN107358,2024-09,0
LN107780,2023-11,1
LN100412,2023-02,0
LN100184,2024-09,0
LN105627,2023-02,1
LN100375,2025-03,0
LN100459,2024-07,1
LN108157,2023-03,1
LN106790,2024-09,0
LN106410,2024-12,0
LN108367,2024-12,0
LN105510,2023-05,1
LN105485,2024-02,1
LN105379,2024-11,0
LN107443,2025-09,0
LN101125,2024-09,0
LN107072,2023-09,1
LN107653,2023-12,0
LN105525,2022-09,0
LN108027,2022-07,1
LN107866,2025-10,0
LN107884,2024-07,1
LN106564,2024-09,0
LN103180,2025-01,1
LN106410,2025-08,0
LN107677,2025-11,0
LN101708,2024-10,1
LN102370,2022-02,0
LN104254,2024-04,1
LN107936,2023-02,0
LN102202,2025-10,1
LN108624,2024-06,0
LN102216,2025-07,0
LN104611,2025-11,1
LN104671,2024-12,1
LN106785,2025-06,1
LN106654,2024-04,1
LN107262,2025-08,0
LN108196,2024-10,0
LN103893,2023-09,0
LN101555,2024-08,0
LN108809,2025-08,0
LN108589,2025-03,0
LN101973,2025-08,1
LN105011,2024-04,0
LN106936,2023-08,0
LN106917,2023-11,1
LN108899,2022-02,1
LN100658,2022-08,0
LN105676,2024-07,1
LN103617,2023-08,0
LN102656,2024-06,1
LN105753,2022-08,0
LN105227,2024-07,0
LN104556,2024-06,1
LN100993,2025-03,0
LN100586,2024-09,1
LN100642,2025-06,0
LN105770,2023-01,0
LN108276,2024-10,0
LN105093,2025-10,0
LN100142,2023-05,1
LN107833,2024-10,1
LN108016,2023-10,1
LN106469,2022-12,1
LN100267,2023-02,0
LN108070,2024-10,0
LN101639,2025-09,0
LN104920,2025-12,0
LN107084,2023-05,0
LN107011,2023-10,0
LN100697,2025-07,1
LN105386,2023-12,1
LN107232,2024-06,0
LN108126,2023-01,0
LN104058,2025-02,0
LN108614,2022-08,1
LN105141,2024-10,0
LN105754,2024-07,1
LN106330,2022-10,0
LN101533,2025-08,0
LN108653,2022-10,0
LN107909,2023-05,0
LN104483,2024-11,0
LN102559,2025-05,0
LN108970,2023-10,0
LN104232,2023-12,0
LN108334,2025-01,0
LN108481,2025-06,1
LN105562,2025-04,0
LN106507,2023-12,1
LN108257,2024-04,1
LN100528,2025-10,1
LN101965,2024-02,0
LN104678,2025-03,0
LN101484,2024-09,0
LN102738,2023-05,0
LN105113,2025-11,1
LN106138,2022-06,0
LN108817,2024-08,0
LN100515,2023-03,0
LN107718,2024-09,0
LN104544,2024-03,0
LN106837,2025-04,0
LN102931,2024-09,0
LN103481,2024-10,0
LN105704,2024-03,0
LN102956,2022-05,1
LN101115,2024-05,1
LN102394,2023-11,0
LN101871,2025-02,0
LN101010,2025-09,0
LN104098,2025-04,1
LN102317,2025-12,0
LN101204,2025-03,1
LN106897,2023-11,1
LN106326,2023-05,1
LN106071,2024-10,1
LN105476,2023-10,0
LN108635,2025-03,0
LN102350,2025-06,0
LN103280,2023-11,1
LN107181,2025-07,0
LN105092,2025-12,1
LN102547,2023-08,0
LN104918,2025-07,0
LN102057,2024-08,1
LN105223,2025-11,0
LN108338,2025-04,0
LN100504,2023-12,0
LN104229,2025-01,0
LN105188,2025-08,1
LN107346,2023-09,0
LN108352,2022-11,1
LN103135,2021-07,0
LN108671,2025-07,0
LN106755,2025-01,0
LN101210,2024-09,1
LN107851,2023-12,1
LN105745,2022-03,1
LN101675,2025-04,0
LN106453,2025-07,1
LN105897,2025-01,0
LN106160,2022-05,0
LN100182,2025-04,0
LN102073,2023-06,0
LN104010,2024-09,0
LN106404,2025-03,0
LN101148,2024-07,0
LN105404,2021-11,0
LN107480,2024-01,0
LN106393,2025-05,0
LN108479,2024-01,0
LN102823,2025-11,0
LN107808,2022-06,0
LN106514,2025-06,0
LN108597,2025-06,1
LN100539,2022-12,0
LN105424,2023-10,0
LN102706,2025-12,0
LN106620,2024-05,0
LN106660,2022-04,0
LN100632,2024-04,0
LN106255,2023-04,0
LN105913,2024-05,0
LN106329,2023-10,1
LN107593,2023-10,0
LN104358,2025-07,0
LN107330,2024-11,0
LN100202,2023-11,1
LN103867,2025-07,1
LN100457,2025-09,0
LN102431,2025-11,1
LN102439,2024-02,0
LN107461,2025-05,0
LN103809,2025-02,0
LN108822,2024-04,1
LN105548,2025-02,1
LN103554,2023-06,0
LN104892,2025-04,1
LN101959,2022-07,1
LN107844,2022-02,0
LN108138,2025-09,0
LN107458,2022-06,0
LN101863,2025-08,0
LN101943,2022-05,0
LN101721,2024-05,1
LN106129,2024-01,0
LN107514,2022-07,1
LN104127,2022-11,0
LN100093,2023-05,0
LN104685,2025-05,0
LN101805,2023-03,0
LN100331,2024-07,0
LN105945,2023-03,1
LN108550,2025-11,0
LN104356,2025-10,0
LN107290,2024-08,1
LN105009,2023-02,0
LN105367,2025-11,0
LN108747,2022-06,1
LN101459,2023-12,0
LN108189,2024-06,0
LN106245,2023-11,0
LN102355,2023-05,1
LN106590,2024-06,1
LN103987,2022-03,1
LN102018,2024-10,0
LN106181,2025-01,1
LN102706,2024-10,1
LN107745,2021-11,0
LN105181,2025-06,0
LN108432,2025-02,1
LN102365,2023-09,0
LN106619,2023-12,1
LN106437,2024-09,1
LN108766,2024-02,0
LN108896,2024-11,0
LN102496,2024-10,0
LN104751,2023-07,0
LN104069,2024-02,0
LN102584,2023-07,0
LN105663,2023-12,0
LN102070,2025-05,1
LN104755,2024-06,1
LN100349,2023-06,0
LN106942,2023-12,0
LN101298,2023-10,1
LN102839,2024-11,0
LN105791,2022-03,1
LN106315,2024-03,1
LN102121,2025-04,1
LN107553,2025-05,0
LN106119,2022-10,0
LN102422,2023-06,0
LN104274,2023-05,0
LN101293,2022-11,0
LN106819,2022-09,0
LN103596,2024-01,1
LN106183,2025-04,0
LN104738,2024-09,1
LN102051,2025-02,1
LN101359,2022-11,0
LN101192,2024-05,0
LN108028,2023-10,0
LN102892,2025-02,0
LN105671,2025-08,0
LN107316,2024-05,1
LN104187,2024-04,0
LN101702,2025-01,0
LN107459,2024-04,1
LN108909,2023-09,0
LN104930,2025-06,0
LN105303,2022-12,1
LN102992,2022-08,1
LN100654,2023-08,0
LN100542,2023-11,0
LN103466,2023-11,0
LN106783,2025-07,0
LN108010,2023-10,0
LN102434,2023-09,1
LN102542,2025-03,0
LN102090,2025-10,1
LN105434,2025-05,0
LN103552,2025-11,0
LN100230,2025-07,1
LN108106,2024-08,1
LN104708,2025-11,1
LN101518,2025-04,1
LN103348,2022-06,0
LN108933,2023-01,1
LN103424,2024-08,1
LN106612,2025-07,0
LN101885,2025-07,0
LN102627,2021-08,1
LN100368,2023-10,0
LN107686,2022-07,0
LN105499,2022-08,1
LN100605,2024-03,0
LN101758,2024-04,0
LN105411,2024-07,1
LN107575,2024-12,0
LN100006,2023-04,0
LN106471,2024-01,1
LN102932,2025-07,0
LN101170,2024-02,0
LN107035,2022-02,0
LN101731,2025-02,0
LN104788,2022-10,1
LN107551,2023-08,1
LN101122,2024-12,0
LN108342,2023-10,0
LN102555,2023-08,1
LN104063,2024-12,0
LN108544,2023-11,0
LN105162,2024-05,1
LN105436,2024-02,0
LN105723,2024-11,0
LN108392,2025-10,1
LN103226,2024-06,0
LN104036,2024-05,0
LN107651,2023-09,0
LN100170,2025-10,1
LN107849,2024-10,0
LN107774,2023-09,0
LN108137,2024-12,0
LN106648,2025-09,0
LN108102,2022-04,1
LN102126,2024-06,1
LN105108,2024-12,0
LN108764,2023-06,0
LN105419,2025-03,1
LN107857,2022-05,1
LN103553,2024-04,1
LN102721,2024-03,0
LN101680,2024-11,0
LN100155,2024-05,0
LN100281,2025-11,0
LN100837,2024-07,0
LN105553,2024-05,0
LN106571,2025-02,1
LN103658,2024-03,0
LN105738,2023-03,0
LN106275,2022-03,0
LN108311,2025-12,0
LN103792,2022-10,0
LN106842,2023-09,0
LN108006,2023-02,1
LN105812,2025-11,1
LN102006,2025-11,0
LN107282,2025-11,0
LN101869,2025-05,1
LN108225,2024-11,1
LN105578,2025-08,0
LN103815,2023-02,0
LN103265,2025-03,0
LN107656,2025-10,0
LN106734,2022-10,0
LN102341,2025-11,0
LN100527,2025-09,0
LN103104,2024-04,1
LN102792,2024-02,0
LN100074,2025-06,0
LN108774,2025-01,0
LN103452,2024-08,1
LN107410,2022-04,0
LN102471,2022-12,0
LN103917,2024-07,0
LN108352,2024-12,1
LN105108,2022-11,1
LN103081,2025-12,1
LN102231,2022-06,0
LN103495,2024-09,0
LN100014,2024-05,1
LN100520,2023-08,0
LN106377,2024-09,0
LN105162,2025-06,0
LN104002,2024-06,1
LN105312,2024-03,0
LN107253,2025-05,1
LN101800,2024-04,1
LN106520,2025-06,0
LN107462,2022-03,1
LN105461,2023-11,0
LN108872,2025-10,0
LN107592,2024-05,1
LN105754,2024-03,0
LN102945,2023-10,0
LN100298,2024-04,0
LN103122,2025-07,0
LN105217,2023-12,1
LN102990,2025-12,1
LN104870,2024-06,0
LN100016,2025-11,0
LN100407,2025-07,0
LN102682,2023-04,0
LN104157,2025-09,0
LN108375,2024-06,0
LN103373,2023-05,1
LN105228,2024-08,0
LN106615,2023-05,1
LN103985,2025-09,1
LN107956,2024-01,0
LN105454,2024-08,1
LN106719,2024-08,1
LN106849,2024-09,1
LN106760,2025-07,0
LN107754,2022-10,1
LN100119,2023-06,0
LN105644,2024-03,1
LN101618,2025-06,1
LN102772,2023-04,0
LN108627,2025-06,1
LN108058,2024-06,1
LN103772,2025-07,1
LN107779,2025-12,0
LN104750,2023-10,1
LN100506,2024-06,0
LN104178,2025-03,1
LN108184,2024-01,1
LN104512,2022-09,0
LN100862,2025-03,0
LN108431,2023-08,0
LN103790,2023-05,0
LN108947,2025-02,0
LN106482,2025-03,0
LN104566,2025-04,0
LN106738,2023-05,1
LN108091,2022-09,0
LN106391,2025-11,0
LN106156,2024-02,1
LN100346,2025-11,0
LN105502,2022-11,0
LN100783,2022-04,1
LN103586,2023-04,0
LN105894,2023-12,0
LN103569,2023-03,0
LN101117,2025-01,0
LN105706,2024-05,0
LN100982,2025-11,0
LN103658,2024-10,0
LN105754,2022-04,0
LN102331,2024-09,0
LN101498,2024-12,0
LN108099,2025-01,0
LN105245,2023-06,0
LN103186,2024-03,1
LN103520,2024-06,1
LN102380,2023-03,1
LN107890,2022-07,1
LN105059,2024-06,1
LN104263,2025-08,0
LN108394,2022-06,1
LN103854,2025-02,1
LN102729,2025-11,1
LN100269,2023-08,1
LN107566,2024-02,0
LN106050,2024-05,0
LN102165,2025-03,1
LN100255,2024-08,0
LN102998,2023-02,0
LN107262,2025-11,0
LN107496,2024-06,1
LN105308,2023-02,0
LN107495,2025-09,0
LN102933,2024-10,1
LN103596,2022-09,0
LN101805,2024-12,1
LN108076,2024-11,1
LN108732,2024-07,0
LN102891,2023-10,0
LN103795,2023-01,0
LN106574,2024-11,0
LN100044,2024-01,0
LN103240,2023-12,1
LN103090,2023-01,1
LN102128,2021-11,1
LN106045,2023-12,0
LN100255,2024-10,0
LN101270,2022-11,1
LN107559,2025-03,1
LN108496,2025-08,0
LN108319,2023-08,0
LN108972,2022-11,0
LN101307,2022-06,0
LN100234,2024-09,0
LN105277,2024-09,0
LN101825,2025-12,0
LN102173,2025-01,1
LN102105,2022-12,0
LN106304,2022-07,0
LN103474,2023-02,1
LN101724,2023-10,0
LN105269,2025-01,0
LN104460,2023-05,0
LN100399,2024-07,0
LN106715,2025-02,0
LN106228,2022-09,0
LN101919,2024-04,0
LN106976,2025-02,0
LN102644,2023-05,0
LN101645,2025-10,0
LN100847,2024-11,0
LN101059,2023-07,0
LN100973,2024-04,0
LN106672,2025-09,0
LN106159,2023-03,0
LN104313,2024-05,0
LN106696,2025-05,1
LN106883,2023-03,0
LN101598,2025-05,0
LN106499,2023-09,1
LN105569,2023-01,0
LN101411,2024-09,0
LN104079,2025-04,0
LN100070,2025-11,0
LN104640,2024-07,0
LN103758,2023-12,0
LN105590,2025-04,1
LN106274,2025-04,1
LN102711,2022-06,0
LN100186,2023-03,1
LN108643,2024-03,0
LN108761,2024-09,0
LN105801,2025-08,0
LN102443,2025-12,0
LN102562,2023-12,1
LN103949,2022-03,1
LN106563,2024-06,1
LN107367,2024-07,0
LN102490,2024-03,0
LN106118,2024-05,0
LN103708,2024-06,0
LN107686,2022-12,0
LN103995,2022-10,1
LN103720,2024-08,0
LN100597,2024-06,0
LN108951,2025-02,0
LN106139,2025-09,0
LN105162,2025-07,0
LN105025,2022-04,0
LN107200,2025-03,0
LN104409,2022-09,1
LN108072,2024-12,0
LN105717,2024-07,1
LN101614,2022-01,1
LN103933,2024-05,0
LN101030,2023-12,0
LN103098,2023-07,0
LN108247,2023-01,1
LN104102,2025-04,0
LN104752,2024-04,0
LN104893,2023-11,0
LN100165,2025-10,1
LN103781,2023-08,0
LN107785,2025-12,0
LN106922,2023-07,0
LN106537,2025-03,0
LN108923,2024-09,0
LN105619,2023-07,0
LN108498,2024-11,0
LN103418,2022-01,1
LN104524,2025-04,1
LN101020,2022-08,0
LN106846,2021-12,0
LN106729,2023-01,0
LN102547,2024-03,0
LN108299,2024-03,1
LN100303,2025-09,0
LN102049,2024-09,0
LN101645,2024-11,1
LN103708,2025-06,0
LN107260,2025-06,0
LN105109,2022-07,0
LN102515,2025-03,0
LN103138,2024-06,0
LN107405,2024-03,1
LN103340,2023-08,0
LN107535,2023-07,0
LN107207,2024-06,0
LN108071,2025-04,0
LN105009,2024-01,0
LN102796,2025-03,0
LN101162,2025-03,0
LN106581,2025-12,0
LN104075,2022-07,0
LN104742,2023-03,0
LN100655,2025-12,0
LN106936,2023-07,1
LN106210,2024-05,0
LN100722,2025-06,1
LN106590,2023-05,1
LN106977,2025-04,0
LN106848,2023-10,0
LN103355,2024-06,1
LN108536,2025-06,0
LN105292,2023-02,0
LN107047,2023-09,0
LN104274,2025-08,1
LN102122,2025-12,0
LN107833,2023-09,1
LN107593,2024-09,1
LN100748,2025-10,0
LN106267,2023-06,0
LN101876,2025-08,1
LN105615,2025-05,0
LN108048,2025-08,1
LN104546,2024-01,0
LN103432,2022-07,0
LN106553,2023-03,1
LN102947,2024-01,0
LN106715,2023-06,0
LN108695,2025-08,0
LN108845,2024-03,1
LN102082,2025-10,0
LN104709,2023-02,0
LN103102,2022-10,1
LN108081,2024-04,0
LN103422,2023-11,0
LN106068,2022-09,0
LN108991,2025-05,0
LN106419,2023-11,0
LN104039,2022-12,0
LN105369,2025-12,1
LN108255,2023-07,1
LN106403,2025-12,0
LN106377,2025-08,0
LN102528,2025-04,0
LN103443,2025-04,0
LN104891,2024-07,1
LN106298,2025-05,0
LN108767,2023-09,0
LN104778,2022-06,0
LN100537,2024-07,0
LN102889,2025-11,1
LN100435,2022-02,1
LN106267,2022-02,0
LN104652,2025-08,0
LN103170,2024-11,0
LN103398,2023-07,0
LN103704,2024-11,0
LN101130,2024-11,0
LN105808,2024-12,0
LN107883,2022-08,0
LN107007,2023-11,0
LN101477,2023-10,0
LN100351,2021-08,0
LN101848,2024-03,0
LN104254,2023-05,1
LN103270,2022-09,0
LN102346,2025-09,0
LN101147,2024-07,0
LN102848,2022-12,0
LN100826,2024-03,1
LN105079,2023-11,0
LN101810,2023-05,0
LN103377,2025-11,1
LN100449,2024-04,0
LN100672,2024-07,1
LN105192,2023-12,0
LN103566,2025-05,0
LN105725,2025-05,0
LN102946,2025-06,0
LN100837,2023-04,0
LN104905,2025-07,1
LN104847,2022-05,0
LN100941,2024-11,0
LN106574,2022-01,0
LN100460,2024-09,0
LN100886,2023-07,0
LN106420,2023-10,1
LN107156,2025-07,0
LN108179,2025-08,1
LN104578,2024-07,0
LN107627,2025-09,0
LN107999,2024-04,0
LN108449,2023-07,1
LN103060,2023-07,0
LN101842,2024-08,0
LN100250,2022-12,0
LN104932,2025-07,0
LN103358,2025-12,0
LN103284,2023-11,1
LN101271,2023-01,0
LN100457,2024-06,0
LN102206,2022-07,0
LN102236,2022-06,0
LN103817,2024-12,1
LN103017,2022-07,1
LN108024,2025-06,0
LN106322,2022-12,0
LN107552,2023-07,0
LN105477,2024-02,0
LN103962,2024-01,0
LN101441,2025-10,0
LN101054,2022-09,0
LN108150,2025-04,0
LN100344,2025-09,0
LN104418,2024-12,1
LN107252,2025-01,0
LN104741,2023-03,0
LN102631,2024-09,0
LN107271,2024-01,1
LN103778,2024-12,1
LN101187,2024-10,0
LN107409,2022-06,0
LN106862,2022-06,1
LN108497,2025-06,0
LN100527,2023-01,0
LN100099,2024-03,1
LN107746,2024-07,1
LN107961,2023-04,1
LN100167,2023-04,1
LN103178,2022-12,1
LN100177,2025-03,1
LN105971,2025-10,1
LN101492,2023-10,1
LN104510,2023-02,0
LN107407,2024-05,1
LN107927,2025-06,1
LN107909,2023-04,1
LN108606,2025-01,1
LN101018,2024-06,0
LN102629,2023-01,1
LN105781,2023-07,0
LN105534,2022-05,1
LN103031,2024-09,0
LN107907,2025-08,0
LN108594,2024-10,0
LN105675,2022-10,1
LN105499,2022-02,0
LN103779,2024-07,1
LN101213,2024-08,0
LN106862,2023-01,0
LN102461,2022-12,0
LN105466,2025-03,1
LN103691,2025-06,0
LN104388,2023-04,0
LN106836,2024-11,1
LN100101,2024-04,0
LN100300,2025-03,0
LN108299,2023-02,1
LN106407,2024-01,0
LN104115,2023-03,0
LN107640,2025-01,0
LN106870,2022-05,0
LN103616,2023-11,1
LN107186,2023-02,0
LN106521,2022-05,1
LN101023,2024-07,0
LN107659,2025-08,1
LN100631,2025-03,0
LN103117,2025-08,0
LN105232,2024-04,0
LN105139,2025-12,0
LN108412,2024-02,0
LN106150,2023-11,0
LN104315,2025-01,1
LN103954,2023-10,0
LN105916,2024-11,0
LN107396,2024-04,1
LN105075,2023-09,0
LN103264,2023-05,0
LN107909,2023-02,0
LN103437,2025-04,0
LN100409,2021-11,0
LN103707,2025-11,1
LN108163,2023-12,0
LN106762,2023-04,0
LN102993,2025-01,0
LN104660,2024-12,0
LN105563,2023-09,0
LN108620,2023-12,0
LN107469,2025-11,1
LN102126,2025-12,0
LN102417,2023-05,0
LN100457,2024-12,0
LN105047,2024-08,0
LN104099,2023-11,0
LN105133,2023-03,0
LN104392,2023-10,0
LN105621,2023-08,1
LN103754,2023-06,1
LN108393,2022-03,0
LN103582,2024-01,0
LN102266,2024-01,0
LN107547,2025-11,0
LN103233,2022-05,0
LN104387,2024-08,0
LN106322,2022-10,0
LN103486,2024-03,0
LN107228,2024-10,0
LN108889,2023-05,1
LN105537,2025-02,1
LN100993,2024-07,1
LN101786,2025-05,0
LN101576,2024-01,0
LN106279,2023-02,1
LN107199,2025-05,0
LN102174,2024-11,0
LN104127,2024-03,0
LN103819,2025-03,0
LN103927,2023-07,0
LN105920,2022-09,0
LN104244,2025-10,0
LN107297,2024-09,1
LN106182,2023-11,0
LN100195,2022-07,0
LN108637,2025-04,1
LN100497,2025-11,0
LN108333,2022-03,0
LN101107,2025-02,0
LN106399,2025-10,0
LN100299,2022-12,1
LN106361,2025-06,0
LN106502,2025-11,0
LN104778,2024-03,0
LN101386,2025-07,0
LN105119,2024-09,0
LN100006,2024-01,0
LN108265,2024-11,0
LN100657,2024-08,0
LN107024,2022-03,0
LN103976,2025-12,1
LN101513,2023-04,0
LN100287,2025-06,0
LN106667,2022-08,0
LN104518,2025-04,0
LN107805,2024-03,0
LN105631,2023-08,0
LN102554,2025-04,0
LN107100,2024-04,0
LN104261,2022-12,0
LN105869,2024-12,0
LN106978,2025-05,1
LN103451,2022-02,0
LN108136,2025-01,0
LN106259,2024-10,0
LN104033,2024-02,1
LN104234,2022-07,0
LN100341,2025-08,0
LN104888,2025-06,0
LN104963,2023-09,0
LN108097,2024-10,0
LN102355,2023-03,0
LN101672,2023-10,0
LN104402,2023-05,0
LN100468,2022-07,1
LN102214,2024-09,0
LN102901,2025-02,0
LN108648,2025-09,0
LN100246,2025-02,1
LN101027,2024-08,0
LN101342,2022-11,1
LN106254,2025-10,0
LN103121,2025-11,1
LN104190,2025-06,0
LN104715,2023-11,0
LN101943,2023-09,1
LN107223,2023-09,0
LN107220,2024-11,0
LN102223,2024-07,0
LN101750,2025-12,0
LN102695,2025-10,0
LN104460,2023-07,0
LN108829,2022-08,1
LN105230,2023-05,0
LN101273,2025-07,1
LN106267,2023-03,0
LN106571,2025-05,1
LN100571,2025-10,0
LN108750,2025-04,0
LN106662,2024-01,0
LN102542,2025-06,0
LN100306,2023-02,0
LN108567,2024-05,1
LN106039,2023-07,0
LN107816,2024-05,0
LN106068,2025-03,1
LN104343,2024-06,0
LN105991,2025-05,0
LN106468,2024-01,1
LN107832,2025-04,0
LN100401,2024-12,0
LN100896,2025-02,0
LN107930,2023-07,0
LN103952,2024-01,1
LN103732,2023-09,0
LN108950,2022-11,1
LN105823,2022-09,1
LN104922,2023-11,0
LN108627,2025-10,0
LN101077,2022-07,1
LN103055,2024-08,0
LN100898,2022-04,1
LN105952,2023-07,1
LN102427,2022-12,0
LN107472,2025-07,0
LN102786,2023-08,0
LN107281,2024-11,1
LN100082,2025-06,1
LN108675,2024-08,0
LN101625,2025-09,0
LN106220,2023-09,1
LN106656,2024-10,0
LN100379,2024-06,1
LN104145,2022-12,0
LN100035,2021-11,0
LN108502,2024-04,0
LN105343,2023-03,0
LN101615,2022-04,0
LN108449,2023-02,0
LN100646,2023-10,0
LN107169,2024-10,1
LN108401,2023-03,0
LN105309,2025-04,0
LN103028,2023-10,0
LN105673,2024-06,0
LN104397,2025-06,0
LN102292,2023-04,1
LN100068,2021-11,0
LN104503,2024-10,0
LN101927,2024-11,0
LN105964,2024-04,0
LN100194,2025-03,0
LN108019,2025-08,0
LN108181,2022-12,0
LN102643,2024-03,0
LN105896,2024-06,1
LN101623,2023-07,0
LN105936,2025-03,0
LN104155,2023-02,0
LN102159,2023-07,0
LN101432,2025-12,0
LN104339,2025-03,1
LN102115,2024-06,1
LN106302,2024-02,1
LN100804,2024-11,1
LN108945,2025-02,0
LN101816,2025-12,0
LN100102,2025-08,0
LN101849,2024-06,0
LN101207,2025-09,1
LN107838,2024-09,0
LN103547,2025-11,0
LN102655,2025-02,0
LN101027,2022-08,0
LN106001,2025-04,0
LN106719,2025-03,1
LN104204,2024-12,1
LN100320,2022-09,0
LN104525,2023-02,0
LN106892,2025-08,0
LN103532,2024-12,0
LN101151,2025-08,1
LN101325,2024-03,1
LN108930,2025-08,0
LN101638,2025-04,0
LN104157,2023-01,0
LN102294,2025-06,1
LN107707,2023-03,0
LN103303,2022-12,0
LN100728,2023-06,0
LN106317,2025-07,1
LN100172,2024-08,1
LN106020,2022-10,0
LN103262,2025-04,0
LN100722,2025-12,1
LN108988,2024-05,0
LN108567,2023-04,1
LN107890,2022-12,1
LN108594,2022-04,0
LN103893,2024-06,1
LN107159,2022-10,0
LN100153,2023-08,0
LN100526,2025-03,1
LN107775,2025-02,1
LN108282,2025-11,0
LN100295,2023-06,1
LN108883,2023-07,1
LN108307,2024-03,1
LN101527,2024-02,0
LN104770,2023-11,0
LN104684,2025-01,0
LN104371,2023-09,0
LN100237,2024-07,0
LN104977,2023-05,0
LN107939,2024-10,0
LN108818,2025-06,1
LN107358,2024-08,1
LN100863,2024-06,0
LN104348,2025-12,0
LN104541,2025-04,0
LN104460,2024-10,0
LN101542,2024-11,0
LN101943,2024-10,1
LN100235,2025-12,0
LN102170,2025-11,0
LN103237,2025-05,0
LN103980,2024-06,1
LN104935,2024-03,1
LN105073,2025-06,0
LN105538,2024-11,0
LN107321,2023-05,0
LN104051,2024-01,1
LN103018,2024-08,1
LN106036,2024-10,1
LN108034,2025-11,1
LN103986,2023-08,0
LN107676,2024-12,0
LN100466,2024-04,0
LN106779,2022-09,0
LN107189,2024-01,1
LN104847,2025-07,0
LN108663,2025-03,0
LN103661,2024-08,0
LN107516,2021-08,0
LN108220,2025-05,1
LN104724,2025-01,0
LN102167,2024-08,0
LN105815,2024-03,0
LN106388,2022-08,0
LN108725,2023-10,0
LN101306,2025-02,1
LN102057,2025-02,0
LN101789,2025-01,1
LN105708,2024-03,1
LN106974,2024-07,1
LN104956,2025-07,0
LN103041,2025-10,1
LN108505,2023-08,1
LN105971,2023-04,0
LN106990,2024-03,0
LN108522,2024-04,0
LN108877,2024-07,1
LN102894,2023-04,0
LN104313,2025-01,0
LN100216,2025-12,0
LN108891,2025-05,0
LN108931,2023-08,1
LN103293,2025-10,0
LN100453,2024-02,0
LN107947,2024-08,0
LN107589,2023-06,1
LN107019,2025-02,0
LN101485,2025-05,1
LN100608,2024-12,1
LN101643,2025-12,0
LN101042,2024-06,0
LN101561,2023-12,1
LN106533,2022-04,0
LN106530,2022-02,0
LN105790,2024-07,1
LN102174,2023-11,0
LN106769,2023-03,0
LN100169,2021-12,0
LN100348,2022-11,1
LN105502,2023-05,0
LN100203,2025-10,1
LN107987,2025-04,1
LN106545,2024-12,1
LN108631,2025-03,0
LN108213,2024-10,1
LN102285,2025-12,0
LN106689,2025-03,0
LN104443,2023-11,0
LN105629,2021-10,1
LN102174,2025-10,1
LN107188,2024-05,0
LN107100,2024-08,0
LN102446,2024-04,0
LN105043,2023-07,1
LN105102,2023-03,0
LN108729,2025-07,0
LN100397,2024-12,0
LN104830,2023-09,1
LN108405,2022-02,0
LN107503,2023-08,0
LN105199,2025-08,0
LN106667,2023-11,1
LN101284,2025-05,0
LN108683,2022-02,1
LN104059,2024-12,0
LN108085,2025-02,0
LN105861,2024-11,0
LN106706,2022-02,0
LN103804,2022-11,0
LN103823,2024-11,0
LN106867,2025-06,0
LN101953,2023-04,1
LN103675,2025-03,1
LN107973,2023-11,0
LN101703,2022-12,0
LN100479,2025-10,1
LN103044,2025-04,0
LN103514,2023-10,0
LN106439,2024-07,0
LN101254,2025-06,0
LN102263,2024-08,0
LN104027,2023-03,1
LN106603,2022-11,0
LN105033,2024-04,0
LN106690,2024-06,0
LN103078,2022-06,0
LN104555,2025-08,0
LN103806,2022-03,1
LN108895,2025-10,1
LN104611,2025-06,1
LN103176,2024-05,0
LN105109,2024-08,0
LN106434,2025-09,1
LN106150,2025-03,0
LN103914,2025-05,1
LN101260,2024-07,0
LN101100,2024-08,0
LN102144,2023-07,1
LN108550,2024-09,0
LN103687,2025-03,0
LN100249,2022-02,0
LN107488,2023-12,0
LN105978,2022-03,0
LN106157,2024-01,1
LN105026,2025-06,0
LN102391,2024-08,1
LN102815,2022-05,1
LN103675,2025-06,0
LN101329,2024-12,0
LN103192,2025-03,1
LN100921,2025-05,0
LN101677,2024-05,0
LN105109,2025-05,0
LN100532,2022-11,0
LN106608,2021-12,0
LN105707,2024-09,1
LN107225,2024-09,0
LN101417,2023-09,0
LN103450,2024-01,0
LN102555,2023-05,0
LN106450,2024-08,0
LN102585,2023-06,0
LN107730,2025-06,0
LN102803,2023-11,0
LN100234,2025-08,1
LN107505,2024-08,0
LN105105,2024-12,0
LN106718,2024-01,0
LN103462,2025-12,1
LN104113,2025-07,0
LN102798,2024-10,0
LN102065,2025-01,0
LN105230,2023-10,1
LN100435,2023-03,0
LN100889,2023-12,0
LN100306,2025-04,1
LN104055,2025-12,0
LN106278,2025-08,0
LN102556,2025-12,0
LN107729,2024-11,0
LN102426,2024-10,1
LN103991,2024-03,1
LN105679,2022-04,0
LN105170,2024-03,0
LN108053,2024-01,1
LN100154,2024-07,0
LN103443,2024-11,0
LN104165,2025-10,1
LN100546,2023-03,1
LN101704,2025-10,0
LN107041,2023-05,0
LN107960,2022-11,0
LN107715,2023-11,0
LN100146,2022-07,0
LN103026,2022-09,1
LN107866,2025-01,1
LN103988,2025-12,0
LN107584,2022-02,0
LN104783,2024-08,1
LN100257,2023-01,0
LN100383,2022-05,0
LN102784,2025-09,0
LN104303,2022-12,0
LN107398,2023-10,0
LN106877,2025-03,1
LN100271,2022-01,0
LN108097,2022-12,0
LN100280,2025-01,0
LN102329,2025-02,0
LN105609,2024-02,0
LN101960,2025-12,1
LN103972,2023-08,0
LN102846,2025-12,0
LN101397,2023-10,0
LN101405,2023-07,0
LN101405,2024-01,0
LN100758,2023-07,1
LN104471,2025-04,0
LN108497,2024-09,0
LN103179,2024-08,0
LN103523,2024-07,1
LN101509,2025-01,0
LN100300,2023-12,0
LN108387,2024-12,0
LN106221,2023-08,1
LN108225,2024-06,1
LN101930,2024-02,0
LN106103,2023-04,1
LN103699,2024-12,1
LN103556,2025-10,0
LN105083,2025-08,0
LN104692,2025-07,0
LN106415,2024-02,0
LN102613,2024-03,0
LN102778,2024-10,0
LN107736,2024-05,0
LN100407,2024-03,0
LN105004,2025-12,0
LN104082,2024-12,0
LN100695,2022-10,1
LN105631,2024-05,1
LN104341,2024-05,1
LN104855,2025-12,0
LN108644,2025-03,0
LN101045,2025-06,1
LN106156,2025-11,1
LN101875,2022-01,0
LN106050,2023-07,1
LN108381,2022-02,1
LN104808,2025-10,0
LN105097,2023-10,1
LN108194,2023-06,0
LN107865,2023-06,0
LN104752,2024-12,0
LN107005,2025-08,0
LN103523,2023-05,0
LN104513,2025-11,1
LN103635,2023-06,0
LN102877,2025-04,1
LN104642,2025-08,0
LN102596,2023-12,0
LN105143,2024-10,0
LN103762,2025-08,0
LN102334,2025-06,1
LN102357,2024-07,0
LN101629,2023-03,1
LN108157,2022-09,0
LN106688,2024-03,0
LN104582,2023-04,0
LN100583,2022-06,1
LN102970,2025-12,0
LN101063,2024-09,1
LN103781,2022-06,0
LN100794,2024-09,0
LN105629,2023-03,0
LN107508,2024-07,0
LN104185,2024-03,1
LN102662,2024-10,1
LN100865,2024-03,0
LN101005,2025-07,1
LN101141,2024-05,0
LN106805,2023-06,0
LN100502,2025-12,1
LN105178,2025-12,1
LN104274,2023-11,0
LN102429,2024-03,1
LN103708,2025-04,0
LN100598,2024-12,1
LN104922,2023-08,0
LN107938,2022-02,0
LN105894,2025-01,0
LN106288,2023-11,0
LN104774,2024-12,1
LN106271,2025-07,1
LN106376,2025-03,0
LN101422,2024-11,0
LN105154,2024-08,0
LN107759,2023-02,0
LN100535,2022-02,0
LN101780,2024-09,0
LN106654,2022-08,1
LN105801,2022-12,0
LN103724,2025-04,0
LN107964,2023-03,1
LN104726,2022-10,0
LN107555,2021-10,0
LN106886,2024-11,0
LN103406,2024-03,1
LN105344,2023-09,1
LN103116,2025-02,0
LN106945,2025-02,0
LN101014,2023-05,0
LN108085,2023-07,0
LN104007,2024-03,1
LN102883,2023-08,0
LN100065,2023-04,1
LN106721,2025-11,0
LN106560,2025-02,1
LN101308,2024-05,0
LN107452,2024-07,1
LN103851,2024-04,1
LN100439,2024-08,1
LN102110,2023-05,1
LN108453,2025-09,0
LN105670,2025-02,0
LN105927,2024-05,0
LN100616,2025-08,0
LN101089,2023-11,1
LN101998,2022-12,0
LN108955,2023-04,0
LN105688,2024-08,1
LN100467,2025-11,0
LN103667,2025-10,1
LN101848,2024-06,1
LN101120,2024-07,1
LN102406,2025-01,0
LN101407,2025-07,0
LN102237,2023-01,1
LN104036,2025-04,1
LN105766,2023-01,0
LN106360,2024-09,0
LN104602,2022-11,0
LN101582,2024-11,0
LN102317,2025-09,1
LN108441,2023-06,1
LN103594,2022-05,0
LN103340,2025-01,0
LN106784,2022-09,1
LN105384,2023-10,1
LN101067,2024-03,1
LN102466,2024-03,0
LN106377,2025-06,0
LN105725,2023-02,0
LN100211,2024-08,0
LN104065,2025-05,0
LN105614,2025-08,1
LN105082,2023-10,0
LN105412,2023-10,0
LN102458,2025-05,0
LN103706,2025-04,0
LN102707,2024-04,1
LN100937,2023-01,0
LN103103,2025-05,0
LN100754,2025-09,1
LN100638,2025-04,1
LN101609,2022-11,0
LN102756,2024-10,1
LN104210,2024-02,1
LN106948,2022-11,0
LN104328,2025-03,0
LN106554,2024-11,0
LN103826,2023-10,0
LN107506,2023-12,0
LN103115,2024-01,1
LN102642,2025-02,0
LN106319,2025-06,0
LN107138,2022-12,0
LN106682,2025-12,1
LN103144,2024-09,0
LN107838,2025-06,0
LN102075,2023-04,1
LN108081,2023-12,0
LN102099,2023-01,0
LN106960,2025-05,0
LN107385,2024-01,0
LN102062,2022-07,1
LN102426,2023-02,0
LN104407,2023-09,0
LN108125,2022-04,1
LN104433,2022-12,0
LN105273,2024-08,0
LN106998,2024-07,0
LN103583,2025-06,0
LN106633,2025-07,1
LN106957,2024-10,1
LN104652,2023-01,0
LN102241,2024-04,0
LN101749,2025-02,0
LN103728,2025-12,0
LN108740,2022-08,0
LN102404,2024-12,1
LN105287,2024-08,0
LN102042,2025-02,1
LN103893,2023-02,1
LN104081,2023-07,0
LN101514,2024-02,0
LN102479,2025-08,1
LN104654,2023-02,0
LN100520,2025-09,1
LN104032,2024-01,0
LN102911,2024-08,0
LN105424,2022-07,0
LN105784,2024-04,0
LN105963,2023-06,1
LN105757,2024-03,1
LN102272,2023-07,0
LN102021,2023-10,0
LN101583,2023-07,1
LN105623,2025-03,0
LN103236,2025-01,0
LN108490,2024-10,0
LN104127,2021-12,0
LN103682,2024-11,0
LN102898,2024-04,0
LN100314,2024-03,1
LN106742,2025-09,1
LN101828,2024-11,0
LN100323,2025-04,0
LN105971,2025-07,1
LN106868,2024-06,0
LN104810,2023-07,0
LN101148,2025-01,0
LN102426,2022-01,0
LN104081,2023-08,1
LN102418,2025-11,0
LN108329,2024-04,0
LN103240,2024-09,0
LN100899,2025-09,0
LN101531,2025-03,0
LN107630,2023-11,0
LN106250,2024-10,0
LN104735,2024-06,0
LN101517,2024-02,0
LN100514,2025-10,0
LN104530,2024-03,0
LN100146,2025-11,1
LN108566,2024-10,0
LN104039,2024-07,0
LN101866,2023-09,0
LN100566,2023-05,0
LN106193,2023-02,0
LN105798,2025-04,1
LN104070,2024-05,1
LN103228,2024-08,0
LN103420,2023-09,0
LN107352,2024-08,0
LN103720,2025-04,1
LN105728,2024-05,1
LN106811,2025-11,0
LN104610,2021-10,0
LN101039,2025-05,1
LN103741,2022-10,0
LN102037,2021-08,0
LN104837,2022-01,0
LN102779,2022-10,0
LN107219,2023-11,1
LN101724,2025-07,0
LN105826,2022-02,0
LN105057,2025-01,0
LN103268,2023-12,1
LN103729,2025-08,0
LN102299,2025-08,0
LN104667,2025-06,0
LN106311,2024-07,0
LN105262,2023-07,1
LN106804,2025-10,0
LN103896,2025-12,0
LN100568,2025-03,0
LN105070,2025-07,1
LN100995,2025-12,1
LN104884,2024-12,0
LN102665,2024-02,1
LN103314,2025-09,1
LN103261,2025-01,0
LN105415,2024-12,0
LN101837,2024-04,0
LN107810,2025-01,0
LN107828,2024-07,0
LN105462,2025-11,0
LN103304,2024-11,0
LN102809,2023-07,0
LN100012,2025-07,1
LN106195,2023-04,0
LN101410,2021-09,1
LN106355,2025-04,0
LN100603,2025-04,0
LN103437,2025-03,0
LN103669,2022-07,0
LN106038,2023-02,0
LN106163,2025-11,1
LN101881,2024-03,0
LN105973,2024-08,0
LN104449,2025-11,0
LN106711,2024-02,0
LN102919,2023-09,0
LN108806,2025-10,0
LN108601,2023-03,1
LN100480,2024-03,1
LN102231,2023-11,0
LN107538,2023-08,0
LN106443,2024-09,0
LN101252,2022-03,0
LN106141,2021-10,1
LN101115,2023-08,0
LN103841,2025-11,0
LN103815,2024-11,0
LN101183,2023-03,0
LN105297,2025-12,1
LN106233,2023-10,0
LN108284,2024-04,0
LN105687,2024-08,1
LN101810,2023-08,0
LN106559,2024-06,0
LN102806,2025-03,1
LN103145,2025-06,0
LN104886,2025-04,0
LN103220,2024-09,0
LN101680,2025-07,0
LN100615,2025-02,1
LN102463,2023-11,0
LN103046,2024-03,0
LN104037,2025-05,1
LN107880,2023-07,0
LN108812,2025-11,1
LN104025,2024-09,0
LN102938,2025-01,0
LN103418,2023-06,0
LN103254,2024-06,0
LN104157,2025-08,0
LN105764,2023-01,1
LN102444,2025-01,0
LN100307,2023-10,0
LN107744,2023-03,0
LN102138,2024-09,0
LN105738,2023-07,0
LN106774,2025-06,0
LN106139,2024-09,0
LN103250,2023-11,0
LN107325,2025-08,0
LN107788,2025-06,1
LN101565,2024-01,0
LN106368,2025-08,0
LN106271,2025-06,0
LN105806,2024-04,0
LN107418,2025-02,0
LN105746,2023-05,0
LN105619,2022-09,1
LN107274,2025-08,0
LN108897,2025-07,0
LN101917,2024-01,0
LN104837,2021-12,1
LN100266,2023-08,0
LN106414,2023-05,0
LN108962,2025-06,0
LN105380,2025-11,0
LN104099,2023-09,0
LN107462,2025-12,0
LN108164,2024-01,0
LN101815,2022-02,0
LN102721,2025-11,0
LN108104,2023-11,0
LN105901,2022-04,0
LN101760,2025-03,0
LN107371,2021-10,0
LN101462,2025-02,0
LN103828,2024-12,0
LN101575,2024-12,0
LN108979,2025-10,0
LN102088,2025-01,0
LN102503,2025-09,0
LN101207,2024-05,0
LN103320,2021-10,0
LN101712,2025-11,1
LN103918,2021-10,0
LN101013,2023-03,0
LN103036,2025-04,0
LN100603,2022-08,0
LN104475,2023-12,0
LN101554,2023-02,1
LN102320,2025-09,1
LN108700,2024-03,0
LN105146,2024-11,1
LN103373,2024-06,1
LN101857,2024-09,0
LN106666,2022-05,0
LN103816,2025-03,1
LN106335,2023-05,0
LN101617,2024-04,0
LN101076,2025-07,0
LN106858,2025-10,0
LN103413,2024-01,1
LN101972,2025-10,0
LN108616,2024-06,0
LN108612,2023-03,0
LN108088,2025-01,0
LN105108,2023-06,1
LN108919,2024-08,0
LN105182,2025-10,0
LN101852,2025-02,1
LN101437,2023-10,0
LN104373,2025-12,0
LN107611,2025-11,0
LN104185,2025-11,1
LN102082,2023-03,0
LN106869,2023-09,0
LN102822,2022-03,0
LN108651,2023-11,0
LN105265,2025-07,0
LN103689,2024-10,1
LN106516,2023-03,0
LN107795,2025-05,0
LN100731,2025-01,1
LN105929,2023-04,0
LN106044,2024-08,1
LN106063,2021-12,0
LN105532,2024-07,0
LN105212,2024-08,0
LN102595,2025-03,0
LN105584,2023-12,1
LN102656,2022-12,0
LN103083,2023-04,1
LN105376,2022-12,0
LN108230,2025-11,0
LN108207,2025-10,1
LN108527,2025-03,1
LN103888,2023-06,0
LN102003,2024-05,0
LN103277,2023-02,0
LN106202,2022-10,0
LN100854,2025-12,0
LN101293,2024-05,1
LN106784,2025-06,0
LN101298,2025-09,0
LN101177,2022-03,0
LN103859,2024-10,0
LN104703,2024-10,0
LN107688,2022-04,0
LN102575,2024-12,1
LN108381,2023-03,0
LN101025,2022-12,1
LN103735,2023-03,0
LN102373,2025-07,0
LN107958,2024-12,0
LN106175,2024-11,1
LN104353,2023-04,0
LN108182,2025-01,1
LN102619,2025-10,0
LN106920,2024-04,0
LN106782,2024-03,1
LN107110,2022-10,1
LN106891,2025-03,0
LN101949,2023-05,0
LN103380,2025-06,0
LN104165,2024-04,1
LN105966,2024-01,0
LN103002,2024-11,1
LN103498,2024-12,0
LN106866,2024-01,0
LN101292,2023-06,0
LN101560,2024-03,1
LN100466,2023-04,0
LN103162,2025-04,0
LN107550,2023-07,0
LN101808,2022-04,0
LN101501,2024-09,1
LN104382,2023-05,0
LN106287,2023-09,0
LN108961,2025-07,0
LN100790,2024-08,0
LN106743,2022-12,0
LN106822,2025-04,0
LN105162,2023-06,0
LN102034,2025-07,0
LN101890,2023-01,0
LN102858,2025-11,0
LN106166,2023-11,0
LN105799,2025-06,1
LN108595,2025-08,0
LN103525,2023-03,1
LN104045,2024-02,1
LN102708,2025-10,0
LN102986,2025-01,0
LN100605,2025-10,0
LN107355,2023-10,1
LN105925,2023-11,0
LN102297,2025-01,0
LN102618,2024-02,0
LN106659,2022-12,0
LN107997,2023-08,1
LN104976,2025-03,0
LN102602,2024-10,1
LN108271,2022-05,1
LN100051,2023-09,0
LN103816,2023-12,1
LN107418,2024-09,0
LN100599,2025-01,0
LN100960,2022-07,0
LN106827,2022-12,0
LN107699,2025-02,1
LN101543,2025-03,1
LN108548,2025-01,0
LN100613,2022-12,1
LN103103,2025-09,1
LN107210,2025-08,0
LN105132,2024-05,0
LN101510,2024-01,0
LN107959,2025-03,1
LN107261,2023-11,0
LN106101,2025-06,0
LN103460,2025-12,0
LN106760,2023-05,0
LN100712,2025-07,0
LN102604,2024-04,1
LN105553,2024-02,1
LN101395,2025-09,0
LN100565,2022-07,1
LN103208,2023-01,0
LN101682,2022-09,0
LN102560,2024-10,0
LN106746,2022-07,1
LN101543,2023-08,0
LN105883,2025-09,0
LN105298,2024-02,0
LN103024,2024-01,0
LN107497,2024-06,0
LN103385,2023-11,0
LN106056,2025-06,1
LN103986,2023-04,0
LN105830,2023-08,0
LN107035,2025-05,1
LN101666,2024-08,1
LN108360,2022-02,1
LN102698,2024-09,1
LN106058,2024-07,0
LN106630,2024-10,0
LN101853,2025-12,0
LN105927,2024-04,1
LN102270,2024-02,0
LN102383,2024-02,0
LN103993,2023-05,0
LN108946,2025-02,0
LN101028,2023-08,1
LN104710,2025-05,1
LN102328,2025-08,1
LN101094,2023-06,0
LN105935,2024-03,0
LN104049,2025-09,1
LN101777,2022-12,0
LN106165,2024-01,1
LN104242,2025-09,1
LN102489,2025-03,0
LN103183,2024-06,0
LN103058,2024-09,0
LN101391,2025-10,0
LN101424,2022-05,0
LN107818,2025-02,0
LN107810,2024-06,0
LN106036,2025-04,0
LN101580,2023-08,1
LN103433,2025-06,1
LN100171,2022-01,0
LN108361,2024-07,0
LN108019,2024-04,0
LN100519,2023-07,0
LN104051,2023-11,0
LN101980,2025-09,0
LN100533,2022-11,1
LN103038,2023-08,1
LN102201,2022-03,1
LN100961,2024-12,0
LN108421,2024-07,0
LN101946,2022-12,0
LN105858,2024-11,0
LN101572,2025-03,1
LN106545,2025-12,0
LN105733,2023-02,1
LN107911,2025-03,0
LN103249,2024-04,0
LN105216,2025-08,1
LN104505,2025-05,0
LN103558,2024-12,0
LN101324,2024-07,1
LN101320,2023-05,0
LN107427,2024-05,0
LN103831,2025-09,0
LN105582,2024-03,0
LN108529,2025-07,0
LN104624,2023-08,1
LN103290,2024-02,1
LN102064,2023-12,1
LN107327,2025-07,0
LN106989,2023-05,1
LN107237,2024-03,1
LN107800,2024-04,0
LN105898,2024-04,0
LN101468,2025-09,0
LN103064,2025-09,0
LN103859,2023-06,0
LN102347,2024-03,1
LN108027,2023-10,1
LN103700,2022-03,1
LN101371,2022-09,0
LN107304,2025-08,0
LN100889,2024-11,0
LN108292,2022-08,0
LN104984,2023-11,1
LN107180,2024-10,1
LN107260,2023-06,0
LN106555,2024-06,0
LN102489,2024-05,0
LN100188,2024-10,0
LN101930,2023-04,0
LN102673,2024-06,0
LN102558,2024-02,1
LN105474,2022-06,0
LN104481,2025-05,0
LN104527,2022-06,1
LN102485,2025-04,0
LN106849,2023-11,1
LN105641,2024-09,0
LN101855,2025-03,0
LN101776,2024-05,1
LN102717,2025-07,0
LN101041,2025-05,0
LN105687,2022-10,0
LN107160,2025-12,0
LN104040,2025-07,0
LN104892,2023-03,1
LN102297,2024-11,1
LN103580,2025-02,0
LN103714,2025-02,0
LN105927,2025-01,0
LN101475,2023-09,1
LN102695,2025-02,0
LN101144,2024-06,0
LN106104,2025-04,0
LN104390,2023-04,0
LN102953,2023-08,0
LN102234,2024-12,0
LN107020,2024-06,0
LN102761,2024-07,0
LN102452,2022-11,0
LN107117,2024-08,0
LN108129,2025-10,1
LN106364,2024-09,0
LN100656,2024-06,0
LN103446,2022-12,1
LN102001,2024-09,1
LN103715,2022-09,1
LN103272,2024-01,0
LN100128,2023-12,1
LN107646,2023-07,1
LN101174,2024-12,0
LN106925,2021-11,0
LN104333,2025-10,0
LN104870,2024-04,0
LN105940,2023-01,1
LN108782,2025-05,1
LN102485,2023-09,1
LN108310,2023-05,0
LN107240,2024-04,0
LN103852,2024-02,0
LN100232,2025-11,0
LN101228,2025-08,0
LN101903,2022-10,0
LN103429,2022-11,1
LN104166,2023-10,1
LN107537,2024-10,0
LN100632,2025-02,0
LN108169,2025-03,0
LN108052,2025-08,0
LN103154,2025-12,0
LN107367,2024-10,1
LN102175,2024-09,1
LN106811,2024-10,1
LN108829,2025-01,0
LN100287,2025-02,0
LN105419,2024-12,0
LN102343,2024-02,1
LN100118,2024-02,0
LN105555,2024-05,0
LN101684,2024-05,1
LN103017,2024-06,0
LN104043,2022-05,1
LN107170,2025-01,0
LN107133,2024-08,1
LN106256,2024-04,0
LN108289,2024-07,0
LN105502,2023-08,0
LN106272,2024-10,0
LN104150,2023-11,0
LN101511,2024-09,1
LN101837,2023-03,0
LN101557,2025-01,1
LN101952,2023-03,0
LN102418,2023-05,0
LN101537,2024-01,0
LN106413,2025-04,0
LN108942,2025-05,1
LN102145,2023-08,0
LN104724,2023-09,1
LN108063,2025-01,0
LN107076,2025-04,0
LN102559,2025-08,1
LN105823,2025-03,0
LN106281,2022-07,1
LN106943,2024-06,0
LN105838,2024-08,0
LN107647,2022-02,0
LN101093,2024-07,1
LN106095,2023-09,0
LN102062,2025-02,0
LN106775,2024-10,0
LN103144,2024-08,1
LN104904,2022-10,0
LN104764,2024-01,0
LN101580,2025-01,0
LN102545,2024-06,0
LN104457,2025-07,1
LN104999,2024-11,0
LN106359,2024-10,1
LN106062,2025-08,0
LN102176,2022-05,0
LN101898,2025-02,0
LN108120,2025-12,0
LN106054,2024-06,0
LN105644,2025-01,0
LN101141,2025-10,1
LN106989,2022-12,0
LN100479,2023-06,1
LN108818,2024-12,1
LN101288,2022-07,1
LN103112,2023-10,0
LN106106,2023-10,0
LN101945,2025-02,1
LN102797,2023-09,0
LN106922,2024-12,0
LN108656,2023-04,0
LN100132,2025-12,0
LN103921,2025-03,0
LN106461,2024-07,0
LN105163,2025-02,0
LN102726,2023-02,1
LN106299,2024-06,0
LN103786,2022-05,0
LN106192,2022-12,1
LN102604,2025-06,0
LN101631,2024-12,1
LN108943,2024-08,0
LN106875,2025-01,0
LN108980,2025-01,0
LN102106,2025-03,0
LN107666,2025-03,1
LN104909,2024-05,1
LN108774,2023-10,0
LN108970,2025-07,0
LN102084,2023-05,0
LN100486,2023-05,0
LN106227,2025-07,1
LN105010,2025-02,0
LN107764,2023-06,0
LN107377,2025-06,0
LN106023,2025-04,0
LN104966,2024-06,0
LN100466,2022-03,0
LN107138,2022-08,0
LN100468,2024-05,0
LN101307,2022-10,0
LN105026,2025-11,0
LN107889,2024-01,0
LN105281,2024-04,0
LN105257,2025-03,0
LN108333,2021-08,0
LN100353,2024-12,0
LN107753,2022-04,0
LN101556,2025-11,1
LN105690,2023-02,0
LN101599,2024-09,0
LN104820,2025-06,1
LN103573,2025-01,0
LN100240,2023-03,0
LN100079,2024-04,0
LN108793,2023-11,0
LN101026,2023-11,0
LN107413,2023-06,1
LN104368,2025-05,1
LN107065,2023-10,1
LN106273,2025-01,1
LN100908,2025-04,1
LN108494,2023-08,0
LN101875,2022-08,1
LN103404,2025-08,0
LN103696,2023-03,1
LN100852,2025-07,0
LN104779,2022-11,0
LN102791,2025-01,0
LN105401,2024-07,0
LN102931,2025-02,1
LN105156,2025-11,0
LN102182,2024-02,1
LN106565,2024-01,0
LN100522,2025-01,0
LN105411,2025-02,0
LN107635,2023-07,0
LN106545,2024-05,0
LN100234,2023-09,0
LN108697,2024-02,0
LN105754,2022-12,0
LN106048,2024-06,0
LN106220,2025-04,0
LN105957,2024-04,0
LN105183,2025-07,0
LN102868,2025-08,1
LN105364,2024-08,1
LN104127,2025-07,1
LN105482,2024-08,1
LN104662,2024-01,0
LN103308,2023-12,0
LN108110,2025-01,0
LN106773,2023-07,0
LN104713,2023-04,0
LN104315,2022-09,0
LN103685,2023-07,0
LN105753,2023-11,0
LN100663,2024-12,0
LN102943,2023-11,1
LN105846,2022-07,0
LN102240,2025-09,0
LN100320,2024-02,0
LN101298,2025-07,1
LN103993,2022-06,1
LN107268,2023-07,0
LN106064,2023-06,0
LN104340,2024-07,0
LN108634,2025-08,0
LN108287,2024-04,0
LN106835,2025-10,0
LN105962,2024-05,0
LN103777,2024-06,0
LN106268,2024-01,0
LN100990,2025-10,0
LN105655,2025-05,0
LN106393,2023-09,0
LN103847,2024-03,0
LN101340,2025-09,0
LN104489,2025-10,1
LN105829,2023-12,0
LN100455,2024-12,0
LN104750,2024-06,1
LN102498,2025-02,0
LN101590,2025-02,0
LN102954,2024-08,0
LN104086,2024-10,1
LN100333,2025-09,1
LN105168,2024-09,1
LN107199,2023-08,1
LN104020,2024-08,1
LN103751,2025-12,0
LN107597,2023-10,0
LN102978,2025-07,0
LN102932,2025-12,1
LN107446,2023-08,1
LN102265,2023-04,1
LN103638,2022-01,1
LN103815,2022-06,0
LN105802,2024-01,0
LN103111,2025-02,0
LN108552,2025-12,1
LN107623,2022-08,1
LN108160,2022-05,0
LN103441,2022-02,1
LN104726,2023-01,0
LN102426,2023-05,1
LN102462,2024-12,0
LN100075,2023-10,0
LN103136,2025-02,0
LN106261,2025-02,0
LN104941,2023-11,0
LN103172,2023-10,0
LN108747,2022-07,0
LN105279,2022-08,0
LN108112,2024-07,0
LN103639,2025-01,0
LN108254,2025-08,0
LN107034,2024-10,0
LN104244,2025-02,0
LN102132,2023-05,1
LN104095,2025-06,1
LN107515,2023-01,0
LN106781,2023-02,1
LN100970,2022-09,1
LN101454,2023-12,0
LN100170,2025-07,1
LN107236,2025-05,0
LN101510,2024-07,0
LN104679,2023-09,0
LN106273,2024-07,1
LN101030,2025-12,0
LN102958,2023-12,0
LN108982,2024-09,1
LN105414,2024-02,0
LN102003,2025-06,1
LN100346,2025-12,0
LN105376,2022-05,0
LN105825,2025-06,0
LN103746,2024-08,0
LN107768,2022-07,0
LN106694,2024-06,1
LN108710,2022-05,0
LN104787,2025-04,1
LN103991,2024-10,1
LN108415,2025-09,0
LN103751,2025-01,0
LN108407,2024-02,0
LN100974,2022-10,0
LN108252,2024-10,1
LN103937,2024-02,0
LN102061,2025-07,0
LN103464,2024-05,1
LN108732,2024-02,0
LN103076,2022-02,0
LN103234,2024-11,0
LN104695,2025-01,0
LN104668,2025-02,0
LN102998,2024-09,0
LN107139,2024-07,0
LN108013,2024-02,0
LN107812,2025-12,0
LN101196,2025-01,0
LN104891,2024-04,1
LN103989,2023-08,1
LN105892,2024-04,1
LN102134,2023-11,1
LN100754,2025-11,1
LN106104,2024-09,1
LN103930,2024-07,1
LN101579,2024-06,0
LN102468,2025-04,0
LN102161,2022-07,1
LN104132,2025-04,1
LN107495,2024-07,0
LN106563,2024-01,0
LN107293,2023-07,1
LN107224,2023-09,1
LN101901,2025-01,0
LN102597,2025-12,0
LN105254,2023-08,0
LN106689,2023-08,1
LN105037,2025-04,1
LN107162,2023-11,1
LN107890,2022-03,0
LN101673,2025-08,0
LN108818,2024-07,1
LN101621,2022-10,1
LN100966,2024-11,0
LN102134,2024-05,0
LN107741,2023-05,0
LN103959,2025-06,0
LN106347,2024-12,0
LN107803,2024-09,0
LN104254,2025-11,0
LN104214,2025-09,0
LN103102,2024-08,0
LN105246,2024-08,0
LN105595,2023-06,0
LN107814,2025-05,0
LN103418,2025-02,1
LN104947,2024-07,0
LN107914,2024-09,0
LN105938,2025-08,0
LN101608,2023-05,0
LN100383,2023-01,0
LN102401,2025-04,1
LN104622,2025-03,0
LN101021,2022-05,0
LN105086,2025-10,0
LN107028,2025-07,0
LN101005,2024-09,1
LN105697,2025-06,1
LN101236,2025-08,1
LN100932,2024-05,0
LN107255,2025-09,0
LN100637,2023-11,1
LN100507,2024-06,0
LN102291,2025-11,0
LN105794,2025-02,0
LN100051,2022-05,0
LN106077,2022-12,0
LN107961,2022-08,0
LN107352,2025-11,1
LN108355,2025-10,0
LN105934,2024-10,1
LN101912,2023-02,0
LN101374,2025-08,0
LN102736,2025-02,1
LN103047,2025-09,1
LN104230,2022-11,0
LN100888,2023-06,0
LN104143,2023-08,0
LN104470,2024-09,0
LN106907,2024-12,1
LN101861,2022-11,0
LN105610,2024-06,0
LN104376,2024-04,1
LN108679,2024-08,0
LN101820,2024-11,0
LN105753,2022-11,0
LN104948,2025-10,1
LN106782,2024-07,1
LN103011,2024-03,0
LN108037,2024-01,0
LN103858,2022-10,0
LN103781,2023-03,0
LN105530,2024-12,1
LN101155,2023-09,0
LN101029,2023-09,0
LN106654,2023-09,1
LN105901,2023-01,0
LN104957,2023-05,0
LN103173,2025-09,0
LN108084,2025-07,1
LN108282,2023-05,0
LN108225,2024-09,0
LN101848,2024-09,1
LN100688,2024-05,0
LN102043,2024-02,0
LN104292,2025-11,0
LN105050,2025-05,0
LN107438,2023-12,1
LN103914,2025-04,1
LN106449,2024-01,0
LN105977,2022-03,0
LN101880,2024-06,0
LN106330,2024-08,0
LN108130,2024-10,0
LN102686,2025-10,0
LN106927,2025-05,1
LN106300,2025-01,1
LN104698,2024-05,1
LN105271,2023-03,0
LN100344,2024-09,1
LN105703,2025-02,0
LN105034,2025-04,0
LN102305,2025-08,1
LN108235,2025-11,0
LN106847,2024-05,0
LN105050,2025-12,0
LN100997,2023-12,0
LN101952,2025-11,0
LN106704,2024-12,1
LN100582,2023-12,0
LN102392,2024-11,0
LN105317,2023-11,1
LN105162,2024-03,1
LN107036,2023-10,0
LN102225,2025-01,1
LN104042,2024-11,0
LN102860,2025-11,1
LN105404,2024-10,0
LN104419,2025-11,1
LN105877,2025-01,0
LN102216,2024-10,0
LN102596,2023-04,0
LN107916,2025-07,0
LN106643,2025-11,0
LN100051,2024-02,0
LN101488,2025-08,0
LN104545,2025-03,0
LN105439,2024-06,1
LN108601,2025-01,0
LN101752,2025-11,0
LN100295,2024-06,1
LN105999,2022-03,0
LN105166,2024-01,0
LN100795,2024-05,0
LN103242,2024-10,0
LN104052,2024-05,0
LN105160,2023-12,0
LN104165,2024-11,0
LN108656,2024-03,1
LN101785,2023-12,0
LN106248,2024-10,1
LN104170,2023-10,0
LN100887,2025-03,1
LN102627,2021-12,1
LN105432,2025-06,1
LN104853,2022-11,0
LN108316,2025-05,0
LN101838,2022-10,1
LN100813,2024-01,0
LN107711,2023-03,0
LN108073,2025-07,1
LN103152,2022-03,1
LN108590,2024-03,1
LN106954,2023-09,0
LN100694,2023-08,0
LN101144,2024-01,0
LN103953,2024-04,0
LN101704,2024-12,0
LN107549,2025-01,0
LN102420,2024-09,0
LN105854,2025-12,1
LN105485,2022-12,0
LN108816,2025-10,1
LN106117,2024-01,0
LN107379,2024-05,0
LN102342,2025-08,0
LN106885,2022-09,0
LN101847,2023-09,1
LN106804,2023-02,0
LN103875,2025-12,1
LN100219,2024-12,0
LN106788,2025-08,1
LN106229,2024-09,1
LN105193,2022-12,0
LN105619,2023-05,0
LN105688,2025-12,0
LN100279,2025-09,0
LN103409,2024-11,0
LN103870,2022-07,0
LN102173,2025-06,1
LN107550,2024-06,0
LN105374,2024-12,0
LN100755,2025-04,0
LN103610,2024-01,0
LN103322,2025-08,0
LN102198,2025-07,1
LN107101,2025-05,1
LN106711,2023-04,0
LN105821,2024-09,0
LN106124,2023-01,0
LN105854,2023-09,1
LN100073,2022-08,0
LN104035,2023-01,0
LN106141,2022-08,0
LN103686,2024-07,0
LN100394,2025-01,1
LN103151,2023-06,0
LN107159,2024-04,0
LN104070,2024-12,0
LN102881,2023-01,1
LN106379,2025-05,1
LN102744,2024-09,1
LN107739,2024-06,0
LN102738,2025-03,0
LN101028,2025-08,0
LN101613,2025-02,1
LN103190,2021-11,0
LN108710,2025-01,0
LN104382,2024-10,1
LN103977,2025-09,0
LN103687,2025-08,1
LN104710,2023-12,1
LN102177,2023-03,1
LN104995,2023-04,1
LN100319,2024-05,0
LN102072,2025-04,0
LN107404,2025-10,0
LN105020,2025-04,0
LN102899,2022-05,0
LN105525,2021-11,0
LN108131,2025-08,0
LN102461,2024-07,0
LN104301,2025-07,0
LN108622,2024-12,0
LN108269,2023-07,1
LN104657,2025-08,0
LN100879,2025-01,0
LN104789,2025-07,0
LN108287,2024-12,0
LN102525,2024-06,1
LN100089,2025-04,0
LN106208,2023-06,1
LN102675,2024-03,0
LN104816,2025-08,0
LN107291,2025-07,1
LN101731,2024-10,1
LN104410,2025-01,0
LN104441,2025-01,1
LN103807,2022-04,0
LN105769,2024-10,0
LN108135,2024-04,1
LN106563,2025-05,1
LN104567,2024-06,0
LN105842,2024-03,0
LN101947,2024-10,0
LN108283,2024-04,0
LN101551,2024-11,0
LN104258,2025-11,1
LN107444,2024-10,0
LN104027,2025-01,0
LN106607,2025-02,0
LN103617,2024-08,0
LN101072,2024-08,0
LN104377,2025-07,0
LN106718,2023-09,1
LN107170,2025-11,1
LN104261,2024-07,1
LN100359,2024-03,1
LN102812,2024-05,0
LN104750,2021-10,0
LN100930,2024-06,0
LN103295,2024-09,0
LN106988,2023-05,0
LN103412,2022-11,0
LN105770,2023-12,1
LN108215,2024-09,0
LN103320,2025-04,0
LN102409,2025-01,1
LN100031,2024-07,0
LN100204,2025-08,1
LN106583,2025-02,1
LN106778,2024-06,1
LN107648,2023-10,1
LN103544,2023-09,0
LN105610,2023-01,0
LN106645,2024-10,0
LN104108,2025-11,1
LN101139,2025-03,0
LN104340,2023-04,0
LN100009,2025-11,0
LN106875,2023-02,0
LN103226,2024-07,0
LN102262,2025-10,0
LN105178,2025-05,0
LN100408,2025-03,0
LN106905,2023-07,1
LN102525,2023-10,1
LN102193,2025-01,0
LN108879,2022-08,0
LN101704,2025-04,1
LN106489,2024-07,0
LN103255,2025-10,0
LN107198,2024-02,1
LN106444,2023-03,0
LN107212,2025-03,0
LN102589,2023-11,0
LN105701,2025-02,1
LN107719,2024-01,0
LN108982,2025-02,0
LN107889,2023-12,0
LN102254,2022-10,1
LN108134,2025-10,1
LN101505,2024-08,0
LN108588,2024-05,0
LN103736,2023-10,1
LN107346,2022-04,0
LN107243,2024-11,0
LN103713,2025-07,0
LN104407,2025-02,1
LN100135,2023-01,0
LN106192,2024-08,0
LN107248,2023-06,1
LN104156,2025-06,0
LN106391,2024-07,0
LN105600,2024-03,0
LN105161,2022-05,0
LN108497,2024-06,1
LN104038,2023-09,0
LN102417,2025-12,1
LN102074,2023-12,0
LN100370,2023-10,0
LN106625,2023-12,1
LN108043,2022-07,1
LN100311,2023-11,0
LN100642,2025-10,1
LN105960,2022-11,0
LN108780,2024-02,1
LN105307,2025-05,1
LN101677,2024-07,0
LN106307,2023-10,0
LN108697,2024-09,0
LN100095,2024-10,0
LN105526,2024-03,0
LN100736,2025-04,0
LN105753,2025-12,0
LN101287,2022-07,0
LN107692,2023-02,0
LN101171,2025-10,0
LN106559,2024-07,0
LN106265,2022-01,1
LN101458,2024-06,0
LN104376,2023-01,1
LN106255,2024-08,0
LN105303,2025-02,0
LN108710,2025-07,0
LN107678,2024-04,1
LN108908,2025-04,0
LN100643,2023-11,1
LN102614,2023-06,0
LN108705,2024-10,0
LN103203,2023-09,1
LN101815,2024-10,0
LN107855,2025-12,0
LN102409,2024-07,0
LN101781,2025-05,0
LN106899,2025-08,1
LN105505,2025-11,1
LN102339,2024-02,1
LN108061,2025-08,0
LN100189,2024-10,0
LN106446,2022-11,0
LN108787,2025-03,0
LN106798,2025-06,0
LN104915,2024-02,1
LN101104,2024-11,0
LN108393,2022-06,1
LN107084,2025-08,1
LN105198,2023-08,0
LN102705,2023-12,1
LN103393,2025-12,0
LN101626,2023-08,0
LN104423,2025-08,1
LN106737,2023-03,0
LN102964,2024-11,1
LN101014,2023-06,1
LN100210,2022-05,0
LN100824,2024-05,1
LN108765,2023-07,0
LN106620,2023-08,0
LN101756,2024-04,1
LN104562,2025-10,1
LN104900,2023-05,0
LN107731,2024-08,0
LN103597,2024-01,0
LN100444,2024-11,0
LN103944,2024-07,1
LN100430,2025-03,0
LN101237,2024-03,0
LN106828,2024-02,0
LN101805,2025-09,0
LN107918,2022-07,0
LN108267,2023-12,1
LN102579,2025-10,1
LN103283,2022-07,1
LN100948,2025-01,0
LN103499,2023-10,0
LN102081,2025-08,0
LN105385,2025-07,0
LN100619,2025-09,1
LN101360,2023-04,1
LN103993,2022-12,0
LN104434,2024-02,0
LN108596,2025-11,0
LN106086,2024-07,0
LN100850,2025-09,0
LN108930,2025-06,0
LN103101,2024-09,0
LN102559,2024-02,0
LN103908,2023-01,0
LN101790,2025-07,1
LN106926,2025-12,0
LN102665,2023-07,1
LN104246,2025-03,1
LN103863,2024-04,1
LN107669,2025-10,0
LN104082,2024-05,0
LN108151,2023-08,1
LN105525,2023-01,0
LN107024,2024-12,0
LN102162,2025-08,1
LN105376,2025-11,0
LN107736,2023-08,1
LN108706,2024-12,0
LN103588,2025-12,1
LN101374,2025-01,0
LN107124,2022-11,0
LN108827,2022-12,1
LN100847,2021-10,1
LN103957,2025-12,1
LN101457,2023-10,0
LN103756,2023-09,0
LN102271,2024-12,0
LN103618,2025-03,1
LN103427,2024-12,1
LN101977,2025-03,0
LN106941,2024-09,0
LN101585,2024-06,1
LN102758,2024-10,0
LN104829,2025-08,1
LN107068,2023-11,1
LN107678,2025-08,0
LN100544,2025-11,0
LN105313,2024-09,0
LN105757,2024-01,0
LN106058,2025-09,0
LN108593,2024-08,0
LN105136,2024-03,0
LN103845,2023-12,0
LN104217,2025-05,0
LN107531,2024-07,1
LN104065,2023-01,0
LN104315,2024-02,1
LN104737,2023-10,0
LN108834,2025-12,1
LN105094,2023-04,0
LN101003,2025-05,0
LN101478,2023-01,0
LN106961,2025-05,1
LN104033,2023-03,0
LN104034,2023-07,0
LN103551,2024-12,0
LN101860,2025-05,1
LN103137,2025-07,0
LN106318,2023-08,0
LN106709,2024-01,0
LN103439,2025-04,1
LN102734,2024-06,0
LN101073,2024-09,0
LN104607,2025-12,0
LN102051,2025-04,0
LN104815,2023-06,1
LN108461,2025-02,0
LN107133,2025-11,1
LN105303,2024-05,0
LN106553,2023-10,0
LN102501,2024-07,1
LN108511,2022-05,0
LN104659,2023-11,0
LN101835,2022-11,0
LN108034,2025-04,1
LN102524,2023-07,1
LN107313,2024-06,1
LN103637,2025-03,0
LN101347,2024-11,0
LN103934,2024-10,0
LN100335,2025-09,0
LN103598,2025-01,0
LN106031,2025-04,1
LN107881,2023-03,0
LN105922,2024-12,0
LN100960,2025-08,1
LN102749,2025-03,0
LN108654,2024-02,1
LN104550,2024-06,1
LN102686,2025-07,0
LN105501,2025-04,0
LN105898,2023-12,0
LN100051,2024-05,0
LN101307,2025-07,1
LN104160,2023-09,0
LN105058,2023-02,1
LN106184,2024-06,0
LN103706,2025-10,0
LN102943,2022-02,0
LN107383,2023-12,0
LN102567,2024-07,0
LN104260,2023-03,0
LN108648,2024-05,1
LN106011,2024-04,0
LN102568,2025-08,1
LN103965,2025-03,0
LN102041,2025-06,1
LN105447,2024-05,0
LN106037,2023-07,0
LN105772,2024-07,0
LN108591,2023-07,0
LN107972,2023-05,0
LN104372,2022-06,0
LN100606,2025-07,0
LN101134,2023-09,0
LN107710,2024-04,0
LN100993,2023-10,1
LN103586,2023-03,0
LN107354,2025-01,0
LN106495,2024-12,1
LN108541,2025-12,1
LN103072,2023-05,0
LN103557,2023-01,0
LN100138,2025-11,1
LN100951,2023-07,1
LN102178,2023-09,1
LN106335,2025-07,0
LN105403,2023-11,0
LN105877,2025-08,1
LN100858,2024-08,0
LN102044,2023-06,0
LN106950,2025-11,0
LN107759,2025-11,0
LN103588,2024-10,0
LN107422,2024-05,0
LN105085,2023-04,0
LN108880,2023-03,0
LN103390,2025-03,0
LN108292,2023-05,0
LN101412,2023-09,1
LN104626,2021-07,0
LN108797,2022-12,0
LN103740,2022-08,0
LN104382,2023-01,0
LN100870,2024-12,0
LN104521,2024-11,1
LN103025,2023-09,0
LN107133,2024-11,0
LN106951,2023-09,0
LN106765,2025-11,0
LN104490,2024-07,1
LN102545,2023-11,1
LN101787,2023-02,0
LN105594,2025-09,0
LN103239,2021-11,0
LN106029,2022-11,1
LN103636,2024-04,0
LN104872,2023-12,1
LN102498,2024-07,1
LN103417,2025-11,0
LN107343,2025-10,1
LN104530,2023-04,0
LN107880,2024-11,0
LN106866,2025-08,1
LN106788,2024-06,0
LN108038,2025-03,0
LN105006,2024-10,1
LN104926,2023-01,1
LN107489,2025-11,0
LN106503,2023-07,1
LN101681,2025-09,1
LN100054,2023-11,1
LN106701,2024-03,1
LN107927,2023-07,0
LN101705,2025-03,0
LN104933,2025-09,0
LN108263,2023-12,0
LN104030,2024-11,1
LN103369,2022-05,0
LN101469,2022-07,0
LN107961,2022-06,1
LN101071,2022-05,1
LN104219,2024-08,1
LN103816,2024-06,1
LN100824,2025-05,0
LN105637,2025-10,1
LN100333,2025-02,0
LN108139,2024-01,0
LN108931,2023-05,1
LN103586,2025-10,0
LN108603,2024-04,1
LN103679,2024-03,1
LN105339,2024-02,0
LN103246,2024-06,0
LN100220,2022-06,1
LN105387,2025-01,0
LN106129,2024-02,0
LN104917,2023-09,1
LN101016,2025-08,1
LN102712,2025-06,1
LN101363,2024-05,0
LN106559,2023-06,1
LN103324,2025-02,0
LN102812,2025-05,0
LN108111,2024-07,1
LN101182,2025-02,0
LN102696,2022-03,0
LN106278,2021-08,1
LN102372,2023-09,0
LN105431,2024-03,0
LN102953,2025-12,1
LN104757,2022-05,1
LN108139,2024-08,1
LN102415,2024-10,1
LN102004,2025-08,1
LN100767,2023-04,0
LN102775,2023-10,0
LN101770,2023-07,0
LN103183,2023-01,0
LN107074,2024-03,0
LN104312,2022-11,1
LN107584,2023-02,0
LN105314,2023-11,1
LN100934,2025-10,1
LN104159,2024-06,0
LN106584,2024-08,0
LN108794,2023-10,0
LN107365,2023-06,1
LN106390,2024-06,0
LN105463,2022-07,1
LN102649,2024-12,0
LN108085,2022-01,1
LN101879,2024-12,0
LN106387,2024-11,0
LN104826,2023-03,1
LN106694,2023-09,1
LN101266,2023-02,0
LN107537,2023-11,0
LN106386,2024-12,1
LN102576,2023-09,1
LN103046,2025-01,0
LN108584,2022-10,0
LN103662,2025-02,0
LN103075,2024-02,0
LN100856,2022-12,0
LN107427,2025-07,1
LN101251,2024-02,0
LN102257,2023-11,1
LN103953,2025-05,1
LN104287,2025-03,0
LN102498,2022-06,0
LN106737,2025-12,0
LN106951,2025-04,0
LN100184,2023-03,0
LN105070,2025-02,0
LN107103,2023-06,1
LN107341,2024-09,1
LN104029,2024-04,0
LN102330,2021-11,1
LN100725,2023-05,0
LN102035,2025-08,1
LN104630,2024-10,0
LN102219,2022-09,0
LN107570,2025-11,0
LN104218,2024-10,0
LN107161,2024-06,0
LN107975,2023-12,0
LN102709,2024-12,0
LN102354,2023-02,0
LN108595,2024-01,0
LN105611,2024-08,1
LN104447,2025-05,1
LN103566,2023-06,0
LN104205,2025-11,0
LN105783,2025-05,0
LN108093,2023-09,0
LN108283,2025-06,0
LN103781,2024-07,0
LN105384,2022-04,0
LN108337,2025-05,0
LN102824,2025-03,0
LN102989,2024-03,1
LN100224,2025-08,1
LN102864,2022-08,1
LN107358,2024-12,0
LN103745,2025-09,0
LN106974,2023-01,0
LN104331,2022-11,0
LN101034,2023-04,0
LN107447,2024-05,0
LN108244,2024-12,0
LN105230,2023-09,0
LN103537,2022-04,0
LN102262,2024-08,0
LN107732,2024-10,0
LN100222,2025-05,0
LN108490,2024-11,1
LN100195,2022-12,1
LN107151,2025-10,0
LN104777,2025-01,1
LN101801,2023-02,0
LN108781,2024-07,0
LN106188,2024-08,0
LN101874,2023-09,0
LN105088,2021-12,1
LN102478,2022-08,0
LN105440,2025-08,0
LN102433,2023-10,0
LN100400,2025-02,1
LN103467,2025-09,1
LN103839,2025-10,0
LN107340,2024-12,0
LN107487,2023-10,0
LN106673,2024-06,0
LN103817,2025-06,1
LN100222,2025-11,0
LN103659,2023-05,0
LN102685,2024-07,1
LN100592,2025-07,1
LN102021,2024-01,1
LN100659,2023-07,0
LN100884,2024-11,0
LN102480,2024-06,0
LN105406,2025-04,0
LN100636,2024-02,0
LN105757,2025-08,0
LN101808,2023-11,0
LN107339,2023-11,0
LN103061,2023-03,1
LN108618,2025-07,0
LN107423,2024-07,0
LN105407,2024-11,0
LN107685,2024-03,0
LN101707,2025-05,0
LN102233,2025-01,0
LN106609,2025-02,1
LN105298,2024-05,0
LN107654,2024-05,0
LN104706,2023-12,0
LN100052,2025-09,1
LN106446,2025-04,0
LN102419,2024-07,0
LN108124,2024-06,0
LN106738,2025-11,0
LN102368,2022-03,1
LN104384,2023-02,0
LN105994,2023-05,0
LN103836,2024-08,0
LN104706,2024-10,0
LN105559,2025-05,0
LN100356,2025-11,0
LN104035,2021-12,0
LN102412,2025-12,0
LN104334,2024-12,0
LN106298,2022-10,0
LN108223,2024-07,1
LN103864,2024-02,0
LN101466,2023-09,0
LN100363,2025-08,0
LN102423,2024-08,0
LN105619,2024-04,0
LN101567,2023-10,0
LN103886,2022-03,0
LN107845,2024-06,0
LN100530,2024-04,0
LN108996,2024-05,1
LN104595,2024-04,0
LN108984,2022-11,0
LN108841,2022-07,0
LN108375,2024-03,0
LN107654,2022-09,0
LN105418,2023-09,1
LN106784,2023-07,0
LN103368,2025-10,0
LN102381,2024-06,1
LN103433,2025-05,0
LN107964,2022-03,0
LN100234,2025-05,1
LN100997,2024-06,0
LN101390,2024-09,0
LN101337,2023-11,0
LN107243,2024-12,0
LN101843,2025-06,0
LN107471,2025-07,0
LN103944,2024-03,0
LN100381,2025-04,1
LN107960,2023-06,0
LN101691,2025-12,1
LN104253,2025-05,1
LN101881,2022-09,0
LN102754,2025-01,0
LN104460,2023-11,0
LN106756,2024-09,0
LN107091,2023-08,1
LN108494,2023-04,0
LN108839,2023-12,0
LN101130,2025-01,0
LN103951,2022-09,1
LN100972,2024-07,0
LN103466,2025-08,0
LN104273,2025-04,1
LN103819,2025-06,0
LN102804,2025-03,0
LN103345,2025-02,0
LN104029,2023-03,1
LN103179,2023-05,0
LN102957,2024-04,0
LN103230,2025-07,1
LN101052,2024-04,0
LN103922,2025-01,1
LN108502,2022-12,1
LN100003,2023-11,0
LN106579,2025-01,1
LN100616,2025-09,0
LN108557,2023-07,1
LN106494,2025-07,0
LN108215,2025-06,0
LN106267,2025-08,1
LN100840,2025-07,1
LN107815,2024-10,1
LN107519,2025-11,1
LN101729,2022-12,0
LN103556,2025-07,1
LN101761,2025-05,1
LN105877,2024-04,0
LN107073,2024-01,0
LN103843,2024-07,1
LN108177,2022-07,0
LN107511,2024-06,0
LN100622,2024-03,0
LN106154,2021-09,1
LN105130,2022-12,1
LN100898,2023-06,1
LN102482,2023-09,0
LN107903,2025-10,1
LN105450,2022-11,0
LN107545,2025-10,1
LN106258,2024-07,0
LN108253,2025-11,0
LN101253,2025-02,1
LN104546,2024-03,0
LN106390,2024-09,0
LN101393,2024-04,0
LN105904,2023-10,0
LN105209,2023-03,0
LN103092,2024-12,0
LN100361,2024-09,1
LN108060,2022-12,0
LN101026,2025-12,1
LN103246,2024-07,1
LN107479,2023-11,0
LN104549,2025-06,1
LN103166,2025-03,0
LN100537,2022-04,0
LN103605,2022-04,0
LN106140,2024-02,1
LN104418,2025-03,0
LN101906,2025-08,0
LN107667,2025-09,0
LN107116,2024-04,0
LN102515,2025-07,1
LN106998,2024-10,0
LN104837,2025-02,1
LN108091,2022-06,0
LN100462,2025-12,1
LN103536,2024-06,0
LN107178,2024-08,0
LN102297,2024-07,1
LN107255,2025-07,0
LN100755,2024-11,0
LN100316,2025-01,1
LN108057,2024-10,0
LN103089,2023-09,0
LN103210,2025-08,0
LN100139,2025-02,0
LN105629,2025-07,0
LN108135,2025-04,0
LN105381,2024-11,0
LN106075,2025-05,0
LN102375,2025-11,1
LN103170,2025-09,0
LN105695,2022-05,0
LN105971,2024-10,0
LN100537,2022-07,1
LN100703,2022-12,0
LN104284,2024-11,1
LN104377,2022-08,0
LN102571,2024-12,0
LN106222,2023-12,1
LN107262,2025-05,0
LN103637,2024-04,1
LN106096,2024-08,0
LN102161,2024-04,1
LN102769,2025-10,0
LN101319,2024-10,0
LN101883,2025-10,0
LN100442,2024-10,0
LN107394,2024-05,1
LN108959,2024-11,0
LN102449,2022-06,1
LN105467,2022-11,0
LN107410,2024-09,0
LN107152,2025-06,1
LN101824,2024-09,0
LN108865,2025-10,0
LN103015,2024-08,1
LN100538,2025-02,0
LN104353,2024-02,0
LN102625,2023-12,1
LN106824,2025-12,0
LN107594,2025-05,0
LN103732,2024-07,0
LN107340,2025-12,1
LN104765,2022-03,0
LN106397,2024-01,0
LN104381,2024-08,0
LN100218,2023-06,0
LN107760,2025-11,0
LN100485,2023-01,0
LN103802,2024-10,0
LN100568,2024-02,0
LN106206,2025-10,0
LN101073,2023-08,0
LN102620,2025-07,1
LN105681,2025-08,1
LN107802,2025-04,1
LN101618,2024-07,0
LN108434,2022-10,0
LN101826,2022-11,1
LN102540,2023-09,0
LN108923,2023-12,0
LN105638,2022-01,1
LN107530,2024-11,0
LN100450,2025-02,1
LN104114,2023-11,0
LN105182,2025-09,1
LN106462,2024-11,1
LN103411,2025-05,1
LN101570,2022-04,0
LN108008,2022-12,0
LN107131,2025-01,0
LN105819,2024-04,0
LN107284,2022-12,1
LN105292,2024-09,1
LN105687,2025-09,0
LN107323,2025-10,1
LN101025,2025-05,1
LN108290,2024-10,0
LN100309,2022-08,0
LN105208,2023-09,0
LN101934,2023-11,0
LN104801,2025-09,0
LN108738,2024-12,0
LN105893,2025-01,0
LN104367,2023-06,0
LN103803,2024-03,0
LN105849,2023-09,1
LN101027,2025-09,0
LN108682,2023-02,1
LN106020,2023-02,0
LN108779,2023-11,0
LN101901,2023-06,0
LN101664,2024-02,0
LN100628,2023-06,0
LN100799,2025-04,0
LN101255,2021-11,1
LN106625,2024-01,1
LN104295,2025-09,0
LN102525,2024-09,0
LN106688,2024-04,1
LN101134,2025-03,1
LN107800,2023-05,0
LN103471,2025-10,0
LN102574,2025-11,0
LN103318,2022-11,0
LN100579,2022-08,0
LN107404,2025-06,0
LN108352,2023-10,1
LN106368,2023-04,1
LN103754,2025-08,0
LN107902,2023-07,0
LN102451,2025-01,0
LN108298,2022-04,0
LN106883,2025-01,0
LN106873,2023-04,0
LN103652,2025-01,0
LN101957,2024-05,1
LN105132,2024-03,1
LN106777,2024-07,1
LN103424,2025-03,0
LN106601,2025-02,0
LN108575,2023-03,1
LN106290,2023-11,1
LN107309,2024-05,1
LN105061,2025-06,1
LN107693,2025-06,0
LN108029,2023-07,1
LN106514,2025-03,0
LN103553,2024-02,0
LN103072,2023-08,0
LN107602,2024-08,0
LN106219,2025-12,0
LN104362,2024-10,1
LN104574,2024-12,0
LN102927,2022-08,0
LN108406,2024-06,0
LN103098,2022-04,0
LN108683,2022-10,0
LN104235,2023-12,0
LN103064,2024-02,0
LN103960,2024-12,1
LN107150,2025-04,1
LN107653,2025-10,1
LN100454,2025-10,1
LN102478,2025-09,0
LN102629,2022-03,1
LN108411,2025-12,0
LN106065,2024-12,0
LN107975,2025-06,0
LN107328,2024-05,0
LN103692,2024-01,0
LN101441,2024-05,0
LN105062,2024-09,0
LN104641,2024-02,0
LN102029,2025-10,0
LN101969,2024-02,0
LN102418,2025-07,1
LN100163,2024-08,1
LN107004,2025-07,0
LN103988,2024-09,0
LN102654,2025-08,1
LN103547,2025-10,0
LN106885,2023-11,0
LN101421,2025-10,1
LN103691,2025-09,0
LN107440,2025-09,0
LN101975,2024-08,0
LN105706,2025-04,1
LN105718,2025-04,0
LN103121,2025-04,0
LN108310,2023-03,0
LN107634,2023-07,0
LN100435,2024-12,0
LN102526,2024-07,0
LN103395,2025-07,1
LN108364,2025-03,0
LN107037,2023-12,1
LN107912,2024-05,0
LN107466,2025-07,0
LN102804,2022-08,0
LN107082,2024-05,0
LN106887,2023-01,0
LN107221,2024-10,0
LN103477,2025-04,1
LN103837,2025-03,0
LN102485,2024-11,1
LN107484,2022-10,1
LN107471,2025-03,0
LN102786,2024-04,0
LN100574,2022-11,0
LN107290,2023-11,0
LN102064,2025-05,1
LN106153,2024-11,0
LN107552,2024-09,0
LN102191,2024-08,0
LN102093,2024-07,0
LN103808,2023-07,0
LN101858,2025-10,1
LN101349,2025-09,0
LN101131,2023-11,0
LN107730,2023-09,1
LN102321,2021-12,0
LN106356,2023-12,0
LN108716,2025-06,1
LN108620,2021-12,0
LN104372,2024-09,0
LN108989,2023-05,1
LN103385,2025-05,1
LN105529,2024-03,1
LN102587,2022-10,0
LN108780,2025-06,1
LN105133,2023-02,0
LN100952,2025-07,1
LN108673,2025-02,1
LN104441,2023-07,0
LN103941,2025-03,0
LN108438,2024-10,1
LN105763,2022-02,1
LN101575,2022-12,0
LN103822,2024-05,1
LN102864,2023-05,0
LN106759,2025-04,0
LN100030,2025-04,0
LN101511,2025-02,0
LN105528,2024-11,0
LN100517,2021-09,0
LN108998,2022-10,0
LN106871,2024-06,0
LN107403,2023-01,1
LN105870,2024-04,0
LN104069,2023-02,0
LN106389,2025-05,1
LN105586,2024-12,0
LN103090,2025-01,0
LN101445,2021-10,1
LN100822,2024-05,1
LN102370,2023-11,0
LN105419,2024-11,0
LN101459,2024-08,1
LN108888,2024-09,0
LN104842,2023-08,1
LN100491,2025-01,1
LN102668,2024-12,0
LN103066,2025-04,0
LN105011,2025-03,0
LN101676,2025-02,0
LN106876,2025-05,0
LN108602,2023-08,0
LN105943,2025-01,1
LN102478,2023-10,0
LN105322,2024-07,1
LN100197,2023-09,1
LN103526,2022-12,0
LN107589,2024-05,1
LN100491,2024-12,1
LN101795,2022-04,1
LN100735,2024-04,0
LN106248,2021-09,0
LN107738,2025-07,0
LN106131,2024-05,0
LN107179,2024-10,0
LN101129,2024-10,1
LN105226,2023-12,0
LN107298,2025-11,1
LN100120,2023-04,0
LN100664,2025-10,0
LN106760,2025-08,0
LN101314,2025-02,0
LN105520,2025-11,0
LN105541,2024-12,0
LN102136,2025-09,0
LN105788,2024-06,0
LN104966,2023-11,0
LN105315,2023-10,0
LN105632,2024-12,1
LN104548,2023-05,0
LN101950,2024-11,1
LN107023,2024-03,0
LN101486,2023-09,1
LN100557,2024-07,0
LN104390,2023-12,0
LN107734,2023-11,0
LN102735,2025-09,1
LN103541,2025-11,0
LN105378,2024-10,1
LN107014,2025-11,0
LN107369,2022-11,0
LN104816,2025-02,1
LN100210,2022-05,0
LN104532,2023-12,1
LN106711,2025-12,1
LN107031,2025-05,0
LN100292,2025-03,0
LN108726,2024-12,0
LN101240,2024-05,0
LN108416,2023-11,1
LN106763,2024-10,1
LN103005,2024-09,0
LN102084,2022-07,1
LN107053,2023-02,1
LN101507,2024-02,0
LN100666,2024-02,0
LN106019,2024-02,0
LN107994,2024-10,0
LN100329,2023-11,0
LN106667,2022-05,1
LN102072,2023-04,0
LN107623,2024-05,1
LN102829,2023-05,0
LN108433,2025-02,0
LN100232,2022-04,0
LN105463,2025-12,1
LN102138,2025-02,0
LN105716,2022-09,0
LN100564,2025-08,1
LN108603,2024-10,0
LN102245,2025-06,0
LN107940,2025-11,0
LN106085,2024-08,1
LN105224,2023-09,0
LN107728,2024-01,0
LN102239,2025-10,0
LN104958,2025-09,1
LN104710,2022-12,0
LN108204,2025-02,1
LN105140,2024-03,0
LN107027,2025-05,1
LN103964,2023-08,0
LN101513,2023-08,1
LN105399,2025-05,0
LN101195,2023-11,0
LN101322,2024-06,1
LN104924,2023-03,0
LN106917,2021-09,0
LN103443,2023-06,0
LN102848,2024-06,0
LN101838,2025-01,1
LN103261,2024-12,0
LN104176,2025-11,0
LN101802,2023-03,0
LN104781,2023-07,0
LN101424,2024-04,0
LN105154,2024-12,1
LN101018,2024-07,0
LN100723,2024-12,0
LN101344,2024-07,1
LN103554,2025-01,0
LN105959,2025-02,0
LN107017,2025-09,0
LN108211,2023-06,0
LN108032,2025-12,0
LN100566,2024-02,0
LN105082,2021-09,1
LN105577,2024-11,0
LN103863,2024-02,0
LN106238,2025-02,1
LN107547,2025-04,0
LN107128,2024-03,0
LN106086,2023-07,0
LN105395,2025-05,0
LN106594,2025-01,0
LN104309,2023-10,0
LN101775,2023-11,1
LN103931,2022-08,0
LN101015,2024-06,0
LN100255,2024-01,0
LN102371,2024-05,1
LN103375,2023-05,1
LN104662,2022-01,1
LN105454,2024-09,0
LN105485,2023-11,1
LN104432,2025-01,1
LN101540,2024-03,0
LN104202,2024-07,0
LN105295,2025-09,0
LN102982,2025-03,1
LN108649,2022-05,0
LN108526,2025-03,0
LN104119,2025-07,1
LN102205,2024-08,0
LN102368,2023-03,1
LN100387,2025-01,0
LN104235,2021-09,0
LN106529,2023-07,0
LN106483,2023-12,1
LN100945,2024-05,0
LN106130,2022-03,0
LN103157,2025-08,1
LN101669,2024-01,0
LN100137,2022-04,0
LN103472,2025-11,0
LN102783,2024-07,0
LN100748,2023-02,0
LN106437,2023-11,0
LN105464,2025-08,0
LN100397,2023-11,0
LN108892,2025-11,1
LN102369,2022-06,1
LN105725,2024-08,0
LN103679,2025-11,0
LN105373,2022-05,0
LN101865,2023-07,0
LN105985,2023-10,0
LN106270,2025-10,0
LN101662,2024-10,0
LN107019,2023-04,1
LN101991,2023-04,0
LN106517,2024-03,0
LN107934,2024-04,1
LN107405,2023-07,0
LN104491,2023-03,1
LN106862,2025-11,0
LN102883,2024-03,0
LN100316,2024-09,0
LN101471,2024-05,0
LN107844,2024-04,0
LN107795,2023-06,1
LN104247,2022-12,0
LN108797,2024-02,0
LN105536,2025-01,0
LN105162,2025-03,0
LN100645,2025-04,1
LN108744,2024-06,0
LN108580,2024-08,0
LN103974,2024-07,0
LN101795,2023-05,0
LN101248,2025-10,1
LN103877,2024-05,0
LN107386,2025-05,1
LN103123,2025-12,0
LN106999,2025-03,0
LN101331,2024-08,0
LN101310,2025-08,0
LN107716,2024-08,0
LN103214,2024-11,1
LN108975,2023-09,0
LN102370,2023-03,1
LN101686,2025-07,1
LN102809,2023-09,0
LN102981,2023-12,0
LN101447,2025-01,0
LN100258,2023-01,1
LN108539,2025-04,1
LN102537,2024-08,0
LN107848,2024-09,1
LN105887,2022-11,0
LN100290,2024-09,0
LN107829,2022-11,0
LN107134,2024-02,1
LN105641,2022-09,0
LN103870,2022-02,0
LN100843,2021-08,1
LN105313,2023-10,0
LN101629,2023-06,0
LN100935,2024-10,0
LN104889,2024-03,1
LN103528,2022-05,0
LN101927,2024-01,0
LN102620,2025-09,0
LN101744,2022-08,1
LN102535,2025-02,0
LN102799,2024-10,0
LN108497,2022-04,0
LN107238,2025-11,0
LN104313,2022-05,1
LN105428,2025-08,0
LN101999,2025-03,0
LN103980,2025-02,1
LN100076,2023-06,0
LN100006,2024-02,0
LN101396,2025-05,0
LN105184,2024-06,0
LN103127,2025-09,0
LN100290,2024-04,0
LN108248,2024-09,0
LN108413,2023-09,1
LN103043,2023-11,0
LN103158,2025-01,0
LN105224,2024-11,0
LN108252,2021-11,0
LN103162,2023-09,0
LN106437,2024-12,1
LN100933,2024-07,1
LN100028,2024-07,0
LN104054,2025-01,0
LN104709,2025-12,0
LN101068,2025-10,0
LN107998,2025-08,0
LN105340,2022-08,1
LN105103,2025-09,0
LN107935,2024-02,0
LN105688,2024-07,0
LN105994,2022-12,0
LN102143,2024-05,0
LN100527,2024-03,0
LN102666,2023-04,1
LN101905,2024-09,1
LN103993,2024-02,0
LN108681,2025-05,1
LN105359,2024-08,0
LN102778,2025-12,1
LN106610,2024-10,0
LN101816,2024-07,0
LN103545,2024-07,1
LN106150,2022-08,1
LN106826,2024-10,0
LN105296,2024-01,0
LN101340,2024-08,0
LN103104,2025-02,1
LN103744,2022-12,1
LN104068,2024-11,0
LN106340,2025-08,1
LN105721,2023-09,0
LN108281,2023-04,0
LN105958,2025-08,0
LN101960,2025-04,0
LN106464,2025-08,0
LN102942,2024-12,1
LN108590,2023-09,1
LN105402,2024-08,0
LN105124,2023-11,1
LN102794,2025-10,0
LN105514,2023-06,1
LN104569,2023-01,0
LN100701,2025-07,0
LN105419,2024-10,1
LN106622,2024-05,0
LN105062,2025-11,0
LN104166,2025-04,0
LN104751,2022-05,0
LN101838,2022-12,1
LN104404,2025-10,1
LN106877,2024-09,0
LN108782,2025-11,0
LN105688,2025-07,0
LN102387,2025-11,0
LN102492,2025-03,0
LN105257,2023-01,0
LN107599,2023-02,0
LN104144,2023-03,0
LN105723,2025-11,1
LN103068,2025-03,0
LN100824,2023-09,1
LN101782,2025-08,0
LN104302,2022-08,0
LN102764,2025-05,0
LN108681,2022-10,0
LN108297,2023-12,1
LN107881,2023-09,0
LN106813,2024-02,0
LN100159,2024-11,0
LN103168,2024-07,1
LN102618,2024-04,0
LN104002,2023-08,0
LN102380,2023-02,0
LN103782,2023-02,1
LN105794,2024-10,0
LN104506,2025-02,1
LN106764,2025-05,0
LN103735,2025-02,0
LN105170,2024-06,0
LN101910,2022-06,0
LN101349,2025-10,1
LN101294,2024-10,1
LN106718,2025-04,0
LN103627,2023-10,0
LN104710,2025-01,1
LN100830,2025-02,0
LN102229,2024-12,0
LN108790,2024-07,0
LN104911,2024-07,0
LN107859,2024-11,0
LN105425,2025-12,0
LN107149,2023-01,1
LN101272,2025-04,1
LN107249,2025-03,1
LN108417,2023-02,0
LN100543,2024-03,0
LN105394,2025-07,0
LN107335,2025-06,0
LN100022,2025-06,0
LN100284,2025-11,0
LN104031,2023-12,0
LN101258,2024-02,1
LN103548,2022-12,0
LN102003,2024-12,1
LN101027,2025-04,0
LN103843,2024-03,1
LN106824,2024-11,0
LN106141,2024-02,1
LN100393,2023-12,1
LN105158,2024-10,0
LN104224,2024-05,1
LN108312,2023-11,0
LN100734,2023-04,1
LN102947,2025-02,0
LN108377,2023-07,0
LN107601,2022-05,0
LN105114,2023-02,1
LN100832,2024-08,0
LN108271,2021-09,0
LN101727,2023-08,1
LN108315,2024-10,1
LN104554,2025-05,0
LN103535,2022-04,0
LN105993,2024-11,0
LN100947,2023-01,1
LN106967,2025-10,0
LN102023,2024-02,0
LN100183,2025-01,1
LN105833,2022-10,0
LN106870,2024-03,1
LN105676,2024-05,0
LN101901,2025-12,0
LN108397,2024-07,0
LN101419,2024-04,1
LN101461,2024-10,1
LN108571,2022-06,1
LN101695,2024-05,0
LN104697,2021-10,0
LN106430,2025-12,0
LN102189,2025-06,0
LN106368,2023-05,0
LN106323,2025-05,0
LN107924,2025-06,1
LN102576,2023-05,1
LN105219,2022-12,1
LN103434,2024-09,1
LN107256,2024-11,0
LN103612,2024-02,0
LN103415,2024-10,0
LN106603,2024-10,1
LN107371,2023-04,0
LN103103,2023-09,0
LN108072,2024-02,0
LN105443,2025-10,0
LN100705,2024-09,0
LN100503,2025-07,0
LN107791,2025-07,0
LN105879,2021-12,0
LN108940,2022-05,0
LN104723,2025-07,1
LN108878,2022-09,0
LN105175,2025-05,1
LN102942,2025-08,1
LN105559,2021-12,0
LN103558,2024-10,0
LN100568,2024-11,1
LN106590,2024-03,0
LN103559,2024-11,0
LN101572,2024-08,0
LN107461,2024-12,0
LN101111,2024-02,1
LN100718,2022-10,0
LN105434,2024-07,0
LN106180,2023-08,0
LN105687,2025-06,1
LN105131,2023-05,0
LN106753,2021-12,0
LN106802,2025-01,0
LN103472,2024-07,0
LN106344,2024-09,0
LN105226,2025-12,0
LN103284,2024-06,1
LN100108,2025-06,0
LN106659,2023-06,0
LN104575,2024-08,1
LN101481,2023-03,1
LN104763,2025-03,0
LN103200,2024-11,0
LN106004,2023-05,1
LN105446,2024-05,0
LN104006,2024-04,1
LN100048,2024-01,1
LN108845,2025-12,0
LN106378,2025-10,0
LN101951,2023-09,0
LN105383,2025-07,1
LN102445,2025-10,1
LN100559,2024-08,1
LN105965,2024-02,1
LN102882,2025-09,0
LN103208,2023-05,0
LN106911,2024-12,0
LN103112,2025-06,0
LN108803,2025-02,0
LN106018,2025-06,0
LN107579,2024-04,1
LN103647,2024-10,0
LN100694,2025-04,1
LN101681,2025-10,0
LN107463,2025-03,1
LN100325,2025-12,0
LN107670,2023-10,0
LN108280,2025-09,0
LN107097,2025-01,0
LN105161,2024-05,0
LN107220,2024-02,1
LN106207,2024-06,1
LN104281,2025-05,1
LN107675,2024-01,0
LN103882,2025-09,0
LN104965,2023-09,0
LN101519,2025-05,0
LN108263,2025-01,0
LN103192,2024-05,0
LN106969,2025-12,1
LN106921,2023-10,0
LN100417,2022-03,0
LN101896,2025-02,1
LN107189,2022-09,1
LN102250,2025-08,0
LN108337,2024-11,0
LN108406,2022-06,0
LN102829,2025-01,0
LN108348,2025-06,0
LN100772,2022-09,0
LN106800,2025-01,0
LN103481,2025-08,0
LN104034,2024-02,0
LN106726,2025-11,0
LN105903,2025-08,1
LN102736,2024-11,1
LN103807,2022-01,1
LN108256,2023-07,0
LN100304,2024-06,1
LN106207,2024-05,0
LN106894,2024-10,0
LN100681,2023-10,0
LN101039,2025-07,1
LN103109,2023-06,0
LN104163,2024-10,0
LN101342,2022-10,0
LN107675,2024-03,0
LN101867,2024-12,1
LN106340,2022-08,0
LN100601,2025-12,0
LN100610,2025-06,0
LN108661,2024-05,0
LN105959,2025-07,1
LN102501,2025-05,1
LN107614,2024-08,0
LN103474,2023-03,0
LN105001,2022-08,0
LN108413,2025-01,0
LN107462,2023-10,1
LN107200,2024-10,0
LN102497,2025-09,0
LN103870,2025-07,1
LN105336,2024-10,0
LN104203,2025-05,0
LN100515,2022-01,0
LN101807,2023-03,0
LN102409,2025-06,0
LN107874,2024-07,1
LN102464,2023-07,1
LN103582,2025-03,0
LN107626,2022-10,0
LN100625,2023-06,0
LN103636,2023-06,1
LN101093,2024-09,0
LN102799,2024-01,0
LN101934,2022-09,0
LN107987,2022-12,0
LN103039,2023-04,0
LN101408,2023-05,0
LN100820,2024-04,1
LN101738,2025-04,0
LN107564,2022-07,0
LN108946,2024-12,1
LN108046,2025-05,0
LN107449,2024-05,0
LN106264,2025-03,0
LN108086,2025-08,0
LN105108,2024-09,0
LN107820,2023-04,0
LN108612,2025-02,1
LN107923,2023-09,0
LN102244,2025-09,0
LN104753,2025-07,1
LN103920,2025-10,0
LN100421,2024-12,0
LN101010,2023-01,1
LN108435,2024-09,1
LN101532,2025-04,0
LN107967,2025-11,1
LN100697,2025-01,0
LN102500,2025-08,1
LN107177,2025-01,0
LN108932,2023-07,0
LN100781,2024-10,0
LN104230,2022-10,0
LN100781,2024-07,0
LN105002,2024-07,0
LN108393,2024-03,0
LN105607,2025-10,0
LN101364,2025-09,0
LN104569,2023-10,0
LN101084,2024-02,0
LN102076,2025-05,0
LN107976,2022-10,1
LN101333,2024-07,0
LN105665,2024-10,1
LN108996,2024-12,0
LN100660,2024-08,0
LN108318,2023-03,0
LN104400,2023-01,0
LN102536,2023-05,0
LN102205,2025-09,0
LN103123,2025-09,1
LN100862,2023-07,0
LN104774,2023-02,0
LN104287,2024-12,0
LN104511,2023-10,1
LN100273,2024-11,0
LN103660,2024-03,0
LN102365,2022-08,0
LN105963,2025-04,1
LN104642,2025-03,0
LN103858,2025-05,1
LN107701,2025-03,0
LN100481,2024-07,0
LN102868,2025-07,0
LN108101,2024-12,0
LN104766,2024-06,1
LN100647,2023-07,0
LN101242,2024-11,1
LN102815,2024-10,0
LN108642,2025-01,1
LN104670,2023-08,0
LN105622,2022-06,0
LN104231,2025-10,0
LN106074,2025-12,0
LN106332,2023-07,0
LN101922,2025-12,0
LN103256,2024-09,1
LN103375,2024-02,0
LN100862,2022-10,0
LN101507,2024-04,0
LN106067,2022-07,1
LN105675,2023-08,1
LN106261,2024-07,1
LN108239,2024-05,1
LN108178,2025-12,1
LN100329,2023-08,0
LN101198,2025-08,0
LN105563,2022-06,0
LN104745,2022-07,0
LN108503,2025-12,0
LN102818,2025-07,0
LN104260,2022-10,0
LN101033,2025-09,1
LN102370,2025-05,1
LN106659,2024-08,0
LN107654,2022-03,1
LN102444,2023-10,0
LN101670,2024-09,1
LN100737,2022-09,1
LN107642,2025-03,1
LN108811,2025-12,0
LN106829,2023-02,0
LN103868,2022-06,0
LN105258,2025-03,1
LN107905,2025-09,0
LN108974,2024-12,0
LN104491,2025-10,0
LN107831,2025-02,0
LN101850,2022-11,1
LN104501,2024-06,0
LN103313,2024-07,0
LN106202,2023-06,0
LN105153,2024-07,0
LN108106,2025-03,1
LN102678,2025-02,0
LN107494,2025-10,1
LN101003,2025-06,0
LN106203,2022-08,0
LN108073,2023-09,0
LN106012,2024-07,0
LN108292,2024-07,0
LN108338,2025-07,0
LN101180,2024-02,1
LN101562,2025-08,0
LN100994,2024-01,0
LN100353,2023-07,1
LN102340,2023-02,0
LN105325,2023-04,0
LN102525,2023-03,0
LN102852,2023-11,0
LN107001,2025-09,1
LN104176,2025-03,0
LN103096,2023-11,0
LN103798,2023-02,1
LN106734,2023-07,0
LN104105,2023-07,1
LN107515,2022-09,1
LN102293,2024-06,1
LN108413,2023-12,1
LN103829,2023-06,0
LN100158,2024-02,1
LN102575,2025-07,0
LN108013,2024-06,0
LN108450,2025-05,0
LN102028,2025-04,0
LN104217,2024-07,0
LN105982,2025-01,1
LN106365,2024-07,0
LN101536,2023-10,0
LN105682,2025-03,0
LN105962,2024-11,1
LN108544,2023-02,0
LN107421,2025-08,0
LN107674,2025-06,0
LN106922,2023-02,0
LN106674,2024-10,0
LN107051,2023-05,0
LN102938,2024-11,0
LN106270,2023-07,0
LN103717,2022-05,0
LN103211,2025-09,1
LN103415,2023-04,1
LN100718,2024-04,0
LN102029,2024-05,1
LN105250,2025-12,0
LN101475,2024-02,0
LN107329,2024-04,0
LN100836,2024-08,0
LN100713,2025-12,0
LN102199,2022-06,1
LN108090,2023-11,0
LN103652,2022-12,0
LN103934,2025-02,0
LN105220,2025-03,0
LN106213,2023-09,1
LN100059,2024-10,0
LN103032,2023-06,0
LN108264,2022-06,0
LN102918,2024-07,0
LN104528,2023-11,0
LN101696,2023-08,0
LN107714,2024-07,0
LN108868,2025-09,0
LN100222,2025-01,0
LN105541,2023-01,1
LN100138,2022-09,0
LN104312,2025-12,0
LN100433,2023-11,1
LN105791,2025-07,0
LN103479,2024-12,1
LN106640,2023-08,0
LN103347,2024-01,0
LN106455,2024-12,0
LN100108,2023-05,1
LN104501,2025-01,0
LN102338,2022-04,0
LN106642,2025-09,1
LN107971,2024-04,1
LN108505,2024-11,0
LN106643,2024-11,0
LN104484,2023-06,1
LN103398,2022-12,1
LN108478,2024-10,0
LN100409,2022-05,0
LN108730,2024-01,0
LN105343,2023-11,0
LN102273,2024-07,0
LN107568,2024-04,1
LN100269,2024-03,0
LN104633,2024-03,0
LN107923,2022-11,0
LN105905,2022-12,0
LN100707,2024-04,0
LN100158,2024-04,0
LN104986,2025-01,1
LN100297,2024-01,0
LN103294,2024-03,1
LN103598,2024-03,0
LN102074,2024-02,0
LN103288,2025-03,1
LN106327,2025-02,0
LN102845,2024-08,0
LN108072,2025-08,0
LN102492,2025-06,1
LN101223,2024-12,0
LN108859,2024-05,1
LN103155,2025-07,0
LN103240,2024-02,0
LN104998,2025-08,1
LN105455,2023-11,1
LN104011,2024-11,0
LN106693,2024-11,1
LN100370,2024-10,0
LN101278,2021-10,0
LN107498,2025-06,0
LN108223,2024-12,1
LN107467,2025-09,0
LN107736,2024-04,0
LN108883,2025-11,1
LN102104,2025-12,0
LN106761,2024-11,1
LN103998,2025-08,0
LN106723,2022-09,1
LN107248,2024-07,0
LN108092,2024-11,0
LN102342,2025-04,0
LN103570,2024-04,1
LN100158,2024-05,1
LN104856,2025-07,0
LN105706,2023-11,1
LN101632,2023-01,0
LN102515,2024-08,0
LN107098,2022-08,1
LN104702,2023-06,0
LN108094,2022-11,1
LN107718,2025-08,0
LN106358,2024-09,0
LN107385,2022-03,0
LN104538,2025-04,0
LN101756,2023-11,0
LN106381,2023-09,0
LN108761,2025-01,1
LN108533,2023-01,1
LN108704,2024-12,0
LN108963,2024-06,0
LN103964,2023-05,1
LN107123,2025-09,0
LN108240,2025-09,0
LN101806,2024-08,0
LN102317,2024-03,1
LN102070,2023-02,0
LN102606,2025-05,0
LN106155,2025-05,1
LN103700,2022-11,1
LN100442,2025-06,0
LN108999,2024-08,0
LN105162,2025-01,1
LN105186,2025-12,0
LN100899,2024-04,0
LN108432,2022-06,0
LN102080,2024-12,1
LN100371,2023-10,0
LN102490,2025-02,1
LN106039,2025-11,0
LN102486,2023-11,0
LN108551,2023-07,0
LN106337,2025-01,0
LN100538,2025-03,0
LN102786,2024-11,0
LN104495,2025-10,1
LN107097,2022-01,0
LN107240,2024-02,0
LN103239,2023-04,0
LN102776,2024-03,0
LN108157,2022-01,0
LN107312,2025-06,1
LN105460,2024-09,1
LN100883,2024-11,1
LN106264,2023-07,0
LN102400,2024-08,0
LN103718,2024-01,0
LN103061,2023-01,0
LN105028,2025-06,0
LN106746,2023-06,0
LN100186,2024-03,1
LN100977,2024-11,1
LN105592,2025-05,0
LN108425,2023-07,0
LN103399,2025-09,1
LN103106,2024-09,0
LN102466,2025-03,0
LN108989,2023-10,0
LN100423,2023-07,1
LN100626,2023-03,1
LN106997,2023-02,0
LN101873,2025-12,0
LN102003,2025-01,1
LN100264,2025-10,0
LN106854,2024-08,0
LN102201,2024-08,1
LN100546,2024-07,0
LN102377,2025-02,1
LN104739,2023-10,0
LN105531,2025-01,1
LN102860,2024-04,0
LN102594,2022-08,0
LN102417,2025-09,1
LN105777,2022-04,0
LN100076,2024-03,0
LN107104,2022-10,0
LN107828,2025-12,1
LN100406,2023-12,0
LN100795,2022-11,1
LN104386,2023-08,0
LN105134,2025-05,0
LN106604,2023-01,0
LN106887,2024-02,0
LN104321,2024-05,1
LN105245,2022-10,1
LN105308,2024-04,0
LN104904,2025-03,0
LN104100,2023-09,1
LN102420,2023-08,1
LN104785,2023-09,0
LN106960,2023-07,0
LN104032,2023-02,1
LN101260,2023-08,0
LN105521,2024-08,0
LN108807,2023-09,0
LN106886,2025-05,0
LN102699,2024-07,0
LN103061,2024-08,0
LN106357,2022-01,1
LN102093,2025-02,0
LN104473,2024-11,0
LN107882,2025-05,1
LN102746,2023-05,1
LN107700,2025-04,0
LN101546,2024-03,1
LN107671,2024-12,0
LN101782,2021-09,0
LN103351,2025-09,0
LN103054,2025-05,0
LN105328,2024-05,1
LN101200,2024-09,0
LN100929,2025-09,1
LN100661,2024-09,0
LN101231,2025-01,1
LN107462,2022-11,1
LN100006,2023-10,0
LN103615,2023-11,1
LN108913,2025-09,1
LN106878,2025-03,0
LN102728,2024-03,0
LN106689,2023-09,0
LN106212,2023-12,0
LN105812,2024-09,0
LN101585,2023-07,1
LN101174,2021-10,0
LN102911,2023-01,0
LN107488,2022-09,0
LN107330,2022-09,0
LN108751,2024-07,0
LN106358,2024-12,1
LN105568,2024-11,1
LN106998,2023-07,1
LN103415,2025-02,1
LN104137,2023-09,0
LN101438,2025-08,0
LN106640,2025-08,0
LN104933,2025-02,0
LN108064,2024-03,0
LN104799,2023-07,0
LN105967,2024-09,0
LN108614,2025-03,0
LN103736,2024-05,1
LN101716,2024-01,0
LN108841,2025-09,1
LN103100,2023-11,0
LN107727,2025-06,1
LN105245,2025-06,1
LN104937,2024-08,1
LN103274,2022-08,0
LN105494,2025-04,0
LN102156,2023-09,0
LN103115,2024-08,0
LN106465,2025-10,0
LN103514,2025-06,1
LN104369,2025-08,0
LN103334,2022-08,0
LN108315,2024-06,0
LN103575,2024-08,1
LN106123,2023-04,0
LN107166,2025-08,0
LN106984,2025-01,0
LN108502,2023-03,0
LN104490,2025-10,1
LN102824,2025-04,0
LN108029,2024-02,0
LN106630,2025-09,0
LN107197,2025-04,0
LN101766,2024-05,1
LN104203,2025-06,1
LN106262,2022-08,0
LN100189,2023-01,0
LN102979,2023-08,1
LN101357,2025-10,1
LN104864,2025-01,0
LN102924,2024-11,0
LN106824,2023-06,0
LN108120,2025-09,0
LN105595,2024-05,0
LN105699,2025-11,1
LN101545,2025-03,0
LN101325,2022-06,1
LN106960,2025-11,1
LN103452,2025-12,0
LN100617,2023-04,1
LN105343,2025-04,0
LN102263,2023-08,1
LN100158,2025-10,0
LN100034,2025-04,0
LN103034,2022-11,0
LN108506,2025-10,0
LN107247,2024-07,0
LN100840,2025-09,1
LN101358,2025-06,1
LN101033,2022-10,1
LN107555,2021-11,0
LN105026,2024-04,0
LN100052,2025-10,0
LN102791,2024-09,1
LN106118,2025-01,0
LN105850,2022-02,1
LN101540,2023-05,0
LN103774,2023-01,0
LN101347,2025-03,1
LN102173,2025-10,0
LN104049,2023-10,0
LN103527,2022-07,0
LN104630,2023-02,0
LN105179,2024-11,1
LN106430,2025-04,0
LN102740,2024-04,1
LN101830,2025-07,0
LN106774,2025-11,1
LN106134,2025-01,1
LN104643,2025-04,1
LN107379,2023-05,0
LN100333,2024-10,0
LN104810,2024-11,1
LN101786,2024-02,0
LN104605,2024-04,1
LN100993,2025-01,0
LN108979,2024-02,1
LN103934,2022-12,0
LN100362,2024-03,0
LN104889,2024-08,0
LN103649,2025-08,0
LN102201,2022-12,1
LN108254,2025-03,0
LN108797,2023-03,1
LN105302,2024-04,0
LN103879,2023-11,0
LN102629,2023-10,0
LN107394,2025-02,0
LN100347,2025-03,1
LN104735,2024-07,1
LN105482,2025-05,0
LN104337,2023-08,0
LN102562,2024-05,1
LN105376,2024-05,0
LN104860,2021-10,1
LN107625,2023-06,1
LN103996,2024-07,1
LN104569,2024-06,1
LN104001,2025-03,0
LN105209,2023-06,0
LN107883,2023-03,1
LN101067,2024-02,0
LN107908,2025-04,0
LN100737,2023-04,1
LN104493,2025-02,1
LN106746,2024-01,0
LN108665,2021-12,0
LN106884,2024-08,1
LN106529,2024-02,1
LN101405,2023-12,1
LN102024,2025-07,0
LN102177,2025-05,0
LN100061,2024-06,1
LN105294,2024-12,0
LN102741,2025-09,0
LN102322,2024-11,0
LN103996,2023-01,0
LN104212,2023-03,0
LN103536,2022-06,1
LN108895,2024-12,0
LN101309,2024-09,0
LN103133,2024-10,0
LN107175,2024-05,0
LN108721,2024-11,0
LN102595,2023-07,0
LN101403,2023-06,0
LN105971,2023-05,0
LN105202,2024-06,1
LN107527,2024-11,0
LN102379,2024-03,0
LN106823,2023-01,1
LN108370,2025-08,0
LN100230,2024-11,1
LN104758,2025-02,0
LN102741,2025-08,0
LN100541,2025-08,0
LN106866,2023-08,0
LN105188,2024-12,1
LN108170,2024-09,0
LN106344,2023-05,0
LN102456,2024-08,0
LN105766,2024-08,0
LN105849,2023-11,0
LN105108,2024-08,1
LN105980,2024-06,1
LN105320,2025-03,0
LN101459,2023-11,1
LN106590,2024-07,1
LN104299,2021-10,0
LN103030,2025-10,1
LN103864,2023-09,0
LN106918,2025-04,1
LN106623,2025-09,0
LN102388,2024-12,1
LN105486,2023-09,0
LN102347,2025-08,1
LN105176,2025-06,0
LN105303,2023-07,1
LN102963,2022-01,0
LN102940,2025-05,0
LN103107,2024-11,0
LN106736,2023-07,1
LN106899,2025-10,1
LN102711,2022-07,1
LN102773,2024-11,0
LN104915,2025-02,0
LN103173,2023-08,0
LN105364,2024-09,1
LN104368,2024-11,0
LN105505,2025-12,1
LN108172,2023-03,1
LN107312,2025-05,0
LN103344,2023-09,0
LN107695,2025-02,1
LN107638,2025-04,0
LN108067,2025-09,0
LN106854,2025-05,1
LN101852,2024-06,0
LN103460,2023-05,0
LN108093,2023-06,0
LN108907,2023-11,1
LN103498,2024-07,0
LN100680,2025-03,0
LN100949,2022-06,0
LN105216,2024-09,0
LN108584,2022-05,0
LN105535,2024-12,0
LN108091,2023-08,1
LN107336,2025-12,1
LN102635,2023-03,1
LN105270,2022-11,0
LN108990,2024-11,1
LN105884,2022-12,0
LN103689,2024-09,0
LN104893,2022-05,0
LN101417,2024-08,0
LN106664,2024-05,0
LN100512,2025-06,1
LN108956,2024-09,0
LN103296,2025-05,0
LN108000,2025-03,0
LN104019,2025-07,0
LN103691,2024-09,0
LN103377,2024-06,1
LN105670,2023-10,0
LN104474,2024-11,0
LN102320,2023-06,1
LN103922,2024-11,0
LN101158,2022-11,0
LN103621,2024-08,0
LN105007,2024-06,0
LN101089,2025-08,0
LN106881,2023-03,0
LN105640,2024-10,1
LN107655,2024-12,0
LN107391,2024-03,0
LN102188,2023-11,0
LN108177,2024-10,1
LN100769,2023-02,0
LN100174,2023-12,0
LN104900,2025-06,0
LN100764,2023-04,0
LN100184,2023-08,0
LN108760,2025-05,1
LN105830,2022-10,0
LN108013,2025-02,0
LN104347,2022-06,0
LN103195,2022-06,1
LN100588,2024-07,1
LN105377,2024-04,0
LN101454,2025-02,0
LN101589,2023-03,0
LN104687,2023-09,0
LN104678,2024-11,0
LN104194,2023-08,1
LN101465,2022-11,0
LN106630,2025-04,0
LN108340,2024-10,0
LN107545,2025-06,1
LN101271,2022-12,0
LN102545,2025-03,1
LN101117,2024-07,0
LN105229,2024-03,0
LN105865,2024-07,1
LN105172,2025-05,1
LN104863,2025-03,0
LN105382,2024-07,0
LN100070,2024-09,0
LN100116,2022-01,0
LN104772,2024-08,0
LN100179,2024-05,1
LN107363,2025-01,0
LN100735,2025-07,0
LN106543,2023-12,0
LN104393,2022-01,0
LN106447,2025-04,0
LN108224,2024-10,1
LN107717,2025-09,0
LN102888,2025-04,0
LN103752,2025-04,0
LN103724,2022-06,0
LN102240,2025-01,0
LN106475,2024-01,0
LN101866,2025-07,0
LN101078,2025-10,0
LN106747,2023-03,0
LN103013,2025-01,0
LN106686,2024-09,0
LN106307,2025-02,1
LN108879,2025-09,0
LN103232,2023-12,1
LN104093,2025-04,0
LN104419,2023-02,0
LN102301,2023-07,0
LN100148,2025-08,0
LN102870,2023-04,0
LN101086,2025-01,1
LN106611,2024-03,0
LN100737,2023-05,0
LN108917,2021-09,1
LN108706,2024-02,0
LN100441,2022-08,0
LN102924,2023-02,1
LN107409,2025-12,1
LN105934,2024-08,0
LN103311,2024-03,0
LN101031,2022-05,1
LN108899,2023-11,1
LN102680,2021-11,1
LN107567,2023-04,0
LN106968,2025-09,0
LN101411,2024-12,1
LN103214,2025-05,0
LN103943,2025-10,0
LN100534,2023-12,0
LN107697,2024-11,1
LN104781,2024-04,1
LN100908,2023-04,1
LN107277,2025-11,1
LN106208,2023-03,1
LN100656,2025-07,0
LN101016,2024-10,0
LN101075,2024-07,0
LN100468,2024-01,1
LN100618,2022-02,0
LN103776,2023-07,0
LN100804,2024-07,1
LN105563,2022-11,0
LN101182,2025-12,1
LN100586,2023-11,0
LN103670,2024-09,0
LN105749,2024-05,0
LN107300,2024-12,0
LN101923,2025-03,0
LN107714,2024-02,0
LN102204,2024-06,0
LN103262,2024-05,0
LN101236,2024-12,1
LN105058,2025-07,1
LN105882,2025-03,0
LN104364,2025-03,1
LN108048,2025-06,0
LN104651,2025-01,1
LN103992,2023-02,0
LN106979,2024-09,0
LN103684,2025-07,1
LN108006,2023-05,1
LN100715,2025-07,1
LN102427,2023-03,0
LN105527,2023-11,1
LN105134,2025-07,0
LN105612,2024-03,0
LN108241,2024-10,1
LN107680,2023-10,1
LN102596,2024-09,0
LN103695,2024-05,0
LN103672,2024-08,1
LN104593,2024-09,1
LN104060,2023-06,0
LN100549,2024-01,0
LN107577,2023-07,1
LN105060,2024-07,0
LN102610,2025-05,0
LN102359,2025-06,0
LN103852,2022-01,0
LN106244,2024-07,1
LN100899,2023-08,0
LN105019,2023-09,0
LN108294,2022-10,0
LN107918,2023-07,0
LN101970,2024-06,1
LN101048,2025-12,0
LN104347,2023-08,0
LN106907,2023-12,0
LN106404,2025-05,0
LN106373,2025-07,0
LN102857,2025-03,0
LN107056,2025-03,1
LN103787,2024-01,0
LN107127,2024-02,1
LN103474,2024-04,1
LN100111,2024-12,0
LN103750,2024-12,0
LN108922,2024-07,0
LN102469,2024-07,0
LN107036,2024-03,1
LN107869,2025-10,0
LN106003,2025-08,0
LN101677,2023-01,0
LN102968,2025-07,0
LN106905,2023-06,1
LN103227,2024-02,1
LN100350,2024-07,0
LN100258,2023-06,0
LN106833,2024-01,1
LN106392,2024-08,0
LN100508,2025-03,0
LN107441,2025-08,0
LN102017,2024-12,1
LN107816,2025-09,0
LN107076,2025-06,0
LN103792,2025-06,0
LN104253,2024-03,0
LN101795,2024-02,0
LN104548,2024-03,0
LN100871,2023-07,0
LN107457,2024-12,0
LN100411,2024-10,0
LN108675,2023-03,1
LN100790,2025-04,0
LN107352,2025-04,0
LN108432,2024-09,1
LN100357,2025-10,0
LN105093,2025-02,0
LN102017,2024-10,1
LN104550,2024-01,0
LN103581,2024-11,0
LN108508,2024-04,0
LN105338,2023-05,0
LN108766,2024-03,1
LN102465,2025-03,1
LN105092,2023-11,0
LN105681,2025-06,0
LN103696,2022-08,0
LN102234,2024-07,0
LN102772,2022-03,1
LN100446,2025-05,0
LN100534,2023-08,0
LN105980,2024-04,1
LN103882,2025-11,0
LN103190,2021-07,0
LN101408,2025-08,0
LN106638,2025-10,0
LN106639,2025-09,0
LN108108,2024-12,0
LN105666,2024-11,1
LN107710,2024-07,0
LN100592,2022-09,1
LN105102,2024-06,0
LN100542,2023-01,0
LN107908,2022-02,1
LN101289,2024-04,0
LN107592,2025-08,0
LN107043,2025-05,0
LN108347,2024-03,1
LN106657,2024-12,0
LN102622,2024-09,1
LN104507,2024-06,0
LN100616,2024-09,1
LN100986,2025-02,1
LN104949,2023-02,0
LN108116,2022-11,0
LN102589,2025-07,0
LN108697,2024-06,0
LN100681,2024-08,0
LN106734,2024-01,1
LN107868,2023-08,0
LN100960,2023-04,0
LN101965,2024-10,0
LN105555,2025-10,1
LN104612,2024-10,0
LN104411,2025-03,0
LN107410,2024-07,0
LN108307,2025-08,0
LN100062,2023-12,0
LN105104,2022-08,0
LN108987,2024-02,0
LN108544,2024-01,0
LN100098,2023-12,0
LN107993,2024-08,0
LN102222,2022-01,1
LN107339,2024-11,1
LN108754,2024-12,0
LN100567,2023-04,1
LN103135,2022-10,1
LN106794,2024-02,0
LN108664,2023-11,0
LN102807,2022-08,0
LN105287,2025-11,0
LN107973,2023-09,0
LN103550,2025-02,0
LN104342,2023-06,0
LN105920,2022-10,0
LN106038,2025-04,0
LN102838,2024-11,0
LN103744,2024-11,0
LN100997,2024-01,0
LN107919,2024-06,0
LN104713,2025-04,0
LN105339,2023-09,0
LN103006,2025-11,0
LN103834,2025-01,0
LN100179,2023-05,1
LN107178,2025-06,0
LN103415,2023-03,0
LN105906,2023-11,0
LN102085,2024-09,1
LN102963,2021-12,0
LN104203,2023-08,1
LN107590,2023-02,1
LN108319,2023-12,1
LN104024,2025-06,1
LN103280,2025-10,0
LN105281,2024-11,0
LN104158,2022-09,0
LN107937,2023-07,0
LN104765,2022-09,1
LN102311,2022-08,0
LN104181,2024-10,0
LN104864,2024-10,0
LN106238,2025-01,0
LN108248,2024-04,0
LN105094,2025-08,1
LN106075,2024-12,1
LN101319,2025-10,0
LN100695,2022-07,0
LN103512,2022-05,0
LN108498,2024-03,0
LN106781,2023-09,0
LN108513,2024-04,1
LN104004,2025-05,0
LN107309,2022-09,1
LN107727,2023-08,1
LN101223,2024-02,0
LN102429,2025-04,0
LN104993,2025-01,0
LN101957,2023-11,1
LN102577,2025-09,0
LN104556,2023-09,0
LN107152,2021-12,1
LN107734,2024-02,1
LN102699,2022-05,0
LN104559,2025-02,0
LN107216,2024-05,0
LN108098,2021-12,0
LN106174,2024-12,0
LN105929,2025-04,0
LN102300,2024-02,0
LN102109,2025-07,0
LN100605,2025-11,0
LN101200,2025-11,0
LN101747,2023-02,0
LN104821,2025-04,0
LN101585,2025-09,0
LN100336,2025-01,0
LN108699,2025-05,1
LN104292,2025-08,1
LN108217,2025-03,0
LN103296,2024-11,1
LN106675,2025-07,1
LN104900,2025-02,0
LN104869,2025-08,1
LN104508,2023-02,1
LN108628,2023-12,0
LN105664,2025-10,0
LN100975,2023-02,1
LN105979,2024-03,0
LN108892,2024-10,0
LN108593,2024-12,0
LN107864,2025-07,1
LN106718,2025-08,0
LN107780,2024-09,1
LN106015,2023-06,1
LN108717,2025-10,0
LN106488,2022-03,0
LN107359,2025-12,0
LN103446,2023-11,0
LN106610,2025-08,0
LN102341,2024-07,1
LN107708,2023-07,0
LN101068,2023-07,0
LN108056,2024-02,0
LN106767,2025-01,0
LN105947,2024-12,1
LN106242,2025-06,0
LN107104,2025-01,0
LN101668,2025-09,0
LN100933,2025-11,1
LN106513,2021-12,1
LN107530,2023-01,0
LN105484,2025-05,1
LN100849,2025-09,1
LN103936,2025-06,1
LN100383,2023-02,1
LN104944,2022-04,1
LN101589,2024-11,1
LN102344,2023-11,0
LN102659,2023-02,0
LN101447,2025-07,1
LN103797,2025-11,0
LN107784,2024-02,0
LN105793,2025-12,0
LN102792,2024-07,1
LN108044,2023-06,1
LN108939,2022-07,0
LN105431,2023-02,1
LN101915,2025-05,0
LN103714,2024-03,0
LN107353,2023-06,0
LN105277,2025-11,0
LN103555,2025-01,1
LN102715,2023-04,0
LN105079,2024-02,0
LN105471,2023-11,0
LN104202,2022-11,0
LN103715,2024-04,0
LN107180,2023-07,1
LN102920,2024-03,0
LN105669,2025-01,1
LN108912,2024-11,1
LN107445,2025-10,0
LN104609,2023-03,0
LN100042,2025-06,1
LN108385,2025-06,0
LN104055,2023-11,0
LN107648,2024-03,0
LN104462,2024-05,0
LN100443,2025-10,0
LN106476,2022-12,1
LN106210,2025-11,0
LN108491,2024-06,0
LN100213,2023-05,0
LN106220,2025-01,0
LN103252,2022-12,0
LN107836,2024-12,0
LN107737,2024-02,0
LN107949,2021-11,0
LN108531,2025-06,0
LN107289,2021-10,0
LN107550,2023-01,0
LN108977,2022-11,1
LN101155,2025-08,0
LN108859,2024-02,0
LN104290,2025-10,0
LN108326,2024-07,1
LN100711,2024-10,0
LN106676,2025-07,1
LN104959,2025-08,1
LN108110,2023-11,0
LN105473,2025-03,0
LN105623,2025-12,1
LN102698,2022-12,0
LN108982,2025-11,1
LN104276,2022-01,1
LN105578,2023-02,0
LN104530,2022-09,0
LN102099,2022-08,1
LN101702,2024-01,0
LN104120,2025-12,0
LN108060,2025-05,0
LN104643,2024-05,1
LN107098,2024-09,0
LN106441,2025-04,0
LN102496,2024-05,1
LN108472,2025-12,0
LN107111,2024-11,0
LN104761,2025-02,1
LN104844,2024-02,0
LN101076,2024-06,0
LN100343,2025-04,1
LN108333,2025-09,0
LN107320,2025-10,0
LN103785,2025-06,1
LN103210,2025-11,0
LN108882,2024-12,0
LN108244,2024-07,0
LN106712,2023-06,0
LN104930,2023-08,1
LN103453,2024-05,0
LN108408,2022-10,0
LN104204,2024-04,1
LN100132,2024-03,0
LN105608,2024-01,0
LN104957,2025-12,1
LN102137,2025-03,0
LN107242,2022-10,0
LN107721,2023-12,0
LN107479,2023-05,0
LN104909,2024-01,0
LN103510,2025-02,0
LN104827,2025-07,1
LN101629,2024-06,0
LN107344,2024-12,0
LN101916,2023-11,1
LN102135,2024-06,0
LN101154,2025-03,1
LN104927,2024-02,0
LN107329,2022-10,0
LN108069,2022-12,0
LN102606,2024-02,0
LN104161,2024-02,0
LN101224,2024-07,0
LN102365,2022-10,0
LN103394,2025-08,0
LN107899,2022-09,0
LN105456,2023-10,1
LN106633,2025-03,0
LN105677,2023-11,0
LN105625,2024-12,0
LN107016,2024-01,0
LN107056,2025-08,0
LN105636,2023-04,0
LN101828,2024-01,0
LN105400,2025-05,0
LN105923,2025-12,0
LN103015,2023-06,0
LN102639,2025-01,0
LN104415,2023-11,0
LN105418,2023-06,0
LN108908,2023-03,1
LN107979,2025-11,0
LN102641,2023-07,0
LN107811,2024-11,0
LN100254,2023-12,0
LN103165,2024-02,0
LN108016,2023-05,0
LN105764,2022-09,0
LN101817,2024-08,0
LN100844,2024-02,0
LN103787,2025-06,1
LN100069,2025-12,1
LN101927,2025-03,0
LN104049,2024-10,1
LN100386,2022-07,0
LN104418,2025-10,1
LN101934,2022-01,1
LN106865,2025-04,1
LN102149,2025-11,0
LN104106,2023-10,1
LN108198,2023-12,0
LN102208,2023-05,0
LN108671,2025-12,0
LN106514,2024-05,0
LN104359,2025-11,0
LN102566,2025-06,0
LN102479,2023-10,0
LN107180,2025-05,0
LN105748,2025-05,0
LN105677,2024-06,0
LN108234,2024-02,1
LN105471,2023-04,0
LN103838,2025-01,0
LN100009,2024-09,1
LN105067,2021-11,0
LN102363,2022-09,0
LN100783,2022-12,1
LN103183,2024-03,0
LN108979,2025-04,0
LN108016,2025-05,1
LN102695,2024-01,0
LN103088,2022-04,0
LN105410,2022-02,1
LN107398,2022-02,0
LN106682,2024-07,0
LN103101,2022-08,0
LN102757,2024-04,0
LN100801,2025-10,0
LN101542,2023-07,0
LN103121,2025-05,0
LN107846,2025-02,1
LN100413,2024-10,1
LN101452,2024-05,0
LN101452,2022-08,0
LN100389,2025-01,0
LN103696,2023-10,0
LN102917,2025-02,0
LN100466,2022-06,1
LN105135,2023-02,0
LN107833,2023-10,0
LN103340,2025-03,0
LN106848,2025-12,0
LN101290,2023-02,1
LN103098,2022-09,0
LN102796,2025-01,1
LN108185,2025-05,0
LN100751,2024-11,0
LN108071,2025-10,1
LN108029,2024-09,0
LN103959,2024-12,0
LN103464,2023-04,0
LN107952,2025-03,0
LN103276,2022-12,0
LN108107,2024-07,1
LN101588,2025-12,0
LN100349,2025-05,0
LN102357,2025-10,0
LN107531,2025-06,0
LN108021,2022-07,0
LN108497,2024-01,0
LN108026,2024-03,0
LN103545,2024-04,1
LN101904,2022-09,0
LN105001,2021-08,0
LN103505,2024-09,0
LN107675,2023-12,0
LN103888,2025-10,1
LN103317,2024-11,0
LN105527,2024-01,0
LN102455,2023-08,1
LN105927,2024-06,0
LN104217,2025-10,0
LN104812,2025-12,0
LN108351,2025-11,0
LN103691,2023-10,0
LN100280,2022-11,1
LN105479,2023-07,0
LN107347,2024-06,1
LN102663,2024-10,0
LN108230,2025-12,0
LN108473,2025-08,0
LN108362,2024-12,1
LN100499,2025-04,0
LN103756,2024-11,1
LN105740,2024-02,1
LN103943,2025-01,0
LN103436,2023-12,0
LN101416,2024-08,1
LN103508,2025-04,0
LN101737,2025-06,0
LN108078,2021-09,0
LN100841,2024-10,1
LN102404,2024-01,0
LN102719,2022-08,0
LN102860,2022-08,0
LN101934,2024-10,0
LN103960,2024-11,0
LN106799,2023-12,0
LN101893,2025-06,0
LN100486,2024-06,0
LN106487,2025-03,0
LN102151,2023-06,0
LN103613,2024-05,0
LN106667,2024-03,0
LN101446,2025-07,0
LN101921,2023-11,0
LN105815,2023-11,1
LN103936,2023-08,0
LN100117,2022-12,1
LN102442,2024-11,0
LN103530,2023-07,0
LN102339,2023-03,0
LN105039,2024-11,0
LN100423,2023-09,0
LN100229,2022-09,0
LN102697,2023-02,0
LN102950,2023-04,0
LN100177,2022-08,0
LN108104,2024-07,1
LN103186,2024-06,0
LN101113,2023-11,1
LN108130,2024-09,1
LN102073,2025-11,0
LN108942,2025-10,0
LN107497,2025-02,0
LN103172,2023-06,0
LN101917,2023-03,1
LN105910,2023-02,0
LN103260,2023-02,0
LN102823,2025-12,1
LN101879,2023-03,0
LN106005,2024-02,1
LN100883,2025-02,0
LN107157,2024-12,0
LN106184,2025-11,0
LN100425,2023-06,1
LN107743,2022-12,0
LN107621,2024-08,0
LN100512,2025-05,0
LN100924,2025-11,0
LN100032,2025-01,0
LN106268,2023-09,1
LN104861,2025-12,0
LN105502,2022-03,1
LN105108,2023-05,0
LN101009,2024-09,0
LN108058,2025-03,1
LN105638,2022-04,0
LN104325,2024-06,0
LN105872,2025-10,1
LN102876,2024-10,0
LN100505,2023-10,0
LN105965,2023-03,1
LN104559,2025-12,1
LN101755,2025-01,1
LN100067,2024-01,0
LN106746,2022-02,0
LN108567,2022-11,0
LN100203,2025-04,0
LN104965,2022-11,0
LN101119,2025-05,0
LN106383,2021-08,0
LN103989,2024-10,0
LN100832,2023-10,0
LN104701,2022-07,1
LN104131,2025-11,0
LN106590,2022-02,0
LN102935,2024-09,1
LN108681,2023-01,0
LN102215,2023-04,0
LN106377,2023-12,0
LN103729,2024-11,0
LN107631,2023-05,0
LN106601,2025-01,0
LN105128,2024-11,0
LN102869,2022-08,0
LN108666,2024-12,1
LN103853,2023-05,0
LN104725,2024-05,1
LN104053,2025-11,0
LN106784,2024-07,1
LN104548,2025-10,0
LN108291,2025-12,0
LN101940,2023-07,0
LN105475,2024-12,0
LN102446,2025-04,0
LN101741,2025-08,1
LN106163,2022-11,0
LN103669,2022-06,1
LN106035,2025-03,0
LN103572,2025-08,1
LN106617,2024-03,0
LN106850,2024-05,0
LN103616,2024-05,0
LN102279,2025-12,0
LN103864,2024-04,1
LN108974,2025-04,0
LN102873,2024-02,0
LN102381,2023-04,0
LN107017,2024-01,1
LN108475,2025-09,0
LN102887,2023-02,1
LN108420,2024-11,1
LN100954,2024-11,0
LN106120,2023-06,0
LN106540,2025-07,0
LN100704,2022-12,1
LN102298,2023-03,1
LN103093,2022-07,0
LN100132,2022-04,0
LN107031,2024-08,1
LN101288,2022-06,1
LN107976,2022-07,0
LN102161,2024-03,0
LN106795,2022-03,0
LN101071,2024-07,0
LN104319,2022-03,0
LN106913,2024-11,0
LN107039,2025-12,0
LN102788,2022-03,1
LN100338,2023-08,0
LN105973,2024-12,0
LN102356,2023-03,0
LN102332,2025-11,0
LN105365,2022-06,0
LN106036,2023-10,0
LN101045,2022-04,1
LN101713,2024-03,1
LN108762,2024-03,0
LN106292,2021-08,0
LN107100,2023-11,0
LN100560,2024-12,0
LN102883,2023-01,0
LN108672,2024-12,0
LN104047,2023-12,0
LN101857,2023-09,1
LN103211,2024-10,0
LN102322,2025-06,0
LN102489,2024-12,0
LN105653,2024-07,0
LN105938,2025-04,1
LN108361,2025-10,1
LN108267,2025-02,0
LN104995,2023-07,0
LN101924,2024-02,0
LN107122,2024-12,1
LN108196,2023-02,0
LN101774,2025-11,0
LN105086,2025-04,0
LN100465,2025-01,1
LN103307,2022-11,0
LN105364,2022-07,0
LN104367,2022-12,0
LN105820,2024-10,0
LN100933,2024-11,1
LN108180,2025-10,0
LN104542,2024-10,0
LN104821,2024-01,0
LN105947,2025-01,0
LN107179,2025-02,0
LN107664,2024-04,0
LN104306,2024-10,0
LN102763,2024-10,0
LN106034,2023-03,0
LN102292,2023-12,0
LN104261,2023-04,0
LN108545,2025-06,0
LN103495,2025-01,0
LN102873,2024-04,1
LN100836,2024-05,1
LN105012,2025-08,0
LN107100,2025-03,1
LN108950,2024-05,0
LN102663,2023-05,0
LN104395,2024-09,0
LN101932,2025-02,1
LN108946,2025-03,0
LN105572,2025-09,1
LN101179,2024-04,0
LN104704,2024-12,1
LN103451,2025-03,0
LN105940,2025-12,0
LN100472,2024-08,0
LN101348,2024-06,0
LN103519,2025-05,0
LN105308,2021-10,0
LN103452,2023-09,0
LN106286,2025-09,1
LN101539,2025-12,1
LN100809,2025-12,0
LN101329,2024-07,1
LN104999,2025-04,0
LN100185,2025-06,1
LN106279,2024-09,0
LN106062,2024-10,0
LN105954,2024-08,1
LN103444,2025-05,0
LN108414,2024-12,1
LN102865,2021-12,0
LN101188,2023-07,0
LN108408,2023-01,0
LN106658,2024-04,0
LN104604,2024-09,0
LN108112,2024-11,1
LN102860,2023-11,0
LN104439,2024-01,0
LN103450,2025-04,1
LN104456,2024-12,1
LN103516,2022-07,0
LN102494,2022-12,0
LN104035,2025-08,0
LN102151,2025-08,0
LN104754,2025-07,1
LN101732,2025-11,0
LN103117,2024-08,0
LN105264,2025-06,0
LN107192,2023-12,1
LN105238,2024-09,0
LN107853,2023-10,0
LN108696,2024-10,0
LN103522,2025-05,0
LN100957,2024-11,0
LN105773,2022-04,0
LN105905,2024-11,0
LN106539,2023-10,0
LN105011,2022-07,1
LN101577,2025-11,0
LN103832,2024-12,0
LN102635,2021-10,0
LN104976,2024-04,0
LN104932,2025-08,0
LN104117,2022-10,0
LN104205,2024-05,0
LN100897,2025-04,0
LN101477,2023-09,0
LN106857,2025-11,1
LN102652,2025-08,1
LN105501,2023-08,0
LN106711,2025-05,0
LN104283,2024-08,1
LN106996,2025-06,0
LN106985,2024-10,0
LN107267,2025-12,0
LN100997,2023-02,0
LN104888,2023-09,1
LN104250,2024-11,0
LN100955,2024-05,0
LN107236,2025-08,0
LN108124,2024-10,0
LN100350,2025-09,0
LN102373,2025-01,1
LN108068,2025-01,0
LN101517,2021-11,0
LN106934,2025-08,1
LN104981,2025-03,0
LN103113,2024-11,1
LN100471,2025-06,0
LN106489,2025-12,0
LN103803,2025-07,0
LN108434,2023-10,1
LN100324,2025-03,0
LN103011,2025-08,0
LN106252,2024-03,0
LN108656,2024-01,0
LN107617,2024-11,1
LN105623,2025-02,0
LN108123,2024-09,1
LN102562,2024-12,1
LN102760,2022-08,1
LN102479,2023-06,1
LN104030,2025-06,0
LN108278,2025-11,0
LN105514,2024-11,1
LN100048,2025-03,0
LN102583,2024-10,0
LN102175,2024-04,0
LN107010,2022-07,0
LN105943,2024-06,0
LN100571,2023-12,1
LN100309,2023-03,1
LN101342,2023-12,0
LN105633,2024-10,0
LN103763,2024-04,1
LN102547,2025-09,1
LN104813,2025-04,0
LN107127,2025-09,0
LN100798,2024-01,0
LN107523,2023-10,0
LN100699,2024-02,0
LN108351,2023-11,0
LN107379,2022-11,0
LN103777,2025-11,1
LN103345,2024-10,1
LN106885,2021-08,0
LN100064,2023-03,0
LN100146,2025-03,1
LN104122,2025-04,1
LN100202,2024-11,0
LN106718,2023-10,0
LN106121,2025-02,0
LN100192,2025-12,0
LN101117,2023-11,1
LN103613,2024-08,0
LN107812,2023-04,1
LN108700,2024-01,0
LN108433,2023-12,1
LN103334,2021-11,0
LN103882,2024-05,0
LN104446,2024-12,0
LN107575,2023-07,1
LN104959,2025-07,0
LN104399,2025-11,0
LN108645,2023-09,0
LN107413,2025-08,1
LN100053,2025-06,0
LN107403,2023-06,0
LN103596,2023-03,0
LN105831,2025-01,1
LN106267,2023-09,1
LN102110,2024-01,1
LN101117,2024-10,0
LN100355,2025-05,0
LN106733,2023-12,0
LN100887,2023-08,0
LN103199,2024-09,0
LN103085,2025-02,0
LN105200,2025-08,0
LN104528,2024-01,1
LN104499,2023-04,1
LN105987,2023-10,1
LN108343,2024-10,1
LN100067,2023-02,1
LN108106,2025-08,0
LN100637,2022-11,0
LN102331,2025-11,1
LN103560,2022-12,0
LN108402,2024-08,1
LN107142,2025-04,0
LN108530,2023-12,1
LN107080,2022-12,0
LN103949,2022-08,0
LN107675,2025-12,0
LN101910,2022-10,0
LN104178,2023-08,0
LN105208,2024-06,1
LN104543,2023-10,0
LN102682,2023-09,0
LN101101,2025-09,0
LN102958,2024-07,0
LN107653,2025-12,0
LN108204,2024-01,1
LN104637,2023-04,0
LN100090,2023-04,0
LN103115,2023-07,0
LN101202,2025-08,1
LN100722,2025-05,0
LN102353,2023-06,1
LN105607,2024-05,0
LN102354,2022-08,0
LN108780,2024-11,1
LN102679,2025-07,1
LN107644,2022-11,0
LN106601,2024-11,0
LN108524,2023-07,1
LN100529,2025-09,0
LN101050,2023-06,1
LN105962,2024-12,0
LN101238,2025-06,0
LN107525,2025-03,0
LN107482,2025-06,1
LN101232,2025-05,0
LN104559,2024-08,0
LN101972,2023-11,1
LN107509,2025-05,0
LN101526,2024-02,0
LN102887,2024-02,1
LN100324,2025-10,0
LN103968,2024-06,0
LN105974,2025-08,0
LN104293,2024-02,1
LN105756,2023-02,0
LN104784,2024-11,0
LN104456,2024-06,0
LN108731,2024-10,1
LN102461,2023-01,0
LN100243,2025-08,0
LN105528,2021-08,0
LN100525,2024-12,0
LN103266,2025-12,0
LN103453,2023-10,0
LN108502,2025-11,0
LN101340,2024-05,0
LN106109,2025-02,0
LN104802,2022-05,0
LN100858,2025-09,0
LN104421,2025-03,0
LN103877,2023-03,0
LN106081,2023-09,0
LN108027,2024-07,0
LN104847,2023-09,0
LN102383,2023-12,1
LN108650,2025-05,0
LN103959,2022-08,0
LN106618,2023-10,0
LN107988,2022-05,0
LN101097,2024-10,0
LN108290,2024-07,0
LN100980,2023-11,0
LN104047,2022-09,1
LN103567,2023-10,0
LN105752,2022-02,1
LN103611,2025-03,1
LN102282,2025-09,0
LN107908,2023-09,1
LN103455,2024-12,1
LN106229,2024-01,0
LN105293,2025-01,0
LN103754,2024-04,1
LN102590,2024-06,0
LN104686,2025-06,0
LN107964,2023-08,0
LN105464,2024-11,0
LN100425,2023-05,0
LN100663,2023-02,0
LN107512,2024-08,0
LN105553,2024-04,0
LN106474,2025-03,0
LN102898,2025-05,1
LN103394,2025-12,1
LN100345,2025-11,0
LN108149,2023-08,1
LN101037,2024-08,0
LN101997,2025-05,0
LN101687,2023-11,0
LN100790,2024-10,0
LN100612,2025-12,0
LN106367,2025-09,0
LN103103,2024-01,1
LN103328,2024-04,0
LN104116,2023-04,1
LN100149,2025-04,0
LN101770,2025-12,0
LN105455,2022-11,0
LN102815,2024-02,0
LN102350,2024-11,0
LN105576,2025-06,0
LN107659,2025-06,0
LN100032,2023-02,0
LN101007,2025-01,1
LN106380,2024-01,0
LN104993,2024-02,0
LN103107,2024-06,0
LN105929,2025-05,0
LN106586,2023-07,0
LN101903,2025-09,0
LN107359,2024-10,0
LN100784,2024-04,0
LN108506,2024-12,1
LN106028,2023-10,1
LN102321,2022-10,0
LN108819,2022-06,0
LN107978,2025-12,1
LN105318,2025-11,0
LN100023,2025-08,1
LN106808,2022-04,1
LN106853,2022-07,0
LN104590,2024-09,0
LN101178,2024-03,0
LN108310,2024-11,1
LN103667,2024-04,0
LN106493,2024-03,0
LN101595,2025-07,0
LN106333,2024-05,0
LN101067,2024-08,0
LN108333,2022-05,1
LN103706,2025-06,0
LN106751,2024-12,0
LN107248,2025-04,0
LN101630,2023-07,0
LN102905,2025-05,0
LN105221,2025-01,0
LN107105,2022-12,1
LN101689,2025-04,1
LN106553,2023-11,1
LN106769,2023-07,0
LN102820,2023-08,0
LN108611,2023-12,1
LN107837,2024-01,1
LN108735,2024-09,0
LN100588,2025-11,1
LN105772,2023-05,1
LN108576,2023-11,0
LN100755,2025-12,1
LN106572,2022-07,1
LN104418,2025-05,0
LN108715,2024-04,1
LN101201,2025-05,0
LN102481,2025-09,0
LN104507,2025-03,1
LN103503,2023-08,0
LN103611,2025-02,1
LN101518,2024-09,0
LN100393,2024-07,0
LN102202,2024-10,0
LN106906,2022-07,1
LN103879,2025-02,0
LN107773,2025-10,1
LN104893,2022-11,0
LN101644,2022-01,0
LN108540,2024-01,0
LN101318,2023-09,0
LN108953,2023-08,1
LN102458,2023-06,0
LN102062,2022-04,0
LN106590,2023-11,0
LN101955,2022-11,0
LN101940,2022-10,0
LN108591,2023-01,0
LN105135,2021-11,1
LN107844,2025-02,0
LN102821,2025-07,0
LN106053,2024-11,0
LN100539,2025-01,1
LN107221,2024-11,1
LN101144,2023-10,0
LN100363,2025-03,0
LN103044,2025-07,0
LN101443,2024-11,1
LN100836,2025-06,0
LN105760,2022-04,1
LN108159,2023-06,0
LN107809,2022-11,0
LN107072,2025-07,1
LN108893,2025-02,0
LN101664,2023-08,0
LN107342,2025-02,0
LN103304,2022-08,0
LN108498,2023-10,0
LN108125,2023-11,0
LN104563,2024-11,0
LN102504,2022-01,0
LN100997,2023-06,1
LN108662,2025-11,0
LN107343,2025-03,0
LN107872,2024-06,0
LN103630,2024-09,0
LN103191,2024-04,1
LN103881,2024-06,0
LN102713,2023-05,0
LN107070,2022-10,0
LN100073,2022-09,1
LN108265,2023-04,0
LN105756,2025-10,0
LN101058,2025-10,0
LN104571,2022-08,0
LN105837,2024-08,0
LN103853,2024-04,0
LN100537,2024-06,0
LN105440,2024-11,0
LN105541,2024-10,0
LN105039,2025-10,1
LN105461,2022-12,1
LN103900,2024-09,0
LN102131,2024-11,0
LN101006,2024-10,0
LN108271,2023-09,0
LN104348,2025-10,0
LN103599,2024-09,0
LN104945,2025-08,0
LN108592,2024-09,1
LN107413,2025-07,0
LN102890,2022-08,0
LN106662,2024-05,0
LN107733,2023-06,1
LN106018,2024-06,0
LN100384,2024-08,0
LN108358,2025-04,1
LN104431,2023-02,0
LN101350,2025-07,0
LN103236,2023-03,1
LN105677,2024-07,0
LN106224,2024-08,1
LN108452,2024-01,1
LN105729,2025-12,0
LN106530,2025-09,0
LN106948,2023-10,1
LN107127,2025-05,1
LN107626,2025-04,1
LN104419,2023-04,0
LN106890,2022-09,0
LN101517,2023-04,0
LN100087,2025-11,0
LN101742,2024-04,0
LN107598,2023-12,0
LN106373,2024-12,1
LN101101,2023-11,1
LN108737,2023-06,1
LN103348,2022-05,0
LN100630,2024-03,0
LN103721,2023-08,0
LN108688,2024-11,0
LN102931,2024-07,1
LN102769,2024-12,0
LN103230,2025-08,1
LN105952,2022-09,1
LN102752,2025-02,1
LN100602,2025-11,0
LN105815,2024-06,0
LN106283,2023-02,0
LN100398,2023-08,0
LN103347,2023-02,1
LN101642,2023-02,0
LN107523,2022-10,1
LN102384,2022-02,0
LN103753,2023-09,1
LN100142,2023-02,1
LN100368,2023-01,1
LN103109,2023-11,1
LN103726,2022-02,0
LN103886,2023-07,0
LN108870,2024-12,0
LN106471,2023-05,0
LN105968,2024-08,0
LN108176,2022-10,0
LN101936,2024-10,0
LN102182,2023-09,1
LN101231,2025-11,1
LN103944,2022-12,0
LN100521,2022-02,0
LN104137,2025-12,0
LN100835,2024-07,0
LN105966,2025-09,1
LN106760,2022-12,0
LN107143,2022-08,0
LN101588,2025-11,0
LN103391,2024-03,0
LN101903,2023-01,0
LN100945,2022-04,0
LN106513,2021-11,0
LN101267,2025-05,1
LN102259,2025-10,1
LN106294,2025-09,1
LN105990,2023-09,1
LN105067,2025-06,0
LN103823,2022-11,1
LN100835,2025-08,0
LN103005,2022-11,1
LN101378,2024-12,0
LN103866,2024-02,1
LN107753,2022-11,0
LN102305,2024-12,1
LN105850,2024-07,0
LN108170,2025-10,1
LN100087,2025-05,0
LN106586,2025-11,0
LN107880,2023-03,1
LN108202,2023-09,0
LN104469,2024-06,0
LN104713,2023-08,1
LN108441,2024-08,1
LN103883,2025-05,1
LN103011,2025-04,0
LN102944,2025-07,0
LN102923,2024-12,1
LN107687,2025-05,0
LN102134,2025-06,0
LN106921,2023-11,0
LN104872,2024-01,0
LN105416,2022-10,0
LN105751,2022-06,0
LN107115,2025-01,1
LN104021,2021-08,0
LN103527,2025-10,0
LN106302,2025-11,1
LN103996,2022-07,1
LN104607,2024-11,1
LN100391,2023-03,0
LN100392,2023-04,0
LN103369,2024-05,0
LN104967,2022-12,0
LN104396,2025-04,1
LN106010,2025-01,1
LN106435,2023-06,0
LN101444,2023-09,1
LN100919,2025-05,0
LN107600,2022-03,0
LN106022,2025-04,0
LN104349,2023-01,1
LN104251,2024-04,1
LN106302,2025-03,0
LN102082,2023-11,0
LN101017,2023-03,1
LN102418,2024-06,0
LN106821,2025-04,0
LN108316,2025-11,0
LN101362,2023-09,1
LN102494,2024-11,1
LN105146,2025-12,0
LN101961,2025-01,0
LN103453,2024-11,0
LN108878,2023-07,0
LN101872,2025-02,1
LN106706,2023-10,0
LN106275,2021-10,1
LN107585,2024-01,0
LN102982,2025-08,0
LN106241,2024-08,1
LN102644,2023-09,0
LN104952,2025-06,0
LN108207,2024-12,1
LN104123,2025-07,0
LN105611,2023-05,0
LN101764,2025-12,1
LN101144,2023-06,0
LN108823,2025-11,0
LN103427,2025-05,1
LN104320,2024-10,0
LN102244,2024-09,0
LN106731,2023-06,1
LN105626,2024-02,0
LN106874,2024-06,0
LN108353,2024-05,0
LN100048,2024-12,0
LN108120,2025-03,0
LN101948,2023-06,0
LN101544,2024-09,0
LN103928,2025-12,0
LN102834,2024-04,0
LN100257,2022-07,0
LN101858,2025-03,0
LN107727,2023-02,1
LN101862,2024-07,0
LN106538,2024-07,1
LN102961,2024-09,1
LN106989,2023-03,1
LN100352,2025-09,0
LN101167,2023-10,0
LN105328,2024-02,0
LN103172,2025-10,0
LN106279,2025-05,1
LN100378,2024-11,0
LN102168,2025-01,0
LN102505,2024-05,0
LN106268,2023-08,0
LN103717,2025-10,1
LN104233,2022-12,1
LN105037,2024-05,0
LN103696,2024-12,0
LN101315,2025-11,0
LN104666,2023-02,1
LN101298,2025-03,0
LN101388,2025-01,0
LN108328,2022-07,0
LN106457,2025-06,0
LN108332,2025-03,1
LN105044,2024-11,1
LN105580,2025-04,1
LN105122,2024-04,0
LN103194,2025-09,0
LN100086,2022-08,0
LN105825,2024-05,0
LN100697,2025-12,0
LN106552,2024-07,0
LN104845,2024-03,0
LN108778,2022-08,0
LN103183,2022-02,0
LN100350,2025-05,0
LN102224,2024-07,0
LN103241,2025-07,0
LN105361,2025-03,0
LN102406,2023-02,0
LN102085,2024-02,0
LN102758,2023-08,0
LN100454,2024-10,1
LN105468,2023-09,0
LN101068,2023-09,1
LN100097,2024-04,0
LN105409,2025-09,0
LN108806,2024-04,0
LN104464,2025-04,0
LN108347,2024-08,1
LN108024,2025-04,1
LN107675,2024-10,0
LN103988,2024-12,1
LN107001,2023-06,0
LN100128,2023-11,1
LN100419,2025-07,1
LN108511,2025-10,0
LN104075,2022-04,0
LN102618,2025-08,0
LN101865,2025-10,1
LN100790,2023-07,0
LN104970,2024-09,0
LN102290,2023-08,0
LN100709,2024-01,1
LN101830,2025-01,0
LN105525,2024-07,0
LN102560,2025-10,0
LN101853,2024-01,0
LN103596,2023-07,0
LN100454,2025-04,0
LN104655,2022-10,1
LN104097,2025-08,0
LN100773,2024-12,1
LN101433,2025-12,0
LN108947,2023-05,0
LN107754,2022-01,0
LN106808,2022-01,0
LN105793,2025-05,0
LN105665,2025-04,1
LN108317,2025-01,0
LN106590,2023-10,0
LN100914,2025-06,0
LN100660,2023-01,0
LN104805,2025-01,0
LN107367,2024-06,0
LN105143,2024-09,0
LN100402,2025-07,0
LN101139,2025-09,0
LN101713,2025-03,0
LN107975,2025-07,0
LN100419,2024-01,0
LN107079,2023-03,0
LN108773,2023-08,0
LN104831,2024-05,0
LN101661,2023-11,1
LN106662,2023-06,0
LN101177,2024-03,0
LN107973,2024-10,1
LN104506,2025-11,0
LN102773,2024-09,1
LN100283,2023-07,1
LN103654,2024-08,0
LN108379,2023-04,0
LN104847,2023-08,0
LN100793,2024-09,1
LN108358,2024-07,1
LN103908,2023-05,0
LN106803,2025-01,0
LN103490,2022-08,1
LN108762,2024-09,1
LN103386,2024-07,1
LN101049,2024-06,0
LN104314,2025-06,0
LN103059,2025-08,0
LN104510,2025-07,1
LN108621,2025-11,0
LN107416,2025-02,0
LN101331,2025-06,0
LN104067,2023-06,1
LN108469,2023-02,1
LN102331,2024-07,1
LN105007,2024-11,0
LN100382,2025-02,0
LN108041,2024-03,0
LN105395,2024-05,0
LN101065,2023-12,1
LN108791,2025-01,0
LN106472,2023-05,0
LN106118,2024-04,1
LN101787,2023-06,0
LN100477,2022-08,0
LN102806,2023-07,0
LN104054,2023-06,0
LN104614,2025-09,0
LN103055,2025-01,1
LN108037,2024-04,1
LN101381,2022-07,1
LN105815,2021-09,1
LN107535,2022-10,0
LN100227,2025-12,0
LN105366,2021-11,1
LN105007,2025-07,1
LN102217,2025-06,0
LN107376,2023-08,0
LN106480,2023-12,0
LN107389,2024-04,0
LN102107,2025-01,1
LN106451,2024-12,1
LN101881,2025-01,0
LN106471,2022-12,0
LN104565,2023-08,0
LN107853,2023-08,1
LN103215,2025-07,0
LN107004,2025-08,0
LN101367,2023-07,0
LN104470,2024-12,1
LN107625,2024-04,0
LN100183,2024-10,1
LN107199,2024-03,1
LN108551,2021-11,0
LN100207,2025-08,1
LN102218,2022-07,0
LN108011,2024-09,0
LN106887,2023-12,1
LN102060,2025-02,1
LN104180,2025-10,0
LN100772,2022-10,1
LN107903,2024-12,0
LN101489,2023-09,0
LN100365,2023-04,0
LN102863,2025-04,1
LN102262,2021-12,0
LN103031,2024-01,0
LN105088,2025-06,0
LN102828,2024-07,0
LN104189,2025-11,0
LN104555,2023-12,0
LN101595,2024-11,0
LN102185,2025-05,0
LN104930,2024-11,0
LN102419,2023-12,0
LN107493,2023-01,0
LN107658,2024-04,0
LN105927,2025-12,0
LN103594,2023-02,1
LN107826,2024-04,0
LN101560,2024-10,0
LN108257,2024-05,0
LN103200,2025-06,0
LN106171,2024-05,0
LN105606,2025-03,0
LN108654,2024-04,0
LN108352,2024-02,1
LN107800,2024-10,0
LN107761,2024-07,0
LN101954,2025-03,1
LN100641,2025-07,1
LN104874,2022-11,0
LN104669,2024-02,0
LN101387,2024-07,0
LN102666,2025-01,0
LN105161,2024-02,0
LN106163,2024-05,0
LN103157,2024-12,0
LN103319,2021-11,0
LN102600,2025-09,1
LN107403,2022-08,0
LN107742,2024-09,0
LN108438,2024-08,0
LN107529,2025-08,1
LN106740,2021-12,0
LN105583,2025-10,0
LN103829,2023-08,0
LN103727,2025-07,0
LN108419,2022-10,0
LN102838,2025-10,0
LN104978,2025-08,0
LN106325,2024-05,0
LN108892,2025-05,0
LN100695,2023-01,0
LN104283,2025-11,0
LN106090,2022-03,1
LN103561,2023-02,1
LN108045,2022-09,1
LN107894,2024-06,0
LN106512,2022-11,0
LN100896,2024-09,1
LN101343,2023-11,1
LN105416,2023-04,0
LN103557,2023-12,0
LN102205,2025-04,0
LN101945,2025-10,0
LN106798,2025-01,0
LN107268,2024-01,0
LN100569,2024-11,0
LN103984,2025-04,0
LN105319,2025-01,1
LN103177,2025-03,0
LN104673,2024-10,1
LN107241,2025-02,1
LN104322,2025-06,1
LN106312,2023-04,0
LN105123,2025-11,0
LN101581,2023-10,0
LN102922,2022-05,1
LN102393,2024-12,1
LN101051,2023-04,0
LN106920,2025-06,0
LN106561,2025-11,0
LN105144,2025-10,1
LN107301,2024-01,0
LN102139,2023-09,0
LN108583,2023-04,0
LN102384,2024-04,0
LN104932,2024-11,1
LN102763,2025-11,0
LN102557,2025-04,0
LN105681,2025-05,0
LN103245,2025-03,1
LN108512,2024-09,1
LN103751,2025-11,0
LN105783,2024-12,0
LN107877,2024-02,0
LN106897,2025-09,0
LN101780,2023-06,0
LN105235,2024-08,0
LN105780,2025-02,0
LN105743,2024-10,1
LN101922,2024-08,0
LN106681,2023-09,1
LN103771,2024-07,1
LN105995,2024-05,1
LN106306,2025-07,1
LN107786,2025-06,0
LN101325,2024-04,1
LN105718,2023-04,0
LN106890,2022-02,0
LN102847,2024-08,0
LN106298,2022-09,1
LN105025,2022-03,0
LN108925,2023-11,1
LN105325,2024-03,0
LN106115,2025-09,0
LN104073,2025-08,0
LN104499,2025-09,1
LN108129,2025-11,0
LN104291,2024-11,0
LN106515,2024-04,1
LN106522,2024-02,0
LN100064,2025-03,0
LN105424,2024-05,1
LN103970,2025-01,1
LN107980,2024-10,0
LN105850,2023-07,0
LN100181,2025-08,1
LN105466,2024-09,0
LN107155,2023-10,0
LN108101,2025-03,0
LN100540,2024-05,0
LN101934,2024-11,0
LN101163,2024-11,0
LN100283,2025-07,0
LN102069,2024-12,0
LN102635,2023-08,0
LN108603,2025-06,1
LN105236,2024-07,0
LN105026,2023-06,0
LN103072,2025-01,0
LN103892,2023-07,0
LN102117,2025-02,0
LN102749,2025-12,0
LN106351,2022-04,0
LN107547,2024-10,0
LN101370,2025-04,0
LN101237,2025-12,1
LN100981,2025-12,0
LN101196,2024-06,0
LN102262,2022-08,0
LN107801,2023-02,0
LN108876,2023-03,0
LN108856,2023-03,1
LN105048,2023-08,1
LN100386,2023-07,1
LN105852,2025-07,0
LN100383,2022-09,1
LN101531,2023-06,0
LN104380,2025-08,0
LN104158,2023-05,0
LN106203,2025-04,1
LN108588,2025-03,0
LN102735,2025-08,0
LN105806,2024-02,0
LN104483,2022-02,0
LN100781,2025-10,0
LN102808,2024-08,0
LN108469,2021-09,0
LN102233,2024-05,0
LN101696,2023-05,0
LN101231,2024-03,0
LN107619,2025-08,0
LN104645,2023-12,1
LN107043,2025-03,0
LN107351,2025-10,1
LN108189,2025-08,0
LN105070,2025-11,0
LN106502,2025-09,0
LN105721,2024-12,0
LN102185,2024-12,1
LN107789,2024-11,1
LN100729,2025-06,1
LN101577,2025-01,0
LN100083,2025-08,0
LN105001,2025-04,0
LN106904,2023-12,0
LN106680,2023-05,0
LN102886,2025-01,0
LN108206,2025-06,0
LN105414,2024-01,1
LN100909,2024-06,1
LN101563,2025-01,0
LN100471,2025-04,0
LN104803,2024-08,1
LN104392,2025-03,0
LN106175,2023-07,0
LN107850,2024-04,1
LN101018,2022-04,0
LN104737,2025-03,0
LN104431,2024-03,0
LN108912,2025-07,1
LN107954,2024-06,0
LN103326,2022-04,0
LN106166,2023-06,0
LN107544,2024-08,1
LN106850,2024-08,1
LN105269,2025-02,0
LN105501,2023-04,0
LN108477,2025-07,0
LN106967,2023-10,0
LN108935,2024-02,0
LN100755,2025-01,0
LN101548,2024-01,0
LN108248,2023-05,0
LN100175,2024-07,0
LN102031,2024-01,0
LN106162,2024-11,1
LN101523,2025-11,0
LN102103,2025-09,0
LN106362,2024-02,0
LN108116,2025-01,0
LN108083,2024-06,0
LN100844,2024-12,0
LN105091,2025-02,1
LN104312,2024-03,0
LN108609,2023-06,0
LN103447,2023-11,0
LN105303,2024-12,0
LN107655,2025-08,0
LN101590,2025-04,0
LN108520,2024-06,0
LN107091,2024-05,1
LN103082,2024-04,0
LN106133,2024-12,0
LN105347,2023-08,0
LN106606,2025-05,0
LN107189,2021-11,1
LN106737,2023-09,0
LN105794,2025-05,0
LN101576,2023-07,0
LN104180,2023-11,1
LN105246,2024-09,1
LN103514,2023-02,0
LN104277,2024-10,1
LN103270,2022-11,0
LN100447,2025-03,0
LN100339,2024-12,0
LN107351,2025-06,1
LN105054,2023-09,0
LN100647,2024-12,0
LN108195,2024-01,1
LN107093,2023-03,0
LN101174,2025-03,0
LN102167,2025-09,1
LN107999,2022-08,0
LN106520,2022-03,0
LN107909,2024-07,0
LN101106,2024-01,0
LN106993,2025-07,0
LN106986,2024-02,0
LN107586,2025-03,0
LN107799,2024-04,0
LN105207,2024-11,0
LN100336,2024-11,0
LN100129,2024-01,1
LN108850,2023-08,1
LN106554,2023-12,0
LN103594,2024-11,0
LN101019,2024-02,0
LN100706,2022-07,0
LN106468,2024-11,0
LN104197,2023-02,0
LN102101,2025-12,1
LN101353,2025-04,0
LN102419,2024-01,1
LN107066,2022-11,1
LN104353,2023-05,1
LN107729,2024-12,0
LN100495,2023-10,0
LN102222,2025-06,0
LN103994,2023-10,1
LN104076,2025-01,0
LN105838,2023-05,1
LN101033,2025-11,0
LN101795,2024-10,0
LN102909,2023-11,0
LN101943,2022-10,0
LN107486,2025-10,0
LN108122,2024-06,1
LN103434,2025-05,1
LN105870,2024-05,0
LN106046,2022-01,0
LN107601,2025-11,0
LN100636,2024-07,1
LN103449,2024-05,1
LN100235,2024-09,0
LN102156,2023-02,0
LN101006,2025-02,1
LN104872,2023-05,0
LN104953,2024-11,1
LN108933,2024-01,0
LN102134,2024-08,0
LN101803,2022-12,1
LN104477,2023-11,0
LN107181,2025-02,0
LN108838,2024-02,0
LN107497,2024-02,0
LN102928,2023-04,0
LN108354,2023-10,1
LN107322,2024-11,0
LN103839,2024-12,0
LN100949,2023-11,1
LN107613,2024-07,0
LN103676,2022-12,1
LN105157,2024-04,0
LN107124,2023-08,0
LN108174,2025-01,0
LN100119,2024-03,0
LN101810,2024-03,0
LN101922,2024-05,0
LN107472,2023-04,1
LN100687,2025-02,0
LN102076,2023-03,0
LN103458,2024-06,0
LN101347,2024-10,1
LN107086,2024-11,0
LN101780,2022-10,1
LN108788,2025-12,0
LN104769,2024-05,0
LN106532,2024-02,1
LN101514,2022-11,0
LN104728,2022-04,0
LN105608,2025-03,0
LN100229,2022-05,1
LN100646,2025-08,0
LN102660,2024-11,0
LN104039,2023-02,0
LN107248,2025-01,1
LN106203,2025-02,0
LN104883,2022-07,1
LN102423,2025-02,0
LN103814,2022-11,0
LN101664,2023-05,0
LN104117,2022-12,1
LN103263,2024-07,0
LN100531,2024-07,1
LN102358,2024-04,0
LN101074,2025-11,1
LN102450,2025-06,0
LN108286,2023-10,0
LN104795,2023-11,1
LN103215,2025-08,0
LN106935,2024-05,1
LN105826,2025-03,0
LN100334,2024-01,0
LN100241,2024-09,0
LN108618,2023-03,0
LN101643,2025-09,0
LN104045,2021-11,0
LN105072,2024-04,1
LN107828,2024-06,0
LN106944,2025-01,0
LN102775,2025-11,0
LN107642,2025-01,1
LN102578,2025-03,0
LN100074,2024-09,1
LN102942,2025-12,1
LN100957,2024-10,0
LN107163,2025-01,0
LN106899,2025-05,0
LN106631,2022-04,1
LN101479,2025-09,0
LN108892,2023-11,0
LN102833,2023-06,0
LN101936,2022-11,0
LN105608,2024-09,0
LN100338,2022-10,0
LN100384,2023-03,0
LN106686,2022-08,1
LN106115,2024-08,1
LN106816,2025-04,0
LN105168,2025-06,0
LN107582,2024-11,0
LN102819,2024-10,0
LN106074,2025-04,1
LN104635,2025-04,0
LN106118,2023-11,1
LN100299,2022-02,1
LN105826,2025-10,0
LN104188,2024-02,0
LN103247,2022-01,1
LN101256,2023-11,0
LN103939,2024-11,0
LN107756,2025-01,0
LN107629,2024-02,1
LN106182,2025-03,0
LN108747,2022-05,0
LN101896,2024-09,0
LN107190,2025-01,0
LN101990,2024-08,1
LN107732,2025-10,1
LN101069,2021-08,0
LN102174,2025-12,0
LN108474,2025-12,0
LN104702,2024-09,1
LN104718,2024-06,0
LN103769,2023-09,0
LN108688,2024-10,1
LN100932,2024-07,0
LN102612,2024-07,0
LN101973,2023-07,1
LN101009,2024-07,0
LN103342,2023-01,1
LN102368,2022-01,1
LN103913,2024-03,0
LN104718,2023-01,0
LN106140,2024-07,0
LN107588,2022-01,1
LN100909,2022-07,0
LN105456,2023-01,1
LN101904,2024-03,0
LN102987,2025-02,0
LN100806,2024-03,0
LN102817,2025-06,0
LN105167,2024-09,0
LN105563,2024-06,1
LN106644,2024-08,1
LN107908,2024-06,0
LN102791,2025-06,0
LN104506,2024-05,0
LN105855,2024-02,1
LN100665,2024-12,1
LN101438,2025-09,0
LN102495,2024-04,0
LN104718,2024-08,0
LN102316,2021-12,0
LN100907,2023-06,1
LN100556,2025-09,1
LN106496,2024-03,0
LN105927,2025-05,0
LN102971,2023-02,0
LN107947,2024-12,1
LN102771,2025-04,0
LN106916,2024-10,0
LN107223,2023-11,1
LN102805,2025-10,0
LN107554,2023-11,1
LN102331,2025-12,0
LN100818,2024-12,0
LN106210,2023-03,0
LN103021,2023-01,0
LN102313,2025-12,0
LN105215,2025-02,0
LN102629,2024-06,0
LN106965,2025-06,1
LN101848,2024-05,1
LN104519,2023-02,0
LN107194,2024-10,0
LN106419,2023-06,0
LN105839,2024-09,0
LN101472,2023-03,1
LN104947,2025-04,0
LN104644,2022-04,0
LN103786,2025-10,1
LN102886,2024-12,1
LN105406,2025-03,0
LN101062,2025-03,0
LN107798,2024-09,0
LN106905,2025-05,0
LN105815,2021-10,1
LN102760,2023-06,0
LN101135,2024-06,1
LN108471,2025-11,1
LN104662,2025-04,0
LN103634,2025-05,1
LN102708,2025-04,1
LN103469,2025-02,0
LN106162,2022-06,1
LN103554,2023-10,0
LN103199,2023-05,1
LN106428,2025-03,0
LN102201,2024-02,0
LN102120,2024-11,0
LN100675,2024-05,1
LN101863,2023-12,0
LN108107,2023-02,0
LN106543,2024-09,0
LN105650,2025-03,0
LN102757,2024-03,0
LN104282,2024-01,0
LN100787,2025-11,0
LN107227,2025-06,1
LN106881,2024-02,0
LN104914,2024-07,0
LN108449,2023-12,0
LN106466,2025-03,0
LN100959,2023-01,0
LN101314,2025-09,1
LN103724,2025-03,0
LN105450,2024-08,0
LN104169,2024-10,0
LN102450,2024-06,0
LN103215,2022-12,1
LN108738,2025-04,0
LN104772,2024-09,0
LN104443,2025-10,0
LN108265,2025-06,1
LN107116,2023-10,0
LN104718,2024-02,0
LN106204,2022-10,0
LN104461,2025-06,1
LN103803,2023-02,0
LN104228,2025-08,1
LN106075,2022-09,1
LN105807,2025-05,0
LN108783,2025-06,0
LN108594,2025-05,1
LN108289,2023-08,1
LN102734,2023-08,0
LN103899,2025-01,0
LN102990,2024-04,1
LN105403,2024-10,0
LN103690,2025-06,0
LN102978,2023-04,1
LN106632,2024-03,1
LN103179,2025-10,1
LN107874,2023-05,1
LN104634,2025-11,0
LN104718,2025-11,1
LN106472,2023-10,1
LN104863,2024-10,0
LN101072,2024-05,1
LN100615,2023-09,0
LN107261,2024-01,0
LN104097,2022-03,0
LN106394,2023-12,0
LN106332,2024-07,0
LN101144,2023-04,0
LN107944,2025-07,0
LN105857,2023-04,0
LN108432,2023-11,1
LN100214,2024-08,0
LN103405,2023-08,0
LN102563,2025-01,0
LN104862,2025-09,0
LN102964,2025-02,0
LN104999,2024-09,0
LN105466,2025-06,0
LN100870,2023-07,0
LN101235,2023-02,0
LN106788,2025-12,0
LN108910,2025-12,0
LN104273,2022-12,1
LN108172,2025-08,1
LN104103,2023-07,0
LN100064,2025-12,0
LN108406,2022-05,0
LN107745,2023-03,0
LN102255,2024-01,1
LN107711,2024-10,0
LN105525,2023-06,0
LN104656,2023-02,0
LN108730,2024-10,0
LN101026,2025-02,0
LN102109,2025-11,0
LN105571,2024-06,0
LN104821,2023-11,0
LN105330,2025-10,0
LN106388,2024-01,0
LN104715,2024-07,0
LN108553,2024-08,0
LN107728,2023-03,0
LN100990,2023-06,1
LN101555,2023-06,1
LN106524,2024-10,1
LN105453,2024-06,0
LN102576,2025-12,0
LN103181,2022-08,0
LN100945,2022-06,1
LN108290,2023-05,0
LN101519,2025-12,0
LN108567,2024-12,0
LN106512,2024-10,1
LN104181,2023-03,0
LN102847,2022-11,0
LN107915,2025-03,1
LN105466,2024-06,0
LN105389,2024-08,0
LN101366,2024-02,1
LN103490,2023-06,1
LN104240,2023-02,0
LN104649,2025-12,0
LN108590,2023-11,1
LN108285,2024-08,0
LN107604,2022-06,0
LN101453,2023-12,0
LN101781,2024-10,0
LN106272,2023-10,0
LN103460,2025-02,1
LN107711,2023-05,0
LN104249,2025-11,0
LN106800,2024-08,0
LN104090,2025-08,0
LN107705,2025-11,1
LN104744,2024-06,0
LN101529,2024-10,0
LN103797,2023-02,1
LN105288,2022-11,1
LN100985,2024-09,0
LN104938,2025-01,0
LN100004,2024-06,0
LN104653,2023-04,0
LN106005,2024-08,1
LN107597,2023-09,0
LN107398,2021-12,0
LN104044,2023-10,0
LN102814,2022-04,0
LN101831,2025-05,0
LN100684,2024-09,1
LN108358,2024-01,1
LN101399,2022-10,0
LN105189,2022-10,0
LN102758,2022-12,0
LN100239,2024-10,1
LN107121,2024-10,0
LN102657,2023-08,0
LN107289,2022-01,0
LN105011,2023-11,0
LN100342,2025-01,1
LN106580,2025-05,0
LN102408,2023-10,1
LN101465,2024-04,1
LN105076,2024-05,0
LN105664,2024-02,0
LN104513,2025-01,0
LN103928,2025-09,0
LN102890,2024-01,0
LN101160,2023-12,1
LN100786,2021-08,0
LN104733,2024-06,1
LN101104,2025-09,0
LN103764,2023-10,0
LN105354,2025-07,0
LN102315,2024-10,0
LN104319,2021-08,1
LN102566,2025-03,0
LN106783,2024-02,1
LN102568,2023-11,0
LN108033,2022-07,1
LN103007,2024-12,0
LN104673,2024-09,0
LN107701,2023-03,0
LN106927,2024-07,0
LN107901,2024-03,0
LN100251,2023-10,1
LN107509,2024-03,0
LN108244,2025-02,0
LN107409,2025-06,0
LN106163,2024-04,1
LN103212,2024-11,0
LN108230,2023-03,0
LN102558,2022-11,0
LN101864,2025-02,0
LN106685,2024-09,0
LN106192,2025-11,0
LN107931,2023-09,1
LN108415,2022-09,0
LN106564,2021-10,0
LN107456,2023-10,1
LN107947,2025-04,0
LN100363,2024-10,0
LN100287,2025-01,0
LN106233,2022-02,0
LN104491,2024-08,1
LN101150,2024-10,0
LN102174,2024-07,0
LN101124,2025-02,0
LN106644,2025-03,0
LN106261,2022-12,1
LN102933,2024-04,0
LN101483,2022-06,0
LN107611,2025-05,1
LN107001,2023-10,0
LN100051,2024-08,0
LN106995,2024-11,0
LN108471,2025-05,0
LN105486,2023-04,1
LN105894,2023-05,0
LN105599,2025-08,1
LN100016,2024-11,1
LN100717,2024-08,0
LN107132,2025-01,0
LN108849,2024-05,1
LN101099,2023-11,0
LN106630,2025-06,1
LN107833,2025-01,0
LN103850,2024-01,0
LN105628,2025-03,1
LN107710,2023-09,0
LN107133,2025-08,0
LN107989,2025-06,0
LN107633,2024-11,0
LN100040,2023-07,0
LN105921,2025-07,0
LN107157,2024-03,0
LN106897,2025-02,0
LN107723,2025-11,0
LN100004,2024-11,0
LN104960,2024-11,1
LN100220,2024-05,0
LN106543,2025-06,0
LN107991,2021-09,0
LN100216,2024-10,0
LN107283,2021-09,0
LN108389,2023-04,0
LN105229,2025-02,0
LN103456,2024-11,1
LN107312,2024-12,0
LN105067,2023-08,0
LN100509,2025-05,0
LN103393,2023-02,1
LN108012,2022-11,0
LN106262,2022-05,0
LN103476,2025-12,1
LN100803,2024-10,0
LN102335,2025-09,0
LN101243,2025-02,0
LN107523,2025-02,0
LN106677,2023-12,1
LN100126,2025-10,0
LN106881,2023-09,0
LN104403,2024-12,0
LN106707,2025-07,1
LN104696,2024-02,0
LN107458,2024-01,0
LN101071,2022-09,0
LN103015,2025-10,0
LN103987,2023-05,0
LN107911,2025-07,0
LN103110,2024-03,0
LN106778,2025-09,0
LN107635,2023-11,0
LN107261,2024-05,0
LN100960,2024-01,0
LN104653,2023-06,0
LN104552,2023-03,0
LN107353,2023-05,0
LN105126,2024-10,1
LN108082,2023-08,0
LN101703,2024-09,0
LN103187,2023-07,1
LN104225,2022-11,0
LN107189,2024-08,1
LN100332,2023-07,1
LN103166,2025-08,0
LN101646,2025-10,1
LN108694,2025-07,1
LN103029,2025-11,1
LN102791,2025-09,0
LN102079,2025-10,1
LN100647,2024-05,0
LN103952,2025-08,0
LN108373,2023-06,0
LN105329,2023-04,0
LN106342,2024-06,1
LN104445,2025-07,0
LN103418,2022-03,1
LN102911,2022-09,0
LN105714,2025-08,0
LN104425,2025-11,1
LN106344,2022-10,0
LN101568,2025-03,0
LN100958,2025-06,0
LN106517,2023-06,1
LN101912,2023-12,0
LN101524,2024-11,0
LN102656,2023-05,0
LN103239,2025-08,0
LN103616,2025-03,0
LN105464,2023-12,1
LN105582,2024-08,1
LN106560,2024-11,0
LN104653,2023-12,1
LN106438,2022-03,0
LN100274,2023-11,0
LN103071,2025-07,0
LN108021,2024-11,1
LN105922,2024-03,1
LN106093,2023-09,0
LN103353,2024-04,1
LN104448,2024-02,1
LN104240,2023-10,0
LN107817,2025-12,0
LN107474,2024-06,1
LN108782,2023-07,1
LN102575,2023-02,0
LN107698,2023-10,0
LN101384,2024-11,0
LN102616,2025-03,1
LN104343,2023-07,1
LN101382,2023-08,1
LN101135,2024-01,0
LN106022,2023-04,0
LN105387,2025-02,0
LN100971,2025-12,0
LN104120,2025-07,0
LN104699,2023-12,0
LN107131,2025-06,0
LN105404,2022-02,1
LN106180,2025-09,0
LN108434,2025-01,0
LN101787,2023-04,0
LN100543,2024-01,0
LN100197,2024-02,0
LN100273,2025-11,1
LN104806,2023-04,0
LN102407,2025-09,0
LN100242,2021-12,0
LN108701,2022-12,0
LN100043,2023-10,0
LN106837,2025-05,1
LN107635,2024-12,0
LN108283,2025-05,0
LN108290,2024-06,0
LN105457,2023-02,0
LN104030,2024-06,1
LN100123,2024-09,1
LN103648,2025-09,0
LN105153,2024-02,0
LN102583,2024-01,0
LN108315,2022-05,1
LN106478,2024-07,0
LN103771,2025-04,0
LN103882,2024-04,0
LN100553,2022-08,0
LN100656,2024-03,0
LN106044,2024-06,0
LN103216,2023-02,0
LN107360,2022-11,0
LN101269,2022-07,0
LN107760,2023-01,1
LN101574,2022-03,1
LN106731,2022-12,0
LN102493,2025-12,1
LN100014,2024-01,1
LN105019,2023-10,1
LN107019,2024-03,1
LN101645,2024-04,0
LN103652,2025-02,0
LN103186,2025-09,0
LN108957,2025-02,0
LN105335,2022-02,0
LN104500,2024-11,0
LN105925,2025-12,0
LN107108,2025-05,0
LN106510,2022-06,0
LN100777,2023-01,0
LN102439,2025-11,1
LN103890,2024-03,0
LN101847,2023-11,0
LN102767,2025-02,0
LN103276,2022-11,0
LN102459,2022-11,0
LN100249,2022-11,0
LN108478,2024-06,0
LN106921,2024-06,0
LN102301,2024-06,0
LN106159,2024-11,0
LN107056,2024-11,1
LN104787,2025-07,0
LN105546,2024-06,0
LN107440,2025-03,0
LN107668,2024-01,0
LN101308,2024-08,0
LN100240,2023-10,0
LN100013,2024-07,0
LN104132,2024-06,0
LN105663,2023-04,1
LN107282,2024-08,0
LN103033,2024-02,0
LN108057,2023-03,0
LN101376,2025-05,0
LN104043,2024-10,0
LN108348,2025-08,1
LN104249,2024-12,0
LN106121,2025-09,0
LN105929,2023-09,0
LN107905,2025-05,1
LN104676,2023-12,0
LN107575,2025-08,1
LN101355,2025-12,0
LN108565,2023-08,0
LN104013,2023-04,0
LN102657,2022-06,1
LN102110,2024-03,0
LN105215,2022-11,0
LN108994,2022-12,0
LN106115,2024-07,1
LN105625,2025-10,0
LN108816,2024-08,0
LN106671,2023-07,1
LN108094,2024-03,0
LN104245,2023-07,0
LN103234,2025-01,0
LN107974,2021-12,1
LN100984,2024-09,0
LN103539,2024-07,1
LN101682,2022-02,0
LN100049,2025-07,0
LN101473,2024-10,0
LN108465,2024-11,0
LN101097,2024-07,0
LN100551,2024-08,0
LN102809,2025-10,0
LN103337,2021-10,0
LN105705,2025-07,0
LN107346,2024-08,0
LN106615,2025-09,1
LN108359,2025-07,0
LN107556,2025-01,0
LN101018,2021-08,1
LN100051,2024-11,0
LN102717,2024-08,0
LN105943,2025-07,0
LN102395,2024-03,1
LN102076,2023-10,0
LN103925,2025-07,0
LN103527,2021-12,1
LN101826,2022-03,0
LN104597,2023-01,0
LN102030,2025-02,1
LN102474,2021-11,1
LN101706,2024-12,1
LN108069,2023-12,0
LN102328,2021-09,0
LN103169,2025-09,1
LN108893,2022-12,0
LN108005,2024-09,0
LN102190,2023-06,0
LN102760,2024-05,0
LN102162,2024-03,1
LN101721,2024-10,1
LN105446,2024-09,0
LN105655,2025-06,0
LN105079,2023-07,0
LN102039,2025-10,0
LN103106,2024-08,0
LN106644,2025-05,1
LN100272,2023-08,0
LN100943,2023-05,0
LN108731,2024-12,0
LN107297,2024-05,1
LN101857,2024-04,0
LN100957,2024-02,0
LN102058,2024-12,0
LN103295,2025-08,0
LN106104,2024-07,1
LN108016,2023-04,0
LN100267,2023-06,0
LN108307,2025-06,0
LN107932,2023-09,0
LN104473,2022-12,0
LN105678,2023-11,1
LN102482,2024-04,0
LN101329,2022-11,1
LN102799,2023-02,0
LN102642,2023-02,0
LN104615,2023-04,1
LN108544,2023-05,1
LN105828,2022-11,1
LN101189,2024-03,0
LN101715,2025-09,0
LN105661,2025-05,0
LN107648,2023-07,0
LN106756,2024-03,1
LN105527,2025-09,1
LN107657,2025-01,1
LN104948,2023-12,0
LN105551,2025-12,1
LN102786,2023-02,0
LN106673,2025-09,0
LN103846,2025-01,1
LN102545,2025-01,0
LN107982,2025-02,1
LN104229,2023-07,1
LN107596,2023-12,0
LN104866,2023-04,1
LN104671,2023-11,0
LN102328,2023-07,1
LN106532,2023-07,0
LN106243,2023-01,0
LN101514,2024-03,0
LN106577,2022-11,0
LN106413,2025-02,1
LN101616,2025-05,1
LN105232,2024-12,0
LN105527,2022-10,1
LN101875,2023-12,0
LN107158,2023-12,0
LN101512,2024-02,0
LN108347,2025-10,1
LN104416,2024-10,0
LN105135,2023-06,0
LN100584,2023-01,1
LN105225,2023-11,1
LN102342,2025-09,1
LN100805,2025-09,0
LN101243,2025-12,0
LN108246,2023-08,0
LN108298,2022-10,0
LN107271,2022-02,0
LN101386,2025-11,0
LN104912,2022-09,0
LN103322,2024-09,0
LN103879,2024-05,0
LN103376,2025-04,0
LN102241,2025-04,0
LN107964,2021-10,0
LN107688,2024-05,0
LN100747,2023-09,0
LN105261,2021-10,0
LN101067,2024-05,0
LN106563,2023-08,1
LN101264,2025-03,1
LN104345,2024-09,0
LN106921,2025-01,0
LN101550,2023-03,1
LN103693,2024-09,1
LN105722,2024-03,1
LN107889,2023-11,0
LN108792,2025-05,1
LN100918,2023-11,0
LN108764,2024-04,0
LN106686,2023-10,1
LN100382,2024-10,0
LN102495,2024-01,0
LN105319,2024-04,0
LN103291,2024-06,0
LN101078,2024-08,0
LN108535,2025-02,1
LN100966,2024-02,0
LN101700,2024-01,0
LN103018,2024-09,0
LN105441,2025-08,1
LN104887,2024-10,0
LN108940,2024-12,0
LN106503,2025-10,0
LN103617,2024-04,0
LN107289,2024-04,0
LN104788,2023-04,1
LN106337,2022-02,1
LN107953,2022-03,0
LN100217,2025-12,0
LN102218,2022-08,1
LN104860,2025-10,0
LN100600,2023-08,0
LN104448,2023-12,0
LN104102,2022-10,0
LN108458,2024-07,0
LN102596,2024-05,0
LN102693,2023-08,0
LN106454,2024-07,0
LN100760,2023-07,1
LN102304,2024-09,0
LN105232,2023-09,0
LN104959,2025-05,0
LN102671,2024-09,0
LN108336,2025-10,1
LN101701,2022-10,1
LN105894,2025-07,0
LN101356,2025-09,1
LN104805,2025-06,0
LN100985,2024-01,0
LN101186,2024-07,1
LN105610,2024-09,1
LN106251,2023-05,0
LN104763,2024-06,1
LN102759,2025-10,0
LN103142,2024-04,0
LN101785,2025-04,1
LN101819,2023-03,0
LN106189,2025-06,0
LN105133,2022-12,0
LN105167,2025-07,0
LN106514,2024-07,0
LN102192,2025-11,0
LN100446,2023-12,0
LN103729,2025-03,0
LN100496,2023-02,0
LN104154,2024-08,0
LN107955,2022-03,0
LN108985,2025-03,1
LN108806,2024-08,0
LN103676,2023-11,0
LN108956,2025-06,0
LN106622,2025-10,1
LN101685,2025-02,0
LN107609,2021-10,0
LN107250,2025-02,0
LN100975,2025-01,0
LN107859,2025-07,0
LN103335,2024-05,0
LN107163,2024-05,0
LN105068,2022-06,0
LN108868,2024-05,0
LN100902,2024-02,0
LN107020,2023-09,0
LN105040,2025-05,0
LN104728,2024-12,1
LN108631,2024-11,0
LN108120,2025-05,0
LN103823,2023-12,0
LN105458,2023-08,0
LN102675,2024-01,0
LN107326,2023-11,0
LN101190,2023-11,1
LN106611,2025-08,1
LN100176,2025-01,0
LN107918,2022-12,1
LN107490,2025-05,0
LN102520,2023-06,1
LN104733,2024-12,1
LN100272,2024-09,1
LN106771,2024-04,0
LN105072,2024-11,0
LN102103,2022-09,0
LN104733,2023-06,0
LN107189,2022-06,0
LN103130,2025-02,0
LN102437,2025-10,0
LN107734,2022-12,0
LN106464,2025-04,0
LN104211,2024-06,0
LN102746,2022-07,0
LN100995,2025-03,0
LN108601,2024-09,1
LN104228,2023-01,0
LN105873,2023-06,0
LN102735,2024-09,0
LN103010,2024-05,0
LN103036,2025-10,0
LN107912,2023-04,0
LN103170,2025-06,0
LN108721,2025-05,0
LN106645,2024-12,1
LN105023,2025-07,0
LN101828,2024-05,1
LN106381,2024-07,0
LN100245,2022-02,0
LN108032,2023-11,0
LN100891,2025-04,1
LN100584,2023-03,0
LN107347,2023-09,0
LN106834,2022-12,1
LN103451,2023-04,0
LN108855,2023-12,1
LN104685,2024-05,0
LN108686,2023-06,0
LN104952,2024-04,0
LN104097,2025-11,1
LN102670,2025-12,1
LN108317,2024-04,0
LN103359,2025-09,0
LN105420,2024-08,0
LN101034,2023-09,1
LN100480,2023-06,1
LN105084,2024-04,0
LN108402,2025-12,0
LN101787,2025-05,1
LN103544,2024-03,0
LN107012,2024-09,0
LN104150,2022-10,0
LN102088,2023-06,0
LN104499,2025-10,0
LN100796,2025-04,0
LN104622,2024-05,1
LN105308,2025-04,0
LN103986,2023-11,0
LN102050,2025-03,0
LN106278,2023-03,0
LN108982,2025-12,0
LN106580,2024-07,0
LN101536,2024-07,1
LN105829,2024-02,1
LN102647,2025-11,0
LN101882,2025-09,0
LN106223,2024-08,0
LN105215,2024-08,0
LN107458,2025-08,1
LN106320,2024-03,1
LN103401,2025-01,1
LN108651,2025-05,0
LN105677,2023-10,1
LN107506,2023-06,0
LN104764,2023-12,0
LN102539,2024-01,0
LN107717,2023-12,0
LN108768,2022-10,0
LN107846,2023-09,1
LN105940,2023-07,1
LN105133,2022-09,0
LN107818,2025-08,1
LN100652,2022-06,1
LN108043,2022-09,0
LN104930,2024-08,0
LN105670,2024-06,0
LN103489,2024-07,0
LN105108,2024-07,0
LN102410,2024-07,0
LN104807,2024-12,0
LN103534,2025-07,0
LN101049,2025-06,1
LN104178,2024-03,0
LN102315,2025-01,1
LN102371,2025-04,0
LN104154,2025-01,0
LN105210,2025-03,1
LN105280,2025-11,0
LN102257,2024-02,0
LN105532,2024-04,0
LN107190,2023-10,0
LN103987,2021-11,0
LN106364,2025-10,0
LN100617,2024-07,1
LN108967,2025-04,0
LN101354,2023-07,0
LN103118,2023-05,0
LN108348,2024-06,0
LN102213,2022-12,0
LN102007,2022-11,0
LN105364,2024-02,0
LN100702,2024-06,0
LN103215,2023-01,0
LN100518,2024-11,0
LN104698,2023-11,0
LN105858,2025-06,1
LN100668,2025-06,0
LN107622,2024-11,0
LN108867,2025-08,0
LN104672,2022-06,1
LN102798,2024-12,0
LN108881,2024-04,0
LN108205,2024-11,0
LN107614,2025-04,0
LN104562,2024-10,0
LN106426,2025-06,0
LN107294,2025-09,0
LN108124,2025-11,0
LN101211,2025-12,0
LN100467,2024-01,0
LN104304,2025-04,1
LN106310,2025-12,0
LN101739,2023-11,0
LN108774,2025-08,0
LN106030,2025-05,1
LN108372,2025-12,1
LN105624,2024-01,0
LN107981,2025-08,1
LN106223,2023-11,1
LN101105,2025-01,0
LN108529,2023-12,0
LN103209,2022-10,0
LN100603,2023-08,0
LN100854,2024-09,1
LN104890,2024-09,0
LN105033,2022-05,0
LN106769,2024-06,0
LN107737,2024-11,0
LN100921,2023-09,1
LN102681,2023-01,1
LN108471,2022-06,0
LN108888,2024-12,1
LN105250,2022-02,0
LN105138,2024-01,0
LN101537,2025-10,0
LN107210,2025-11,0
LN100027,2025-07,0
LN104595,2022-12,0
LN103405,2024-04,0
LN106857,2025-03,0
LN105109,2024-01,0
LN105794,2023-01,0
LN102767,2025-10,0
LN103796,2023-11,0
LN102653,2024-09,1
LN101711,2023-11,0
LN107333,2022-05,0
LN108213,2024-12,0
LN100548,2023-08,0
LN102118,2024-02,1
LN107949,2024-09,0
LN102480,2025-04,1
LN103494,2024-12,1
LN102551,2023-02,0
LN106346,2024-08,1
LN100634,2024-11,0
LN101828,2024-09,0
LN100988,2023-01,0
LN105524,2025-06,0
LN108559,2024-07,1
LN104024,2023-10,0
LN105633,2023-03,0
LN107337,2024-08,1
LN102764,2025-03,0
LN101327,2025-05,0
LN108855,2023-05,0
LN104512,2023-01,0
LN108875,2023-09,0
LN105665,2024-02,0
LN108525,2025-10,0
LN104519,2023-05,0
LN106108,2025-10,0
LN105226,2025-11,0
LN103486,2022-11,0
LN103437,2024-01,0
LN100414,2025-02,1
LN100182,2024-10,0
LN104116,2021-11,1
LN108091,2023-11,0
LN103000,2025-10,1
LN101509,2024-08,1
LN108552,2023-08,0
LN106446,2023-04,0
LN100869,2021-09,1
LN103211,2023-09,0
LN108793,2024-12,1
LN105252,2025-12,0
LN104848,2022-11,1
LN104287,2024-05,0
LN104407,2023-02,0
LN105234,2025-12,0
LN102313,2025-10,0
LN100718,2023-08,0
LN103542,2022-06,0
LN107474,2024-07,1
LN104739,2023-04,0
LN102759,2025-02,1
LN101692,2025-02,0
LN100806,2023-08,0
LN108089,2024-09,0
LN106581,2025-01,0
LN101018,2021-12,0
LN105314,2023-09,0
LN104318,2024-07,0
LN108405,2022-10,0
LN104909,2024-03,0
LN108738,2024-08,0
LN102645,2024-12,1
LN106977,2022-10,0
LN106416,2023-11,0
LN103685,2023-01,0
LN104255,2023-08,0
LN107238,2023-11,0
LN108677,2024-06,0
LN104354,2023-09,0
LN103685,2024-10,1
LN103883,2023-02,0
LN106070,2023-12,0
LN107743,2023-07,0
LN100597,2024-09,1
LN101903,2025-03,0
LN104299,2021-12,0
LN107535,2024-10,0
LN106846,2023-02,0
LN103253,2023-01,1
LN108809,2025-04,0
LN107678,2023-05,0
LN103880,2025-04,1
LN101662,2024-10,1
LN107496,2025-08,0
LN108633,2025-10,0
LN108891,2023-08,1
LN100692,2025-01,0
LN106519,2023-06,0
LN102359,2022-04,0
LN105637,2024-08,1
LN108557,2023-03,1
LN101522,2022-07,0
LN100299,2025-07,1
LN107712,2025-02,1
LN103706,2024-08,0
LN103964,2023-09,1
LN105493,2022-11,1
LN105114,2024-06,1
LN106020,2024-01,0
LN102924,2023-08,0
LN103958,2022-06,0
LN101398,2022-06,1
LN107238,2024-02,0
LN104882,2023-10,0
LN106382,2024-06,0
LN107332,2023-06,0
LN107230,2025-03,0
LN104497,2023-02,0
LN103137,2024-03,0
LN107391,2023-06,0
LN105731,2022-03,0
LN108043,2022-03,0
LN105913,2025-09,1
LN100914,2025-02,1
LN105670,2023-07,0
LN103493,2024-02,1
LN102748,2023-11,0
LN100220,2024-06,1
LN100790,2025-03,0
LN101338,2025-05,0
LN107775,2025-08,0
LN104311,2025-02,1
LN103531,2021-11,0
LN106587,2023-09,0
LN100798,2024-06,0
LN108010,2025-10,0
LN100310,2024-08,1
LN106921,2025-04,1
LN103976,2024-03,0
LN100146,2025-10,0
LN105258,2024-01,1
LN105386,2023-01,0
LN101340,2024-09,1
LN105837,2025-10,0
LN103653,2025-07,1
LN100229,2022-02,0
LN102253,2023-08,0
LN102601,2023-01,0
LN107968,2023-04,0
LN105596,2023-09,0
LN106681,2025-06,0
LN104657,2025-10,0
LN103909,2025-02,0
LN102087,2024-08,0
LN105525,2025-03,1
LN101428,2023-07,1
LN101432,2022-05,0
LN107741,2024-02,0
LN105938,2025-03,1
LN102788,2021-12,1
LN104467,2025-02,0
LN103173,2025-01,0
LN100187,2024-05,0
LN106548,2024-05,0
LN105533,2023-03,0
LN104508,2024-06,0
LN104982,2023-12,0
LN108634,2025-06,0
LN106061,2025-04,0
LN101874,2022-12,1
LN100044,2021-12,0
LN106355,2024-06,0
LN108220,2024-04,1
LN101176,2025-09,1
LN101042,2024-02,0
LN107665,2025-01,0
LN100082,2024-04,0
LN100650,2025-01,0
LN102681,2022-03,1
LN102382,2024-09,1
LN102778,2024-08,0
LN100777,2024-03,0
LN101325,2022-12,0
LN105303,2025-11,0
LN103543,2025-01,1
LN107085,2025-01,0
LN103759,2025-08,1
LN102367,2024-04,0
LN101618,2023-09,0
LN101860,2025-07,0
LN100400,2025-03,0
LN105443,2024-05,0
LN103648,2025-12,1
LN103313,2022-05,0
LN104416,2025-08,0
LN108288,2024-11,0
LN101046,2025-09,0
LN107684,2023-10,0
LN102458,2023-05,0
LN105862,2024-05,0
LN101680,2025-02,0
LN106834,2024-05,0
LN101358,2024-04,0
LN101237,2023-04,0
LN107973,2023-03,0
LN103184,2024-12,0
LN100095,2024-12,1
LN104655,2024-10,0
LN108819,2025-07,0
LN104313,2025-12,0
LN104732,2024-05,1
LN106936,2023-05,0
LN105396,2025-07,0
LN106921,2024-10,0
LN105425,2023-01,1
LN107759,2024-11,0
LN104874,2022-03,0
LN100505,2023-08,0
LN103143,2025-10,0
LN102662,2022-09,0
LN107024,2025-06,0
LN104802,2024-11,0
LN104009,2022-06,0
LN107172,2024-12,0
LN107864,2022-06,1
LN101907,2025-01,0
LN107511,2024-07,1
LN107721,2023-09,0
LN105392,2025-08,0
LN108125,2024-06,0
LN103602,2024-08,0
LN100761,2023-07,0
LN105441,2025-04,1
LN100729,2025-04,0
LN103467,2023-02,0
LN103996,2024-05,0
LN106294,2024-02,1
LN101278,2025-07,1
LN104961,2024-07,0
LN106796,2025-09,0
LN107845,2023-08,0
LN105275,2023-03,1
LN106916,2023-01,0
LN103595,2025-10,0
LN103671,2022-11,0
LN102042,2025-07,1
LN101278,2022-07,0
LN108050,2023-05,0
LN108131,2025-05,1
LN106342,2024-03,0
LN101973,2023-05,0
LN105917,2022-07,0
LN107016,2024-08,1
LN100438,2022-10,0
LN100283,2025-01,0
LN101645,2024-02,0
LN107911,2024-06,0
LN104607,2024-08,0
LN101363,2023-02,1
LN103809,2024-03,0
LN106471,2022-06,0
LN103310,2024-01,0
LN106842,2023-08,0
LN101137,2023-05,0
LN108621,2025-04,0
LN105027,2025-03,0
LN103829,2024-06,0
LN107066,2022-08,0
LN101974,2024-10,1
LN107213,2023-02,0
LN108027,2025-09,0
LN107363,2023-09,0
LN108877,2022-10,0
LN102504,2024-07,0
LN107844,2024-08,0
LN107284,2021-11,0
LN103453,2022-09,1
LN108021,2023-01,0
LN108471,2023-05,1
LN103322,2025-03,0
LN107297,2022-11,1
LN100621,2025-03,0
LN107372,2025-02,1
LN105083,2024-01,1
LN104617,2023-10,0
LN107861,2025-06,0
LN107495,2025-11,0
LN108244,2025-05,0
LN103713,2024-04,1
LN107538,2024-07,0
LN102995,2024-06,0
LN101110,2023-12,0
LN102468,2024-10,0
LN102551,2023-07,1
LN105767,2022-09,1
LN101832,2023-11,0
LN105425,2024-10,0
LN103336,2025-08,0
LN101039,2024-08,1
LN104948,2022-12,0
LN101049,2023-06,1
LN102649,2023-09,0
LN104577,2022-04,0
LN103283,2025-06,0
LN106234,2025-09,0
LN101142,2024-12,1
LN101634,2024-05,0
LN103467,2024-06,1
LN107904,2024-12,0
LN106806,2023-12,1
LN102900,2023-04,1
LN102422,2025-01,0
LN104271,2024-05,0
LN105444,2025-09,0
LN106357,2024-02,1
LN107036,2025-05,1
LN101813,2024-06,0
LN100742,2023-11,0
LN100528,2025-04,0
LN103688,2024-12,0
LN100968,2025-11,1
LN105409,2024-06,1
LN107567,2025-10,0
LN100033,2024-02,0
LN103413,2023-10,1
LN100078,2024-12,0
LN105001,2022-01,1
LN101480,2022-02,0
LN107217,2024-10,0
LN106146,2023-09,1
LN108835,2022-03,1
LN101363,2024-07,0
LN102044,2024-04,0
LN104630,2025-11,0
LN104926,2023-07,0
LN101757,2025-12,1
LN103090,2025-06,1
LN103379,2025-01,0
LN106019,2025-05,1
LN107717,2024-08,0
LN105963,2022-06,0
LN106630,2024-06,0
LN105940,2024-04,0
LN106977,2023-01,0
LN107914,2025-10,0
LN101606,2025-08,1
LN102795,2025-08,0
LN102379,2025-12,0
LN107793,2023-08,1
LN100034,2025-11,1
LN106239,2024-08,0
LN108772,2024-06,0
LN104427,2025-08,0
LN102773,2024-05,0
LN101657,2025-03,0
LN107692,2023-01,1
LN101514,2024-04,0
LN102467,2024-04,0
LN104243,2022-07,1
LN106600,2023-12,1
LN107757,2024-03,0
LN107411,2025-03,0
LN108104,2022-12,0
LN100592,2025-06,0
LN101716,2024-10,1
LN103724,2024-05,0
LN108631,2025-04,0
LN101607,2024-01,1
LN100711,2024-06,0
LN108932,2023-08,0
LN102997,2024-04,0
LN105428,2024-07,0
LN104358,2025-01,1
LN107889,2022-09,0
LN105165,2022-12,0
LN106185,2025-02,0
LN104023,2023-10,0
LN108773,2024-09,0
LN102971,2022-12,1
LN101284,2024-11,1
LN107540,2024-03,0
LN100772,2024-08,0
LN106049,2023-11,1
LN102898,2025-02,1
LN102888,2025-10,1
LN104016,2025-05,1
LN107005,2022-11,1
LN102942,2024-09,0
LN108901,2025-09,0
LN106820,2025-03,0
LN100811,2024-08,0
LN102540,2022-08,0
LN103617,2024-07,0
LN100475,2024-11,1
LN100943,2024-12,1
LN106156,2023-12,0
LN103005,2025-11,0
LN106284,2024-09,0
LN102725,2025-08,0
LN104720,2024-04,0
LN101943,2024-07,1
LN106197,2024-05,1
LN105922,2024-11,0
LN103241,2024-08,0
LN106667,2022-06,0
LN105770,2022-10,0
LN104615,2025-11,0
LN107965,2024-09,0
LN104758,2025-09,1
LN102802,2025-09,0
LN106687,2022-12,0
LN108285,2021-11,0
LN100189,2022-08,0
LN103561,2024-03,1
LN105145,2024-10,0
LN104817,2024-09,1
LN105917,2025-02,1
LN105451,2024-04,0
LN100544,2025-05,0
LN103777,2024-07,0
LN104082,2024-10,0
LN103255,2025-05,1
LN105055,2025-04,0
LN105143,2024-07,0
LN103263,2024-10,1
LN103363,2024-05,1
LN100628,2025-06,0
LN104762,2024-02,0
LN101358,2022-04,1
LN100279,2025-10,1
LN104045,2022-10,1
LN107173,2024-09,0
LN108193,2025-05,0
LN104833,2023-09,0
LN102900,2024-02,1
LN108223,2024-08,1
LN108644,2021-12,1
LN108662,2024-02,0
LN107285,2024-07,0
LN104574,2025-09,0
LN101742,2023-07,0
LN101663,2024-05,0
LN108336,2024-08,1
LN107300,2024-11,0
LN103277,2024-06,0
LN107341,2023-12,0
LN104471,2024-12,0
LN104366,2023-04,0
LN108881,2024-02,0
LN100915,2023-11,0
LN108615,2024-09,0
LN106706,2022-04,1
LN101347,2024-12,1
LN103322,2025-05,0
LN106539,2023-07,0
LN101454,2024-03,0
LN106591,2025-12,1
LN106747,2022-02,0
LN100230,2024-01,0
LN106745,2025-01,1
LN107004,2023-08,0
LN107825,2025-11,0
LN100325,2024-03,1
LN107727,2025-05,1
LN104084,2023-09,0
LN108024,2024-12,0
LN106769,2024-12,0
LN104634,2022-10,0
LN107440,2022-11,0
LN107213,2025-07,1
LN106382,2025-02,0
LN105781,2025-01,1
LN105073,2025-11,1
LN103868,2023-05,0
LN101810,2024-08,0
LN105372,2022-12,0
LN100229,2023-02,1
LN102673,2022-05,0
LN105117,2024-08,1
LN107366,2024-08,0
LN101226,2022-02,0
LN102728,2025-11,0
LN102228,2025-03,0
LN103078,2023-09,1
LN102894,2024-09,0
LN101682,2022-05,0
LN103688,2025-07,0
LN105489,2024-07,0
LN103722,2025-06,0
LN105449,2024-09,1
LN104035,2025-06,1
LN104050,2023-04,0
LN100662,2023-01,0
LN101120,2023-12,1
LN102681,2025-01,0
LN107814,2025-06,0
LN100208,2022-12,0
LN108645,2023-12,0
LN101323,2024-12,0
LN105588,2025-03,0
LN106580,2024-08,0
LN101226,2025-05,0
LN102487,2022-06,0
LN105602,2021-10,1
LN106651,2025-02,0
LN103666,2024-11,1
LN108028,2025-02,0
LN101166,2022-12,1
LN108034,2025-01,0
LN105934,2025-07,0
LN106457,2025-02,0
LN100613,2023-11,0
LN106825,2025-02,1
LN101659,2024-10,0
LN102214,2022-05,0
LN108173,2024-11,0
LN102208,2023-09,0
LN102151,2024-04,1
LN102551,2022-10,0
LN108273,2023-12,1
LN108286,2024-12,0
LN108745,2024-01,0
LN108430,2024-06,0
LN104337,2024-12,0
LN102249,2023-10,0
LN103063,2024-07,1
LN107732,2024-11,0
LN101905,2025-09,0
LN106998,2023-12,0
LN105706,2022-12,0
LN101668,2023-05,0
LN101023,2025-02,0
LN102911,2024-01,0
LN101761,2025-02,0
LN105101,2023-11,0
LN108896,2024-02,0
LN100650,2024-10,0
LN107214,2023-03,0
LN104244,2023-08,0
LN105724,2024-08,0
LN103152,2022-09,1
LN104142,2024-12,0
LN100062,2025-07,1
LN105944,2025-08,1
LN105891,2025-09,0
LN107032,2024-09,0
LN100255,2024-11,0
LN100141,2022-08,0
LN102495,2024-10,0
LN105564,2021-10,1
LN108267,2023-11,0
LN105009,2023-09,1
LN108963,2023-10,0
LN105814,2023-10,0
LN106468,2024-02,1
LN104984,2024-03,0
LN101236,2025-02,0
LN103498,2023-12,0
LN101987,2022-07,1
LN103560,2024-07,1
LN107933,2023-12,1
LN100511,2024-09,0
LN100923,2024-12,1
LN107472,2025-12,1
LN100481,2025-08,1
LN104231,2025-06,0
LN100485,2025-04,1
LN104743,2022-08,0
LN106193,2022-02,1
LN103280,2022-10,1
LN100479,2022-06,0
LN108652,2023-01,1
LN102296,2022-02,1
LN100330,2025-12,0
LN103142,2025-07,1
LN105241,2024-09,0
LN103658,2023-11,0
LN101167,2023-03,0
LN106456,2024-03,0
LN101636,2023-12,0
LN102076,2025-09,1
LN105083,2023-09,0
LN106396,2024-11,0
LN105463,2022-08,0
LN104506,2025-12,1
LN101521,2024-10,0
LN103405,2023-11,0
LN102429,2023-08,0
LN101881,2024-10,1
LN108908,2025-06,0
LN102010,2024-06,1
LN102744,2024-12,0
LN108519,2022-10,1
LN103781,2025-02,0
LN108102,2023-11,0
LN107560,2025-02,1
LN107125,2024-09,0
LN100082,2022-02,0
LN100217,2022-02,1
LN104537,2025-01,1
LN105814,2024-10,0
LN103402,2025-01,0
LN100792,2025-03,0
LN101271,2022-06,1
LN106125,2023-08,0
LN104892,2022-05,0
LN105817,2025-08,0
LN105432,2023-08,1
LN107113,2023-05,0
LN101821,2024-10,1
LN106884,2023-10,0
LN108949,2023-04,0
LN108621,2024-09,0
LN102910,2025-12,0
LN102734,2023-11,0
LN105102,2023-02,1
LN105809,2025-06,0
LN106009,2021-12,1
LN100895,2024-06,0
LN108694,2025-12,0
LN105913,2024-11,0
LN104125,2024-01,0
LN108106,2024-05,1
LN103261,2025-03,1
LN107026,2023-10,0
LN105164,2022-09,1
LN104900,2022-10,0
LN106444,2024-07,0
LN108450,2025-10,0
LN102212,2023-09,0
LN105046,2024-05,0
LN103400,2025-04,0
LN107910,2022-01,0
LN102246,2023-09,0
LN100868,2024-06,0
LN108881,2023-12,0
LN106345,2025-09,0
LN101133,2025-04,0
LN108889,2024-12,0
LN101070,2023-12,0
LN106902,2025-02,0
LN105340,2024-10,0
LN107202,2023-04,1
LN103666,2024-12,0
LN108204,2025-04,0
LN104274,2025-02,0
LN108315,2021-11,1
LN107066,2025-06,0
LN103162,2023-11,0
LN108014,2025-08,0
LN102144,2023-11,1
LN101248,2025-06,0
LN103784,2025-01,0
LN107968,2022-09,0
LN105620,2022-09,0
LN106267,2024-01,0
LN100062,2023-02,0
LN102953,2023-04,0
LN105095,2024-10,0
LN103131,2023-11,0
LN108250,2025-09,0
LN104462,2025-04,0
LN102342,2025-12,0
LN106248,2025-01,0
LN100055,2023-03,1
LN103887,2025-09,0
LN101353,2024-09,0
LN100661,2025-09,1
LN107415,2025-04,0
LN107514,2024-08,0
LN102748,2024-08,1
LN108029,2025-01,0
LN108289,2023-02,0
LN103664,2025-09,1
LN107751,2024-08,0
LN101138,2024-07,1
LN108723,2023-09,0
LN108794,2023-06,0
LN103145,2025-09,0
LN101136,2025-03,1
LN102177,2025-04,0
LN107353,2024-04,0
LN105729,2025-06,0
LN101136,2024-07,1
LN100846,2025-12,1
LN106613,2023-05,1
LN104293,2022-10,0
LN104915,2023-03,0
LN100987,2023-03,1
LN101649,2025-11,0
LN103650,2022-02,0
LN107378,2025-07,1
LN105016,2024-01,0
LN107013,2024-04,1
LN105242,2024-09,0
LN101071,2022-10,1
LN101266,2022-06,1
LN103110,2025-07,0
LN107991,2023-07,0
LN108498,2024-01,0
LN106106,2022-07,1
LN108453,2024-01,0
LN100551,2023-07,1
LN102526,2023-04,1
LN108583,2024-12,1
LN107777,2025-02,0
LN108997,2024-11,0
LN106342,2025-09,1
LN104997,2024-06,1
LN104629,2023-04,0
LN108066,2023-01,0
LN102594,2025-08,0
LN108456,2025-07,1
LN102109,2023-08,0
LN108112,2023-10,1
LN103362,2023-06,0
LN103865,2025-11,0
LN102474,2025-04,0
LN103829,2025-02,1
LN103215,2022-09,0
LN106770,2025-11,0
LN107165,2024-09,1
LN104151,2025-04,0
LN106049,2025-11,1
LN105411,2023-04,0
LN108331,2022-05,1
LN101905,2023-04,0
LN102313,2024-01,0
LN108407,2024-08,0
LN104460,2022-09,0
LN103608,2024-10,1
LN101194,2023-06,1
LN100498,2025-08,1
LN102532,2025-05,0
LN102118,2024-05,0
LN102182,2024-07,0
LN105960,2024-12,0
LN103461,2025-06,1
LN104719,2025-04,0
LN105080,2023-05,1
LN103686,2024-02,0
LN105230,2022-04,1
LN107154,2025-11,0
LN104647,2025-01,0
LN104710,2024-01,0
LN106611,2023-12,0
LN106475,2025-09,1
LN106673,2023-11,0
LN107126,2025-04,0
LN105380,2025-06,1
LN102195,2024-09,1
LN104409,2024-03,1
LN108387,2025-09,0
LN107955,2023-02,0
LN108276,2025-06,1
LN100497,2024-08,0
LN102594,2023-03,1
LN108065,2025-07,1
LN107666,2023-11,0
LN105660,2024-04,0
LN102089,2022-11,0
LN104484,2025-03,1
LN104644,2022-09,0
LN106960,2024-10,1
LN108744,2024-05,0
LN106536,2025-01,0
LN107720,2022-02,0
LN107529,2025-11,0
LN103875,2024-05,0
LN104872,2024-04,0
LN106964,2024-11,1
LN102750,2024-07,0
LN103644,2025-10,1
LN105262,2024-11,1
LN103852,2025-09,0
LN103834,2024-05,0
LN107298,2023-06,0
LN100931,2024-06,0
LN105091,2023-08,0
LN106220,2025-12,0
LN101724,2023-11,0
LN106312,2022-06,1
LN108889,2024-01,0
LN106844,2025-09,0
LN103967,2025-10,0
LN104093,2025-02,0
LN101248,2025-05,1
LN100224,2024-01,0
LN103521,2025-05,0
LN102661,2025-07,0
LN107235,2025-06,1
LN108091,2022-08,0
LN103702,2025-06,0
LN107812,2023-11,0
LN100782,2022-09,0
LN102157,2025-03,0
LN108914,2025-06,0
LN104576,2022-09,0
LN104959,2025-04,0
LN105428,2022-05,0
LN101935,2022-05,0
LN102522,2022-06,0
LN108971,2024-11,0
LN104145,2025-08,1
LN101407,2025-02,1
LN102904,2025-02,0
LN105236,2023-08,0
LN108611,2024-06,1
LN101965,2025-01,0
LN102846,2025-09,1
LN107714,2024-05,1
LN103644,2025-06,0
LN103534,2023-08,1
LN107159,2025-10,0
LN101955,2024-03,0
LN101224,2022-12,1
LN100343,2024-07,0
LN102641,2024-06,0
LN100331,2025-07,0
LN104472,2024-03,0
LN100185,2023-04,0
LN101059,2022-08,0
LN105635,2024-04,0
LN100161,2024-11,0
LN100576,2025-10,1
LN103764,2025-10,0
LN104303,2022-07,1
LN102313,2021-12,0
LN100360,2025-10,0
LN102959,2023-12,0
LN108287,2023-07,0
LN108618,2022-04,0
LN105731,2023-07,0
LN105572,2024-06,0
LN102145,2025-09,0
LN108295,2025-06,1
LN104984,2022-05,1
LN108520,2023-10,1
LN100968,2024-09,1
LN108125,2025-01,0
LN100388,2025-12,0
LN102477,2024-07,0
LN107899,2023-04,0
LN101264,2023-11,0
LN101925,2022-03,0
LN105246,2025-03,0
LN102992,2025-02,1
LN100523,2025-03,0
LN105414,2025-04,1
LN104646,2025-04,0
LN105939,2023-04,1
LN104203,2025-03,0
LN100826,2025-02,1
LN108484,2022-01,0
LN106536,2024-09,0
LN106520,2023-07,0
LN105880,2023-04,1
LN107391,2023-04,0
LN100232,2023-11,1
LN104670,2022-06,0
LN102326,2023-08,0
LN107965,2024-01,0
LN105634,2024-12,0
LN106155,2025-02,1
LN106837,2025-08,0
LN101686,2024-03,0
LN102460,2022-11,0
LN107652,2025-08,0
LN101306,2023-01,0
LN100861,2024-10,1
LN107394,2024-08,0
LN108992,2025-10,0
LN106542,2023-09,1
LN101993,2024-03,0
LN106907,2022-03,0
LN102504,2021-10,0
LN107202,2022-10,0
LN101915,2024-06,0
LN105828,2025-10,0
LN101424,2023-04,1
LN102126,2022-11,1
LN106542,2022-12,0
LN100768,2024-12,0
LN107551,2025-04,1
LN107620,2025-11,0
LN102947,2025-05,0
LN100735,2025-08,0
LN103971,2025-02,1
LN104123,2025-04,0
LN103039,2024-01,0
LN106591,2025-04,1
LN105833,2024-01,0
LN105046,2025-07,0
LN103496,2025-06,0
LN101299,2022-03,0
LN101258,2023-06,0
LN101848,2023-06,1
LN104632,2022-11,0
LN103870,2022-04,0
LN105902,2024-09,0
LN105725,2025-12,0
LN108881,2024-12,0
LN102298,2022-10,0
LN100459,2023-11,0
LN101812,2025-06,0
LN103798,2021-07,1
LN102075,2023-03,0
LN104578,2022-10,0
LN107702,2023-11,0
LN105147,2025-06,1
LN106970,2023-03,0
LN102424,2025-03,1
LN107479,2024-10,0
LN103703,2025-10,1
LN101304,2025-08,0
LN107008,2024-11,0
LN107176,2025-04,0
LN107456,2024-10,1
LN100113,2025-01,0
LN105471,2023-12,0
LN105760,2024-03,1
LN106809,2024-08,0
LN107323,2025-12,0
LN101055,2024-12,0
LN101358,2025-12,1
LN102436,2025-12,1
LN103787,2025-03,0
LN100719,2025-07,0
LN104613,2024-02,1
LN103758,2023-05,0
LN100092,2025-10,0
LN105076,2024-03,0
LN105687,2023-03,0
LN101551,2024-12,0
LN100197,2024-09,1
LN105155,2025-07,1
LN105308,2022-08,0
LN103233,2021-08,0
LN101327,2025-03,0
LN102772,2024-11,1
LN104234,2024-03,0
LN105837,2023-12,0
LN108423,2023-05,0
LN105120,2024-08,1
LN105709,2025-09,1
LN106049,2023-12,0
LN106922,2025-08,1
LN105464,2023-09,0
LN104750,2025-05,0
LN108877,2025-02,1
LN107307,2025-07,0
LN102887,2021-10,0
LN106074,2024-12,0
LN104284,2025-06,0
LN102392,2024-07,0
LN108201,2023-02,0
LN108526,2024-11,0
LN107644,2025-12,1
LN101150,2024-03,0
LN107183,2025-03,1
LN105174,2023-04,0
LN103618,2025-01,1
LN106657,2023-09,0
LN102984,2025-12,0
LN103821,2022-04,1
LN107527,2023-04,0
LN106581,2025-02,1
LN103795,2022-06,0
LN101992,2024-06,0
LN106815,2024-03,1
LN108135,2024-06,1
LN103655,2023-08,1
LN105887,2022-02,1
LN101474,2025-09,0
LN103582,2024-03,1
LN100231,2025-06,0
LN100930,2024-02,0
LN101910,2022-04,1
LN103500,2024-06,0
LN105359,2025-04,0
LN106925,2024-06,0
LN107369,2024-07,0
LN103752,2025-09,0
LN106110,2025-09,0
LN105767,2022-08,0
LN108037,2022-06,0
LN105332,2024-10,0
LN107543,2024-11,0
LN107128,2023-02,1
LN101779,2024-10,1
LN103712,2025-04,0
LN105299,2024-10,0
LN104062,2025-03,0
LN107005,2021-09,0
LN102865,2023-02,1
LN106434,2024-09,0
LN100736,2024-09,1
LN108279,2025-11,0
LN108377,2024-08,0
LN104608,2025-09,0
LN105367,2024-12,0
LN103256,2022-02,1
LN103689,2025-04,0
LN101141,2023-06,0
LN102206,2024-06,0
LN106255,2023-10,0
LN108215,2024-06,1
LN106530,2024-11,0
LN106018,2025-03,0
LN108508,2022-03,0
LN100662,2024-10,1
LN103734,2023-12,0
LN101805,2022-08,0
LN106751,2025-03,0
LN107445,2025-01,0
LN100233,2025-02,0
LN105853,2025-08,0
LN103186,2025-03,0
LN108889,2023-01,0
LN104853,2022-06,0
LN103798,2024-05,0
LN105697,2025-07,0
LN100225,2025-03,0
LN105510,2023-03,0
LN108688,2025-11,0
LN100349,2025-01,0
LN103711,2025-02,1
LN103327,2022-07,0
LN104427,2024-03,0
LN102212,2025-07,0
LN105090,2025-07,0
LN101408,2023-07,0
LN103693,2025-10,1
LN107987,2023-04,0
LN102690,2024-03,0
LN105463,2023-09,0
LN107709,2024-10,0
LN108139,2023-08,0
LN100605,2025-07,1
LN100104,2024-04,0
LN105605,2022-01,1
LN104969,2025-04,1
LN104772,2025-10,0
LN102854,2024-10,0
LN103380,2024-10,1
LN100986,2024-02,0
LN108715,2024-10,1
LN103973,2024-07,0
LN105164,2025-02,0
LN107985,2023-09,0
LN108583,2022-12,1
LN107821,2024-09,0
LN103649,2024-03,0
LN101545,2023-12,0
LN108949,2024-07,1
LN104556,2024-03,1
LN104366,2024-08,0
LN107739,2024-11,0
LN108317,2023-11,0
LN103862,2024-10,1
LN101921,2024-07,1
LN104875,2024-11,0
LN103192,2024-09,0
LN108859,2024-08,0
LN100808,2025-04,0
LN107296,2023-03,1
LN107826,2024-08,0
LN108882,2022-10,1
LN101104,2024-08,1
LN101719,2025-03,0
LN102192,2023-01,0
LN102484,2023-06,0
LN108426,2024-12,0
LN104163,2023-12,0
LN107422,2023-10,0
LN102474,2025-02,0
LN102933,2023-01,0
LN108443,2021-08,0
LN102885,2022-03,0
LN104760,2025-08,0
LN105967,2025-05,0
LN106718,2022-06,0
LN100486,2023-02,0
LN108377,2024-01,0
LN106776,2024-05,1
LN103836,2025-12,0
LN100372,2024-07,1
LN100719,2025-05,0
LN107561,2024-05,0
LN101068,2025-04,1
LN107585,2024-04,1
LN100676,2023-10,0
LN100547,2025-05,0
LN108877,2025-07,0
LN101065,2025-08,0
LN101535,2022-08,0
LN101013,2024-10,1
LN102508,2023-05,0
LN106968,2024-02,0
LN107737,2024-08,1
LN108234,2025-09,0
LN100186,2025-04,0
LN104323,2023-10,0
LN101785,2025-08,0
LN104880,2024-03,1
LN105815,2025-03,0
LN106848,2025-07,0
LN102744,2022-04,0
LN102160,2025-12,0
LN105444,2024-05,1
LN103831,2024-04,0
LN108220,2023-12,0
LN108738,2025-11,1
LN102093,2025-06,0
LN105743,2024-09,1
LN102540,2023-02,0
LN108660,2025-02,0
LN108484,2024-01,0
LN105455,2021-12,1
LN100574,2025-12,1
LN107360,2025-05,0
LN103449,2025-06,0
LN104463,2025-02,0
LN100554,2025-08,0
LN107799,2024-02,1
LN101105,2022-06,0
LN103486,2023-11,1
LN100856,2023-05,0
LN105111,2024-08,1
LN104506,2024-03,1
LN105636,2022-05,0
LN104107,2025-09,1
LN100963,2025-09,0
LN101853,2024-03,0
LN104447,2023-10,0
LN100249,2022-01,0
LN108841,2025-05,1
LN107115,2024-09,0
LN101297,2024-02,1
LN108214,2024-02,0
LN105753,2025-06,0
LN106595,2025-07,0
LN106100,2022-12,0
LN108673,2023-11,0
LN105117,2024-04,0
LN101677,2024-12,0
LN102555,2024-04,1
LN106138,2022-03,1
LN108767,2024-11,0
LN108459,2022-09,0
LN108130,2022-12,0
LN103334,2023-05,0
LN108434,2025-08,0
LN107325,2024-08,0
LN107460,2025-12,0
LN104490,2022-06,0
LN106096,2024-01,0
LN106479,2024-12,1
LN104560,2023-05,0
LN107918,2021-11,0
LN105072,2023-06,0
LN106344,2023-09,0
LN105356,2024-08,1
LN103797,2022-05,0
LN103025,2024-06,0
LN101490,2025-08,0
LN106693,2024-04,1
LN106150,2023-07,0
LN104241,2025-09,0
LN100504,2024-05,0
LN103582,2023-08,0
LN108174,2025-07,1
LN106494,2024-06,1
LN100556,2025-03,1
LN102691,2024-09,0
LN106697,2024-06,1
LN101364,2023-11,0
LN104491,2023-02,1
LN105719,2024-03,1
LN107747,2023-12,0
LN108245,2024-08,0
LN106048,2025-11,0
LN104065,2023-10,0
LN106138,2022-08,1
LN104707,2024-01,1
LN105527,2023-01,0
LN107800,2025-11,1
LN107753,2022-01,0
LN106535,2024-07,0
LN101808,2023-03,0
LN107266,2024-08,1
LN100097,2024-01,1
LN108602,2022-10,0
LN102995,2024-09,0
LN100462,2024-07,1
LN108158,2025-05,0
LN106503,2024-01,1
LN105778,2024-09,1
LN107186,2025-04,0
LN101744,2024-05,0
LN103852,2024-09,0
LN106849,2022-12,0
LN106310,2023-11,0
LN103583,2023-05,0
LN104504,2021-09,0
LN103203,2023-07,0
LN107247,2025-06,1
LN105164,2023-11,0
LN107345,2023-07,0
LN107052,2024-08,0
LN107390,2024-12,0
LN102891,2023-09,0
LN103437,2024-08,0
LN108841,2025-10,0
LN100471,2025-12,1
LN106987,2024-07,1
LN103397,2024-12,0
LN102455,2024-03,0
LN108352,2024-06,0
LN107308,2025-01,0
LN104234,2024-10,1
LN102334,2024-07,1
LN103137,2024-05,1
LN101793,2025-04,0
LN107187,2022-02,1
LN108930,2025-09,1
LN102911,2025-09,0
LN102657,2023-12,0
LN104530,2022-02,0
LN103851,2025-04,1
LN101718,2024-11,1
LN107434,2024-06,0
LN105153,2024-11,0
LN106152,2025-03,0
LN106047,2023-06,0
LN102217,2025-04,0
LN104711,2024-12,0
LN106961,2023-05,0
LN102642,2022-04,0
LN104911,2025-01,0
LN107940,2025-03,0
LN105447,2024-02,0
LN104010,2025-04,0
LN100870,2025-10,0
LN106060,2023-04,1
LN100847,2023-04,0
LN103940,2023-05,1
LN106371,2023-03,0
LN100233,2025-04,0
LN103573,2022-09,0
LN103897,2021-12,0
LN101877,2024-11,0
LN106109,2025-05,1
LN100368,2023-04,0
LN104160,2024-05,0
LN101010,2024-05,0
LN100577,2023-12,0
LN101083,2023-07,0
LN107148,2024-08,1
LN104025,2023-06,0
LN101295,2025-03,0
LN108231,2022-07,0
LN101225,2025-09,1
LN102055,2025-09,0
LN107467,2023-12,1
LN102657,2023-06,0
LN103665,2023-02,1
LN102702,2025-08,1
LN104033,2022-07,0
LN100896,2025-11,1
LN108112,2022-05,1
LN104225,2022-12,0
LN104957,2023-08,0
LN108734,2025-03,1
LN105340,2025-05,1
LN105779,2022-06,1
LN104390,2024-05,0
LN102185,2025-11,0
LN106991,2025-08,0
LN105669,2024-11,0
LN102590,2022-02,0
LN107061,2022-08,1
LN102615,2024-07,0
LN104946,2023-01,0
LN106778,2022-04,0
LN101549,2023-06,0
LN108878,2024-06,0
LN108731,2024-06,0
LN100760,2023-03,0
LN103239,2022-09,1
LN107655,2025-05,0
LN101120,2025-11,1
LN103071,2025-08,0
LN106135,2023-06,0
LN103977,2025-11,0
LN106003,2025-10,0
LN104262,2022-09,1
LN106432,2023-03,0
LN102042,2025-09,0
LN100714,2025-08,0
LN102550,2025-11,0
LN103645,2024-10,0
LN101552,2024-10,0
LN103530,2022-12,1
LN106374,2022-02,1
LN106380,2023-06,0
LN107402,2022-02,0
LN104810,2024-12,0
LN105529,2022-11,0
LN104271,2023-08,0
LN108628,2025-01,0
LN103082,2023-09,1
LN104382,2024-09,0
LN108361,2024-01,0
LN101132,2025-05,1
LN104656,2025-01,0
LN101503,2025-05,1
LN104930,2023-05,1
LN107566,2023-03,0
LN107460,2023-05,0
LN100154,2023-03,0
LN108867,2024-03,0
LN107118,2025-08,1
LN101268,2025-08,1
LN105578,2023-04,1
LN104016,2025-04,0
LN102618,2025-03,0
LN107881,2021-10,1
LN100222,2025-08,0
LN105034,2022-10,0
LN108202,2024-06,1
LN106675,2025-09,0
LN101280,2024-12,0
LN103995,2023-02,0
LN100450,2025-06,0
LN100506,2025-08,0
LN102947,2025-03,0
LN104479,2024-04,0
LN101536,2023-02,1
LN102536,2023-04,1
LN102908,2025-01,1
LN106962,2024-04,0
LN105668,2024-11,0
LN103675,2024-09,0
LN105590,2023-08,1
LN104918,2025-04,1
LN106793,2024-04,1
LN105205,2025-07,0
LN105203,2024-10,0
LN104876,2025-03,0
LN108099,2024-03,0
LN100662,2023-02,0
LN103630,2024-06,0
LN101669,2024-02,0
LN106319,2022-11,1
LN104692,2025-12,0
LN101367,2023-05,0
LN107872,2025-01,0
LN102486,2023-06,1
LN104158,2025-11,0
LN104070,2022-03,0
LN104562,2024-01,1
LN106264,2025-06,0
LN100924,2025-10,0
LN103854,2025-11,0
LN108848,2023-03,1
LN108628,2022-07,1
LN101303,2025-02,0
LN101163,2023-08,0
LN106820,2024-10,0
LN100110,2025-06,0
LN100446,2024-08,1
LN104867,2024-05,0
LN107742,2024-11,0
LN106945,2023-11,1
LN105638,2025-05,0
LN103557,2023-07,0
LN107350,2025-12,0
LN104276,2025-08,0
LN107217,2023-04,1
LN108092,2025-09,1
LN101059,2024-08,0
LN105553,2024-12,0
LN102134,2023-12,1
LN106869,2024-09,0
LN103807,2022-05,0
LN108764,2024-02,0
LN100882,2024-09,0
LN102141,2025-06,0
LN105593,2024-02,1
LN103789,2024-02,0
LN107036,2021-09,1
LN101533,2022-11,0
LN102935,2024-12,0
LN108652,2024-08,0
LN105832,2024-11,1
LN105753,2024-11,0
LN108251,2023-03,0
LN106778,2024-11,1
LN101476,2024-04,0
LN105432,2025-07,0
LN100813,2023-03,0
LN101445,2022-08,0
LN106698,2022-11,0
LN108267,2024-07,0
LN106788,2025-09,0
LN103265,2024-12,0
LN107611,2023-12,0
LN108670,2025-08,0
LN108977,2024-04,0
LN108741,2023-03,0
LN105909,2023-07,0
LN106147,2025-04,0
LN107879,2022-02,0
LN100417,2022-09,0
LN100198,2025-04,0
LN101256,2023-10,0
LN101119,2023-09,1
LN101671,2024-05,0
LN106451,2025-09,0
LN105855,2023-08,0
LN101492,2024-03,1
LN103772,2024-09,0
LN102988,2024-09,0
LN108582,2023-10,1
LN100844,2023-11,0
LN106605,2023-05,1
LN103362,2024-05,0
LN102757,2024-12,1
LN105412,2025-01,0
LN103076,2024-04,0
LN104874,2023-10,1
LN102658,2024-04,1
LN100473,2024-09,0
LN108520,2025-09,0
LN108969,2024-10,0
LN108301,2025-12,1
LN105682,2022-10,0
LN105583,2025-12,0
LN103969,2023-10,0
LN105513,2025-12,1
LN106309,2022-08,0
LN103761,2025-12,0
LN105185,2024-01,1
LN108133,2023-05,0
LN105716,2024-10,1
LN103079,2025-08,1
LN106192,2025-05,1
LN106441,2024-12,0
LN104349,2025-09,0
LN108316,2024-08,0
LN106329,2025-03,1
LN103719,2023-12,0
LN102355,2023-10,1
LN100389,2022-07,1
LN103773,2023-01,0
LN108807,2024-05,0
LN103910,2023-07,0
LN104430,2025-12,0
LN101908,2025-07,0
LN101254,2024-04,1
LN101832,2025-05,0
LN104416,2024-06,0
LN106046,2024-12,0
LN107252,2025-10,0
LN106552,2025-05,0
LN104126,2024-12,0
LN100506,2025-12,1
LN108809,2024-12,1
LN107383,2024-10,0
LN107987,2024-11,1
LN105946,2024-04,0
LN106168,2025-06,0
LN104754,2024-12,0
LN105609,2022-07,0
LN102025,2025-09,0
LN108063,2025-08,0
LN100954,2025-08,0
LN108357,2025-04,0
LN108090,2025-05,0
LN107216,2023-12,1
LN108774,2023-05,0
LN101800,2022-09,0
LN106411,2024-08,0
LN105028,2024-09,0
LN104224,2025-03,0
LN107371,2024-02,0
LN102601,2025-04,1
LN104585,2024-11,1
LN105529,2022-02,0
LN103943,2025-07,0
LN106759,2025-11,1
LN101824,2024-05,1
LN101806,2025-11,0
LN103621,2023-02,0
LN104022,2025-05,0
LN104539,2025-05,0
LN102711,2024-07,0
LN100172,2025-01,0
LN106411,2024-10,1
LN102964,2024-04,1
LN106796,2023-10,0
LN104418,2025-01,1
LN103628,2025-06,0
LN106771,2024-12,0
LN106268,2025-12,0
LN104296,2023-10,1
LN108125,2025-06,0
LN106701,2024-06,1
LN106838,2023-09,0
LN105014,2024-06,0
LN105991,2024-03,0
LN101432,2024-11,0
LN102718,2023-08,0
LN106599,2025-06,0
LN106522,2024-03,0
LN106902,2025-08,0
LN107337,2023-07,0
LN100643,2023-03,0
LN100923,2023-10,0
LN107104,2022-09,0
LN106654,2023-05,0
LN106747,2022-03,0
LN100131,2024-03,0
LN100252,2022-05,1
LN103825,2025-01,0
LN105158,2023-11,0
LN102684,2024-03,1
LN101419,2024-03,0
LN103890,2024-11,0
LN104373,2024-09,1
LN108267,2024-08,0
LN108425,2023-04,1
LN101012,2022-05,1
LN104679,2022-01,0
LN105718,2022-06,0
LN100394,2025-08,0
LN102660,2024-04,0
LN108154,2023-03,0
LN106241,2022-05,1
LN105068,2025-02,1
LN108826,2024-05,1
LN108823,2023-10,0
LN100583,2023-09,0
LN107579,2025-08,0
LN104848,2023-01,1
LN100840,2024-10,0
LN104909,2025-04,0
LN101384,2023-10,1
LN102771,2023-05,0
LN108606,2022-10,0
LN108281,2025-12,1
LN102940,2024-07,0
LN101592,2023-11,0
LN100276,2023-08,1
LN100266,2024-12,0
LN103458,2024-10,0
LN102741,2025-01,0
LN105451,2025-10,0
LN107509,2025-07,0
LN107848,2022-10,1
LN105443,2025-01,1
LN107421,2025-09,0
LN102766,2025-09,1
LN100849,2025-05,0
LN102323,2024-04,1
LN102668,2025-05,1
LN100871,2025-09,1
LN105992,2024-12,0
LN108177,2025-05,0
LN102176,2025-10,0
LN102295,2025-01,1
LN107075,2024-03,1
LN103291,2025-07,0
LN103137,2025-05,0
LN101479,2023-05,0
LN102490,2025-12,0
LN106723,2023-06,0
LN104970,2025-07,1
LN100407,2024-09,0
LN108935,2025-07,0
LN100541,2022-10,1
LN102688,2024-09,0
LN107213,2022-06,0
LN104420,2025-05,1
LN107630,2023-10,0
LN107339,2024-08,0
LN105551,2024-12,0
LN104885,2022-03,0
LN103191,2025-07,0
LN103418,2024-09,1
LN103748,2025-12,1
LN102381,2024-09,0
LN106177,2023-10,0
LN103882,2023-10,1
LN100812,2024-09,0
LN107684,2023-07,1
LN106826,2023-07,0
LN102464,2025-05,0
LN103964,2022-12,0
LN107952,2025-10,0
LN107254,2022-06,1
LN100267,2022-12,0
LN104282,2023-03,0
LN103231,2025-10,0
LN105279,2025-12,0
LN105767,2024-02,0
LN100353,2024-06,0
LN104673,2025-05,1
LN100039,2025-04,1
LN106220,2024-07,1
LN105805,2023-03,1
LN100115,2023-09,0
LN103931,2025-09,0
LN101597,2024-02,0
LN100669,2021-12,1
LN107035,2022-06,1
LN107501,2021-11,0
LN107500,2024-10,0
LN107142,2025-08,0
LN106077,2022-09,0
LN103362,2023-04,1
LN105861,2023-10,1
LN102076,2024-10,0
LN105403,2024-06,1
LN102408,2024-07,0
LN108971,2024-07,0
LN105984,2024-05,1
LN106817,2024-09,0
LN108782,2023-06,0
LN103317,2025-12,0
LN106801,2024-07,0
LN107151,2024-05,0
LN108529,2024-11,0
LN102057,2025-12,0
LN104475,2023-06,0
LN108259,2025-12,0
LN105276,2025-12,1
LN106820,2024-08,0
LN106243,2024-06,1
LN101241,2025-10,0
LN101767,2024-01,0
LN105070,2024-10,1
LN102501,2024-01,0
LN106394,2025-04,0
LN108686,2021-11,0
LN108269,2024-06,0
LN106056,2025-02,0
LN100734,2023-10,0
LN102744,2025-04,1
LN103145,2024-01,1
LN107261,2024-04,0
LN106165,2024-07,0
LN105420,2025-11,0
LN107608,2024-10,1
LN102981,2024-01,0
LN107975,2025-04,0
LN100955,2025-09,0
LN103328,2023-05,1
LN104230,2023-01,0
LN106475,2024-11,1
LN106018,2024-08,0
LN105946,2024-02,1
LN106330,2022-02,0
LN100372,2024-10,0
LN103152,2022-11,0
LN102906,2025-05,0
LN108170,2025-04,0
LN105081,2024-03,0
LN108383,2024-07,0
LN104604,2025-08,1
LN102962,2025-12,0
LN103400,2025-07,0
LN105561,2024-10,1
LN104786,2025-02,0
LN105043,2025-10,0
LN103542,2024-12,0
LN107084,2024-09,0
LN105350,2022-12,1
LN107872,2025-08,0
LN106704,2025-12,0
LN106125,2025-05,0
LN102744,2022-06,1
LN104347,2023-03,1
LN103674,2023-11,0
LN104276,2024-07,0
LN102920,2024-12,0
LN104381,2024-11,0
LN107138,2023-07,0
LN103958,2023-11,1
LN108842,2025-08,0
LN108504,2023-02,0
LN105993,2025-01,0
LN107643,2024-12,0
LN103051,2025-01,0
LN105507,2022-09,0
LN106417,2025-12,0
LN108836,2022-11,1
LN100436,2024-10,0
LN102167,2025-02,0
LN106337,2023-02,0
LN104551,2023-05,0
LN107994,2025-02,0
LN108893,2025-07,0
LN106140,2023-08,1
LN105181,2025-02,1
LN103172,2025-06,1
LN103569,2024-08,0
LN104314,2024-02,0
LN105646,2024-12,0
LN108771,2024-09,0
LN104091,2024-02,1
LN107254,2022-03,0
LN100438,2022-01,1
LN105915,2021-12,0
LN106688,2024-06,0
LN105695,2022-12,1
LN107930,2024-12,1
LN101233,2024-03,0
LN106798,2025-03,0
LN103959,2022-04,0
LN100757,2025-10,0
LN107377,2024-04,1
LN103988,2022-12,0
LN101513,2023-12,0
LN107447,2023-05,0
LN105057,2025-11,1
LN107858,2025-02,0
LN105040,2025-08,0
LN103308,2025-10,0
LN107598,2021-12,0
LN104926,2023-12,1
LN100764,2023-02,0
LN102875,2024-08,1
LN105412,2024-01,0
LN105004,2024-03,1
LN104032,2023-04,0
LN107470,2025-04,0
LN104736,2024-03,0
LN104491,2025-06,0
LN101754,2023-09,1
LN106743,2023-07,0
LN104145,2025-09,1
LN101854,2022-02,0
LN107506,2022-06,1
LN100853,2023-02,1
LN106565,2025-08,1
LN106601,2025-10,1
LN104088,2025-06,0
LN105589,2025-05,0
LN103975,2024-08,0
LN105659,2025-02,0
LN100507,2022-10,0
LN103321,2024-10,0
LN108717,2023-09,1
LN105973,2023-05,0
LN104290,2022-12,1
LN100468,2022-03,0
LN100738,2024-04,0
LN102930,2024-02,1
LN103303,2025-04,0
LN104650,2024-02,0
LN105023,2024-04,1
LN104115,2025-05,1
LN108341,2025-01,0
LN108911,2025-05,1
LN104677,2024-08,0
LN103582,2022-06,1
LN106523,2025-04,1
LN106784,2024-11,0
LN102132,2025-11,0
LN102622,2022-09,1
LN103477,2023-11,0
LN107225,2024-02,0
LN101684,2024-11,0
LN103947,2024-08,0
LN105483,2025-02,1
LN101093,2023-06,0
LN101830,2023-05,0
LN100737,2023-08,0
LN104505,2023-10,0
LN101444,2023-04,1
LN103900,2024-07,0
LN105162,2024-08,0
LN107023,2024-04,1
LN107295,2024-06,0
LN106616,2025-10,0
LN105766,2025-07,0
LN106907,2025-11,0
LN106376,2022-01,0
LN108874,2023-10,0
LN100651,2024-01,0
LN108946,2024-09,1
LN105067,2022-08,0
LN100410,2025-04,0
LN101568,2024-10,1
LN104047,2025-08,0
LN104817,2023-06,0
LN101552,2023-07,0
LN101580,2024-07,1
LN102472,2023-03,0
LN106203,2025-05,0
LN101952,2022-06,0
LN105884,2022-01,0
LN103524,2023-02,0
LN103061,2023-05,0
LN101207,2024-09,0
LN105728,2024-04,0
LN108304,2022-08,1
LN103188,2022-03,1
LN102498,2024-10,0
LN103624,2025-08,0
LN101912,2025-05,0
LN106080,2025-04,1
LN106509,2022-02,0
LN106312,2025-07,0
LN102668,2022-01,0
LN102140,2025-02,0
LN100916,2024-08,1
LN101259,2024-11,0
LN103817,2024-10,0
LN103772,2023-05,1
LN102925,2023-06,0
LN104298,2023-10,1
LN104837,2025-12,0
LN105860,2024-03,1
LN101811,2024-07,1
LN102956,2023-02,0
LN105259,2024-10,0
LN105944,2022-05,0
LN108003,2022-10,1
LN107735,2022-10,0
LN102041,2025-10,0
LN103162,2024-12,1
LN102555,2024-06,1
LN101703,2022-10,0
LN103498,2023-10,0
LN102592,2024-11,1
LN101652,2023-07,0
LN108674,2025-10,0
LN106740,2021-09,1
LN102521,2024-11,1
LN104082,2025-05,0
LN107674,2025-01,1
LN108776,2025-11,1
LN103286,2022-05,0
LN108024,2022-09,1
LN107200,2023-12,1
LN105194,2022-12,0
LN108432,2025-01,0
LN104679,2022-03,0
LN103675,2025-09,1
LN103388,2023-01,0
LN105648,2025-11,0
LN101476,2025-12,1
LN106058,2024-05,0
LN106753,2022-03,0
LN102084,2022-05,0
LN106793,2022-11,0
LN102072,2023-11,0
LN104585,2023-10,0
LN104383,2023-10,0
LN105181,2025-05,0
LN106415,2025-06,1
LN106268,2025-05,0
LN106545,2025-05,0
LN106575,2023-06,0
LN107219,2023-09,1
LN106196,2025-11,0
LN104397,2022-11,0
LN105474,2023-11,0
LN103510,2025-04,1
LN104140,2025-08,0
LN101814,2025-02,0
LN106100,2023-07,0
LN108172,2023-10,0
LN101032,2024-01,1
LN103066,2025-06,0
LN102143,2024-01,0
LN102030,2025-10,1
LN107898,2024-12,0
LN108464,2025-06,0
LN105167,2022-06,0
LN105833,2022-05,1
LN104516,2023-11,0
LN101616,2025-09,1
LN100934,2025-12,0
LN104832,2025-04,0
LN104941,2023-07,0
LN102592,2024-02,0
LN105237,2025-06,0
LN103817,2024-11,0
LN103301,2024-07,1
LN103584,2024-06,0
LN103616,2022-11,0
LN100951,2024-05,0
LN103053,2023-02,0
LN100660,2025-04,1
LN104961,2025-05,0
LN106489,2023-08,0
LN100822,2023-06,1
LN103239,2025-12,0
LN106642,2025-08,0
LN102233,2025-09,1
LN106887,2023-02,1
LN101955,2023-11,0
LN108836,2024-03,0
LN104653,2023-11,0
LN104465,2023-01,0
LN100022,2022-08,1
LN105655,2024-11,0
LN101529,2025-12,0
LN107497,2025-11,0
LN103402,2024-06,0
LN103807,2022-08,0
LN103518,2025-10,0
LN100900,2021-10,0
LN100149,2024-01,0
LN106795,2024-12,0
LN108100,2025-09,1
LN102140,2024-05,1
LN101996,2024-12,0
LN108445,2023-01,0
LN105399,2025-02,1
LN102190,2023-10,0
LN108338,2024-10,1
LN106666,2024-04,0
LN106285,2025-10,0
LN102686,2023-01,0
LN108993,2023-11,1
LN104473,2024-04,1
LN104954,2023-11,1
LN102363,2022-12,0
LN108851,2025-03,0
LN101583,2022-12,1
LN103835,2025-09,0
LN105150,2023-10,0
LN104872,2024-06,0
LN106498,2025-07,0
LN106075,2023-12,0
LN105894,2023-06,0
LN107788,2025-11,0
LN106964,2022-09,0
LN106233,2022-05,1
LN104273,2023-07,0
LN100244,2024-12,0
LN104524,2024-09,0
LN104057,2025-02,0
LN104971,2023-05,0
LN101919,2023-07,1
LN105415,2023-02,0
LN104118,2024-02,1
LN104884,2025-04,0
LN101216,2024-04,1
LN106077,2022-05,1
LN103536,2025-03,1
LN102467,2024-12,0
LN100012,2024-02,0
LN107553,2024-04,0
LN106156,2024-07,1
LN103205,2024-01,0
LN105680,2025-05,1
LN105719,2023-04,0
LN107858,2023-09,0
LN108081,2024-03,0
LN102125,2024-03,0
LN104571,2024-10,0
LN102292,2023-08,0
LN108643,2025-08,0
LN105850,2023-04,0
LN106533,2023-10,0
LN107714,2023-02,1
LN100970,2023-12,1
LN103352,2025-06,1
LN103375,2023-10,0
LN105704,2024-05,0
LN103093,2025-08,0
LN101131,2024-10,0
LN100126,2025-06,1
LN104048,2022-09,0
LN100298,2023-05,0
LN104642,2025-02,0
LN108260,2025-07,0
LN104089,2025-04,0
LN106271,2024-10,0
LN101851,2023-01,0
LN104285,2024-07,0
LN108260,2024-08,0
LN101688,2025-04,0
LN101990,2024-10,0
LN101455,2024-10,0
LN106871,2023-10,1
LN107986,2025-10,0
LN107787,2025-08,0
LN103290,2025-10,1
LN107338,2024-12,0
LN106097,2025-01,0
LN104893,2024-12,0
LN108053,2023-12,0
LN106834,2025-05,0
LN106417,2024-02,0
LN102866,2023-06,1
LN105406,2024-02,0
LN103728,2022-09,0
LN108761,2023-06,0
LN105150,2023-01,1
LN101284,2025-08,0
LN105006,2024-07,1
LN105866,2025-09,1
LN106737,2022-06,0
LN105030,2024-09,1
LN101356,2025-11,0
LN106262,2022-07,0
LN106040,2025-03,0
LN101830,2025-11,0
LN105474,2022-08,0
LN105122,2024-08,0
LN103575,2025-07,1
LN105230,2023-11,0
LN107688,2022-12,0
LN103040,2023-01,0
LN100970,2022-08,0
LN100377,2024-12,0
LN106059,2023-11,0
LN103453,2023-09,0
LN104981,2025-06,0
LN104638,2025-10,1
LN101815,2022-09,0
LN108190,2022-04,0
LN108783,2025-03,0
LN100717,2023-08,0
LN104786,2024-02,0
LN100387,2024-05,0
LN100748,2025-11,0
LN106415,2023-05,0
LN103528,2022-03,0
LN105715,2024-06,0
LN100300,2024-04,0
LN105867,2025-05,0
LN106867,2023-11,0
LN101645,2022-07,0
LN100814,2024-04,0
LN107134,2024-03,0
LN101410,2021-11,0
LN107813,2025-03,1
LN107257,2025-07,0
LN107809,2024-01,1
LN107161,2025-01,0
LN102924,2025-07,0
LN106335,2025-03,0
LN102397,2025-06,0
LN102686,2024-08,0
LN108952,2022-12,1
LN101062,2023-05,1
LN108061,2024-09,1
LN105140,2025-11,0
LN105250,2024-01,0
LN103506,2025-12,1
LN103433,2023-08,0
LN108360,2025-06,0
LN106321,2025-09,0
LN108347,2024-09,0
LN100572,2024-04,0
LN101230,2024-10,1
LN100442,2022-05,0
LN108791,2025-11,1
LN104633,2023-02,0
LN107718,2024-08,1
LN101337,2023-04,1
LN108078,2022-03,0
LN107947,2025-09,0
LN106928,2024-01,0
LN100343,2025-06,0
LN107503,2025-02,1
LN104165,2024-05,0
LN103122,2024-10,0
LN103818,2024-06,0
LN107807,2024-12,0
LN104747,2023-04,0
LN105604,2024-02,0
LN101175,2025-06,0
LN102477,2025-04,0
LN105611,2025-09,0
LN106437,2024-11,0
LN108971,2025-07,1
LN108453,2023-08,0
LN103562,2024-07,1
LN101018,2023-10,1
LN102871,2025-05,0
LN106243,2024-05,0
LN102222,2022-02,0
LN106257,2023-12,0
LN100806,2024-02,0
LN103021,2025-06,0
LN105450,2023-07,0
LN106566,2024-02,0
LN104618,2024-08,0
LN102635,2024-08,0
LN103616,2023-12,0
LN107258,2024-07,1
LN107594,2023-05,0
LN106724,2023-12,1
LN105610,2024-12,1
LN107295,2022-12,0
LN106335,2022-02,0
LN105212,2023-10,0
LN101531,2024-06,0
LN104495,2024-08,1
LN108269,2023-09,0
LN108664,2023-07,0
LN107347,2024-07,0
LN104578,2023-07,1
LN100332,2024-02,0
LN106671,2025-09,1
LN105937,2023-09,1
LN107345,2024-02,1
LN102668,2022-07,0
LN103584,2024-05,0
LN107725,2024-01,0
LN108910,2024-11,0
LN102718,2025-12,1
LN107916,2024-05,0
LN108366,2022-11,0
LN101207,2025-12,0
LN105675,2025-05,0
LN101303,2025-09,0
LN107526,2024-01,0
LN100021,2024-05,1
LN102098,2025-01,0
LN102791,2024-10,0
LN105116,2024-02,0
LN106753,2024-01,0
LN104382,2025-12,1
LN102327,2025-04,1
LN104477,2024-11,0
LN105666,2024-10,0
LN105512,2024-12,0
LN108136,2024-11,1
LN106402,2023-10,0
LN101814,2025-05,0
LN102889,2022-03,0
LN105517,2024-11,1
LN107340,2025-06,1
LN107971,2023-02,0
LN107755,2025-04,1
LN107560,2025-01,1
LN108333,2025-10,0
LN106058,2025-03,0
LN108503,2024-10,1
LN102066,2025-03,0
LN102202,2025-08,0
LN108251,2025-07,0
LN101679,2023-12,0
LN100981,2025-01,0
LN104081,2024-06,0
LN106462,2022-11,0
LN106214,2024-01,1
LN107995,2025-11,0
LN108751,2022-10,0
LN104710,2024-12,0
LN100267,2025-02,0
LN102740,2022-06,0
LN106446,2023-03,0
LN100753,2024-12,0
LN105800,2025-10,0
LN108733,2023-05,1
LN106046,2022-04,0
LN105080,2025-06,0
LN106690,2023-03,1
LN101372,2023-09,0
LN102618,2025-04,1
LN101936,2024-07,1
LN104534,2021-12,1
LN103202,2025-09,0
LN108933,2024-02,0
LN106402,2024-09,0
LN106412,2022-09,1
LN100994,2025-02,0
LN103296,2023-08,0
LN103621,2025-10,0
LN101180,2024-05,0
LN108580,2023-11,0
LN101493,2023-05,1
LN104882,2024-02,0
LN106965,2025-01,1
LN106972,2022-10,0
LN108023,2023-12,0
LN108728,2025-06,0
LN107737,2024-06,0
LN102280,2024-06,0
LN105824,2023-06,0
LN102809,2025-09,0
LN102785,2023-03,0
LN106876,2025-02,1
LN107108,2023-05,0
LN100295,2024-02,0
LN106315,2022-12,1
LN102517,2025-04,1
LN106387,2024-06,0
LN106994,2025-09,0
LN105437,2021-10,1
LN100094,2024-09,1
LN107803,2025-04,0
LN100931,2025-10,1
LN103037,2024-04,0
LN104664,2023-05,1
LN104167,2023-12,1
LN101663,2023-12,0
LN106883,2023-11,0
LN106384,2024-10,0
LN101682,2021-12,1
LN104018,2022-02,1
LN107035,2023-02,1
LN102265,2023-05,1
LN104184,2021-12,0
LN107070,2024-03,0
LN108221,2023-02,0
LN108453,2024-05,0
LN100955,2024-08,0
LN104514,2025-03,1
LN105796,2025-09,0
LN107393,2023-04,1
LN104531,2022-01,1
LN108846,2022-08,0
LN101404,2025-02,0
LN105760,2024-02,0
LN102043,2025-12,0
LN102746,2025-07,0
LN101037,2021-07,1
LN100844,2024-09,0
LN106977,2024-05,1
LN101924,2023-05,0
LN107545,2024-05,0
LN100430,2023-07,0
LN101038,2024-04,0
LN100602,2024-06,0
LN104376,2025-07,0
LN104690,2021-12,0
LN103339,2025-07,0
LN100051,2023-08,0
LN103211,2025-06,1
LN108008,2024-08,0
LN107472,2025-05,0
LN104170,2022-11,0
LN106933,2023-09,1
LN106789,2025-11,1
LN100093,2025-07,0
LN104718,2024-01,1
LN101621,2024-11,1
LN107148,2022-06,0
LN104641,2022-08,1
LN105379,2025-04,0
LN104921,2024-07,1
LN106997,2025-09,0
LN106876,2024-08,0
LN108730,2025-07,1
LN106599,2023-08,1
LN107995,2025-10,1
LN100131,2025-01,0
LN103993,2023-07,1
LN107922,2023-09,0
LN107602,2023-04,0
LN104926,2023-04,1
LN103591,2022-07,0
LN107558,2024-11,0
LN106340,2024-02,0
LN101166,2022-07,0
LN101040,2025-02,0
LN102187,2023-12,1
LN103617,2024-10,0
LN104209,2024-09,0
LN105274,2024-02,0
LN108166,2024-04,0
LN105173,2024-10,1
LN108035,2023-05,0
LN106360,2025-04,0
LN106833,2024-08,0
LN105588,2025-12,0
LN103078,2023-07,0
LN103821,2021-11,0
LN108505,2025-06,1
LN105800,2024-06,1
LN106681,2023-01,0
LN100169,2022-05,0
LN102780,2023-04,0
LN101865,2024-08,0
LN107260,2023-03,1
LN101084,2025-06,0
LN107801,2022-03,0
LN100205,2025-11,0
LN107803,2024-06,0
LN100278,2023-06,1
LN100350,2024-09,0
LN104737,2024-07,0
LN101526,2024-04,0
LN100280,2022-07,1
LN104559,2024-01,0
LN108605,2025-01,0
LN102510,2024-08,0
LN108375,2023-05,0
LN106546,2025-05,0
LN104122,2025-05,0
LN103528,2022-04,0
LN105798,2024-11,0
LN103451,2023-01,0
LN108675,2023-08,0
LN108055,2025-02,1
LN107639,2025-01,0
LN105289,2023-07,0
LN105364,2025-02,0
LN107548,2025-04,0
LN108558,2025-12,0
LN103369,2025-05,1
LN105702,2025-05,0
LN107897,2025-06,0
LN102230,2025-11,0
LN100647,2024-10,0
LN101584,2025-05,0
LN105846,2024-01,0
LN104764,2025-04,0
LN102925,2022-08,0
LN106132,2025-12,0
LN108989,2025-06,0
LN101380,2025-12,0
LN106153,2023-07,0
LN105822,2025-06,1
LN100944,2021-12,0
LN103050,2024-09,1
LN102681,2023-04,0
LN101629,2023-11,1
LN103967,2022-09,0
LN102582,2024-01,0
LN100221,2024-07,0
LN106034,2023-09,0
LN107606,2025-11,0
LN108965,2024-05,1
LN100634,2022-11,0
LN106016,2025-02,0
LN108539,2024-05,0
LN100198,2023-11,0
LN105165,2025-11,0
LN106343,2024-02,0
LN100565,2023-04,0
LN107238,2022-10,0
LN104578,2023-06,1
LN104293,2024-11,0
LN108440,2023-05,0
LN106213,2023-06,0
LN102406,2025-02,0
LN103325,2024-06,0
LN106112,2025-09,0
LN102975,2025-06,1
LN102465,2022-11,0
LN105967,2025-07,0
LN100856,2023-02,0
LN104395,2023-05,0
LN108778,2022-09,0
LN101014,2024-03,0
LN108558,2023-08,0
LN105823,2024-06,0
LN103292,2023-07,0
LN104381,2023-09,0
LN103219,2024-04,1
LN103832,2025-03,0
LN107746,2024-08,1
LN105130,2025-06,0
LN108053,2025-11,1
LN104817,2022-09,1
LN105016,2022-03,0
LN102950,2024-04,1
LN105372,2024-06,1
LN107174,2023-10,1
LN103022,2023-11,0
LN101532,2024-11,0
LN108157,2023-06,0
LN105126,2022-12,1
LN101385,2024-12,0
LN104314,2025-09,0
LN105603,2025-10,0
LN103940,2024-04,0
LN104775,2021-12,1
LN103316,2024-06,1
LN108914,2024-06,1
LN101035,2024-07,1
LN100613,2024-12,1
LN108748,2024-11,0
LN108720,2024-02,0
LN104167,2023-04,0
LN100662,2022-06,0
LN101824,2024-08,0
LN102384,2023-09,0
LN106753,2022-04,1
LN102223,2023-07,1
LN104649,2024-05,1
LN105449,2024-08,1
LN108887,2025-02,0
LN100597,2024-03,0
LN104464,2024-07,0
LN105636,2024-03,1
LN107035,2024-03,0
LN105666,2025-02,0
LN106196,2024-10,0
LN103158,2025-11,0
LN101878,2024-11,0
LN103352,2023-12,1
LN108740,2021-11,0
LN108529,2023-11,0
LN104344,2025-02,1
LN103270,2024-01,0
LN102801,2023-11,0
LN103796,2024-10,1
LN106805,2024-01,1
LN102473,2023-08,0
LN103058,2023-04,0
LN106346,2023-12,0
LN100711,2025-08,0
LN101213,2025-04,0
LN100381,2024-12,0
LN106596,2025-12,0
LN101242,2025-06,1
LN105670,2024-05,0
LN100806,2024-09,0
LN104197,2021-12,1
LN108156,2023-04,0
LN103447,2024-01,1
LN103771,2023-07,0
LN103819,2025-10,1
LN101639,2025-03,0
LN107120,2024-08,1
LN106701,2023-04,0
LN107341,2024-12,0
LN100671,2024-11,0
LN102088,2023-08,0
LN105650,2024-10,1
LN100256,2024-08,0
LN107656,2024-06,0
LN100477,2023-06,1
LN101079,2024-07,0
LN108964,2025-07,1
LN104208,2023-04,1
LN104112,2025-02,0
LN105956,2022-06,1
LN101559,2025-12,0
LN105423,2023-04,0
LN101972,2024-07,1
LN104548,2023-06,0
LN108311,2021-11,0
LN107086,2025-06,0
LN105467,2025-11,0
LN101469,2022-08,0
LN101240,2025-01,0
LN104562,2025-01,1
LN101525,2023-11,0
LN101633,2025-02,0
LN105955,2024-11,1
LN105407,2024-09,0
LN104051,2024-02,1
LN101184,2022-12,1
LN104175,2025-12,1
LN107996,2025-06,1
LN103420,2023-12,1
LN107338,2022-11,0
LN106454,2023-05,0
LN101708,2022-11,0
LN106523,2024-01,1
LN100978,2023-07,0
LN102092,2024-07,0
LN105933,2023-05,1
LN100767,2023-03,0
LN104187,2024-05,1
LN108635,2025-10,0
LN108091,2025-10,0
LN107362,2022-11,0
LN104759,2024-09,1
LN103332,2023-04,0
LN107295,2025-12,0
LN101857,2025-08,0
LN108759,2023-10,1
LN107630,2023-01,1
LN107873,2024-01,1
LN106686,2025-02,0
LN102984,2024-05,0
LN107024,2024-01,0
LN107526,2025-12,0
LN106157,2023-10,0
LN108318,2025-09,0
LN108883,2025-10,1
LN100875,2025-02,0
LN106542,2023-06,1
LN104498,2022-09,0
LN107204,2023-01,1
LN106700,2025-02,0
LN103321,2025-05,0
LN106884,2023-12,0
LN104491,2022-08,0
LN106369,2023-11,0
LN106613,2022-09,0
LN107601,2023-05,0
LN101675,2024-12,0
LN107226,2022-08,0
LN103316,2023-11,1
LN101917,2023-10,1
LN105471,2024-05,1
LN107153,2025-12,1
LN108129,2024-02,0
LN106650,2022-08,0
LN103413,2024-02,1
LN106014,2025-08,1
LN107371,2023-05,0
LN104604,2023-12,1
LN104258,2025-04,1
LN101905,2022-12,1
LN103825,2024-10,0
LN104770,2023-04,0
LN101538,2025-07,1
LN101119,2024-07,0
LN103842,2023-10,1
LN108755,2023-05,1
LN107065,2025-01,1
LN103696,2023-07,0
LN107112,2025-07,0
LN101744,2023-08,1
LN104446,2022-11,0
LN107284,2024-02,1
LN104471,2024-08,0
LN107142,2025-05,1
LN104043,2025-11,1
LN107934,2025-09,0
LN100137,2023-12,0
LN102707,2025-11,0
LN101350,2022-08,0
LN103216,2022-10,1
LN107061,2023-10,0
LN100703,2022-04,0
LN106082,2024-02,1
LN108127,2025-02,0
LN107758,2024-09,0
LN101693,2024-05,0
LN101851,2024-11,0
LN108777,2025-04,0
LN102114,2025-03,1
LN101491,2024-10,0
LN106390,2025-10,0
LN108741,2022-11,0
LN105157,2022-01,1
LN105041,2022-03,0
LN107422,2024-06,1
LN100800,2022-03,0
LN108645,2024-06,0
LN102216,2024-08,1
LN105844,2024-08,0
LN102344,2024-12,0
LN107393,2022-07,0
LN104900,2024-08,0
LN100204,2025-02,0
LN100389,2024-10,1
LN107920,2023-05,1
LN100373,2025-10,0
LN105695,2023-01,1
LN104613,2023-11,1
LN101449,2024-05,0
LN100262,2022-07,1
LN107894,2025-01,0
LN101531,2024-02,1
LN105466,2023-02,0
LN100520,2022-12,0
LN104300,2024-11,1
LN100784,2025-01,0
LN101973,2025-06,0
LN102469,2023-05,0
LN107566,2024-05,1
LN102216,2024-12,0
LN105694,2024-10,1
LN101888,2024-01,1
LN103681,2025-11,0
LN108995,2023-04,0
LN107826,2023-12,0
LN102528,2021-11,0
LN105194,2024-09,1
LN101004,2022-03,1
LN108520,2024-02,0
LN100927,2025-10,0
LN100645,2023-06,0
LN101931,2024-01,1
LN104296,2024-02,0
LN101905,2024-02,0
LN104060,2022-08,1
LN104789,2025-12,0
LN107927,2022-09,0
LN101237,2022-06,1
LN107698,2025-05,1
LN106114,2022-07,1
LN101778,2022-07,0
LN105693,2023-11,1
LN105376,2023-04,0
LN107989,2025-09,0
LN102313,2023-08,0
LN104210,2024-08,0
LN100087,2024-05,1
LN108475,2024-10,1
LN101394,2023-10,0
LN100309,2025-06,0
LN102240,2023-10,0
LN107117,2025-02,0
LN106050,2024-06,0
LN100153,2023-01,0
LN101607,2024-10,0
LN102079,2022-06,0
LN100990,2025-07,0
LN100514,2025-05,0
LN105450,2022-09,0
LN102929,2024-02,0
LN107633,2024-09,0
LN103105,2023-10,1
LN103734,2023-05,1
LN101858,2025-09,1
LN106057,2024-03,0
LN101413,2024-08,0
LN106697,2025-12,1
LN100703,2024-04,0
LN106453,2023-11,0
LN103415,2024-03,1
LN102296,2025-01,0
LN100322,2025-05,0
LN102267,2024-03,1
LN108612,2022-12,0
LN103233,2021-07,0
LN103010,2024-11,1
LN101457,2025-02,0
LN108768,2022-04,0
LN107866,2024-05,0
LN104441,2024-02,0
LN102852,2025-12,0
LN106521,2022-11,0
LN107809,2023-01,0
LN103402,2024-04,1
LN103387,2024-01,1
LN103374,2024-12,0
LN107780,2024-06,0
LN102395,2024-01,1
LN100699,2023-10,1
LN103776,2023-11,1
LN102344,2025-07,0
LN104032,2024-04,1
LN108707,2025-01,0
LN104175,2023-03,0
LN108608,2024-07,0
LN105031,2025-12,0
LN104020,2024-01,1
LN108894,2025-09,1
LN104039,2023-10,0
LN108192,2023-11,1
LN100880,2023-03,1
LN103443,2022-08,0
LN106587,2025-09,1
LN103203,2023-06,0
LN101203,2024-10,0
LN106101,2025-10,0
LN104899,2025-05,0
LN107679,2023-04,0
LN108882,2023-11,1
LN107259,2025-03,0
LN100168,2024-06,1
LN108317,2023-01,0
LN106846,2023-07,0
LN105289,2023-05,0
LN106868,2025-06,0
LN105101,2025-06,0
LN100200,2024-11,0
LN106565,2024-06,0
LN103923,2025-04,0
LN106121,2024-03,0
LN106417,2022-02,0
LN104547,2025-01,0
LN103991,2025-04,0
LN101196,2024-05,0
LN100630,2025-09,0
LN105957,2025-12,0
LN104396,2024-04,1
LN103311,2024-06,0
LN108618,2024-11,0
LN100146,2022-12,0
LN105405,2023-02,0
LN100548,2024-08,1
LN108093,2025-05,0
LN104714,2022-08,1
LN107067,2024-04,1
LN106574,2024-05,0
LN105642,2024-10,1
LN106552,2024-02,1
LN106029,2022-08,0
LN105808,2024-07,0
LN101394,2023-08,1
LN101449,2022-01,0
LN107723,2022-11,0
LN100391,2023-06,0
LN101045,2024-05,0
LN108128,2022-03,1
LN101087,2025-09,0
LN104892,2023-01,1
LN102722,2025-06,0
LN106015,2023-12,0
LN104117,2023-03,0
LN107497,2022-11,0
LN108174,2022-06,0
LN104586,2023-02,0
LN105650,2025-08,0
LN107275,2022-06,1
LN108558,2025-10,0
LN103998,2024-01,0
LN103735,2024-01,0
LN102061,2023-12,0
LN108981,2024-10,0
LN105464,2025-05,0
LN102079,2023-10,0
LN108911,2022-09,0
LN108101,2025-09,0
LN101148,2025-11,1
LN105105,2025-04,0
LN102075,2025-05,0
LN102352,2025-10,0
LN105746,2024-06,0
LN100862,2024-02,0
LN107989,2022-11,0
LN108337,2024-09,0
LN102223,2025-04,1
LN103046,2024-04,0
LN102945,2023-03,0
LN100413,2023-07,0
LN100657,2024-01,0
LN105992,2025-05,0
LN108294,2025-03,0
LN102475,2024-08,0
LN108630,2024-09,0
LN103114,2025-05,0
LN100037,2024-05,0
LN100303,2025-04,0
LN108639,2022-11,0
LN101522,2023-12,0
LN104897,2025-08,0
LN103005,2024-04,0
LN102443,2022-11,0
LN107334,2025-11,1
LN106034,2025-12,1
LN106117,2023-10,0
LN101350,2025-10,0
LN101828,2025-09,0
LN101184,2023-02,1
LN100054,2024-08,0
LN100672,2024-10,0
LN103485,2024-03,1
LN106849,2024-10,0
LN108307,2024-11,1
LN107610,2025-07,1
LN100186,2022-04,0
LN101490,2024-07,0
LN105709,2025-03,1
LN100945,2022-07,0
LN104014,2024-07,0
LN107864,2023-05,0
LN107106,2023-10,1
LN102674,2025-02,1
LN101384,2023-04,0
LN104438,2024-01,0
LN107108,2024-08,1
LN101288,2022-02,0
LN104571,2022-11,0
LN102920,2024-02,0
LN107188,2023-04,0
LN107539,2025-04,1
LN106260,2025-07,1
LN105271,2025-02,0
LN104555,2025-12,0
LN100402,2023-11,0
LN105412,2024-05,0
LN104450,2025-04,0
LN105676,2023-11,0
LN108985,2025-06,1
LN106616,2023-09,0
LN102137,2023-04,1
LN100644,2025-11,0
LN102404,2023-12,0
LN105521,2023-11,0
LN103940,2023-11,0
LN106667,2023-06,1
LN103534,2022-05,0
LN101671,2024-11,0
LN105484,2024-03,0
LN107432,2023-10,0
LN101897,2025-06,0
LN107333,2025-09,1
LN107911,2025-08,1
LN104434,2023-10,0
LN106014,2023-06,0
LN102879,2025-03,0
LN102416,2023-09,0
LN108676,2024-12,1
LN100601,2024-03,0
LN102935,2022-05,1
LN100580,2021-11,0
LN104943,2024-12,0
LN108467,2024-06,1
LN108987,2023-11,0
LN101129,2024-08,1
LN106925,2024-03,1
LN101668,2024-09,1
LN104300,2023-05,0
LN103392,2024-11,0
LN106850,2022-12,0
LN100790,2022-07,0
LN100145,2025-07,1
LN108685,2025-06,1
LN107914,2024-07,1
LN102582,2022-09,0
LN102802,2025-04,0
LN100235,2025-04,0
LN106189,2025-07,1
LN103652,2023-03,0
LN108091,2025-06,0
LN102348,2024-07,1
LN104413,2025-08,1
LN105645,2022-02,1
LN106088,2024-05,1
LN106773,2024-12,0
LN105105,2024-09,1
LN104350,2023-08,1
LN107623,2023-02,1
LN107948,2024-09,0
LN103670,2023-10,0
LN105975,2024-10,0
LN101278,2022-12,0
LN101552,2023-12,0
LN107775,2025-03,0
LN101536,2024-05,1
LN104661,2023-09,1
LN103839,2024-11,1
LN104055,2024-04,0
LN102518,2022-04,1
LN108901,2025-08,1
LN100312,2021-12,0
LN101449,2024-04,1
LN102123,2024-04,0
LN103470,2024-01,0
LN108673,2022-12,0
LN104641,2023-06,0
LN105330,2025-05,0
LN106518,2025-12,0
LN106669,2025-08,0
LN106087,2024-11,0
LN107392,2023-04,1
LN103241,2023-02,0
LN105960,2023-11,0
LN102640,2024-01,0
LN101153,2025-05,0
LN107517,2025-01,0
LN108958,2023-05,1
LN105314,2025-08,0
LN106046,2025-10,0
LN103653,2023-08,0
LN104754,2025-12,0
LN108944,2023-10,0
LN106160,2023-06,0
LN107471,2025-10,0
LN100019,2024-04,1
LN105675,2024-04,0
LN102885,2024-03,0
LN103550,2024-09,0
LN108367,2024-03,0
LN100801,2025-12,0
LN108386,2025-03,0
LN105933,2023-02,0
LN104239,2023-02,1
LN104891,2024-02,0
LN107855,2024-06,0
LN105903,2024-10,0
LN105017,2023-07,0
LN102673,2022-10,1
LN100643,2023-08,1
LN107592,2025-04,0
LN104325,2023-05,0
LN105756,2023-09,0
LN103724,2022-05,1
LN105821,2025-07,0
LN103054,2025-11,0
LN101828,2024-10,1
LN107155,2025-10,0
LN105564,2024-09,0
LN108254,2025-05,0
LN103796,2025-05,0
LN104535,2023-10,0
LN106801,2022-12,0
LN107344,2025-06,0
LN103178,2025-08,0
LN105136,2025-08,1
LN103944,2024-12,0
LN108193,2025-07,0
LN108580,2022-08,0
LN101137,2023-12,0
LN107529,2022-03,0
LN104993,2025-04,0
LN106557,2023-06,0
LN108102,2024-11,0
LN106917,2024-03,0
LN106268,2024-06,1
LN105680,2025-09,0
LN108276,2025-01,1
LN108189,2024-08,1
LN104994,2023-09,0
LN104448,2023-07,1
LN101078,2024-09,1
LN108896,2023-07,1
LN103530,2025-11,0
LN105776,2025-01,1
LN100283,2024-06,0
LN101819,2025-09,0
LN102908,2022-05,1
LN100874,2025-09,0
LN108421,2025-06,0
LN101344,2023-11,1
LN103497,2025-06,1
LN101446,2025-06,0
LN108162,2025-07,1
LN102139,2025-11,0
LN100932,2023-09,0
LN106597,2023-04,0
LN101936,2022-12,0
LN105462,2024-05,0
LN107845,2024-08,1
LN108589,2025-06,0
LN101602,2024-12,1
LN108613,2024-05,0
LN101975,2024-07,0
LN100595,2024-08,0
LN101475,2023-02,1
LN106468,2025-10,1
LN106656,2025-01,0
LN103199,2024-03,0
LN106928,2025-02,0
LN102873,2023-12,0
LN104414,2023-10,0
LN103811,2023-07,0
LN104191,2025-01,0
LN102884,2025-09,0
LN105979,2024-07,1
LN104106,2024-01,1
LN104951,2021-09,0
LN107969,2025-12,1
LN102328,2024-09,0
LN105863,2023-03,0
LN101609,2025-09,0
LN106971,2025-02,0
LN106059,2024-11,1
LN103621,2022-06,0
LN106498,2022-09,0
LN101943,2022-08,0
LN106645,2024-06,0
LN104500,2024-07,0
LN104160,2025-10,0
LN104336,2025-07,0
LN102988,2025-06,0
LN107830,2024-04,0
LN101745,2025-03,0
LN107014,2025-08,1
LN107021,2025-04,0
LN103264,2024-05,1
LN106564,2023-08,0
LN101139,2024-12,0
LN100442,2023-10,0
LN101796,2025-10,0
LN103283,2022-06,1
LN106526,2022-07,0
LN107109,2024-05,1
LN101741,2024-10,1
LN108203,2025-04,0
LN108996,2024-01,0
LN103841,2023-04,1
LN102973,2025-06,1
LN105721,2025-09,0
LN104436,2023-10,0
LN103852,2023-04,0
LN107370,2024-08,0
LN103633,2024-04,1
LN101238,2023-05,0
LN104484,2025-12,0
LN108129,2024-06,0
LN104478,2024-10,0
LN102231,2025-01,0
LN108955,2024-06,0
LN105337,2025-08,0
LN108947,2024-07,0
LN101606,2022-12,0
LN105862,2024-06,0
LN100419,2025-03,0
LN100102,2024-09,1
LN108347,2022-10,1
LN100823,2024-09,0
LN107974,2023-07,1
LN100882,2025-03,1
LN104294,2025-07,0
LN108746,2023-01,1
LN107326,2023-06,0
LN108497,2025-09,0
LN107535,2023-06,1
LN107821,2024-10,0
LN100225,2022-07,0
LN102853,2022-05,0
LN100656,2024-08,0
LN106530,2025-07,0
LN100350,2023-08,0
LN100897,2024-09,1
LN106578,2023-06,0
LN101593,2022-03,1
LN103779,2025-01,0
LN107228,2025-01,0
LN102902,2025-01,0
LN108806,2024-05,0
LN103915,2025-07,0
LN105983,2024-10,0
LN103653,2024-02,1
LN108116,2022-06,0
LN106171,2024-03,0
LN106869,2023-04,0
LN100535,2023-09,1
LN108654,2025-12,0
LN106175,2023-02,0
LN104047,2023-01,0
LN103593,2025-10,0
LN103798,2023-04,0
LN104484,2024-05,1
LN101585,2025-03,1
LN101051,2025-12,1
LN108581,2022-07,1
LN105464,2025-06,0
LN104944,2024-07,0
LN105524,2024-02,0
LN103284,2023-02,1
LN103254,2022-08,0
LN102674,2025-09,0
LN103982,2025-06,0
LN103286,2023-12,0
LN100191,2024-06,1
LN106524,2022-10,0
LN107816,2023-11,1
LN102782,2025-09,0
LN108927,2025-06,1
LN108413,2022-09,1
LN100756,2024-07,0
LN102322,2023-07,0
LN108301,2025-10,0
LN108736,2024-09,0
LN102550,2024-08,0
LN104009,2021-12,1
LN106088,2024-02,0
LN104118,2023-04,1
LN102999,2025-08,0
LN105518,2024-01,0
LN107850,2022-08,0
LN104571,2025-02,1
LN105604,2025-11,0
LN105902,2022-06,0
LN104317,2025-10,0
LN105239,2025-03,1
LN101740,2024-10,0
LN108883,2023-11,0
LN100462,2025-10,0
LN103568,2025-04,1
LN100421,2024-07,0
LN100666,2023-04,0
LN106635,2024-09,1
LN105942,2025-07,1
LN104582,2022-09,0
LN106511,2024-06,1
LN108797,2022-06,1
LN107933,2023-06,0
LN103231,2023-03,1
LN107730,2025-12,1
LN101084,2022-09,0
LN100975,2023-11,0
LN101964,2024-06,0
LN107345,2025-04,0
LN108018,2022-06,0
LN105816,2025-12,0
LN104111,2024-10,1
LN101569,2025-03,1
LN104833,2022-08,0
LN100152,2025-04,1
LN102335,2024-01,0
LN108746,2023-11,0
LN103225,2025-12,1
LN102322,2025-03,0
LN105178,2023-03,1
LN100582,2023-11,0
LN108069,2023-07,0
LN108905,2024-07,0
LN107490,2023-04,1
LN103316,2025-08,1
LN101518,2024-04,0
LN106183,2025-08,1
LN108268,2023-04,0
LN101560,2023-11,1
LN108702,2025-10,0
LN101822,2024-09,0
LN101741,2025-06,0
LN105882,2025-05,1
LN104438,2023-11,0
LN106822,2025-11,0
LN100613,2025-03,0
LN100770,2024-12,1
LN108262,2024-12,0
LN104586,2025-03,0
LN107505,2025-04,0
LN103709,2024-11,1
LN107476,2025-06,1
LN103334,2022-12,0
LN107750,2025-12,0
LN106964,2021-10,0
LN108265,2024-08,1
LN103241,2024-02,0
LN101694,2023-01,0
LN101906,2023-08,1
LN107972,2023-02,0
LN105662,2025-01,0
LN104562,2022-02,0
LN102475,2023-10,1
LN107369,2022-07,0
LN105442,2025-07,0
LN102313,2025-02,1
LN106345,2024-10,1
LN107785,2023-09,0
LN102502,2025-02,0
LN107005,2025-05,1
LN107380,2025-12,1
LN105682,2024-03,0
LN105932,2024-07,0
LN103869,2024-09,0
LN100969,2021-10,0
LN106171,2024-11,0
LN101740,2024-03,0
LN106286,2024-01,0
LN105389,2025-05,0
LN104122,2025-07,0
LN101293,2022-01,1
LN106788,2024-09,0
LN104794,2022-11,0
LN105714,2025-04,0
LN107359,2025-07,0
LN101492,2023-08,0
LN102429,2022-07,0
LN100853,2023-07,0
LN100801,2023-11,0
LN108111,2025-05,0
LN104818,2024-07,0
LN106196,2025-01,0
LN105211,2025-01,1
LN105220,2023-03,0
LN100292,2025-06,0
LN101058,2025-04,0
LN101094,2023-08,0
LN108041,2024-02,1
LN104465,2024-04,0
LN106571,2025-01,0
LN104151,2023-08,0
LN100026,2025-08,0
LN103001,2025-01,0
LN102894,2024-02,0
LN104042,2024-07,0
LN103373,2024-08,1
LN103928,2024-01,0
LN105798,2023-06,1
LN101013,2024-04,1
LN101051,2024-05,1
LN101659,2022-10,0
LN100458,2025-06,0
LN107625,2024-06,0
LN102321,2023-12,1
LN108604,2024-05,0
LN102426,2024-06,1
LN100572,2024-07,0
LN100936,2023-09,0
LN101280,2025-12,0
LN107439,2023-05,0
LN105405,2025-09,1
LN105444,2024-08,0
LN100019,2025-01,0
LN107225,2024-01,0
LN107912,2025-05,0
LN107550,2023-05,1
LN102143,2024-08,0
LN100210,2023-09,1
LN105481,2024-07,1
LN108931,2022-07,0
LN105795,2025-11,1
LN105348,2023-01,0
LN101588,2025-07,1
LN101174,2022-03,1
LN102803,2021-09,1
LN104984,2023-09,1
LN102629,2024-02,0
LN106671,2023-11,0
LN108875,2022-06,1
LN106378,2025-01,1
LN106123,2024-01,1
LN101200,2024-08,1
LN103606,2025-09,0
LN101513,2023-10,1
LN100951,2024-10,1
LN101595,2024-01,0
LN103277,2024-07,1
LN106416,2022-11,1
LN106719,2024-04,0
LN101408,2025-04,0
LN102441,2024-06,1
LN107580,2024-07,1
LN107754,2023-12,1
LN107447,2024-09,1
LN103952,2025-07,0
LN101436,2025-06,0
LN102262,2022-11,0
LN100777,2025-05,1
LN106866,2023-04,0
LN100167,2023-08,1
LN100111,2024-09,0
LN104433,2025-08,0
LN107652,2022-09,0
LN107305,2022-09,1
LN104460,2025-03,1
LN108486,2023-05,0
LN102968,2025-11,0
LN103789,2024-12,1
LN100904,2025-06,0
LN101367,2023-03,0
LN106937,2025-03,1
LN108401,2023-09,0
LN103007,2023-06,0
LN100916,2024-05,1
LN108095,2022-10,1
LN107047,2024-07,1
LN102842,2025-07,1
LN106299,2025-12,0
LN108116,2024-11,1
LN103758,2022-09,0
LN104198,2025-04,1
LN103944,2025-07,0
LN105699,2024-10,0
LN100853,2025-03,1
LN104955,2022-08,0
LN108196,2022-12,0
LN105259,2023-02,0
LN101018,2025-04,0
LN105151,2025-09,0
LN100136,2024-04,0
LN106084,2025-07,0
LN103923,2025-11,0
LN106010,2024-06,0
LN101762,2022-05,0
LN108124,2025-12,0
LN100433,2022-12,0
LN107040,2024-09,1
LN100042,2025-09,0
LN103398,2023-06,1
LN105868,2024-12,0
LN103135,2023-05,0
LN101962,2024-10,0
LN107584,2023-06,0
LN101827,2025-03,0
LN108374,2025-10,0
LN105953,2024-06,0
LN104804,2025-04,0
LN102596,2024-06,0
LN100331,2025-01,0
LN106503,2025-08,0
LN100070,2025-01,1
LN105468,2024-09,0
LN107329,2023-10,1
LN100555,2025-03,0
LN101975,2022-11,1
LN101574,2025-12,0
LN108186,2025-09,0
LN104398,2025-05,0
LN104709,2024-01,0
LN104955,2022-05,0
LN102906,2024-08,0
LN106991,2025-02,0
LN106367,2025-10,0
LN102776,2025-09,1
LN106657,2024-09,0
LN108222,2024-09,0
LN104728,2023-05,0
LN107129,2024-12,0
LN103707,2024-07,1
LN102443,2025-05,1
LN108839,2025-01,1
LN107143,2023-08,0
LN106456,2023-04,0
LN101784,2025-10,0
LN105152,2023-05,1
LN101882,2024-08,0
LN104042,2025-04,0
LN100473,2024-06,0
LN104078,2025-03,0
LN103524,2023-06,0
LN100518,2024-06,0
LN107607,2022-03,0
LN105825,2024-06,0
LN100318,2025-07,1
LN107229,2024-10,1
LN101519,2024-11,0
LN108758,2022-06,0
LN103026,2022-01,1
LN106016,2023-07,0
LN102852,2022-07,0
LN106396,2024-06,0
LN106017,2022-01,1
LN104508,2022-12,1
LN106616,2024-01,1
LN101046,2022-05,0
LN105005,2025-08,1
LN102633,2024-10,1
LN107826,2025-08,1
LN102903,2024-11,1
LN105142,2025-11,0
LN106641,2025-07,0
LN107409,2022-10,0
LN104137,2025-10,0
LN103526,2024-04,0
LN106337,2022-09,0
LN101846,2023-08,1
LN106930,2025-07,0
LN106340,2022-10,1
LN108945,2024-11,1
LN101367,2023-10,1
LN106738,2025-03,0
LN108022,2025-08,0
LN107141,2025-12,0
LN101937,2025-01,0
LN103131,2023-04,1
LN102642,2024-09,1
LN107800,2024-01,1
LN107910,2025-06,0
LN103152,2025-05,0
LN107083,2024-01,0
LN102465,2022-10,0
LN108823,2025-10,0
LN104313,2024-12,1
LN103028,2025-04,0
LN105347,2024-02,0
LN103496,2024-05,1
LN101076,2024-03,0
LN101099,2024-06,1
LN107615,2025-02,1
LN104496,2025-06,0
LN106040,2023-06,0
LN108193,2024-03,0
LN108992,2025-01,0
LN108733,2024-09,0
LN107712,2023-12,0
LN108502,2024-09,1
LN100751,2024-08,0
LN100537,2023-01,1
LN104620,2025-06,0
LN103194,2025-04,0
LN106637,2023-11,1
LN101351,2025-11,1
LN108426,2022-05,0
LN103797,2024-02,0
LN103254,2022-06,0
LN104548,2024-12,0
LN105693,2024-02,0
LN104283,2025-02,0
LN102209,2022-03,0
LN106086,2025-02,0
LN108159,2023-10,0
LN104635,2025-07,0
LN104762,2022-05,0
LN106568,2025-09,0
LN107543,2025-05,0
LN102963,2025-02,1
LN103139,2024-12,0
LN104005,2025-09,0
LN101531,2024-04,0
LN105379,2023-06,1
LN103627,2022-11,1
LN100767,2025-08,1
LN100153,2023-10,0
LN101822,2024-02,0
LN104270,2024-04,0
LN103302,2024-10,1
LN104720,2025-08,1
LN106843,2024-03,0
LN105302,2024-11,1
LN107233,2024-01,0
LN108949,2023-08,0
LN102202,2022-08,1
LN101120,2025-07,0
LN106334,2022-07,0
LN103038,2025-12,1
LN108200,2025-12,0
LN100762,2025-05,0
LN108930,2025-01,0
LN103833,2024-08,0
LN100901,2023-07,0
LN100797,2023-11,0
LN108870,2025-03,0
LN100082,2024-09,0
LN105056,2024-11,1
LN106539,2025-07,0
LN102696,2022-05,1
LN100567,2024-01,0
LN103017,2025-11,0
LN100731,2024-11,1
LN101680,2025-06,0
LN106118,2023-10,0
LN102176,2023-03,0
LN101212,2024-07,0
LN101638,2022-04,1
LN105871,2023-02,0
LN100389,2022-10,0
LN103770,2025-03,0
LN107363,2022-10,0
LN103777,2024-12,1
LN108667,2025-05,0
LN107748,2024-07,0
LN102706,2025-09,0
LN100716,2023-08,0
LN103698,2025-10,0
LN107337,2023-02,1
LN106897,2024-07,0
LN104078,2024-08,1
LN101071,2023-01,0
LN101919,2024-08,0
LN100497,2024-06,1
LN100854,2023-03,0
LN108361,2025-01,0
LN105684,2025-11,0
LN107226,2023-07,1
LN102219,2024-05,1
LN108224,2025-03,0
LN103185,2025-02,0
LN101105,2023-06,0
LN106402,2024-12,1
LN105705,2024-11,0
LN103093,2023-03,0
LN102997,2025-05,1
LN104898,2025-01,0
LN105210,2024-09,0
LN105894,2025-06,0
LN103626,2025-08,0
LN108188,2024-07,0
LN107179,2024-08,1
LN104795,2023-07,0
LN106154,2022-07,1
LN103531,2021-12,0
LN102710,2022-12,1
LN104375,2023-10,0
LN107985,2022-08,0
LN100435,2025-04,0
LN104948,2023-11,1
LN103091,2025-09,0
LN102114,2024-11,0
LN105035,2022-06,0
LN106204,2022-01,0
LN108220,2025-02,0
LN100663,2023-12,1
LN103531,2023-11,0
LN100912,2025-05,0
LN100101,2022-12,0
LN108875,2024-06,0
LN107393,2024-12,0
LN107936,2024-04,1
LN104576,2023-12,1
LN105021,2024-10,1
LN103902,2025-08,0
LN100252,2022-04,0
LN101182,2025-11,1
LN108322,2024-07,0
LN101348,2024-11,1
LN104248,2025-12,0
LN100720,2024-07,0
LN100806,2023-10,1
LN103448,2023-09,0
LN106402,2025-07,1
LN100103,2024-01,0
LN104005,2025-05,0
LN105665,2024-07,0
LN107403,2023-10,1
LN101119,2024-10,0
LN107592,2024-09,0
LN107288,2023-11,1
LN105547,2022-07,1
LN106133,2025-07,0
LN105848,2023-09,0
LN102993,2025-08,0
LN108177,2022-06,0
LN105541,2025-09,1
LN105690,2024-11,0
LN102109,2023-04,0
LN101329,2023-02,1
LN107518,2022-04,1
LN100039,2024-09,0
LN106655,2025-05,0
LN103151,2024-06,0
LN101146,2024-02,0
LN107352,2025-08,0
LN101845,2024-06,0
LN108985,2025-12,1
LN100238,2023-07,1
LN108299,2024-01,0
LN107925,2024-05,0
LN102587,2022-09,0
LN102360,2025-12,0
LN105312,2023-07,0
LN107780,2023-10,1
LN103657,2025-06,0
LN105507,2023-12,0
LN102867,2023-06,0
LN104827,2024-05,0
LN101589,2025-02,0
LN100783,2025-12,0
LN104515,2025-01,0
LN103702,2024-03,0
LN108292,2021-11,0
LN103410,2021-09,0
LN103535,2024-12,1
LN105735,2023-11,1
LN104876,2023-01,0
LN105062,2024-12,1
LN101970,2025-12,1
LN106135,2022-03,1
LN101223,2025-05,0
LN106454,2025-04,1
LN104712,2025-07,1
LN103927,2023-09,0
LN100372,2024-04,1
LN103350,2022-06,1
LN108950,2023-05,0
LN105854,2023-01,1
LN107739,2025-06,0
LN104132,2025-12,0
LN102438,2024-10,0
LN107763,2025-12,0
LN102441,2023-08,0
LN106271,2024-06,1
LN103986,2023-05,0
LN103398,2024-12,0
LN107166,2023-11,0
LN106698,2022-09,1
LN106556,2023-12,1
LN104137,2022-08,1
LN105836,2025-06,0
LN108245,2024-12,1
LN101900,2023-10,1
LN100908,2023-07,1
LN107254,2024-11,1
LN100888,2024-10,1
LN106859,2025-08,1
LN104873,2023-10,0
LN102751,2022-05,0
LN106054,2025-06,0
LN105436,2023-02,0
LN105064,2024-10,0
LN100208,2023-06,0
LN104256,2025-01,1
LN103164,2022-06,1
LN105627,2022-03,0
LN100565,2022-06,0
LN103843,2022-11,0
LN100432,2024-09,1
LN108074,2024-06,0
LN101471,2025-10,0
LN105551,2023-02,0
LN104339,2024-05,0
LN107004,2023-01,1
LN108363,2021-12,1
LN100440,2025-11,0
LN100039,2024-02,0
LN106103,2025-03,0
LN101617,2025-08,0
LN100719,2024-08,0
LN105458,2024-09,1
LN104671,2025-10,0
LN108227,2024-08,1
LN108207,2024-03,0
LN104433,2021-12,1
LN100626,2025-06,0
LN102449,2023-07,1
LN107243,2023-12,0
LN105843,2023-01,0
LN108048,2024-11,0
LN103555,2023-12,0
LN105377,2022-09,0
LN108315,2024-01,0
LN108737,2025-09,0
LN105638,2025-09,0
LN104431,2023-09,0
LN107831,2023-07,1
LN107759,2025-02,1
LN102748,2024-11,0
LN106065,2024-11,1
LN108178,2025-11,1
LN100080,2024-11,0
LN103632,2021-11,0
LN102885,2022-07,1
LN106636,2024-10,0
LN100814,2024-03,1
LN100655,2023-09,0
LN102354,2022-12,0
LN105040,2023-07,0
LN103771,2023-01,0
LN100840,2024-02,1
LN103521,2025-12,0
LN108053,2025-01,0
LN106276,2021-09,0
LN108120,2025-08,0
LN103019,2024-08,0
LN108430,2022-07,0
LN101237,2024-09,0
LN107384,2023-09,0
LN101941,2023-09,0
LN101257,2024-05,0
LN107701,2024-11,0
LN102998,2023-03,0
LN106493,2025-05,0
LN107399,2025-04,1
LN100504,2022-12,0
LN107100,2024-06,0
LN107144,2025-03,1
LN102509,2025-01,0
LN105885,2024-07,1
LN107606,2024-01,0
LN101794,2024-03,0
LN102622,2023-10,1
LN102920,2024-08,0
LN108733,2023-03,1
LN108971,2025-01,0
LN100662,2024-01,1
LN107720,2025-01,0
LN106314,2025-02,1
LN106922,2024-02,0
LN102411,2022-04,0
LN102257,2024-07,0
LN105327,2022-09,0
LN102734,2024-05,0
LN104478,2024-11,0
LN105770,2024-12,0
LN108079,2025-11,0
LN103512,2025-12,0
LN103483,2024-07,1
LN100099,2024-02,1
LN102590,2021-09,1
LN108100,2024-09,0
LN105158,2025-07,0
LN103142,2024-08,1
LN107286,2024-10,0
LN102612,2023-05,0
LN108877,2024-11,1
LN108664,2024-01,1
LN108015,2024-12,1
LN101752,2025-12,1
LN104127,2022-03,0
LN108196,2023-07,0
LN103180,2022-09,1
LN107068,2023-09,1
LN100750,2025-09,0
LN104349,2025-05,0
LN108875,2025-07,1
LN104035,2024-05,1
LN100435,2025-05,0
LN107593,2025-08,0
LN106449,2021-12,0
LN108324,2024-07,0
LN108501,2022-09,0
LN105969,2021-10,0
LN106679,2025-11,1
LN103059,2023-09,1
LN103174,2025-01,0
LN104438,2022-09,0
LN103026,2022-12,1
LN101912,2022-12,1
LN101572,2025-09,0
LN100710,2025-10,1
LN101018,2023-11,0
LN100512,2024-12,1
LN100230,2025-11,0
LN101841,2025-01,0
LN100372,2023-09,0
LN104487,2023-09,0
LN103365,2024-02,0
LN102815,2022-11,1
LN101629,2023-01,1
LN100410,2022-11,0
LN106961,2025-07,0
LN104390,2025-05,1
LN103579,2023-08,0
LN103923,2024-06,0
LN100929,2023-10,1
LN107454,2023-08,1
LN100109,2024-02,1
LN107986,2024-12,1
LN106146,2024-08,0
LN105801,2025-10,1
LN108298,2022-12,0
LN107285,2024-05,0
LN106166,2022-09,0
LN102337,2024-06,0
LN101596,2024-08,0
LN108189,2025-04,0
LN102694,2024-10,0
LN107012,2025-06,0
LN107599,2024-10,0
LN104063,2024-02,0
LN103950,2024-09,0
LN108318,2024-02,0
LN104443,2024-03,0
LN101781,2023-11,0
LN102046,2024-05,0
LN103244,2025-03,0
LN102889,2025-02,0
LN108614,2022-02,0
LN102373,2025-02,0
LN103775,2022-12,0
LN106851,2025-02,1
LN108802,2025-08,1
LN107366,2025-05,0
LN108993,2023-07,0
LN103121,2025-02,0
LN108878,2023-10,0
LN108782,2025-08,0
LN104582,2023-12,1
LN107294,2022-12,0
LN107770,2023-12,0
LN108935,2025-10,0
LN102508,2025-04,0
LN107672,2025-01,0
LN108783,2025-01,1
LN108449,2023-04,0
LN105910,2023-09,0
LN100862,2024-11,1
LN105189,2022-07,0
LN103259,2024-03,0
LN105547,2025-04,0
LN100110,2025-09,0
LN103316,2025-12,0
LN107187,2024-01,1
LN104288,2025-10,0
LN106760,2025-12,1
LN101278,2022-02,0
LN107118,2023-08,0
LN100402,2024-07,0
LN101742,2024-02,1
LN108304,2024-10,1
LN103234,2023-11,0
LN100322,2023-12,0
LN108321,2025-06,0
LN102422,2021-11,1
LN102930,2025-01,1
LN104480,2025-04,1
LN104915,2023-05,1
LN103346,2025-09,0
LN104579,2023-02,1
LN107481,2023-05,0
LN101812,2024-10,1
LN104925,2023-01,1
LN100500,2024-01,0
LN102799,2025-03,0
LN103804,2024-12,0
LN106008,2023-03,0
LN103528,2022-02,1
LN101962,2025-08,0
LN101589,2023-05,0
LN107127,2023-09,0
LN106996,2024-11,0
LN102850,2024-06,0
LN108408,2023-08,0
LN100725,2025-03,0
LN106636,2023-12,1
LN103831,2022-06,0
LN108234,2024-09,1
LN107454,2025-04,0
LN104750,2022-09,0
LN107163,2025-08,0
LN107917,2023-04,0
LN101388,2024-12,0
LN103308,2024-03,0
LN105537,2025-01,0
LN108843,2022-03,0
LN103871,2025-01,0
LN107306,2025-09,1
LN106441,2022-10,0
LN107718,2025-07,1
LN101430,2024-04,0
LN104168,2024-08,0
LN102291,2022-11,0
LN106265,2022-04,0
LN101584,2025-02,0
LN101821,2024-04,0
LN102091,2025-10,0
LN101811,2023-12,0
LN104752,2025-04,1
LN102768,2023-05,0
LN101523,2025-03,1
LN100496,2022-09,0
LN106718,2024-06,0
LN105769,2025-11,0
LN103603,2023-11,0
LN105233,2022-06,0
LN101508,2024-12,1
LN106251,2023-11,0
LN105701,2025-09,0
LN106578,2023-09,0
LN100192,2025-03,1
LN103433,2023-11,1
LN104184,2023-08,0
LN104778,2025-11,0
LN103829,2024-05,0
LN105486,2024-11,0
LN106078,2024-02,1
LN105230,2025-05,0
LN108722,2025-12,0
LN102104,2025-07,1
LN107371,2025-07,0
LN105140,2023-11,1
LN101908,2022-07,1
LN106562,2023-07,0
LN107053,2021-12,0
LN102176,2025-07,1
LN107609,2022-07,0
LN105802,2023-02,0
LN103352,2024-09,1
LN100623,2025-03,1
LN102922,2022-08,0
LN102288,2025-12,1
LN108075,2024-10,0
LN101531,2023-02,0
LN103616,2023-03,0
LN102817,2025-04,0
LN108126,2023-04,0
LN106369,2022-12,0
LN108977,2024-05,0
LN100139,2023-05,0
LN104904,2025-05,0
LN108664,2025-12,0
LN103135,2023-10,0
LN102382,2025-11,0
LN106637,2021-11,1
LN104277,2024-08,0
LN108109,2024-08,0
LN100590,2024-10,0
LN107164,2025-01,0
LN107132,2025-11,0
LN107282,2025-08,1
LN108394,2023-02,1
LN102462,2025-04,0
LN102433,2024-04,1
LN104516,2023-07,0
LN107686,2021-12,0
LN105940,2023-04,0
LN108128,2024-04,0
LN102113,2025-06,1
LN107071,2025-10,1
LN104508,2024-10,0
LN107305,2022-07,0
LN103099,2022-06,1
LN107243,2025-11,0
LN101536,2023-05,0
LN100139,2024-09,0
LN100247,2024-09,0
LN105502,2024-09,1
LN105952,2022-04,1
LN106195,2025-12,0
LN100507,2023-06,0
LN102494,2025-02,1
LN108074,2025-02,1
LN100777,2025-01,0
LN101314,2024-12,0
LN105664,2025-05,0
LN106376,2023-05,0
LN107890,2024-03,1
LN106009,2025-01,0
LN107998,2022-03,0
LN101888,2024-08,1
LN101746,2025-09,0
LN108869,2024-03,1
LN107089,2025-03,0
LN106009,2023-04,0
LN103914,2025-01,1
LN104406,2025-03,0
LN102979,2024-01,1
LN103259,2024-04,0
LN106502,2025-08,0
LN103579,2021-10,0
LN103088,2022-09,0
LN103654,2025-10,1
LN100339,2025-11,1
LN106476,2023-12,0
LN100068,2024-03,0
LN105826,2025-04,0
LN102198,2025-09,0
LN104359,2025-10,1
LN101485,2025-03,0
LN107431,2024-05,0
LN100834,2025-01,1
LN103177,2024-11,1
LN102882,2025-03,0
LN108502,2025-05,1
LN100309,2025-02,0
LN106165,2024-11,0
LN102118,2025-02,0
LN102216,2024-07,0
LN104029,2025-06,1
LN103151,2025-02,1
LN104633,2025-02,0
LN108701,2024-08,0
LN102262,2025-01,1
LN107218,2023-12,1
LN101100,2025-11,0
LN105187,2022-07,1
LN105586,2025-12,0
LN106482,2025-02,1
LN104960,2025-12,0
LN106182,2023-09,0
LN108408,2023-07,1
LN103740,2023-03,0
LN100105,2024-12,0
LN108377,2023-04,0
LN108425,2023-03,1
LN104097,2024-12,0
LN105678,2024-07,1
LN101201,2024-09,0
LN105275,2023-07,0
LN108928,2024-08,0
LN105838,2025-12,0
LN105558,2024-01,0
LN107286,2025-01,0
LN101445,2024-04,0
LN108672,2023-10,0
LN104840,2024-05,0
LN105521,2025-06,0
LN108592,2024-01,0
LN103229,2024-09,1
LN102703,2024-08,1
LN107474,2025-10,0
LN104493,2022-08,1
LN107071,2025-09,1
LN106284,2025-06,1
LN104163,2025-08,0
LN107575,2024-01,0
LN100602,2025-08,0
LN106540,2025-04,0
LN108145,2023-11,0
LN108749,2025-09,0
LN101219,2024-07,0
LN108875,2024-11,1
LN107225,2024-04,0
LN102474,2025-05,0
LN104082,2025-10,0
LN100114,2024-05,1
LN103984,2024-07,0
LN100863,2024-04,0
LN105521,2024-01,0
LN104423,2023-08,0
LN108607,2023-06,1
LN106756,2024-08,0
LN107309,2024-07,0
LN102378,2025-11,0
LN108100,2024-10,1
LN106701,2023-09,0
LN100018,2025-02,0
LN100703,2022-06,1
LN107961,2024-02,1
LN101012,2023-10,0
LN103871,2024-06,0
LN100353,2024-01,0
LN104374,2023-02,1
LN100373,2023-02,1
LN105510,2023-11,1
LN107479,2025-01,1
LN103175,2024-11,1
LN105147,2025-08,0
LN103618,2024-01,0
LN108826,2022-08,1
LN101559,2024-06,0
LN100559,2025-09,1
LN102222,2025-01,0
LN101462,2021-12,0
LN107307,2024-10,1
LN102277,2022-12,0
LN100676,2024-08,1
LN107065,2025-11,0
LN103203,2025-08,1
LN103867,2024-07,0
LN100191,2024-04,0
LN108431,2024-11,0
LN105287,2025-04,0
LN103362,2022-02,0
LN103653,2024-03,0
LN107468,2024-12,0
LN108769,2024-10,0
LN100302,2022-04,0
LN107694,2024-02,0
LN108694,2025-03,0
LN100087,2025-06,0
LN106374,2024-06,0
LN107275,2024-06,1
LN104765,2023-12,0
LN104725,2024-10,0
LN100008,2023-06,0
LN102145,2023-06,1
LN106907,2021-11,1
LN106498,2023-07,0
LN107567,2025-12,1
LN104835,2025-06,0
LN101128,2024-10,0
LN103295,2024-12,0
LN106492,2024-11,0
LN105158,2025-10,1
LN101860,2024-10,1
LN102705,2022-11,1
LN102191,2025-06,0
LN105972,2025-05,0
LN107219,2024-08,0
LN106671,2024-07,1
LN102006,2023-06,1
LN102853,2025-04,1
LN106827,2023-06,0
LN106016,2024-12,1
LN108618,2023-12,0
LN101946,2023-08,1
LN106239,2023-07,0
LN102702,2024-03,0
LN104944,2025-07,0
LN105376,2025-08,0
LN105893,2024-01,1
LN102274,2025-05,0
LN108765,2022-12,0
LN105193,2022-05,1
LN101466,2024-06,0
LN106423,2025-12,0
LN103992,2024-10,0
LN107454,2025-11,0
LN105380,2024-11,0
LN101797,2023-09,0
LN105767,2024-06,0
LN107826,2023-11,1
LN104633,2022-04,0
LN104103,2024-11,0
LN102308,2025-08,0
LN105491,2025-04,0
LN107148,2022-11,0
LN105340,2024-12,0
LN105816,2023-05,0
LN104098,2024-05,0
LN102504,2022-08,0
LN102308,2024-09,0
LN105690,2023-11,0
LN104698,2023-03,0
LN103888,2023-09,1
LN103603,2025-07,0
LN104027,2023-12,0
LN102479,2023-05,1
LN100016,2024-03,0
LN106707,2023-06,0
LN107234,2025-01,1
LN106842,2024-06,0
LN106200,2025-04,0
LN106351,2024-02,1
LN108030,2022-07,0
LN104366,2024-03,1
LN101168,2025-06,0
LN105067,2025-11,0
LN107913,2025-07,0
LN107488,2022-06,1
LN103871,2023-01,0
LN100853,2025-12,1
LN106631,2022-08,0
LN107260,2024-10,0
LN106043,2025-09,1
LN107387,2024-02,0
LN106848,2023-07,0
LN106812,2023-02,1
LN103443,2023-08,0
LN105022,2025-07,1
LN108780,2025-05,1
LN107280,2024-05,0
LN105692,2025-07,0
LN105578,2025-07,1
LN101352,2023-07,0
LN100455,2024-08,0
LN107775,2024-09,0
LN105536,2022-06,0
LN104209,2024-01,0
LN101501,2022-07,1
LN108490,2023-01,0
LN108357,2024-07,1
LN103970,2024-06,0
LN102583,2024-04,0
LN103531,2025-08,0
LN101061,2024-10,1
LN105949,2024-06,0
LN104906,2025-02,0
LN104632,2024-11,1
LN108511,2023-02,0
LN108955,2024-03,0
LN104062,2023-10,0
LN102119,2024-09,0
LN102605,2024-09,0
LN105708,2023-11,0
LN103130,2024-09,1
LN100678,2024-06,0
LN102123,2025-10,0
LN106459,2023-05,1
LN101740,2025-04,0
LN101775,2024-11,0
LN106497,2025-08,1
LN101641,2022-08,1
LN105615,2024-03,1
LN107497,2023-07,0
LN102540,2024-12,1
LN101222,2025-01,1
LN100797,2023-07,0
LN102217,2025-11,0
LN107224,2025-12,0
LN105848,2024-07,1
LN107053,2022-11,0
LN103872,2024-10,1
LN100970,2025-11,0
LN104629,2024-12,1
LN102932,2022-04,0
LN108360,2023-10,1
LN106754,2025-08,1
LN101519,2025-08,1
LN108679,2025-07,1
LN107700,2023-06,0
LN106012,2023-10,0
LN100101,2025-11,0
LN100196,2024-01,0
LN102704,2022-02,1
LN105330,2024-11,0
LN106226,2024-11,0
LN105779,2023-03,0
LN103014,2023-07,0
LN101889,2024-04,0
LN108723,2025-02,0
LN101497,2025-12,0
LN104423,2024-08,1
LN105256,2022-12,0
LN105578,2025-05,1
LN106018,2025-09,0
LN108614,2025-02,1
LN108604,2023-05,1
LN100017,2023-11,0
LN107336,2025-10,1
LN104306,2025-09,1
LN102075,2023-01,0
LN102606,2024-01,1
LN105030,2025-04,1
LN105002,2024-01,0
LN108904,2024-02,1
LN102441,2024-12,0
LN101852,2023-05,1
LN102391,2025-01,0
LN108600,2024-05,0
LN104934,2023-04,0
LN104534,2022-08,0
LN105082,2022-02,0
LN105776,2022-12,1
LN107054,2025-09,1
LN107504,2024-08,0
LN102064,2024-10,0
LN101749,2024-02,0
LN104546,2025-09,1
LN101693,2024-11,0
LN106576,2025-06,0
LN106735,2025-08,0
LN105900,2025-01,0
LN102838,2025-03,0
LN108398,2024-09,0
LN105952,2023-04,0
LN103227,2024-05,1
LN101628,2022-12,0
LN107608,2022-10,0
LN102766,2025-11,0
LN107032,2024-11,1
LN104023,2024-03,0
LN107773,2025-04,0
LN103706,2022-04,0
LN107489,2023-08,0
LN103031,2023-01,0
LN101975,2023-05,0
LN104266,2025-11,1
LN106884,2025-02,0
LN105907,2025-02,0
LN100046,2023-04,0
LN102702,2022-06,0
LN102921,2025-02,1
LN103341,2024-10,1
LN102133,2025-04,1
LN102065,2024-07,0
LN102228,2022-08,0
LN102157,2024-05,0
LN105534,2022-09,0
LN101428,2025-01,0
LN107868,2025-06,0
LN100110,2022-06,0
LN104561,2023-01,1
LN105095,2025-08,0
LN108819,2022-10,0
LN102772,2023-01,1
LN104181,2023-05,0
LN106431,2025-08,0
LN105928,2025-09,0
LN102188,2025-08,0
LN106267,2022-08,1
LN100882,2023-07,0
LN107558,2022-01,1
LN106989,2021-12,0
LN102058,2024-08,0
LN104302,2022-07,0
LN101236,2021-07,1
LN101134,2024-09,0
LN107709,2025-02,0
LN107208,2024-12,1
LN102558,2021-12,0
LN105181,2025-04,1
LN102803,2022-10,1
LN103002,2025-03,0
LN107449,2024-06,1
LN107326,2023-10,0
LN102277,2023-02,1
LN101248,2024-04,1
LN105191,2024-10,0
LN102871,2025-12,0
LN100148,2024-07,0
LN102542,2024-11,0
LN104023,2024-07,0
LN108614,2024-12,0
LN102411,2023-11,0
LN106377,2025-05,0
LN100960,2025-10,1
LN108154,2023-09,0
LN102523,2023-06,1
LN103891,2024-10,0
LN100497,2025-04,1
LN101648,2025-04,1
LN100974,2025-10,1
LN105040,2024-08,0
LN107242,2022-11,1
LN106909,2025-11,1
LN104890,2024-10,1
LN102822,2022-04,1
LN103943,2025-12,1
LN105993,2024-10,0
LN101738,2024-09,0
LN103069,2024-05,0
LN106869,2023-03,1
LN104347,2023-05,1
LN107443,2023-05,0
LN100430,2021-12,0
LN102028,2024-05,0
LN100455,2025-09,0
LN102818,2025-11,0
LN105844,2025-01,0
LN100079,2025-02,0
LN100939,2025-05,0
LN104795,2024-02,0
LN106509,2024-12,1
LN108397,2025-08,0
LN100912,2025-12,0
LN106444,2024-04,1
LN102109,2023-09,1
LN105048,2024-12,1
LN104845,2025-06,1
LN108050,2023-07,1
LN103951,2025-09,0
LN108236,2025-05,0
LN102970,2025-02,0
LN103730,2025-05,1
LN101037,2021-08,0
LN104873,2024-07,1
LN100747,2023-07,1
LN104771,2025-11,0
LN105974,2025-04,0
LN103173,2025-06,0
LN103500,2023-04,1
LN104929,2024-04,0
LN104758,2024-06,0
LN104217,2023-05,0
LN102990,2024-03,0
LN108739,2023-02,0
LN104102,2025-07,0
LN106662,2024-04,0
LN104448,2023-10,1
LN106357,2022-10,0
LN108383,2025-10,0
LN103712,2024-11,1
LN106490,2024-11,0
LN101314,2025-03,0
LN105671,2023-12,0
LN105696,2022-03,1
LN106168,2025-03,0
LN103389,2025-05,0
LN107599,2025-09,1
LN102348,2022-09,1
LN103537,2023-04,0
LN105353,2024-04,1
LN106945,2025-08,0
LN100534,2024-12,1
LN105532,2023-08,0
LN105193,2023-04,1
LN101329,2025-05,0
LN105337,2024-07,0
LN106222,2025-06,0
LN101740,2024-12,0
LN105107,2025-09,0
LN106224,2022-11,1
LN105365,2025-01,0
LN106874,2024-08,0
LN102088,2025-11,0
LN105865,2025-07,0
LN108298,2024-11,0
LN102894,2023-10,0
LN105340,2024-05,0
LN101202,2025-12,1
LN107865,2023-07,0
LN105687,2022-12,0
LN104701,2021-12,1
LN105054,2022-10,0
LN105382,2025-04,0
LN100160,2025-03,0
LN101426,2024-05,0
LN101401,2024-05,0
LN107060,2024-06,0
LN100165,2025-03,1
LN101599,2024-10,1
LN105117,2023-05,0
LN106459,2025-11,0
LN103162,2023-06,0
LN107584,2023-08,0
LN105637,2025-12,1
LN107679,2025-01,1
LN104726,2023-05,0
LN102531,2024-12,1
LN107262,2025-03,0
LN100697,2024-03,0
LN103690,2024-01,0
LN106905,2022-07,1
LN100862,2024-09,0
LN101090,2023-07,0
LN108302,2024-01,0
LN108141,2024-03,0
LN103083,2024-02,1
LN100517,2023-07,1
LN103485,2023-11,0
LN106962,2023-03,0
LN106708,2025-05,0
LN107644,2024-04,1
LN100217,2025-06,1
LN101295,2023-12,0
LN105043,2023-08,1
LN107873,2024-05,0
LN106622,2024-10,0
LN108378,2025-10,1
LN100929,2024-07,0
LN108439,2024-02,0
LN102735,2025-06,0
LN103477,2024-11,1
LN102007,2024-03,0
LN108481,2025-11,0
LN107739,2023-04,0
LN102758,2023-12,0
LN106525,2024-01,1
LN101292,2023-12,0
LN104995,2023-11,0
LN105144,2023-09,0
LN104056,2025-10,0
LN106138,2023-08,0
LN107404,2025-07,0
LN100749,2023-10,0
LN101190,2023-02,1
LN102384,2022-10,0
LN100924,2025-01,0
LN101743,2023-03,1
LN100190,2025-10,0
LN107626,2025-07,0
LN102265,2022-07,0
LN104592,2024-07,1
LN105777,2024-02,0
LN107491,2025-03,0
LN104866,2024-04,0
LN107452,2025-10,1
LN108373,2023-09,0
LN106529,2024-09,0
LN102126,2023-02,1
LN100812,2024-03,0
LN101718,2022-12,1
LN106337,2025-06,0
LN100245,2023-08,1
LN102255,2023-12,0
LN106340,2025-11,0
LN105860,2023-11,0
LN105326,2025-08,0
LN100838,2023-01,0
LN104536,2022-08,1
LN107714,2022-02,0
LN101058,2023-10,0
LN103373,2023-04,1
LN105536,2025-04,0
LN103702,2022-06,0
LN100311,2024-12,0
LN100843,2021-11,0
LN104412,2023-06,0
LN102328,2022-01,0
LN104156,2025-11,0
LN103233,2022-08,0
LN100173,2024-05,0
LN104179,2024-06,0
LN105335,2022-12,0
LN102449,2025-11,0
LN106053,2023-12,1
LN106464,2024-11,0
LN107652,2023-02,0
LN108816,2023-07,0
LN105765,2023-09,0
LN104140,2024-06,0
LN106787,2023-01,1
LN100107,2025-07,1
LN101450,2022-11,1
LN105688,2025-01,0
LN100539,2025-04,0
LN100230,2023-07,0
LN106065,2025-07,1
LN102189,2025-02,0
LN104419,2024-01,0
LN108250,2024-02,1
LN100837,2025-01,1
LN107711,2025-07,0
LN101213,2024-11,1
LN101531,2025-01,1
LN106392,2023-11,0
LN106257,2025-12,0
LN106806,2024-05,0
LN108731,2025-03,0
LN104383,2025-01,0
LN107889,2023-04,1
LN100901,2023-01,0
LN104024,2024-06,0
LN107966,2023-01,0
LN104439,2024-06,0
LN101410,2023-02,0
LN105391,2025-08,1
LN103015,2025-01,0
LN104119,2024-09,0
LN104427,2023-03,0
LN100249,2023-08,1
LN102840,2025-04,0
LN100711,2023-09,0
LN106173,2024-01,0
LN104001,2024-09,0
LN107633,2023-03,0
LN104132,2024-11,0
LN102244,2025-02,0
LN107309,2024-10,0
LN100297,2024-10,0
LN103463,2024-12,0
LN100555,2024-01,0
LN105525,2025-07,0
LN107741,2025-08,0
LN104002,2021-10,1
LN104586,2022-05,0
LN101403,2025-05,1
LN104104,2022-03,0
LN104655,2023-07,0
LN102171,2025-01,0
LN108099,2025-03,1
LN105856,2023-11,1
LN104782,2025-03,0
LN103393,2025-01,0
LN101528,2021-08,0
LN103385,2025-11,0
LN107924,2023-07,1
LN107631,2023-04,1
LN108697,2025-11,1
LN101863,2022-11,1
LN106822,2025-08,0
LN108539,2025-10,1
LN103855,2025-10,0
LN101271,2023-06,0
LN107881,2022-11,1
LN106503,2024-12,0
LN100558,2024-12,0
LN102912,2025-12,0
LN103072,2022-08,1
LN104044,2022-12,1
LN100313,2023-11,0
LN104091,2024-01,0
LN104437,2025-02,1
LN101120,2024-06,1
LN103069,2025-06,0
LN103973,2024-10,1
LN108112,2023-09,0
LN101004,2024-10,0
LN103548,2022-07,0
LN105597,2024-05,0
LN103539,2025-04,0
LN102485,2022-12,0
LN107627,2023-10,0
LN100982,2023-08,1
LN108957,2025-07,1
LN101359,2024-02,0
LN105973,2021-12,0
LN101431,2024-04,0
LN100971,2023-05,1
LN105850,2022-12,1
LN100087,2024-10,0
LN101464,2024-06,0
LN107121,2025-02,0
LN103718,2024-12,0
LN108792,2025-06,0
LN103375,2025-04,0
LN100429,2024-12,1
LN100915,2023-08,1
LN103418,2023-11,0
LN100031,2023-09,1
LN107854,2024-12,0
LN106065,2025-05,1
LN108912,2024-05,0
LN102640,2022-07,0
LN105580,2025-06,0
LN101428,2025-07,1
LN103044,2025-05,0
LN103602,2024-12,0
LN108008,2024-09,1
LN103994,2024-07,0
LN101695,2024-11,0
LN108788,2023-02,0
LN102770,2025-08,0
LN100248,2024-12,0
LN104566,2025-06,0
LN107349,2025-01,0
LN107668,2022-10,0
LN106291,2024-01,0
LN104600,2024-12,0
LN107998,2024-08,1
LN102807,2024-11,0
LN106331,2024-12,0
LN102411,2024-02,0
LN105659,2024-05,1
LN104433,2025-03,1
LN104311,2024-10,1
LN100404,2024-04,1
LN105987,2024-08,1
LN107545,2025-09,1
LN103387,2025-04,0
LN105702,2023-07,0
LN101629,2022-11,0
LN102417,2022-06,0
LN103789,2022-11,0
LN101387,2022-10,1
LN101732,2023-12,0
LN103248,2022-06,0
LN100909,2024-02,0
LN103535,2024-07,0
LN104440,2023-06,0
LN106533,2023-06,0
LN106466,2023-01,0
LN107447,2025-04,0
LN102360,2025-01,0
LN105148,2025-04,0
LN108298,2025-04,1
LN101782,2024-03,0
LN103344,2025-10,1
LN106454,2025-09,0
LN105684,2024-01,0
LN108018,2025-08,0
LN100051,2025-10,0
LN106260,2023-11,0
LN105799,2025-10,1
LN105754,2024-06,0
LN100461,2022-04,1
LN105568,2023-12,0
LN103483,2025-09,0
LN102225,2024-12,0
LN100261,2022-03,0
LN104695,2025-11,0
LN107892,2024-10,0
LN101538,2023-12,0
LN104555,2025-02,1
LN102953,2024-08,0
LN108984,2023-03,1
LN107734,2024-10,0
LN101102,2024-09,0
LN107398,2021-10,0
LN108919,2024-11,0
LN107492,2022-11,1
LN103208,2022-12,0
LN101302,2025-01,0
LN108609,2022-12,0
LN108288,2023-07,1
LN108643,2025-09,0
LN108217,2025-01,0
LN100070,2024-11,0
LN102708,2025-01,1
LN106873,2023-07,0
LN101211,2025-10,0
LN101329,2025-11,0
LN107326,2024-12,1
LN102544,2024-08,1
LN101453,2024-04,0
LN103518,2025-11,0
LN100910,2024-04,0
LN105158,2025-12,0
LN103716,2023-07,1
LN103355,2024-05,0
LN106112,2023-11,1
LN103821,2025-03,0
LN108274,2024-03,0
LN102459,2023-09,0
LN106568,2024-09,0
LN104884,2025-12,1
LN100993,2024-10,0
LN106700,2025-12,1
LN107519,2023-04,1
LN105478,2022-09,1
LN104229,2024-01,0
LN105455,2022-03,0
LN107887,2025-04,1
LN106466,2022-10,0
LN102377,2023-06,1
LN107060,2025-07,0
LN106174,2024-07,0
LN107976,2022-04,0
LN100400,2024-12,0
LN106152,2023-10,0
LN108759,2023-03,0
LN108806,2023-08,0
LN103686,2023-12,0
LN100098,2024-12,0
LN104431,2025-01,0
LN106599,2023-04,0
LN103294,2024-08,0
LN104410,2025-05,0
LN106411,2025-10,0
LN106877,2023-03,1
LN108165,2024-01,0
LN100592,2024-11,0
LN106016,2023-05,0
LN107053,2022-12,0
LN103964,2024-03,0
LN106083,2025-03,0
LN106670,2024-05,1
LN100207,2025-07,0
LN103415,2025-03,0
LN100536,2024-12,0
LN102697,2025-10,0
LN105329,2025-07,1
LN105521,2025-02,0
LN107110,2024-10,0
LN107932,2024-01,0
LN108729,2025-10,0
LN100636,2023-01,0
LN102954,2025-01,0
LN102597,2025-11,1
LN105031,2025-08,0
LN106764,2023-09,0
LN107595,2024-08,0
LN106833,2025-03,0
LN100196,2025-06,0
LN106921,2024-03,0
LN101976,2025-11,0
LN108205,2025-02,0
LN102532,2025-09,0
LN107712,2023-11,0
LN101037,2023-09,0
LN101750,2025-03,0
LN100285,2025-03,1
LN104251,2023-01,0
LN103532,2024-01,0
LN104914,2025-07,1
LN101311,2023-03,0
LN101284,2025-01,0
LN103550,2023-03,0
LN107569,2023-11,0
LN100684,2023-03,0
LN105915,2023-07,0
LN105512,2025-05,0
LN105395,2025-03,1
LN100969,2022-07,0
LN102911,2024-12,0
LN102444,2025-02,1
LN105395,2021-11,0
LN100147,2023-05,1
LN103946,2024-10,1
LN105654,2023-05,0
LN104829,2025-03,0
LN102634,2021-10,0
LN103257,2023-05,0
LN108077,2024-08,0
LN102117,2024-08,0
LN101530,2025-02,0
LN104751,2022-01,0
LN101737,2022-10,1
LN101344,2022-02,0
LN108938,2024-09,0
LN103527,2022-03,0
LN100449,2023-05,1
LN100807,2023-06,1
LN100402,2025-09,1
LN108299,2025-10,1
LN101285,2023-04,0
LN104126,2021-08,0
LN101363,2024-10,1
LN107723,2023-11,0
LN108926,2022-03,0
LN101589,2024-08,0
LN108775,2025-02,1
LN101769,2024-10,1
LN103426,2024-09,0
LN105694,2024-01,0
LN105309,2024-11,1
LN105512,2025-06,1
LN106298,2025-08,1
LN103361,2025-10,0
LN101516,2023-11,0
LN105913,2024-09,0
LN104557,2025-07,0
LN108988,2023-07,0
LN105031,2024-08,0
LN102657,2025-11,0
LN101299,2022-02,0
LN104867,2023-11,1
LN102767,2025-06,0
LN101351,2025-09,0
LN106463,2022-11,0
LN105132,2023-11,0
LN108350,2025-06,0
LN108373,2022-03,1
LN104703,2024-07,0
LN101226,2025-10,1
LN102869,2023-05,1
LN104803,2024-09,0
LN108682,2022-08,0
LN107113,2023-08,0
LN107036,2023-05,1
LN104877,2023-01,1
LN104005,2025-02,0
LN107007,2025-02,1
LN105481,2023-08,0
LN101385,2025-07,1
LN102263,2024-06,1
LN106042,2025-02,0
LN104025,2022-12,0
LN103661,2025-01,0
LN102967,2025-07,0
LN108278,2022-12,1
LN108410,2024-12,0
LN104814,2024-04,0
LN108205,2024-04,0
LN100263,2025-07,0
LN106663,2023-01,1
LN100264,2025-05,0
LN103957,2025-11,0
LN108344,2025-10,1
LN103661,2024-11,0
LN106897,2024-12,1
LN103046,2025-08,0
LN105023,2023-06,1
LN101393,2024-03,1
LN108176,2023-07,0
LN107985,2023-06,1
LN103234,2024-12,0
LN107417,2025-09,1
LN101923,2023-04,0
LN103870,2022-10,0
LN104436,2025-03,0
LN103796,2025-12,0
LN104981,2025-10,0
LN108348,2025-04,1
LN106735,2024-11,0
LN108898,2024-01,0
LN107491,2024-08,1
LN103474,2023-08,0
LN107345,2025-09,0
LN101424,2025-11,0
LN102486,2023-04,1
LN105952,2024-08,0
LN104233,2024-11,0
LN107090,2025-02,0
LN103201,2025-08,0
LN105601,2025-03,0
LN104157,2025-07,1
LN105145,2025-08,1
LN105910,2023-01,0
LN108202,2024-09,0
LN100317,2025-12,0
LN101617,2025-03,0
LN100916,2024-10,0
LN100668,2025-01,0
LN107948,2025-10,0
LN104792,2024-11,0
LN105815,2023-12,0
LN102756,2025-04,0
LN102337,2025-12,0
LN102663,2025-07,1
LN103188,2021-11,0
LN108333,2023-05,0
LN104845,2024-08,0
LN105977,2023-07,1
LN105896,2024-04,1
LN101348,2025-12,0
LN108984,2025-02,0
LN102217,2024-12,0
LN108625,2025-09,0
LN105465,2023-09,0
LN105362,2023-09,1
LN101955,2025-08,0
LN107708,2025-09,0
LN104416,2023-06,1
LN105564,2024-01,1
LN101104,2024-06,1
LN104164,2024-04,1
LN102932,2024-12,1
LN105678,2024-10,0
LN104198,2024-12,0
LN104570,2025-11,0
LN105372,2025-12,0
LN103288,2023-05,1
LN104494,2025-05,0
LN107520,2022-02,1
LN103535,2023-06,0
LN107852,2025-12,1
LN100730,2025-06,0
LN108539,2024-03,0
LN105677,2022-11,0
LN107827,2025-03,0
LN106600,2024-11,0
LN107464,2025-12,1
LN107307,2022-06,0
LN102473,2024-03,0
LN102036,2024-12,0
LN105434,2024-02,0
LN108118,2023-03,0
LN106035,2022-05,0
LN101789,2025-04,0
LN107465,2024-08,0
LN104167,2023-07,0
LN104246,2023-03,0
LN100488,2024-04,0
LN100055,2022-06,0
LN100947,2021-12,0
LN102917,2024-12,0
LN108770,2023-12,0
LN108306,2023-08,0
LN103728,2025-10,0
LN105388,2024-02,0
LN102700,2024-09,1
LN100200,2023-01,0
LN106908,2024-06,0
LN103894,2023-08,0
LN108304,2024-06,0
LN101885,2023-01,0
LN103317,2024-10,1
LN103118,2025-01,1
LN107105,2023-04,0
LN104769,2023-09,1
LN108025,2025-03,1
LN101579,2024-09,1
LN103470,2023-07,0
LN108471,2022-09,0
LN106611,2023-11,0
LN101621,2024-09,0
LN105514,2023-10,0
LN105038,2025-04,1
LN100409,2022-02,1
LN101706,2025-04,1
LN106746,2024-12,0
LN105644,2024-10,1
LN108456,2025-09,0
LN100171,2023-06,0
LN106520,2024-08,1
LN108079,2024-10,0
LN105638,2023-05,1
LN107657,2024-11,0
LN101068,2024-08,0
LN105896,2025-05,1
LN105611,2022-09,0
LN108248,2023-10,0
LN103949,2024-08,0
LN103950,2024-06,1
LN104891,2023-12,1
LN104531,2022-06,1
LN108295,2025-11,0
LN104554,2025-07,0
LN108455,2022-10,0
LN100744,2024-05,1
LN100026,2023-12,1
LN100528,2025-06,0
LN103627,2023-01,0
LN106527,2024-08,1
LN108675,2024-04,1
LN100293,2024-09,1
LN104991,2024-06,0
LN101186,2025-02,0
LN100261,2024-11,1
LN102970,2024-05,0
LN104811,2023-10,0
LN100095,2024-02,0
LN105343,2023-07,0
LN104869,2024-09,0
LN103132,2025-07,0
LN100919,2024-01,1
LN103562,2025-05,1
LN100923,2022-11,0
LN107931,2022-05,1
LN104133,2025-01,0
LN105178,2023-05,0
LN103358,2024-04,0
LN108200,2023-08,0
LN104286,2025-08,0
LN101891,2023-04,0
LN104852,2025-05,0
LN104284,2025-07,0
LN103978,2025-12,1
LN105111,2024-06,0
LN103038,2024-01,0
LN103620,2025-10,0
LN106533,2022-07,0
LN100883,2025-08,1
LN104322,2024-11,0
LN102944,2025-11,1
LN101678,2025-03,0
LN106283,2022-07,0
LN102333,2024-12,0
LN100540,2025-11,0
LN105735,2023-06,0
LN103988,2025-11,1
LN101842,2025-02,0
LN105377,2023-07,0
LN101217,2025-11,1
LN104588,2023-12,1
LN106252,2025-09,0
LN107143,2022-01,0
LN103433,2022-09,1
LN105908,2025-11,0
LN105062,2025-08,0
LN105978,2025-05,0
LN103891,2025-09,0
LN108933,2023-10,1
LN108047,2025-07,1
LN104104,2024-10,0
LN100485,2025-03,0
LN106645,2024-09,1
LN105096,2024-11,0
LN102121,2025-02,0
LN105048,2025-11,0
LN108389,2025-07,0
LN104668,2024-04,1
LN104512,2024-02,0
LN107966,2023-03,1
LN106070,2023-09,0
LN106801,2024-01,1
LN105869,2023-11,0
LN105993,2024-04,1
LN106916,2025-09,1
LN108816,2024-11,0
LN101850,2023-06,1
LN102811,2023-05,0
LN105049,2025-06,0
LN101177,2025-05,0
LN103018,2024-04,0
LN107383,2023-09,0
LN104097,2023-12,0
LN100386,2022-08,1
LN106286,2023-08,0
LN102562,2024-10,0
LN105853,2024-02,0
LN107836,2025-06,1
LN101293,2021-07,1
LN107606,2024-12,0
LN107897,2024-09,1
LN107045,2021-11,1
LN101575,2025-02,0
LN104014,2023-01,0
LN104804,2024-10,1
LN108208,2023-09,1
LN108568,2023-02,1
LN104431,2023-05,1
LN108608,2025-07,0
LN102280,2025-04,1
LN104654,2025-05,0
LN101201,2023-11,0
LN100115,2024-02,1
LN107866,2024-01,1
LN100241,2025-01,0
LN101810,2022-10,0
LN101009,2023-12,1
LN106709,2025-12,1
LN105582,2025-11,1
LN103938,2024-08,0
LN100324,2025-12,0
LN103003,2025-11,0
LN104232,2025-03,1
LN108891,2023-05,0
LN105277,2024-06,1
LN105996,2025-07,0
LN104043,2022-04,0
LN108156,2025-03,0
LN105879,2022-02,0
LN100609,2024-07,1
LN100561,2024-10,0
LN100879,2023-10,0
LN103985,2025-10,0
LN103567,2022-01,0
LN106650,2023-09,0
LN108441,2024-04,1
LN106581,2023-12,1
LN107778,2022-12,0
LN104040,2022-08,0
LN102673,2023-09,0
LN108260,2023-09,0
LN100580,2023-05,0
LN106040,2024-12,0
LN105567,2023-12,0
LN108155,2025-06,0
LN108950,2022-09,0
LN106011,2024-06,1
LN108298,2022-02,0
LN101084,2024-05,1
LN102729,2025-02,0
LN101687,2024-10,0
LN101709,2024-06,0
LN102195,2025-08,0
LN106312,2022-11,0
LN103271,2024-06,0
LN102876,2023-10,0
LN107993,2025-06,1
LN107260,2025-04,0
LN100030,2024-05,0
LN103675,2023-03,0
LN104727,2024-10,0
LN101769,2022-04,0
LN104220,2025-02,0
LN102539,2025-01,1
LN107714,2025-05,0
LN106567,2022-11,0
LN101737,2022-06,1
LN100994,2023-09,1
LN101266,2022-11,0
LN102828,2024-11,0
LN108374,2025-06,0
LN101090,2023-06,0
LN100930,2024-11,1
LN100858,2025-05,0
LN102323,2024-06,0
LN103687,2025-09,0
LN103173,2024-09,0
LN106384,2022-06,0
LN106394,2024-06,1
LN107909,2022-09,0
LN105070,2025-03,1
LN101708,2024-08,1
LN101066,2025-12,0
LN100572,2023-02,1
LN100647,2025-01,0
LN107800,2024-07,1
LN100871,2023-08,0
LN104919,2025-03,1
LN103826,2022-09,1
LN108495,2022-08,0
LN108173,2025-07,0
LN103606,2022-09,0
LN107864,2023-06,0
LN108488,2025-04,0
LN107791,2024-07,0
LN100886,2022-10,1
LN107023,2025-02,1
LN103576,2023-10,0
LN104599,2025-11,0
LN106371,2022-12,0
LN101416,2025-08,0
LN104507,2024-09,0
LN108628,2024-08,0
LN106631,2024-12,0
LN101678,2024-12,0
LN107627,2024-11,0
LN106211,2025-09,1
LN102990,2024-01,0
LN101519,2024-01,0
LN100341,2023-11,0
LN107316,2024-07,0
LN105568,2023-11,0
LN100992,2023-02,1
LN107814,2025-04,0
LN103007,2023-11,1
LN105935,2023-10,0
LN100831,2023-08,0
LN106846,2024-01,1
LN103464,2023-09,1
LN103893,2025-12,0
LN106050,2024-01,1
LN100256,2025-03,0
LN102918,2024-10,0
LN100168,2025-12,0
LN106962,2023-05,0
LN104102,2025-03,0
LN100746,2024-02,0
LN104110,2022-09,1
LN104420,2025-01,0
LN106577,2023-07,0
LN107790,2025-02,0
LN108420,2024-04,0
LN105973,2023-02,1
LN102441,2023-05,1
LN105079,2025-12,0
LN101012,2025-12,1
LN102370,2021-12,0
LN101993,2023-10,0
LN106609,2025-11,1
LN104939,2023-06,0
LN105800,2022-01,1
LN100284,2025-06,0
LN108380,2025-06,0
LN101522,2024-06,0
LN107995,2023-09,0
LN105541,2024-05,0
LN107989,2025-04,0
LN107894,2025-02,0
LN108126,2024-12,0
LN101684,2023-02,1
LN104119,2024-01,1
LN107566,2024-01,0
LN104352,2023-08,0
LN106065,2022-08,0
LN108024,2025-03,1
LN101379,2023-07,0
LN101618,2025-08,0
LN105959,2024-08,0
LN100544,2025-08,1
LN105920,2025-01,0
LN101527,2025-09,0
LN105592,2023-06,0
LN105088,2022-01,1
LN103430,2024-05,1
LN102166,2025-03,1
LN101264,2025-11,1
LN104790,2025-08,0
LN107441,2025-05,0
LN102919,2023-04,0
LN105034,2023-05,0
LN100605,2024-11,0
LN106385,2024-11,0
LN104020,2025-01,0
LN104213,2025-02,0
LN101627,2025-02,0
LN103398,2021-07,0
LN102535,2025-03,1
LN108248,2024-11,0
LN100164,2023-11,0
LN107140,2022-12,0
LN103263,2025-02,0
LN106061,2025-12,1
LN105631,2024-10,0
LN106504,2025-06,0
LN108777,2025-07,0
LN103628,2025-08,0
LN106877,2021-07,0
LN101405,2022-10,1
LN103667,2025-08,0
LN101476,2025-06,1
LN102791,2024-11,0
LN106393,2025-11,0
LN100875,2025-06,0
LN102501,2021-11,1
LN103404,2023-02,0
LN102466,2024-04,1
LN102930,2023-02,0
LN103902,2023-09,0
LN108879,2024-07,1
LN108415,2024-09,1
LN100233,2024-09,1
LN105345,2023-06,0
LN106762,2025-04,0
LN106763,2024-11,1
LN108704,2024-09,0
LN104508,2025-12,0
LN100830,2025-01,0
LN106905,2025-07,1
LN107754,2025-04,1
LN107683,2025-05,1
LN105120,2025-02,0
LN103462,2025-05,0
LN106994,2024-03,1
LN103582,2025-11,0
LN106294,2023-03,1
LN108765,2024-10,0
LN102942,2024-04,0
LN100898,2022-11,1
LN106502,2024-11,0
LN105627,2022-12,1
LN105628,2023-03,0
LN102132,2025-07,0
LN103815,2025-05,1
LN107338,2025-03,0
LN104263,2025-04,1
LN104661,2025-09,0
LN100714,2025-12,0
LN105654,2025-11,1
LN102344,2025-05,0
LN105357,2025-11,1
LN100123,2023-12,0
LN104451,2023-11,1
LN104696,2023-04,0
LN105329,2023-03,0
LN101176,2024-07,0
LN107247,2024-06,0
LN105092,2022-03,1
LN103184,2024-10,0
LN103219,2023-10,1
LN107523,2024-12,1
LN103373,2024-02,0
LN108710,2024-09,1
LN102508,2023-02,0
LN107045,2022-01,0
LN108287,2023-10,0
LN105971,2023-08,0
LN107446,2024-07,0
LN102204,2023-03,0
LN107315,2023-01,0
LN103705,2025-01,1
LN101520,2024-10,0
LN104325,2024-08,1
LN107812,2023-01,0
LN100003,2023-03,0
LN102838,2023-09,1
LN108921,2023-05,0
LN104339,2023-05,1
LN107791,2025-05,0
LN100976,2025-07,0
LN105094,2025-10,1
LN107530,2023-05,0
LN105817,2024-10,1
LN104977,2022-01,0
LN104230,2023-09,0
LN100084,2024-05,0
LN105072,2023-04,1
LN103442,2023-06,1
LN101103,2022-09,0
LN101769,2022-11,0
LN107654,2025-07,1
LN100192,2025-09,0
LN103143,2023-08,0
LN102262,2021-10,0
LN105791,2023-09,0
LN100197,2023-11,1
LN103038,2024-05,1
LN105117,2023-02,0
LN102343,2025-05,0
LN101119,2023-03,0
LN106337,2024-09,1
LN103552,2025-04,0
LN106925,2022-09,0
LN102290,2023-06,0
LN102639,2024-10,0
LN100864,2025-02,0
LN108743,2024-02,0
LN102974,2025-06,1
LN102664,2024-07,1
LN102305,2024-09,0
LN107222,2025-02,1
LN100848,2025-12,1
LN101870,2021-12,1
LN108263,2025-09,1
LN106123,2024-12,0
LN104353,2025-10,0
LN101533,2023-10,0
LN102901,2025-08,0
LN102712,2025-03,0
LN104482,2025-05,0
LN104795,2024-03,0
LN101622,2025-08,0
LN107140,2024-07,0
LN103119,2025-02,0
LN103530,2023-01,0
LN101644,2022-12,1
LN105456,2023-11,0
LN106045,2023-06,0
LN102360,2025-10,0
LN105766,2024-11,0
LN105837,2023-10,1
LN105312,2022-07,0
LN106684,2024-02,0
LN100625,2024-10,0
LN107821,2024-11,1
LN100808,2023-03,0
LN107015,2024-10,0
LN106641,2023-02,0
LN101981,2024-02,0
LN105693,2022-09,0
LN102284,2024-12,0
LN105565,2025-01,1
LN108272,2022-10,0
LN108239,2025-12,0
LN106938,2024-06,1
LN103343,2023-11,1
LN103214,2025-08,0
LN104630,2022-05,0
LN105855,2025-11,0
LN107089,2025-05,1
LN105887,2022-05,0
LN100810,2025-09,0
LN101905,2025-05,0
LN102432,2023-07,0
LN107406,2025-07,0
LN107340,2024-08,1
LN104395,2025-03,0
LN104328,2023-05,0
LN102723,2023-01,0
LN107670,2024-04,0
LN106223,2024-07,0
LN102407,2025-07,0
LN100882,2024-08,0
LN104847,2024-02,0
LN107137,2024-10,1
LN102030,2025-08,0
LN105198,2023-12,0
LN106546,2024-08,0
LN101850,2024-04,1
LN100681,2024-06,0
LN101248,2023-03,0
LN102482,2023-10,1
LN103900,2025-02,0
LN105368,2024-01,0
LN108905,2024-06,0
LN106859,2025-03,0
LN108726,2025-10,1
LN101866,2024-01,0
LN105521,2025-03,0
LN105347,2025-11,0
LN101307,2023-12,0
LN101617,2023-04,0
LN102816,2024-02,0
LN100858,2025-11,0
LN100862,2025-08,0
LN100225,2024-01,1
LN106667,2024-05,1
LN104293,2025-04,0
LN105902,2024-03,0
LN106804,2025-11,0
LN104931,2024-10,0
LN108077,2024-12,0
LN106674,2023-09,0
LN105704,2025-07,0
LN102497,2025-06,0
LN101879,2023-10,1
LN102127,2025-02,0
LN108237,2024-09,0
LN104872,2025-07,0
LN107858,2023-11,0
LN106885,2023-05,0
LN108773,2023-07,1
LN107006,2025-08,1
LN103095,2025-04,1
LN104111,2025-08,0
LN106806,2023-05,1
LN103754,2023-05,0
LN106714,2024-10,0
LN106392,2022-08,0
LN102292,2025-01,0
LN103317,2023-05,0
LN100185,2024-09,1
LN108704,2023-12,0
LN108427,2023-02,1
LN106084,2025-01,0
LN101853,2025-11,0
LN105695,2023-03,0
LN105481,2022-02,0
LN107736,2022-03,1
LN106243,2024-07,1
LN105572,2024-08,0
LN108568,2023-06,0
LN100710,2025-06,0
LN101798,2024-06,0
LN104824,2024-12,0
LN104155,2025-09,1
LN104103,2021-07,0
LN100366,2025-05,0
LN104484,2025-11,0
LN107464,2025-07,0
LN105577,2025-08,1
LN103425,2024-12,1
LN101035,2024-04,1
LN106896,2023-07,0
LN102641,2024-11,0
LN102862,2025-01,0
LN108747,2024-06,0
LN101502,2025-02,1
LN104203,2023-04,0
LN108545,2025-04,0
LN107289,2024-09,1
LN102710,2023-05,1
LN100636,2024-02,0
LN100909,2023-01,0
LN101786,2023-10,1
LN101310,2025-01,0
LN101492,2021-11,0
LN105665,2023-02,0
LN104250,2024-05,0
LN104828,2024-10,0
LN107502,2025-01,0
LN108678,2025-03,0
LN103204,2025-03,0
LN101871,2024-04,0
LN106007,2024-12,0
LN103297,2025-05,0
LN103996,2022-08,0
LN102119,2025-12,0
LN107591,2023-10,0
LN103110,2025-02,0
LN106524,2024-11,1
LN100244,2024-04,1
LN107844,2022-09,1
LN108883,2022-11,0
LN105056,2025-09,1
LN107526,2024-09,0
LN104569,2024-01,0
LN106075,2023-06,0
LN107694,2025-03,1
LN108331,2025-01,0
LN103621,2022-05,0
LN105557,2023-03,0
LN108866,2023-03,1
LN105199,2025-04,1
LN108345,2025-08,0
LN105808,2025-10,1
LN100476,2025-09,0
LN102417,2025-06,0
LN101402,2025-03,0
LN101038,2025-10,0
LN108935,2025-08,0
LN105520,2023-10,0
LN108151,2025-04,1
LN106553,2025-04,0
LN108914,2024-02,0
LN100166,2025-01,0
LN105162,2024-07,1
LN104068,2025-06,0
LN108216,2025-07,0
LN103817,2024-05,0
LN107510,2024-03,1
LN100374,2025-02,0
LN100297,2025-10,0
LN100605,2025-02,1
LN101105,2022-12,1
LN101178,2025-03,0
LN102988,2025-02,1
LN106668,2024-10,1
LN100650,2025-07,0
LN107357,2024-10,0
LN105397,2025-02,0
LN106429,2025-03,0
LN100863,2025-01,1
LN100411,2023-01,0
LN101036,2025-05,0
LN101146,2024-07,1
LN105308,2024-11,0
LN100257,2023-08,1
LN103526,2024-11,0
LN107747,2023-05,0
LN104084,2024-04,0
LN100197,2025-11,0
LN101062,2024-05,0
LN107838,2024-12,0
LN102826,2023-08,1
LN102188,2025-12,1
LN100738,2025-06,0
LN106086,2023-08,1
LN105103,2023-05,0
LN108755,2022-12,0
LN108773,2023-04,0
LN102929,2023-10,0
LN103146,2024-02,0
LN105219,2024-12,0
LN102328,2025-12,0
LN108681,2023-12,0
LN105340,2023-06,1
LN102853,2024-08,0
LN107135,2025-02,1
LN105009,2025-10,0
LN107482,2024-01,1
LN104623,2022-09,0
LN104641,2024-11,0
LN103319,2022-07,1
LN104539,2025-07,0
LN107964,2021-09,0
LN103124,2023-06,0
LN100690,2025-02,0
LN101755,2024-06,0
LN106463,2023-07,0
LN102088,2023-11,0
LN104728,2023-07,0
LN106962,2024-02,0
LN101937,2025-07,1
LN100120,2025-06,1
LN105180,2024-09,0
LN104387,2025-03,0
LN104091,2022-08,1
LN105583,2022-07,0
LN100108,2024-12,0
LN101045,2022-08,1
LN104337,2024-07,0
LN104027,2024-10,1
LN101753,2025-03,0
LN108081,2025-01,0
LN108004,2025-11,0
LN105097,2025-04,0
LN107634,2022-09,1
LN102434,2023-05,0
LN106377,2023-02,0
LN108854,2025-10,1
LN104466,2025-12,0
LN100730,2024-06,1
LN102834,2025-10,1
LN106474,2022-11,0
LN103912,2025-06,0
LN100835,2024-06,0
LN108373,2023-07,0
LN104960,2024-06,1
LN100886,2024-04,1
LN105974,2024-11,0
LN107353,2025-12,0
LN102853,2025-08,0
LN104695,2024-07,1
LN104979,2025-09,1
LN107748,2024-09,0
LN105438,2023-06,1
LN105432,2024-07,0
LN105508,2023-08,1
LN107804,2024-03,0
LN105481,2022-04,0
LN102589,2022-10,1
LN101799,2024-05,0
LN108503,2022-06,1
LN102903,2024-09,0
LN103230,2025-10,1
LN100093,2024-11,1
LN100571,2023-06,0
LN108490,2023-04,0
LN103612,2023-08,0
LN102158,2024-11,0
LN107874,2022-08,1
LN100892,2024-10,1
LN105431,2023-07,0
LN102762,2023-04,1
LN106607,2025-12,1
LN104926,2022-11,0
LN105384,2022-05,1
LN105688,2024-10,1
LN101122,2022-06,1
LN105987,2024-06,1
LN108842,2024-01,0
LN103104,2025-03,0
LN108516,2023-06,0
LN106796,2023-03,1
LN103373,2025-08,1
LN102415,2025-10,0
LN101463,2024-12,0
LN108192,2024-04,0
LN106087,2023-08,0
LN103275,2025-11,1
LN102186,2024-11,0
LN100163,2025-07,0
LN104677,2025-05,0
LN101620,2023-08,1
LN103800,2025-06,0
LN103974,2025-01,0
LN104939,2024-02,1
LN105801,2025-06,0
LN104671,2024-03,1
LN105879,2022-09,1
LN103391,2025-10,1
LN106180,2023-04,1
LN108027,2023-01,1
LN100263,2024-12,0
LN107835,2023-10,1
LN104772,2023-06,0
LN100586,2025-11,0
LN107387,2025-12,0
LN108086,2024-03,0
LN101846,2024-08,0
LN104342,2024-06,1
LN102056,2025-01,0
LN106667,2024-01,0
LN100535,2023-06,1
LN105951,2025-10,0
LN102032,2022-09,0
LN103310,2023-10,1
LN104728,2024-04,0
LN106339,2025-12,0
LN107334,2022-12,0
LN103217,2025-03,0
LN105155,2025-10,1
LN103051,2023-07,1
LN104623,2022-06,0
LN105513,2025-02,0
LN103490,2023-03,0
LN107260,2025-09,0
LN107864,2024-12,0
LN103027,2024-06,0
LN105590,2022-06,0
LN100980,2023-08,0
LN104168,2025-07,1
LN102478,2025-10,0
LN103874,2024-07,1
LN107297,2022-10,0
LN101140,2025-10,0
LN104774,2022-07,1
LN106665,2022-09,0
LN108161,2025-02,1
LN108004,2025-02,1
LN100562,2025-02,1
LN106753,2024-06,1
LN102673,2025-12,0
LN101818,2022-11,0
LN106315,2025-05,1
LN103650,2023-08,0
LN101919,2023-06,0
LN100696,2024-07,1
LN107947,2023-09,0
LN101666,2025-04,0
LN102811,2025-12,0
LN100459,2025-04,0
LN103560,2023-07,0
LN106487,2022-12,1
LN100476,2025-05,1
LN100518,2025-10,1
LN106232,2024-03,1
LN103993,2023-12,1
LN107155,2022-08,1
LN107811,2024-04,0
LN102088,2025-12,0
LN105468,2023-08,0
LN101844,2025-06,1
LN101175,2025-04,1
LN104772,2022-12,1
LN105515,2024-08,0
LN106907,2023-08,0
LN105994,2023-11,0
LN107376,2025-04,0
LN108397,2025-04,1
LN108883,2023-09,0
LN101852,2023-10,1
LN100351,2023-04,0
LN103314,2023-05,1
LN102081,2022-02,0
LN102032,2023-07,0
LN101816,2022-10,0
LN107482,2025-03,0
LN108929,2023-05,0
LN102761,2024-01,0
LN103781,2022-11,1
LN100139,2025-12,1
LN102047,2025-12,0
LN108507,2023-05,0
LN106564,2025-07,0
LN105257,2022-12,1
LN105655,2025-04,0
LN108555,2024-06,1
LN103606,2023-05,0
LN103896,2023-11,1
LN104324,2025-03,1
LN102216,2023-02,1
LN108154,2025-03,0
LN105604,2025-02,1
LN100241,2025-06,1
LN100345,2023-07,1
LN103199,2025-12,0
LN101077,2022-06,1
LN104696,2022-07,0
LN100008,2022-11,0
LN104686,2025-11,0
LN102810,2023-08,1
LN104553,2025-11,0
LN101943,2023-07,1
LN101631,2025-10,1
LN102951,2025-06,0
LN105496,2025-12,1
LN105083,2025-03,0
LN100299,2025-01,1
LN103792,2023-11,0
LN105052,2024-12,0
LN103160,2022-06,0
LN102186,2022-09,1
LN107719,2023-08,0
LN108314,2024-06,0
LN107983,2025-07,0
LN108424,2025-11,0
LN108269,2024-05,0
LN106770,2024-05,0
LN103982,2024-09,0
LN104628,2025-09,1
LN106826,2024-06,0
LN103403,2025-03,1
LN103074,2024-04,1
LN102804,2022-07,0
LN108173,2024-06,0
LN108476,2024-09,0
LN108748,2025-03,0
LN104411,2024-09,0
LN105809,2023-02,0
LN104433,2024-03,0
LN108407,2023-10,0
LN100173,2024-09,0
LN107603,2023-11,0
LN105977,2024-01,0
LN101402,2023-12,0
LN107687,2025-01,0
LN103118,2022-03,1
LN105779,2025-11,0
LN104490,2025-01,0
LN102950,2022-04,0
LN104833,2025-05,0
LN106944,2024-11,0
LN100660,2023-10,0
LN104460,2022-02,1
LN102979,2025-05,0
LN105951,2024-12,0
LN107736,2022-12,0
LN103523,2022-04,0
LN107741,2023-11,0
LN101195,2023-12,1
LN100370,2023-08,0
LN103145,2024-02,1
LN102042,2025-04,0
LN100379,2024-04,0
LN105548,2024-04,0
LN100493,2024-03,1
LN104532,2025-03,0
LN104428,2024-11,0
LN107235,2024-12,1
LN107124,2021-11,1
LN107288,2023-06,0
LN107168,2024-05,1
LN107260,2024-11,0
LN107933,2023-05,1
LN107304,2025-12,0
LN102983,2025-05,0
LN101930,2025-10,0
LN103708,2024-10,0
LN101967,2023-06,0
LN105469,2025-06,0
LN103245,2024-07,0
LN100279,2025-04,0
LN106581,2023-09,0
LN107345,2025-01,0
LN104870,2024-05,0
LN100229,2022-11,1
LN103280,2024-11,1
LN105410,2024-02,1
LN101522,2025-01,1
LN100522,2022-08,1
LN101428,2024-12,0
LN100430,2024-02,0
LN107640,2024-02,0
LN107092,2023-10,0
LN107504,2025-08,0
LN107363,2024-11,0
LN106035,2023-09,0
LN104942,2024-11,0
LN103741,2025-07,0
LN106715,2025-01,0
LN107392,2025-10,0
LN102247,2022-04,0
LN100249,2024-11,0
LN106551,2024-11,0
LN103044,2024-03,0
LN100479,2022-03,1
LN107361,2024-08,0
LN101238,2025-12,1
LN103192,2025-04,0
LN107114,2023-05,0
LN106560,2024-04,0
LN107751,2025-09,0
LN100726,2024-05,1
LN100064,2023-01,1
LN101432,2024-06,0
LN104343,2025-03,0
LN106392,2022-05,0
LN100522,2022-09,1
LN105575,2024-11,0
LN102770,2024-07,0
LN102175,2024-10,0
LN108327,2024-08,0
LN100647,2024-04,1
LN107700,2025-09,0
LN100182,2025-12,0
LN100296,2025-05,0
LN102105,2022-08,1
LN106184,2024-03,1
LN101455,2024-05,1
LN108624,2023-02,1
LN100242,2025-04,1
LN104667,2024-10,0
LN107410,2022-05,0
LN106898,2025-01,1
LN101199,2024-12,1
LN104350,2024-05,0
LN108182,2025-11,0
LN100233,2025-11,0
LN105260,2025-01,0
LN107558,2022-04,1
LN108646,2025-07,1
LN103835,2024-06,0
LN103910,2024-06,0
LN102978,2022-09,1
LN101636,2024-09,1
LN103159,2025-12,1
LN100650,2023-12,0
LN105492,2023-11,0
LN104335,2024-09,0
LN100287,2024-09,1
LN102932,2025-05,0
LN103010,2024-03,0
LN107817,2023-09,0
LN104201,2025-08,1
LN100875,2023-09,0
LN100414,2025-11,0
LN101600,2023-05,0
LN101856,2023-11,0
LN105193,2024-08,0
LN104002,2025-02,1
LN102792,2024-01,0
LN100541,2022-09,0
LN106851,2024-01,0
LN102516,2024-03,0
LN102873,2022-12,0
LN106596,2025-06,0
LN102232,2025-05,1
LN103668,2024-07,1
LN103930,2024-10,0
LN102774,2025-02,0
LN103287,2022-05,1
LN107758,2025-03,0
LN103243,2023-10,1
LN103591,2023-05,0
LN105914,2025-05,0
LN101296,2022-07,0
LN106192,2024-07,0
LN106337,2022-11,0
LN102504,2023-05,0
LN102929,2024-01,0
LN103086,2023-09,1
LN103736,2024-06,1
LN105058,2022-06,1
LN108457,2025-02,1
LN103978,2024-08,0
LN100939,2025-07,0
LN106937,2023-03,1
LN107382,2023-06,0
LN106100,2023-01,0
LN106395,2021-12,0
LN102370,2021-10,0
LN102662,2024-02,1
LN105486,2024-10,0
LN108805,2025-07,1
LN103195,2022-08,1
LN107991,2022-06,0
LN105350,2023-11,0
LN105583,2024-07,0
LN108201,2024-11,1
LN102052,2025-06,0
LN108120,2023-06,1
LN107644,2023-02,0
LN101951,2024-07,1
LN104047,2022-05,0
LN108025,2025-11,0
LN107924,2023-05,1
LN106099,2025-06,0
LN108435,2021-11,1
LN102071,2024-06,0
LN100546,2024-11,0
LN102335,2024-04,1
LN101808,2023-06,0
LN100786,2023-01,0
LN105319,2022-06,0
LN108934,2024-04,0
LN108214,2024-07,1
LN108024,2024-02,0
LN107263,2024-12,0
LN103831,2025-06,0
LN108035,2024-10,1
LN102069,2022-12,0
LN105285,2023-11,0
LN101658,2024-06,0
LN104401,2024-09,0
LN100376,2025-08,0
LN107488,2025-10,0
LN105219,2025-07,1
LN101577,2024-09,0
LN102840,2023-10,1
LN107345,2022-09,0
LN105102,2023-11,0
LN105973,2023-03,0
LN106779,2023-02,0
LN103521,2025-02,0
LN104280,2023-11,0
LN101703,2024-03,1
LN107111,2025-05,0
LN106563,2025-03,1
LN101431,2025-02,0
LN105038,2025-01,0
LN103963,2025-07,0
LN105455,2025-05,0
LN101330,2024-02,0
LN101640,2024-05,1
LN106892,2024-08,1
LN108733,2023-09,1
LN106280,2025-04,0
LN102193,2025-03,0
LN100745,2023-01,0
LN108780,2024-12,1
LN102007,2024-06,1
LN108108,2024-04,0
LN103303,2025-07,0
LN105660,2023-09,1
LN106230,2023-12,1
LN103296,2023-05,0
LN104867,2023-10,0
LN106321,2024-12,1
LN101615,2023-03,0
LN101901,2024-08,0
LN106246,2024-09,1
LN106415,2023-08,0
LN106262,2022-11,1
LN103069,2023-06,1
LN100726,2024-07,1
LN101608,2023-03,0
LN108844,2024-05,0
LN102112,2024-09,1
LN108968,2023-01,1
LN102777,2025-10,1
LN108108,2024-08,0
LN108789,2023-01,0
LN101525,2022-10,1
LN100688,2025-07,0
LN107013,2025-10,0
LN105574,2024-11,0
LN107584,2023-11,0
LN102850,2023-12,0
LN108567,2022-04,0
LN104463,2024-01,1
LN100340,2025-02,0
LN103812,2024-01,1
LN107745,2022-09,0
LN105294,2025-11,0
LN101984,2023-12,0
LN108783,2024-10,0
LN103349,2025-03,0
LN104480,2025-06,0
LN106024,2023-11,0
LN101317,2025-08,1
LN106874,2023-11,0
LN106639,2023-10,0
LN101013,2025-12,0
LN102093,2023-03,0
LN104582,2024-08,0
LN106164,2023-09,0
LN107246,2025-11,1
LN101595,2025-02,0
LN104425,2025-10,0
LN102126,2023-09,0
LN105374,2024-03,0
LN102206,2025-10,0
LN105258,2025-06,1
LN102540,2025-01,0
LN104698,2023-10,0
LN107366,2025-08,1
LN104378,2022-01,1
LN108310,2024-07,0
LN101166,2025-06,0
LN105583,2022-05,0
LN100722,2025-04,1
LN103976,2025-04,0
LN107754,2022-03,0
LN106801,2024-05,0
LN104779,2024-03,0
LN105662,2025-06,0
LN100315,2024-09,0
LN108184,2025-09,1
LN105831,2025-08,1
LN104671,2025-09,0
LN108649,2023-09,0
LN103690,2023-08,1
LN101130,2023-01,1
LN100940,2024-07,1
LN102804,2023-12,0
LN105010,2025-01,0
LN101715,2025-05,0
LN107981,2025-03,0
LN105590,2025-10,0
LN100595,2025-06,0
LN100026,2023-06,0
LN101837,2023-01,0
LN105222,2024-10,1
LN106467,2021-11,1
LN101845,2023-09,0
LN104098,2025-07,1
LN104043,2024-08,0
LN101509,2024-06,1
LN100658,2022-09,0
LN102329,2025-01,0
LN104336,2024-05,0
LN107362,2023-02,0
LN106027,2024-01,0
LN105382,2023-06,1
LN108583,2025-10,0
LN105366,2022-04,0
LN101676,2025-02,0
LN102812,2024-06,0
LN103445,2024-10,0
LN102995,2025-07,0
LN104248,2025-11,1
LN100368,2021-07,0
LN102734,2023-02,0
LN107938,2025-03,1
LN101501,2024-01,0
LN100831,2025-01,1
LN106148,2025-12,0
LN108628,2024-04,0
LN106518,2024-09,0
LN102678,2023-09,1
LN106031,2025-01,0
LN105311,2025-05,1
LN104847,2023-01,0
LN106374,2022-07,0
LN100026,2022-11,0
LN104357,2022-05,0
LN104775,2022-12,1
LN107611,2023-08,1
LN104137,2025-07,0
LN101633,2024-07,1
LN100820,2024-02,0
LN105126,2023-08,0
LN105327,2023-03,0
LN104142,2025-04,0
LN101522,2022-08,1
LN102909,2023-08,1
LN102329,2025-12,0
LN108955,2024-08,0
LN107758,2025-02,0
LN108790,2025-02,0
LN108625,2022-11,0
LN108750,2025-01,1
LN104894,2025-04,0
LN105825,2023-06,0
LN101962,2024-08,0
LN105234,2024-12,0
LN104220,2022-05,1
LN102424,2023-10,0
LN103031,2023-09,1
LN104226,2023-06,0
LN103843,2023-03,0
LN102192,2024-03,0
LN101216,2025-04,1
LN103665,2024-07,0
LN105717,2025-01,0
LN100500,2022-08,1
LN101505,2025-04,0
LN105990,2022-03,0
LN107579,2025-01,1
LN104000,2023-04,0
LN106319,2023-02,0
LN103190,2021-10,1
LN100306,2023-03,0
LN105171,2024-03,0
LN103922,2024-06,0
LN104527,2025-12,0
LN104340,2022-11,0
LN100985,2023-12,0
LN101850,2022-01,0
LN105654,2022-11,1
LN105225,2025-01,1
LN105741,2025-10,0
LN105085,2023-11,0
LN105463,2024-04,0
LN107089,2022-08,0
LN108816,2024-04,1
LN103739,2025-04,0
LN100068,2022-02,0
LN108079,2025-10,0
LN106769,2024-10,1
LN101805,2023-02,0
LN105690,2023-05,1
LN108397,2022-06,1
LN101032,2025-12,1
LN105956,2025-05,1
LN100472,2025-10,1
LN101342,2023-01,0
LN108304,2024-02,1
LN104166,2024-12,0
LN105589,2024-06,0
LN102070,2022-06,0
LN104398,2022-08,0
LN108846,2025-01,1
LN100121,2025-09,0
LN104649,2023-01,1
LN103653,2024-10,0
LN102513,2025-05,1
LN102184,2024-01,0
LN103692,2025-04,1
LN105073,2025-08,0
LN101325,2022-03,1
LN102936,2025-04,0
LN107189,2021-08,0
LN101060,2025-02,0
LN101938,2025-01,1
LN108172,2022-08,1
LN108408,2021-08,0
LN102718,2024-10,0
LN105270,2024-06,1
LN100927,2024-08,0
LN100425,2022-05,1
LN101403,2025-08,0
LN106627,2025-03,0
LN103252,2024-09,0
LN105475,2025-09,1
LN105436,2023-06,0
LN104799,2025-08,0
LN104224,2025-06,1
LN103203,2025-10,0
LN106694,2022-06,1
LN107399,2023-09,1
LN108736,2025-10,0
LN106948,2024-07,1
LN100662,2022-09,0
LN106132,2025-07,0
LN107369,2022-12,1
LN104058,2025-01,0
LN102791,2024-01,0
LN101878,2024-05,0
LN102528,2024-07,0
LN107045,2024-04,0
LN101478,2025-08,0
LN106806,2024-07,0
LN108623,2025-12,0
LN106863,2024-10,1
LN102189,2024-11,0
LN103095,2025-06,0
LN106915,2025-03,0
LN106095,2025-09,1
LN102195,2024-05,0
LN106660,2023-01,1
LN105230,2022-10,1
LN107080,2024-03,0
LN106321,2025-01,0
LN103726,2022-07,0
LN108601,2023-07,0
LN106742,2025-04,1
LN108796,2023-10,0
LN101408,2025-06,0
LN100718,2023-10,0
LN103481,2023-02,0
LN100984,2023-12,1
LN102082,2023-04,0
LN107708,2023-12,0
LN108331,2025-04,1
LN102241,2024-10,0
LN106297,2024-09,0
LN105935,2024-12,1
LN108141,2023-04,0
LN108599,2024-04,0
LN105158,2023-01,0
LN106984,2024-11,0
LN103667,2023-02,0
LN106694,2024-05,1
LN108327,2023-12,0
LN100847,2024-02,0
LN104754,2024-02,0
LN104431,2022-09,1
LN101586,2024-07,1
LN101159,2023-04,0
LN107159,2025-02,0
LN101318,2025-03,1
LN100109,2024-01,0
LN106246,2025-09,1
LN102638,2022-01,0
LN106776,2024-10,1
LN107090,2023-10,0
LN103653,2023-07,1
LN104818,2023-10,0
LN100146,2021-10,0
LN108681,2023-03,0
LN104240,2023-08,0
LN104693,2025-11,1
LN105822,2025-07,1
LN105650,2024-12,1
LN106608,2024-06,1
LN103212,2024-10,1
LN104762,2022-06,0
LN105781,2022-03,1
LN104460,2024-07,0
LN101666,2024-11,0
LN102795,2025-01,0
LN100278,2025-08,0
LN107245,2024-01,0
LN102971,2023-03,0
LN105233,2024-09,0
LN103227,2025-08,0
LN105370,2025-02,0
LN105114,2025-01,1
LN103324,2023-05,0
LN100143,2023-06,1
LN105275,2022-09,0
LN107987,2024-08,0
LN108302,2025-03,1
LN106197,2022-06,0
LN105791,2025-02,0
LN104979,2023-10,0
LN101468,2025-10,0
LN102426,2022-12,1
LN107042,2025-08,0
LN105545,2025-08,0
LN103640,2025-05,0
LN102062,2025-12,1
LN101822,2024-10,0
LN104619,2025-06,0
LN106919,2024-10,1
LN100056,2024-07,0
LN100989,2024-10,0
LN103949,2023-07,0
LN108413,2023-08,1
LN102197,2025-08,0
LN103569,2025-07,0
LN103210,2025-12,1
LN101871,2023-05,0
LN102449,2023-12,0
LN102448,2025-03,1
LN106954,2025-04,1
LN104300,2023-03,1
LN105296,2024-12,0
LN105929,2024-12,1
LN104524,2025-01,0
LN108029,2024-06,0
LN105430,2024-11,1
LN108086,2024-06,0
LN103879,2023-06,1
LN102170,2023-03,0
LN105131,2024-05,0
LN105977,2023-11,1
LN104854,2025-02,0
LN100955,2024-03,0
LN105499,2022-06,0
LN104872,2022-10,1
LN100586,2025-12,0
LN102050,2024-01,0
LN106336,2023-07,0
LN105880,2024-09,0
LN102764,2022-04,0
LN101682,2024-05,0
LN107940,2024-02,1
LN106104,2025-11,0
LN101951,2024-08,1
LN100537,2021-12,0
LN108091,2024-04,0
LN108669,2024-09,0
LN105611,2024-04,1
LN101150,2025-02,1
LN104112,2025-03,0
LN104723,2025-03,1
LN106658,2025-09,1
LN102018,2024-01,0
LN102820,2023-12,0
LN101127,2024-01,0
LN108358,2025-02,0
LN106081,2024-07,1
LN107830,2025-11,1
LN104961,2025-01,0
LN105916,2025-05,0
LN101896,2023-08,0
LN101853,2024-05,0
LN101223,2024-09,1
LN107443,2024-08,1
LN102317,2023-11,0
LN105424,2023-03,0
LN105094,2024-04,0
LN102855,2022-08,0
LN108466,2024-04,0
LN107466,2025-11,0
LN104865,2024-03,0
LN102199,2023-03,0
LN106753,2023-11,0
LN100702,2022-04,0
LN107045,2022-07,0
LN103307,2023-05,0
LN105552,2024-06,1
LN100233,2024-04,0
LN102803,2023-08,0
LN102707,2024-11,0
LN108214,2021-11,1
LN105178,2023-09,0
LN103273,2024-07,0
LN101652,2024-01,1
LN103426,2024-10,0
LN102930,2023-01,0
LN106866,2024-07,0
LN106519,2025-08,0
LN103713,2024-01,0
LN101525,2024-12,0
LN106815,2024-11,0
LN106204,2022-07,1
LN103705,2023-08,0
LN103031,2024-05,0
LN106574,2025-04,1
LN103479,2025-12,1
LN105506,2022-02,0
LN100283,2025-11,1
LN102816,2025-03,0
LN106044,2024-02,1
LN100074,2024-12,0
LN105566,2023-03,1
LN104745,2024-03,1
LN103164,2022-01,0
LN108102,2022-11,0
LN105546,2022-01,1
LN105555,2024-11,0
LN103534,2022-01,1
LN106293,2025-08,0
LN105102,2025-02,1
LN108552,2023-10,0
LN101654,2023-03,1
LN107543,2025-09,0
LN103860,2023-12,0
LN108743,2022-11,0
LN101800,2021-09,0
LN108108,2025-09,0
LN108342,2022-11,1
LN103263,2025-06,1
LN103721,2024-11,0
LN108943,2024-01,0
LN103939,2024-01,0
LN108123,2024-02,0
LN107961,2022-02,1
LN101542,2025-12,0
LN101671,2023-09,0
LN106680,2022-05,1
LN108499,2024-10,1
LN102528,2023-07,1
LN104856,2025-03,0
LN100143,2025-10,1
LN101084,2025-05,0
LN101890,2024-06,1
LN105206,2023-12,0
LN108746,2024-07,0
LN103271,2023-06,1
LN100616,2024-05,0
LN102028,2024-11,0
LN106292,2025-08,0
LN102263,2023-07,1
LN106966,2025-07,0
LN103608,2024-04,1
LN101136,2024-12,1
LN108825,2024-02,0
LN106307,2023-07,1
LN100179,2023-08,0
LN102258,2025-04,0
LN105032,2025-02,1
LN107479,2023-10,1
LN105455,2024-04,1
LN103347,2024-03,0
LN107913,2025-09,0
LN103046,2025-03,0
LN105033,2022-01,0
LN108139,2023-11,1
LN101395,2025-03,0
LN104387,2025-11,0
LN107495,2025-04,0
LN103993,2022-11,0
LN107908,2024-07,1
LN103564,2025-02,1
LN108700,2024-02,1
LN108707,2022-05,1
LN105151,2023-12,0
LN105431,2023-06,0
LN100831,2023-07,0
LN104091,2022-01,1
LN106621,2025-05,0
LN107834,2025-08,0
LN103796,2025-08,0
LN106449,2024-05,0
LN102993,2024-10,1
LN104372,2023-10,0
LN100898,2023-02,1
LN108021,2025-08,0
LN107140,2024-02,1
LN101108,2025-02,0
LN106709,2023-05,1
LN104779,2021-11,1
LN102332,2025-08,0
LN106525,2023-03,0
LN100714,2025-06,0
LN107757,2023-09,0
LN105361,2025-04,0
LN103458,2025-01,0
LN104139,2024-12,1
LN100548,2023-10,0
LN103147,2024-07,0
LN107601,2024-06,0
LN105036,2024-09,1
LN100780,2025-03,1
LN105034,2024-08,1
LN103689,2024-07,1
LN101449,2022-11,0
LN107229,2025-05,0
LN106534,2025-06,1
LN102074,2025-02,0
LN102177,2024-11,0
LN106280,2025-05,1
LN106148,2024-03,1
LN102518,2022-06,0
LN100494,2023-05,0
LN101606,2022-06,0
LN100706,2022-08,0
LN108229,2024-06,0
LN104234,2025-11,0
LN108238,2023-08,0
LN106554,2023-11,0
LN101652,2023-04,0
LN106618,2023-08,0
LN108659,2025-08,0
LN104631,2025-03,0
LN105859,2025-08,0
LN103079,2023-01,1
LN103951,2025-11,0
LN102436,2025-01,1
LN102296,2025-04,1
LN105912,2024-08,0
LN101991,2025-09,0
LN108950,2024-06,1
LN103972,2023-12,0
LN104733,2022-08,0
LN107909,2021-09,0
LN105532,2023-06,1
LN101729,2022-03,0
LN108883,2023-01,0
LN102055,2023-12,1
LN103330,2025-01,0
LN105706,2023-07,0
LN105241,2025-03,0
LN100238,2022-08,0
LN103153,2025-12,0
LN108376,2022-05,0
LN108955,2024-02,1
LN107623,2022-09,0
LN104261,2024-01,1
LN101424,2024-09,0
LN108913,2022-10,0
LN103621,2022-04,0
LN102559,2023-07,0
LN101911,2025-04,0
LN100305,2025-11,0
LN103490,2025-03,0
LN105377,2023-03,0
LN102053,2025-05,0
LN108495,2025-02,0
LN105232,2025-07,1
LN102806,2023-04,1
LN101773,2024-05,0
LN101902,2024-11,0
LN102883,2021-10,0
LN107581,2023-08,0
LN104724,2023-04,0
LN102673,2024-01,0
LN100396,2022-11,0
LN105693,2025-10,0
LN108775,2023-08,0
LN102564,2023-02,0
LN104109,2023-10,0
LN105075,2024-01,0
LN108582,2025-03,0
LN106017,2024-12,0
LN104044,2024-11,0
LN107223,2023-04,0
LN108732,2025-07,0
LN106630,2025-08,0
LN105081,2025-10,0
LN100616,2024-10,1
LN105473,2025-05,0
LN108095,2025-10,1
LN102284,2024-01,1
LN107186,2025-02,0
LN106880,2025-03,0
LN105027,2024-08,0
LN103301,2022-09,0
LN105148,2024-07,0
LN105628,2023-07,1
LN107558,2024-01,0
LN107932,2024-10,1
LN104946,2024-09,1
LN108999,2025-01,0
LN106852,2024-04,0
LN101157,2025-03,0
LN103748,2025-06,0
LN106087,2024-10,0
LN105448,2023-09,0
LN104469,2025-05,0
LN101576,2024-07,0
LN100033,2024-11,1
LN102085,2025-06,0
LN108032,2025-02,0
LN101390,2023-01,0
LN104544,2025-10,0
LN102949,2025-06,0
LN104218,2023-10,1
LN108038,2024-04,0
LN102498,2024-01,0
LN106717,2024-07,1
LN105357,2025-08,1
LN102478,2022-03,1
LN105449,2022-11,0
LN108279,2024-04,0
LN106434,2024-05,1
LN105446,2024-08,1
LN105636,2025-04,1
LN100125,2023-11,0
LN103947,2025-03,0
LN100104,2025-02,1
LN104315,2025-03,1
LN104400,2024-03,0
LN105244,2023-10,1
LN103689,2022-04,0
LN107975,2023-07,1
LN103937,2024-01,1
LN104444,2024-08,0
LN102122,2025-06,0
LN108790,2023-06,0
LN103013,2025-11,0
LN107931,2023-07,0
LN104810,2023-06,1
LN102024,2022-05,0
LN104466,2024-11,0
LN102558,2024-05,0
LN103259,2023-01,0
LN106546,2024-12,0
LN103377,2023-09,1
LN107487,2024-03,0
LN104849,2025-05,0
LN104115,2024-02,0
LN108854,2025-08,0
LN106438,2022-02,0
LN101337,2024-09,1
LN100249,2023-06,0
LN100545,2024-02,0
LN107037,2023-10,0
LN105953,2023-11,0
LN105710,2024-05,1
LN103829,2023-09,0
LN104795,2025-06,0
LN106088,2023-07,0
LN108765,2024-06,0
LN105233,2022-09,0
LN103352,2023-09,0
LN105990,2025-04,0
LN107973,2024-05,0
LN100786,2022-06,1
LN108704,2024-10,1
LN106739,2023-03,0
LN107015,2024-12,0
LN106851,2023-09,1
LN102341,2025-02,0
LN101975,2024-12,0
LN103616,2025-02,1
LN100821,2024-08,0
LN107964,2024-04,0
LN102867,2022-04,1
LN108188,2023-09,0
LN105412,2025-11,0
LN102721,2024-09,1
LN103546,2025-09,0
LN102679,2023-05,0
LN105552,2024-02,1
LN102277,2021-12,0
LN101729,2024-06,0
LN107202,2023-09,0
LN107041,2023-11,1
LN102870,2025-11,0
LN106459,2023-08,0
LN100590,2024-06,0
LN100262,2023-02,0
LN100008,2023-09,1
LN100774,2024-09,0
LN106684,2025-07,0
LN105564,2022-11,1
LN106727,2024-07,0
LN103440,2025-04,0
LN100962,2024-08,1
LN103375,2024-05,1
LN104144,2024-10,0
LN106220,2024-12,0
LN107312,2024-06,1
LN100788,2023-09,1
LN103328,2024-06,1
LN104821,2024-03,1
LN100352,2025-04,0
LN104255,2023-05,1
LN108741,2024-07,0
LN107271,2024-04,0
LN102486,2022-09,1
LN106482,2025-08,0
LN100694,2025-11,0
LN108321,2025-07,0
LN100808,2025-12,0
LN105695,2025-11,1
LN103438,2024-10,0
LN102573,2024-09,1
LN105176,2024-09,0
LN102563,2023-04,1
LN100848,2025-04,1
LN102625,2023-09,1
LN107661,2024-10,0
LN101977,2022-09,1
LN101923,2023-09,1
LN104918,2024-09,1
LN102050,2025-10,0
LN106358,2025-02,0
LN103598,2025-06,0
LN107573,2025-01,0
LN104825,2025-04,0
LN105235,2024-09,0
LN105200,2024-01,0
LN101461,2025-09,0
LN101930,2025-07,0
LN105404,2022-01,0
LN100009,2025-04,1
LN108319,2025-07,1
LN102894,2025-11,0
LN103459,2024-09,1
LN102364,2024-11,0
LN105660,2023-01,0
LN103051,2023-09,0
LN105818,2025-03,0
LN104628,2025-06,0
LN104902,2024-04,0
LN106392,2025-08,0
LN105296,2023-08,0
LN103039,2025-12,0
LN101438,2024-01,0
LN105365,2023-04,0
LN107605,2024-05,1
LN107661,2024-08,0
LN108868,2025-02,0
LN106902,2025-06,1
LN107551,2024-08,0
LN100957,2024-03,0
LN108460,2024-12,0
LN101694,2022-09,0
LN102986,2025-10,0
LN102040,2023-04,0
LN103956,2023-08,0
LN107848,2025-08,0
LN105860,2023-10,0
LN103928,2025-04,0
LN100908,2023-03,0
LN105391,2024-06,1
LN106381,2024-08,0
LN103106,2024-07,1
LN108480,2024-01,0
LN102961,2025-09,0
LN104867,2025-03,0
LN105894,2024-08,0
LN107465,2025-07,1
LN101475,2023-11,0
LN107521,2024-12,1
LN100745,2024-04,0
LN103454,2024-11,0
LN108130,2022-02,0
LN103227,2025-06,1
LN104237,2022-05,1
LN104302,2021-12,0
LN108950,2022-02,0
LN105529,2023-08,1
LN106198,2022-02,0
LN103649,2025-07,0
LN104670,2023-07,0
LN101640,2024-04,0
LN107357,2024-08,0
LN100863,2024-12,1
LN102939,2024-06,0
LN100358,2021-10,0
LN100908,2025-02,0
LN108582,2024-08,0
LN105426,2025-04,1
LN104265,2025-07,0
LN100604,2025-12,0
LN102203,2024-12,1
LN102317,2025-10,1
LN100062,2025-09,1
LN100508,2024-06,1
LN103925,2025-08,0
LN100960,2024-11,0
LN106649,2025-02,0
LN103326,2022-10,0
LN104290,2024-04,1
LN107575,2024-08,0
LN101381,2023-10,0
LN102483,2025-11,1
LN101401,2023-08,0
LN106936,2024-02,0
LN107822,2024-04,1
LN100185,2025-11,0
LN100536,2025-12,0
LN102656,2023-11,0
LN104279,2025-03,1
LN104615,2024-10,1
LN100678,2025-06,0
LN108333,2023-10,1
LN106672,2024-03,1
LN105746,2025-05,0
LN102354,2022-11,0
LN100604,2025-09,0
LN106528,2025-08,0
LN104114,2025-03,1
LN108563,2023-08,0
LN100606,2025-01,0
LN102770,2024-06,0
LN101344,2022-12,0
LN103873,2023-08,0
LN104048,2023-11,0
LN101760,2024-05,0
LN107323,2025-11,0
LN105367,2024-03,1
LN107161,2024-10,1
LN103783,2024-11,1
LN106933,2025-03,0
LN104876,2023-12,0
LN100145,2025-08,0
LN103274,2024-08,1
LN102586,2022-12,1
LN102514,2025-08,0
LN101160,2024-07,0
LN100876,2023-06,0
LN106572,2025-04,0
LN102765,2025-05,0
LN106653,2023-01,0
LN108546,2024-01,0
LN102810,2024-08,0
LN104428,2024-03,0
LN102022,2024-02,1
LN106670,2024-04,1
LN107725,2023-11,1
LN101206,2023-10,0
LN101390,2022-11,0
LN107601,2024-07,1
LN105883,2023-05,0
LN105897,2025-10,0
LN107808,2023-02,1
LN107011,2025-03,0
LN101070,2024-04,0
LN104120,2024-06,0
LN104586,2025-05,0
LN104331,2023-06,0
LN105968,2022-05,1
LN104152,2024-11,1
LN100060,2025-05,0
LN105716,2022-04,0
LN101327,2023-12,0
LN105124,2022-12,1
LN108825,2025-10,0
LN102114,2024-12,0
LN108820,2024-10,0
LN104469,2025-07,1
LN106141,2023-03,0
LN108524,2024-01,0
LN101330,2024-03,0
LN101875,2023-05,1
LN107003,2025-01,1
LN106103,2025-12,0
LN106818,2024-03,0
LN103144,2025-02,1
LN106181,2025-02,0
LN102483,2022-11,0
LN102536,2025-06,0
LN105210,2021-11,0
LN104945,2024-04,0
LN107795,2024-06,0
LN101101,2024-03,0
LN100121,2025-10,0
LN103573,2024-09,0
LN108227,2025-05,1
LN100974,2024-08,0
LN101405,2025-01,1
LN100349,2024-06,0
LN102975,2025-08,0
LN102193,2024-10,0
LN101137,2023-04,0
LN108134,2025-06,1
LN104546,2024-04,1
LN107618,2022-06,1
LN108132,2024-06,0
LN106344,2023-08,0
LN104731,2024-04,0
LN106799,2025-12,1
LN108369,2025-01,1
LN106056,2025-11,0
LN106967,2023-11,0
LN102903,2024-08,1
LN102688,2024-05,0
LN100492,2025-02,0
LN102951,2024-09,0
LN100714,2025-09,0
LN107220,2024-12,0
LN100433,2023-01,0
LN104458,2022-12,0
LN101845,2025-06,1
LN100379,2024-07,0
LN100911,2022-08,1
LN108952,2023-06,0
LN103249,2025-04,0
LN104577,2022-03,0
LN103714,2025-03,1
LN105076,2023-01,1
LN101286,2025-08,1
LN103209,2023-11,0
LN105989,2023-09,0
LN107970,2023-06,1
LN100548,2024-02,0
LN105384,2023-12,1
LN105511,2025-08,0
LN102439,2024-01,0
LN101888,2022-07,0
LN108225,2025-10,0
LN102146,2025-01,1
LN100938,2024-01,0
LN103989,2025-02,0
LN105665,2024-11,0
LN105817,2025-11,0
LN100198,2023-08,1
LN101147,2025-10,0
LN106604,2025-06,0
LN100655,2025-06,1
LN108292,2024-02,1
LN101098,2024-12,1
LN100263,2025-06,0
LN106480,2024-02,0
LN105771,2022-12,0
LN101962,2025-11,1
LN101180,2024-04,0
LN101038,2025-11,1
LN106937,2023-01,1
LN103783,2025-12,0
LN108643,2024-06,1
LN102478,2024-11,0
LN105358,2022-09,0
LN107361,2025-10,1
LN103406,2025-05,0
LN105462,2025-08,0
LN108214,2024-05,0
LN101872,2024-06,0
LN108473,2023-11,1
LN103496,2021-11,0
LN103714,2025-11,1
LN104061,2023-02,0
LN103270,2022-12,0
LN106152,2025-01,0
LN101851,2023-06,0
LN102017,2024-01,1
LN108270,2022-09,0
LN103953,2024-12,0
LN106299,2022-03,1
LN100638,2025-10,1
LN104392,2023-02,0
LN106831,2024-02,1
LN101481,2023-09,0
LN102357,2022-09,1
LN107750,2024-01,0
LN108676,2025-07,1
LN100143,2025-02,0
LN100831,2022-09,0
LN104664,2024-05,0
LN105421,2024-12,0
LN102933,2023-07,0
LN107552,2025-05,0
LN100062,2024-08,0
LN103374,2024-03,0
LN103650,2025-01,0
LN104816,2024-12,1
LN100980,2023-10,1
LN104516,2025-03,0
LN108013,2023-07,0
LN100261,2024-08,1
LN107399,2023-06,0
LN100990,2025-04,0
LN106241,2025-06,0
LN106315,2021-09,0
LN106032,2024-09,0
LN103450,2023-06,0
LN108969,2025-12,0
LN105068,2024-09,1
LN104114,2025-11,0
LN105092,2023-03,1
LN104349,2024-03,0
LN106371,2024-02,1
LN101021,2024-08,0
LN101935,2023-10,0
LN100734,2025-06,0
LN106127,2025-05,0
LN106376,2024-04,0
LN104616,2024-09,0
LN100124,2024-06,1
LN101020,2024-06,1
LN103823,2022-03,0
LN103175,2025-02,0
LN102526,2024-06,0
LN105195,2023-07,0
LN103165,2025-01,0
LN100313,2024-02,0
LN100857,2025-04,1
LN105403,2023-08,0
LN106869,2023-06,0
LN108531,2024-07,0
LN108288,2023-10,0
LN104342,2024-02,0
LN105495,2025-05,1
LN102440,2024-02,0
LN105080,2023-09,1
LN106294,2022-01,0
LN101899,2025-01,1
LN105972,2025-04,1
LN100428,2023-09,0
LN100266,2023-06,0
LN105854,2023-11,0
LN103783,2024-08,0
LN101385,2024-04,0
LN108745,2025-05,1
LN103340,2025-09,0
LN108376,2022-02,1
LN104983,2023-02,0
LN105584,2025-06,0
LN101087,2025-03,0
LN106089,2024-12,0
LN102847,2023-02,0
LN105690,2023-04,1
LN101680,2024-10,0
LN103436,2024-01,1
LN101632,2021-10,0
LN103835,2024-08,1
LN102801,2025-07,1
LN101237,2025-03,1
LN101045,2023-04,0
LN104116,2025-11,1
LN103063,2023-02,1
LN102359,2025-03,1
LN103801,2023-08,0
LN101952,2024-02,0
LN106784,2024-02,1
LN101211,2025-04,0
LN107306,2025-07,1
LN101248,2024-09,1
LN100501,2025-02,0
LN106926,2025-02,0
LN106914,2023-01,0
LN108515,2024-05,0
LN107610,2025-06,1
LN100623,2025-08,1
LN103196,2022-07,0
LN100270,2022-08,0
LN103884,2023-11,1
LN102510,2024-01,0
LN105905,2024-04,0
LN104080,2025-11,0
LN106943,2025-07,0
LN104876,2025-05,0
LN108194,2022-07,0
LN106051,2023-04,1
LN106395,2024-05,0
LN102488,2024-09,0
LN100099,2023-04,0
LN100407,2024-12,1
LN103171,2025-08,0
LN107404,2024-02,1
LN104656,2024-02,0
LN101695,2024-09,1
LN100172,2025-10,1
LN105652,2025-04,0
LN108139,2022-12,0
LN107024,2024-06,0
LN107550,2025-12,0
LN103083,2023-12,0
LN108065,2025-02,1
LN104054,2025-08,0
LN104483,2022-07,1
LN106550,2025-01,0
LN100414,2022-06,0
LN107222,2024-04,1
LN107160,2022-02,0
LN108476,2025-10,1
LN106505,2022-08,1
LN104996,2024-03,0
LN108274,2024-11,0
LN101482,2022-11,0
LN108473,2024-02,0
LN101410,2024-04,0
LN100488,2024-05,1
LN102503,2023-01,0
LN108010,2023-09,1
LN102421,2025-01,0
LN102306,2022-08,0
LN104188,2022-07,0
LN106025,2025-09,0
LN103294,2025-05,0
LN102486,2024-01,0
LN102985,2025-10,1
LN108310,2021-10,1
LN105345,2023-02,0
LN101882,2025-02,0
LN104418,2023-12,0
LN107844,2024-11,0
LN103516,2023-08,0
LN107186,2023-04,0
LN107953,2022-10,1
LN105068,2024-05,0
LN106449,2025-03,0
LN100561,2021-09,0
LN100974,2025-06,0
LN100688,2024-08,1
LN103829,2025-07,0
LN104977,2021-11,1
LN102932,2022-11,0
LN103526,2025-01,0
LN102484,2023-03,1
LN100496,2022-01,1
LN103077,2024-10,0
LN103889,2024-08,0
LN104385,2024-05,0
LN104766,2024-08,0
LN106908,2024-09,1
LN108362,2024-06,0
LN101527,2021-12,1
LN107373,2023-11,1
LN102296,2022-03,1
LN100418,2025-07,0
LN102890,2022-09,1
LN102706,2024-09,0
LN105281,2025-05,0
LN107043,2025-02,0
LN103963,2025-04,0
LN107144,2022-05,0
LN107909,2025-01,0
LN102040,2024-04,0
LN102056,2025-03,1
LN102533,2024-03,0
LN103072,2023-01,0
LN101521,2024-08,0
LN108031,2023-08,0
LN102374,2025-02,1
LN102223,2025-05,0
LN106961,2025-01,0
LN105412,2023-09,0
LN100858,2024-03,0
LN100639,2025-10,0
LN105454,2024-05,0
LN107304,2024-09,0
LN101310,2025-07,1
LN102774,2025-09,0
LN106175,2024-03,0
LN106589,2025-03,0
LN106235,2025-06,0
LN103427,2025-02,0
LN100972,2024-05,1
LN103073,2024-09,0
LN105936,2024-09,0
LN107608,2025-08,0
LN108354,2023-12,0
LN100311,2024-01,1
LN107745,2025-03,1
LN104014,2025-07,0
LN108035,2023-03,1
LN105174,2023-12,0
LN102770,2024-01,0
LN105837,2025-11,0
LN103296,2023-07,0
LN103241,2025-03,0
LN104836,2024-07,0
LN101355,2024-03,0
LN100269,2023-11,1
LN103201,2024-12,0
LN107408,2023-08,0
LN103623,2023-02,0
LN103958,2022-01,0
LN105652,2022-11,0
LN102590,2022-09,1
LN107928,2024-12,0
LN100068,2024-04,0
LN102156,2023-12,1
LN106402,2023-03,0
LN105980,2023-12,0
LN108555,2025-06,0
LN101596,2025-03,1
LN106028,2025-08,0
LN100463,2023-02,0
LN107013,2025-04,1
LN107113,2024-03,0
LN105466,2022-01,0
LN101520,2024-11,1
LN102966,2022-06,1
LN106099,2023-05,0
LN100153,2022-07,0
LN101711,2023-08,1
LN102506,2024-09,0
LN102792,2024-11,1
LN100255,2022-06,1
LN105579,2025-08,1
LN102686,2024-11,0
LN102191,2025-07,1
LN103295,2025-11,1
LN102179,2023-11,1
LN108034,2024-10,1
LN102228,2022-10,0
LN108273,2025-02,0
LN103181,2022-07,0
LN105707,2024-03,0
LN104602,2024-04,0
LN105095,2023-06,1
LN107141,2024-12,0
LN107801,2022-04,1
LN107068,2023-10,0
LN108331,2024-02,1
LN104797,2024-11,0
LN104847,2022-02,1
LN108238,2024-02,0
LN100772,2022-12,0
LN104653,2022-05,1
LN107328,2024-10,0
LN103926,2023-08,0
LN101814,2025-09,0
LN106566,2024-01,0
LN105840,2024-05,0
LN102456,2025-12,0
LN108457,2023-10,1
LN102399,2024-01,0
LN103365,2024-11,0
LN102180,2023-12,0
LN105830,2022-12,0
LN105019,2023-12,0
LN104041,2025-03,0
LN102853,2023-01,0
LN100458,2025-04,0
LN105688,2024-03,0
LN100672,2025-09,1
LN100915,2023-07,0
LN104445,2023-01,0
LN105085,2025-10,0
LN108476,2023-08,1
LN106954,2024-09,0
LN100339,2025-01,0
LN105548,2025-11,0
LN105278,2025-08,0
LN103763,2025-01,0
LN106101,2024-08,1
LN101710,2024-08,0
LN108415,2025-03,1
LN101054,2025-09,0
LN106553,2023-05,1
LN106740,2023-01,0
LN108014,2024-06,0
LN106049,2024-08,1
LN104563,2025-02,1
LN105272,2025-04,0
LN105973,2024-05,0
LN107018,2023-07,1
LN106599,2023-06,1
LN102353,2024-03,0
LN101065,2022-12,0
LN106588,2023-04,0
LN108323,2024-07,1
LN107321,2022-06,0
LN106695,2023-10,0
LN103273,2024-12,0
LN107202,2024-04,1
LN101025,2023-10,0
LN107919,2023-03,0
LN100166,2024-12,0
LN105057,2025-06,0
LN107578,2024-05,1
LN108046,2024-07,1
LN108312,2024-08,1
LN107096,2024-11,1
LN105662,2025-03,0
LN104506,2022-08,1
LN105321,2024-10,0
LN107955,2022-05,0
LN105791,2021-12,0
LN103267,2024-01,0
LN102972,2024-05,1
LN100445,2025-02,0
LN106674,2025-12,0
LN101748,2024-11,1
LN104492,2024-12,1
LN107121,2024-09,1
LN103689,2025-11,0
LN100515,2023-01,1
LN105315,2025-08,0
LN106024,2025-02,1
LN105168,2022-09,0
LN103348,2021-12,1
LN106572,2022-02,0
LN100139,2025-07,0
LN101671,2023-08,0
LN108283,2025-09,1
LN102549,2022-07,0
LN105365,2023-03,1
LN101241,2024-07,1
LN102336,2023-09,1
LN102573,2024-07,0
LN105220,2024-01,0
LN107701,2023-08,0
LN101946,2025-10,1
LN103692,2024-04,1
LN106165,2025-06,0
LN103362,2022-08,0
LN108038,2022-11,1
LN104701,2024-08,0
LN101614,2022-09,0
LN108549,2023-04,0
LN108377,2022-05,0
LN103582,2025-06,1
LN104759,2024-05,1
LN105946,2023-08,1
LN102050,2023-01,0
LN108035,2025-04,1
LN108636,2021-09,0
LN103815,2025-12,0
LN103305,2024-11,0
LN102497,2025-08,0
LN107533,2023-04,1
LN105624,2024-09,0
LN107616,2023-12,0
LN108547,2025-10,0
LN100215,2022-10,1
LN104268,2023-11,0
LN107631,2022-12,0
LN104023,2025-12,0
LN103941,2024-12,0
LN105485,2023-04,1
LN107680,2024-02,0
LN101139,2025-11,1
LN105474,2024-07,0
LN103450,2024-07,0
LN103752,2025-02,0
LN101160,2025-06,0
LN106141,2022-06,0
LN105815,2024-02,0
LN106703,2022-02,0
LN101066,2024-11,0
LN105187,2022-05,0
LN101426,2025-03,1
LN108178,2025-08,0
LN103827,2025-05,1
LN104905,2024-01,0
LN101006,2025-08,0
LN106698,2025-01,0
LN108930,2025-05,0
LN108078,2024-10,0
LN100418,2024-11,1
LN103521,2024-08,1
LN105562,2025-11,0
LN106161,2023-03,0
LN103027,2025-09,1
LN104875,2025-12,0
LN100680,2024-04,0
LN102520,2024-02,0
LN108733,2024-10,0
LN104651,2025-07,0
LN104321,2025-08,0
LN103726,2023-02,0
LN103394,2024-01,1
LN101769,2024-04,1
LN104235,2025-01,1
LN100960,2024-10,1
LN106941,2025-06,0
LN107259,2025-11,1
LN108203,2024-01,0
LN108252,2025-02,0
LN105467,2025-12,0
LN107786,2024-10,0
LN106620,2021-12,1
LN106611,2024-06,0
LN106746,2023-07,0
LN108667,2024-12,0
LN106215,2025-10,0
LN106315,2024-09,0
LN100748,2023-05,0
LN104515,2024-08,0
LN100419,2023-04,0
LN101404,2024-04,0
LN105140,2023-01,0
LN101396,2025-07,1
LN106350,2024-09,0
LN106090,2023-03,0
LN100542,2023-09,0
LN101915,2024-10,0
LN102001,2022-05,1
LN105567,2023-10,0
LN108252,2025-01,0
LN101581,2023-05,0
LN103861,2025-01,1
LN103843,2024-04,0
LN104677,2024-01,0
LN106747,2024-12,0
LN100255,2023-08,1
LN102089,2022-04,1
LN103030,2024-07,1
LN104079,2025-05,0
LN100016,2024-06,1
LN100975,2025-07,1
LN100553,2022-12,1
LN105076,2023-10,0
LN107501,2023-12,0
LN108843,2022-07,1
LN106315,2024-02,1
LN100313,2025-03,0
LN104184,2023-11,0
LN107523,2025-09,1
LN102138,2023-07,0
LN107580,2021-11,0
LN102278,2025-07,0
LN101243,2025-07,0
LN108592,2024-10,1
LN106485,2025-11,1
LN103821,2023-11,1
LN104028,2024-05,0
LN101606,2025-02,0
LN102954,2023-02,0
LN105000,2022-04,0
LN107751,2025-05,0
LN107524,2022-12,1
LN105271,2024-08,1
LN103010,2023-01,0
LN106901,2024-07,0
LN100453,2023-01,1
LN105067,2024-05,0
LN105840,2025-10,0
LN104443,2023-04,0
LN102115,2023-08,0
LN104710,2023-08,1
LN108566,2024-06,1
LN107080,2023-01,1
LN104061,2024-04,0
LN102429,2024-06,1
LN106585,2025-11,0
LN107726,2022-06,0
LN100951,2022-10,1
LN102932,2022-08,0
LN108155,2024-09,1
LN105331,2024-07,0
LN106556,2024-04,0
LN105198,2023-07,0
LN108766,2023-03,0
LN105422,2022-04,1
LN100424,2025-02,0
LN108104,2025-06,0
LN102166,2024-11,0
LN102242,2023-04,0
LN104753,2025-11,0
LN108208,2025-03,0
LN102740,2025-12,0
LN100951,2024-01,0
LN101187,2025-11,0
LN100749,2025-02,0
LN103308,2022-12,0
LN103364,2022-09,0
LN105001,2024-08,1
LN100787,2024-11,1
LN108377,2023-11,1
LN102346,2023-09,1
LN102821,2024-07,0
LN103154,2022-04,0
LN107765,2024-02,0
LN105296,2024-02,1
LN103632,2022-07,0
LN108552,2023-06,0
LN107417,2023-01,0
LN108739,2023-04,0
LN100148,2024-11,0
LN105009,2025-07,0
LN104518,2024-07,0
LN104117,2024-08,0
LN106300,2025-09,1
LN102006,2025-01,0
LN104310,2025-03,0
LN100503,2025-03,0
LN107953,2025-04,1
LN103600,2024-07,0
LN107147,2025-01,0
LN102964,2024-12,0
LN101309,2025-06,0
LN104842,2022-04,0
LN100345,2023-08,0
LN101531,2024-12,0
LN106847,2023-06,0
LN106836,2025-04,0
LN101225,2024-12,0
LN104842,2022-07,1
LN108924,2025-03,0
LN102677,2025-12,0
LN106478,2024-12,1
LN107592,2025-07,1
LN101349,2024-09,0
LN106874,2024-10,0
LN106278,2024-06,0
LN106608,2023-01,0
LN101786,2025-01,0
LN106086,2023-09,1
LN105425,2022-05,0
LN107527,2023-06,0
LN104551,2023-04,0
LN100883,2024-10,0
LN102136,2024-05,0
LN101983,2025-05,0
LN106105,2025-07,0
LN106588,2024-11,1
LN108601,2024-01,0
LN100380,2024-12,0
LN100192,2023-10,0
LN104099,2024-08,1
LN108227,2023-05,1
LN106821,2023-10,0
LN107063,2022-05,0
LN100934,2025-08,1
LN101980,2025-10,1
LN102899,2024-10,0
LN107302,2025-12,1
LN106573,2025-01,1
LN100249,2023-09,1
LN104291,2025-05,1
LN108481,2024-05,0
LN107437,2025-02,0
LN108297,2023-10,0
LN101120,2021-10,0
LN108343,2024-03,0
LN107672,2025-10,0
LN107229,2025-12,0
LN100366,2023-10,1
LN103167,2022-12,0
LN105295,2025-02,0
LN106322,2023-11,0
LN108582,2023-01,1
LN105353,2024-11,0
LN105861,2024-06,0
LN101361,2022-04,0
LN104643,2025-09,0
LN106637,2024-07,0
LN105600,2024-09,0
LN101866,2025-09,0
LN105148,2023-01,0
LN108181,2022-05,1
LN107493,2023-08,0
LN108816,2024-10,0
LN107143,2023-01,0
LN104193,2021-12,0
LN105120,2025-08,1
LN105449,2022-02,0
LN108002,2023-04,0
LN105797,2023-12,1
LN103169,2025-08,0
LN105596,2023-11,0
LN106091,2024-11,1
LN100904,2024-03,0
LN104059,2025-12,0
LN106682,2024-12,0
LN106253,2025-07,0
LN106031,2025-11,1
LN105341,2023-10,1
LN103467,2022-09,0
LN102707,2024-02,0
LN103899,2025-02,1
LN107180,2025-06,0
LN107934,2025-02,0
LN103130,2022-11,0
LN102959,2024-04,0
LN106635,2023-04,0
LN108870,2024-07,0
LN100033,2024-08,1
LN100916,2024-01,0
LN106280,2023-05,0
LN102860,2022-11,1
LN104705,2022-10,0
LN107636,2025-10,0
LN105279,2022-11,0
LN100764,2024-06,1
LN107090,2024-02,0
LN104169,2024-02,1
LN102663,2025-11,0
LN108030,2023-07,0
LN107620,2024-12,0
LN101240,2023-09,0
LN106697,2024-03,0
LN105869,2024-01,0
LN103763,2025-06,0
LN108002,2024-05,0
LN106105,2024-05,0
LN104089,2025-12,1
LN100158,2023-12,0
LN108051,2025-06,0
LN101424,2025-12,0
LN108785,2024-11,1
LN103542,2025-09,0
LN103889,2024-12,0
LN102838,2024-12,1
LN103555,2024-12,0
LN104200,2024-12,1
LN104744,2024-02,0
LN104170,2024-11,0
LN100332,2022-12,0
LN104328,2022-04,1
LN103837,2025-05,1
LN103080,2025-07,0
LN101955,2025-10,0
LN107038,2024-12,0
LN107175,2023-11,0
LN103877,2025-03,0
LN107844,2025-11,0
LN107719,2025-04,0
LN104002,2023-06,0
LN104623,2024-07,1
LN101233,2025-11,1
LN106974,2023-12,0
LN106671,2024-01,0
LN104450,2025-10,1
LN100044,2023-07,1
LN104219,2022-07,0
LN107728,2024-12,1
LN107736,2023-11,0
LN105277,2025-12,0
LN104269,2024-01,1
LN106059,2023-02,0
LN107849,2025-03,0
LN101696,2025-06,0
LN100294,2025-01,1
LN101586,2025-12,0
LN100616,2025-02,0
LN101186,2022-04,0
LN106273,2024-12,0
LN106169,2024-12,0
LN107887,2025-02,1
LN104208,2022-08,0
LN105536,2022-11,0
LN103099,2023-08,0
LN107804,2025-05,0
LN102009,2024-08,1
LN107664,2025-03,0
LN105752,2022-12,0
LN103676,2025-12,0
LN100907,2024-02,0
LN105935,2023-05,0
LN100337,2023-10,0
LN108747,2023-10,0
LN104617,2024-09,0
LN105730,2025-08,0
LN100644,2025-07,0
LN105722,2024-07,0
LN107315,2024-02,1
LN107180,2025-01,1
LN105512,2025-03,1
LN105176,2022-10,1
LN106444,2023-05,0
LN105581,2024-09,1
LN108984,2025-06,1
LN107929,2025-01,1
LN105600,2025-06,1
LN102397,2024-11,0
LN101689,2023-03,1
LN104566,2024-08,0
LN106505,2023-07,0
LN105830,2023-10,0
LN100990,2025-08,0
LN100309,2022-10,0
LN102009,2024-01,0
LN108838,2024-03,0
LN100348,2022-03,0
LN101576,2025-05,1
LN100758,2022-07,0
LN106254,2022-10,0
LN106339,2023-10,1
LN101131,2024-12,1
LN108867,2024-06,0
LN104635,2024-12,0
LN103808,2023-10,0
LN103320,2025-12,1
LN107149,2022-10,0
LN102123,2024-10,0
LN101156,2024-05,0
LN101513,2024-12,0
LN103827,2024-08,1
LN107001,2023-08,1
LN104042,2025-09,1
LN102215,2023-11,0
LN108411,2025-08,1
LN102162,2025-10,0
LN104645,2024-10,0
LN107960,2023-10,0
LN102786,2023-05,0
LN106138,2025-12,1
LN104990,2024-07,0
LN104377,2022-06,0
LN100072,2025-01,1
LN103039,2025-03,1
LN103490,2021-12,1
LN107814,2025-02,0
LN103520,2025-11,1
LN107497,2022-12,1
LN104973,2025-02,0
LN103539,2025-05,0
LN100248,2025-02,1
LN104808,2023-05,0
LN104016,2023-10,1
LN103643,2024-01,0
LN102082,2023-06,0
LN100031,2022-10,0
LN105770,2024-11,1
LN104437,2025-03,0
LN107778,2023-06,0
LN105633,2025-03,1
LN102315,2024-04,0
LN106568,2024-01,0
LN103446,2025-08,0
LN108140,2024-12,1
LN104612,2024-12,1
LN107174,2022-03,0
LN108829,2022-05,0
LN105068,2025-11,0
LN108923,2023-10,1
LN102191,2025-06,0
LN105801,2024-05,0
LN101203,2024-08,1
LN107982,2025-09,1
LN106814,2023-09,0
LN104296,2024-06,0
LN102974,2023-12,0
LN104300,2024-03,0
LN103362,2023-10,1
LN100262,2024-08,0
LN103767,2024-02,0
LN100596,2023-09,0
LN101650,2022-09,0
LN107951,2022-09,0
LN106249,2024-02,0
LN107899,2023-06,0
LN104664,2024-06,0
LN103761,2025-03,0
LN105610,2022-08,0
LN101587,2021-10,0
LN103989,2023-06,1
LN104519,2024-09,0
LN100786,2025-01,0
LN106958,2024-04,0
LN100992,2024-09,0
LN102262,2023-04,1
LN107049,2025-04,0
LN107204,2023-06,0
LN105440,2024-10,0
LN108909,2025-02,0
LN105135,2025-04,0
LN107623,2024-08,1
LN103659,2024-12,0
LN108112,2025-03,0
LN102933,2023-08,0
LN104167,2024-10,1
LN100349,2024-05,0
LN103474,2023-10,0
LN104943,2024-07,0
LN100370,2024-06,0
LN101275,2024-11,1
LN107916,2024-06,0
LN101759,2024-11,0
LN103422,2025-10,1
LN104003,2025-11,0
LN106522,2023-06,1
LN100788,2023-08,0
LN105803,2025-10,0
LN100380,2024-07,0
LN105054,2024-08,1
LN107240,2025-07,1
LN104654,2024-11,1
LN102510,2022-10,0
LN108771,2025-03,1
LN106404,2025-01,1
LN105716,2023-03,1
LN104440,2025-04,0
LN107230,2023-09,0
LN107494,2024-12,0
LN106784,2025-03,1
LN102920,2023-03,0
LN105768,2024-12,0
LN106654,2023-10,0
LN108093,2023-11,0
LN104394,2024-02,0
LN106828,2023-03,1
LN105556,2022-01,0
LN102397,2024-04,1
LN104092,2025-06,0
LN103831,2023-06,0
LN106264,2024-11,0
LN100886,2023-01,0
LN101194,2023-11,0
LN107684,2025-09,1
LN108071,2022-11,1
LN105077,2022-07,0
LN100331,2025-03,0
LN101768,2023-03,1
LN102833,2024-10,0
LN108190,2024-05,1
LN102087,2024-07,1
LN104484,2024-11,0
LN101355,2024-04,1
LN108364,2025-08,0
LN103071,2025-02,0
LN105263,2024-03,1
LN108811,2025-05,0
LN103380,2025-11,1
LN100427,2024-10,0
LN105072,2022-04,0
LN102237,2022-08,0
LN103601,2024-10,0
LN106358,2025-10,0
LN103282,2025-01,0
LN108553,2023-12,0
LN100731,2024-10,0
LN105088,2025-11,0
LN108298,2025-07,0
LN100938,2023-06,0
LN106795,2024-07,0
LN101616,2025-11,0
LN105213,2024-07,0
LN101550,2023-02,1
LN102317,2024-10,0
LN104481,2024-05,0
LN107421,2025-10,1
LN102968,2025-02,1
LN100378,2023-09,0
LN100428,2022-12,1
LN106409,2025-11,0
LN105082,2021-08,1
LN101485,2025-06,0
LN102547,2024-04,1
LN103532,2021-11,1
LN101875,2023-06,1
LN106636,2025-11,0
LN103806,2022-02,0
LN100164,2024-08,0
LN100911,2022-06,0
LN107309,2022-12,0
LN100907,2024-04,0
LN106062,2025-02,1
LN104821,2024-09,1
LN101024,2024-10,1
LN100375,2025-01,1
LN106079,2024-04,0
LN104440,2022-11,0
LN101024,2024-07,0
LN100109,2025-02,0
LN103471,2025-09,1
LN105835,2024-09,0
LN108646,2024-03,1
LN106881,2023-05,0
LN101060,2024-09,0
LN100346,2024-12,0
LN105178,2024-12,1
LN103791,2025-06,1
LN106979,2024-10,0
LN108294,2023-04,0
LN103525,2024-12,0
LN100187,2025-05,1
LN104481,2024-04,0
LN107172,2025-11,1
LN105119,2021-12,0
LN103797,2025-08,1
LN106650,2023-08,0
LN102051,2025-10,0
LN107613,2024-03,0
LN107418,2025-07,0
LN106839,2025-08,1
LN105905,2023-08,1
LN100267,2024-11,1
LN105360,2025-12,1
LN104337,2025-07,0
LN101449,2025-07,0
LN106518,2022-04,1
LN106596,2025-11,1
LN106207,2025-02,0
LN105323,2022-12,1
LN107512,2025-09,0
LN104961,2023-10,0
LN100504,2024-12,0
LN101770,2025-06,1
LN107877,2024-08,0
LN101987,2022-03,0
LN108072,2024-10,0
LN101491,2023-12,0
LN101550,2023-01,0
LN100810,2023-11,1
LN101092,2025-07,0
LN102287,2024-09,0
LN105176,2022-09,0
LN102441,2022-01,0
LN107094,2025-10,0
LN107991,2021-10,0
LN102678,2025-01,1
LN108054,2025-12,0
LN105484,2025-03,0
LN107186,2024-08,0
LN107798,2024-12,0
LN104686,2025-09,0
LN106355,2025-05,0
LN104924,2024-04,0
LN107962,2025-01,0
LN104589,2022-09,1
LN100777,2024-08,0
LN102032,2023-06,0
LN105300,2025-11,0
LN100072,2025-02,0
LN108424,2024-03,0
LN101841,2024-08,0
LN105617,2022-12,0
LN108725,2023-12,0
LN102558,2022-08,1
LN106297,2025-12,0
LN105870,2024-10,0
LN107877,2024-03,0
LN102305,2023-07,1
LN101665,2023-10,1
LN101053,2024-12,1
LN103928,2024-09,1
LN103154,2023-08,1
LN101543,2025-12,0
LN102750,2023-04,1
LN105958,2024-06,0
LN100560,2023-11,0
LN102897,2024-11,0
LN100650,2023-03,0
LN106474,2022-10,0
LN104937,2024-05,1
LN103435,2023-11,0
LN104828,2024-09,0
LN104184,2023-01,0
LN104665,2025-05,0
LN104984,2024-12,0
LN100106,2024-08,0
LN101052,2023-04,0
LN103947,2022-10,0
LN108813,2024-11,0
LN107718,2023-07,0
LN102573,2023-04,0
LN107845,2025-09,0
LN105114,2023-01,0
LN103586,2025-12,1
LN100404,2025-03,0
LN101563,2024-12,0
LN100103,2023-09,0
LN100736,2025-11,1
LN108628,2023-05,1
LN105606,2023-03,0
LN102742,2025-01,0
LN106518,2025-03,1
LN101659,2023-11,0
LN106241,2022-04,0
LN104634,2024-06,1
LN100389,2025-09,1
LN102176,2023-02,0
LN104434,2025-02,0
LN101235,2024-06,0
LN105391,2022-03,0
LN103369,2022-09,0
LN108394,2024-10,0
LN105278,2024-10,0
LN102494,2024-12,1
LN102725,2024-07,1
LN101622,2025-02,0
LN100831,2022-07,0
LN105666,2024-04,0
LN103728,2023-06,0
LN108670,2024-01,1
LN104817,2022-11,1
LN102968,2024-01,1
LN102161,2024-05,1
LN101888,2025-06,0
LN102347,2024-12,0
LN107136,2024-06,1
LN104207,2024-10,0
LN107486,2024-12,0
LN106568,2022-12,0
LN100153,2022-10,1
LN107047,2024-08,0
LN106272,2024-08,0
LN106004,2023-04,0
LN107439,2024-03,0
LN108252,2023-08,0
LN108870,2022-11,1
LN107341,2025-11,0
LN100390,2024-03,0
LN101638,2022-06,1
LN108847,2025-06,1
LN101066,2025-01,0
LN102565,2024-02,0
LN108878,2023-08,1
LN101978,2022-12,0
LN103448,2025-12,1
LN108677,2025-08,0
LN108071,2025-02,1
LN106638,2024-05,0
LN102368,2022-05,0
LN106970,2025-11,1
LN108467,2025-06,0
LN103351,2024-11,1
LN107352,2023-11,0
LN104130,2022-03,1
LN107471,2025-05,0
LN102165,2025-10,0
LN101191,2023-11,0
LN104026,2023-06,0
LN107051,2025-03,0
LN105457,2024-06,0
LN104374,2025-01,0
LN104888,2024-03,0
LN103165,2022-12,1
LN103044,2022-05,0
LN104604,2023-07,0
LN103109,2025-10,1
LN104614,2025-10,0
LN102807,2025-12,0
LN104027,2023-06,0
LN100811,2025-09,0
LN107154,2024-11,0
LN108335,2023-10,1
LN105523,2025-08,0
LN105736,2022-12,0
LN100897,2022-10,0
LN108231,2023-03,0
LN107045,2025-01,0
LN105035,2023-08,0
LN108168,2025-09,1
LN108081,2024-01,1
LN103564,2024-07,0
LN108257,2025-08,0
LN101776,2023-06,0
LN101957,2025-10,0
LN100967,2024-05,0
LN102573,2023-11,0
LN107987,2025-10,0
LN107630,2024-02,0
LN106447,2025-07,0
LN100487,2023-11,1
LN101641,2023-06,1
LN108438,2023-08,0
LN104499,2025-06,0
LN106581,2025-09,1
LN101555,2024-05,1
LN104876,2024-08,0
LN102384,2025-07,0
LN100210,2022-08,0
LN108548,2024-05,0
LN100395,2025-06,0
LN103323,2025-12,1
LN100882,2025-07,1
LN100369,2024-12,0
LN105267,2025-10,0
LN102300,2022-06,1
LN105518,2025-11,0
LN102738,2024-12,0
LN104719,2023-06,0
LN106060,2023-10,0
LN105661,2023-01,0
LN101422,2025-08,0
LN103630,2024-05,1
LN102600,2024-12,0
LN106237,2024-06,1
LN108157,2023-08,1
LN105439,2024-08,1
LN108505,2022-06,0
LN107372,2024-10,0
LN107711,2022-09,0
LN107983,2025-12,1
LN107495,2024-08,0
LN102236,2023-05,0
LN101574,2023-09,0
LN107307,2025-09,1
LN106831,2025-02,0
LN102061,2024-04,0
LN104698,2022-08,0
LN108542,2024-02,1
LN103756,2024-09,1
LN100579,2023-05,0
LN107596,2023-11,0
LN104156,2024-03,0
LN107396,2023-04,0
LN101696,2025-09,0
LN105800,2022-05,1
LN100988,2024-05,0
LN107144,2023-07,0
LN101826,2023-12,0
LN101167,2023-01,0
LN102230,2024-04,0
LN101374,2025-12,1
LN101961,2025-06,0
LN105878,2025-09,0
LN102438,2025-09,1
LN104977,2022-05,1
LN108229,2025-07,0
LN107776,2025-11,1
LN104167,2025-04,0
LN100786,2025-12,0
LN106387,2024-07,1
LN105403,2024-05,0
LN105432,2025-12,0
LN107434,2025-10,1
LN103920,2025-08,0
LN108643,2025-05,0
LN100618,2024-03,1
LN104155,2024-03,0
LN100492,2025-01,0
LN103123,2024-02,1
LN108994,2024-09,1
LN101026,2023-07,1
LN100004,2024-08,0
LN107857,2022-04,1
LN105840,2025-01,1
LN106863,2025-04,0
LN103953,2025-07,0
LN106561,2025-12,1
LN100163,2025-11,1
LN102891,2023-07,1
LN106626,2025-03,0
LN105761,2023-02,0
LN107725,2025-07,1
LN106497,2025-11,0
LN103047,2025-08,1
LN103649,2025-09,1
LN105132,2025-05,0
LN107572,2023-03,1
LN104161,2024-07,0
LN103823,2024-12,0
LN100592,2023-05,0
LN104166,2024-02,0
LN100223,2024-05,1
LN108010,2024-09,0
LN106644,2024-04,1
LN102873,2024-11,1
LN100897,2024-04,1
LN108044,2023-04,0
LN107914,2023-01,1
LN101461,2024-06,0
LN102018,2024-11,1
LN101044,2025-12,0
LN104879,2025-04,0
LN106930,2022-04,0
LN103390,2022-06,0
LN100207,2025-11,1
LN108401,2022-11,0
LN100757,2024-10,0
LN104086,2023-09,1
LN103023,2023-07,0
LN103181,2022-03,1
LN101266,2022-08,0
LN106196,2024-06,0
LN106149,2024-08,0
LN108085,2023-06,0
LN104836,2023-03,1
LN103958,2024-01,1
LN103838,2025-06,0
LN100661,2024-10,0
LN102873,2022-07,1
LN101397,2023-12,1
LN108225,2025-06,1
LN100271,2022-04,0
LN107393,2024-02,0
LN108992,2025-12,0
LN108326,2023-04,0
LN103531,2022-04,0
LN100844,2023-02,1
LN106105,2024-01,1
LN102263,2025-12,1
LN103057,2022-03,1
LN101599,2024-12,0
LN104769,2022-06,0
LN103580,2025-06,1
LN100781,2025-01,1
LN100240,2023-09,0
LN108664,2023-05,0
LN105978,2023-08,1
LN102402,2025-11,0
LN107242,2024-09,0
LN107739,2024-09,1
LN100366,2024-04,0
LN103248,2025-08,1
LN103293,2025-04,1
LN101475,2023-05,0
LN101962,2023-04,1
LN100975,2022-08,1
LN107756,2024-10,0
LN105515,2025-07,0
LN101503,2023-10,0
LN101434,2025-07,0
LN105689,2022-04,0
LN108120,2025-06,1
LN103724,2024-10,0
LN106350,2025-11,0
LN107711,2025-12,0
LN105168,2024-05,0
LN107501,2024-08,0
LN105404,2024-07,0
LN103513,2023-06,0
LN106631,2023-12,0
LN103154,2024-09,1
LN106311,2022-10,0
LN108477,2023-08,1
LN106583,2024-07,0
LN103559,2024-06,1
LN107368,2022-01,1
LN101120,2025-10,0
LN102944,2025-08,0
LN104461,2025-03,1
LN101770,2025-01,0
LN106383,2021-11,1
LN100968,2025-02,1
LN107078,2023-02,0
LN101149,2025-11,0
LN104769,2022-09,0
LN105533,2023-05,0
LN102320,2024-10,0
LN100231,2025-10,1
LN104117,2025-06,0
LN102031,2025-03,0
LN104844,2024-03,1
LN106087,2023-12,0
LN100263,2025-02,0
LN104910,2025-05,0
LN107621,2025-09,0
LN100435,2025-10,1
LN102873,2024-03,0
LN100707,2025-09,1
LN107621,2024-10,1
LN106869,2025-12,0
LN108715,2023-10,0
LN105278,2023-07,0
LN102480,2025-10,1
LN103083,2023-10,0
LN107405,2023-09,1
LN101678,2025-02,1
LN102480,2024-02,0
LN107626,2024-04,1
LN108947,2022-02,1
LN100453,2022-06,0
LN101721,2025-10,1
LN107853,2024-02,0
LN100190,2023-11,0
LN106066,2023-12,1
LN101536,2023-11,0
LN100494,2024-09,0
LN105341,2024-04,0
LN108819,2025-04,1
LN102391,2024-01,0
LN108227,2025-09,0
LN100314,2025-05,0
LN104216,2023-05,0
LN103219,2025-10,0
LN100845,2022-06,0
LN100906,2023-03,1
LN108847,2022-12,1
LN106460,2024-09,0
LN106035,2022-01,0
LN104960,2025-02,0
LN100507,2024-12,0
LN107115,2025-08,1
LN108227,2024-09,0
LN102662,2024-11,1
LN106815,2025-06,1
LN101525,2023-04,0
LN105345,2024-02,0
LN100539,2025-05,0
LN100175,2025-02,1
LN100168,2025-04,0
LN107850,2025-02,0
LN100598,2025-01,0
LN106671,2023-03,0
LN105221,2025-12,1
LN108666,2025-01,0
LN107427,2025-08,0
LN108191,2023-03,1
LN107080,2025-03,1
LN103856,2024-01,0
LN103096,2024-06,0
LN107370,2025-08,1
LN106502,2023-06,0
LN104400,2025-07,1
LN106095,2025-08,0
LN104718,2025-01,0
LN101390,2024-12,0
LN107228,2025-10,1
LN100363,2025-06,1
LN103758,2022-04,0
LN101162,2025-07,0
LN107788,2025-08,0
LN101979,2025-01,0
LN102972,2023-10,0
LN104053,2024-11,0
LN106932,2025-01,0
LN106951,2025-05,0
LN105055,2025-12,1
LN102710,2022-11,0
LN108445,2025-02,1
LN107597,2025-09,0
LN100395,2025-08,0
LN101580,2025-12,0
LN106005,2024-04,0
LN105891,2023-08,0
LN105818,2024-09,0
LN103693,2024-11,0
LN107880,2023-06,0
LN102268,2025-07,1
LN102462,2024-05,0
LN106989,2023-12,1
LN104526,2021-12,0
LN101927,2023-03,0
LN103807,2022-12,1
LN106928,2025-01,0
LN100096,2024-07,1
LN103508,2024-09,0
LN104229,2024-02,1
LN107925,2025-01,1
LN103453,2024-01,0
LN104542,2025-03,0
LN108967,2023-06,0
LN100271,2023-11,0
LN104170,2024-08,0
LN103815,2025-10,0
LN101912,2023-09,1
LN103304,2022-11,1
LN107515,2024-10,0
LN103776,2024-03,0
LN107327,2024-06,0
LN104406,2022-05,1
LN105485,2022-02,1
LN105175,2022-11,0
LN101980,2025-08,0
LN103110,2024-09,1
LN105933,2023-04,1
LN100752,2024-02,1
LN101940,2022-06,0
LN104431,2023-06,0
LN107791,2024-10,1
LN102877,2024-12,0
LN104126,2024-05,1
LN102460,2024-12,0
LN103000,2025-02,0
LN107227,2025-08,0
LN101085,2025-09,0
LN108271,2024-08,0
LN108707,2024-06,0
LN102954,2025-11,0
LN105734,2025-09,0
LN107309,2025-03,0
LN107141,2024-05,0
LN104595,2023-12,0
LN101940,2025-03,1
LN105701,2024-07,0
LN106910,2025-07,0
LN101639,2022-10,0
LN100299,2023-06,0
LN100249,2024-07,1
LN108538,2023-11,0
LN106808,2022-09,0
LN100900,2025-02,1
LN108194,2022-06,0
LN100637,2023-06,0
LN105972,2025-09,0
LN108487,2023-04,0
LN100182,2024-01,0
LN107209,2025-01,1
LN102470,2024-09,0
LN105823,2024-05,0
LN103059,2025-06,0
LN106215,2025-12,0
LN102429,2023-11,0
LN106837,2022-11,0
LN104156,2024-09,1
LN100255,2023-06,0
LN108187,2023-11,0
LN107698,2025-10,1
LN104814,2025-06,0
LN108220,2024-03,0
LN108387,2025-12,0
LN102736,2025-03,0
LN101059,2024-06,0
LN108123,2024-10,0
LN106808,2021-11,1
LN102984,2025-05,1
LN106226,2023-08,1
LN100936,2023-10,1
LN106676,2025-03,0
LN104795,2024-07,1
LN108682,2024-12,1
LN101180,2025-10,1
LN102975,2023-12,0
LN108974,2023-01,0
LN104758,2025-07,0
LN102368,2022-04,0
LN107283,2021-08,0
LN103304,2025-12,1
LN104112,2022-07,0
LN108608,2024-09,0
LN106548,2023-09,0
LN103910,2023-01,0
LN100078,2024-02,1
LN108309,2024-01,0
LN104387,2025-09,0
LN100149,2025-03,0
LN101656,2024-10,0
LN101571,2023-11,0
LN101738,2023-01,1
LN103273,2025-01,0
LN105085,2025-03,0
LN101177,2024-10,0
LN107404,2025-11,0
LN105694,2023-08,0
LN103796,2023-12,0
LN106828,2025-03,0
LN102368,2023-08,0
LN101983,2024-07,1
LN107097,2024-08,0
LN105699,2023-12,0
LN101124,2025-06,0
LN102806,2025-01,1
LN107752,2023-09,0
LN107011,2025-09,0
LN100171,2025-05,1
LN107412,2025-10,0
LN104750,2024-09,1
LN101025,2023-07,0
LN102992,2023-09,1
LN108000,2024-10,1
LN107997,2025-08,0
LN108893,2024-08,1
LN101690,2025-10,0
LN104509,2025-07,0
LN107915,2024-12,1
LN108741,2025-06,0
LN108174,2023-11,1
LN100278,2023-07,0
LN105072,2023-02,0
LN102174,2022-11,0
LN107727,2023-11,0
LN107503,2025-11,0
LN107215,2023-04,0
LN106388,2025-05,0
LN102276,2024-02,1
LN104904,2024-11,1
LN104671,2025-11,0
LN107865,2024-11,1
LN103576,2025-07,0
LN103390,2025-08,0
LN107269,2024-01,0
LN100729,2025-01,0
LN108914,2024-12,0
LN106887,2024-06,0
LN101190,2023-06,1
LN105725,2023-08,1
LN102494,2024-02,1
LN100993,2024-08,0
LN103010,2022-12,0
LN100561,2023-07,0
LN103879,2022-05,1
LN108979,2025-05,0
LN107542,2025-02,1
LN102543,2023-05,0
LN106753,2023-09,0
LN100308,2023-04,1
LN107523,2023-06,0
LN104678,2024-08,0
LN103112,2022-10,0
LN102483,2022-12,0
LN102791,2024-04,0
LN105691,2025-02,1
LN100890,2023-07,0
LN108505,2022-02,0
LN108042,2025-03,0
LN105804,2024-05,0
LN103887,2023-09,0
LN107179,2025-06,0
LN104126,2022-02,1
LN102483,2023-08,0
LN107719,2023-12,1
LN105956,2024-07,0
LN108725,2025-12,0
LN106626,2025-04,1
LN107792,2025-02,0
LN106350,2023-05,1
LN102231,2022-01,0
LN102414,2023-07,0
LN106715,2025-07,0
LN101208,2022-07,0
LN102590,2022-03,0
LN104547,2025-09,1
LN105152,2025-11,1
LN102660,2024-07,0
LN101296,2023-01,1
LN107906,2025-11,0
LN108031,2023-10,0
LN106686,2025-03,0
LN102179,2023-07,1
LN108030,2024-09,0
LN101657,2025-01,0
LN104790,2023-09,1
LN107208,2023-08,0
LN103899,2025-03,0
LN100412,2024-04,0
LN101275,2025-01,1
LN103578,2025-08,1
LN102659,2024-03,0
LN107460,2025-08,0
LN106186,2025-09,1
LN103859,2023-11,0
LN107469,2023-10,1
LN106697,2024-10,0
LN103352,2024-06,0
LN104620,2025-12,0
LN107727,2025-11,1
LN102213,2022-04,1
LN103291,2025-03,0
LN108289,2025-02,0
LN103983,2025-03,0
LN107028,2024-07,0
LN101719,2024-11,0
LN105321,2025-02,0
LN105842,2024-10,1
LN100034,2025-02,0
LN105256,2022-03,1
LN108611,2024-05,0
LN104458,2021-11,0
LN102697,2022-12,0
LN103795,2025-02,1
LN106870,2024-04,1
LN103454,2025-09,1
LN108401,2024-06,0
LN108084,2024-11,0
LN104431,2024-11,1
LN104274,2024-05,1
LN102117,2025-01,0
LN101067,2025-12,0
LN104646,2025-06,0
LN107521,2025-02,0
LN104600,2025-02,1
LN103786,2023-09,1
LN103974,2024-01,0
LN102791,2022-12,0
LN101409,2022-12,0
LN107470,2025-03,1
LN103945,2024-03,0
LN108128,2024-09,0
LN100061,2025-01,0
LN104078,2025-04,0
LN105017,2024-07,0
LN102622,2024-08,0
LN100060,2025-04,0
LN106388,2025-08,0
LN106615,2024-05,0
LN107252,2025-06,0
LN102344,2024-09,0
LN100482,2025-02,1
LN108786,2023-05,0
LN101422,2025-01,0
LN104870,2023-03,1
LN102073,2024-03,0
LN103980,2025-12,1
LN108729,2024-08,0
LN103378,2025-07,0
LN101530,2022-07,0
LN104407,2024-12,1
LN101738,2025-05,0
LN101978,2022-07,0
LN105559,2024-08,0
LN108133,2025-07,1
LN100269,2025-07,0
LN100967,2023-09,1
LN107450,2025-12,1
LN108282,2021-11,0
LN105568,2022-08,0
LN101218,2025-11,0
LN106020,2024-09,0
LN107348,2024-11,0
LN100898,2023-08,1
LN100652,2025-01,0
LN103310,2024-07,1
LN103618,2024-12,0
LN108788,2024-12,0
LN107004,2022-11,1
LN104160,2025-04,1
LN107514,2022-08,0
LN106585,2024-06,0
LN107066,2021-12,1
LN105356,2024-12,1
LN102992,2024-04,0
LN103822,2024-10,0
LN100433,2022-05,0
LN101533,2025-03,1
LN100776,2024-06,1
LN104496,2024-05,1
LN105101,2025-09,0
LN108290,2024-12,0
LN102663,2023-06,0
LN102293,2024-03,0
LN100409,2022-03,0
LN105132,2025-02,0
LN102237,2023-07,0
LN108006,2023-11,1
LN106106,2022-02,0
LN105297,2024-01,1
LN105428,2024-03,1
LN105686,2025-03,0
LN105558,2025-12,0
LN105404,2022-08,1
LN104079,2024-11,0
LN106520,2025-04,0
LN106828,2023-06,0
LN106718,2023-03,0
LN101396,2025-08,0
LN106583,2024-10,0
LN108620,2023-11,0
LN107451,2024-08,0
LN103487,2025-07,0
LN102091,2024-05,0
LN104081,2024-11,0
LN106499,2023-08,1
LN103029,2024-10,0
LN105624,2023-12,1
LN105083,2025-09,0
LN108274,2022-11,0
LN102269,2025-11,0
LN105893,2022-10,0
LN103350,2023-02,0
LN102740,2025-06,1
LN107349,2024-09,0
LN102039,2023-10,1
LN107342,2024-12,0
LN107397,2021-12,0
LN105448,2023-11,0
LN102493,2023-08,1
LN102453,2025-02,1
LN102240,2022-11,0
LN108935,2025-09,0
LN105896,2021-08,0
LN105943,2024-09,0
LN103359,2024-09,0
LN106680,2023-02,0
LN108918,2025-01,1
LN103800,2025-02,0
LN105346,2024-07,0
LN105931,2023-08,1
LN101207,2024-10,1
LN106709,2025-02,0
LN102089,2021-10,0
LN103951,2024-06,1
LN100439,2024-07,0
LN102576,2022-11,0
LN101145,2023-11,0
LN107585,2022-11,1
LN104250,2023-04,1
LN103990,2024-08,1
LN105201,2024-04,0
LN108495,2022-02,0
LN105110,2023-07,0
LN102478,2025-12,1
LN104260,2024-06,1
LN103212,2023-08,0
LN105199,2025-11,0
LN102506,2025-12,0
LN100651,2024-03,0
LN100217,2024-04,1
LN103433,2024-11,1
LN103288,2022-05,0
LN107720,2025-11,0
LN100267,2024-02,0
LN103010,2023-06,1
LN105425,2023-02,0
LN101475,2025-11,0
LN107095,2025-06,0
LN101369,2025-12,0
LN108174,2025-08,0
LN107296,2023-02,0
LN103594,2024-08,0
LN104406,2023-10,1
LN100253,2024-09,1
LN101973,2024-05,0
LN107702,2025-01,1
LN106225,2024-08,0
LN102925,2022-07,0
LN104186,2025-02,1
LN106052,2024-02,0
LN102979,2024-06,0
LN106943,2025-09,0
LN102215,2023-09,0
LN103466,2023-06,0
LN107299,2025-06,0
LN108164,2024-09,0
LN106421,2023-03,0
LN102231,2024-09,0
LN105761,2022-03,0
LN107681,2024-01,0
LN108333,2024-06,1
LN101232,2025-01,0
LN102062,2025-04,0
LN101256,2022-11,0
LN106637,2024-09,1
LN107971,2022-02,1
LN104451,2025-08,1
LN106193,2023-01,1
LN108976,2025-10,0
LN102332,2024-11,1
LN100200,2025-11,1
LN104137,2023-08,1
LN108847,2023-10,0
LN107881,2023-01,0
LN105304,2023-11,1
LN104973,2025-01,0
LN106243,2023-09,1
LN100978,2024-05,0
LN100267,2025-05,1
LN106278,2021-09,0
LN106302,2023-08,0
LN105408,2024-01,0
LN105447,2025-09,1
LN108407,2023-09,1
LN108725,2025-03,0
LN101057,2025-04,0
LN104177,2024-09,1
LN100122,2024-10,0
LN108333,2023-01,0
LN101655,2023-03,1
LN107844,2023-10,1
LN105823,2025-04,0
LN108661,2024-01,0
LN108488,2025-09,1
LN105263,2025-04,0
LN108812,2024-09,0
LN100592,2025-03,0
LN106613,2025-07,0
LN107408,2024-09,0
LN103626,2025-07,0
LN107939,2025-07,0
LN106329,2025-06,0
LN104814,2025-10,0
LN108652,2024-02,0
LN100106,2025-02,0
LN105228,2022-01,0
LN107455,2024-02,0
LN105718,2025-07,0
LN107910,2025-01,0
LN101318,2023-08,1
LN103318,2025-03,0
LN101292,2025-08,1
LN108290,2024-09,0
LN103946,2023-08,1
LN102788,2023-05,0
LN101988,2023-12,1
LN106689,2025-12,0
LN103960,2025-12,0
LN102101,2025-05,0
LN101014,2025-02,0
LN106724,2025-12,0
LN100902,2025-12,0
LN100153,2024-01,1
LN106017,2024-09,1
LN106905,2021-09,1
LN105332,2024-03,0
LN108039,2024-08,0
LN102179,2023-03,0
LN104833,2025-11,0
LN102150,2025-12,0
LN103869,2024-03,0
LN107736,2023-10,0
LN108351,2024-03,0
LN101408,2022-08,1
LN100969,2023-05,0
LN101311,2025-03,0
LN103466,2024-05,1
LN104385,2024-03,1
LN104857,2025-01,0
LN101349,2025-04,0
LN101509,2024-02,0
LN106075,2023-03,1
LN105604,2024-08,0
LN100725,2025-09,0
LN100704,2024-01,0
LN107089,2025-01,1
LN102984,2024-08,0
LN103972,2022-11,0
LN108912,2023-11,0
LN102350,2025-01,0
LN106898,2024-11,1
LN106681,2022-10,0
LN103730,2024-07,0
LN107736,2024-10,1
LN100291,2022-06,1
LN107381,2024-06,1
LN108107,2023-09,0
LN101806,2023-02,0
LN105985,2022-08,0
LN101971,2024-09,0
LN103103,2023-12,1
LN104675,2022-12,0
LN100259,2025-07,0
LN106277,2024-12,1
LN101946,2024-02,1
LN103046,2024-07,0
LN104841,2024-04,1
LN101343,2023-07,0
LN104734,2024-11,0
LN103922,2025-05,0
LN104093,2025-11,0
LN107929,2025-06,1
LN100459,2022-03,1
LN105778,2025-06,0
LN107245,2024-10,0
LN100980,2025-01,1
LN108918,2024-10,0
LN108037,2022-01,0
LN100170,2025-02,0
LN102729,2024-03,0
LN104883,2022-03,0
LN108258,2025-08,1
LN100255,2023-03,0
LN106773,2024-03,0
LN106664,2025-08,0
LN104242,2025-08,0
LN107148,2022-09,0
LN105244,2025-11,0
LN100040,2024-04,0
LN100936,2022-07,1
LN107650,2024-05,0
LN102073,2025-03,0
LN100262,2023-07,0
LN104704,2024-07,0
LN100912,2024-04,0
LN102666,2025-12,0
LN106361,2025-12,0
LN106960,2023-05,1
LN103727,2025-10,1
LN108839,2023-05,0
LN100498,2025-03,1
LN101501,2024-10,0
LN106812,2024-02,1
LN106883,2023-05,0
LN107762,2025-12,0
LN103278,2025-12,1
LN105055,2024-08,1
LN106585,2024-08,0
LN105715,2025-12,0
LN107074,2024-10,0
LN105426,2024-10,0
LN105464,2024-01,1
LN108317,2024-11,1
LN105862,2024-02,0
LN106226,2024-03,0
LN106691,2024-12,0
LN106076,2023-01,1
LN104938,2022-10,0
LN107154,2024-02,1
LN100216,2024-04,0
LN102885,2024-05,1
LN107501,2024-05,0
LN102840,2023-03,0
LN103534,2022-09,0
LN100019,2025-10,0
LN101867,2024-02,1
LN106207,2025-04,1
LN100509,2022-04,0
LN102353,2024-08,0
LN101470,2024-09,0
LN101966,2024-12,0
LN103096,2025-01,0
LN104254,2025-08,1
LN105621,2022-01,0
LN106287,2022-07,0
LN107986,2024-09,0
LN106566,2023-02,0
LN102887,2023-03,0
LN105915,2021-09,1
LN105562,2025-07,0
LN100172,2025-06,1
LN104717,2025-09,1
LN102713,2023-10,0
LN108846,2025-11,0
LN100313,2022-11,0
LN105875,2023-11,0
LN105276,2025-01,0
LN103698,2023-02,0
LN101787,2023-12,0
LN107042,2025-07,0
LN104514,2025-11,1
LN106831,2023-06,0
LN108836,2025-11,0
LN104474,2024-06,0
LN102038,2025-02,1
LN101684,2023-05,1
LN106561,2024-07,1
LN105440,2023-09,0
LN105754,2023-08,0
LN102064,2025-09,0
LN103643,2025-03,1
LN102258,2025-06,0
LN106384,2025-12,0
LN103007,2025-07,0
LN100141,2023-05,0
LN101782,2023-11,0
LN105328,2023-12,0
LN108442,2022-07,1
LN100766,2023-10,0
LN102330,2023-07,0
LN107609,2021-08,0
LN100352,2023-05,0
LN103348,2024-08,0
LN102468,2022-07,0
LN102727,2025-06,0
LN107861,2024-07,0
LN100603,2021-12,1
LN108007,2023-01,0
LN100789,2021-07,0
LN102860,2024-09,1
LN106757,2023-06,0
LN107722,2024-07,0
LN108955,2023-12,1
LN100456,2025-06,0
LN108749,2024-03,0
LN104718,2024-03,0
LN104619,2024-11,0
LN108318,2025-07,0
LN101402,2025-09,1
LN100287,2024-08,1
LN108511,2024-02,1
LN107613,2024-10,0
LN107254,2022-07,0
LN106881,2022-07,0
LN101369,2024-11,0
LN108108,2025-12,1
LN105322,2025-10,0
LN103573,2023-02,0
LN104037,2025-10,1
LN107170,2024-11,0
LN108505,2023-01,0
LN106985,2025-04,0
LN103186,2024-11,0
LN101019,2025-08,0
LN104433,2025-07,0
LN104007,2025-10,0
LN101519,2024-06,0
LN104044,2024-06,0
LN101830,2024-05,0
LN104255,2023-03,0
LN106876,2023-09,0
LN105771,2023-07,1
LN102590,2025-06,1
LN103765,2023-06,0
LN104546,2025-03,1
LN104893,2024-02,1
LN103044,2023-10,0
LN100110,2024-07,0
LN108139,2024-11,1
LN108035,2025-02,0
LN107812,2023-03,0
LN105219,2023-02,0
LN101295,2023-04,1
LN106698,2024-04,0
LN101183,2025-12,0
LN108640,2025-07,0
LN105635,2023-09,1
LN108845,2023-09,0
LN102275,2022-12,0
LN106592,2023-05,1
LN106224,2024-11,0
LN104946,2023-12,0
LN108733,2025-03,0
LN102901,2025-05,0
LN108737,2022-05,1
LN100021,2023-02,0
LN102360,2024-07,0
LN103718,2025-07,1
LN100010,2025-12,1
LN103129,2025-11,1
LN100296,2025-03,1
LN104148,2024-07,1
LN103845,2024-07,0
LN105955,2024-07,0
LN103516,2025-10,0
LN103421,2025-04,0
LN106330,2025-04,0
LN101326,2024-02,0
LN100020,2023-04,0
LN100261,2023-08,1
LN105675,2023-11,1
LN104930,2021-11,0
LN103339,2024-08,1
LN103566,2025-02,0
LN105573,2024-07,1
LN101787,2025-12,0
LN101599,2025-03,0
LN108503,2024-09,0
LN104625,2024-03,0
LN106196,2023-11,0
LN106342,2025-08,1
LN101093,2024-04,0
LN102333,2024-11,0
LN100706,2022-02,0
LN101856,2025-05,0
LN100989,2024-12,0
LN103453,2023-07,0
LN102008,2024-12,0
LN100349,2023-09,1
LN107925,2024-11,0
LN100151,2024-01,0
LN104474,2025-04,0
LN100634,2024-08,0
LN103175,2024-02,0
LN100709,2025-02,0
LN105309,2023-12,0
LN108184,2025-12,0
LN100572,2024-01,1
LN105240,2023-04,0
LN107597,2023-04,1
LN108550,2025-05,0
LN103932,2025-11,0
LN101305,2024-03,0
LN100897,2023-08,1
LN105742,2024-10,1
LN106500,2022-09,0
LN105569,2024-10,0
LN107899,2023-08,1
LN108174,2024-06,0
LN103579,2025-12,0
LN101703,2023-04,1
LN102793,2025-12,0
LN105952,2023-05,0
LN107560,2025-03,0
LN108526,2024-10,0
LN105160,2024-03,1
LN101192,2024-02,0
LN105373,2022-08,0
LN105707,2022-11,0
LN102826,2024-01,0
LN103184,2025-11,1
LN105109,2024-11,0
LN106957,2025-08,0
LN102088,2025-04,1
LN104404,2023-01,1
LN100949,2022-07,0
LN106078,2023-10,0
LN105451,2025-07,0
LN106758,2023-05,0
LN101311,2023-04,1
LN108826,2023-07,1
LN106312,2024-10,1
LN108054,2025-01,0
LN108874,2022-11,0
LN100438,2022-06,1
LN106299,2022-04,0
LN105561,2024-11,0
LN101463,2022-09,0
LN105796,2025-02,0
LN106574,2024-03,1
LN105566,2023-11,1
LN104095,2023-07,0
LN100681,2024-05,0
LN105159,2025-05,0
LN106469,2024-09,0
LN104477,2025-02,1
LN100232,2025-06,0
LN101518,2024-08,0
LN106254,2023-12,0
LN103785,2024-05,0
LN100028,2024-11,0
LN105176,2024-10,0
LN108651,2023-12,1
LN102479,2022-04,0
LN102443,2022-10,1
LN104344,2023-06,1
LN105971,2023-03,0
LN105666,2025-12,1
LN105291,2024-08,0
LN108655,2024-06,1
LN107397,2022-08,0
LN107514,2025-11,0
LN105203,2025-07,0
LN106604,2023-11,0
LN102206,2022-11,1
LN104571,2022-02,1
LN108932,2025-11,0
LN105488,2024-12,0
LN101175,2025-07,0
LN104685,2024-10,0
LN108900,2022-07,0
LN102821,2024-05,0
LN105808,2025-11,0
LN107600,2022-11,0
LN106961,2025-08,0
LN100026,2023-08,0
LN107238,2024-12,0
LN105143,2023-06,0
LN107418,2025-10,1
LN106449,2022-06,0
LN108182,2025-02,0
LN105094,2023-05,0
LN104551,2022-07,0
LN101517,2023-01,0
LN107001,2023-02,0
LN104785,2023-04,0
LN104376,2025-12,0
LN107145,2023-10,1
LN108352,2023-09,1
LN107279,2025-11,0
LN105339,2023-08,0
LN105148,2022-12,1
LN105751,2022-12,0
LN108190,2024-02,0
LN103788,2025-06,0
LN100905,2025-02,0
LN101611,2022-09,0
LN101264,2022-06,0
LN102180,2024-08,0
LN108675,2022-01,0
LN103735,2023-12,0
LN103456,2024-07,0
LN101990,2025-04,0
LN104769,2022-04,0
LN104174,2024-02,0
LN108128,2023-09,0
LN102223,2023-10,0
LN107988,2022-11,0
LN105446,2024-04,1
LN102531,2024-06,1
LN107262,2025-02,0
LN104744,2025-06,0
LN101879,2024-10,0
LN102813,2025-07,0
LN102429,2023-09,0
LN106889,2025-03,1
LN108052,2025-12,0
LN103534,2025-03,0
LN103243,2025-02,0
LN104592,2023-07,1
LN103810,2024-01,0
LN102827,2025-03,1
LN103253,2024-01,0
LN100713,2025-02,0
LN107525,2023-02,0
LN103866,2024-11,0
LN104662,2022-04,0
LN100170,2022-07,0
LN103089,2024-10,0
LN102322,2022-09,1
LN107367,2024-02,0
LN107577,2025-07,0
LN105856,2024-04,0
LN102475,2025-02,1
LN104454,2023-08,0
LN103925,2025-02,0
LN106005,2024-09,0
LN100889,2022-09,0
LN104818,2024-11,0
LN100284,2023-08,0
LN103343,2025-09,0
LN104843,2022-04,1
LN106446,2024-02,0
LN100944,2023-07,0
LN100392,2023-11,1
LN104242,2025-04,1
LN100719,2024-11,1
LN105689,2023-03,0
LN107770,2025-09,0
LN105837,2022-10,0
LN104731,2024-09,1
LN102818,2024-01,0
LN105920,2024-04,0
LN108251,2024-05,0
LN100949,2025-06,0
LN108390,2025-02,1
LN108445,2023-08,1
LN104969,2024-08,1
LN104067,2024-04,1
LN101111,2023-04,0
LN108195,2024-07,0
LN107135,2025-12,0
LN102936,2024-12,0
LN108064,2025-06,0
LN105631,2024-12,1
LN101770,2025-09,0
LN101931,2025-12,0
LN106756,2023-11,0
LN105693,2025-08,0
LN102604,2025-10,0
LN102875,2023-07,0
LN105761,2024-09,0
LN101946,2025-01,0
LN103333,2025-04,0
LN106579,2024-05,0
LN108131,2024-12,1
LN101828,2025-03,0
LN102391,2022-05,0
LN108513,2025-09,0
LN101350,2023-03,1
LN104873,2024-03,0
LN101410,2025-04,0
LN106611,2025-03,0
LN101127,2025-02,0
LN101350,2022-03,0
LN101350,2021-12,0
LN101743,2022-09,0
LN105729,2025-05,1
LN105829,2025-11,0
LN107999,2025-04,0
LN108870,2023-06,0
LN106028,2023-09,0
LN107963,2023-07,0
LN107472,2024-02,1
LN103829,2023-05,0
LN104749,2025-08,0
LN100596,2025-12,1
LN108239,2025-08,1
LN102429,2024-02,0
LN101002,2025-09,0
LN108398,2024-08,0
LN105158,2025-04,0
LN103484,2023-11,0
LN102918,2025-04,0
LN103399,2024-02,0
LN104902,2025-04,1
LN102282,2023-09,0
LN103116,2024-07,0
LN106089,2025-04,0
LN108874,2023-05,1
LN100977,2024-06,0
LN104354,2024-06,0
LN103552,2025-10,1
LN103139,2025-05,1
LN106743,2022-04,0
LN105034,2023-08,0
LN108363,2022-03,0
LN104401,2021-11,1
LN107150,2024-04,0
LN100100,2025-01,0
LN100892,2024-08,1
LN101307,2023-11,0
LN108681,2022-03,0
LN102432,2025-06,0
LN106520,2021-09,0
LN101228,2024-08,0
LN106398,2023-07,0
LN101833,2022-02,0
LN104461,2025-02,1
LN105942,2023-12,1
LN100732,2025-05,0
LN102133,2023-01,0
LN106932,2025-10,0
LN104220,2022-04,0
LN108287,2024-07,0
LN100731,2023-03,0
LN108952,2024-08,1
LN101742,2023-03,0
LN102803,2022-05,0
LN105751,2022-11,0
LN102442,2022-06,1
LN104839,2025-09,1
LN100466,2025-06,0
LN101709,2022-04,0
LN107472,2025-02,0
LN106713,2024-08,0
LN107602,2025-11,0
LN101129,2025-11,0
LN104640,2025-07,0
LN100015,2024-05,0
LN105415,2025-08,0
LN100597,2025-07,1
LN102348,2023-12,0
LN104769,2025-12,0
LN107140,2024-12,0
LN105564,2023-10,0
LN102664,2024-05,0
LN102327,2023-09,1
LN102252,2025-08,0
LN102892,2025-01,1
LN102264,2025-12,1
LN101202,2025-01,1
LN103942,2025-06,0
LN102499,2025-04,0
LN102026,2024-06,0
LN107157,2025-04,1
LN100362,2023-08,0
LN101054,2023-05,0
LN107250,2024-09,0
LN108871,2023-09,0
LN108224,2024-08,0
LN103847,2025-01,0
LN105929,2022-05,0
LN106855,2025-09,1
LN102786,2022-10,0
LN105785,2024-11,0
LN107458,2022-03,0
LN106068,2023-09,0
LN103747,2025-06,0
LN107061,2022-11,0
LN104769,2025-06,0
LN100029,2025-04,1
LN105242,2025-10,0
LN107953,2025-03,0
LN107069,2025-05,1
LN100335,2024-07,0
LN105504,2024-07,1
LN102471,2022-02,0
LN106542,2025-12,1
LN107284,2023-08,0
LN108037,2025-03,1
LN103558,2023-01,1
LN106103,2022-06,1
LN103367,2022-12,1
LN100345,2024-02,0
LN103048,2023-08,0
LN101320,2025-10,0
LN104510,2022-10,0
LN106320,2025-07,0
LN100636,2023-08,1
LN106555,2024-04,0
LN103465,2025-12,0
LN108225,2025-07,1
LN105277,2024-10,0
LN103056,2025-02,0
LN105285,2024-09,1
LN105457,2024-08,0
LN103559,2024-02,1
LN108401,2024-01,0
LN103507,2024-05,0
LN106962,2023-07,0
LN106604,2025-04,1
LN101228,2025-11,0
LN104059,2024-08,0
LN106550,2024-09,0
LN104378,2023-01,1
LN105498,2025-07,0
LN106796,2023-04,1
LN101651,2024-10,0
LN106741,2025-01,0
LN106084,2025-06,0
LN101365,2024-04,0
LN101265,2022-05,0
LN104370,2024-01,0
LN100716,2025-01,1
LN105424,2025-10,0
LN104650,2024-07,0
LN105909,2023-08,0
LN101561,2022-11,1
LN104801,2025-08,0
LN104188,2022-10,1
LN108063,2025-06,0
LN105476,2025-05,0
LN103488,2025-01,0
LN108577,2025-01,1
LN101349,2024-11,0
LN103289,2023-11,1
LN103933,2025-01,0
LN105229,2024-10,0
LN101718,2024-04,0
LN105617,2022-04,0
LN100401,2025-10,1
LN103027,2024-04,0
LN104139,2023-12,0
LN102441,2022-04,0
LN107505,2023-12,0
LN102527,2025-12,0
LN105534,2022-01,1
LN106355,2024-05,1
LN100724,2025-05,0
LN107429,2025-12,0
LN102501,2023-03,0
LN100139,2024-05,0
LN105622,2024-07,0
LN108123,2024-04,0
LN101282,2024-08,1
LN100848,2025-08,0
LN106145,2024-12,1
LN105561,2023-04,1
LN105609,2025-08,0
LN100252,2022-09,0
LN103037,2024-07,0
LN102015,2022-08,0
LN101458,2023-04,1
LN108502,2024-11,0
LN104464,2024-04,0
LN104383,2024-09,0
LN108280,2025-12,0
LN105708,2024-04,1
LN101773,2023-03,0
LN106353,2024-12,0
LN106247,2025-10,0
LN105598,2024-08,0
LN108206,2023-03,1
LN104112,2025-01,0
LN108319,2025-01,1
LN107581,2023-09,0
LN106052,2025-10,1
LN108807,2022-11,0
LN104737,2024-04,0
LN103782,2022-08,1
LN106014,2024-06,0
LN103827,2024-10,0
LN103374,2025-12,0
LN108739,2025-03,0
LN106392,2023-10,0
LN108103,2025-05,0
LN103068,2022-02,0
LN103197,2024-08,1
LN101355,2023-05,1
LN107750,2024-06,1
LN107767,2023-06,0
LN104954,2024-06,0
LN108764,2025-07,0
LN104117,2022-03,0
LN100488,2025-12,1
LN106716,2025-08,1
LN107693,2025-01,0
LN108195,2025-07,0
LN106861,2023-12,0
LN105070,2024-11,1
LN104186,2024-03,1
LN100136,2024-08,0
LN101299,2021-10,1
LN104384,2023-11,0
LN102916,2023-12,0
LN105780,2023-10,0
LN107392,2023-09,0
LN100610,2024-06,0
LN105715,2024-12,0
LN105826,2024-03,0
LN103723,2025-03,0
LN107038,2025-09,0
LN106466,2025-04,0
LN103953,2024-07,1
LN103252,2025-07,1
LN106368,2021-08,0
LN107014,2025-04,0
LN107303,2022-08,0
LN108705,2023-10,0
LN107924,2023-11,1
LN100796,2025-12,0
LN106572,2022-08,0
LN106685,2023-12,0
LN105658,2023-10,0
LN107223,2022-12,1
LN106586,2024-11,0
LN100430,2022-07,0
LN103856,2024-07,1
LN104674,2024-11,1
LN100199,2025-03,0
LN100040,2023-08,1
LN108047,2025-10,0
LN104844,2025-08,1
LN108450,2025-11,1
LN104612,2025-01,1
LN107479,2025-09,0
LN103863,2024-06,1
LN104914,2024-11,1
LN106914,2022-04,0
LN102582,2023-10,1
LN103565,2022-07,1
LN103252,2023-07,0
LN108875,2025-01,0
LN100625,2022-10,0
LN102252,2022-06,0
LN104312,2025-11,1
LN104647,2022-08,0
LN104116,2025-02,0
LN108651,2023-09,1
LN100259,2025-03,1
LN107334,2023-06,0
LN105102,2022-07,0
LN103118,2023-08,0
LN108885,2025-03,1
LN102561,2025-10,0
LN108736,2024-12,0
LN107679,2023-02,1
LN104312,2023-03,0
LN102811,2023-01,1
LN102460,2025-04,1
LN103690,2023-05,1
LN108629,2024-06,1
LN101585,2022-09,0
LN101962,2025-07,0
LN103729,2023-11,0
LN105991,2023-05,1
LN101229,2023-01,0
LN104103,2022-09,1
LN102683,2025-12,0
LN107443,2023-12,0
LN101431,2024-01,1
LN102983,2025-11,0
LN108875,2023-12,1
LN107575,2022-03,0
LN104263,2025-09,0
LN100163,2025-05,1
LN101424,2024-12,1
LN104736,2022-05,1
LN100745,2024-01,0
LN108727,2025-09,1
LN108988,2024-03,0
LN105847,2025-11,1
LN102055,2024-05,0
LN107121,2025-08,0
LN101560,2023-08,0
LN100306,2023-07,0
LN106289,2025-12,1
LN100314,2023-10,0
LN105140,2025-03,0
LN106809,2025-03,0
LN100172,2024-07,0
LN106040,2023-09,1
LN102311,2022-05,1
LN102575,2022-11,0
LN108991,2023-11,0
LN106823,2023-09,0
LN102315,2022-02,0
LN102629,2022-05,1
LN105966,2024-02,1
LN103193,2023-06,0
LN103442,2025-06,1
LN104661,2024-03,0
LN101154,2024-01,0
LN108292,2025-11,0
LN107643,2024-04,1
LN100663,2025-11,0
LN102968,2024-03,0
LN108242,2024-03,0
LN101923,2024-05,0
LN104655,2025-01,0
LN103558,2025-09,0
LN108149,2024-05,1
LN102381,2024-08,0
LN101044,2024-03,1
LN103052,2024-11,1
LN106871,2025-12,1
LN103170,2024-10,0
LN107920,2025-03,1
LN108298,2024-06,1
LN106905,2022-02,0
LN108846,2023-05,0
LN106400,2024-01,0
LN101819,2023-10,0
LN104563,2025-04,0
LN106819,2023-02,1
LN105603,2024-09,1
LN102945,2023-12,0
LN108520,2025-06,1
LN106617,2024-01,0
LN106925,2021-10,0
LN101160,2025-12,1
LN108274,2022-07,0
LN103488,2024-09,0
LN108746,2024-01,0
LN106389,2024-12,1
LN105602,2023-10,0
LN107368,2022-07,1
LN105102,2023-07,0
LN106088,2022-11,0
LN101403,2025-03,0
LN102241,2025-05,1
LN103223,2024-09,0
LN103551,2023-08,0
LN105259,2025-02,0
LN101099,2024-08,0
LN104769,2023-02,0
LN103368,2023-11,1
LN108647,2022-02,1
LN106446,2023-05,0
LN102635,2025-11,0
LN101424,2023-10,0
LN108455,2023-03,1
LN100687,2025-03,0
LN103240,2023-11,0
LN105851,2024-01,0
LN105589,2025-08,0
LN103726,2022-01,1
LN101128,2025-08,0
LN103150,2024-05,0
LN105755,2025-06,0
LN105837,2022-07,0
LN103647,2023-12,0
LN101701,2023-02,1
LN103096,2023-05,1
LN106615,2025-06,0
LN100568,2025-05,0
LN103373,2023-08,0
LN106759,2025-06,1
LN101685,2024-01,1
LN104940,2025-07,0
LN106876,2023-01,0
LN102734,2023-06,0
LN104627,2022-03,0
LN108314,2021-10,1
LN106525,2022-04,1
LN105233,2022-11,0
LN100872,2021-12,0
LN102630,2025-05,0
LN102076,2024-04,1
LN108252,2023-03,1
LN103708,2024-01,0
LN104054,2021-09,0
LN100800,2021-12,0
LN106206,2024-05,0
LN100552,2025-06,1
LN107844,2025-08,0
LN107232,2025-04,0
LN103509,2023-08,1
LN101064,2024-07,0
LN106138,2023-05,1
LN107106,2022-08,0
LN106927,2022-08,0
LN101542,2024-01,0
LN106832,2023-01,0
LN107730,2025-08,0
LN104426,2022-08,0
LN102029,2025-04,0
LN103811,2025-09,0
LN108104,2022-03,1
LN108778,2022-11,1
LN105802,2025-12,1
LN100992,2024-12,0
LN108950,2022-05,0
LN105113,2023-06,0
LN104854,2023-01,0
LN100784,2024-02,0
LN106358,2023-09,1
LN100142,2022-07,0
LN103410,2022-12,0
LN107250,2024-01,0
LN104190,2024-03,0
LN104458,2024-07,1
LN103377,2024-08,0
LN107970,2022-06,0
LN101369,2025-06,1
LN107507,2025-10,0
LN103517,2024-09,0
LN102920,2022-12,0
LN108116,2025-10,0
LN104876,2023-04,0
LN105119,2022-02,0
LN101445,2025-09,0
LN108085,2025-12,1
LN100396,2023-03,0
LN101950,2025-04,0
LN107816,2023-05,0
LN104098,2024-07,1
LN100266,2024-10,0
LN103613,2024-10,0
LN103998,2024-02,1
LN103169,2025-07,1
LN107035,2025-03,1
LN101163,2024-03,1
LN107938,2022-04,1
LN108667,2023-03,0
LN108279,2025-09,0
LN101269,2024-06,0
LN100791,2023-05,1
LN104161,2023-11,0
LN103098,2023-03,0
LN102255,2025-10,0
LN106067,2025-11,0
LN102926,2025-06,0
LN108955,2024-05,0
LN105108,2022-10,1
LN105832,2025-01,0
LN104893,2025-06,0
LN105375,2025-02,0
LN100945,2024-04,0
LN104982,2024-01,1
LN104743,2025-03,0
LN102081,2025-09,1
LN105687,2024-04,0
LN100989,2025-03,0
LN103303,2024-08,1
LN104802,2025-06,0
LN104310,2024-07,0
LN104065,2023-04,0
LN108725,2024-10,0
LN103404,2025-03,0
LN103606,2024-03,0
LN103082,2022-07,0
LN102237,2024-09,0
LN106976,2025-09,1
LN103618,2024-07,1
LN101817,2024-05,0
LN103284,2025-05,0
LN102010,2025-04,0
LN105394,2025-01,1
LN107376,2025-09,0
LN100777,2023-08,0
LN102421,2025-03,0
LN103585,2022-04,0
LN101853,2023-08,0
LN101962,2024-04,0
LN108756,2025-06,0
LN106660,2022-07,0
LN105143,2024-04,1
LN104483,2024-09,1
LN100734,2024-04,0
LN100117,2021-12,0
LN106227,2023-12,0
LN104869,2024-02,0
LN105395,2024-08,0
LN107426,2024-12,0
LN106965,2024-11,1
LN105950,2024-07,0
LN102853,2023-09,0
LN102339,2022-07,0
LN102420,2022-06,0
LN105431,2024-04,0
LN107134,2024-10,1
LN103537,2022-05,0
LN105616,2024-05,1
LN105342,2023-06,0
LN100574,2023-09,0
LN107680,2025-09,0
LN102214,2024-06,1
LN101546,2024-12,0
LN104776,2024-10,0
LN108524,2024-11,1
LN107654,2024-12,0
LN105256,2023-04,1
LN105802,2024-02,0
LN101700,2024-06,0
LN101481,2023-04,0
LN102140,2024-01,1
LN106998,2023-06,0
LN101221,2025-03,1
LN107530,2024-09,0
LN108116,2025-09,0
LN105320,2024-10,0
LN100138,2024-06,1
LN103729,2024-07,0
LN100002,2023-10,0
LN104684,2024-08,1
LN102187,2022-05,1
LN103540,2025-07,1
LN101254,2024-06,0
LN104142,2025-10,0
LN101433,2024-09,0
LN108731,2025-10,1
LN100897,2022-09,0
LN105476,2025-01,0
LN108459,2022-06,1
LN102550,2024-10,0
LN107379,2025-11,1
LN107147,2024-12,0
LN101159,2025-06,0
LN108583,2023-08,0
LN104985,2022-01,1
LN100031,2025-12,0
LN105438,2024-02,0
LN102313,2023-01,1
LN104977,2023-03,0
LN108366,2024-08,0
LN106680,2023-07,1
LN104833,2022-11,1
LN101785,2025-11,0
LN103978,2023-09,1
LN105691,2025-04,1
LN104002,2024-12,1
LN105371,2024-11,0
LN106927,2025-02,1
LN104974,2024-04,0
LN101284,2024-04,1
LN105306,2023-11,0
LN106284,2023-03,0
LN106573,2025-09,0
LN101293,2022-09,0
LN103498,2024-10,0
LN102974,2022-03,0
LN104939,2024-03,0
LN104337,2025-03,0
LN100563,2023-08,0
LN108294,2022-12,0
LN103736,2024-04,0
LN102853,2022-04,0
LN100169,2021-11,0
LN100853,2024-12,0
LN102911,2023-09,0
LN103703,2025-09,1
LN104163,2023-02,0
LN100699,2022-03,0
LN108093,2024-08,0
LN100738,2025-12,0
LN106276,2022-09,0
LN106210,2023-12,0
LN107580,2024-12,1
LN106487,2025-05,0
LN104234,2025-05,0
LN102088,2024-04,0
LN103434,2024-12,0
LN105449,2023-01,0
LN101103,2022-02,0
LN100020,2023-12,0
LN106283,2022-06,1
LN103241,2024-10,0
LN102791,2022-11,0
LN100071,2025-06,1
LN108394,2023-08,0
LN101084,2025-01,1
LN101623,2023-05,0
LN101129,2023-10,1
LN104963,2023-03,1
LN101591,2024-04,0
LN108592,2023-06,1
LN106306,2025-10,0
LN108888,2024-05,0
LN100127,2025-11,0
LN104430,2025-04,0
LN102103,2025-12,0
LN104799,2024-06,0
LN107523,2024-02,0
LN108403,2025-07,0
LN103459,2023-10,0
LN103033,2022-12,0
LN103268,2025-06,1
LN100880,2025-02,0
LN106869,2025-11,0
LN100113,2023-10,0
LN105814,2024-09,0
LN101085,2024-09,1
LN102031,2024-07,0
LN100818,2024-04,0
LN106923,2025-03,0
LN101719,2024-08,0
LN100622,2025-01,0
LN100800,2022-01,0
LN108983,2024-06,0
LN106228,2025-01,0
LN102919,2025-02,0
LN107731,2024-06,0
LN100690,2025-11,0
LN105807,2025-10,0
LN106641,2023-10,0
LN105548,2024-01,0
LN100043,2025-04,1
LN107731,2024-09,0
LN107132,2024-12,0
LN105203,2024-07,0
LN105892,2024-08,0
LN101537,2022-05,0
LN106636,2025-09,1
LN105075,2025-09,0
LN101871,2022-06,1
LN104876,2024-01,1
LN100234,2025-12,0
LN106230,2025-05,1
LN106470,2024-12,1
LN104290,2023-12,1
LN105228,2022-10,0
LN104188,2025-01,0
LN103987,2025-10,0
LN102881,2023-12,0
LN103925,2023-07,1
LN101925,2024-07,0
LN107973,2024-08,0
LN108492,2024-08,0
LN106126,2022-04,0
LN103163,2022-09,0
LN103324,2025-05,0
LN104835,2025-03,0
LN104659,2023-09,1
LN106978,2024-08,0
LN100133,2023-10,0
LN102278,2023-09,0
LN108704,2024-08,0
LN104749,2023-04,1
LN104251,2024-09,0
LN108296,2025-07,0
LN100263,2025-12,0
LN105311,2025-12,0
LN100397,2025-01,1
LN102741,2024-04,0
LN103053,2024-12,1
LN100411,2024-08,1
LN104658,2024-05,1
LN100110,2023-07,0
LN106570,2024-06,1
LN100103,2023-12,0
LN106346,2024-12,0
LN108740,2025-12,0
LN106514,2024-10,0
LN108559,2024-06,0
LN102314,2025-03,1
LN100287,2024-06,0
LN105727,2022-11,0
LN102861,2025-11,1
LN107092,2023-07,0
LN104926,2024-07,0
LN100481,2025-01,0
LN106965,2024-09,1
LN103460,2025-07,0
LN106598,2025-07,0
LN102341,2025-03,0
LN104835,2025-09,1
LN106189,2023-10,0
LN103202,2025-01,0
LN108463,2021-09,0
LN101917,2024-08,0
LN107176,2025-02,0
LN103608,2024-02,1
LN105134,2025-10,0
LN104220,2023-03,0
LN101235,2022-09,0
LN102251,2024-09,1
LN102767,2025-01,0
LN103105,2024-07,0
LN102076,2025-04,1
LN100081,2024-05,1
LN105958,2024-05,0
LN106429,2023-05,0
LN103569,2022-07,0
LN101560,2025-01,1
LN108485,2024-08,1
LN101021,2024-10,0
LN103956,2023-04,0
LN106548,2023-06,0
LN104283,2023-04,0
LN100896,2024-05,1
LN108994,2025-12,0
LN101668,2024-05,0
LN106455,2025-04,0
LN101611,2025-03,0
LN104022,2024-09,0
LN108234,2023-05,0
LN105395,2022-05,0
LN100254,2025-01,0
LN102842,2024-03,0
LN107479,2025-10,1
LN102273,2023-08,0
LN103665,2023-12,1
LN104821,2025-12,0
LN107266,2025-03,0
LN103967,2023-03,1
LN103569,2022-06,0
LN100326,2023-08,1
LN103793,2023-12,1
LN104304,2024-12,0
LN103227,2024-08,1
LN100133,2024-10,0
LN107610,2022-12,0
LN104902,2024-09,0
LN100313,2025-09,1
LN107010,2023-03,0
LN104013,2025-10,0
LN105131,2025-06,0
LN104112,2024-07,0
LN105067,2022-12,0
LN102389,2024-10,1
LN105268,2024-05,1
LN102900,2025-11,0
LN104074,2023-07,0
LN104260,2024-10,0
LN105034,2024-07,0
LN106785,2025-01,0
LN105021,2023-04,0
LN101270,2024-06,0
LN105481,2023-12,0
LN100542,2022-08,1
LN107621,2024-05,0
LN106125,2025-02,0
LN108201,2023-12,0
LN102618,2025-12,0
LN108818,2024-09,0
LN104855,2024-02,0
LN105481,2025-05,1
LN104048,2024-02,0
LN102191,2024-06,0
LN104283,2025-06,1
LN108141,2024-12,0
LN100604,2025-05,1
LN107908,2024-09,0
LN103488,2023-08,1
LN107506,2022-10,1
LN103544,2023-03,1
LN104487,2024-08,0
LN102568,2024-11,0
LN105502,2021-11,0
LN102151,2024-05,1
LN104454,2023-10,0
LN103884,2024-11,0
LN104626,2024-09,0
LN103457,2021-08,0
LN102725,2024-12,0
LN107568,2024-10,1
LN103259,2025-11,0
LN103027,2025-04,0
LN108148,2024-01,1
LN102189,2025-01,0
LN101897,2025-12,1
LN103371,2024-05,0
LN108136,2025-07,0
LN104268,2025-11,0
LN103192,2025-07,1
LN108739,2024-10,1
LN107640,2025-12,0
LN101844,2024-08,0
LN102261,2025-10,1
LN107470,2025-07,0
LN101982,2025-05,1
LN107741,2024-08,0
LN104071,2025-03,0
LN100368,2022-04,1
LN107592,2023-12,0
LN103396,2024-03,0
LN104527,2024-07,1
LN108367,2025-07,1
LN107231,2025-09,1
LN100233,2025-07,0
LN101040,2025-04,0
LN100794,2025-10,1
LN108091,2023-12,0
LN104344,2023-04,1
LN103430,2023-11,0
LN100904,2024-12,0
LN105834,2023-02,1
LN107294,2025-10,0
LN100979,2023-09,1
LN101944,2024-03,0
LN108161,2023-07,0
LN107313,2023-05,0
LN107697,2025-11,0
LN106375,2025-10,0
LN103067,2024-05,1
LN102599,2024-08,1
LN101820,2022-11,1
LN107123,2024-06,0
LN108932,2023-10,0
LN107892,2022-09,0
LN108314,2024-08,0
LN102234,2024-11,0
LN100931,2025-01,0
LN101588,2024-07,0
LN105414,2023-10,1
LN105566,2024-09,0
LN108278,2022-10,1
LN108190,2025-02,1
LN104184,2023-09,0
LN101455,2024-03,0
LN106222,2024-12,0
LN105960,2022-10,1
LN105382,2024-03,1
LN106989,2024-04,0
LN101273,2025-06,0
LN101031,2025-12,1
LN104556,2022-11,0
LN104353,2023-10,0
LN108484,2025-03,0
LN106675,2025-02,0
LN100979,2023-10,0
LN104812,2025-06,1
LN101969,2022-08,0
LN103270,2023-07,0
LN106590,2023-06,1
LN108563,2023-05,1
LN108972,2025-12,0
LN100175,2025-04,0
LN100731,2023-07,1
LN102810,2023-12,1
LN105144,2024-04,1
LN102173,2024-11,1
LN100723,2022-04,0
LN103503,2023-09,0
LN105779,2023-01,1
LN104132,2025-10,1
LN101866,2024-09,0
LN101950,2025-02,1
LN105892,2025-07,0
LN100701,2023-10,0
LN100514,2024-11,1
LN102042,2024-07,0
LN105894,2025-12,1
LN100244,2024-01,1
LN103868,2024-09,0
LN102540,2023-03,0
LN100967,2024-07,1
LN107306,2025-08,0
LN103861,2024-07,1
LN101885,2025-01,0
LN104803,2025-01,1
LN105794,2024-07,0
LN101787,2025-06,0
LN101135,2025-05,1
LN108499,2025-05,1
LN104247,2024-12,0
LN105302,2025-08,0
LN103102,2023-02,0
LN102629,2025-07,1
LN102386,2025-12,0
LN105915,2022-06,1
LN100390,2024-10,0
LN104817,2025-12,1
LN102039,2024-06,0
LN106963,2024-04,0
LN106954,2025-08,1
LN103000,2024-03,0
LN104235,2024-02,0
LN100897,2021-09,1
LN104515,2025-05,0
LN103751,2025-03,0
LN101806,2023-07,1
LN103133,2022-04,1
LN105637,2024-02,0
LN108038,2023-03,0
LN100723,2025-02,0
LN106105,2024-08,0
LN102524,2022-07,1
LN101329,2025-04,0
LN102217,2025-10,1
LN106884,2024-09,1
LN102437,2024-03,0
LN100971,2022-12,0
LN105628,2025-06,1
LN101288,2023-12,1
LN105881,2024-12,1
LN106181,2025-11,0
LN101289,2024-12,0
LN106615,2025-04,0
LN107872,2025-05,0
LN106383,2024-07,0
LN100285,2025-12,0
LN102028,2024-10,0
LN108595,2025-02,0
LN100757,2024-05,0
LN102506,2024-01,0
LN108751,2023-12,1
LN101364,2025-08,1
LN105796,2025-10,0
LN107886,2023-06,0
LN107962,2025-11,0
LN103712,2025-01,1
LN107910,2022-03,0
LN102453,2024-11,0
LN106708,2025-04,0
LN102015,2022-11,1
LN104259,2022-04,0
LN108416,2023-10,1
LN105859,2024-06,1
LN108867,2025-03,0
LN103579,2024-11,0
LN105064,2025-07,0
LN100536,2024-07,1
LN104440,2024-06,0
LN105518,2024-07,0
LN102659,2024-07,0
LN108932,2024-12,1
LN105272,2024-02,0
LN100706,2022-11,0
LN107841,2024-05,0
LN106379,2025-06,0
LN105066,2023-10,0
LN106257,2023-11,0
LN103589,2024-10,0
LN102206,2024-10,1
LN101770,2023-09,0
LN103546,2024-02,1
LN101661,2025-06,1
LN100653,2025-03,0
LN106788,2023-01,0
LN101795,2025-05,1
LN101098,2024-08,0
LN102314,2022-11,0
LN107269,2023-07,0
LN101991,2023-07,0
LN108820,2024-07,1
LN107014,2024-08,1
LN101871,2024-07,1
LN103372,2023-02,0
LN106356,2024-02,0
LN105726,2025-10,1
LN105124,2022-10,1
LN100902,2022-11,0
LN108208,2022-08,1
LN100174,2025-09,1
LN107998,2023-05,1
LN100154,2025-10,1
LN105502,2023-09,0
LN105928,2025-03,0
LN103958,2021-11,0
LN104489,2024-02,0
LN104293,2025-11,1
LN104236,2025-11,0
LN105185,2024-03,0
LN100559,2025-03,1
LN101377,2024-03,0
LN107673,2024-02,0
LN108269,2024-02,0
LN100385,2023-04,0
LN103425,2025-06,0
LN107837,2025-02,0
LN106660,2021-11,1
LN108020,2024-12,1
LN108135,2024-09,0
LN104630,2023-11,0
LN100039,2024-07,0
LN107457,2024-10,0
LN108332,2024-01,0
LN105136,2023-09,0
LN102249,2025-10,1
LN107895,2022-04,0
LN100498,2025-11,0
LN101704,2025-01,1
LN107964,2024-10,0
LN102975,2023-04,0
LN108838,2025-07,0
LN104342,2023-09,1
LN107551,2024-09,0
LN107028,2025-11,0
LN106520,2021-12,0
LN105274,2025-03,0
LN101674,2024-04,0
LN102889,2022-06,0
LN107812,2025-07,0
LN108684,2025-05,0
LN102784,2024-10,1
LN105281,2025-02,1
LN104279,2025-09,0
LN108043,2023-07,0
LN103033,2022-09,0
LN101780,2022-11,1
LN106563,2024-08,0
LN108071,2024-09,1
LN103990,2024-11,0
LN104644,2022-12,0
LN100295,2024-08,0
LN100315,2025-08,1
LN103119,2024-10,0
LN103525,2023-08,0
LN102930,2023-04,0
LN103588,2025-11,1
LN100425,2025-03,0
LN106627,2025-06,0
LN105236,2023-11,0
LN100290,2025-06,0
LN108881,2022-04,0
LN107353,2024-11,1
LN103920,2025-05,0
LN101790,2024-10,1
LN104579,2024-03,1
LN107579,2024-07,0
LN103879,2025-10,0
LN100356,2024-07,1
LN100887,2023-11,0
LN107510,2023-12,1
LN102511,2024-07,0
LN100456,2024-11,1
LN100340,2025-08,0
LN105968,2023-06,1
LN104812,2025-10,0
LN103632,2022-06,1
LN100433,2022-03,0
LN101311,2024-08,0
LN108723,2025-11,0
LN105332,2023-10,1
LN103931,2025-12,0
LN106221,2023-07,0
LN105654,2023-04,1
LN106279,2024-10,0
LN105030,2024-02,1
LN100877,2024-04,0
LN106763,2024-08,1
LN106356,2025-11,0
LN101644,2023-06,1
LN106318,2025-11,0
LN108998,2025-04,1
LN107851,2025-01,0
LN108009,2025-07,0
LN108210,2024-10,0
LN105837,2022-05,0
LN100143,2023-08,1
LN107274,2022-12,0
LN106740,2023-10,0
LN101409,2022-07,1
LN102925,2022-03,1
LN102734,2024-01,1
LN100436,2024-09,0
LN106217,2023-02,0
LN104827,2024-04,0
LN108582,2025-11,0
LN108552,2024-11,1
LN104126,2025-03,0
LN105802,2024-09,0
LN105478,2023-07,0
LN102965,2023-12,1
LN104178,2025-01,1
LN107673,2025-04,1
LN103349,2024-10,0
LN107027,2024-11,0
LN105726,2023-08,0
LN103111,2024-12,1
LN100163,2025-01,1
LN107382,2023-01,0
LN104154,2022-12,0
LN106484,2024-06,1
LN101389,2025-11,1
LN106349,2023-11,0
LN102749,2025-05,1
LN102817,2024-08,1
LN108318,2023-12,0
LN106376,2025-12,0
LN107283,2023-06,0
LN107750,2025-03,0
LN106392,2023-04,0
LN101386,2025-06,1
LN103794,2025-11,0
LN101229,2023-02,0
LN101941,2025-02,0
LN102733,2022-11,0
LN101391,2024-01,1
LN108061,2025-12,1
LN102348,2022-11,0
LN107296,2023-12,0
LN103841,2025-07,1
LN106092,2024-04,1
LN105210,2025-05,0
LN107337,2022-11,0
LN101492,2021-09,0
LN106048,2024-10,1
LN105829,2024-09,0
LN108990,2024-05,0
LN105014,2025-03,1
LN106924,2023-02,0
LN103398,2025-10,0
LN104202,2023-12,0
LN108507,2025-07,0
LN100232,2022-01,0
LN103277,2023-03,0
LN103422,2025-08,1
LN103585,2023-04,0
LN106784,2025-01,1
LN106948,2024-02,1
LN104507,2024-11,1
LN108751,2022-09,1
LN108592,2022-08,1
LN103177,2024-06,1
LN108744,2023-10,0
LN107378,2024-10,0
LN100973,2025-10,0
LN102924,2025-03,0
LN108508,2023-05,1
LN103670,2023-04,0
LN104516,2024-02,0
LN100276,2023-09,0
LN104371,2025-04,1
LN102645,2024-11,1
LN103542,2024-02,1
LN108255,2023-05,0
LN105022,2024-12,0
LN106748,2023-08,1
LN106377,2022-11,1
LN108289,2025-09,0
LN103303,2023-12,0
LN102528,2025-07,0
LN108486,2023-08,0
LN101071,2024-04,1
LN106928,2025-08,0
LN105505,2025-03,0
LN106384,2024-12,1
LN100442,2023-02,1
LN102276,2022-12,1
LN105297,2023-12,1
LN103750,2024-03,0
LN101515,2025-02,0
LN103563,2024-11,1
LN102231,2021-12,0
LN101778,2023-12,0
LN101192,2024-09,0
LN106831,2024-11,1
LN100902,2025-08,1
LN102582,2023-03,0
LN104680,2024-07,1
LN102560,2024-12,1
LN101570,2023-08,1
LN100153,2024-02,0
LN100883,2022-10,0
LN106429,2023-09,0
LN104388,2024-05,1
LN108994,2023-10,0
LN104664,2024-04,1
LN106294,2025-08,1
LN100582,2022-02,1
LN102057,2024-04,0
LN106803,2025-03,0
LN106807,2025-10,1
LN104939,2023-07,0
LN105350,2022-05,0
LN105061,2025-05,1
LN103173,2025-08,0
LN107999,2022-05,0
LN104779,2025-07,1
LN108082,2023-06,0
LN104151,2023-07,0
LN104409,2025-02,0
LN107846,2025-03,0
LN105728,2023-02,1
LN103947,2025-10,1
LN105935,2025-10,0
LN105942,2024-08,0
LN104743,2023-12,0
LN102095,2024-03,1
LN108348,2024-01,0
LN107688,2022-11,0
LN101729,2022-02,1
LN102022,2024-09,0
LN107446,2025-03,0
LN101896,2024-02,0
LN103713,2025-05,0
LN106419,2024-04,0
LN106276,2025-09,0
LN104238,2024-04,0
LN105847,2025-03,0
LN101422,2024-08,1
LN107851,2024-07,0
LN103294,2023-03,0
LN101319,2023-07,1
LN106744,2025-09,0
LN104617,2024-12,1
LN105908,2024-05,1
LN105470,2023-12,1
LN106634,2025-07,0
LN108584,2022-11,1
LN104429,2025-12,0
LN107295,2023-12,0
LN108282,2023-10,1
LN100402,2023-10,1
LN101337,2024-10,0
LN105289,2023-01,0
LN100462,2024-12,1
LN100409,2024-02,0
LN101909,2025-10,0
LN104623,2023-08,0
LN101175,2024-03,0
LN104044,2024-09,0
LN108345,2025-04,1
LN101223,2025-09,0
LN102853,2022-11,0
LN108781,2022-05,1
LN100279,2023-02,1
LN106362,2024-10,0
LN102752,2025-09,1
LN103785,2025-05,0
LN108177,2025-09,0
LN104863,2025-11,0
LN106248,2025-11,0
LN108764,2023-08,0
LN104738,2023-05,1
LN100474,2025-12,0
LN106858,2024-07,0
LN107665,2025-10,0
LN103309,2025-12,0
LN102138,2024-06,0
LN104415,2023-03,0
LN108590,2023-12,1
LN102466,2024-06,0
LN104897,2024-11,0
LN101025,2025-12,0
LN108278,2023-10,0
LN106672,2022-10,0
LN101786,2025-07,0
LN103814,2025-06,0
LN107955,2022-12,0
LN103380,2024-08,0
LN108495,2024-08,0
LN102811,2024-07,0
LN100967,2022-11,0
LN100228,2023-10,0
LN105434,2024-06,0
LN104377,2025-01,1
LN100709,2023-10,0
LN107724,2025-01,0
LN104886,2024-08,0
LN104404,2024-01,1
LN108759,2023-05,1
LN104222,2025-09,1
LN107216,2025-03,1
LN106936,2024-07,1
LN106479,2023-10,0
LN105573,2025-04,0
LN105951,2025-06,0
LN100260,2025-03,0
LN106618,2025-11,1
LN103646,2024-03,0
LN100079,2025-11,0
LN102162,2025-03,0
LN108408,2025-10,0
LN104739,2024-09,0
LN107524,2023-09,0
LN106505,2022-06,1
LN107289,2024-06,0
LN102625,2025-04,0
LN105526,2025-01,1
LN100329,2024-11,0
LN105259,2023-07,0
LN101617,2024-07,0
LN107879,2021-11,0
LN107839,2023-02,1
LN103659,2025-02,0
LN107703,2023-04,0
LN108660,2025-11,0
LN108567,2022-09,0
LN104699,2023-07,0
LN105761,2024-03,0
LN101310,2025-09,0
LN107431,2025-12,0
LN102466,2023-09,0
LN107022,2023-12,1
LN101753,2025-07,0
LN107497,2025-06,0
LN100720,2024-06,0
LN102596,2025-05,1
LN103185,2025-03,0
LN100422,2024-11,0
LN107196,2023-01,0
LN102496,2024-12,0
LN104559,2024-03,0
LN108396,2024-06,1
LN100657,2025-12,0
LN108277,2025-07,0
LN104406,2024-05,1
LN100748,2022-09,1
LN103600,2025-09,1
LN106830,2024-01,1
LN102829,2022-05,1
LN108431,2022-03,0
LN102359,2023-12,0
LN103883,2023-10,1
LN101768,2022-02,0
LN108270,2024-02,0
LN100643,2023-05,0
LN104622,2025-02,0
LN103393,2022-12,1
LN108694,2023-07,0
LN104419,2022-09,0
LN108772,2024-09,0
LN106249,2022-03,1
LN108588,2023-05,1
LN106099,2024-06,1
LN108750,2023-08,0
LN103050,2025-05,0
LN108667,2024-02,0
LN102486,2025-07,0
LN107581,2024-08,0
LN107956,2024-10,0
LN101523,2022-10,0
LN108881,2025-09,1
LN107881,2024-09,1
LN107426,2025-07,0
LN106572,2022-11,0
LN102855,2022-05,1
LN101791,2025-03,0
LN108381,2022-04,1
LN104793,2023-10,0
LN104026,2022-09,0
LN103765,2025-08,0
LN105600,2023-10,1
LN104253,2022-09,0
LN107492,2022-03,0
LN104259,2022-05,0
LN105968,2024-12,1
LN101098,2025-09,0
LN102614,2023-07,0
LN104116,2023-05,0
LN108903,2025-07,0
LN101565,2025-06,0
LN107942,2025-03,0
LN104403,2025-04,0
LN101806,2021-07,0
LN104230,2022-06,1
LN108962,2025-10,0
LN103699,2025-03,1
LN104901,2024-10,0
LN106115,2023-01,1
LN100256,2025-01,0
LN108323,2023-07,0
LN100731,2023-01,1
LN108287,2023-02,0
LN101829,2025-04,0
LN105274,2024-05,1
LN103667,2022-11,1
LN102812,2022-07,0
LN104821,2024-12,0
LN102274,2025-11,0
LN106630,2025-01,0
LN108994,2021-08,0
LN102779,2025-07,0
LN104751,2024-06,0
LN107711,2025-03,1
LN106908,2025-05,0
LN103616,2021-10,0
LN101806,2022-10,1
LN106572,2025-10,0
LN103033,2022-11,0
LN100086,2023-06,0
LN102576,2024-01,0
LN107432,2025-07,0
LN102079,2025-09,0
LN106583,2024-01,0
LN103823,2022-12,1
LN107820,2022-02,1
LN106068,2024-01,1
LN104534,2021-10,1
LN106947,2024-09,0
LN100488,2025-07,1
LN100521,2024-06,1
LN101634,2024-04,1
LN102501,2025-07,1
LN103405,2024-09,0
LN100166,2024-11,0
LN107017,2024-12,1
LN107434,2025-02,0
LN100405,2024-04,0
LN106213,2023-08,0
LN100539,2023-09,0
LN102938,2025-11,0
LN101351,2024-11,0
LN104411,2023-12,0
LN104054,2025-09,1
LN105603,2025-12,0
LN107731,2024-05,0
LN101683,2025-03,0
LN103814,2024-05,1
LN107043,2024-12,0
LN103734,2023-02,0
LN106893,2024-01,0
LN105501,2024-10,1
LN107182,2022-02,0
LN105238,2025-10,1
LN102242,2023-05,1
LN107464,2024-05,0
LN107823,2023-05,0
LN101723,2025-10,1
LN106130,2021-11,0
LN105449,2022-07,1
LN104900,2023-12,1
LN107022,2023-08,0
LN100827,2025-01,1
LN107319,2022-08,0
LN100944,2022-05,0
LN102908,2022-09,0
LN101763,2025-06,1
LN105097,2025-03,0
LN107763,2025-04,1
LN107979,2025-04,0
LN104841,2024-05,0
LN106533,2025-12,1
LN103772,2025-10,0
LN106546,2024-01,1
LN107817,2024-10,0
LN105084,2024-07,1
LN108634,2025-07,1
LN105207,2024-04,1
LN105245,2025-08,0
LN107881,2023-06,1
LN108955,2022-04,1
LN108856,2022-05,0
LN105319,2023-01,0
LN104396,2025-12,0
LN100056,2025-01,1
LN105429,2025-12,0
LN101524,2024-02,0
LN103136,2024-08,0
LN104774,2024-04,0
LN103135,2022-09,0
LN104943,2025-02,1
LN108570,2025-01,0
LN106689,2024-06,1
LN106603,2022-08,1
LN105627,2025-03,1
LN105819,2024-11,1
LN104059,2024-09,1
LN107119,2025-01,0
LN100914,2024-01,0
LN100125,2023-10,0
LN100723,2024-05,0
LN105939,2024-07,0
LN108842,2024-05,1
LN108356,2025-09,1
LN105815,2022-05,0
LN105972,2024-02,0
LN107903,2025-05,0
LN106843,2023-11,0
LN107028,2025-08,1
LN107188,2023-08,1
LN104093,2025-10,0
LN100213,2023-12,1
LN102847,2025-07,0
LN106793,2025-04,0
LN105163,2025-12,0
LN100267,2025-07,0
LN105245,2024-02,0
LN101411,2025-05,0
LN105799,2022-12,0
LN100926,2025-04,0
LN101618,2025-02,1
LN106544,2022-09,0
LN105076,2023-05,0
LN107526,2023-07,1
LN108189,2024-01,0
LN102237,2025-06,1
LN108057,2025-02,0
LN105538,2024-10,1
LN103288,2023-08,0
LN108549,2024-08,0
LN104758,2023-07,0
LN103697,2023-05,0
LN108667,2025-12,0
LN104155,2023-04,0
LN101876,2022-07,0
LN108710,2023-07,0
LN107434,2024-12,0
LN105915,2023-05,0
LN108736,2025-05,1
LN106167,2024-07,1
LN105798,2025-06,0
LN105733,2023-08,1
LN106018,2025-10,1
LN106395,2025-11,1
LN108174,2025-11,0
LN102093,2022-11,1
LN104893,2023-10,0
LN105202,2024-11,0
LN107626,2023-02,0
LN106922,2023-03,0
LN100716,2024-07,0
LN102091,2022-11,0
LN103116,2024-06,0
LN108093,2023-10,0
LN108151,2023-11,0
LN103634,2024-11,0
LN101434,2024-08,0
LN104911,2024-06,0
LN106801,2024-10,0
LN102222,2022-09,1
LN107108,2023-07,0
LN104744,2025-02,0
LN104193,2022-02,0
LN104353,2025-04,0
LN103162,2022-07,0
LN101689,2023-09,0
LN100117,2023-04,1
LN100143,2024-07,1
LN100375,2024-02,0
LN102801,2025-12,0
LN108862,2024-12,0
LN101278,2023-11,0
LN100917,2024-03,0
LN103573,2025-08,0
LN107369,2022-06,0
LN102691,2024-11,1
LN105892,2022-05,0
LN103410,2023-05,1
LN108963,2024-03,0
LN107629,2024-04,1
LN101201,2025-08,1
LN100508,2024-02,0
LN105585,2024-12,0
LN107013,2023-08,0
LN106794,2024-12,0
LN101105,2025-02,0
LN105534,2023-03,0
LN100812,2024-12,0
LN108162,2023-12,0
LN100240,2024-08,0
LN106787,2022-04,0
LN102883,2022-02,0
LN103583,2024-09,0
LN106520,2024-04,0
LN107298,2024-08,1
LN105776,2023-07,0
LN106337,2021-10,1
LN106214,2025-10,0
LN108286,2021-09,0
LN105390,2022-12,0
LN102024,2025-05,0
LN106728,2022-08,1
LN101552,2025-04,0
LN105473,2022-10,0
LN101992,2024-01,0
LN102419,2024-10,0
LN100158,2023-06,0
LN107910,2025-10,0
LN108077,2025-12,0
LN107476,2025-08,0
LN102455,2025-06,1
LN100032,2025-02,0
LN104680,2025-06,0
LN107103,2024-01,0
LN104664,2024-03,1
LN107165,2024-08,1
LN104948,2023-05,0
LN100857,2022-05,0
LN108849,2024-11,0
LN105942,2024-11,0
LN104929,2023-10,0
LN102455,2024-09,1
LN101677,2025-09,1
LN104858,2024-03,0
LN101538,2024-11,0
LN100185,2024-12,0
LN104328,2024-05,1
LN103027,2025-11,0
LN100849,2025-03,0
LN104251,2024-08,0
LN101902,2024-08,0
LN101743,2022-01,0
LN100172,2025-05,1
LN103625,2024-11,0
LN106533,2023-08,1
LN108283,2025-10,0
LN107237,2025-03,1
LN100413,2024-09,0
LN100156,2022-06,0
LN100404,2023-05,1
LN102939,2023-09,0
LN108202,2025-06,0
LN102301,2025-04,1
LN104912,2024-02,0
LN107604,2024-08,0
LN106707,2024-11,0
LN105877,2023-06,0
LN104059,2023-12,1
LN105091,2025-03,1
LN107014,2024-04,0
LN105687,2024-12,0
LN101623,2025-07,1
LN102999,2023-10,0
LN107189,2025-05,0
LN105584,2025-03,0
LN108816,2023-04,0
LN104537,2024-12,0
LN100912,2025-04,0
LN104700,2024-10,0
LN105279,2022-05,0
LN105453,2025-07,0
LN104230,2024-09,0
LN107998,2023-01,1
LN103305,2022-11,1
LN104555,2022-11,0
LN107203,2022-08,1
LN107768,2023-06,0
LN104606,2022-05,1
LN101523,2022-09,1
LN100558,2024-10,0
LN108525,2023-09,0
LN107622,2024-06,0
LN106516,2023-12,0
LN102510,2022-08,0
LN101141,2023-10,0
LN100489,2024-08,0
LN103420,2024-02,0
LN101742,2024-12,1
LN107909,2025-07,0
LN107041,2024-09,0
LN103098,2024-07,1
LN100383,2024-12,1
LN102835,2023-07,0
LN101421,2025-06,0
LN104087,2025-03,1
LN103764,2025-09,0
LN102813,2025-08,1
LN103214,2025-04,1
LN103342,2022-03,0
LN106217,2023-04,0
LN105432,2024-11,0
LN101747,2025-07,0
LN108330,2022-01,0
LN102533,2022-12,1
LN106365,2025-04,0
LN100202,2025-02,0
LN102537,2024-04,0
LN104366,2024-02,0
LN103410,2025-01,1
LN103446,2024-10,0
LN101104,2024-04,0
LN107603,2024-06,0
LN102450,2025-11,0
LN108031,2024-05,0
LN101946,2024-04,0
LN108890,2025-12,1
LN103791,2022-11,0
LN102253,2023-06,0
LN101597,2024-10,1
LN102832,2022-12,1
LN108192,2023-04,0
LN106753,2022-07,0
LN103051,2025-03,1
LN103368,2024-10,1
LN102032,2022-08,1
LN103349,2025-07,0
LN100678,2025-02,0
LN100618,2023-12,1
LN103034,2025-03,1
LN100041,2024-05,0
LN105664,2025-09,0
LN107693,2024-10,0
LN104490,2024-12,0
LN106182,2025-07,1
LN101724,2025-02,0
LN101660,2025-06,0
LN106568,2023-06,0
LN106916,2024-01,0
LN105358,2023-08,1
LN102686,2025-09,0
LN103675,2023-06,1
LN105777,2024-08,0
LN107779,2022-10,0
LN101479,2023-12,1
LN105699,2022-10,0
LN105590,2022-11,0
LN107147,2025-07,0
LN108322,2025-11,0
LN107535,2025-02,0
LN107004,2023-02,0
LN108286,2025-05,0
LN101532,2025-02,0
LN104559,2025-03,0
LN103463,2023-12,1
LN106882,2025-07,0
LN107755,2025-02,1
LN102248,2024-07,0
LN102966,2022-10,0
LN106942,2023-10,0
LN101854,2022-06,1
LN101128,2024-01,0
LN104294,2025-01,0
LN108494,2022-10,0
LN104389,2024-03,0
LN107902,2022-12,0
LN108749,2024-02,0
LN107400,2025-02,0
LN102401,2025-11,0
LN108653,2023-05,0
LN105531,2025-09,0
LN103101,2022-03,1
LN104353,2025-02,0
LN101812,2024-04,0
LN102662,2024-08,0
LN102514,2023-12,0
LN105361,2025-09,0
LN107867,2022-06,0
LN108559,2025-05,1
LN101649,2025-04,0
LN106028,2025-05,0
LN100723,2023-01,0
LN102643,2024-07,0
LN102359,2025-01,1
LN107458,2025-02,1
LN103544,2022-02,0
LN104316,2025-09,0
LN102188,2024-08,0
LN105187,2025-12,0
LN100038,2023-07,0
LN100924,2023-10,0
LN105614,2025-07,0
LN108419,2022-04,1
LN102237,2023-08,1
LN105385,2025-10,0
LN100634,2023-08,0
LN107372,2024-08,0
LN103688,2025-09,1
LN103729,2024-02,0
LN106561,2024-04,0
LN104105,2023-12,0
LN100329,2025-06,0
LN102762,2025-09,1
LN104675,2023-10,1
LN102992,2025-05,1
LN101390,2024-10,0
LN107316,2025-07,0
LN106439,2024-05,0
LN107473,2025-09,0
LN101655,2024-05,0
LN102511,2025-07,1
LN103636,2025-02,1
LN102504,2023-01,0
LN106027,2024-08,1
LN103596,2022-12,1
LN103406,2023-06,0
LN108315,2025-04,0
LN105285,2025-03,0
LN105931,2023-12,0
LN101926,2024-04,0
LN102667,2025-08,1
LN108238,2023-04,0
LN101009,2024-01,0
LN102707,2025-08,0
LN100299,2021-08,0
LN107432,2024-07,0
LN106977,2022-09,0
LN107616,2023-11,0
LN104713,2024-11,0
LN108443,2024-09,1
LN106820,2025-05,1
LN101480,2023-10,0
LN102476,2023-11,0
LN108173,2025-06,1
LN105554,2023-10,0
LN106456,2024-12,0
LN106620,2025-04,0
LN106841,2025-09,0
LN103921,2025-01,0
LN105141,2023-01,1
LN106977,2024-01,1
LN100253,2024-04,0
LN103274,2022-06,0
LN104786,2024-07,0
LN103450,2025-08,0
LN106815,2025-03,1
LN104684,2025-09,0
LN102920,2022-09,1
LN108378,2025-05,0
LN103650,2022-11,0
LN100688,2023-04,0
LN102323,2024-07,1
LN106126,2023-07,0
LN103132,2024-08,1
LN105069,2025-01,1
LN100404,2025-02,0
LN100095,2025-10,0
LN101276,2024-06,0
LN106823,2024-12,0
LN101065,2023-06,0
LN108265,2023-12,0
LN100780,2024-11,0
LN107350,2024-06,0
LN106873,2022-10,0
LN104945,2024-11,1
LN104232,2024-08,1
LN106409,2024-11,1
LN104308,2025-01,1
LN106950,2024-03,1
LN102739,2023-01,1
LN107257,2025-06,0
LN100978,2023-01,0
LN106683,2024-09,0
LN105382,2024-02,0
LN101385,2024-10,0
LN100789,2025-01,0
LN104481,2023-12,0
LN100626,2025-12,1
LN100330,2023-07,0
LN104954,2025-02,1
LN101188,2024-02,0
LN100145,2024-06,0
LN106265,2022-02,0
LN107868,2025-01,0
LN101193,2024-12,1
LN102390,2024-12,0
LN106592,2024-04,1
LN106529,2023-01,0
LN108177,2022-10,1
LN107537,2023-12,1
LN102981,2023-05,0
LN106907,2025-07,0
LN107482,2024-06,1
LN100710,2025-11,1
LN100182,2023-04,1
LN108058,2024-07,0
LN108824,2024-10,0
LN101869,2024-11,0
LN106619,2025-03,0
LN100414,2024-04,1
LN104663,2024-12,0
LN104396,2024-03,0
LN105568,2024-06,0
LN100860,2025-10,0
LN107233,2022-10,1
LN100350,2025-07,1
LN107493,2022-08,0
LN106508,2024-05,0
LN105485,2022-04,0
LN100485,2024-09,1
LN101144,2024-08,1
LN106203,2025-06,0
LN102224,2025-02,1
LN106114,2025-10,1
LN103951,2024-05,1
LN104211,2024-01,0
LN105231,2024-03,0
LN107826,2025-01,0
LN107507,2024-02,1
LN108011,2022-04,0
LN107212,2025-11,0
LN102902,2025-12,0
LN100373,2023-08,0
LN103724,2024-01,0
LN105501,2024-05,0
LN104464,2023-06,1
LN101252,2022-04,0
LN106707,2025-08,1
LN108088,2025-10,0
LN103038,2023-03,1
LN106762,2023-10,1
LN103352,2025-08,0
LN103394,2024-02,1
LN105105,2023-10,0
LN102787,2021-11,0
LN102333,2025-02,0
LN103451,2021-09,0
LN103842,2023-09,0
LN101504,2025-03,1
LN102598,2025-04,0
LN104749,2023-05,1
LN103017,2024-05,0
LN100872,2022-04,1
LN103698,2023-08,0
LN105292,2024-08,1
LN104232,2024-10,0
LN101974,2025-02,0
LN100155,2023-10,0
LN103625,2025-02,0
LN105624,2023-04,0
LN101054,2023-06,0
LN106283,2023-05,1
LN106534,2025-07,1
LN107359,2024-09,0
LN105978,2025-01,0
LN101738,2022-08,0
LN106486,2024-07,1
LN100988,2022-11,0
LN108276,2025-11,0
LN108157,2025-12,0
LN108476,2025-03,0
LN106675,2025-10,0
LN102589,2023-09,0
LN101546,2023-12,0
LN108427,2022-09,0
LN108625,2025-01,0
LN106858,2024-12,0
LN100941,2025-01,0
LN105072,2025-11,0
LN105554,2024-07,0
LN100424,2024-12,1
LN106600,2025-11,1
LN107687,2024-02,0
LN106354,2025-09,0
LN105745,2022-11,0
LN107453,2025-03,1
LN107799,2025-01,1
LN104590,2024-04,1
LN107179,2025-12,0
LN100644,2025-03,1
LN104930,2024-05,0
LN103995,2023-10,0
LN105891,2025-12,1
LN105880,2023-01,0
LN101561,2022-08,0
LN105555,2025-07,0
LN102997,2023-05,1
LN105653,2023-05,0
LN104064,2024-11,0
LN100992,2024-11,0
LN108846,2024-10,0
LN106142,2023-07,0
LN108188,2024-01,1
LN101282,2023-03,0
LN100971,2024-10,0
LN103187,2025-10,0
LN107268,2023-05,0
LN102177,2025-09,1
LN107492,2024-04,0
LN101549,2022-01,0
LN105408,2025-10,1
LN107246,2025-07,1
LN102953,2025-03,0
LN108686,2022-01,0
LN103711,2025-06,1
LN104423,2025-06,0
LN103795,2025-05,0
LN105074,2022-03,0
LN105347,2023-10,1
LN102849,2025-04,0
LN101999,2024-02,0
LN106325,2024-07,1
LN108179,2024-09,1
LN106020,2025-08,1
LN102200,2024-08,1
LN101122,2024-06,0
LN108410,2024-09,1
LN104211,2025-01,1
LN100769,2022-12,1
LN108230,2024-03,1
LN100772,2024-06,1
LN102137,2022-03,1
LN102107,2024-07,0
LN104522,2025-12,1
LN101496,2025-06,0
LN101987,2024-03,0
LN100376,2024-08,0
LN104197,2022-12,1
LN107141,2024-07,0
LN106688,2024-02,0
LN101245,2025-05,0
LN101853,2022-06,0
LN104063,2024-05,0
LN104867,2025-08,0
LN103563,2025-02,0
LN108103,2024-09,0
LN101778,2024-07,0
LN108922,2025-05,0
LN103998,2024-12,0
LN104535,2025-11,0
LN101092,2025-03,1
LN106777,2024-05,0
LN105823,2024-01,1
LN107842,2025-07,0
LN104050,2023-08,0
LN108996,2024-10,0
LN103156,2025-10,1
LN100230,2025-06,0
LN100817,2023-02,0
LN108309,2023-07,0
LN102292,2025-05,1
LN105932,2023-02,1
LN100694,2025-01,0
LN104930,2022-04,0
LN105142,2024-11,1
LN106138,2024-07,0
LN108147,2023-02,1
LN103329,2025-04,0
LN100108,2023-09,0
LN103564,2025-05,0
LN103133,2024-09,1
LN105379,2025-11,0
LN107580,2024-03,0
LN104133,2023-10,0
LN100189,2024-01,1
LN101615,2024-11,0
LN103876,2024-06,0
LN107113,2023-04,1
LN106711,2023-09,0
LN106243,2024-09,0
LN103912,2023-01,0
LN103571,2025-08,0
LN105148,2023-02,0
LN107910,2022-02,0
LN106102,2024-12,1
LN106678,2025-12,0
LN101007,2025-09,1
LN103247,2025-04,0
LN107490,2024-06,0
LN108639,2022-12,1
LN105645,2021-12,0
LN100977,2024-05,0
LN100421,2024-08,0
LN105913,2024-08,1
LN100004,2025-05,0
LN102135,2025-07,1
LN106536,2023-03,0
LN108401,2023-05,0
LN107959,2024-12,0
LN104962,2025-10,0
LN108673,2021-09,0
LN105942,2022-07,0
LN105604,2025-08,1
LN104530,2025-08,0
LN103736,2025-10,0
LN103769,2025-04,0
LN105297,2024-04,0
LN107890,2024-01,0
LN103542,2022-02,0
LN108020,2025-04,1
LN106270,2023-12,0
LN103807,2023-08,1
LN105279,2023-11,0
LN105988,2024-08,1
LN101457,2025-01,0
LN102945,2025-06,0
LN102283,2024-08,0
LN104398,2023-07,1
LN101618,2022-12,0
LN108849,2023-08,0
LN108651,2025-06,0
LN101772,2023-02,0
LN103466,2023-08,0
LN101463,2023-01,1
LN101144,2025-09,1
LN101210,2025-01,0
LN108685,2025-04,0
LN107561,2021-10,1
LN101090,2025-09,1
LN103259,2024-09,0
LN108739,2023-10,0
LN105798,2023-12,1
LN104639,2025-02,0
LN101181,2024-10,1
LN108120,2024-06,1
LN103222,2024-11,0
LN102791,2022-09,1
LN105346,2024-09,0
LN103413,2024-08,0
LN105033,2023-06,0
LN106707,2023-11,1
LN102801,2023-02,1
LN103117,2025-01,1
LN101552,2023-09,1
LN107150,2024-01,1
LN101199,2024-05,0
LN105161,2023-04,1
LN103917,2024-06,0
LN105626,2023-09,0
LN100880,2023-02,0
LN100062,2025-04,0
LN106941,2025-10,1
LN108740,2022-07,1
LN103556,2024-09,1
LN107037,2024-05,1
LN104747,2025-07,1
LN101558,2025-01,0
LN104479,2025-05,0
LN108749,2025-11,0
LN100235,2025-11,1
LN104276,2024-09,0
LN104786,2025-10,0
LN102706,2024-07,1
LN101523,2023-04,1
LN104790,2024-02,0
LN105384,2023-04,0
LN100933,2024-01,0
LN108983,2024-12,0
LN100410,2025-09,0
LN108216,2024-05,1
LN106237,2024-09,0
LN103821,2024-11,0
LN106738,2024-07,0
LN102705,2023-04,1
LN100084,2024-02,1
LN102526,2023-09,0
LN100850,2025-10,0
LN107243,2025-08,0
LN100917,2025-05,0
LN103285,2023-05,0
LN106105,2025-12,0
LN101805,2022-04,0
LN106166,2024-06,1
LN108311,2021-12,0
LN108425,2024-10,1
LN107319,2021-10,1
LN100171,2023-02,0
LN104389,2024-09,0
LN103177,2025-08,1
LN105274,2024-09,1
LN108277,2024-08,0
LN107052,2025-09,0
LN104058,2022-05,0
LN103173,2025-11,1
LN104292,2025-07,1
LN101408,2024-04,0
LN100808,2025-09,0
LN101543,2023-11,0
LN100255,2025-05,0
LN107256,2025-11,0
LN101146,2025-02,0
LN101350,2023-07,0
LN100499,2024-12,0
LN104941,2023-08,0
LN107145,2024-08,0
LN106745,2025-02,0
LN104824,2025-08,0
LN102194,2024-09,1
LN106041,2023-08,0
LN108900,2022-02,0
LN106356,2025-05,1
LN103404,2024-03,0
LN103814,2024-08,0
LN100395,2025-03,0
LN106150,2022-02,0
LN104463,2025-12,0
LN108097,2023-08,0
LN108706,2024-08,0
LN106247,2024-02,0
LN103295,2025-10,1
LN105068,2022-01,0
LN102772,2023-11,1
LN100196,2024-09,0
LN102088,2022-07,0
LN105812,2025-08,1
LN104597,2024-06,1
LN108329,2024-06,1
LN100734,2024-11,0
LN105715,2023-07,0
LN102015,2022-12,0
LN105224,2025-11,0
LN103184,2025-06,0
LN101226,2022-11,0
LN108568,2022-05,1
LN102314,2024-04,0
LN101866,2022-04,0
LN106328,2025-10,0
LN103422,2025-05,1
LN102029,2022-12,0
LN102950,2023-01,0
LN104477,2023-10,1
LN100260,2025-05,1
LN103259,2023-04,1
LN101652,2024-07,0
LN108746,2022-06,0
LN107943,2022-12,1
LN100138,2025-04,0
LN102504,2024-05,0
LN108029,2023-08,1
LN108099,2025-08,0
LN106081,2024-04,0
LN104915,2024-10,0
LN107110,2021-09,0
LN101031,2025-09,0
LN108987,2023-08,0
LN108618,2023-07,0
LN100671,2024-07,0
LN108604,2022-02,0
LN106192,2022-09,1
LN108819,2022-08,0
LN106815,2024-01,0
LN106615,2025-11,1
LN107489,2021-10,0
LN104074,2025-09,0
LN103979,2024-12,1
LN104651,2025-03,0
LN107964,2021-11,0
LN101360,2025-12,1
LN101703,2024-08,0
LN103590,2021-11,0
LN107796,2025-01,1
LN106899,2025-04,0
LN101957,2024-04,1
LN101633,2025-08,1
LN101153,2025-07,0
LN100465,2025-12,0
LN101751,2024-09,0
LN107906,2025-06,1
LN108816,2025-11,0
LN100228,2024-07,0
LN101183,2023-10,0
LN104738,2025-07,1
LN102705,2022-08,0
LN103175,2024-12,1
LN101191,2023-07,1
LN104006,2025-10,1
LN104788,2024-10,1
LN108079,2025-03,0
LN103106,2024-12,0
LN103199,2022-10,0
LN104906,2025-03,0
LN108972,2022-10,0
LN108701,2023-04,0
LN106475,2025-03,0
LN107249,2025-05,0
LN105920,2023-04,0
LN105600,2022-10,0
LN101471,2024-01,1
LN104093,2024-08,0
LN103500,2021-10,1
LN105161,2022-07,0
LN108526,2024-01,1
LN104654,2021-12,0
LN101623,2021-10,0
LN106378,2024-03,0
LN107846,2024-06,0
LN103667,2022-10,0
LN104064,2024-07,0
LN103191,2024-11,0
LN101382,2025-07,1
LN101230,2024-06,0
LN105021,2023-05,1
LN107908,2022-12,0
LN101334,2025-07,0
LN107624,2024-10,0
LN100542,2024-01,1
LN101058,2024-11,0
LN102243,2022-12,0
LN107909,2023-11,0
LN104571,2024-11,0
LN108609,2021-10,0
LN101484,2025-03,0
LN105584,2025-09,0
LN102486,2025-04,1
LN108020,2022-08,0
LN106614,2025-09,0
LN103618,2023-08,0
LN101918,2023-05,0
LN106251,2024-05,0
LN102999,2024-09,0
LN101403,2024-03,0
LN106854,2025-01,0
LN106289,2024-10,0
LN104854,2022-06,0
LN107248,2024-06,0
LN105548,2024-12,1
LN102411,2022-03,0
LN104331,2024-04,1
LN101740,2025-02,0
LN107149,2023-11,1
LN106760,2023-12,0
LN107320,2022-08,0
LN101871,2024-03,1
LN106796,2022-06,1
LN102469,2022-05,0
LN106837,2021-10,0
LN101721,2024-06,0
LN102372,2022-02,0
LN103478,2022-12,0
LN103724,2023-02,0
LN102442,2024-07,0
LN108141,2023-01,1
LN101974,2023-07,0
LN103212,2025-07,0
LN107128,2025-08,1
LN106722,2022-10,0
LN107548,2023-05,1
LN107032,2025-08,0
LN108290,2023-07,1
LN104158,2024-11,0
LN105455,2024-05,0
LN106209,2025-07,0
LN102938,2025-07,1
LN108725,2025-06,0
LN105745,2022-02,1
LN100304,2025-01,0
LN106918,2022-11,0
LN101780,2023-10,0
LN108471,2025-07,1
LN101457,2025-03,0
LN107965,2024-04,0
LN104464,2023-01,0
LN106770,2025-07,1
LN105695,2025-12,1
LN107097,2023-02,0
LN104571,2023-05,0
LN102623,2025-11,1
LN107221,2025-03,1
LN102758,2024-04,1
LN104351,2025-03,0
LN107297,2024-10,0
LN106572,2024-12,0
LN104264,2025-08,0
LN106555,2024-10,0
LN101847,2025-05,0
LN107249,2025-01,1
LN100083,2025-07,0
LN101795,2023-10,1
LN101146,2023-07,0
LN103235,2023-10,0
LN102835,2024-08,1
LN105425,2023-11,1
LN100335,2025-11,0
LN102920,2025-02,1
LN100632,2023-09,0
LN105587,2025-11,1
LN101854,2024-08,0
LN107246,2023-07,0
LN100795,2024-01,0
LN104554,2024-10,1
LN102052,2022-10,1
LN104043,2025-12,1
LN108962,2025-11,1
LN104921,2024-12,1
LN102474,2022-01,0
LN104708,2025-01,0
LN105843,2022-10,0
LN100976,2022-08,0
LN104591,2023-09,0
LN103404,2024-08,1
LN107647,2025-08,1
LN107651,2024-02,0
LN102916,2025-02,0
LN108107,2025-07,0
LN102029,2023-10,0
LN106962,2023-08,0
LN104398,2021-11,0
LN107163,2024-11,0
LN106374,2022-10,0
LN102070,2022-12,0
LN101389,2024-09,0
LN100125,2024-01,1
LN107155,2023-11,1
LN103707,2025-02,1
LN101285,2022-11,0
LN104908,2025-05,1
LN108887,2025-01,0
LN107734,2023-04,1
LN101719,2024-07,1
LN102348,2023-01,0
LN107330,2022-12,0
LN106268,2022-08,0
LN101069,2021-07,0
LN107989,2024-08,0
LN104877,2025-01,0
LN108166,2023-03,1
LN101963,2025-11,0
LN105525,2025-01,0
LN106723,2023-08,1
LN100789,2021-12,0
LN102885,2022-02,0
LN101969,2024-12,0
LN102740,2025-09,0
LN106103,2022-03,1
LN108928,2025-09,1
LN100318,2025-06,0
LN101647,2024-01,1
LN108471,2023-01,0
LN100764,2024-03,1
LN106572,2022-04,0
LN104330,2024-11,0
LN104201,2024-02,0
LN107501,2022-11,0
LN108084,2024-12,1
LN101473,2023-09,1
LN104204,2024-06,0
LN106422,2024-09,0
LN104358,2024-03,0
LN107802,2024-03,1
LN101166,2023-07,0
LN105404,2025-03,0
LN104654,2025-11,0
LN101784,2024-04,0
LN104381,2025-07,0
LN105557,2024-01,0
LN104225,2022-03,1
LN107588,2021-12,0
LN101182,2025-10,1
LN102954,2024-07,0
LN104883,2022-04,0
LN102045,2025-11,1
LN105483,2024-07,0
LN103850,2024-06,1
LN108051,2025-12,0
LN101091,2024-12,0
LN107447,2025-09,0
LN105724,2023-09,0
LN107441,2024-08,0
LN100218,2024-05,0
LN107569,2025-01,0
LN105449,2024-02,1
LN107309,2023-03,0
LN105683,2023-02,0
LN107440,2024-09,0
LN100767,2025-05,0
LN103784,2025-11,0
LN107906,2024-04,1
LN102044,2023-08,0
LN106185,2024-09,0
LN102071,2024-02,0
LN101573,2024-09,0
LN101555,2025-07,0
LN102760,2022-11,1
LN100827,2024-08,0
LN100794,2024-07,0
LN105924,2024-11,1
LN101717,2025-06,1
LN101718,2023-03,0
LN106107,2024-05,0
LN100885,2025-05,0
LN106292,2024-10,1
LN104633,2024-04,0
LN102270,2022-12,0
LN103067,2025-11,1
LN107910,2022-12,0
LN100170,2025-06,0
LN108974,2023-08,0
LN105916,2022-09,1
LN104351,2024-05,1
LN108866,2022-09,0
LN108793,2024-03,1
LN107446,2024-11,0
LN107447,2023-12,1
LN102200,2023-02,0
LN101532,2025-08,1
LN100893,2025-12,0
LN100999,2023-09,0
LN100961,2023-02,0
LN107332,2023-12,0
LN101646,2023-04,0
LN103631,2024-12,0
LN107083,2024-11,0
LN106299,2023-08,0
LN104842,2025-05,0
LN108938,2025-12,1
LN101366,2025-10,0
LN108799,2024-04,0
LN100187,2023-08,0
LN106036,2024-03,0
LN102181,2022-08,1
LN100294,2024-01,0
LN103851,2024-12,0
LN108430,2023-08,0
LN108286,2021-11,1
LN108882,2024-03,0
LN102455,2025-05,1
LN107510,2024-07,0
LN105514,2023-11,1
LN104203,2022-10,0
LN100513,2024-11,1
LN104765,2022-11,1
LN101992,2023-07,0
LN108367,2025-12,1
LN103921,2025-05,0
LN102076,2024-01,1
LN105404,2023-10,0
LN104787,2025-03,0
LN106492,2025-07,1
LN108091,2024-01,1
LN105338,2025-07,0
LN107608,2023-10,1
LN102222,2021-12,0
LN103473,2025-05,0
LN103289,2022-12,0
LN101440,2024-09,0
LN100021,2023-04,0
LN100658,2025-01,1
LN100020,2024-05,0
LN105689,2023-09,1
LN105920,2024-05,0
LN100509,2023-06,0
LN107143,2024-08,0
LN102328,2024-12,1
LN100756,2024-05,1
LN100876,2024-09,0
LN104355,2025-07,0
LN106830,2024-03,0
LN104571,2024-12,0
LN107667,2024-09,1
LN108180,2023-10,0
LN101189,2023-08,0
LN107580,2021-07,0
LN104875,2024-03,0
LN101912,2023-07,1
LN105885,2024-12,1
LN107276,2022-07,0
LN104490,2024-04,0
LN106781,2021-12,0
LN103706,2022-09,0
LN106182,2024-05,0
LN103944,2024-10,0
LN103912,2024-07,0
LN106778,2025-07,0
LN107935,2024-05,0
LN106575,2024-03,0
LN105060,2025-12,1
LN105009,2024-02,0
LN105461,2022-05,0
LN103359,2024-02,1
LN103916,2022-07,0
LN102211,2024-07,0
LN101239,2023-10,0
LN101499,2025-07,0
LN104213,2025-01,0
LN101034,2021-11,1
LN101550,2022-11,0
LN105591,2025-05,0
LN101436,2024-08,1
LN108142,2023-12,0
LN108617,2025-02,0
LN104552,2025-12,0
LN103648,2025-03,1
LN108611,2023-10,0
LN107259,2023-10,0
LN103890,2025-04,1
LN104386,2025-01,1
LN108993,2024-08,0
LN104317,2025-03,1
LN105790,2025-06,0
LN103060,2025-09,0
LN100494,2022-09,0
LN105916,2023-08,1
LN104485,2023-10,1
LN107623,2022-11,0
LN104849,2025-06,0
LN107861,2023-07,0
LN101807,2024-03,0
LN105588,2024-06,0
LN108922,2024-11,0
LN106415,2024-07,0
LN102975,2024-09,0
LN105029,2025-04,0
LN102785,2023-08,1
LN108776,2025-12,0
LN102998,2025-09,0
LN100141,2023-09,0
LN105837,2021-08,0
LN104144,2024-09,1
LN107997,2022-09,1
LN104119,2022-03,1
LN105316,2024-03,0
LN101872,2024-08,0
LN107881,2022-03,0
LN103187,2024-07,0
LN104409,2024-11,0
LN107002,2025-03,1
LN106532,2023-12,0
LN107683,2025-07,0
LN108835,2023-05,0
LN105973,2023-07,0
LN105268,2025-08,0
LN103110,2025-11,0
LN103260,2023-08,0
LN105308,2024-08,0
LN108434,2023-01,0
LN106970,2022-10,0
LN106694,2024-12,0
LN100275,2024-01,1
LN100352,2025-03,1
LN105418,2023-10,0
LN104096,2024-01,0
LN108776,2025-08,0
LN108471,2023-03,0
LN101803,2022-05,0
LN102381,2023-05,1
LN100001,2024-09,0
LN102804,2024-01,0
LN104504,2022-08,0
LN102268,2024-11,0
LN104723,2022-04,0
LN101140,2024-10,0
LN108959,2025-01,1
LN108821,2025-01,0
LN102738,2024-08,1
LN103525,2023-02,0
LN104117,2024-05,0
LN101946,2023-03,1
LN105397,2025-12,0
LN100564,2025-07,1
LN107634,2022-04,0
LN101205,2024-11,0
LN108458,2024-03,0
LN105744,2022-01,1
LN105883,2023-11,0
LN102689,2025-10,0
LN100632,2024-02,1
LN106115,2023-08,1
LN105449,2022-03,1
LN102848,2025-04,0
LN100051,2025-01,0
LN100801,2025-09,0
LN101033,2024-04,1
LN107617,2024-10,0
LN107597,2025-05,0
LN104886,2024-09,0
LN107484,2022-12,1
LN101145,2024-02,0
LN108826,2024-11,0
LN101910,2024-11,1
LN106096,2025-04,0
LN107070,2023-11,1
LN104176,2022-08,0
LN104689,2024-04,0
LN102379,2025-10,0
LN108898,2025-04,0
LN106161,2025-02,1
LN106868,2025-01,0
LN108037,2025-09,0
LN106384,2023-11,0
LN101402,2025-11,0
LN106308,2023-10,0
LN101898,2025-08,0
LN105191,2024-09,0
LN106922,2023-10,1
LN102766,2022-12,1
LN102486,2022-07,0
LN106870,2023-10,0
LN105479,2024-07,1
LN105035,2023-01,0
LN103925,2025-06,1
LN102681,2024-03,0
LN108609,2021-08,0
LN107692,2023-09,0
LN104793,2023-11,1
LN103513,2024-07,1
LN102427,2023-11,0
LN100370,2023-05,1
LN104473,2022-04,0
LN107035,2024-10,1
LN106692,2025-08,0
LN102590,2025-03,0
LN107871,2023-11,0
LN103018,2024-01,0
LN100353,2024-11,0
LN105371,2025-12,1
LN107118,2024-04,1
LN101223,2025-01,1
LN105571,2025-03,1
LN104989,2025-01,1
LN103430,2024-03,0
LN104645,2024-12,1
LN104162,2024-01,0
LN104195,2023-10,0
LN105766,2023-06,0
LN108687,2023-11,1
LN107346,2023-11,0
LN101237,2024-04,0
LN102779,2024-07,1
LN105595,2024-12,0
LN100828,2024-12,1
LN105951,2025-03,1
LN104079,2025-07,0
LN108608,2025-10,1
LN104260,2023-08,1
LN101965,2024-11,0
LN108726,2025-09,0
LN108915,2024-05,1
LN107611,2025-07,0
LN105379,2025-10,1
LN108894,2024-02,1
LN107495,2025-12,0
LN101095,2023-02,0
LN103087,2025-11,1
LN105375,2025-05,0
LN108200,2024-11,1
LN103186,2025-08,0
LN103588,2025-08,1
LN107207,2023-07,1
LN101186,2023-08,0
LN101457,2023-02,1
LN103893,2024-02,0
LN107967,2025-08,0
LN104611,2025-08,0
LN100967,2024-08,0
LN104030,2023-11,1
LN103431,2025-02,0
LN106163,2022-10,1
LN103719,2023-01,1
LN101325,2023-08,0
LN100054,2023-12,1
LN103502,2023-08,1
LN108673,2021-10,1
LN105757,2024-11,0
LN106599,2021-09,1
LN101828,2025-11,0
LN102752,2023-10,1
LN106905,2025-06,0
LN104699,2023-01,0
LN102708,2024-03,1
LN106667,2023-12,0
LN107440,2023-07,0
LN105884,2025-08,1
LN106841,2025-04,1
LN105317,2022-09,0
LN106835,2025-06,0
LN102957,2024-01,0
LN103643,2023-06,0
LN101462,2024-02,0
LN105746,2023-04,1
LN106158,2024-06,0
LN104264,2025-06,1
LN107488,2025-04,0
LN102219,2022-03,0
LN107822,2025-12,0
LN103881,2024-04,0
LN103557,2024-04,0
LN103329,2025-07,1
LN106580,2024-10,0
LN103537,2024-06,1
LN105747,2022-06,1
LN106851,2023-10,0
LN101049,2025-05,1
LN108768,2023-10,0
LN108955,2022-08,1
LN102092,2025-12,0
LN103685,2022-01,0
LN100278,2024-05,0
LN101842,2024-11,0
LN103835,2025-10,1
LN106465,2025-04,1
LN105290,2025-03,1
LN103982,2025-01,0
LN104820,2024-10,1
LN102605,2024-08,0
LN101560,2023-02,1
LN101576,2024-12,0
LN107993,2022-11,0
LN107934,2023-11,0
LN103583,2025-03,0
LN105444,2023-03,0
LN101662,2023-06,0
LN101873,2025-02,0
LN106489,2023-05,0
LN103410,2025-08,0
LN101628,2024-04,0
LN100720,2023-06,0
LN108772,2023-07,0
LN104743,2022-09,0
LN101018,2024-11,1
LN106605,2022-05,0
LN105962,2024-10,0
LN107577,2025-06,0
LN104592,2021-10,0
LN106479,2023-06,1
LN101796,2025-11,0
LN106224,2025-09,1
LN108149,2024-01,1
LN104956,2022-02,0
LN107473,2022-08,0
LN107411,2025-01,1
LN101385,2022-11,0
LN102663,2025-02,0
LN100731,2025-05,0
LN102844,2024-01,0
LN106055,2024-07,0
LN102461,2022-05,1
LN102052,2025-02,0
LN106728,2025-02,0
LN106972,2024-01,0
LN103058,2025-02,0
LN108548,2023-02,0
LN101061,2025-08,0
LN100078,2024-01,0
LN107850,2025-01,0
LN105194,2024-10,0
LN104998,2024-04,1
LN101400,2024-07,1
LN108611,2022-01,0
LN103526,2024-06,1
LN100808,2024-04,0
LN108952,2023-01,1
LN103810,2023-08,1
LN101004,2025-08,1
LN104244,2022-09,1
LN105270,2025-06,0
LN108495,2022-05,1
LN100041,2024-03,1
LN107360,2025-02,0
LN106456,2022-10,0
LN101558,2025-06,0
LN106666,2022-04,1
LN106761,2023-06,1
LN100136,2024-10,0
LN107067,2022-10,0
LN101483,2024-08,0
LN108139,2022-08,0
LN100727,2022-02,0
LN102178,2025-08,0
LN102579,2025-08,1
LN100862,2025-10,1
LN101017,2024-11,0
LN107540,2024-12,0
LN102850,2023-05,0
LN108720,2025-03,0
LN107759,2024-10,1
LN108061,2023-09,0
LN108295,2025-10,0
LN106775,2024-11,0
LN106603,2025-02,0
LN105479,2023-11,0
LN107224,2023-11,0
LN107097,2024-10,0
LN108667,2023-07,0
LN102425,2023-10,0
LN102374,2023-12,0
LN104078,2025-12,0
LN107124,2024-03,0
LN100310,2025-08,1
LN107149,2024-04,0
LN103157,2025-10,0
LN104508,2024-01,1
LN101147,2024-12,1
LN101743,2021-07,0
LN108199,2025-07,1
LN108849,2025-09,0
LN105300,2022-01,1
LN102856,2023-09,0
LN103300,2024-01,0
LN106752,2024-08,0
LN104893,2024-03,0
LN103005,2024-08,1
LN106941,2025-05,0
LN101124,2024-07,1
LN105801,2023-02,0
LN106696,2025-11,1
LN103494,2024-10,0
LN104063,2024-08,0
LN106721,2023-07,1
LN105652,2024-09,0
LN108062,2023-06,0
LN106329,2025-04,1
LN104870,2025-08,1
LN107156,2024-02,0
LN104389,2025-02,0
LN105971,2024-06,0
LN107504,2024-09,0
LN105266,2023-06,0
LN107881,2025-08,0
LN104232,2024-06,1
LN103586,2024-07,0
LN102520,2025-07,0
LN100741,2024-05,0
LN105103,2023-04,1
LN102080,2025-04,1
LN104514,2024-10,1
LN103222,2025-09,0
LN102352,2025-09,0
LN103430,2023-09,1
LN104326,2024-10,0
LN105675,2024-10,0
LN100397,2023-10,0
LN104991,2025-06,0
LN105472,2024-07,0
LN102543,2024-11,0
LN103307,2025-05,0
LN103979,2023-03,0
LN103437,2024-04,0
LN105001,2025-06,0
LN105799,2023-09,0
LN100348,2022-05,1
LN101858,2023-09,0
LN108610,2022-03,1
LN101773,2023-07,0
LN105878,2024-04,0
LN103535,2023-09,0
LN106741,2024-11,0
LN106417,2024-09,0
LN101740,2024-07,1
LN102609,2025-07,0
LN100892,2023-04,1
LN106217,2025-05,1
LN103526,2022-09,1
LN101188,2024-04,1
LN100503,2025-12,1
LN106707,2023-04,1
LN108193,2025-06,1
LN108611,2022-09,0
LN105620,2025-07,1
LN103887,2024-03,0
LN105039,2023-06,0
LN108569,2025-02,1
LN105712,2025-12,1
LN100478,2024-02,0
LN105153,2024-03,0
LN107720,2021-12,1
LN103118,2024-09,0
LN103928,2025-08,0
LN103287,2024-02,1
LN105729,2024-12,1
LN107462,2022-04,0
LN102910,2022-03,1
LN102283,2024-10,0
LN102126,2023-04,0
LN108311,2025-05,0
LN108173,2023-06,0
LN105968,2025-12,0
LN104173,2024-01,0
LN101001,2024-06,0
LN101051,2023-07,1
LN104369,2024-03,1
LN105450,2023-12,1
LN103186,2024-05,0
LN107555,2024-01,0
LN107040,2025-11,0
LN106554,2024-09,1
LN101721,2025-06,0
LN105288,2022-06,0
LN107226,2024-01,0
LN100711,2024-11,0
LN102563,2024-06,0
LN104460,2022-06,0
LN102072,2023-08,1
LN101778,2024-06,0
LN100650,2024-01,1
LN107086,2025-04,1
LN102163,2024-12,1
LN103775,2022-06,1
LN101585,2025-07,0
LN100735,2024-03,1
LN101306,2025-03,0
LN107866,2025-03,0
LN103279,2025-03,0
LN106637,2023-04,1
LN100055,2022-03,0
LN105176,2025-12,0
LN100153,2023-09,0
LN102419,2023-11,0
LN106519,2022-01,1
LN106443,2024-05,0
LN107262,2024-03,0
LN104510,2023-01,0
LN106747,2025-08,1
LN100411,2022-12,0
LN106115,2022-09,1
LN106462,2024-04,0
LN106539,2023-06,1
LN100471,2024-07,0
LN101094,2023-09,0
LN100230,2023-08,1
LN101475,2025-10,0
LN104899,2024-08,0
LN108167,2025-06,0
LN108414,2025-04,0
LN103101,2025-01,0
LN107338,2025-11,0
LN105593,2024-09,0
LN102976,2024-10,0
LN105611,2023-08,0
LN106614,2023-10,0
LN102446,2025-06,0
LN100663,2025-05,0
LN102745,2025-04,0
LN106062,2025-05,1
LN105364,2023-06,0
LN107805,2024-05,1
LN101148,2025-03,1
LN107367,2025-05,0
LN106195,2024-05,0
LN101696,2024-11,0
LN102373,2024-08,0
LN101377,2025-07,1
LN106785,2025-09,1
LN106728,2025-07,1
LN106842,2025-03,0
LN106485,2024-11,1
LN104513,2025-09,0
LN108556,2025-02,0
LN105556,2022-12,1
LN102677,2025-08,0
LN103145,2024-05,0
LN105765,2024-11,1
LN107530,2025-06,0
LN101217,2024-05,0
LN105369,2023-01,1
LN100972,2023-11,0
LN104980,2024-09,1
LN104015,2024-12,0
LN101686,2023-09,1
LN108293,2021-09,0
LN105551,2025-04,0
LN105988,2024-12,0
LN105104,2022-10,1
LN100245,2021-11,1
LN108650,2024-11,0
LN104201,2025-06,0
LN100442,2023-07,0
LN104796,2023-06,1
LN103247,2024-12,0
LN106580,2025-09,0
LN106226,2024-09,0
LN104037,2024-07,0
LN104492,2025-05,0
LN106669,2024-09,0
LN101071,2022-11,1
LN101204,2023-12,1
LN103106,2025-11,1
LN108142,2024-05,0
LN100766,2025-01,0
LN103527,2024-02,0
LN102579,2023-09,0
LN108988,2024-09,0
LN103488,2023-06,0
LN100158,2025-08,0
LN107333,2024-09,0
LN100960,2024-03,0
LN102174,2025-09,1
LN106718,2022-12,0
LN105887,2022-10,0
LN106514,2025-04,1
LN108595,2024-06,0
LN100022,2024-09,0
LN108262,2025-09,0
LN106008,2024-05,0
LN102991,2024-06,1
LN106219,2024-11,1
LN103474,2022-10,0
LN106093,2025-04,1
LN108161,2023-10,0
LN102567,2024-09,1
LN103336,2023-09,1
LN107950,2025-08,0
LN100154,2024-11,0
LN105739,2022-01,1
LN107225,2025-01,0
LN101418,2025-08,0
LN106449,2023-09,1
LN106340,2023-12,0
LN107473,2023-06,0
LN103367,2025-06,0
LN102014,2024-04,0
LN102442,2024-03,0
LN107653,2022-11,0
LN102464,2025-12,1
LN100539,2024-11,0
LN102446,2024-03,0
LN106643,2025-04,0
LN105586,2025-02,0
LN105640,2025-02,0
LN103526,2024-03,0
LN105674,2024-04,0
LN103787,2025-12,0
LN107511,2025-08,0
LN105624,2022-06,0
LN105365,2023-09,1
LN101417,2023-03,1
LN105396,2025-06,0
LN108412,2024-08,0
LN104490,2023-03,1
LN106765,2024-10,1
LN102079,2025-05,0
LN108290,2024-04,0
LN108239,2023-08,0
LN108881,2025-07,0
LN107397,2022-09,1
LN101778,2023-07,1
LN104549,2024-07,1
LN101160,2025-04,0
LN103131,2023-08,1
LN102605,2025-04,0
LN106883,2024-09,1
LN107627,2023-02,1
LN107905,2024-11,0
LN100220,2024-10,1
LN108081,2023-08,0
LN108418,2025-07,1
LN106888,2022-11,0
LN106710,2024-02,0
LN104481,2025-08,1
LN107184,2022-10,0
LN108388,2025-08,1
LN101988,2022-04,0
LN104513,2025-06,0
LN107235,2022-04,0
LN102803,2024-12,0
LN106496,2024-07,0
LN102118,2024-11,0
LN102455,2025-01,0
LN104309,2025-03,0
LN103604,2025-10,1
LN105786,2023-10,1
LN101688,2024-12,1
LN100932,2022-11,0
LN105129,2024-05,1
LN105634,2025-10,1
LN101452,2022-10,0
LN107127,2022-09,0
LN101453,2023-04,1
LN108086,2025-06,0
LN103553,2024-05,0
LN105612,2024-09,0
LN102094,2024-03,1
LN108970,2025-01,1
LN105632,2025-11,0
LN102081,2023-09,0
LN104397,2024-04,1
LN104774,2024-01,0
LN103928,2023-10,0
LN107978,2025-03,0
LN107873,2022-11,1
LN108288,2025-05,0
LN102589,2025-12,0
LN102908,2024-01,0
LN102398,2022-05,1
LN101575,2025-08,0
LN104274,2023-02,0
LN100532,2022-05,0
LN106524,2023-08,0
LN105816,2025-08,0
LN106685,2025-01,0
LN101840,2025-04,0
LN100706,2021-11,0
LN105115,2023-12,0
LN103734,2022-10,0
LN101186,2023-06,0
LN101101,2023-02,0
LN107983,2023-11,0
LN105083,2024-09,0
LN102959,2024-02,0
LN102961,2025-12,0
LN103820,2025-01,0
LN107071,2024-10,0
LN105668,2025-08,0
LN105896,2025-09,1
LN102649,2024-08,0
LN100605,2024-09,1
LN102715,2023-09,1
LN108870,2022-01,1
LN100044,2023-05,1
LN107036,2022-01,0
LN104990,2025-02,1
LN105358,2021-12,0
LN107254,2024-09,0
LN108105,2025-10,1
LN103494,2025-03,1
LN108282,2022-08,0
LN103149,2024-01,0
LN106393,2025-01,1
LN102193,2025-07,0
LN100956,2024-08,0
LN100330,2024-02,0
LN101412,2023-12,0
LN103196,2024-12,0
LN108516,2025-11,0
LN102853,2023-11,1
LN103166,2024-12,0
LN101307,2025-02,0
LN103500,2023-07,1
LN105892,2025-08,0
LN102856,2024-06,1
LN101268,2025-01,0
LN103010,2024-10,1
LN100184,2023-05,0
LN104298,2021-10,0
LN101237,2024-11,0
LN105621,2021-12,0
LN106066,2025-04,0
LN105210,2022-01,1
LN107189,2023-07,0
LN104175,2023-05,0
LN103953,2023-03,0
LN107238,2024-01,0
LN105886,2025-10,0
LN106363,2022-09,1
LN102978,2023-09,1
LN101931,2023-12,0
LN104410,2022-06,1
LN103371,2025-11,0
LN106719,2024-10,1
LN108006,2023-09,0
LN103192,2024-10,1
LN108509,2024-12,0
LN107303,2025-10,1
LN103407,2024-11,0
LN107690,2025-07,0
LN101424,2022-10,0
LN102228,2025-01,0
LN106444,2022-11,1
LN102349,2025-08,1
LN108454,2025-08,1
LN104481,2024-11,0
LN107669,2025-11,0
LN101995,2021-10,0
LN108020,2022-07,0
LN100874,2024-06,1
LN100257,2022-12,0
LN104757,2025-01,0
LN108157,2022-05,1
LN105572,2025-05,0
LN107639,2025-11,0
LN104000,2024-11,0
LN104956,2022-04,1
LN103742,2025-01,1
LN107067,2025-11,0
LN108886,2023-11,0
LN103146,2025-09,1
LN103933,2025-03,0
LN100572,2023-12,0
LN104429,2025-02,0
LN107382,2025-03,1
LN103140,2023-07,0
LN107438,2025-11,0
LN105976,2025-05,0
LN100272,2022-09,0
LN103209,2022-05,0
LN100184,2025-02,1
LN105964,2024-02,0
LN106980,2024-03,1
LN102995,2023-10,0
LN106256,2025-12,0
LN104060,2022-10,1
LN105157,2025-08,0
LN102147,2024-10,0
LN106823,2022-01,0
LN107961,2025-09,1
LN104631,2024-05,0
LN100014,2024-02,0
LN103420,2025-10,1
LN102869,2022-03,0
LN108148,2023-07,0
LN108277,2025-11,0
LN102192,2025-05,0
LN100415,2024-05,0
LN105028,2024-06,0
LN101190,2024-01,1
LN108333,2022-12,1
LN108648,2025-11,0
LN103159,2025-03,0
LN105068,2023-01,1
LN100017,2023-06,0
LN104552,2025-01,1
LN107937,2023-01,1
LN105464,2023-08,1
LN106213,2022-11,0
LN108794,2024-10,0
LN100153,2022-09,0
LN108794,2025-06,0
LN107140,2022-05,0
LN107767,2024-06,0
LN101893,2025-04,0
LN101197,2025-12,1
LN101431,2024-10,0
LN102037,2021-10,0
LN103714,2024-12,1
LN107648,2025-08,0
LN106801,2025-05,0
LN101228,2022-06,0
LN102227,2025-10,0
LN100723,2022-01,1
LN107191,2025-03,0
LN108973,2024-08,0
LN105652,2021-10,0
LN102328,2021-11,1
LN101110,2025-02,0
LN102174,2025-02,0
LN104786,2024-10,0
LN102892,2022-10,0
LN108138,2025-11,0
LN108095,2024-06,0
LN108809,2023-02,1
LN100535,2022-09,1
LN101174,2024-02,0
LN101131,2025-04,1
LN106192,2024-06,0
LN100992,2025-09,0
LN100817,2025-08,0
LN102252,2025-10,0
LN102573,2024-02,1
LN104044,2025-09,0
LN104199,2023-03,0
LN106437,2025-12,1
LN105405,2024-04,0
LN106306,2024-10,1
LN101435,2022-08,0
LN103318,2023-11,0
LN104717,2025-05,0
LN105584,2025-07,1
LN102755,2025-07,0
LN105547,2023-11,0
LN102435,2025-11,1
LN104155,2022-06,0
LN103307,2025-06,0
LN106148,2024-07,0
LN105351,2023-12,0
LN105949,2024-09,0
LN108417,2024-02,0
LN107514,2022-06,1
LN105416,2024-02,1
LN107776,2025-07,0
LN101432,2025-03,0
LN100787,2025-10,1
LN107465,2025-08,0
LN107381,2021-11,0
LN102089,2024-03,1
LN101668,2024-12,1
LN100856,2024-01,1
LN106980,2024-12,0
LN107817,2024-11,0
LN105670,2024-01,0
LN101366,2024-12,0
LN103764,2024-03,1
LN103249,2025-03,1
LN108227,2024-05,1
LN104195,2024-07,1
LN108434,2024-03,0
LN104966,2024-04,0
LN102007,2024-02,0
LN107204,2021-10,0
LN106020,2025-07,0
LN105804,2025-01,1
LN103419,2023-05,1
LN105984,2024-12,1
LN103394,2024-06,1
LN104623,2023-11,0
LN104749,2023-03,0
LN103341,2024-07,0
LN102300,2025-05,0
LN106115,2022-07,0
LN106310,2023-12,1
LN101897,2024-08,0
LN104483,2025-08,0
LN107652,2023-07,0
LN105982,2024-09,1
LN102353,2024-11,0
LN103432,2024-12,0
LN105336,2024-12,0
LN104728,2024-08,0
LN101346,2025-06,1
LN107297,2024-02,0
LN108258,2025-07,0
LN106135,2024-01,0
LN107902,2023-11,0
LN103204,2024-02,1
LN107148,2025-04,0
LN100482,2025-05,0
LN106427,2024-04,1
LN104246,2024-06,0
LN102584,2025-04,1
LN102486,2025-10,1
LN105496,2024-04,0
LN104924,2023-10,0
LN104623,2023-05,0
LN100294,2023-06,1
LN106410,2025-06,0
LN107539,2025-07,0
LN107982,2024-10,0
LN106814,2024-04,0
LN106737,2023-02,0
LN107980,2025-08,0
LN102365,2025-09,0
LN108056,2025-10,0
LN100234,2024-06,1
LN108513,2023-03,0
LN108918,2024-06,0
LN105242,2024-11,0
LN107123,2023-05,0
LN104346,2022-02,0
LN104685,2025-04,1
LN101652,2024-11,0
LN106016,2022-11,0
LN103774,2025-08,0
LN100318,2025-10,0
LN100028,2024-05,0
LN102117,2025-12,0
LN107222,2023-08,0
LN104930,2023-11,0
LN100633,2023-05,0
LN101418,2025-01,1
LN103549,2024-11,0
LN101474,2025-08,0
LN101122,2022-09,0
LN100429,2025-01,0
LN104498,2022-05,0
LN107895,2021-12,0
LN108790,2024-05,0
LN102051,2023-10,0
LN105889,2023-02,0
LN104493,2022-12,0
LN107357,2024-11,1
LN105273,2025-12,1
LN108782,2022-02,1
LN105176,2024-12,1
LN102716,2024-04,1
LN102334,2025-08,0
LN105024,2024-12,1
LN106965,2024-12,0
LN107196,2025-02,0
LN108707,2023-10,1
LN102058,2024-10,0
LN106081,2025-02,1
LN104956,2024-08,1
LN106646,2022-03,0
LN102444,2024-08,0
LN103969,2023-09,0
LN104514,2025-10,0
LN104655,2025-10,0
LN107764,2025-09,0
LN101662,2023-01,0
LN108301,2025-08,0
LN108431,2023-02,0
LN106942,2025-12,1
LN108263,2024-05,0
LN101288,2024-03,1
LN104491,2022-06,0
LN107529,2025-09,0
LN103619,2024-01,1
LN106873,2023-01,0
LN104354,2024-05,0
LN100163,2024-04,0
LN105486,2024-07,0
LN104479,2024-12,0
LN103180,2023-04,0
LN106286,2023-03,0
LN104002,2025-07,1
LN104538,2025-08,0
LN101631,2024-09,0
LN107259,2025-07,0
LN106940,2025-04,0
LN108199,2024-09,0
LN104813,2024-08,0
LN102228,2023-04,0
LN104903,2024-03,0
LN105592,2025-04,1
LN100493,2025-10,0
LN103483,2022-07,1
LN107580,2023-01,0
LN106891,2022-12,1
LN103892,2024-12,0
LN107732,2024-12,0
LN107601,2023-10,1
LN101692,2024-02,0
LN102145,2025-05,0
LN108144,2025-07,0
LN105047,2024-12,0
LN103214,2025-09,0
LN103787,2021-08,1
LN107463,2024-10,0
LN108251,2025-02,1
LN105259,2022-12,0
LN100562,2025-03,0
LN107644,2023-11,0
LN107159,2023-12,0
LN108711,2024-05,1
LN107112,2025-05,0
LN107761,2024-09,1
LN107864,2023-03,1
LN106512,2022-12,0
LN103922,2024-10,0
LN106348,2024-03,0
LN102394,2025-04,0
LN108073,2024-07,1
LN104462,2023-08,1
LN105244,2024-02,0
LN102428,2024-03,1
LN105838,2022-07,1
LN104000,2023-09,0
LN107672,2023-12,1
LN103831,2023-09,0
LN106615,2025-10,0
LN100141,2024-06,1
LN100188,2025-02,0
LN106123,2024-07,0
LN105684,2024-05,1
LN103658,2023-02,0
LN106082,2022-07,0
LN108420,2024-06,1
LN103283,2023-04,0
LN102833,2024-04,1
LN100008,2025-04,0
LN102974,2023-01,0
LN107779,2022-11,0
LN105094,2024-01,0
LN107018,2023-10,0
LN101595,2025-04,0
LN108240,2024-01,0
LN103884,2022-11,1
LN100535,2024-02,1
LN103277,2024-11,0
LN106037,2022-11,0
LN102847,2023-03,1
LN108416,2025-02,0
LN102943,2023-01,1
LN102348,2023-04,0
LN108875,2022-10,1
LN101054,2022-04,0
LN103266,2024-10,0
LN100389,2024-11,0
LN104379,2025-02,0
LN103290,2024-10,0
LN106515,2024-01,0
LN107615,2025-07,0
LN104193,2022-10,1
LN101035,2024-09,0
LN107458,2025-11,0
LN108131,2024-10,0
LN104466,2024-12,0
LN104386,2023-09,1
LN105285,2025-09,0
LN100043,2025-02,1
LN106524,2024-08,0
LN102638,2023-05,0
LN107233,2024-03,0
LN108298,2024-05,0
LN104653,2023-10,0
LN100902,2022-04,0
LN103491,2024-01,0
LN105050,2025-02,1
LN106964,2022-04,0
LN101939,2024-05,0
LN107787,2024-04,1
LN107786,2024-06,0
LN105407,2024-08,0
LN102538,2024-01,0
LN104114,2023-07,0
LN101342,2022-04,0
LN102558,2022-05,1
LN105528,2023-11,0
LN102321,2023-01,0
LN107927,2023-06,0
LN103262,2024-12,0
LN102039,2025-05,0
LN103940,2023-09,0
LN108427,2023-08,0
LN102137,2025-04,0
LN107570,2025-08,0
LN102305,2023-08,0
LN101882,2022-07,0
LN105766,2023-07,1
LN105558,2024-12,0
LN107091,2023-10,0
LN106059,2024-05,0
LN103446,2024-03,0
LN104701,2022-09,0
LN102030,2025-12,0
LN102680,2022-06,0
LN108672,2023-01,1
LN106812,2023-03,1
LN104884,2022-09,0
LN107102,2023-12,0
LN100876,2025-02,0
LN101752,2024-12,1
LN105582,2024-04,1
LN108009,2025-05,0
LN107728,2023-02,0
LN107455,2023-03,0
LN106035,2023-10,0
LN103017,2024-08,0
LN104543,2025-01,1
LN103587,2023-12,1
LN102989,2023-06,0
LN103468,2024-07,0
LN107164,2025-08,1
LN101567,2025-01,0
LN103525,2024-08,0
LN105985,2023-03,0
LN103476,2024-11,0
LN102882,2025-07,0
LN107810,2025-12,0
LN102414,2023-02,0
LN107784,2024-09,1
LN108789,2023-12,0
LN102243,2022-04,0
LN104045,2022-12,0
LN104107,2024-12,0
LN107656,2024-12,0
LN106901,2024-01,0
LN102060,2024-08,0
LN100477,2023-02,0
LN105666,2023-07,0
LN107183,2025-02,0
LN104123,2025-11,0
LN104097,2024-02,0
LN108506,2023-09,0
LN101927,2023-11,0
LN100340,2025-07,0
LN102320,2023-01,0
LN105299,2024-12,0
LN103956,2023-09,1
LN106009,2022-11,0
LN108386,2024-05,0
LN105535,2025-04,1
LN100908,2024-11,0
LN107625,2025-07,0
LN102735,2022-11,0
LN107942,2025-02,0
LN100163,2025-08,0
LN103593,2024-10,0
LN103239,2023-11,0
LN105049,2024-11,0
LN102869,2024-10,1
LN101936,2023-03,0
LN101813,2023-03,0
LN108477,2023-07,1
LN108226,2025-07,0
LN103112,2024-01,1
LN103034,2025-06,1
LN108096,2024-12,0
LN106455,2023-08,0
LN108870,2024-01,0
LN105900,2025-02,1
LN102687,2024-03,0
LN104557,2025-09,0
LN105681,2024-04,0
LN100456,2023-01,0
LN106805,2023-09,0
LN101361,2021-11,0
LN105791,2023-08,1
LN106229,2024-05,0
LN103088,2023-08,0
LN101567,2024-02,0
LN105770,2024-03,1
LN104447,2024-01,1
LN108228,2023-04,0
LN107357,2024-09,0
LN107158,2022-10,0
LN105772,2024-01,0
LN102206,2025-03,0
LN104302,2023-07,0
LN101861,2023-10,1
LN102478,2023-11,0
LN105828,2023-07,1
LN101394,2025-12,0
LN102051,2025-07,0
LN107603,2024-11,0
LN102707,2025-05,0
LN103572,2024-04,0
LN108607,2025-07,0
LN102584,2025-05,1
LN108990,2023-10,0
LN102722,2022-12,0
LN106181,2024-07,0
LN106516,2025-03,0
LN104024,2023-09,0
LN105424,2022-12,1
LN102878,2025-07,0
LN107189,2023-02,0
LN100223,2025-01,0
LN102286,2025-08,1
LN101372,2024-11,1
LN101531,2025-06,0
LN105733,2023-11,0
LN100715,2025-03,0
LN105794,2025-07,0
LN106068,2022-11,0
LN100499,2025-11,0
LN102016,2022-12,1
LN100434,2024-04,1
LN107829,2024-09,1
LN106815,2025-01,0
LN107346,2024-02,0
LN107183,2024-09,0
LN104753,2024-11,1
LN104268,2025-03,0
LN100854,2024-06,1
LN102596,2025-11,0
LN105998,2024-02,1
LN102086,2024-05,1
LN104038,2024-01,0
LN102543,2024-12,1
LN101444,2023-03,0
LN104829,2023-12,0
LN107041,2024-07,0
LN100846,2025-06,0
LN105939,2024-11,1
LN104529,2023-09,1
LN106754,2025-06,0
LN102526,2023-06,0
LN106073,2024-03,0
LN103950,2023-02,0
LN103707,2024-02,0
LN101431,2023-08,1
LN102558,2025-06,1
LN103972,2022-10,0
LN105627,2022-07,1
LN103617,2023-01,0
LN107282,2024-06,0
LN103630,2024-10,0
LN104243,2021-10,0
LN105958,2025-09,0
LN105356,2025-04,1
LN104251,2024-03,0
LN101228,2025-05,0
LN108568,2022-11,0
LN103793,2024-10,1
LN106330,2025-12,0
LN101390,2024-02,1
LN101981,2025-12,0
LN108567,2023-09,0
LN105972,2024-05,0
LN102852,2022-10,0
LN107573,2025-10,0
LN102164,2024-11,1
LN100702,2023-09,0
LN107646,2024-04,0
LN106361,2024-10,0
LN107920,2024-08,0
LN105629,2023-10,0
LN104703,2025-04,0
LN107544,2023-11,1
LN100279,2023-07,0
LN107856,2023-07,0
LN105170,2025-01,0
LN100356,2023-01,0
LN103200,2024-10,1
LN104292,2024-02,1
LN102334,2024-09,1
LN100521,2024-01,0
LN107475,2025-07,1
LN100036,2025-01,0
LN101456,2025-12,0
LN100899,2025-04,1
LN102677,2025-11,0
LN107201,2022-11,0
LN107312,2024-11,0
LN102531,2024-04,1
LN101026,2022-12,0
LN100177,2022-03,1
LN101307,2024-05,0
LN102314,2023-06,0
LN104276,2023-02,1
LN105624,2023-02,0
LN102377,2022-06,1
LN107498,2024-09,1
LN108428,2023-11,0
LN103023,2023-09,1
LN102641,2025-09,0
LN103010,2024-02,0
LN100632,2025-08,1
LN103835,2025-05,0
LN104331,2025-08,0
LN100818,2024-05,1
LN103692,2025-10,0
LN105848,2023-08,0
LN103310,2025-04,0
LN104973,2025-07,0
LN108619,2024-08,0
LN107953,2025-06,0
LN100221,2023-06,0
LN104018,2023-03,0
LN103918,2025-05,0
LN105026,2024-07,0
LN107116,2025-02,0
LN108277,2025-12,0
LN102343,2024-12,1
LN101900,2024-08,1
LN105708,2025-12,0
LN100711,2024-08,0
LN107527,2022-08,1
LN106620,2024-03,1
LN103069,2023-04,0
LN102301,2023-08,0
LN106121,2024-10,0
LN100295,2023-12,0
LN107949,2024-10,1
LN108516,2025-01,0
LN106854,2025-08,0
LN100944,2024-02,1
LN101004,2023-02,0
LN101434,2022-11,1
LN106237,2024-01,1
LN105150,2024-05,0
LN106663,2023-11,0
LN101577,2024-06,0
LN101482,2025-06,0
LN103823,2022-10,0
LN105203,2023-11,0
LN104014,2025-09,0
LN101665,2025-11,0
LN100452,2024-07,0
LN108149,2022-11,0
LN103625,2025-08,0
LN101615,2023-10,0
LN107301,2024-03,0
LN104800,2024-05,0
LN101714,2024-07,0
LN107378,2022-09,0
LN107199,2023-05,0
LN106264,2023-09,0
LN103886,2022-12,0
LN100801,2025-07,0
LN105001,2025-02,0
LN104306,2024-02,0
LN102017,2024-06,0
LN104897,2025-05,0
LN103873,2023-07,0
LN104458,2025-02,0
LN104106,2023-08,0
LN106752,2025-12,0
LN105524,2025-07,0
LN105973,2024-03,1
LN107959,2023-10,0
LN107793,2024-01,0
LN100996,2025-02,0
LN103421,2025-07,0
LN105111,2025-01,0
LN106491,2025-03,0
LN103804,2021-10,1
LN102976,2024-04,0
LN102301,2022-05,0
LN107300,2025-09,0
LN102683,2024-06,0
LN108903,2025-11,0
LN106225,2025-08,0
LN103499,2024-07,0
LN107354,2025-12,0
LN107144,2024-03,0
LN107104,2024-08,0
LN100399,2024-05,0
LN101951,2023-08,0
LN108008,2023-12,1
LN104467,2025-05,0
LN100795,2024-12,0
LN107047,2025-05,1
LN103698,2025-01,0
LN103242,2025-05,0
LN107495,2025-10,0
LN103570,2025-12,0
LN100465,2025-09,0
LN100384,2023-02,1
LN101055,2025-04,0
LN106996,2024-06,0
LN102981,2021-12,1
LN104036,2025-08,0
LN103920,2024-10,0
LN105169,2021-10,0
LN103316,2024-01,1
LN103963,2024-03,0
LN104487,2023-08,0
LN108045,2024-03,1
LN102478,2023-06,0
LN108135,2024-02,0
LN108041,2023-05,1
LN102748,2022-12,1
LN104829,2025-11,0
LN105012,2024-10,1
LN102406,2024-02,0
LN106656,2024-09,0
LN107998,2022-10,1
LN102363,2024-08,0
LN105234,2023-11,0
LN103871,2022-08,0
LN100900,2024-03,0
LN101611,2025-01,0
LN100568,2025-06,1
LN103067,2024-03,0
LN102146,2025-06,1
LN106762,2025-09,1
LN102914,2024-02,1
LN106994,2025-07,1
LN102759,2025-06,1
LN100943,2024-10,0
LN105623,2025-01,0
LN105116,2023-02,1
LN107727,2025-01,0
LN106815,2024-05,0
LN101632,2021-12,1
LN101167,2025-08,1
LN106335,2022-06,0
LN106886,2025-03,0
LN105108,2023-12,0
LN100124,2024-12,1
LN107514,2024-12,1
LN103096,2025-08,0
LN102331,2025-07,0
LN105899,2025-04,0
LN105071,2025-07,0
LN108403,2025-02,1
LN108850,2022-11,1
LN105614,2024-09,0
LN102890,2025-05,0
LN107426,2023-09,0
LN103781,2023-09,0
LN106671,2025-11,0
LN105546,2023-04,0
LN106298,2022-12,0
LN108203,2024-10,0
LN107625,2024-05,0
LN104269,2024-07,1
LN105917,2024-01,0
LN102245,2025-01,0
LN105346,2023-06,0
LN102873,2025-01,0
LN107321,2024-01,0
LN103457,2024-03,0
LN105245,2025-05,0
LN103734,2023-01,0
LN104390,2022-08,0
LN108490,2024-12,0
LN105716,2024-11,0
LN107881,2021-11,0
LN100918,2023-12,0
LN102674,2025-07,0
LN103051,2025-06,0
LN104270,2024-05,0
LN105501,2025-02,1
LN106953,2024-08,1
LN108446,2024-01,0
LN102908,2025-02,0
LN106824,2024-04,0
LN105210,2025-02,0
LN101437,2024-09,0
LN104523,2025-04,0
LN106170,2023-09,0
LN105963,2024-03,0
LN106377,2024-10,0
LN104210,2022-07,0
LN100811,2025-03,0
LN101425,2024-07,0
LN101809,2025-08,0
LN102589,2023-05,0
LN101709,2025-05,0
LN100768,2022-12,0
LN100098,2025-01,0
LN100715,2025-08,1
LN104282,2022-06,0
LN100633,2025-06,0
LN107273,2025-07,0
LN105808,2023-08,0
LN107739,2023-12,0
LN102156,2023-07,0
LN100835,2025-02,1
LN102593,2022-07,0
LN103328,2023-09,0
LN104840,2024-10,0
LN105525,2023-09,0
LN100369,2025-10,0
LN104286,2024-10,0
LN101175,2024-12,0
LN108971,2025-11,0
LN106741,2025-05,1
LN104680,2023-09,0
LN102957,2023-12,0
LN106338,2024-10,0
LN100168,2024-01,1
LN102411,2025-02,0
LN105856,2023-03,0
LN103974,2022-08,0
LN100038,2025-01,1
LN104806,2024-04,1
LN104013,2025-01,0
LN107335,2023-12,1
LN108442,2023-01,0
LN101975,2025-07,0
LN100565,2025-06,0
LN100294,2024-07,0
LN107870,2023-02,0
LN101358,2023-12,0
LN106125,2025-01,1
LN102649,2024-01,1
LN104034,2022-12,0
LN102227,2024-11,0
LN108520,2024-09,1
LN104743,2024-07,1
LN101097,2025-02,0
LN101905,2024-11,0
LN103573,2024-05,1
LN103313,2024-03,0
LN102905,2024-09,0
LN103851,2023-06,0
LN108357,2024-12,0
LN106103,2024-01,0
LN102289,2025-12,0
LN103126,2025-01,1
LN104346,2023-03,1
LN108619,2025-09,0
LN100035,2024-05,0
LN102298,2022-07,0
LN104447,2024-02,0
LN103558,2024-02,0
LN105761,2022-01,1
LN102959,2025-02,0
LN104889,2025-10,0
LN100028,2025-12,0
LN103491,2025-10,0
LN102234,2025-03,0
LN100196,2023-04,0
LN102429,2025-11,1
LN106163,2024-11,1
LN104301,2025-02,1
LN103651,2024-03,1
LN107908,2023-12,1
LN102941,2025-08,0
LN101786,2022-07,1
LN106554,2023-07,0
LN106660,2025-09,0
LN107378,2025-12,0
LN105564,2024-04,1
LN107137,2025-06,0
LN100569,2024-09,1
LN107720,2025-06,0
LN107488,2025-06,0
LN102221,2023-12,0
LN106254,2023-01,0
LN102920,2024-07,0
LN102137,2022-08,0
LN107120,2024-10,0
LN101305,2024-02,1
LN108935,2025-11,1
LN103558,2025-12,1
LN103797,2022-02,0
LN103532,2023-10,0
LN102417,2024-12,0
LN105831,2022-04,0
LN102093,2025-05,1
LN107308,2025-04,0
LN107599,2025-02,0
LN100314,2023-11,0
LN104054,2022-01,0
LN102217,2025-03,0
LN108350,2023-01,1
LN105699,2024-04,1
LN100008,2022-03,0
LN108367,2025-10,0
LN101756,2025-02,1
LN103983,2024-03,0
LN102706,2024-02,0
LN100509,2022-05,1
LN103293,2022-08,1
LN101853,2023-09,1
LN102579,2025-01,0
LN103449,2023-07,0
LN105831,2022-07,0
LN102051,2023-02,0
LN106576,2025-05,0
LN101621,2025-10,0
LN102184,2024-11,1
LN105757,2024-10,1
LN108152,2025-06,0
LN104774,2025-07,1
LN102348,2022-04,0
LN103057,2025-03,1
LN104698,2025-04,0
LN108546,2024-04,0
LN100760,2024-05,0
LN108903,2025-10,1
LN104052,2025-08,0
LN103620,2025-07,0
LN104663,2023-09,0
LN103253,2023-09,0
LN106554,2022-12,0
LN104040,2024-07,1
LN106286,2025-07,1
LN102431,2024-06,0
LN105915,2024-03,0
LN105698,2025-03,0
LN107038,2025-10,0
LN108504,2022-04,1
LN102043,2025-06,0
LN106430,2025-10,1
LN102967,2023-08,0
LN107974,2023-11,0
LN106754,2025-11,1
LN108036,2025-11,0
LN102478,2024-10,1
LN103101,2023-05,0
LN103962,2024-08,1
LN100538,2024-07,1
LN105508,2024-06,1
LN102430,2025-02,0
LN102849,2022-12,0
LN108657,2024-10,0
LN102802,2025-12,0
LN105668,2024-04,0
LN104829,2024-06,0
LN106195,2025-06,1
LN106459,2025-03,1
LN105850,2024-04,1
LN100775,2025-08,0
LN104558,2025-08,1
LN106115,2023-03,0
LN102735,2022-01,1
LN102974,2025-12,0
LN100530,2023-11,0
LN103080,2025-03,0
LN101619,2025-01,1
LN103512,2025-08,0
LN104081,2023-05,0
LN107254,2024-03,1
LN108653,2024-10,0
LN103665,2023-03,0
LN103099,2023-03,0
LN106752,2025-04,1
LN100033,2023-12,0
LN107350,2024-11,0
LN105381,2025-04,1
LN102478,2021-11,0
LN104200,2023-12,0
LN102207,2025-03,0
LN103848,2024-12,0
LN103877,2022-09,0
LN100883,2023-01,1
LN106388,2023-11,0
LN106439,2025-12,0
LN101047,2023-11,0
LN107954,2025-09,1
LN103903,2023-05,1
LN100723,2025-08,0
LN105547,2023-01,1
LN102379,2023-11,0
LN105150,2022-09,0
LN106962,2025-10,1
LN107267,2023-08,0
LN103171,2025-02,0
LN105541,2022-03,0
LN102860,2022-06,0
LN100325,2025-10,0
LN102529,2024-01,0
LN105234,2025-10,0
LN106892,2025-01,1
LN103290,2023-09,0
LN100788,2024-12,0
LN101402,2023-09,0
LN108671,2024-11,0
LN103385,2022-11,1
LN102289,2025-08,0
LN106141,2021-07,0
LN107346,2024-07,0
LN106813,2025-01,0
LN100235,2025-06,0
LN106114,2024-05,1
LN100466,2024-07,0
LN102399,2025-07,0
LN105648,2025-06,0
LN102115,2023-04,0
LN105306,2023-07,0
LN100103,2022-01,1
LN105625,2024-11,0
LN102942,2025-05,1
LN100679,2025-03,0
LN104848,2023-07,0
LN108636,2021-11,0
LN106901,2025-08,1
LN108042,2025-01,0
LN107271,2021-10,1
LN104856,2024-10,0
LN107944,2025-01,0
LN102827,2025-11,0
LN106248,2023-11,0
LN101401,2024-01,0
LN101802,2023-09,0
LN104386,2024-10,0
LN105296,2023-01,0
LN100560,2024-11,0
LN106781,2024-04,0
LN105232,2023-05,0
LN104069,2025-09,1
LN103518,2024-08,0
LN106118,2023-07,0
LN100280,2022-08,1
LN105328,2024-09,1
LN106411,2024-01,0
LN108915,2025-10,0
LN108599,2024-05,1
LN103811,2025-07,1
LN108255,2023-03,0
LN108352,2025-10,0
LN106788,2023-11,1
LN100439,2025-05,0
LN103527,2025-06,0
LN100588,2025-04,0
LN108949,2025-10,0
LN100057,2025-02,0
LN108801,2024-12,0
LN106488,2024-06,0
LN106657,2024-11,0
LN107855,2025-05,0
LN106753,2025-02,1
LN103326,2023-12,0
LN104384,2024-01,1
LN106753,2022-05,0
LN104860,2024-01,0
LN101074,2025-01,0
LN108673,2023-04,0
LN106009,2024-12,0
LN102003,2025-07,0
LN100559,2024-07,1
LN107988,2022-09,1
LN102091,2023-04,0
LN101396,2024-05,0
LN108698,2023-04,0
LN108166,2023-06,0
LN101095,2025-03,0
LN102848,2022-07,0
LN108924,2025-11,0
LN108163,2022-08,1
LN101966,2022-10,0
LN102776,2023-11,1
LN100741,2024-12,1
LN101702,2024-04,0
LN101851,2022-08,1
LN104095,2023-12,0
LN102508,2024-12,0
LN108757,2025-12,1
LN108511,2022-02,0
LN104049,2024-04,1
LN100393,2024-01,0
LN101051,2025-06,0
LN108502,2025-08,0
LN104924,2025-05,1
LN101095,2025-09,0
LN101203,2024-02,0
LN104199,2023-01,0
LN108899,2022-09,1
LN101307,2022-05,0
LN108920,2024-07,0
LN106310,2023-06,1
LN107392,2023-07,0
LN106056,2021-08,0
LN105329,2023-10,1
LN104850,2024-10,0
LN107720,2025-10,0
LN105183,2024-10,0
LN100009,2023-11,0
LN101625,2025-06,0
LN107248,2025-07,0
LN101854,2022-11,0
LN105886,2025-06,0
LN100141,2022-09,1
LN101390,2023-07,0
LN105769,2025-09,0
LN100082,2025-08,0
LN101210,2025-09,0
LN105826,2022-11,0
LN101754,2025-01,1
LN103413,2025-01,0
LN100387,2024-12,1
LN107873,2025-02,0
LN101122,2024-11,0
LN108744,2023-09,0
LN108823,2022-09,0
LN103180,2025-09,0
LN105975,2024-01,1
LN103090,2024-04,0
LN106510,2023-12,0
LN105826,2022-03,0
LN106318,2025-06,0
LN104639,2025-07,1
LN102180,2025-01,0
LN102657,2025-10,0
LN107802,2025-05,1
LN104820,2023-07,0
LN103942,2025-03,0
LN105420,2024-07,0
LN103787,2023-07,0
LN105096,2024-02,0
LN104887,2024-04,0
LN104280,2023-12,0
LN100508,2022-06,0
LN105506,2024-08,0
LN100802,2025-05,0
LN100660,2025-09,0
LN106654,2022-11,0
LN104698,2022-12,0
LN102523,2023-03,0
LN103785,2024-01,1
LN103196,2025-04,0
LN106319,2023-09,1
LN103364,2024-04,1
LN108226,2024-12,1
LN103024,2025-01,0
LN100551,2023-06,1
LN106328,2023-07,0
LN101790,2025-05,0
LN104298,2025-09,0
LN108228,2024-10,1
LN104612,2025-08,0
LN101854,2022-01,0
LN102935,2025-04,0
LN101714,2024-06,0
LN105072,2024-03,0
LN101549,2022-04,0
LN108911,2024-09,0
LN101177,2025-02,0
LN108287,2023-11,0
LN100931,2024-11,1
LN102248,2022-04,0
LN108847,2023-11,0
LN105507,2024-08,1
LN106780,2024-07,0
LN100325,2022-04,0
LN102764,2024-09,1
LN106647,2024-11,0
LN100889,2024-12,0
LN108597,2025-01,1
LN105754,2025-04,1
LN101798,2025-03,1
LN104070,2023-01,0
LN103724,2025-10,0
LN105390,2023-02,1
LN101386,2024-09,0
LN105713,2024-12,0
LN106385,2023-11,0
LN101124,2024-11,1
LN103724,2021-09,0
LN106459,2024-07,1
LN106054,2025-03,0
LN103807,2024-10,0
LN106929,2024-05,0
LN102787,2022-01,1
LN106011,2025-09,1
LN101492,2022-08,1
LN104403,2025-01,0
LN104555,2025-01,1
LN102155,2023-10,0
LN107046,2023-08,0
LN105590,2023-05,0
LN107975,2023-11,0
LN104644,2023-05,0
LN101415,2025-01,0
LN105539,2025-07,0
LN108120,2023-04,0
LN102389,2025-02,0
LN102279,2023-11,1
LN106958,2023-08,0
LN103512,2022-06,0
LN106398,2023-08,0
LN108869,2024-10,0
LN105905,2023-10,1
LN100958,2025-01,0
LN104944,2023-03,0
LN103358,2024-01,0
LN101822,2023-02,0
LN102478,2025-01,1
LN106318,2024-11,0
LN104535,2025-01,0
LN102457,2025-07,0
LN103915,2021-11,0
LN107322,2025-02,0
LN104106,2022-05,1
LN108598,2024-01,0
LN108875,2025-10,0
LN108264,2022-11,1
LN102981,2022-10,0
LN101769,2024-11,0
LN102681,2024-05,1
LN106268,2023-11,0
LN105769,2023-11,0
LN100992,2022-03,0
LN105520,2023-01,0
LN105040,2025-03,1
LN100939,2023-08,0
LN103233,2022-11,1
LN101781,2025-06,0
LN105473,2025-02,1
LN105847,2024-08,1
LN108514,2024-01,0
LN107197,2025-12,0
LN100331,2025-05,1
LN103466,2025-04,0
LN103102,2024-02,0
LN101366,2025-02,0
LN104873,2025-07,0
LN102433,2025-11,0
LN100181,2022-06,1
LN101251,2023-09,0
LN106447,2025-06,1
LN106513,2022-05,0
LN101555,2025-06,0
LN102628,2025-04,0
LN108177,2024-11,0
LN102222,2022-11,1
LN105776,2023-02,0
LN102549,2023-12,0
LN105709,2025-10,0
LN104624,2025-06,0
LN102047,2025-09,1
LN105509,2025-06,0
LN105716,2025-10,1
LN107864,2024-05,1
LN107128,2024-07,0
LN103087,2024-04,0
LN107317,2024-07,0
LN100793,2025-04,0
LN106600,2025-10,0
LN107019,2024-06,0
LN100181,2024-07,1
LN102065,2025-06,1
LN106521,2022-02,0
LN105456,2023-03,0
LN103308,2024-09,0
LN102409,2023-05,1
LN101924,2022-11,0
LN108018,2025-01,1
LN100949,2023-05,0
LN102635,2025-05,0
LN103268,2023-09,0
LN101492,2022-12,0
LN103125,2025-04,0
LN106280,2025-11,1
LN106296,2022-09,1
LN100189,2023-09,1
LN108772,2025-04,0
LN105565,2024-10,0
LN103028,2022-07,0
LN107075,2025-01,0
LN106292,2025-03,0
LN102084,2022-01,0
LN107705,2025-03,0
LN102459,2024-04,0
LN105425,2023-09,0
LN104566,2024-06,0
LN101320,2023-03,1
LN108485,2024-01,0
LN102482,2023-04,0
LN100386,2022-03,0
LN108251,2024-10,1
LN105539,2025-02,0
LN108403,2025-10,0
LN103248,2023-05,0
LN108889,2022-06,1
LN100261,2025-09,0
LN100735,2025-09,1
LN106008,2022-04,0
LN107473,2023-07,0
LN106622,2025-05,0
LN101236,2023-12,1
LN108391,2025-05,0
LN108122,2024-08,0
LN101027,2023-01,1
LN108975,2023-05,0
LN100536,2025-09,0
LN103293,2023-09,0
LN104902,2025-06,0
LN100288,2023-08,0
LN108000,2025-01,0
LN108653,2025-03,0
LN106849,2025-04,0
LN106116,2024-10,1
LN104491,2022-05,0
LN101059,2024-08,1
LN106422,2023-10,1
LN104943,2025-06,1
LN108750,2023-05,0
LN104142,2024-05,0
LN101648,2025-09,0
LN105818,2022-11,0
LN106419,2023-02,1
LN104216,2023-08,0
LN108745,2024-11,0
LN101045,2022-01,0
LN106140,2023-12,1
LN102349,2025-10,0
LN108426,2022-12,0
LN106022,2023-12,0
LN107132,2025-03,0
LN102602,2025-08,1
LN101939,2024-09,1
LN101497,2024-11,1
LN103158,2023-12,0
LN102974,2023-03,0
LN104602,2024-10,0
LN106985,2025-05,1
LN100157,2023-11,1
LN100966,2025-08,0
LN105565,2025-09,0
LN107668,2025-11,0
LN105950,2023-03,0
LN104108,2024-10,1
LN103410,2022-06,0
LN102859,2023-11,0
LN106976,2025-11,0
LN104335,2025-09,0
LN108167,2023-09,0
LN108153,2025-03,1
LN100080,2025-06,0
LN107760,2023-05,0
LN101925,2024-10,0
LN108277,2025-05,1
LN100197,2022-11,0
LN100489,2023-10,0
LN104577,2022-05,1
LN104857,2025-10,1
LN100191,2024-05,0
LN102703,2024-10,0
LN108980,2024-12,0
LN102139,2024-08,0
LN108947,2022-03,0
LN100947,2023-04,0
LN101358,2024-11,0
LN107235,2024-11,1
LN103870,2023-09,0
LN104723,2024-05,1
LN104043,2024-06,0
LN103946,2025-06,0
LN105433,2023-10,0
LN105054,2024-07,0
LN103032,2023-10,0
LN106827,2025-10,1
LN102119,2025-10,1
LN106941,2024-10,0
LN108611,2025-06,0
LN101636,2022-12,1
LN106369,2024-11,0
LN100142,2023-06,1
LN100825,2022-09,0
LN102153,2025-02,1
LN105600,2024-12,0
LN102664,2023-11,1
LN101301,2023-08,0
LN105935,2025-04,0
LN108157,2023-11,0
LN100538,2024-01,0
LN108137,2024-10,1
LN107817,2024-01,0
LN102264,2022-12,0
LN108174,2023-02,1
LN103443,2025-05,1
LN102101,2024-11,0
LN104976,2024-11,1
LN108421,2025-07,0
LN105249,2024-12,0
LN101948,2022-06,0
LN104315,2022-08,0
LN101260,2023-01,0
LN103248,2025-02,0
LN104657,2023-11,0
LN104922,2024-02,0
LN104898,2025-02,0
LN104751,2022-10,0
LN103268,2023-05,0
LN101820,2024-04,0
LN107046,2025-06,0
LN107950,2024-06,0
LN105606,2024-05,0
LN101027,2024-02,0
LN106517,2025-07,0
LN104892,2025-11,0
LN101596,2025-02,0
LN100107,2025-09,0
LN100746,2025-05,0
LN107522,2023-10,0
LN100101,2022-03,0
LN108846,2024-01,0
LN108294,2023-08,0
LN107409,2023-09,1
LN101447,2025-06,1
LN108844,2023-08,0
LN100525,2023-03,1
LN106722,2025-02,0
LN103147,2025-04,0
LN102961,2025-05,0
LN102196,2025-10,0
LN104032,2023-08,0
LN108394,2022-02,1
LN100683,2025-05,0
LN102544,2025-03,0
LN108331,2023-03,1
LN107344,2024-09,0
LN108596,2025-07,0
LN103900,2024-06,0
LN105067,2025-09,0
LN102317,2025-07,0
LN102619,2025-03,0
LN102815,2022-02,0
LN105810,2024-02,1
LN105109,2023-01,0
LN101867,2024-06,1
LN100561,2022-02,0
LN105204,2024-06,0
LN101041,2024-12,1
LN106241,2022-06,0
LN104116,2022-04,0
LN107841,2023-09,0
LN100478,2025-08,0
LN107488,2022-11,0
LN102963,2022-07,0
LN105257,2023-11,0
LN108652,2022-11,0
LN108631,2024-02,0
LN105080,2024-04,0
LN103793,2024-06,1
LN102617,2022-10,0
LN105821,2024-03,1
LN107223,2025-03,1
LN107800,2023-01,1
LN106226,2025-05,0
LN105080,2023-10,0
LN104630,2022-06,0
LN102647,2025-03,0
LN101390,2025-09,0
LN106376,2025-11,1
LN107844,2025-09,0
LN104274,2025-12,0
LN106709,2024-12,0
LN106214,2025-11,0
LN103679,2024-01,1
LN101133,2024-08,1
LN100792,2025-04,0
LN104719,2024-09,0
LN101312,2024-06,0
LN102213,2023-02,0
LN102418,2023-09,1
LN101718,2023-12,0
LN102759,2023-03,0
LN100752,2021-12,1
LN102585,2024-03,0
LN101238,2023-01,1
LN100032,2022-02,0
LN101548,2024-10,0
LN107393,2024-09,1
LN108085,2024-06,1
LN105679,2023-05,0
LN104526,2022-12,1
LN106843,2025-08,1
LN105885,2025-02,0
LN101228,2025-03,0
LN106102,2023-04,0
LN106346,2024-02,0
LN100068,2022-09,0
LN107220,2024-05,1
LN104075,2021-08,0
LN106788,2024-02,1
LN100618,2024-10,0
LN103417,2024-07,0
LN101166,2021-11,1
LN100896,2024-06,0
LN107335,2022-02,1
LN106552,2022-04,0
LN103936,2024-06,0
LN106576,2022-03,0
LN106397,2024-04,1
LN105934,2025-12,0
LN105662,2024-09,0
LN107974,2023-04,1
LN107377,2024-06,0
LN108938,2025-09,0
LN106469,2024-12,1
LN100976,2024-02,1
LN102760,2022-02,0
LN103114,2023-06,0
LN102801,2023-08,0
LN104383,2023-12,0
LN107557,2024-03,0
LN102513,2025-07,1
LN106316,2025-02,0
LN108854,2024-11,1
LN102595,2023-01,0
LN101729,2022-08,0
LN107092,2023-02,1
LN106153,2023-06,0
LN100206,2025-01,0
LN107416,2024-12,0
LN108808,2025-02,1
LN107720,2022-01,0
LN107292,2025-12,1
LN107952,2025-02,0
LN104632,2025-01,0
LN105965,2023-09,0
LN108852,2024-03,0
LN101876,2025-02,0
LN107120,2024-11,0
LN105388,2023-03,0
LN102007,2022-05,0
LN106217,2023-12,1
LN106589,2024-08,1
LN108784,2024-02,0
LN100560,2023-06,0
LN107866,2024-04,1
LN100044,2022-03,0
LN104335,2025-05,0
LN107241,2023-12,0
LN108652,2023-03,0
LN102436,2023-10,0
LN107388,2022-12,0
LN101024,2025-05,0
LN105743,2023-02,0
LN102514,2023-01,0
LN103067,2024-06,0
LN104788,2022-09,0
LN108633,2025-09,1
LN106492,2023-01,0
LN102659,2023-09,0
LN106065,2023-09,0
LN100293,2025-06,0
LN108718,2024-12,1
LN105961,2024-07,0
LN105220,2025-07,0
LN107332,2025-01,1
LN101387,2023-05,0
LN102740,2022-02,0
LN104154,2025-02,0
LN100135,2022-09,0
LN107477,2024-10,0
LN101939,2025-08,0
LN102128,2024-02,0
LN102791,2023-07,0
LN104982,2023-10,0
LN104850,2025-03,0
LN106095,2025-11,0
LN100685,2025-12,0
LN101311,2025-11,1
LN104019,2024-06,1
LN100985,2024-12,1
LN108297,2023-09,0
LN104667,2025-10,0
LN106407,2025-07,1
LN107629,2023-08,1
LN106114,2025-03,0
LN106258,2024-08,0
LN103279,2024-02,0
LN102109,2024-01,0
LN104422,2024-09,0
LN102872,2024-08,1
LN106316,2025-08,1
LN101620,2022-11,1
LN103531,2025-07,0
LN103283,2022-03,0
LN101332,2024-01,1
LN106671,2025-07,0
LN100629,2023-11,1
LN102395,2024-02,0
LN100854,2024-07,0
LN104079,2024-10,1
LN107335,2022-07,1
LN108659,2024-09,0
LN106680,2023-06,0
LN104070,2024-09,0
LN108583,2021-11,0
LN107184,2025-09,0
LN108008,2023-05,0
LN108755,2022-08,0
LN106884,2025-03,1
LN107759,2025-04,1
LN105130,2024-04,0
LN105874,2024-05,0
LN107523,2023-04,0
LN103435,2024-09,1
LN101968,2024-11,1
LN108981,2025-11,1
LN105115,2023-03,0
LN103638,2025-06,1
LN106110,2024-09,1
LN100920,2025-01,0
LN100112,2025-02,0
LN107820,2023-08,1
LN105918,2024-06,1
LN106188,2024-02,0
LN103402,2023-07,1
LN105314,2023-12,1
LN100857,2023-04,0
LN100052,2025-07,1
LN100017,2024-07,0
LN100904,2025-05,0
LN102255,2025-12,0
LN103408,2023-12,0
LN105751,2023-09,1
LN101266,2024-08,1
LN103392,2024-07,0
LN108677,2023-06,0
LN108915,2023-08,0
LN103984,2024-10,0
LN104680,2023-06,1
LN102606,2025-02,1
LN104242,2024-07,0
LN101502,2022-12,0
LN108169,2024-10,0
LN102153,2024-09,1
LN101883,2024-10,0
LN108575,2022-07,0
LN103232,2023-11,0
LN101953,2025-02,0
LN105593,2023-11,0
LN103175,2025-08,1
LN102576,2025-04,0
LN108258,2024-06,0
LN107958,2025-11,0
LN103527,2023-08,1
LN104879,2024-12,0
LN104473,2024-08,0
LN106972,2025-08,0
LN103662,2025-08,0
LN102740,2023-09,0
LN104458,2025-05,0
LN106104,2025-08,0
LN100554,2024-12,0
LN105527,2023-06,1
LN104741,2024-03,0
LN101350,2025-08,0
LN105550,2024-02,0
LN100568,2025-07,0
LN107840,2025-05,1
LN103172,2023-12,0
LN108165,2024-12,0
LN105419,2024-01,1
LN101112,2023-01,0
LN105064,2024-03,0
LN106934,2024-09,0
LN100242,2024-08,0
LN106125,2024-01,0
LN107226,2022-05,0
LN103603,2024-12,1
LN107498,2023-10,0
LN106210,2023-10,0
LN102617,2022-03,0
LN105298,2022-03,0
LN105016,2024-02,1
LN100108,2025-04,0
LN106085,2024-03,0
LN104626,2025-06,1
LN106260,2023-09,0
LN104890,2025-05,0
LN104277,2024-07,0
LN103982,2024-05,0
LN103048,2022-10,0
LN106251,2022-07,0
LN107847,2024-09,1
LN107128,2024-06,1
LN101653,2024-02,0
LN101357,2025-11,0
LN108093,2025-08,1
LN107577,2025-03,0
LN103527,2022-05,0
LN108301,2024-09,0
LN100301,2024-05,1
LN104200,2024-03,0
LN100513,2024-06,0
LN108994,2022-02,0
LN103576,2025-06,0
LN104477,2025-11,1
LN107514,2023-07,1
LN105444,2023-06,0
LN103512,2023-04,1
LN107990,2023-09,1
LN104179,2024-08,0
LN102644,2024-05,0
LN108233,2024-05,0
LN101887,2023-11,1
LN107474,2023-07,0
LN101240,2023-05,0
LN101805,2024-05,1
LN107301,2023-03,0
LN105193,2023-01,1
LN106697,2025-10,0
LN101955,2024-08,0
LN103148,2025-03,1
LN106280,2021-11,0
LN103823,2025-02,0
LN101488,2023-08,0
LN101682,2022-08,1
LN102665,2023-10,0
LN100154,2024-05,1
LN103183,2025-03,0
LN101469,2023-06,1
LN107604,2024-03,0
LN100490,2025-04,0
LN100424,2025-01,1
LN100096,2022-07,1
LN107122,2025-09,0
LN104020,2022-11,1
LN102608,2025-10,0
LN100286,2023-12,1
LN101025,2025-07,0
LN103582,2024-12,1
LN102775,2022-07,1
LN104755,2024-12,0
LN105386,2023-06,1
LN104027,2023-07,1
LN105681,2024-10,0
LN108707,2021-09,0
LN104530,2024-11,0
LN101130,2025-07,0
LN105636,2025-07,0
LN102504,2024-04,0
LN102699,2024-02,1
LN100593,2025-01,0
LN102240,2024-08,1
LN106224,2023-03,1
LN100421,2025-10,0
LN105224,2024-12,1
LN100834,2025-12,0
LN105850,2023-09,1
LN100448,2024-01,1
LN105712,2024-05,1
LN100076,2022-12,0
LN100232,2022-12,0
LN106576,2022-07,1
LN100681,2023-09,1
LN103865,2025-07,0
LN108404,2024-10,0
LN102383,2024-05,0
LN105299,2025-07,0
LN106602,2025-04,0
LN104097,2022-10,0
LN102958,2023-11,0
LN100818,2025-06,0
LN103006,2025-09,0
LN104671,2025-03,0
LN104412,2023-10,1
LN103772,2024-06,0
LN107483,2022-03,0
LN102991,2024-09,0
LN101064,2024-05,0
LN100558,2025-03,0
LN108037,2021-10,0
LN100341,2024-01,0
LN106717,2024-06,1
LN107619,2025-12,0
LN101195,2025-03,0
LN102705,2025-11,1
LN104841,2024-03,0
LN104705,2025-09,0
LN101350,2024-03,1
LN108943,2022-06,0
LN100901,2021-10,0
LN100560,2025-03,1
LN103588,2024-02,0
LN101999,2025-07,0
LN106142,2024-08,1
LN108844,2025-12,0
LN103747,2024-12,0
LN102331,2025-04,1
LN107606,2025-09,0
LN103211,2024-01,1
LN107959,2024-06,0
LN106185,2025-07,0
LN106326,2025-02,0
LN107482,2023-06,0
LN100635,2024-02,0
LN105391,2024-01,1
LN103240,2022-07,0
LN102738,2023-07,0
LN103404,2023-04,0
LN101999,2024-09,1
LN108568,2022-03,1
LN104723,2023-02,1
LN102223,2025-06,0
LN108682,2024-10,0
LN105590,2024-11,1
LN108519,2022-09,0
LN103527,2025-09,1
LN106677,2025-09,0
LN102025,2024-04,1
LN101879,2024-01,0
LN107806,2024-06,0
LN102384,2024-05,0
LN106141,2021-12,1
LN105977,2024-03,0
LN103022,2024-05,0
LN102009,2024-05,1
LN103290,2023-12,0
LN101592,2023-08,0
LN103898,2022-11,0
LN104895,2023-04,0
LN103693,2024-08,0
LN102139,2023-10,0
LN104608,2025-11,0
LN103905,2025-12,0
LN105789,2025-08,0
LN104582,2023-06,1
LN102589,2024-11,0
LN100586,2024-01,1
LN105046,2024-03,1
LN105543,2024-05,0
LN106918,2023-07,0
LN108310,2022-02,0
LN105379,2025-09,0
LN106190,2024-11,0
LN105045,2024-06,0
LN108971,2024-04,1
LN103376,2023-12,0
LN103091,2023-05,0
LN101098,2021-08,0
LN104924,2024-05,0
LN104647,2025-06,1
LN103496,2022-07,0
LN106254,2022-07,0
LN108474,2024-12,0
LN100964,2025-06,0
LN108257,2024-11,0
LN101697,2022-07,0
LN104376,2023-05,0
LN103090,2024-07,1
LN107434,2023-07,0
LN103375,2025-11,0
LN101390,2024-03,0
LN106050,2025-02,0
LN105799,2023-10,0
LN108368,2025-09,1
LN102098,2025-03,0
LN100996,2025-04,0
LN106858,2024-04,0
LN106490,2024-12,0
LN101342,2021-12,1
LN107480,2025-02,0
LN103798,2022-10,0
LN102947,2023-12,0
LN102268,2022-07,0
LN108468,2025-06,1
LN100334,2023-06,0
LN105327,2023-10,0
LN105806,2025-02,0
LN108037,2025-02,0
LN105653,2025-11,0
LN106170,2023-05,1
LN108605,2025-10,0
LN103087,2022-10,0
LN102006,2023-02,1
LN104755,2025-01,0
LN108866,2022-05,0
LN104358,2025-11,0
LN100853,2024-06,0
LN105447,2023-08,0
LN107432,2025-11,0
LN103872,2024-08,0
LN102030,2025-11,0
LN105555,2024-02,0
LN101922,2025-08,1
LN107851,2023-09,1
LN107807,2024-11,0
LN105765,2023-08,0
LN102807,2024-07,0
LN107283,2022-02,0
LN103504,2023-06,0
LN100777,2025-08,0
LN106296,2022-10,1
LN104473,2024-01,0
LN101278,2021-07,0
LN101259,2024-08,0
LN103910,2023-10,1
LN100882,2025-09,0
LN107713,2025-07,0
LN108684,2025-01,0
LN100411,2024-12,0
LN104110,2023-09,0
LN102476,2023-06,1
LN105330,2025-03,1
LN105063,2023-10,0
LN101226,2023-03,0
LN101086,2024-12,0
LN104644,2021-12,1
LN104539,2025-06,0
LN105210,2025-07,0
LN102162,2024-06,1
LN105157,2022-06,0
LN106143,2025-06,0
LN102291,2025-07,0
LN108520,2025-01,1
LN104011,2025-06,0
LN107688,2022-10,0
LN102958,2024-11,0
LN102877,2024-11,0
LN106970,2023-11,1
LN107892,2023-09,1
LN101029,2022-10,0
LN100358,2024-06,0
LN107370,2025-05,0
LN101941,2023-01,1
LN107714,2024-10,0
LN101234,2024-04,1
LN107524,2024-02,0
LN102930,2024-09,0
LN105950,2024-09,0
LN103130,2022-10,0
LN107069,2023-12,0
LN100233,2025-05,1
LN108640,2023-07,0
LN107793,2023-07,1
LN108497,2022-11,1
LN104053,2025-12,0
LN108421,2025-12,0
LN102908,2023-01,1
LN102932,2023-06,0
LN107635,2025-02,0
LN100870,2024-03,1
LN106718,2022-03,0
LN101977,2024-07,1
LN100686,2023-09,0
LN108988,2024-06,1
LN102785,2025-03,0
LN108909,2024-10,0
LN105892,2025-02,0
LN107211,2022-10,1
LN103672,2024-01,0
LN106385,2023-07,1
LN102177,2023-11,0
LN100687,2025-01,0
LN107374,2023-10,0
LN100776,2023-04,0
LN102286,2025-09,0
LN107110,2023-12,0
LN101920,2025-01,0
LN100978,2023-12,1
LN102898,2025-09,0
LN106253,2025-05,1
LN100561,2022-09,1
LN101655,2023-05,0
LN107066,2025-12,0
LN101251,2025-01,0
LN101598,2025-08,0
LN107037,2024-01,0
LN102608,2024-12,0
LN103472,2024-11,0
LN101192,2023-10,0
LN107967,2025-05,0
LN100975,2024-01,0
LN106016,2023-03,1
LN103038,2024-12,0
LN101461,2023-04,1
LN104197,2022-07,0
LN105417,2025-02,1
LN106782,2025-11,1
LN107067,2023-08,0
LN106306,2025-03,0
LN108876,2025-06,0
LN106666,2023-03,0
LN105139,2025-09,0
LN100960,2024-06,0
LN104662,2024-05,0
LN102349,2024-07,1
LN108497,2023-09,0
LN104115,2023-10,0
LN104953,2023-10,0
LN102670,2025-06,0
LN100632,2025-04,0
LN103730,2024-02,1
LN105071,2023-07,1
LN101034,2024-11,0
LN108178,2025-06,0
LN102268,2024-10,0
LN104784,2025-03,0
LN106556,2023-11,0
LN107416,2025-04,1
LN107698,2025-02,0
LN107405,2025-06,1
LN100703,2024-07,0
LN108538,2023-03,1
LN103372,2023-10,0
LN102963,2022-11,0
LN103917,2024-11,0
LN102047,2024-05,0
LN108669,2025-03,0
LN103418,2025-12,1
LN102778,2024-11,0
LN101442,2025-05,1
LN108416,2025-08,0
LN103852,2021-11,1
LN104461,2023-12,1
LN106241,2022-10,1
LN107426,2024-03,1
LN105999,2024-09,1
LN107104,2025-06,0
LN103279,2025-11,0
LN101403,2023-09,1
LN108370,2024-12,0
LN102768,2024-11,0
LN107190,2024-06,0
LN107988,2024-03,0
LN106799,2025-03,0
LN103496,2024-06,1
LN107980,2025-09,0
LN108528,2025-01,1
LN102328,2022-10,1
LN107261,2022-08,0
LN100988,2023-09,0
LN106250,2024-05,1
LN108750,2023-01,1
LN104354,2025-01,1
LN105198,2023-06,1
LN106113,2024-01,0
LN102036,2023-10,1
LN102477,2025-07,0
LN104471,2025-05,0
LN100666,2023-06,0
LN105228,2025-01,1
LN102459,2025-02,1
LN107201,2025-08,0
LN106214,2025-03,1
LN105834,2022-06,1
LN102035,2025-06,1
LN105614,2023-11,0
LN101295,2025-04,0
LN102533,2025-10,1
LN100456,2025-08,0
LN103066,2024-11,1
LN105173,2024-04,0
LN108252,2024-04,1
LN100704,2024-11,1
LN100362,2022-06,0
LN106138,2021-11,1
LN108384,2025-06,0
LN104775,2022-01,0
LN100652,2023-08,0
LN107899,2023-09,0
LN106456,2023-03,1
LN106916,2022-05,1
LN100766,2024-04,0
LN108881,2025-05,0
LN103595,2025-07,0
LN106723,2022-10,0
LN102849,2023-07,0
LN103099,2024-10,0
LN101650,2022-03,0
LN108176,2023-04,0
LN102974,2021-08,0
LN103007,2023-04,1
LN104555,2022-07,0
LN108740,2023-10,1
LN100102,2024-10,0
LN105866,2024-09,0
LN106795,2023-02,1
LN108002,2025-04,1
LN107202,2024-05,1
LN104953,2023-03,0
LN100825,2022-05,1
LN108625,2023-02,1
LN103785,2025-12,1
LN101266,2025-11,1
LN103621,2025-11,1
LN106646,2023-03,0
LN101506,2025-10,0
LN107946,2025-05,0
LN106237,2022-12,0
LN102564,2023-09,0
LN107939,2024-12,0
LN104155,2024-05,0
LN102050,2025-06,1
LN105876,2025-04,0
LN100234,2025-11,0
LN104968,2025-03,0
LN104127,2024-04,1
LN105967,2025-11,0
LN107473,2024-04,0
LN106811,2025-08,0
LN103314,2024-06,0
LN105039,2025-07,1
LN108949,2025-06,0
LN103987,2025-08,0
LN100822,2025-01,0
LN103877,2024-08,1
LN105373,2022-10,1
LN107079,2022-09,0
LN105866,2024-03,1
LN105604,2025-12,0
LN102197,2025-09,0
LN106738,2022-10,1
LN102119,2025-11,0
LN108472,2023-09,0
LN103638,2025-10,0
LN101595,2023-07,1
LN101484,2024-01,0
LN103389,2025-12,1
LN104586,2024-12,0
LN104127,2022-12,0
LN102127,2025-10,0
LN102666,2022-05,0
LN107517,2025-10,0
LN104892,2024-02,0
LN101154,2024-11,0
LN103979,2022-09,1
LN102707,2024-08,0
LN106639,2023-06,0
LN100294,2023-05,0
LN103037,2024-03,1
LN102484,2023-12,0
LN107965,2023-07,0
LN101095,2022-09,0
LN107978,2025-01,0
LN101309,2025-12,0
LN103179,2022-03,0
LN101296,2025-10,0
LN100032,2024-02,0
LN106823,2024-03,0
LN103311,2025-11,0
LN107863,2024-07,0
LN108706,2023-09,0
LN108102,2025-03,0
LN102103,2025-06,0
LN105181,2024-12,0
LN100189,2022-12,0
LN103960,2025-02,0
LN106648,2023-08,0
LN105150,2023-12,0
LN105361,2025-02,0
LN101169,2024-10,1
LN104427,2025-06,0
LN100017,2025-02,0
LN106431,2025-02,0
LN106099,2024-09,0
LN100951,2024-08,0
LN100764,2025-07,0
LN106981,2024-12,1
LN108500,2023-02,0
LN100532,2023-11,0
LN105560,2024-10,1
LN102736,2025-08,0
LN100255,2024-07,1
LN103422,2023-12,1
LN107380,2024-12,1
LN102248,2022-06,0
LN104020,2024-10,1
LN101212,2023-08,0
LN107566,2023-02,0
LN102334,2025-12,1
LN100631,2024-01,1
LN100478,2024-09,1
LN103308,2024-01,0
LN105978,2022-05,0
LN105917,2022-10,0
LN108520,2025-08,0
LN104893,2023-04,0
LN104095,2025-04,0
LN108935,2024-04,0
LN102312,2025-03,0
LN106842,2023-11,0
LN108476,2023-03,1
LN100280,2022-06,0
LN105505,2024-09,1
LN100227,2025-09,1
LN102246,2024-10,0
LN108129,2023-10,0
LN106017,2025-04,0
LN108956,2025-10,1
LN100622,2025-07,0
LN108430,2022-12,0
LN107385,2023-12,0
LN102367,2024-06,0
LN105232,2024-08,0
LN105880,2025-02,0
LN103396,2024-12,1
LN108060,2024-10,1
LN104930,2025-09,0
LN107452,2025-07,0
LN102091,2023-02,0
LN108974,2024-07,0
LN106192,2023-12,0
LN101348,2025-01,0
LN101934,2024-01,0
LN103732,2024-09,0
LN103215,2025-05,0
LN108304,2022-12,1
LN100449,2025-04,0
LN101975,2024-05,0
LN103630,2025-04,0
LN106723,2023-04,0
LN107103,2023-07,1
LN100328,2023-04,0
LN104408,2024-11,0
LN100280,2023-06,0
LN103831,2024-07,1
LN105900,2025-11,1
LN107219,2023-03,0
LN104330,2025-10,1
LN107985,2023-05,0
LN104972,2024-10,1
LN103882,2025-10,0
LN106483,2024-04,1
LN108546,2024-03,0
LN100537,2021-11,0
LN103555,2023-04,0
LN100698,2022-06,0
LN107481,2023-04,1
LN101422,2024-03,0
LN106016,2023-09,0
LN108443,2022-02,1
LN108918,2025-12,0
LN105349,2023-11,1
LN100098,2024-11,1
LN100238,2022-09,1
LN101043,2023-01,0
LN101334,2023-10,0
LN104209,2023-10,0
LN107480,2025-04,0
LN102332,2025-06,0
LN108495,2025-01,0
LN102628,2025-08,1
LN107888,2025-06,0
LN102293,2024-12,0
LN104688,2022-09,0
LN101755,2022-09,0
LN101373,2023-04,0
LN108219,2024-04,0
LN100019,2024-07,0
LN102871,2025-06,1
LN105352,2024-08,1
LN107320,2023-06,0
LN101117,2025-10,0
LN104732,2025-08,1
LN101904,2023-01,1
LN108990,2023-07,0
LN105034,2024-03,0
LN107895,2022-02,0
LN103350,2024-07,0
LN101866,2022-05,0
LN108577,2025-11,0
LN106068,2025-07,0
LN105619,2023-12,0
LN104202,2023-09,0
LN100018,2025-08,0
LN102137,2024-08,1
LN108093,2023-12,0
LN101382,2025-03,0
LN104568,2022-09,1
LN103534,2024-03,1
LN100582,2022-04,1
LN103554,2023-09,1
LN104035,2022-02,0
LN108461,2025-06,1
LN101136,2025-08,1
LN106701,2025-06,0
LN100059,2025-07,1
LN107630,2023-05,0
LN108755,2022-09,0
LN104964,2025-03,0
LN103232,2024-03,1
LN105200,2025-06,0
LN106143,2024-11,0
LN108401,2022-08,0
LN107397,2022-05,1
LN106977,2023-12,0
LN108608,2025-11,1
LN104129,2023-08,0
LN106424,2025-06,0
LN103608,2023-09,1
LN100244,2023-11,0
LN106498,2025-05,0
LN106729,2023-02,0
LN107310,2025-08,1
LN101455,2023-06,0
LN102268,2023-09,0
LN100609,2025-09,0
LN108009,2025-04,0
LN102997,2025-12,0
LN108424,2021-10,0
LN108078,2025-02,1
LN104770,2024-07,0
LN103843,2025-11,0
LN105702,2023-02,1
LN108247,2025-02,0
LN100130,2023-11,0
LN108552,2024-06,0
LN107125,2025-11,0
LN102798,2024-07,0
LN105979,2024-04,0
LN102906,2025-04,0
LN107017,2024-08,1
LN100287,2023-11,0
LN103732,2024-03,0
LN106377,2025-02,0
LN107635,2024-04,0
LN100984,2025-09,0
LN102166,2025-01,0
LN107399,2024-05,1
LN106220,2024-04,0
LN104408,2024-12,0
LN108654,2022-06,0
LN106885,2025-02,1
LN106518,2023-01,1
LN106951,2025-02,0
LN100458,2024-09,1
LN105176,2025-10,1
LN106917,2025-12,1
LN103087,2024-08,1
LN104450,2025-09,0
LN105027,2022-06,1
LN108947,2022-04,1
LN106846,2022-07,0
LN106646,2024-02,0
LN107658,2024-05,0
LN102485,2023-08,0
LN102787,2023-05,1
LN102668,2024-01,0
LN103996,2023-03,0
LN101447,2025-11,0
LN103570,2024-06,0
LN105119,2023-03,1
LN101938,2025-09,0
LN105231,2024-02,0
LN105088,2024-07,0
LN101775,2022-05,1
LN100970,2024-01,0
LN107429,2025-04,1
LN101085,2025-06,1
LN106847,2023-04,0
LN103672,2023-08,0
LN103951,2025-05,0
LN102655,2025-03,1
LN101916,2023-12,0
LN101151,2023-05,0
LN108084,2024-10,1
LN105250,2022-07,0
LN106068,2024-02,0
LN101339,2024-03,0
LN104444,2024-07,0
LN102190,2024-06,0
LN105805,2024-10,1
LN100531,2024-11,0
LN102241,2025-06,0
LN105088,2024-02,0
LN108011,2024-03,1
LN103783,2024-02,1
LN106769,2022-08,0
LN103006,2025-01,1
LN104290,2023-05,1
LN101541,2022-12,0
LN106232,2025-09,0
LN106239,2022-11,1
LN101404,2023-10,0
LN107724,2025-08,0
LN104233,2023-10,0
LN106197,2023-05,0
LN100322,2025-10,1
LN108976,2025-12,0
LN106504,2024-09,0
LN101438,2024-03,1
LN100532,2023-02,0
LN102087,2024-10,0
LN103545,2025-04,0
LN102842,2024-11,0
LN100720,2023-02,0
LN105126,2025-05,0
LN104904,2022-02,1
LN105123,2025-10,1
LN100017,2023-05,1
LN107715,2025-10,0
LN103530,2025-12,1
LN107275,2023-05,0
LN108799,2024-11,0
LN102855,2023-12,0
LN100008,2024-10,1
LN103402,2024-08,1
LN103607,2025-08,0
LN105701,2024-04,1
LN106945,2025-01,0
LN108493,2025-12,0
LN107590,2022-06,0
LN101403,2023-04,0
LN107249,2025-12,0
LN102433,2023-05,0
LN101655,2022-04,0
LN104099,2024-05,1
LN108715,2025-03,0
LN107951,2022-07,0
LN107352,2024-10,0
LN102655,2025-06,0
LN102219,2024-10,1
LN104847,2022-12,0
LN108196,2025-09,0
LN100232,2025-08,0
LN102425,2025-05,0
LN103058,2024-11,0
LN101089,2022-12,0
LN100425,2024-07,1
LN100642,2025-12,1
LN104430,2025-09,0
LN108147,2023-03,0
LN104591,2021-12,1
LN108341,2025-08,1
LN103649,2024-12,1
LN101591,2023-11,0
LN108932,2024-03,1
LN106631,2023-01,1
LN108652,2025-01,0
LN105913,2022-04,0
LN107572,2025-04,1
LN108426,2025-09,1
LN108544,2025-08,1
LN103315,2024-12,1
LN101819,2023-04,0
LN107599,2024-09,0
LN105216,2025-11,0
LN102138,2024-02,0
LN105405,2024-09,0
LN106230,2025-09,0
LN103538,2024-03,0
LN101461,2024-04,0
LN103827,2024-05,1
LN102578,2025-11,1
LN101422,2024-09,1
LN100919,2024-11,1
LN100972,2025-03,0
LN104850,2025-05,1
LN108721,2024-10,0
LN108206,2024-03,0
LN101089,2022-04,0
LN108790,2025-07,1
LN103603,2025-01,1
LN104520,2025-10,0
LN103074,2025-02,0
LN100785,2025-01,0
LN100254,2025-02,0
LN105303,2025-12,1
LN108770,2023-07,1
LN100021,2024-06,1
LN107110,2023-05,1
LN100420,2025-04,0
LN104737,2025-04,1
LN101900,2024-03,1
LN106329,2024-07,0
LN100328,2025-09,0
LN102174,2024-02,0
LN104203,2024-11,0
LN103841,2023-08,0
LN103060,2023-08,0
LN108847,2024-09,0
LN102363,2021-11,0
LN104014,2024-02,0
LN101617,2024-10,1
LN105041,2022-05,0
LN101586,2024-09,1
LN108588,2024-02,0
LN101000,2024-11,1
LN101644,2024-11,0
LN101146,2024-03,0
LN108149,2023-05,0
LN107924,2022-11,0
LN107253,2025-02,0
LN108491,2022-07,0
LN101237,2022-08,0
LN103929,2025-02,0
LN105047,2025-06,1
LN107739,2025-02,0
LN104159,2025-09,0
LN105322,2025-03,0
LN104680,2025-09,0
LN102247,2022-07,1
LN104630,2022-11,0
LN100338,2024-03,0
LN100780,2024-10,1
LN108495,2023-12,1
LN101614,2024-01,0
LN106135,2022-07,1
LN107612,2025-05,0
LN100100,2024-06,0
LN106310,2023-09,0
LN103617,2025-09,1
LN103439,2024-11,0
LN106746,2023-05,1
LN101032,2024-12,0
LN102067,2025-05,0
LN106167,2025-04,0
LN101945,2022-01,1
LN107831,2023-08,0
LN104892,2021-12,0
LN103474,2025-08,0
LN106161,2023-12,0
LN101174,2021-12,1
LN104142,2022-04,1
LN103781,2024-12,0
LN104535,2024-02,1
LN106278,2023-09,1
LN107807,2023-12,1
LN108525,2023-12,1
LN103766,2023-12,1
LN105164,2024-09,0
LN100493,2025-12,1
LN100300,2023-05,1
LN106426,2025-07,0
LN104971,2023-08,0
LN108001,2024-10,1
LN101737,2024-04,0
LN100942,2025-10,0
LN104577,2023-11,1
LN102531,2024-05,0
LN100772,2025-12,1
LN104781,2025-09,0
LN108789,2023-06,1
LN106658,2023-07,0
LN105038,2025-08,0
LN101665,2023-07,0
LN102755,2024-07,1
LN106788,2024-10,0
LN105432,2023-12,1
LN102760,2023-03,1
LN100402,2024-10,1
LN108129,2024-04,0
LN102994,2025-12,0
LN104667,2023-09,0
LN102848,2023-03,0
LN100939,2023-06,0
LN104733,2025-04,0
LN105391,2023-05,1
LN104108,2023-07,1
LN100521,2022-12,1
LN108122,2024-11,1
LN101854,2023-06,0
LN100783,2025-05,0
LN103301,2024-11,0
LN101011,2025-10,1
LN106224,2025-07,0
LN102106,2024-07,0
LN101431,2022-07,1
LN104848,2024-10,1
LN103535,2022-11,0
LN100976,2022-02,0
LN101387,2023-02,0
LN101228,2023-09,0
LN108302,2025-01,0
LN105157,2024-02,0
LN108994,2023-02,0
LN108503,2023-01,0
LN107525,2023-08,0
LN100397,2024-06,0
LN107432,2025-03,0
LN107082,2024-01,0
LN108364,2024-10,0
LN106983,2022-10,0
LN103477,2023-08,1
LN104409,2022-10,0
LN102957,2025-04,0
LN106591,2025-03,0
LN107646,2023-09,0
LN107683,2024-03,0
LN105990,2025-09,0
LN102485,2023-02,0
LN102763,2024-07,0
LN100975,2023-06,1
LN101342,2022-01,1
LN101456,2025-05,0
LN105777,2022-12,0
LN102305,2022-10,0
LN100723,2024-03,0
LN108953,2025-04,0
LN101760,2023-10,0
LN108594,2025-12,1
LN104388,2025-03,1
LN105162,2023-10,0
LN101969,2022-11,0
LN100887,2022-03,1
LN101875,2024-12,0
LN102085,2025-10,0
LN106494,2023-05,0
LN107902,2023-09,1
LN102272,2023-10,0
LN108435,2023-03,0
LN102643,2023-12,1
LN102481,2024-10,0
LN104106,2024-04,0
LN105923,2025-03,0
LN108207,2025-08,0
LN103145,2025-12,0
LN101435,2023-03,0
LN100241,2024-05,0
LN100313,2023-08,0
LN106710,2023-07,0
LN101973,2023-09,0
LN108678,2025-12,0
LN104131,2025-08,0
LN106362,2024-05,1
LN100733,2024-12,0
LN104086,2025-12,0
LN105230,2024-01,1
LN107135,2025-03,0
LN108990,2022-06,0
LN108603,2024-08,1
LN105021,2023-02,0
LN104315,2024-12,0
LN102002,2025-06,0
LN105495,2025-10,1
LN108116,2025-04,1
LN102500,2024-06,0
LN102998,2025-01,0
LN107020,2025-02,1
LN103180,2022-05,0
LN107432,2023-12,1
LN105312,2022-05,0
LN103114,2024-06,0
LN104301,2023-10,1
LN106809,2025-08,1
LN102912,2023-12,0
LN104872,2023-03,0
LN104632,2025-08,0
LN106085,2025-03,1
LN101449,2022-02,0
LN104603,2024-05,0
LN108699,2025-08,0
LN107167,2024-07,0
LN107513,2023-02,1
LN107281,2023-05,0
LN106574,2024-04,1
LN104945,2025-09,0
LN104708,2024-05,0
LN107960,2023-05,1
LN101258,2024-08,1
LN108706,2025-01,0
LN103033,2023-07,1
LN107212,2024-12,1
LN100227,2025-01,1
LN108794,2025-11,1
LN108472,2025-06,1
LN103274,2024-04,0
LN102691,2025-02,0
LN100933,2024-09,1
LN102082,2025-03,0
LN105743,2023-10,0
LN100093,2025-12,0
LN103173,2022-09,1
LN104460,2022-03,0
LN106861,2023-10,0
LN100470,2024-06,0
LN106980,2025-11,0
LN100237,2023-09,0
LN103994,2025-02,1
LN107155,2024-04,0
LN101478,2023-07,0
LN107855,2025-10,1
LN104545,2025-02,1
LN105418,2023-07,1
LN108223,2025-10,1
LN107047,2025-04,0
LN103272,2024-05,0
LN107885,2023-02,1
LN103979,2022-02,0
LN103152,2022-07,0
LN107592,2023-10,1
LN105118,2025-09,0
LN103239,2022-01,0
LN101744,2022-12,1
LN107580,2025-06,1
LN103364,2025-07,0
LN102455,2023-05,0
LN105789,2025-03,0
LN101526,2023-06,1
LN102889,2023-08,0
LN106389,2025-02,1
LN103640,2024-11,0
LN107792,2024-03,0
LN108149,2022-03,0
LN101644,2024-12,0
LN106629,2023-08,0
LN102601,2024-06,1
LN104223,2024-05,0
LN100110,2023-01,0
LN105123,2024-12,0
LN105148,2023-03,1
LN107797,2022-08,0
LN107321,2023-03,0
LN105075,2024-03,1
LN100930,2024-05,1
LN103979,2022-01,0
LN103692,2023-04,1
LN103973,2022-07,0
LN100603,2024-06,1
LN103235,2024-08,1
LN108123,2024-08,0
LN100427,2024-09,1
LN104549,2025-07,0
LN100956,2025-10,0
LN100494,2024-02,0
LN105029,2022-07,0
LN107729,2025-04,0
LN100366,2024-12,0
LN102264,2022-10,1
LN105688,2025-02,0
LN106384,2025-05,0
LN103726,2022-12,0
LN104384,2024-12,0
LN100804,2025-09,0
LN101463,2022-01,0
LN106715,2023-09,0
LN106978,2024-09,0
LN104977,2025-04,1
LN100088,2025-05,1
LN103343,2025-06,1
LN100534,2025-12,0
LN107859,2025-02,0
LN103560,2021-10,1
LN105922,2024-10,1
LN107423,2024-09,0
LN108098,2021-10,0
LN105218,2024-06,1
LN108292,2022-07,1
LN103942,2025-07,0
LN108033,2022-10,1
LN102564,2024-06,0
LN105068,2021-08,0
LN104733,2025-05,0
LN103421,2025-01,0
LN100848,2025-07,0
LN102518,2022-03,0
LN105087,2022-07,0
LN102219,2025-02,0
LN101951,2024-10,1
LN105350,2024-11,1
LN103212,2025-11,0
LN104766,2023-12,1
LN101323,2025-10,0
LN105999,2022-12,0
LN100585,2025-06,0
LN104623,2022-12,0
LN103281,2024-07,1
LN105108,2025-04,0
LN100446,2023-05,0
LN106464,2023-06,0
LN104742,2024-06,0
LN106158,2025-01,0
LN107949,2022-07,0
LN101463,2025-06,1
LN107159,2022-04,0
LN100726,2024-12,0
LN103183,2024-07,0
LN107676,2025-01,0
LN102599,2025-10,0
LN105460,2025-11,1
LN105656,2025-05,0
LN108508,2022-07,0
LN108418,2024-03,0
LN104900,2023-07,0
LN107448,2025-02,0
LN102228,2024-04,0
LN101853,2025-09,0
LN106669,2023-05,0
LN100159,2024-04,0
LN108148,2022-05,0
LN106102,2025-01,1
LN106515,2022-07,0
LN105815,2024-01,0
LN100923,2022-05,0
LN105914,2023-07,0
LN105773,2022-05,1
LN104618,2024-11,0
LN103974,2021-12,0
LN101505,2025-11,0
LN101336,2025-06,0
LN100694,2022-03,0
LN105588,2025-04,0
LN105803,2025-07,0
LN101781,2025-02,0
LN106290,2025-02,0
LN108851,2025-09,1
LN103035,2024-12,0
LN106000,2024-06,1
LN103273,2024-02,0
LN105722,2024-02,0
LN108796,2025-11,0
LN103096,2025-07,1
LN108557,2022-12,0
LN104827,2023-11,0
LN102010,2025-05,0
LN108457,2025-05,1
LN108214,2022-09,0
LN107320,2024-11,0
LN102512,2025-07,0
LN104250,2024-01,0
LN103734,2024-04,0
LN101402,2024-09,0
LN107090,2025-05,0
LN105014,2024-02,1
LN105199,2025-02,0
LN103074,2024-03,0
LN101901,2024-05,0
LN104250,2024-04,0
LN101708,2023-04,0
LN108373,2025-03,0
LN103476,2025-10,1
LN102264,2023-10,1
LN100491,2025-02,0
LN105083,2023-01,1
LN102498,2021-12,0
LN103758,2023-01,0
LN101525,2024-06,0
LN102607,2024-05,1
LN106024,2023-09,0
LN103475,2024-05,1
LN101522,2025-03,0
LN102467,2024-08,0
LN105469,2024-07,1
LN102772,2022-07,0
LN107143,2023-05,0
LN108869,2025-03,1
LN104023,2022-09,1
LN106373,2024-05,1
LN105003,2025-06,0
LN102297,2023-08,0
LN101017,2024-10,0
LN104476,2025-05,0
LN107066,2022-04,1
LN100615,2025-10,1
LN106074,2025-10,0
LN103596,2023-05,0
LN102041,2024-11,0
LN108567,2025-03,1
LN103347,2022-10,1
LN107317,2025-01,0
LN103686,2024-03,0
LN108824,2024-06,1
LN107650,2024-01,0
LN106538,2023-02,0
LN108386,2024-08,0
LN103210,2025-01,1
LN104445,2025-12,0
LN108192,2023-07,0
LN106352,2022-06,0
LN103875,2025-01,1
LN100247,2025-04,0
LN100078,2025-10,0
LN105680,2022-07,0
LN102092,2025-03,0
LN108271,2024-03,1
LN101629,2023-09,0
LN104083,2025-09,0
LN106000,2025-01,0
LN103005,2025-03,1
LN106861,2024-06,0
LN107035,2023-01,0
LN101069,2023-04,0
LN105946,2023-06,1
LN107663,2025-02,1
LN103204,2023-11,1
LN106565,2024-03,1
LN101304,2025-01,0
LN108276,2025-09,0
LN107836,2023-05,0
LN108859,2024-12,0
LN100312,2023-07,0
LN106454,2024-11,0
LN108645,2024-09,0
LN107974,2024-05,0
LN101823,2025-01,1
LN104571,2023-06,0
LN108160,2022-10,0
LN103099,2022-12,1
LN102322,2025-10,1
LN103483,2025-10,0
LN103019,2025-03,0
LN108985,2025-05,0
LN107304,2024-10,0
LN104647,2025-03,0
LN101390,2022-08,1
LN104475,2022-12,0
LN104040,2024-09,0
LN103424,2025-11,0
LN102961,2024-08,1
LN102976,2024-01,0
LN103148,2025-08,0
LN102396,2025-01,0
LN102437,2025-05,0
LN100671,2025-01,0
LN104151,2025-07,1
LN100549,2025-10,1
LN108829,2023-05,0
LN100939,2024-01,0
LN100474,2024-11,1
LN107184,2022-09,0
LN105693,2023-10,0
LN103918,2025-01,0
LN105823,2025-12,0
LN103823,2023-05,1
LN101603,2024-09,0
LN106802,2025-04,0
LN105563,2024-03,0
LN102935,2023-05,0
LN100101,2025-12,1
LN106088,2023-04,0
LN106804,2025-06,0
LN103858,2025-09,0
LN102498,2022-11,0
LN103324,2024-08,0
LN103388,2024-03,1
LN105074,2023-09,0
LN108047,2024-11,1
LN104323,2024-09,1
LN102734,2025-03,1
LN108811,2025-10,0
LN101513,2022-11,0
LN101592,2025-08,0
LN103660,2024-01,0
LN102889,2025-08,0
LN103682,2023-10,0
LN104529,2024-08,0
LN105663,2023-05,0
LN106448,2025-06,0
LN106650,2025-04,1
LN102877,2025-09,1
LN108046,2025-02,0
LN105553,2025-03,0
LN105088,2025-02,0
LN101651,2023-01,0
LN102105,2023-08,0
LN106700,2025-10,0
LN105641,2025-11,0
LN106624,2024-03,0
LN102262,2023-08,0
LN103917,2024-10,1
LN107763,2024-10,1
LN102495,2022-10,0
LN103492,2023-05,1
LN104566,2025-07,0
LN101166,2023-04,0
LN108429,2025-12,0
LN107384,2024-05,1
LN105984,2024-02,0
LN104392,2021-12,0
LN105091,2025-11,0
LN100783,2024-10,0
LN107264,2023-08,1
LN103988,2025-02,1
LN100309,2023-08,1
LN106004,2023-09,0
LN107164,2025-10,1
LN105460,2025-06,1
LN108862,2024-05,1
LN101918,2023-07,0
LN104646,2024-02,1
LN101777,2023-05,1
LN101642,2023-05,0
LN107548,2025-02,1
LN106461,2025-03,1
LN106055,2025-11,0
LN101889,2023-01,0
LN106496,2024-12,0
LN106137,2025-09,1
LN101150,2024-02,0
LN108292,2024-01,0
LN101038,2025-02,0
LN108093,2024-09,1
LN104588,2024-07,0
LN103438,2025-11,0
LN103645,2023-05,1
LN100473,2024-11,0
LN100862,2024-05,1
LN103465,2024-11,0
LN103622,2023-09,1
LN103044,2024-08,0
LN102598,2025-10,0
LN100565,2025-02,0
LN101875,2024-03,0
LN103305,2023-05,0
LN107086,2024-08,0
LN104185,2025-09,0
LN107001,2024-11,0
LN102943,2023-04,0
LN105994,2023-01,1
LN101537,2024-11,0
LN101021,2024-09,1
LN108065,2024-08,1
LN108707,2022-08,0
LN107718,2024-03,0
LN107183,2025-11,1
LN107722,2025-07,1
LN103048,2024-01,1
LN105547,2025-09,1
LN105296,2023-05,1
LN103220,2024-12,0
LN104798,2023-04,1
LN106773,2024-07,1
LN103669,2024-06,1
LN101122,2023-10,0
LN101238,2022-10,0
LN104388,2025-09,0
LN106806,2024-03,0
LN107377,2023-08,0
LN106443,2025-02,0
LN106413,2024-04,1
LN103215,2023-04,1
LN103150,2024-11,1
LN100689,2024-04,0
LN105263,2024-06,0
LN105936,2025-12,0
LN100300,2023-03,0
LN108855,2022-08,0
LN108690,2023-10,1
LN107017,2025-12,0
LN103451,2022-06,0
LN101278,2023-06,1
LN101311,2024-07,0
LN102315,2022-03,1
LN100126,2024-07,1
LN101509,2024-11,1
LN104296,2025-09,1
LN103970,2025-07,0
LN105600,2024-01,1
LN103061,2025-09,0
LN104258,2025-05,1
LN105535,2024-06,0
LN103275,2025-10,1
LN106795,2025-03,0
LN107005,2023-01,0
LN105525,2022-03,0
LN108362,2024-03,0
LN102951,2025-12,1
LN103287,2025-08,1
LN102466,2023-12,0
LN100364,2023-07,0
LN101487,2021-09,1
LN107996,2025-02,0
LN101890,2022-04,0
LN104245,2022-12,1
LN108124,2025-10,1
LN107639,2024-11,0
LN105943,2024-12,0
LN102925,2024-01,0
LN105680,2024-05,1
LN108438,2022-06,1
LN103341,2023-03,0
LN108593,2025-06,0
LN102504,2023-10,1
LN100476,2025-06,0
LN108450,2023-11,0
LN105417,2024-10,0
LN103454,2025-11,0
LN107767,2025-01,0
LN103911,2025-08,1
LN108492,2025-02,0
LN107734,2023-02,0
LN101010,2022-06,1
LN102367,2022-05,0
LN101442,2025-09,0
LN108103,2024-12,0
LN101334,2024-05,0
LN100755,2024-09,0
LN106352,2021-12,0
LN102392,2023-12,0
LN108597,2023-06,0
LN106701,2022-11,1
LN100954,2024-10,1
LN106997,2024-02,1
LN102554,2025-12,0
LN101350,2022-09,0
LN101656,2025-05,0
LN106950,2025-01,0
LN103399,2025-11,1
LN106174,2023-09,1
LN107815,2025-10,1
LN100215,2025-11,0
LN107571,2025-01,0
LN108430,2022-02,1
LN104123,2022-10,0
LN103936,2025-09,0
LN108424,2024-12,0
LN108993,2024-09,1
LN108089,2024-06,1
LN104632,2024-05,1
LN104045,2024-06,0
LN100215,2025-01,1
LN106369,2023-04,0
LN107364,2025-12,0
LN106115,2023-09,0
LN108310,2022-01,0
LN102931,2025-09,0
LN100767,2023-10,0
LN104162,2025-03,0
LN103512,2023-12,0
LN100636,2024-09,1
LN107376,2024-09,1
LN106920,2022-06,0
LN100386,2022-06,0
LN106094,2022-10,0
LN105641,2023-06,0
LN100410,2022-09,1
LN100455,2024-03,0
LN100110,2025-10,0
LN106697,2025-08,1
LN102806,2024-05,0
LN103258,2025-01,1
LN103288,2025-02,0
LN106448,2025-11,1
LN101111,2024-09,0
LN103815,2022-04,1
LN101310,2024-05,1
LN103530,2023-02,0
LN108612,2024-09,0
LN103142,2023-01,0
LN103402,2023-04,0
LN102607,2023-09,0
LN105745,2021-08,0
LN106966,2025-02,0
LN100188,2022-12,1
LN105298,2022-02,1
LN104669,2024-05,1
LN103468,2023-08,1
LN101492,2025-03,0
LN100418,2025-10,1
LN104515,2024-12,0
LN108869,2023-10,1
LN102020,2022-07,1
LN104202,2023-08,0
LN106960,2024-12,0
LN107039,2025-08,0
LN100553,2024-04,0
LN102582,2024-12,1
LN104726,2022-08,1
LN103868,2022-10,0
LN100269,2024-10,0
LN106449,2022-01,0
LN104024,2023-03,0
LN103782,2024-08,0
LN104984,2024-04,0
LN103323,2025-11,0
LN108461,2025-10,0
LN105838,2023-12,0
LN103993,2025-09,0
LN106439,2025-10,0
LN105115,2024-01,0
LN104858,2022-10,0
LN101356,2024-07,0
LN106193,2024-05,0
LN107908,2022-05,1
LN102870,2024-03,0
LN102422,2025-09,1
LN104008,2022-11,0
LN105831,2024-11,0
LN107841,2025-02,0
LN108146,2025-06,1
LN107157,2025-06,0
LN103488,2023-09,1
LN100090,2023-06,0
LN101920,2024-11,0
LN101947,2025-12,1
LN104797,2024-06,1
LN102212,2024-06,0
LN108880,2023-10,0
LN104275,2025-04,0
LN101006,2024-12,0
LN103593,2024-03,1
LN106867,2023-04,0
LN104217,2023-06,0
LN101849,2022-09,0
LN103914,2024-11,0
LN106964,2025-04,0
LN103241,2025-02,1
LN104077,2023-12,1
LN104926,2024-09,1
LN103254,2025-12,0
LN103691,2024-02,0
LN104781,2024-08,1
LN105021,2023-07,0
LN108767,2024-09,0
LN105058,2023-08,0
LN104610,2022-08,1
LN102186,2023-11,0
LN101091,2024-11,1
LN106095,2025-10,0
LN101453,2023-06,0
LN107096,2022-12,0
LN106703,2022-12,0
LN103902,2024-02,1
LN101311,2025-02,0
LN103441,2022-05,1
LN107720,2025-08,0
LN108909,2023-07,0
LN104425,2025-03,1
LN104043,2024-03,0
LN107964,2025-07,0
LN101969,2023-09,0
LN107757,2023-04,0
LN102017,2025-11,0
LN102939,2023-10,0
LN103823,2023-11,1
LN108148,2022-01,0
LN105314,2024-09,1
LN100507,2024-01,1
LN103759,2024-04,0
LN108813,2025-10,1
LN108619,2023-12,0
LN100531,2024-09,0
LN102463,2024-07,1
LN101533,2023-09,0
LN106120,2023-01,1
LN103183,2025-10,0
LN104318,2025-11,0
LN101121,2024-08,0
LN107258,2022-10,0
LN102051,2023-06,0
LN104790,2024-01,1
LN106255,2023-02,0
LN106192,2023-01,1
LN103695,2023-12,0
LN103873,2023-12,0
LN103050,2025-09,1
LN107219,2025-09,0
LN107821,2025-07,0
LN106958,2024-01,0
LN106054,2024-09,1
LN101007,2023-06,1
LN106786,2024-06,0
LN104647,2022-06,0
LN108891,2025-01,0
LN100826,2024-06,0
LN106781,2023-07,0
LN106930,2022-05,0
LN108731,2022-12,1
LN105454,2025-11,1
LN106991,2025-04,0
LN105874,2024-06,0
LN103325,2024-07,1
LN108669,2024-08,0
LN102547,2024-11,1
LN105631,2025-05,0
LN103915,2022-02,0
LN104189,2025-02,0
LN107948,2025-12,0
LN101425,2025-01,0
LN106302,2023-09,0
LN104638,2025-05,0
LN106652,2025-12,0
LN102576,2024-03,0
LN103167,2022-09,0
LN102584,2024-07,0
LN107661,2024-09,0
LN107920,2023-01,0
LN101517,2024-09,0
LN106486,2024-11,0
LN105747,2022-07,1
LN103521,2025-07,0
LN107576,2025-07,0
LN105309,2024-10,0
LN105751,2025-10,0
LN100080,2025-02,0
LN104443,2023-08,0
LN108971,2023-12,1
LN106632,2022-09,0
LN100836,2024-12,0
LN103400,2025-02,1
LN106366,2024-08,0
LN107762,2024-07,0
LN100402,2024-02,0
LN100044,2021-09,0
LN107161,2025-12,0
LN100824,2023-12,1
LN107599,2022-07,0
LN107294,2025-07,0
LN105344,2022-09,0
LN105794,2022-11,0
LN103817,2025-04,0
LN100603,2022-02,0
LN105058,2024-10,1
LN106863,2024-05,0
LN102977,2025-09,0
LN102561,2024-10,1
LN100685,2025-09,0
LN102047,2024-04,0
LN101494,2023-08,0
LN105425,2025-02,1
LN107949,2022-02,0
LN108367,2023-11,0
LN104271,2025-02,1
LN104938,2025-05,0
LN106930,2024-04,1
LN101522,2025-11,0
LN100279,2023-10,0
LN108800,2024-05,0
LN101336,2025-02,0
LN100515,2022-02,1
LN102649,2024-10,0
LN101687,2023-06,0
LN107362,2023-01,1
LN106757,2024-06,0
LN102433,2024-06,1
LN104552,2022-07,0
LN105578,2024-05,0
LN105499,2024-12,0
LN102418,2024-01,1
LN100078,2023-12,0
LN104276,2024-11,0
LN107127,2024-03,0
LN107548,2024-09,0
LN107725,2025-05,0
LN105276,2025-07,0
LN106336,2024-06,1
LN107084,2025-10,0
LN101114,2022-10,0
LN106912,2025-12,0
LN107699,2023-05,1
LN103764,2024-08,0
LN108746,2025-03,0
LN106305,2022-11,0
LN102262,2025-03,0
LN101337,2025-12,0
LN100032,2023-04,0
LN100822,2025-07,0
LN107107,2023-05,0
LN101458,2025-08,0
LN106042,2024-11,1
LN104739,2024-06,1
LN108332,2024-04,0
LN106842,2023-07,0
LN105929,2023-06,0
LN103854,2023-07,0
LN102498,2022-05,0
LN104463,2023-11,1
LN104536,2022-12,0
LN102380,2024-12,0
LN102265,2024-03,1
LN101466,2024-05,0
LN104203,2025-02,1
LN104339,2024-04,0
LN105979,2023-10,0
LN105383,2023-07,0
LN101620,2025-02,0
LN105751,2022-05,0
LN101526,2023-08,0
LN106996,2024-12,0
LN103296,2025-03,1
LN102467,2024-01,0
LN104014,2025-10,1
LN100813,2025-08,0
LN104204,2025-06,0
LN100940,2024-04,0
LN104593,2024-05,0
LN100094,2025-09,0
LN108788,2022-05,0
LN101853,2025-01,0
LN100186,2023-07,0
LN102630,2025-12,1
LN108616,2025-11,1
LN108406,2023-09,1
LN108124,2025-08,0
LN104946,2024-01,0
LN102424,2025-08,1
LN105619,2025-08,0
LN105701,2024-11,0
LN106632,2024-09,1
LN101840,2023-09,0
LN105625,2025-01,0
LN104927,2024-12,1
LN105828,2023-02,0
LN102791,2025-05,1
LN102148,2025-04,1
LN104115,2023-07,1
LN103246,2024-09,1
LN107647,2022-01,1
LN103834,2023-09,0
LN105619,2024-03,0
LN105174,2025-02,0
LN105606,2025-04,0
LN101268,2025-09,0
LN105815,2025-09,0
LN103172,2025-09,0
LN101867,2024-09,0
LN104185,2024-05,0
LN104280,2023-04,0
LN104630,2024-03,0
LN106176,2024-11,1
LN107114,2025-09,1
LN103291,2023-05,0
LN102887,2023-09,0
LN104907,2024-04,1
LN102250,2023-09,0
LN101433,2024-06,0
LN103651,2022-08,0
LN108424,2024-02,0
LN104037,2023-08,0
LN102930,2022-04,0
LN108501,2022-11,0
LN102308,2022-10,0
LN105701,2024-09,1
LN103490,2022-12,0
LN107002,2024-11,0
LN100455,2025-04,0
LN105194,2025-12,0
LN100761,2025-05,0
LN100410,2022-10,0
LN105272,2022-05,1
LN106786,2025-11,1
LN107484,2023-10,0
LN103521,2025-08,0
LN106396,2024-04,1
LN106909,2025-02,0
LN103854,2024-11,1
LN100020,2023-04,1
LN100459,2024-09,0
LN104096,2023-06,1
LN103877,2025-02,1
LN102034,2025-09,0
LN104257,2023-01,0
LN107661,2023-06,0
LN105517,2024-06,0
LN101924,2023-06,0
LN108241,2025-10,1
LN105054,2022-12,0
LN105826,2023-02,1
LN101027,2023-11,1
LN102432,2022-03,0
LN104133,2025-04,0
LN108359,2025-06,0
LN105008,2024-05,0
LN103545,2025-09,1
LN101503,2025-12,1
LN107018,2024-02,1
LN104893,2021-12,0
LN102972,2023-09,0
LN107394,2024-10,1
LN100681,2023-03,1
LN108843,2022-12,1
LN108340,2025-03,1
LN102878,2025-06,0
LN104362,2025-05,1
LN104551,2023-11,0
LN105924,2025-05,1
LN104256,2025-08,0
LN105068,2023-10,0
LN108694,2023-11,0
LN106002,2024-04,1
LN106325,2022-03,1
LN108200,2023-07,0
LN102106,2025-04,0
LN102807,2025-09,0
LN105921,2024-12,0
LN103165,2025-05,0
LN107708,2025-05,0
LN102654,2024-07,0
LN103776,2024-07,0
LN103112,2022-09,0
LN108237,2025-09,0
LN100000,2023-12,0
LN107770,2023-01,1
LN106106,2023-07,0
LN104610,2023-03,0
LN104355,2025-11,1
LN104747,2022-09,1
LN108427,2023-11,1
LN106152,2023-12,0
LN102092,2025-01,0
LN104063,2023-12,1
LN100784,2024-06,0
LN100757,2023-11,0
LN100932,2025-08,0
LN108143,2025-07,0
LN104888,2025-04,0
LN108156,2022-09,1
LN104033,2024-03,1
LN108639,2023-03,0
LN106636,2022-03,0
LN106619,2022-12,1
LN105828,2024-02,1
LN102016,2024-04,0
LN108643,2024-04,1
LN101234,2023-11,1
LN105138,2022-06,1
LN106730,2025-10,0
LN105033,2025-10,0
LN100684,2025-08,0
LN100613,2025-05,0
LN102437,2024-09,1
LN108464,2025-03,1
LN108718,2023-12,1
LN100699,2025-02,0
LN100563,2022-10,1
LN106860,2025-09,0
LN103401,2025-11,0
LN100737,2024-05,0
LN105621,2021-11,0
LN108326,2024-11,0
LN107043,2024-07,0
LN108049,2025-11,1
LN102510,2024-09,1
LN103142,2023-07,0
LN105766,2024-04,0
LN105344,2023-04,0
LN108178,2024-02,0
LN104489,2022-12,1
LN102269,2025-09,1
LN102633,2025-06,0
LN103537,2022-09,0
LN101999,2022-10,0
LN105884,2024-05,0
LN104155,2023-10,0
LN107971,2022-04,1
LN102508,2023-03,1
LN105250,2025-03,0
LN108707,2023-03,0
LN102201,2024-07,0
LN108812,2024-04,0
LN106730,2025-06,1
LN107064,2022-05,0
LN100656,2024-10,0
LN104104,2024-01,0
LN101090,2024-10,1
LN102801,2024-03,1
LN103025,2024-05,1
LN100885,2024-07,1
LN107765,2025-04,0
LN101872,2024-01,1
LN105381,2025-01,1
LN100744,2025-10,0
LN104659,2025-09,0
LN104418,2024-01,0
LN108018,2025-09,0
LN108320,2024-01,0
LN106879,2024-11,1
LN100865,2025-03,0
LN102664,2025-03,1
LN102807,2025-08,0
LN100889,2025-11,1
LN108775,2024-08,0
LN103923,2025-05,0
LN108093,2025-04,0
LN107602,2024-10,0
LN102219,2025-08,0
LN103896,2024-06,1
LN101358,2023-09,1
LN104576,2022-03,1
LN103292,2022-07,0
LN103767,2024-12,1
LN102681,2025-09,0
LN100659,2023-12,1
LN103305,2022-05,0
LN105349,2024-05,0
LN103250,2023-08,0
LN105439,2023-06,0
LN104247,2023-01,1
LN101363,2023-05,0
LN102339,2023-05,0
LN106783,2024-07,1
LN104684,2024-04,0
LN108267,2023-05,1
LN108804,2023-11,1
LN105175,2022-10,0
LN105265,2025-10,0
LN103849,2022-06,0
LN104459,2024-10,0
LN108561,2023-12,1
LN107803,2025-07,0
LN107703,2023-02,1
LN101223,2024-04,1
LN100803,2025-08,1
LN108819,2024-10,1
LN103627,2025-12,0
LN106860,2025-11,1
LN102916,2025-07,0
LN104429,2025-06,1
LN100385,2022-12,0
LN105063,2025-03,0
LN106637,2023-06,0
LN108903,2025-05,1
LN107506,2023-09,0
LN104592,2023-03,1
LN103321,2023-06,1
LN105434,2023-05,0
LN104229,2022-06,0
LN100550,2025-03,0
LN108248,2023-02,0
LN107708,2024-08,0
LN105776,2023-04,1
LN106119,2023-01,0
LN107127,2025-02,0
LN101709,2024-09,0
LN104509,2025-11,0
LN106496,2024-10,1
LN104298,2023-06,0
LN106045,2023-08,0
LN105846,2025-04,0
LN107314,2025-05,0
LN108295,2024-06,0
LN102904,2024-08,0
LN106676,2025-08,0
LN108179,2025-12,1
LN107856,2021-11,0
LN101478,2025-01,0
LN107644,2022-12,0
LN104963,2023-08,0
LN107843,2025-03,0
LN105348,2022-07,0
LN101913,2025-01,0
LN106564,2022-11,0
LN105300,2022-03,1
LN100468,2025-01,1
LN103591,2023-07,0
LN100177,2023-11,1
LN102424,2024-07,0
LN105386,2024-11,1
LN101665,2024-09,1
LN100364,2024-07,0
LN100885,2024-06,1
LN108023,2022-06,1
LN103288,2022-02,1
LN108687,2024-08,0
LN106991,2025-03,1
LN108701,2023-11,0
LN104082,2024-04,0
LN107382,2023-07,0
LN103583,2023-09,1
LN108386,2025-11,0
LN100257,2024-02,1
LN100712,2024-10,1
LN107665,2023-11,0
LN101010,2025-02,1
LN100932,2024-08,0
LN100878,2023-11,0
LN106919,2025-09,0
LN103878,2025-01,0
LN107419,2025-09,0
LN102252,2025-12,0
LN105787,2024-10,1
LN101580,2023-12,0
LN107992,2024-11,0
LN101764,2025-07,0
LN102933,2023-02,0
LN107226,2023-01,0
LN108334,2025-08,1
LN104182,2022-01,0
LN102088,2024-12,0
LN101812,2025-05,0
LN100286,2022-09,0
LN105324,2025-01,0
LN101577,2025-06,1
LN105432,2025-11,1
LN107101,2024-12,0
LN101238,2025-05,0
LN103449,2024-09,0
LN101444,2022-06,0
LN100154,2024-12,1
LN100548,2024-05,0
LN101502,2023-11,1
LN101411,2024-03,0
LN102471,2024-11,0
LN101483,2023-09,0
LN101846,2023-02,0
LN108424,2022-09,0
LN104936,2025-11,0
LN101166,2022-06,1
LN102125,2025-02,0
LN105167,2025-11,0
LN102864,2022-06,1
LN101780,2025-10,0
LN106035,2023-06,1
LN104322,2025-11,1
LN102550,2023-10,0
LN107972,2023-09,0
LN107930,2022-11,0
LN101176,2023-08,0
LN100324,2024-11,0
LN106624,2024-04,0
LN102762,2025-02,0
LN101871,2025-07,0
LN108418,2025-12,1
LN102394,2025-11,0
LN100024,2024-06,0
LN100943,2025-06,0
LN106182,2022-08,0
LN105130,2023-02,0
LN108989,2023-08,0
LN106053,2022-11,1
LN106941,2023-01,0
LN108449,2023-08,1
LN105124,2023-04,0
LN100213,2025-12,1
LN101126,2025-01,1
LN101966,2023-08,0
LN108318,2024-11,0
LN107315,2025-03,0
LN103480,2024-11,0
LN104337,2024-11,1
LN103519,2025-12,1
LN104295,2025-08,0
LN100322,2024-10,1
LN103277,2022-07,0
LN106546,2024-05,0
LN106454,2023-09,0
LN107612,2023-08,1
LN101163,2025-08,1
LN103195,2022-07,0
LN106331,2024-06,0
LN108464,2024-04,0
LN105561,2024-01,0
LN102417,2024-05,0
LN101946,2024-12,0
LN107822,2021-09,0
LN102785,2023-11,0
LN103806,2025-01,0
LN100622,2022-04,1
LN105206,2024-12,0
LN100153,2024-03,0
LN102496,2024-08,0
LN104296,2025-06,0
LN101782,2025-12,0
LN106632,2023-01,0
LN105847,2023-11,1
LN103854,2024-07,1
LN102779,2025-02,1
LN108516,2024-01,1
LN108700,2025-02,0
LN102228,2024-01,0
LN108392,2025-11,1
LN101088,2024-06,0
LN101793,2024-04,1
LN106483,2023-10,0
LN104678,2023-12,1
LN106307,2024-11,0
LN103804,2023-01,0
LN102490,2024-11,0
LN100868,2024-07,0
LN105656,2025-11,0
LN106631,2024-09,0
LN107603,2023-08,1
LN101752,2024-03,0
LN101787,2025-04,0
LN101206,2025-01,1
LN108580,2022-04,1
LN100278,2021-09,1
LN106242,2025-07,1
LN101518,2023-03,0
LN108508,2021-10,0
LN104999,2025-10,0
LN102726,2023-09,0
LN101518,2024-02,0
LN101396,2024-01,1
LN100277,2024-06,1
LN108435,2021-12,0
LN101910,2024-09,0
LN103032,2025-08,0
LN102628,2024-03,0
LN100718,2023-03,0
LN100338,2024-07,0
LN102277,2022-04,0
LN105503,2024-01,0
LN100451,2025-09,0
LN104454,2024-04,1
LN103721,2024-12,0
LN105416,2023-11,0
LN104193,2025-08,0
LN105033,2023-04,0
LN101099,2025-09,1
LN106039,2022-07,0
LN102271,2024-01,0
LN103573,2025-12,0
LN101121,2023-06,1
LN105777,2025-03,0
LN101382,2025-08,0
LN101287,2025-03,0
LN108950,2023-02,1
LN106188,2023-02,0
LN106874,2025-06,1
LN104173,2023-06,0
LN103690,2025-07,1
LN104236,2025-09,1
LN105554,2023-08,0
LN103783,2025-05,0
LN100690,2025-03,0
LN104425,2024-11,1
LN108133,2024-12,0
LN105417,2025-09,0
LN100807,2022-09,1
LN102641,2025-03,1
LN105920,2023-02,1
LN108320,2024-09,1
LN101804,2023-03,0
LN108130,2025-04,0
LN102970,2024-08,0
LN107243,2022-08,1
LN105299,2025-01,0
LN103535,2024-10,0
LN100313,2025-12,0
LN100009,2022-09,1
LN102771,2022-06,0
LN102575,2024-09,0
LN105240,2023-02,0
LN105920,2024-12,0
LN107161,2024-08,0
LN108191,2023-04,1
LN101357,2024-10,0
LN108010,2023-08,1
LN107125,2024-08,1
LN107812,2024-10,0
LN103103,2023-06,0
LN100886,2021-10,0
LN104762,2024-12,0
LN100912,2023-09,1
LN106884,2021-11,0
LN105867,2025-04,0
LN101078,2023-05,1
LN101806,2022-09,0
LN103239,2021-10,1
LN100880,2025-01,0
LN102293,2024-07,0
LN108026,2024-10,0
LN102637,2025-05,0
LN105041,2022-10,0
LN101275,2024-09,0
LN105286,2025-07,0
LN100177,2025-06,0
LN108451,2024-09,0
LN101793,2023-07,0
LN102806,2025-08,0
LN102733,2023-06,0
LN104110,2025-02,1
LN105932,2025-09,1
LN105874,2024-08,1
LN101881,2025-08,0
LN103140,2023-12,0
LN101511,2022-04,1
LN108027,2024-11,0
LN102466,2025-01,0
LN107385,2021-11,1
LN102136,2023-08,0
LN102257,2025-10,0
LN108207,2025-02,0
LN105593,2025-02,1
LN101087,2025-04,1
LN108408,2022-08,1
LN106484,2025-06,0
LN104650,2024-01,0
LN108450,2024-01,0
LN100590,2024-12,1
LN102089,2021-07,1
LN103097,2023-02,0
LN101133,2025-10,0
LN101193,2025-01,1
LN107248,2024-11,1
LN101478,2022-10,0
LN100541,2023-02,0
LN103495,2025-12,0
LN108738,2025-07,0
LN102088,2024-05,0
LN105993,2025-03,0
LN108431,2024-02,0
LN107736,2024-11,0
LN106260,2022-08,1
LN100431,2024-06,0
LN101496,2024-11,0
LN106109,2025-09,0
LN108492,2024-11,0
LN106981,2023-11,0
LN101810,2025-05,0
LN104105,2024-02,0
LN100033,2023-10,0
LN108434,2024-08,1
LN107036,2024-05,0
LN104742,2022-12,0
LN100424,2025-06,0
LN104916,2022-11,0
LN103513,2023-02,1
LN102547,2023-12,1
LN101507,2025-10,1
LN102853,2024-12,0
LN101345,2024-12,0
LN104182,2023-11,0
LN101778,2023-01,0
LN102544,2025-09,1
LN106814,2023-03,1
LN101896,2025-07,1
LN101626,2023-07,0
LN107652,2022-11,0
LN108683,2024-08,0
LN100071,2022-02,0
LN101038,2023-11,0
LN106690,2025-06,1
LN100188,2022-08,1
LN106435,2024-08,0
LN102006,2023-01,0
LN101803,2023-12,0
LN101065,2025-12,0
LN100255,2022-08,0
LN108375,2025-11,0
LN106648,2025-04,0
LN105061,2025-12,1
LN108455,2023-06,0
LN104614,2025-02,1
LN101646,2024-07,0
LN102635,2022-07,0
LN103247,2021-10,0
LN104494,2022-08,0
LN107049,2024-04,1
LN103771,2024-03,1
LN107449,2024-08,0
LN105234,2023-04,0
LN104922,2024-12,0
LN100627,2024-11,0
LN101815,2023-11,0
LN106961,2024-11,0
LN106847,2025-07,0
LN102764,2023-12,0
LN105030,2023-02,1
LN106059,2025-07,1
LN102202,2024-07,0
LN102570,2024-06,0
LN103032,2025-11,0
LN101048,2025-04,1
LN108274,2023-04,0
LN101289,2025-02,1
LN102986,2025-03,0
LN101139,2023-11,0
LN104216,2024-11,0
LN108833,2025-01,1
LN106290,2025-04,0
LN107668,2023-04,0
LN101367,2023-12,0
LN105980,2024-07,1
LN108228,2024-01,1
LN106520,2023-05,1
LN104548,2025-04,0
LN105593,2023-12,0
LN106556,2022-10,0
LN102393,2025-02,1
LN103713,2025-12,1
LN103422,2025-07,0
LN108753,2024-03,0
LN100937,2024-07,0
LN105379,2025-01,1
LN101991,2024-12,0
LN108175,2025-05,0
LN106186,2023-03,0
LN100648,2025-06,0
LN107786,2024-08,1
LN108030,2024-01,0
LN104810,2022-07,1
LN100430,2024-08,0
LN101341,2022-06,0
LN102201,2024-03,0
LN104287,2024-09,0
LN106613,2022-02,1
LN106024,2024-12,0
LN101338,2024-10,0
LN100634,2023-04,0
LN106868,2024-11,0
LN101114,2023-03,1
LN101095,2024-01,0
LN107489,2022-07,0
LN108314,2023-01,0
LN103983,2023-12,0
LN105230,2023-08,0
LN101097,2025-05,0
LN107443,2025-06,0
LN107869,2025-08,0
LN108214,2025-08,0
LN105936,2022-12,0
LN108120,2024-03,0
LN103369,2024-03,0
LN102659,2022-07,1
LN106935,2024-03,0
LN106998,2023-01,0
LN105978,2025-07,0
LN107225,2024-06,0
LN100253,2024-05,0
LN102635,2023-01,0
LN106462,2023-12,0
LN100255,2024-05,0
LN101868,2024-06,1
LN108148,2023-08,0
LN105404,2024-01,0
LN103483,2023-05,1
LN102811,2025-03,0
LN100801,2023-06,0
LN106713,2024-01,0
LN100213,2025-05,0
LN103439,2024-09,1
LN101166,2021-12,0
LN105084,2024-12,0
LN101340,2025-03,0
LN102453,2025-09,0
LN104422,2024-12,1
LN101534,2025-06,0
LN105680,2025-08,1
LN107910,2023-07,0
LN102890,2025-08,0
LN105067,2021-08,0
LN105378,2024-03,1
LN101740,2025-03,1
LN107640,2024-05,0
LN102592,2024-09,0
LN106170,2024-04,0
LN107451,2024-12,1
LN105441,2024-12,1
LN103311,2023-06,1
LN104582,2025-03,0
LN102322,2024-01,0
LN104014,2022-09,0
LN108926,2025-09,1
LN100484,2025-11,1
LN106738,2023-07,1
LN105246,2025-02,0
LN100132,2025-09,0
LN100011,2025-08,1
LN107137,2024-11,0
LN103082,2023-05,1
LN105202,2025-05,0
LN107545,2025-11,1
LN101074,2025-02,1
LN100443,2023-09,0
LN105710,2023-02,0
LN102365,2023-02,0
LN105246,2025-05,0
LN101487,2021-07,0
LN103176,2023-09,1
LN102514,2025-09,0
LN106292,2023-05,1
LN105442,2024-12,0
LN105089,2024-04,0
LN105539,2025-06,0
LN108187,2022-06,1
LN101299,2021-08,1
LN107966,2025-12,1
LN101094,2023-11,0
LN100398,2025-12,0
LN107071,2025-07,1
LN100217,2024-02,0
LN104955,2023-05,1
LN102701,2024-08,0
LN107319,2022-03,0
LN101445,2025-11,0
LN100447,2025-02,0
LN104392,2023-12,0
LN101986,2025-05,0
LN104280,2025-04,1
LN101169,2025-12,1
LN103253,2024-04,0
LN102645,2021-07,1
LN101484,2023-12,0
LN100485,2023-04,1
LN104550,2024-05,0
LN108871,2023-10,0
LN101804,2022-06,0
LN108746,2025-12,0
LN100145,2025-10,1
LN107632,2025-10,0
LN105573,2025-02,0
LN101756,2022-10,0
LN103405,2022-09,1
LN103396,2025-11,0
LN107895,2023-11,0
LN100092,2024-12,0
LN107923,2023-03,1
LN107580,2022-07,0
LN104045,2021-08,1
LN103746,2024-05,0
LN105859,2025-04,0
LN108881,2023-08,0
LN106650,2023-03,0
LN105444,2025-01,0
LN105077,2022-04,1
LN105049,2025-11,0
LN105796,2025-03,0
LN104941,2024-04,0
LN102042,2024-08,0
LN101992,2025-11,0
LN104155,2024-09,1
LN106217,2023-05,1
LN103110,2023-11,0
LN105308,2024-03,1
LN108653,2024-08,0
LN104624,2025-12,1
LN101426,2025-04,0
LN100383,2022-10,1
LN108724,2025-01,1
LN104434,2023-12,1
LN103348,2023-04,0
LN100933,2024-06,1
LN108268,2022-04,0
LN101432,2023-06,0
LN104870,2023-05,1
LN100682,2024-11,1
LN101190,2025-12,0
LN105378,2023-09,0
LN100224,2025-05,1
LN104160,2025-09,1
LN105826,2023-03,1
LN107097,2025-04,0
LN107073,2025-09,0
LN108342,2023-05,0
LN106917,2022-08,0
LN108439,2024-01,0
LN101199,2025-02,0
LN106958,2024-02,0
LN103293,2025-09,0
LN107657,2025-03,0
LN104605,2024-11,0
LN108623,2025-11,1
LN101554,2023-03,0
LN108737,2023-11,1
LN105467,2025-07,0
LN104234,2024-05,0
LN101633,2024-10,0
LN105591,2025-06,0
LN102512,2025-04,0
LN103379,2024-02,0
LN107274,2023-06,0
LN102762,2023-02,0
LN107160,2023-05,0
LN107221,2024-07,0
LN104142,2024-08,0
LN107469,2022-03,0
LN108426,2025-11,0
LN103356,2025-04,1
LN107784,2025-08,1
LN104715,2023-04,1
LN103513,2021-12,0
LN107526,2024-02,0
LN106984,2025-02,0
LN100090,2023-11,0
LN108908,2024-01,0
LN103696,2025-03,0
LN101555,2022-01,1
LN106841,2025-08,0
LN102840,2023-01,0
LN107570,2024-08,1
LN101649,2024-06,0
LN105533,2024-10,1
LN108819,2022-02,0
LN102760,2024-09,0
LN105967,2024-08,0
LN106539,2025-05,0
LN108225,2024-04,0
LN105745,2023-11,1
LN104214,2024-05,0
LN102552,2022-04,0
LN103336,2025-12,1
LN107285,2025-03,0
LN106288,2023-03,0
LN108052,2023-02,1
LN105691,2024-10,0
LN107416,2024-11,0
LN107892,2024-07,1
LN107873,2023-03,0
LN104822,2025-01,0
LN108393,2022-07,0
LN106114,2025-05,0
LN106949,2025-10,0
LN103322,2025-07,1
LN104826,2025-09,1
LN100838,2022-02,0
LN107277,2025-01,1
LN104654,2024-08,0
LN105971,2023-06,0
LN108347,2023-07,0
LN103659,2025-05,0
LN106685,2025-08,0
LN100009,2023-12,0
LN101794,2023-12,0
LN102722,2021-12,0
LN107409,2024-10,0
LN106614,2025-04,1
LN104842,2024-08,0
LN105179,2023-04,1
LN106042,2023-03,0
LN103786,2022-06,1
LN100022,2024-03,1
LN102540,2025-10,0
LN103446,2024-09,1
LN101792,2025-12,1
LN105787,2024-03,1
LN103627,2024-05,0
LN101567,2024-08,0
LN102402,2025-02,0
LN106760,2023-01,0
LN103236,2024-11,0
LN101599,2025-12,0
LN105113,2025-02,0
LN106494,2022-10,0
LN102498,2023-09,0
LN108812,2023-12,0
LN100271,2022-05,1
LN108381,2024-01,1
LN107842,2025-02,0
LN106190,2025-03,1
LN101686,2023-06,1
LN103390,2024-04,0
LN101583,2023-12,1
LN100414,2021-07,0
LN100430,2021-11,0
LN108654,2021-08,0
LN101267,2024-01,0
LN106642,2025-01,0
LN103875,2024-04,1
LN106640,2025-04,1
LN103099,2023-02,0
LN108816,2024-01,0
LN107914,2022-02,0
LN103394,2024-09,0
LN105398,2024-10,0
LN101208,2023-05,1
LN106400,2023-07,1
LN102665,2025-04,0
LN102513,2025-06,0
LN108443,2024-01,1
LN107143,2025-05,0
LN107261,2025-12,0
LN104215,2025-09,0
LN107164,2024-01,1
LN105553,2023-10,0
LN100117,2022-11,1
LN104014,2022-12,0
LN103964,2024-09,0
LN100094,2025-04,0
LN100026,2024-03,1
LN102605,2024-10,0
LN105689,2024-11,0
LN104984,2024-06,1
LN100700,2024-08,0
LN107508,2025-05,0
LN108077,2024-03,0
LN105039,2024-10,0
LN102774,2025-11,0
LN103430,2025-06,0
LN104139,2024-01,1
LN100990,2023-02,1
LN104335,2025-01,1
LN108892,2024-07,0
LN108608,2024-02,0
LN106001,2024-10,1
LN101228,2025-12,0
LN107517,2025-11,0
LN106590,2024-05,1
LN102924,2023-05,1
LN108417,2023-11,0
LN103665,2023-07,1
LN105692,2025-12,0
LN100457,2024-07,0
LN106194,2023-02,0
LN101051,2024-09,1
LN104433,2021-11,0
LN100428,2022-07,0
LN106494,2024-09,0
LN104984,2024-05,1
LN101199,2024-11,0
LN108518,2025-12,0
LN100644,2024-07,0
LN104631,2024-10,0
LN101840,2024-09,0
LN101816,2024-11,0
LN103339,2024-11,0
LN108644,2023-08,1
LN100625,2024-02,0
LN100496,2023-03,0
LN107393,2023-09,1
LN108710,2022-11,1
LN103606,2022-08,1
LN106796,2023-09,1
LN107237,2023-06,0
LN108958,2024-06,0
LN102140,2023-12,0
LN108137,2025-11,0
LN101205,2025-12,1
LN108918,2025-09,0
LN102391,2023-09,1
LN101976,2025-03,0
LN103409,2025-08,0
LN108684,2025-10,0
LN108307,2023-05,0
LN102576,2024-04,0
LN106516,2025-06,0
LN104237,2023-03,1
LN106165,2025-11,1
LN105383,2024-11,1
LN104263,2024-05,1
LN106053,2025-02,0
LN101009,2023-11,0
LN103283,2022-11,1
LN105214,2024-08,0
LN108462,2025-10,1
LN107712,2023-07,1
LN107371,2022-08,0
LN108560,2025-06,0
LN102305,2022-05,0
LN103594,2025-08,1
LN106233,2022-11,0
LN106848,2022-11,0
LN102173,2025-03,0
LN105707,2022-09,1
LN103693,2024-03,1
LN101890,2024-11,0
LN101624,2024-12,0
LN104362,2025-12,1
LN108800,2024-08,0
LN105331,2025-04,1
LN104763,2022-10,1
LN105922,2023-12,1
LN107717,2025-04,0
LN100040,2022-07,1
LN101894,2023-12,0
LN103939,2024-05,0
LN104280,2023-07,1
LN101376,2024-12,1
LN107023,2023-12,0
LN105263,2023-05,1
LN105828,2022-04,0
LN107358,2025-10,1
LN104723,2021-12,0
LN101802,2025-09,1
LN107999,2025-06,1
LN100571,2025-02,0
LN107439,2024-02,0
LN108777,2024-11,1
LN108285,2021-10,1
LN103375,2023-06,0
LN101675,2025-05,0
LN103759,2025-11,1
LN106171,2025-09,0
LN103043,2023-08,0
LN108569,2025-12,1
LN101850,2021-12,1
LN106334,2022-09,1
LN103115,2025-03,0
LN108748,2024-10,0
LN101006,2024-08,0
LN101074,2024-08,0
LN100790,2023-09,0
LN106161,2024-10,0
LN106257,2025-07,1
LN102238,2023-03,0
LN103575,2024-03,1
LN108346,2025-03,0
LN107202,2024-09,0
LN102884,2025-05,0
LN101007,2024-07,0
LN103594,2025-03,0
LN106523,2023-12,1
LN107261,2022-11,0
LN100411,2023-06,0
LN105812,2025-04,0
LN103859,2024-09,1
LN100010,2025-02,1
LN107165,2025-05,0
LN103452,2024-11,1
LN106479,2025-08,0
LN103413,2025-05,0
LN108030,2023-05,0
LN104742,2023-07,1
LN102437,2025-02,0
LN105799,2023-05,0
LN100325,2025-11,0
LN103542,2022-01,0
LN106429,2022-11,0
LN102785,2022-09,0
LN105211,2024-06,0
LN106249,2024-04,0
LN102509,2024-11,0
LN108311,2024-01,0
LN100120,2023-08,0
LN102860,2022-05,0
LN102698,2022-10,0
LN100216,2025-01,0
LN106707,2023-08,0
LN103964,2024-02,0
LN107168,2024-10,0
LN104641,2022-01,1
LN106330,2022-05,0
LN102953,2024-10,1
LN101968,2024-07,0
LN101840,2022-12,0
LN102850,2022-06,0
LN106986,2023-06,0
LN103950,2024-01,1
LN100220,2022-05,1
LN107224,2025-01,0
LN106005,2023-12,1
LN100698,2023-05,1
LN105534,2025-06,0
LN108412,2024-06,1
LN106743,2022-11,1
LN103204,2023-08,0
LN104741,2025-08,0
LN104713,2025-12,1
LN105496,2024-06,0
LN107931,2024-01,0
LN103469,2025-11,0
LN103538,2025-07,0
LN100531,2022-12,1
LN107195,2025-07,0
LN104153,2025-12,1
LN100687,2024-02,0
LN101194,2024-08,1
LN105439,2025-02,0
LN101585,2024-08,1
LN106601,2025-04,0
LN100178,2024-09,0
LN103650,2022-12,1
LN105962,2025-06,0
LN107807,2025-11,1
LN103616,2023-10,0
LN107064,2021-08,0
LN106799,2023-10,1
LN102913,2024-10,1
LN105119,2024-03,0
LN100795,2025-11,0
LN103772,2024-04,0
LN108430,2025-09,0
LN102278,2023-12,1
LN102910,2024-10,1
LN106855,2025-01,0
LN107953,2023-06,1
LN106562,2023-09,1
LN102379,2024-09,0
LN101636,2024-12,0
LN106868,2024-08,0
LN101238,2025-09,1
LN107387,2025-06,0
LN105206,2024-04,0
LN103714,2025-08,0
LN100308,2023-12,0
LN103546,2025-07,0
LN104140,2024-02,1
LN104154,2023-06,0
LN108643,2023-06,1
LN105867,2025-02,0
LN102519,2025-09,0
LN106900,2024-06,0
LN108337,2024-02,1
LN103861,2025-06,0
LN100468,2023-06,1
LN101021,2023-08,0
LN100873,2022-08,0
LN102908,2024-09,0
LN101296,2023-02,0
LN103681,2021-10,1
LN105753,2023-05,0
LN108797,2025-04,0
LN107938,2023-10,0
LN104713,2023-03,0
LN108842,2023-11,0
LN107933,2024-08,1
LN105320,2025-05,0
LN102530,2024-11,0
LN102860,2024-01,0
LN107752,2023-04,0
LN101435,2023-04,1
LN108094,2025-08,0
LN103211,2024-03,0
LN105429,2024-07,0
LN106133,2023-03,1
LN101784,2025-08,0
LN102775,2024-10,1
LN101775,2024-08,0
LN108791,2024-09,1
LN104787,2023-07,0
LN105081,2024-09,0
LN106619,2024-07,0
LN100899,2025-02,0
LN102747,2024-06,1
LN107371,2024-06,0
LN102776,2024-11,0
LN107016,2024-03,1
LN103333,2025-01,1
LN101115,2023-04,1
LN107084,2025-02,0
LN108671,2025-02,0
LN101559,2025-01,0
LN106489,2022-11,0
LN104118,2023-12,0
LN107369,2025-03,0
LN107780,2024-10,1
LN102814,2022-05,0
LN105174,2025-07,1
LN106455,2025-02,0
LN108219,2024-02,0
LN101501,2022-10,0
LN100924,2023-01,0
LN105506,2023-07,1
LN108258,2024-04,1
LN105218,2021-09,1
LN101949,2023-12,0
LN100890,2023-04,0
LN103956,2024-06,0
LN101914,2024-08,0
LN105428,2022-08,1
LN101188,2024-06,0
LN102686,2022-07,0
LN101853,2023-01,1
LN101033,2024-01,1
LN106475,2024-04,1
LN102627,2021-10,0
LN103793,2025-01,0
LN105230,2025-03,0
LN104159,2022-05,0
LN105414,2024-05,0
LN107923,2022-05,1
LN106504,2023-12,1
LN104555,2024-03,0
LN100465,2025-03,1
LN108847,2024-06,0
LN104490,2022-03,1
LN100779,2024-11,0
LN103101,2024-10,0
LN102576,2022-12,0
LN100125,2025-09,1
LN105803,2025-01,0
LN103040,2023-10,0
LN101114,2023-12,1
LN106159,2024-08,1
LN102058,2025-08,0
LN107828,2023-12,0
LN100220,2022-01,0
LN106844,2023-04,0
LN104219,2022-10,0
LN102321,2021-10,0
LN106193,2022-08,0
LN107895,2025-09,0
LN108215,2025-01,0
LN100087,2023-12,0
LN107671,2025-08,1
LN101920,2023-01,1
LN104787,2021-08,0
LN108859,2023-03,0
LN100352,2022-11,0
LN105256,2022-08,0
LN108626,2024-06,1
LN106645,2025-06,0
LN108533,2023-09,0
LN107513,2023-03,0
LN106673,2024-08,1
LN106229,2023-02,0
LN102764,2023-09,0
LN107919,2024-01,0
LN101681,2023-01,0
LN102377,2025-11,0
LN101533,2024-07,0
LN107265,2024-08,0
LN107082,2024-07,1
LN105646,2025-09,1
LN106712,2024-10,0
LN104984,2024-09,0
LN108091,2025-07,0
LN104527,2024-03,0
LN102380,2023-05,1
LN100566,2024-03,0
LN103215,2025-09,0
LN103506,2024-07,0
LN104371,2024-05,0
LN106834,2025-07,0
LN104915,2022-01,1
LN100142,2024-04,0
LN107328,2023-12,0
LN105342,2023-12,0
LN106497,2024-07,0
LN103321,2023-12,0
LN106383,2024-10,0
LN102629,2023-02,1
LN100836,2025-08,1
LN100094,2025-06,0
LN104597,2022-08,0
LN107525,2022-04,0
LN106667,2022-07,1
LN108183,2025-08,0
LN100756,2024-03,1
LN107110,2022-11,0
LN104002,2022-02,1
LN102332,2022-07,0
LN108851,2024-07,0
LN105820,2024-01,0
LN101402,2025-12,0
LN102126,2023-07,0
LN106076,2023-11,1
LN105159,2025-09,0
LN101316,2025-06,0
LN107721,2025-02,1
LN100701,2024-09,0
LN102527,2025-09,0
LN104511,2024-08,0
LN106808,2023-02,1
LN102855,2023-02,1
LN100308,2024-06,0
LN103793,2024-02,1
LN104181,2024-03,0
LN101405,2024-05,0
LN101730,2024-12,0
LN103729,2024-09,1
LN105154,2025-12,0
LN101036,2025-06,0
LN102260,2024-10,0
LN107263,2025-11,0
LN108642,2024-10,0
LN108923,2025-06,0
LN100889,2022-12,0
LN108005,2025-04,1
LN104231,2025-04,0
LN103255,2022-11,1
LN108839,2024-09,0
LN107655,2023-01,0
LN102390,2024-10,0
LN107317,2024-12,0
LN103268,2024-06,0
LN101190,2023-01,0
LN103739,2024-06,0
LN108220,2024-05,0
LN107967,2025-10,0
LN106106,2021-11,1
LN104927,2023-10,1
LN108838,2024-04,1
LN106615,2022-07,0
LN102832,2024-02,0
LN105546,2024-11,1
LN106517,2025-09,0
LN104049,2025-06,0
LN107519,2024-10,0
LN107484,2021-09,0
LN100345,2025-10,1
LN104930,2024-06,1
LN101310,2024-04,1
LN104999,2025-12,0
LN107335,2025-03,0
LN101922,2025-10,0
LN106837,2022-05,1
LN103706,2024-10,1
LN107281,2025-06,0
LN103467,2025-03,1
LN103414,2025-09,0
LN101788,2023-12,1
LN100727,2023-12,1
LN100951,2023-09,0
LN108821,2024-12,0
LN103385,2024-07,0
LN104293,2023-05,1
LN105594,2024-11,0
LN102667,2025-03,0
LN107520,2022-01,1
LN106423,2024-02,1
LN108842,2024-09,0
LN104527,2022-05,0
LN102008,2025-10,1
LN106561,2023-11,1
LN103829,2024-11,1
LN105475,2025-10,0
LN106385,2024-03,0
LN101037,2025-04,1
LN104802,2022-04,1
LN105268,2024-04,1
LN107179,2023-08,0
LN105426,2025-08,1
LN105415,2024-11,1
LN102237,2025-10,0
LN101956,2023-05,1
LN100616,2022-05,0
LN107645,2025-08,1
LN102806,2023-02,1
LN106500,2023-02,0
LN108078,2022-12,1
LN101048,2025-02,0
LN101440,2024-11,0
LN104127,2025-01,0
LN105310,2025-03,0
LN106125,2024-09,1
LN104330,2022-06,1
LN100068,2024-10,0
LN105352,2024-01,0
LN105950,2024-12,1
LN104576,2024-06,0
LN103102,2022-07,0
LN106464,2023-07,0
LN105038,2025-02,1
LN105590,2024-06,1
LN106035,2022-02,1
LN104423,2025-05,1
LN107647,2023-07,0
LN105619,2022-10,0
LN107616,2025-05,1
LN105827,2023-11,1
LN103878,2023-03,0
LN105128,2024-03,0
LN107688,2023-08,0
LN100060,2025-06,1
LN107824,2024-12,1
LN101038,2025-03,0
LN103661,2023-02,0
LN101505,2022-09,0
LN108078,2024-08,0
LN107821,2023-12,1
LN108718,2025-11,1
LN107544,2024-10,0
LN101665,2024-04,0
LN107047,2025-01,1
LN108103,2023-11,0
LN104558,2024-08,0
LN102842,2024-10,0
LN104725,2023-12,1
LN108426,2022-08,0
LN103944,2023-03,0
LN107634,2023-05,1
LN102563,2023-08,0
LN104189,2025-09,0
LN104649,2025-11,1
LN104414,2025-12,1
LN108205,2024-09,0
LN106740,2024-03,0
LN106826,2025-03,0
LN100709,2023-12,0
LN104051,2023-12,1
LN106842,2023-05,1
LN101471,2024-09,0
LN107927,2023-12,0
LN106435,2021-10,0
LN108697,2025-10,1
LN107747,2022-10,0
LN101163,2023-11,1
LN100614,2024-12,0
LN101560,2023-06,1
LN101550,2022-08,0
LN108228,2025-04,0
LN105234,2024-02,0
LN103287,2025-10,0
LN101402,2024-05,1
LN107020,2025-11,1
LN103204,2025-08,0
LN100187,2023-11,0
LN106877,2024-11,1
LN106602,2023-10,0
LN108613,2023-07,0
LN102601,2024-07,0
LN105109,2025-04,1
LN103753,2025-01,0
LN103546,2025-01,1
LN103549,2025-01,0
LN106559,2022-04,0
LN101935,2022-12,0
LN108745,2023-08,0
LN100651,2024-11,1
LN104250,2025-06,0
LN105691,2024-12,1
LN103981,2022-01,1
LN108472,2025-03,0
LN104394,2025-06,1
LN107643,2025-08,1
LN101739,2022-09,1
LN103216,2025-02,0
LN103853,2024-05,1
LN107107,2023-04,1
LN101512,2025-01,1
LN106788,2024-03,0
LN104604,2025-11,0
LN105851,2023-11,0
LN104577,2025-09,1
LN108847,2023-09,1
LN105455,2025-03,1
LN101297,2025-04,0
LN105439,2025-05,0
LN107842,2025-10,0
LN101152,2024-08,0
LN101932,2025-04,0
LN106583,2024-05,0
LN104778,2024-12,0
LN107436,2025-01,0
LN108620,2022-09,0
LN101432,2023-03,1
LN103086,2023-06,0
LN105043,2025-12,0
LN101074,2025-10,0
LN108859,2023-11,0
LN108248,2025-01,0
LN101523,2022-03,0
LN108904,2024-03,1
LN101098,2024-02,0
LN107701,2023-04,0
LN107731,2025-09,0
LN107028,2023-01,0
LN103987,2023-12,1
LN101385,2023-11,0
LN102010,2025-07,0
LN104591,2022-01,1
LN108139,2024-10,0
LN106025,2025-01,0
LN106264,2024-09,1
LN102134,2024-10,0
LN106337,2023-01,1
LN101086,2024-08,0
LN107725,2025-08,0
LN102311,2021-11,0
LN104319,2022-09,0
LN103050,2025-02,0
LN101104,2023-09,0
LN102392,2023-08,1
LN107704,2025-01,0
LN104705,2025-03,1
LN105544,2023-06,1
LN103973,2025-09,1
LN105962,2024-09,0
LN108940,2022-11,0
LN101151,2025-01,0
LN105394,2023-11,0
LN106502,2024-01,0
LN100558,2025-07,0
LN107183,2023-01,1
LN103537,2023-08,1
LN108076,2024-10,1
LN107292,2023-02,0
LN105332,2025-03,1
LN107407,2024-09,0
LN103109,2023-02,0
LN107754,2022-08,0
LN101537,2022-10,0
LN105028,2025-04,0
LN105629,2022-03,1
LN105619,2025-12,0
LN100540,2024-01,0
LN107023,2024-08,0
LN107245,2025-07,1
LN105585,2025-09,0
LN104811,2023-08,0
LN100871,2024-04,0
LN108429,2023-10,0
LN102870,2023-02,0
LN100661,2024-12,1
LN107438,2024-08,0
LN102367,2024-09,0
LN103964,2023-02,0
LN105936,2022-05,1
LN103771,2025-07,0
LN108274,2024-07,0
LN105420,2024-04,0
LN106042,2025-09,0
LN102911,2022-05,0
LN100487,2023-08,0
LN102278,2024-10,0
LN104102,2024-11,0
LN100133,2024-05,0
LN103653,2025-06,0
LN100563,2022-12,1
LN104457,2025-03,1
LN100364,2025-03,1
LN101317,2025-05,0
LN103427,2025-09,0
LN104597,2022-12,1
LN101574,2022-09,0
LN108275,2025-04,0
LN108706,2024-10,0
LN104571,2022-06,0
LN106592,2023-12,0
LN103558,2022-02,0
LN101805,2022-07,0
LN103204,2025-05,1
LN106094,2023-06,0
LN105526,2023-12,0
LN104697,2022-08,0
LN105434,2023-10,0
LN107009,2024-04,1
LN101709,2025-03,0
LN107752,2022-04,0
LN100257,2022-06,0
LN108265,2023-10,0
LN101862,2024-06,0
LN106930,2023-12,1
LN108565,2025-05,0
LN105622,2023-06,1
LN105345,2023-01,1
LN108673,2024-07,0
LN106241,2024-05,0
LN100216,2025-04,0
LN107348,2025-09,0
LN101574,2022-04,1
LN107016,2024-10,0
LN100149,2025-01,0
LN107061,2025-04,1
LN100856,2023-10,0
LN102291,2023-09,0
LN108286,2024-06,1
LN108558,2024-01,0
LN106918,2024-06,0
LN104915,2024-05,0
LN108851,2024-06,0
LN101282,2025-12,0
LN103758,2022-12,1
LN102679,2025-01,1
LN106885,2022-10,0
LN103197,2024-12,0
LN106376,2025-08,0
LN107968,2022-06,1
LN104312,2024-11,0
LN102907,2024-12,1
LN106103,2022-08,0
LN104099,2025-03,0
LN104339,2024-08,1
LN103524,2024-02,0
LN103040,2024-09,1
LN103379,2025-02,0
LN107458,2025-01,0
LN100183,2025-08,0
LN103389,2025-04,0
LN103692,2025-02,0
LN101904,2025-11,0
LN106900,2021-12,1
LN104150,2025-03,0
LN103995,2024-08,0
LN105950,2024-04,0
LN108166,2024-02,0
LN100272,2022-08,0
LN100204,2023-09,0
LN105377,2025-07,0
LN106372,2025-05,0
LN101347,2025-07,0
LN102970,2024-02,0
LN105176,2025-11,1
LN105234,2025-08,1
LN100399,2025-05,0
LN108531,2024-11,0
LN101743,2021-08,0
LN107502,2024-04,0
LN103352,2023-03,0
LN104465,2023-07,0
LN105747,2025-06,1
LN101017,2024-04,0
LN102768,2023-08,1
LN100572,2024-05,1
LN105293,2025-08,0
LN107728,2025-07,1
LN101062,2025-05,1
LN102292,2024-07,0
LN106311,2023-02,0
LN101952,2022-09,0
LN104261,2022-09,0
LN102447,2024-06,1
LN108435,2022-04,1
LN103159,2025-09,1
LN104955,2024-09,0
LN108824,2023-12,0
LN106177,2024-11,1
LN100167,2025-01,0
LN108166,2024-05,0
LN106657,2023-08,0
LN101760,2023-08,0
LN100430,2024-01,1
LN107924,2022-09,0
LN103166,2025-12,0
LN102383,2024-09,1
LN104020,2023-12,0
LN102576,2024-02,0
LN100396,2022-06,0
LN107456,2025-08,0
LN101892,2024-09,0
LN108101,2024-11,0
LN103798,2021-09,0
LN104889,2025-04,0
LN104607,2024-04,0
LN105892,2023-04,1
LN103236,2023-11,0
LN108653,2025-02,0
LN107548,2024-10,0
LN106834,2023-08,0
LN107782,2025-01,0
LN104753,2025-03,1
LN101382,2023-04,0
LN106341,2025-09,0
LN105109,2023-06,0
LN102199,2023-09,0
LN101981,2024-04,0
LN108855,2023-06,0
LN107109,2023-06,1
LN105853,2023-12,0
LN102818,2025-02,0
LN105383,2025-08,0
LN104296,2023-12,1
LN107792,2025-05,0
LN102690,2024-05,1
LN103105,2024-04,0
LN100684,2022-08,0
LN105593,2023-09,0
LN108347,2024-07,0
LN103443,2024-09,0
LN104264,2025-09,0
LN104402,2023-09,0
LN108471,2024-04,0
LN106245,2023-10,0
LN103602,2025-10,1
LN108408,2025-04,1
LN100064,2024-09,1
LN104801,2024-07,1
LN101051,2025-08,0
LN104762,2025-02,1
LN108245,2025-05,0
LN100480,2025-03,1
LN107713,2025-06,1
LN107953,2025-09,1
LN104366,2025-09,1
LN101186,2021-12,0
LN108147,2024-03,0
LN104173,2023-07,0
LN101490,2025-01,0
LN101879,2022-12,0
LN107950,2025-11,0
LN101849,2025-01,0
LN107843,2025-06,0
LN104137,2023-07,1
LN105947,2025-12,1
LN104382,2023-02,0
LN102447,2024-04,1
LN102779,2024-09,1
LN101428,2022-09,0
LN103429,2022-09,0
LN105358,2023-04,0
LN106884,2021-08,0
LN103129,2025-12,0
LN102514,2025-10,0
LN100775,2024-10,1
LN108237,2025-05,0
LN100973,2024-11,0
LN102657,2025-02,0
LN105542,2022-12,0
LN100808,2025-08,1
LN106233,2022-08,1
LN104016,2024-10,1
LN108029,2025-05,0
LN103786,2025-02,0
LN104250,2023-01,0
LN100939,2025-02,0
LN106460,2023-08,1
LN102305,2022-03,1
LN104733,2025-03,0
LN103168,2024-09,1
LN108705,2025-10,1
LN104139,2024-05,0
LN100933,2025-03,0
LN101183,2023-04,0
LN102599,2023-05,0
LN104052,2025-01,1
LN102112,2025-10,0
LN102703,2024-09,0
LN108994,2025-07,0
LN102732,2024-11,0
LN100250,2022-02,0
LN105627,2025-11,0
LN106188,2023-03,0
LN107634,2025-12,0
LN100784,2024-03,1
LN104765,2023-08,0
LN102797,2023-07,0
LN108151,2023-06,0
LN105530,2025-12,1
LN101925,2023-09,1
LN100602,2024-08,1
LN102295,2025-03,0
LN108855,2024-01,1
LN100720,2022-02,0
LN106568,2025-05,0
LN102829,2023-10,0
LN103641,2025-01,0
LN108910,2023-03,1
LN102533,2025-03,1
LN104240,2025-06,1
LN100942,2025-02,0
LN105153,2025-03,0
LN106976,2025-10,1
LN108991,2025-01,1
LN106656,2025-12,0
LN104044,2024-05,0
LN100031,2024-02,0
LN101683,2025-06,1
LN105939,2024-10,0
LN103467,2025-08,0
LN107840,2023-07,1
LN105365,2023-07,1
LN102458,2023-10,0
LN105050,2024-03,0
LN103248,2022-11,0
LN108240,2024-11,0
LN100306,2025-11,1
LN107935,2023-03,1
LN108377,2023-10,0
LN105395,2024-04,1
LN104510,2022-07,1
LN106902,2024-10,0
LN106988,2024-02,0
LN101603,2023-02,0
LN103488,2024-02,0
LN106351,2024-03,1
LN102199,2024-11,0
LN105935,2022-06,1
LN105815,2025-04,1
LN101370,2025-09,0
LN102816,2025-04,0
LN104494,2023-06,0
LN104673,2025-08,0
LN105211,2025-02,0
LN106833,2025-08,0
LN100468,2022-09,0
LN103532,2023-02,0
LN101026,2021-12,0
LN102204,2024-05,1
LN105679,2022-09,1
LN104251,2025-06,0
LN102910,2024-11,0
LN103589,2025-11,1
LN100040,2022-03,0
LN100790,2025-05,1
LN108598,2023-06,0
LN101378,2023-10,0
LN108854,2025-09,0
LN100921,2025-06,0
LN106967,2025-01,1
LN101426,2024-09,0
LN104852,2023-08,1
LN106716,2025-10,0
LN101926,2022-10,1
LN101975,2022-06,0
LN103321,2023-07,1
LN101475,2024-04,1
LN104655,2022-05,0
LN104389,2024-07,0
LN103858,2023-03,0
LN105620,2025-09,0
LN105979,2024-08,0
LN108998,2024-07,1
LN101160,2025-01,0
LN101453,2024-02,0
LN103910,2024-05,0
LN107258,2025-10,0
LN101344,2022-03,0
LN103792,2022-11,1
LN106061,2024-09,0
LN103037,2024-11,1
LN102844,2024-06,0
LN108799,2025-12,0
LN100009,2024-12,0
LN104810,2023-12,1
LN100890,2023-03,1
LN104832,2022-12,0
LN101019,2023-02,0
LN108897,2024-07,1
LN102711,2022-04,1
LN103517,2025-07,0
LN108841,2023-05,0
LN105898,2025-11,1
LN108134,2025-07,1
LN105825,2025-07,0
LN100333,2025-12,0
LN107956,2025-06,0
LN104062,2025-04,0
LN105922,2025-09,0
LN106357,2024-01,0
LN107670,2025-06,0
LN106757,2023-02,0
LN106369,2021-12,0
LN107938,2024-10,1
LN107983,2023-05,1
LN102454,2024-08,1
LN105510,2025-02,0
LN104892,2023-08,0
LN105454,2023-09,0
LN101735,2025-12,0
LN107533,2023-09,0
LN104434,2023-09,0
LN106486,2025-09,1
LN101016,2025-11,0
LN102608,2024-10,0
LN105145,2025-07,1
LN103296,2022-08,0
LN107345,2023-11,0
LN105945,2023-07,0
LN103560,2022-10,1
LN103247,2025-05,0
LN100756,2025-02,0
LN105230,2023-01,0
LN100569,2025-09,1
LN106724,2023-07,1
LN100695,2022-12,0
LN103971,2024-11,0
LN103671,2021-11,1
LN106021,2023-04,1
LN103812,2024-04,0
LN100366,2024-10,0
LN102207,2025-12,1
LN104258,2024-05,0
LN101554,2023-09,1
LN105845,2025-08,1
LN101014,2024-06,1
LN108346,2025-02,0
LN102622,2025-06,1
LN106397,2022-05,0
LN108722,2025-09,0
LN106027,2024-03,0
LN101360,2024-06,0
LN103384,2024-08,0
LN106724,2023-01,0
LN102413,2023-12,0
LN108623,2024-05,1
LN100929,2023-09,0
LN101438,2024-06,0
LN101488,2023-12,0
LN103509,2024-11,0
LN101075,2025-12,1
LN100202,2024-02,0
LN101830,2022-11,0
LN100601,2024-05,0
LN100046,2024-01,0
LN103658,2024-06,0
LN102790,2025-08,0
LN108292,2025-08,0
LN104633,2025-11,1
LN101681,2022-11,0
LN101967,2024-11,0
LN107923,2023-10,0
LN102629,2024-01,0
LN107049,2024-07,1
LN107306,2024-05,0
LN107236,2024-10,1
LN103385,2023-03,1
LN103182,2025-06,1
LN103846,2025-07,0
LN104677,2025-06,0
LN108162,2022-12,1
LN104168,2023-04,0
LN105518,2023-11,0
LN105017,2025-11,0
LN105209,2022-09,1
LN108105,2025-11,1
LN107387,2025-04,0
LN107305,2022-10,1
LN102553,2023-02,1
LN102926,2025-03,0
LN108812,2025-10,0
LN100451,2025-12,0
LN102489,2023-11,0
LN100624,2023-10,1
LN104956,2024-05,0
LN101748,2025-06,1
LN105123,2025-06,1
LN105228,2021-12,0
LN107988,2022-06,0
LN104739,2024-07,1
LN107410,2023-06,0
LN107363,2024-09,0
LN104481,2023-02,1
LN106887,2023-08,0
LN101434,2023-05,0
LN103776,2025-04,0
LN104447,2023-01,1
LN107988,2024-04,0
LN105655,2023-01,0
LN101142,2025-02,0
LN105814,2024-11,0
LN107331,2023-03,0
LN100801,2023-02,0
LN104359,2025-08,1
LN107124,2025-03,0
LN105563,2024-12,0
LN102883,2023-10,1
LN105852,2023-11,0
LN102995,2023-09,1
LN103939,2024-10,1
LN100170,2023-10,0
LN104144,2025-10,0
LN108324,2025-10,1
LN101237,2022-01,0
LN106221,2023-02,0
LN106779,2024-01,0
LN100622,2025-12,0
LN108841,2024-07,1
LN104799,2025-04,0
LN100053,2023-08,0
LN104548,2024-11,0
LN108175,2023-08,0
LN106580,2024-01,0
LN107059,2023-08,0
LN101488,2023-03,1
LN100327,2023-02,1
LN104567,2024-10,0
LN108076,2025-01,0
LN106526,2022-03,0
LN102697,2024-11,1
LN101513,2024-07,1
LN104644,2022-08,0
LN106917,2025-08,1
LN108548,2023-05,1
LN106564,2023-02,1
LN101943,2025-08,0
LN107467,2025-04,0
LN106740,2025-12,0
LN101609,2024-08,0
LN108285,2024-04,0
LN105203,2024-09,0
LN107964,2025-03,0
LN108972,2024-04,0
LN101975,2025-03,1
LN107182,2022-01,1
LN104461,2024-04,0
LN103244,2024-10,0
LN107196,2023-12,0
LN101604,2022-07,1
LN102521,2024-04,0
LN105230,2024-12,0
LN102349,2023-06,0
LN102939,2023-02,1
LN106325,2023-04,0
LN103679,2024-08,1
LN106947,2025-09,0
LN101597,2025-10,0
LN103757,2023-11,1
LN106150,2024-10,1
LN107164,2024-04,0
LN104505,2024-05,1
LN102300,2024-01,1
LN103931,2023-04,1
LN107848,2025-04,0
LN104184,2024-10,0
LN105051,2025-04,1
LN100146,2023-05,1
LN107757,2022-02,0
LN101839,2025-02,1
LN103685,2023-03,0
LN108102,2023-09,0
LN104847,2024-08,1
LN102571,2025-01,0
LN101343,2025-10,1
LN100390,2024-04,0
LN100969,2021-12,1
LN100380,2024-10,1
LN103307,2022-08,0
LN100542,2023-12,1
LN104337,2024-03,0
LN105240,2023-05,0
LN105517,2025-03,0
LN105721,2023-11,1
LN107409,2025-11,0
LN102934,2024-08,0
LN106397,2022-10,1
LN104341,2023-04,0
LN102386,2025-10,1
LN106456,2024-01,1
LN100544,2025-06,0
LN107870,2023-04,1
LN108905,2025-10,0
LN101695,2025-10,1
LN106838,2023-06,1
LN100383,2024-02,1
LN105094,2023-06,1
LN102442,2021-08,0
LN103793,2025-10,0
LN102173,2025-08,0
LN101536,2024-03,0
LN106912,2025-04,0
LN103148,2025-01,1
LN105336,2024-11,1
LN107201,2025-05,0
LN104138,2024-12,0
LN107988,2023-03,0
LN101465,2024-03,0
LN107001,2025-04,1
LN105113,2023-08,1
LN107609,2024-01,0
LN103317,2022-11,0
LN102188,2023-03,1
LN105566,2025-02,0
LN108360,2023-05,1
LN100754,2024-09,0
LN103353,2024-09,0
LN105724,2024-04,0
LN102198,2025-04,1
LN105027,2022-02,0
LN105176,2023-10,1
LN102030,2025-03,1
LN104466,2024-05,1
LN107782,2025-09,0
LN104013,2024-06,0
LN102890,2025-03,0
LN100797,2024-09,0
LN101462,2023-09,0
LN108148,2024-04,0
LN106301,2021-09,0
LN102530,2025-05,0
LN107998,2025-03,0
LN103260,2024-05,1
LN105637,2023-04,1
LN101760,2023-03,1
LN105226,2025-10,1
LN100587,2022-03,1
LN106813,2023-04,0
LN101218,2025-07,0
LN100460,2025-09,0
LN102056,2024-07,0
LN106489,2023-04,1
LN104667,2023-02,0
LN100121,2023-11,1
LN106152,2025-07,0
LN101576,2023-10,0
LN107611,2024-03,0
LN100247,2024-07,1
LN104615,2025-06,1
LN100101,2025-02,0
LN106171,2023-04,0
LN100667,2024-08,1
LN103442,2025-11,0
LN105542,2024-01,1
LN108425,2023-06,0
LN100377,2024-04,0
LN107633,2025-03,0
LN108102,2022-07,1
LN104009,2023-01,1
LN101875,2022-12,0
LN107921,2023-01,1
LN108569,2025-11,0
LN106921,2024-04,1
LN103203,2024-12,0
LN105943,2025-12,0
LN104972,2024-07,0
LN103396,2025-01,1
LN104164,2025-06,1
LN102447,2023-11,0
LN103120,2024-06,1
LN107747,2022-05,1
LN106897,2024-10,0
LN106991,2024-11,0
LN107669,2023-02,0
LN104474,2025-01,0
LN104190,2024-02,1
LN102624,2025-12,0
LN107953,2024-08,0
LN106653,2024-12,0
LN105447,2025-03,0
LN101709,2023-11,1
LN103351,2025-10,0
LN102758,2025-01,0
LN107886,2022-12,0
LN101635,2024-11,1
LN104406,2023-08,1
LN108028,2024-07,0
LN102584,2023-10,0
LN107078,2024-08,0
LN107505,2025-01,0
LN106333,2022-07,1
LN101855,2024-09,1
LN106202,2025-01,0
LN106464,2025-06,1
LN103639,2024-01,1
LN105012,2025-02,0
LN102555,2022-10,1
LN101017,2023-06,0
LN102640,2022-11,0
LN104516,2025-11,0
LN100317,2025-01,0
LN103388,2024-10,0
LN101208,2024-08,1
LN107275,2024-04,0
LN105743,2025-11,0
LN103118,2024-10,0
LN101659,2024-04,1
LN106726,2025-07,0
LN102558,2022-09,0
LN104549,2025-04,0
LN101161,2024-09,0
LN108292,2023-09,1
LN100875,2025-01,0
LN106188,2021-12,0
LN107941,2025-01,0
LN107096,2024-02,0
LN106300,2024-08,0
LN101474,2025-10,0
LN104024,2024-11,0
LN106935,2023-02,0
LN102032,2024-07,1
LN104371,2024-12,0
LN100016,2023-07,0
LN108908,2024-02,1
LN101778,2025-06,1
LN101840,2024-03,1
LN105620,2022-10,1
LN104798,2024-04,1
LN101412,2022-09,1
LN103388,2023-11,1
LN103799,2022-04,0
LN108133,2025-06,0
LN101483,2025-10,0
LN100164,2024-02,1
LN107710,2022-08,0
LN107769,2025-12,0
LN107204,2021-09,0
LN107781,2024-07,0
LN107319,2023-02,0
LN106381,2025-01,0
LN100835,2025-11,1
LN107988,2023-07,0
LN102263,2023-04,1
LN108478,2024-05,0
LN101986,2025-11,0
LN107065,2024-04,0
LN107623,2023-06,0
LN108483,2025-12,1
LN108403,2025-11,0
LN102566,2025-01,0
LN104884,2025-10,0
LN107426,2025-04,0
LN101424,2023-01,0
LN103735,2023-01,1
LN106290,2025-05,0
LN102264,2024-11,0
LN107283,2023-05,0
LN102347,2025-09,1
LN105502,2025-04,1
LN103079,2024-08,1
LN101754,2025-06,0
LN107049,2025-02,0
LN108625,2022-09,0
LN100466,2024-08,0
LN107650,2023-05,0
LN107689,2025-06,0
LN106722,2023-07,0
LN107335,2023-08,1
LN106393,2025-04,0
LN107804,2025-12,0
LN106252,2022-09,0
LN108913,2023-08,0
LN103873,2024-01,1
LN104638,2024-04,0
LN102110,2023-01,0
LN108533,2025-12,0
LN105252,2025-07,0
LN100167,2023-09,0
LN101095,2024-03,0
LN103900,2024-11,0
LN100221,2024-11,0
LN106755,2025-11,1
LN105965,2022-09,1
LN107654,2023-04,1
LN107762,2025-02,1
LN106423,2024-11,0
LN102015,2022-10,0
LN101204,2025-01,0
LN104783,2024-05,0
LN107203,2022-06,0
LN105870,2024-12,1
LN105533,2023-06,1
LN103291,2023-09,0
LN107898,2025-12,1
LN105103,2023-07,0
LN104870,2024-07,0
LN102740,2025-03,0
LN108888,2024-10,0
LN100538,2023-05,0
LN100179,2024-06,0
LN104907,2024-11,0
LN102367,2025-11,0
LN106018,2024-02,1
LN100403,2025-01,0
LN105526,2024-04,0
LN104624,2023-06,0
LN103256,2022-05,0
LN103390,2025-07,0
LN108319,2023-10,0
LN104556,2022-04,0
LN102719,2024-04,1
LN102241,2025-12,0
LN103365,2024-12,1
LN106865,2025-01,0
LN107592,2024-06,0
LN102334,2024-10,0
LN107439,2024-09,1
LN104191,2023-06,0
LN103851,2021-09,0
LN100768,2023-10,0
LN105296,2022-11,1
LN104735,2023-11,1
LN108780,2025-11,0
LN106484,2024-07,0
LN103699,2025-05,0
LN101966,2024-10,0
LN104719,2022-06,0
LN101223,2023-11,0
LN100044,2022-02,0
LN102262,2022-06,0
LN101743,2023-02,0
LN103843,2023-11,0
LN104725,2023-08,0
LN104126,2024-04,0
LN104496,2024-07,0
LN108399,2022-07,1
LN101800,2023-06,0
LN105802,2024-06,0
LN102889,2024-04,1
LN103209,2025-09,1
LN101888,2024-11,0
LN107283,2024-10,0
LN105170,2024-07,0
LN103165,2023-09,0
LN107166,2025-05,0
LN102504,2023-07,0
LN104489,2025-11,0
LN104847,2022-10,0
LN101860,2024-03,0
LN108583,2024-08,1
LN108490,2025-11,1
LN103123,2025-08,1
LN100944,2022-01,1
LN106267,2025-03,1
LN106672,2025-06,1
LN106644,2024-05,0
LN103069,2022-02,0
LN108118,2023-01,0
LN103780,2021-12,0
LN108128,2023-10,1
LN104645,2023-08,0
LN101459,2023-06,0
LN102882,2025-06,0
LN102594,2024-05,0
LN102242,2023-11,0
LN101858,2023-08,0
LN106391,2024-08,0
LN100571,2023-04,1
LN105630,2023-10,0
LN105864,2025-02,1
LN101349,2024-07,1
LN103465,2024-07,0
LN105755,2024-12,1
LN102437,2023-12,0
LN101968,2025-08,0
LN101773,2022-11,1
LN101031,2022-08,0
LN106580,2025-06,0
LN101263,2024-10,1
LN103418,2023-01,0
LN102241,2025-08,0
LN104824,2025-10,1
LN106529,2022-09,1
LN106114,2024-01,0
LN100698,2023-08,0
LN101549,2023-10,0
LN108934,2024-10,0
LN102141,2025-04,0
LN105099,2024-08,0
LN102590,2022-11,0
LN101167,2023-08,0
LN102767,2025-03,0
LN106512,2022-08,0
LN106770,2023-10,0
LN103317,2024-01,0
LN100992,2022-11,1
LN103698,2024-12,0
LN108266,2023-01,0
LN108068,2024-10,0
LN104646,2025-03,0
LN106307,2022-02,1
LN108270,2024-09,0
LN103713,2025-02,0
LN106847,2024-02,0
LN103598,2025-10,1
LN100251,2025-03,0
LN107997,2023-02,0
LN104486,2024-04,1
LN107947,2023-06,0
LN104604,2023-10,1
LN101269,2022-10,0
LN107151,2024-07,0
LN107779,2023-12,0
LN105612,2024-08,0
LN107781,2023-11,0
LN107499,2024-03,0
LN104821,2024-02,0
LN100555,2023-04,1
LN103565,2023-04,0
LN108013,2024-07,1
LN102482,2025-11,1
LN104515,2024-10,0
LN107845,2023-07,1
LN107348,2024-09,0
LN105952,2024-02,0
LN103636,2024-07,1
LN102895,2024-08,0
LN107429,2025-09,1
LN106017,2023-09,1
LN108835,2022-08,1
LN105809,2025-04,1
LN105344,2023-07,0
LN101727,2024-09,1
LN106547,2024-02,0
LN103136,2023-12,1
LN101266,2023-07,0
LN103783,2024-04,0
LN100087,2023-08,0
LN101380,2025-06,0
LN107163,2024-07,0
LN103696,2025-06,1
LN102563,2024-02,1
LN100439,2025-01,0
LN104303,2022-03,0
LN104916,2022-09,0
LN107756,2023-03,0
LN103424,2024-06,1
LN102620,2025-02,1
LN100393,2024-11,1
LN105644,2024-05,0
LN103504,2023-11,0
LN106184,2022-09,0
LN105987,2024-12,1
LN107357,2024-04,1
LN105687,2022-08,1
LN106712,2024-06,1
LN101750,2025-02,1
LN105636,2024-01,0
LN108009,2023-05,0
LN101770,2023-08,1
LN108844,2023-12,0
LN108193,2023-07,0
LN108043,2023-12,0
LN101686,2025-11,0
LN105929,2022-11,1
LN101977,2025-06,1
LN104092,2024-05,0
LN104663,2024-06,0
LN101240,2024-01,1
LN105034,2021-11,0
LN101021,2024-03,0
LN106081,2025-01,0
LN101850,2025-09,0
LN102419,2023-04,1
LN102832,2025-02,0
LN103308,2024-04,0
LN102419,2024-12,1
LN100657,2024-07,1
LN103847,2023-01,1
LN106734,2023-05,0
LN100066,2025-10,0
LN105825,2025-11,1
LN104779,2024-09,0
LN100493,2024-07,0
LN107617,2025-06,0
LN104657,2024-08,0
LN104439,2025-04,1
LN108362,2025-07,0
LN102020,2023-05,0
LN105545,2024-08,1
LN101858,2024-03,0
LN106553,2025-12,0
LN101513,2025-10,1
LN104371,2022-12,0
LN108229,2025-08,0
LN100073,2024-03,0
LN104968,2022-09,0
LN106214,2024-02,0
LN108852,2024-01,1
LN101380,2025-11,1
LN100682,2025-11,0
LN108676,2025-08,0
LN103506,2025-06,0
LN103214,2025-10,0
LN104366,2023-06,0
LN101593,2023-10,0
LN105718,2025-08,1
LN103259,2023-09,0
LN107160,2023-12,0
LN106949,2025-02,0
LN102914,2025-09,1
LN108939,2024-07,1
LN101401,2024-04,1
LN103990,2024-06,1
LN108294,2024-04,1
LN100206,2025-10,0
LN103239,2024-06,1
LN105932,2023-04,0
LN101012,2025-06,0
LN107553,2024-03,0
LN105365,2023-11,0
LN101906,2024-02,0
LN107440,2022-07,1
LN105792,2023-01,0
LN108159,2023-05,0
LN104631,2023-09,0
LN100225,2023-06,1
LN105626,2023-02,0
LN104421,2025-09,0
LN108644,2022-04,0
LN102010,2024-08,1
LN106547,2024-08,0
LN104157,2025-02,0
LN104377,2023-12,0
LN108122,2024-05,0
LN101179,2022-08,1
LN104369,2024-06,0
LN101624,2023-08,0
LN103388,2025-10,0
LN107239,2025-05,0
LN104328,2022-08,0
LN104480,2023-05,0
LN105991,2024-02,0
LN106637,2021-12,0
LN106740,2025-06,1
LN102857,2024-05,0
LN102731,2025-05,1
LN107966,2024-10,0
LN100132,2024-04,0
LN100077,2022-12,1
LN105251,2023-02,0
LN105763,2022-10,0
LN100963,2024-09,1
LN102289,2024-01,0
LN101443,2024-01,0
LN105644,2024-09,0
LN106006,2022-11,1
LN105252,2025-04,0
LN101612,2025-01,0
LN101797,2023-01,0
LN107145,2022-12,1
LN105641,2022-08,0
LN105553,2024-06,1
LN100451,2025-06,1
LN108281,2024-05,1
LN103682,2023-05,0
LN100720,2024-05,1
LN107748,2025-05,1
LN104215,2025-11,0
LN100691,2025-03,1
LN104174,2024-07,0
LN105266,2023-09,0
LN104893,2025-05,1
LN103771,2024-11,0
LN100810,2021-09,0
LN104180,2024-09,0
LN104436,2025-05,0
LN101694,2023-07,0
LN108761,2025-11,0
LN108874,2025-04,0
LN107663,2025-06,1
LN100846,2022-02,0
LN107399,2023-04,0
LN102151,2024-02,0
LN100552,2025-04,0
LN108344,2025-02,1
LN105552,2025-09,1
LN106884,2024-06,0
LN106445,2025-02,1
LN101000,2024-06,0
LN106330,2024-02,0
LN107215,2024-12,0
LN100335,2025-12,1
LN104812,2024-09,0
LN100681,2022-03,1
LN101585,2022-11,0
LN103987,2022-04,0
LN106228,2024-06,0
LN106370,2025-01,1
LN101754,2025-08,0
LN106193,2022-11,1
LN106876,2023-07,1
LN103511,2025-04,0
LN104919,2023-06,1
LN107978,2025-08,0
LN106357,2022-04,0
LN108105,2024-02,0
LN101726,2025-07,0
LN105619,2023-04,0
LN108341,2024-12,0
LN108591,2025-09,1
LN105755,2024-09,0
LN100598,2024-08,0
LN100258,2022-10,0
LN100338,2023-04,0
LN108561,2021-12,1
LN101027,2025-02,0
LN106833,2024-03,1
LN103912,2024-12,1
LN100183,2024-09,0
LN105831,2022-12,0
LN101330,2023-03,0
LN105450,2024-09,0
LN102445,2025-04,1
LN100335,2024-08,1
LN106572,2023-01,0
LN100381,2025-06,1
LN107272,2024-04,1
LN103367,2024-12,1
LN103268,2023-07,0
LN100908,2025-07,1
LN102192,2024-02,0
LN104049,2024-01,1
LN103764,2023-11,0
LN107347,2025-10,0
LN104695,2025-12,0
LN104752,2024-09,0
LN103197,2025-05,0
LN104836,2024-10,0
LN106523,2024-10,1
LN100971,2025-08,0
LN105677,2023-01,0
LN108280,2024-08,0
LN103248,2024-01,0
LN105671,2024-05,0
LN108075,2025-03,0
LN100193,2023-09,1
LN103918,2022-08,1
LN100006,2021-12,0
LN102779,2024-02,0
LN100499,2025-10,0
LN106693,2025-08,0
LN100008,2022-12,0
LN100125,2024-04,0
LN105680,2025-02,0
LN105255,2023-08,0
LN100442,2023-11,1
LN105159,2025-10,0
LN107708,2023-09,1
LN103550,2025-05,0
LN106473,2025-07,1
LN103274,2022-11,0
LN105352,2022-03,0
LN108615,2024-12,0
LN101011,2025-03,1
LN101482,2025-01,1
LN104585,2024-10,0
LN103074,2025-06,0
LN100828,2024-11,1
LN107398,2023-11,1
LN107555,2023-07,0
LN103244,2025-05,0
LN106955,2025-10,0
LN108184,2024-03,0
LN102053,2024-12,0
LN101020,2021-12,0
LN107183,2024-07,1
LN105621,2024-05,0
LN106358,2022-09,1
LN103994,2024-03,0
LN105117,2023-10,0
LN106076,2023-04,1
LN101410,2023-01,0
LN100126,2024-10,0
LN101998,2023-01,0
LN108021,2025-11,0
LN106702,2024-12,0
LN106012,2024-05,0
LN103277,2023-04,0
LN103014,2025-10,0
LN108445,2023-05,1
LN104944,2025-03,0
LN108556,2025-12,0
LN101580,2025-04,0
LN107220,2023-11,1
LN104247,2024-05,0
LN102584,2025-12,0
LN105795,2023-03,0
LN100659,2024-06,0
LN100342,2024-01,0
LN105445,2022-09,0
LN102012,2022-06,0
LN101329,2024-01,0
LN103623,2023-12,0
LN105164,2023-12,0
LN107319,2024-12,0
LN105303,2025-05,1
LN102240,2024-04,0
LN104317,2025-01,1
LN108238,2024-09,0
LN103759,2025-12,0
LN108210,2024-02,1
LN104518,2025-09,0
LN100846,2022-09,1
LN108187,2025-02,1
LN104917,2022-06,0
LN102416,2024-08,0
LN100831,2022-05,0
LN100924,2025-05,0
LN107042,2023-12,1
LN107106,2023-06,0
LN102595,2024-09,0
LN103229,2025-02,0
LN104662,2025-12,0
LN103391,2023-12,1
LN102237,2022-06,0
LN105619,2024-05,0
LN108163,2023-04,0
LN108683,2025-12,0
LN104915,2021-11,0
LN105892,2022-09,0
LN105200,2023-05,0
LN105402,2025-08,0
LN102738,2024-05,1
LN103690,2023-06,0
LN104366,2023-03,1
LN104939,2024-01,0
LN108803,2025-08,1
LN108382,2023-03,0
LN107087,2022-12,0
LN106808,2022-11,1
LN103371,2022-07,0
LN102003,2023-05,0
LN105995,2024-09,0
LN106121,2025-12,1
LN105746,2025-08,0
LN108806,2025-05,0
LN102478,2024-04,1
LN107545,2024-03,1
LN107563,2025-03,0
LN104205,2024-07,0
LN105139,2025-07,0
LN105684,2025-05,0
LN103154,2025-10,0
LN102929,2024-05,0
LN103298,2024-03,0
LN108435,2022-10,1
LN108578,2024-11,0
LN106086,2025-09,1
LN106128,2023-09,0
LN103979,2024-11,1
LN106564,2023-05,0
LN100044,2023-03,0
LN102380,2024-05,0
LN107578,2025-07,0
LN106741,2024-08,0
LN107539,2024-10,0
LN106856,2025-09,0
LN108193,2025-08,0
LN104012,2024-08,1
LN100577,2025-09,0
LN107705,2023-11,0
LN100623,2025-06,0
LN108558,2024-04,0
LN107875,2024-09,1
LN108682,2022-03,0
LN106162,2022-04,0
LN102272,2022-12,0
LN104785,2024-07,0
LN101855,2025-08,1
LN105622,2023-04,0
LN107552,2025-07,0
LN100527,2023-03,0
LN108541,2025-05,1
LN107621,2024-07,0
LN105845,2024-07,0
LN108323,2022-10,0
LN104285,2025-05,0
LN105642,2024-04,0
LN100030,2023-02,0
LN105861,2023-11,0
LN105370,2025-04,0
LN104232,2025-02,0
LN106028,2025-04,0
LN103290,2024-09,0
LN108721,2025-10,0
LN102878,2025-08,0
LN102601,2023-04,0
LN106552,2024-05,0
LN101355,2025-07,0
LN108908,2025-07,0
LN107811,2025-12,1
LN107013,2024-10,1
LN102852,2024-12,0
LN102062,2023-11,1
LN102562,2024-04,1
LN103996,2024-03,0
LN103347,2023-11,0
LN101717,2023-12,0
LN106990,2023-07,0
LN102757,2023-10,0
LN100646,2025-01,0
LN101770,2023-01,1
LN104989,2024-09,0
LN102503,2022-01,1
LN103551,2025-11,0
LN101048,2024-06,1
LN105994,2024-03,1
LN100798,2022-12,1
LN104408,2022-10,0
LN107678,2025-01,0
LN103301,2024-01,0
LN108946,2021-12,0
LN106076,2023-10,0
LN100299,2021-11,1
LN103764,2025-05,0
LN105965,2022-10,1
LN104225,2025-07,1
LN100615,2023-12,1
LN104396,2025-10,1
LN103509,2024-04,0
LN104938,2024-10,0
LN108332,2025-10,0
LN108426,2022-11,1
LN100888,2022-08,0
LN101604,2022-01,0
LN105553,2024-10,0
LN100128,2023-09,0
LN107953,2024-07,0
LN104663,2025-12,0
LN108874,2024-04,1
LN103492,2024-07,0
LN103558,2023-03,1
LN102907,2025-06,0
LN103875,2025-08,0
LN107144,2023-12,0
LN108889,2023-12,0
LN104923,2024-07,0
LN108525,2024-03,1
LN104122,2025-03,1
LN101202,2025-06,0
LN107490,2025-02,1
LN107303,2022-07,1
LN101431,2025-07,0
LN101177,2022-08,1
LN103555,2024-11,0
LN100991,2023-11,0
LN101575,2024-06,0
LN101846,2025-11,1
LN102400,2022-05,0
LN108331,2023-05,1
LN103562,2024-08,0
LN104419,2022-01,0
LN102480,2024-09,0
LN103266,2025-04,0
LN107910,2023-03,0
LN101240,2023-07,0
LN107795,2025-10,0
LN103379,2024-07,0
LN106708,2023-06,1
LN104015,2025-03,0
LN106614,2025-06,0
LN101929,2025-03,0
LN105753,2022-10,0
LN101627,2023-12,0
LN107831,2025-01,0
LN104571,2023-02,0
LN100429,2024-09,0
LN101461,2023-10,0
LN107706,2024-09,0
LN105592,2023-05,1
LN102812,2024-01,0
LN102380,2024-09,0
LN107908,2024-03,0
LN108471,2025-10,1
LN106901,2025-04,1
LN104817,2025-08,0
LN106962,2025-04,0
LN101057,2024-12,1
LN106786,2024-04,0
LN103402,2022-12,1
LN101216,2024-11,0
LN106527,2023-07,0
LN106027,2025-01,1
LN105256,2022-01,1
LN102859,2024-09,1
LN101565,2024-12,0
LN108154,2023-07,0
LN103670,2024-04,0
LN103831,2023-11,0
LN103836,2022-03,0
LN108701,2023-08,0
LN104740,2022-11,0
LN103370,2025-07,1
LN106713,2024-02,0
LN108105,2024-07,1
LN105541,2023-07,1
LN103470,2023-05,0
LN106370,2025-07,1
LN105050,2024-06,0
LN104669,2022-12,1
LN106873,2022-09,0
LN102673,2025-07,0
LN106411,2024-11,0
LN102677,2024-11,0
LN100352,2024-10,0
LN108405,2023-01,0
LN106328,2024-11,0
LN101413,2024-04,0
LN107007,2025-04,0
LN101603,2024-07,0
LN105688,2025-09,0
LN100184,2024-10,1
LN106794,2025-02,0
LN105001,2024-09,1
LN105231,2024-07,0
LN106464,2024-06,0
LN105982,2025-04,0
LN107778,2023-07,0
LN102160,2024-08,1
LN104100,2021-10,0
LN102020,2023-07,0
LN106221,2022-10,0
LN104209,2025-04,0
LN104091,2022-12,0
LN106687,2022-11,0
LN108741,2024-03,0
LN100177,2024-01,0
LN104620,2023-08,0
LN101660,2024-09,0
LN103057,2023-07,0
LN108121,2025-01,0
LN107189,2022-03,0
LN104544,2024-02,0
LN106933,2025-06,0
LN103941,2023-07,0
LN105068,2022-02,0
LN107602,2023-05,1
LN100341,2023-02,0
LN102276,2024-01,0
LN105562,2024-05,0
LN108819,2024-01,0
LN106949,2025-01,0
LN102487,2023-06,0
LN106660,2023-10,0
LN100232,2024-07,0
LN107301,2023-05,0
LN103055,2025-05,1
LN108291,2025-07,0
LN106555,2024-02,0
LN104560,2025-12,0
LN100617,2022-10,0
LN100506,2025-04,0
LN101145,2024-11,0
LN104683,2024-01,0
LN103995,2025-11,1
LN101865,2024-02,0
LN106890,2023-06,0
LN103998,2024-08,0
LN104206,2024-12,0
LN102348,2025-11,0
LN104038,2023-01,0
LN106983,2021-07,0
LN103472,2024-09,1
LN106731,2023-12,0
LN101854,2024-04,0
LN102504,2024-01,1
LN104955,2023-03,1
LN100881,2025-04,0
LN102192,2023-02,1
LN105562,2024-10,0
LN100627,2024-07,1
LN101576,2024-09,0
LN107598,2022-01,0
LN101848,2024-01,1
LN106543,2024-07,1
LN100126,2025-02,0
LN103986,2022-11,1
LN102159,2022-10,0
LN107596,2024-06,0
LN101611,2022-05,0
LN105143,2024-12,0
LN105089,2024-12,0
LN100142,2023-07,0
LN101478,2023-12,0
LN106279,2024-06,1
LN102891,2025-05,0
LN106498,2023-12,1
LN100393,2024-10,0
LN105210,2023-09,0
LN106489,2022-12,1
LN101325,2023-06,1
LN107036,2022-10,0
LN101136,2025-06,1
LN101561,2025-06,0
LN101226,2023-12,1
LN104343,2022-08,0
LN106009,2023-12,0
LN107967,2024-07,0
LN103481,2025-09,0
LN101496,2025-03,0
LN105096,2025-09,0
LN105394,2023-06,0
LN108205,2024-01,1
LN102518,2023-09,0
LN106574,2022-10,0
LN102614,2023-03,0
LN107005,2022-07,0
LN106010,2025-12,0
LN104656,2022-01,1
LN102177,2024-02,1
LN107205,2024-11,0
LN107763,2025-11,1
LN100221,2023-08,0
LN103458,2025-02,1
LN104364,2023-10,1
LN102400,2021-10,1
LN108075,2025-04,1
LN108417,2024-08,1
LN102510,2023-04,1
LN100157,2024-03,0
LN103520,2025-07,1
LN105489,2025-11,0
LN101245,2025-10,0
LN105009,2024-05,0
LN102964,2025-12,0
LN106782,2024-12,1
LN101311,2024-05,0
LN102857,2025-10,0
LN101374,2025-10,0
LN100484,2024-02,0
LN108720,2025-08,0
LN107153,2024-09,0
LN107091,2023-07,1
LN103216,2023-09,0
LN100049,2025-11,1
LN101859,2025-01,0
LN107534,2023-03,0
LN103780,2022-07,1
LN105576,2024-11,0
LN101186,2022-11,1
LN100086,2025-04,1
LN103398,2024-03,0
LN101990,2023-09,0
LN105679,2021-10,0
LN104188,2024-03,0
LN100428,2025-09,0
LN108307,2024-06,1
LN108394,2023-04,0
LN106996,2024-07,1
LN100699,2023-07,0
LN102621,2023-07,0
LN101800,2023-10,1
LN102381,2023-09,1
LN102156,2023-01,1
LN104298,2024-03,0
LN107200,2024-11,0
LN100604,2025-06,0
LN105825,2025-05,0
LN104531,2022-05,0
LN107873,2024-04,0
LN105101,2023-10,0
LN108928,2025-11,1
LN106900,2022-10,1
LN100809,2025-10,0
LN106217,2024-03,1
LN103082,2022-10,0
LN103245,2025-05,1
LN103633,2024-08,0
LN106175,2023-11,0
LN106381,2022-04,0
LN107098,2024-07,0
LN101460,2024-05,1
LN100156,2022-08,1
LN107472,2024-07,0
LN106997,2024-08,1
LN103934,2024-12,1
LN105039,2025-04,0
LN108256,2024-04,1
LN102228,2024-03,0
LN106493,2024-10,0
LN108729,2024-07,0
LN104832,2023-11,0
LN104558,2025-04,0
LN105560,2024-12,0
LN108530,2024-11,0
LN104171,2023-12,1
LN107012,2024-02,1
LN101168,2025-07,1
LN101434,2024-02,1
LN105654,2025-05,1
LN100425,2022-11,0
LN106757,2023-07,0
LN100183,2025-04,0
LN101068,2024-02,0
LN105194,2025-11,0
LN107145,2025-12,0
LN102239,2024-11,0
LN108478,2024-12,0
LN104284,2023-09,0
LN108590,2024-07,0
LN102704,2023-03,0
LN103222,2025-07,0
LN107884,2024-05,0
LN105372,2023-10,0
LN105016,2022-05,0
LN101865,2025-09,0
LN101376,2025-10,0
LN104917,2023-03,1
LN107490,2024-09,0
LN101462,2024-07,0
LN105877,2024-02,0
LN101306,2023-05,0
LN106689,2025-04,0
LN104170,2023-03,1
LN107402,2023-09,0
LN106092,2024-06,0
LN103506,2025-10,0
LN102790,2025-09,0
LN106388,2024-10,1
LN106554,2025-11,1
LN108712,2025-08,1
LN100827,2025-08,0
LN102365,2025-07,0
LN102080,2025-06,0
LN104851,2024-10,1
LN107509,2024-07,0
LN102783,2024-09,1
LN105072,2024-09,0
LN108682,2023-01,0
LN102248,2023-07,1
LN106386,2025-01,1
LN106916,2024-04,0
LN108282,2024-01,0
LN101006,2024-11,0
LN104219,2022-09,0
LN100917,2025-04,1
LN107499,2023-11,1
LN104870,2022-08,0
LN100341,2025-03,0
LN107679,2023-03,1
LN105132,2024-06,0
LN103266,2025-05,0
LN101194,2025-02,1
LN108591,2024-04,0
LN100833,2022-12,1
LN103209,2025-03,1
LN102205,2024-09,0
LN104554,2025-04,0
LN100177,2023-07,1
LN103980,2023-07,0
LN106162,2022-08,0
LN104842,2024-12,1
LN105559,2023-05,0
LN106781,2024-07,1
LN103576,2024-01,1
LN105720,2025-11,1
LN102959,2023-10,0
LN102663,2024-02,1
LN101930,2025-12,0
LN103052,2025-03,1
LN106993,2024-02,1
LN105441,2024-09,1
LN102659,2025-06,0
LN107985,2022-10,0
LN107928,2025-05,0
LN103753,2022-12,0
LN106103,2025-09,0
LN100777,2021-11,0
LN103724,2023-07,0
LN105148,2024-04,1
LN108247,2024-06,0
LN108839,2023-10,0
LN102377,2022-03,1
LN106355,2023-04,0
LN101236,2024-06,0
LN107962,2025-10,0
LN102102,2024-03,0
LN101877,2025-09,0
LN103573,2025-06,1
LN102065,2024-09,0
LN101698,2023-01,0
LN108504,2023-01,0
LN107289,2025-10,1
LN102768,2025-05,0
LN106786,2025-02,1
LN107035,2025-12,0
LN105097,2024-04,0
LN108546,2025-05,0
LN101911,2025-09,0
LN100664,2024-08,0
LN104106,2023-07,1
LN104796,2023-07,0
LN107648,2024-02,0
LN103159,2025-08,0
LN106464,2025-05,1
LN103428,2025-12,0
LN100578,2025-11,0
LN102843,2023-11,1
LN102644,2024-09,0
LN108180,2025-01,0
LN107658,2024-01,0
LN104040,2024-11,0
LN107452,2025-01,0
LN106381,2025-08,0
LN104692,2025-05,1
LN106604,2024-07,1
LN107256,2024-09,0
LN108840,2022-11,1
LN103587,2024-09,1
LN104388,2025-06,1
LN106751,2024-11,0
LN102510,2024-11,1
LN104229,2024-07,0
LN105940,2022-07,1
LN102118,2023-06,1
LN103198,2025-04,0
LN101091,2025-03,1
LN105495,2024-02,0
LN105050,2024-11,0
LN107363,2024-10,0
LN106025,2024-04,1
LN107318,2024-03,0
LN106319,2024-06,0
LN106276,2024-09,0
LN101235,2024-03,1
LN100397,2023-03,0
LN102170,2025-12,0
LN104629,2025-09,1
LN101110,2025-01,0
LN102359,2024-06,1
LN102502,2025-04,1
LN108436,2024-04,0
LN107856,2022-11,0
LN107930,2025-09,0
LN101374,2024-08,0
LN102349,2024-04,1
LN108540,2024-03,0
LN108154,2025-07,0
LN105279,2022-06,0
LN106189,2023-02,1
LN102877,2025-06,0
LN102826,2022-11,1
LN100363,2025-02,0
LN107243,2023-04,1
LN108296,2024-07,0
LN106056,2022-05,0
LN100415,2024-06,0
LN104244,2025-01,0
LN107201,2024-07,1
LN105928,2022-12,0
LN106710,2023-11,0
LN104319,2022-06,1
LN108531,2025-07,0
LN104822,2025-04,0
LN100052,2024-04,1
LN102327,2022-06,0
LN101469,2023-04,0
LN105936,2023-09,0
LN100025,2024-03,1
LN106616,2023-12,0
LN102827,2025-07,0
LN102363,2024-10,0
LN106422,2023-09,1
LN101320,2025-12,0
LN101467,2025-11,0
LN106690,2024-04,0
LN108215,2024-03,1
LN102994,2025-08,0
LN100838,2025-01,0
LN100838,2024-05,0
LN104270,2025-02,0
LN106195,2025-02,1
LN102768,2023-07,0
LN106052,2022-11,0
LN105464,2023-05,0
LN108160,2022-07,0
LN104534,2023-06,1
LN102621,2024-09,1
LN100253,2024-10,1
LN104662,2025-06,0
LN108911,2023-12,0
LN102538,2025-04,0
LN104776,2023-11,0
LN100337,2024-03,0
LN104374,2023-11,0
LN101121,2023-09,1
LN105740,2025-03,0
LN106223,2023-06,1
LN101582,2023-08,0
LN100833,2023-03,0
LN107966,2023-12,0
LN100195,2025-11,1
LN107902,2025-09,1
LN107519,2022-03,0
LN100888,2021-12,0
LN100615,2025-11,1
LN106707,2024-02,0
LN103849,2022-11,1
LN102334,2024-04,0
LN104085,2025-04,1
LN106779,2024-12,0
LN100716,2023-06,0
LN107199,2024-12,0
LN106367,2023-06,0
LN101999,2025-05,1
LN100821,2024-11,0
LN105637,2024-09,0
LN101497,2025-11,0
LN103886,2023-01,0
LN101517,2024-12,1
LN105909,2024-09,1
LN106948,2024-03,0
LN104077,2024-07,1
LN104489,2024-04,0
LN105372,2025-07,0
LN104457,2023-04,1
LN107096,2025-07,0
LN107930,2023-05,0
LN106497,2025-09,0
LN104095,2023-06,1
LN107739,2023-10,0
LN108458,2025-01,0
LN104754,2022-07,0
LN105033,2023-02,1
LN100837,2022-12,0
LN106556,2024-07,0
LN106877,2023-06,1
LN107458,2022-07,0
LN100172,2025-11,0
LN104307,2024-10,0
LN105243,2025-12,0
LN100548,2025-06,0
LN100199,2025-06,0
LN101512,2024-10,0
LN102722,2023-01,1
LN108559,2024-02,0
LN100298,2023-04,1
LN106117,2024-02,0
LN102785,2025-08,0
LN105890,2024-08,0
LN103470,2022-07,0
LN104386,2025-04,0
LN104223,2023-10,0
LN105563,2022-03,0
LN100786,2022-01,0
LN105263,2024-12,0
LN102905,2025-02,1
LN106895,2024-11,1
LN104360,2021-11,0
LN107383,2024-02,0
LN106680,2022-02,0
LN102774,2024-05,0
LN101844,2025-10,0
LN102372,2025-01,0
LN106255,2022-04,1
LN104246,2023-11,0
LN103862,2023-08,0
LN107654,2023-12,0
LN100309,2022-01,0
LN100719,2025-08,0
LN107045,2022-05,0
LN102901,2024-08,0
LN102815,2022-01,0
LN103305,2025-03,0
LN103147,2025-06,1
LN103521,2023-05,1
LN106879,2024-12,0
LN106245,2025-04,0
LN105817,2024-11,0
LN100951,2023-01,1
LN103600,2025-05,0
LN105581,2025-05,0
LN104833,2025-12,1
LN104159,2025-10,0
LN103320,2024-12,0
LN103055,2024-06,0
LN104853,2023-04,0
LN101319,2023-04,1
LN103371,2023-05,0
LN101648,2025-11,0
LN101570,2024-09,0
LN107460,2023-10,1
LN107145,2022-08,1
LN105283,2024-05,1
LN101813,2025-04,1
LN102894,2024-12,0
LN106227,2024-06,0
LN101365,2025-02,0
LN104064,2025-12,0
LN102657,2025-08,0
LN100345,2023-03,1
LN101405,2022-05,0
LN107478,2024-04,0
LN104530,2023-08,0
LN108078,2025-09,0
LN108119,2024-05,0
LN107084,2023-12,1
LN106093,2025-08,0
LN107334,2023-08,1
LN106943,2024-02,0
LN101472,2024-07,0
LN102668,2023-10,1
LN107848,2023-10,1
LN101886,2024-12,1
LN107079,2024-11,1
LN101755,2023-05,0
LN104594,2024-09,1
LN103358,2022-06,1
LN100757,2023-06,1
LN108312,2023-03,0
LN100805,2025-02,0
LN104724,2022-12,0
LN104405,2024-11,1
LN103968,2025-02,1
LN104300,2023-07,0
LN105361,2025-06,1
LN107187,2021-10,0
LN106087,2024-03,1
LN100046,2023-03,0
LN107493,2022-05,0
LN104303,2023-10,0
LN101174,2024-08,1
LN100262,2024-04,0
LN107712,2024-04,0
LN108175,2025-12,0
LN102714,2023-06,1
LN104973,2025-06,0
LN103017,2025-09,1
LN107635,2024-07,0
LN107104,2023-12,1
LN102357,2025-03,1
LN108041,2023-03,0
LN103250,2023-03,0
LN108309,2024-08,1
LN101094,2022-12,0
LN106324,2025-12,0
LN104801,2025-07,1
LN100741,2025-05,0
LN108851,2025-08,0
LN102187,2025-03,0
LN103769,2024-05,0
LN107479,2023-02,0
LN108417,2023-08,0
LN105522,2024-09,0
LN107720,2022-03,0
LN107821,2025-11,1
LN103130,2024-10,0
LN104997,2024-11,0
LN101940,2024-06,0
LN100655,2023-11,1
LN108298,2024-12,0
LN106153,2024-08,1
LN101212,2024-08,1
LN100284,2024-05,0
LN103465,2025-07,0
LN105182,2023-12,0
LN106694,2024-09,0
LN101409,2023-04,0
LN100689,2025-10,1
LN103605,2023-03,1
LN101635,2024-07,1
LN106511,2024-04,1
LN104534,2024-06,0
LN107035,2025-08,1
LN100414,2022-12,0
LN107550,2024-10,0
LN102068,2022-12,1
LN106716,2024-03,1
LN107659,2023-09,0
LN106002,2024-09,1
LN101069,2022-10,0
LN102562,2025-10,1
LN106827,2023-11,1
LN102592,2023-06,0
LN105525,2024-08,0
LN104997,2025-05,0
LN104616,2025-10,0
LN107739,2025-11,0
LN105084,2023-12,0
LN103314,2025-02,0
LN104200,2024-04,1
LN106477,2022-12,1
LN101346,2024-08,1
LN107013,2025-07,1
LN105015,2025-04,1
LN107040,2025-07,0
LN105215,2023-04,0
LN102015,2024-08,0
LN100586,2025-06,0
LN100213,2023-07,1
LN104457,2024-08,0
LN101891,2024-03,0
LN102939,2022-05,1
LN102092,2025-09,0
LN100453,2021-09,1
LN107932,2023-07,0
LN104616,2025-12,0
LN100242,2023-01,0
LN103209,2025-07,0
LN103534,2021-11,0
LN108579,2024-06,1
LN102869,2025-04,0
LN104964,2025-09,0
LN107699,2025-04,0
LN106206,2024-06,0
LN103256,2025-04,0
LN107274,2023-10,0
LN108326,2023-01,0
LN104568,2023-06,0
LN104782,2024-05,0
LN103559,2023-03,0
LN101607,2025-02,0
LN107176,2024-03,0
LN103706,2024-01,0
LN107621,2024-02,0
LN106470,2025-12,0
LN103593,2025-05,0
LN100483,2025-08,0
LN102786,2023-10,1
LN100840,2024-01,1
LN100737,2025-12,0
LN106825,2024-01,0
LN106008,2022-05,0
LN107699,2025-11,0
LN107736,2022-05,0
LN105949,2025-03,1
LN108273,2024-04,1
LN107316,2025-02,1
LN104362,2025-01,0
LN103017,2022-12,0
LN100814,2024-07,1
LN104577,2024-11,0
LN106845,2025-02,0
LN103567,2023-03,0
LN108953,2024-04,0
LN106455,2022-07,0
LN100271,2024-03,1
LN106048,2024-12,1
LN100937,2024-08,1
LN100197,2025-06,0
LN107718,2023-01,1
LN101141,2025-02,0
LN105597,2025-06,1
LN105025,2023-08,0
LN107020,2024-08,1
LN106639,2022-10,0
LN108426,2025-01,0
LN105176,2025-01,1
LN100541,2024-05,0
LN105766,2023-09,0
LN107261,2025-06,0
LN100481,2024-05,0
LN107408,2023-05,1
LN102076,2025-12,0
LN106764,2024-04,1
LN108144,2025-05,0
LN108035,2025-01,0
LN106805,2025-07,1
LN108626,2025-06,1
LN103494,2025-12,0
LN106526,2022-05,1
LN103228,2024-09,1
LN105148,2022-11,0
LN101674,2024-10,0
LN106504,2024-06,0
LN105383,2023-06,0
LN101852,2024-01,0
LN104550,2021-11,1
LN104038,2023-06,0
LN101106,2023-11,0
LN107650,2023-10,0
LN102202,2021-11,1
LN105821,2024-06,0
LN104710,2023-11,0
LN105001,2022-02,0
LN104793,2024-03,1
LN106942,2023-06,0
LN101105,2024-08,1
LN105079,2024-11,1
LN107459,2024-07,0
LN107609,2021-11,0
LN102736,2024-09,1
LN100136,2024-03,1
LN100325,2024-07,0
LN101478,2022-04,1
LN106065,2022-07,0
LN100468,2022-08,0
LN106825,2023-10,0
LN105056,2025-01,0
LN104270,2025-03,0
LN100054,2025-07,0
LN108286,2023-08,0
LN104891,2024-01,1
LN103467,2025-10,0
LN102718,2024-08,0
LN100711,2025-07,1
LN107297,2025-11,0
LN108088,2024-03,0
LN100602,2025-04,0
LN101310,2023-07,1
LN108232,2025-09,0
LN100132,2022-02,1
LN106313,2022-10,1
LN102082,2024-11,0
LN104577,2023-10,0
LN107598,2024-09,0
LN107391,2023-07,0
LN108373,2024-04,0
LN103651,2022-07,0
LN108737,2023-10,0
LN105151,2025-12,0
LN105131,2023-12,0
LN105082,2023-01,0
LN108655,2024-03,1
LN103929,2024-12,0
LN106801,2025-01,0
LN100282,2025-10,0
LN103854,2023-05,0
LN104602,2022-08,0
LN103857,2024-03,0
LN107410,2024-11,0
LN104560,2024-12,0
LN106727,2025-02,0
LN107567,2025-11,0
LN107664,2024-10,0
LN107481,2024-05,0
LN102478,2023-03,0
LN100189,2025-04,1
LN105602,2024-09,0
LN100853,2022-07,1
LN106655,2025-03,0
LN100766,2025-08,1
LN105787,2024-10,1
LN102152,2025-06,0
LN100945,2024-01,0
LN104969,2025-11,0
LN100280,2025-11,0
LN105995,2023-04,1
LN105483,2025-03,1
LN101068,2024-11,0
LN105281,2025-04,0
LN105849,2023-04,0
LN106119,2022-08,0
LN102307,2022-03,0
LN108240,2024-03,0
LN107051,2023-01,1
LN107145,2022-11,0
LN102043,2025-07,0
LN108529,2024-09,1
LN108950,2024-02,0
LN104081,2024-05,0
LN108000,2025-02,0
LN102509,2021-12,1
LN102704,2023-06,0
LN108204,2025-10,1
LN100217,2025-08,0
LN104645,2023-07,0
LN106187,2025-05,0
LN103973,2025-04,0
LN108287,2023-05,0
LN101185,2023-09,0
LN108954,2024-09,0
LN105408,2025-09,0
LN107116,2025-10,1
LN107065,2024-07,0
LN107227,2025-11,0
LN104090,2025-12,0
LN104335,2024-12,0
LN104056,2025-02,1
LN106142,2024-04,0
LN103840,2025-04,0
LN104387,2025-06,0
LN105330,2025-12,0
LN108672,2023-07,0
LN108487,2023-09,0
LN102094,2025-09,1
LN102358,2024-06,0
LN106110,2025-07,0
LN107220,2023-10,0
LN101972,2025-11,0
LN108515,2025-08,0
LN100431,2024-12,0
LN102863,2024-09,0
LN108515,2025-07,0
LN107703,2023-09,0
LN106450,2025-02,0
LN106824,2025-10,0
LN108683,2025-09,1
LN105542,2023-06,0
LN107488,2022-12,0
LN100786,2022-09,0
LN103998,2024-11,0
LN107870,2022-02,0
LN107695,2025-01,0
LN102475,2023-02,0
LN107548,2023-10,1
LN105067,2025-05,0
LN105335,2022-11,0
LN105016,2023-05,0
LN102466,2024-10,1
LN107472,2023-11,0
LN106843,2022-09,0
LN106283,2022-09,1
LN105391,2023-12,0
LN108491,2023-11,1
LN104424,2022-09,0
LN104070,2023-06,0
LN103974,2022-06,0
LN105412,2023-08,1
LN102219,2025-09,0
LN107964,2024-08,0
LN100152,2025-10,1
LN107977,2025-06,0
LN103902,2023-11,0
LN104104,2022-04,0
LN102111,2023-12,0
LN105211,2023-08,1
LN104070,2025-11,0
LN107767,2024-10,0
LN102501,2025-11,0
LN103919,2024-01,0
LN103101,2024-11,0
LN100624,2025-12,1
LN103124,2023-09,0
LN108706,2023-11,0
LN108598,2025-01,1
LN103953,2024-08,0
LN104892,2021-11,1
LN106384,2023-07,0
LN100157,2023-06,0
LN108716,2025-09,0
LN101644,2022-03,0
LN106753,2023-02,0
LN103258,2023-07,0
LN107572,2023-02,0
LN106928,2025-11,0
LN107578,2024-04,0
LN107293,2022-10,1
LN104865,2025-06,0
LN101873,2025-09,0
LN101582,2024-05,0
LN105815,2022-06,1
LN100752,2022-12,0
LN103815,2024-07,1
LN104490,2025-09,0
LN106412,2023-07,0
LN107932,2024-04,0
LN101651,2022-01,0
LN102954,2025-12,1
LN103080,2025-05,0
LN104398,2025-10,0
LN102047,2025-04,0
LN104330,2023-04,0
LN103270,2023-10,0
LN100290,2025-05,0
LN105241,2025-05,0
LN101965,2025-05,0
LN102947,2024-12,0
LN105671,2024-04,1
LN101167,2024-05,0
LN101010,2025-08,0
LN103511,2025-10,0
LN104750,2023-08,0
LN106448,2022-07,0
LN100113,2024-02,0
LN102894,2022-11,0
LN103159,2024-10,0
LN102832,2023-03,1
LN104426,2023-10,1
LN104536,2022-06,0
LN100280,2024-08,1
LN105704,2024-09,1
LN107857,2022-03,1
LN102134,2024-04,1
LN105124,2022-05,0
LN108104,2024-05,0
LN107924,2024-11,0
LN103204,2025-01,0
LN108520,2024-05,0
LN102937,2025-11,0
LN106892,2022-02,0
LN107295,2023-04,0
LN106927,2024-04,0
LN103912,2025-09,0
LN103139,2023-06,0
LN102612,2022-07,0
LN102845,2024-04,0
LN105531,2025-07,0
LN106727,2025-09,1
LN101770,2025-07,1
LN102009,2025-08,0
LN100271,2024-11,1
LN102240,2023-11,0
LN100959,2024-04,0
LN108994,2022-08,0
LN104595,2024-10,1
LN104793,2022-07,0
LN108165,2024-06,0
LN106516,2023-04,0
LN106395,2024-03,1
LN102173,2025-07,0
LN102690,2025-09,0
LN108814,2023-03,1
LN106976,2025-08,1
LN100196,2023-06,0
LN104298,2024-06,0
LN101609,2025-08,0
LN106266,2025-09,0
LN102031,2025-02,0
LN104892,2022-12,0
LN108292,2024-10,0
LN104627,2022-09,0
LN102327,2024-05,0
LN100853,2025-02,0
LN103462,2025-06,0
LN104483,2023-03,0
LN101207,2025-04,0
LN107077,2023-01,1
LN101993,2024-05,0
LN104196,2024-02,0
LN100616,2022-08,0
LN104155,2025-11,0
LN101858,2024-01,1
LN103278,2025-07,1
LN106516,2023-09,1
LN102466,2022-10,0
LN106774,2025-09,0
LN105307,2025-02,1
LN106338,2025-08,0
LN103207,2025-12,1
LN105112,2025-04,0
LN105826,2023-07,0
LN103142,2024-09,0
LN104093,2023-09,0
LN100593,2025-02,0
LN101320,2025-02,0
LN106926,2024-10,1
LN106599,2023-09,1
LN107799,2023-01,0
LN104331,2024-02,0
LN108602,2025-09,1
LN103764,2024-08,1
LN108182,2024-10,0
LN100587,2021-12,0
LN102963,2023-09,0
LN101696,2025-03,0
LN108946,2025-09,0
LN104044,2025-04,0
LN104545,2025-10,1
LN105036,2024-11,0
LN105690,2025-01,1
LN105889,2022-06,0
LN105359,2024-09,0
LN105948,2024-10,1
LN100075,2025-05,0
LN108331,2024-09,0
LN107490,2021-11,0
LN106980,2023-02,0
LN106235,2023-12,1
LN105422,2021-10,0
LN103139,2025-02,0
LN108796,2023-07,1
LN101287,2023-04,0
LN107446,2024-01,0
LN108889,2025-08,0
LN102356,2023-11,0
LN103346,2024-02,0
LN102072,2023-02,0
LN107254,2025-10,0
LN100079,2025-03,0
LN108790,2024-09,1
LN107676,2025-02,0
LN104154,2025-11,0
LN103555,2025-07,0
LN106194,2023-06,0
LN107761,2024-03,1
LN103992,2024-06,0
LN102484,2023-10,0
LN101192,2025-11,0
LN105058,2023-09,0
LN107712,2024-06,1
LN106358,2023-05,0
LN104283,2025-10,0
LN101345,2025-03,0
LN102925,2023-02,0
LN102813,2024-11,1
LN108529,2025-02,0
LN101365,2022-07,0
LN106553,2025-10,0
LN108120,2024-11,1
LN106670,2024-01,0
LN108896,2023-09,0
LN108310,2024-05,1
LN105218,2024-12,0
LN103927,2022-05,0
LN105378,2023-08,0
LN108356,2025-06,0
LN107667,2023-08,1
LN104398,2025-03,1
LN108981,2025-04,0
LN101320,2022-09,0
LN106350,2024-03,0
LN107823,2024-04,0
LN102045,2025-08,0
LN103021,2024-11,1
LN107261,2023-01,0
LN104024,2024-08,0
LN102546,2024-07,0
LN106569,2022-07,0
LN103418,2025-10,0
LN103098,2022-07,1
LN100837,2025-09,0
LN105393,2025-06,1
LN104953,2025-09,0
LN107754,2024-07,0
LN107091,2024-10,1
LN100722,2025-01,0
LN103852,2022-02,0
LN108883,2024-06,0
LN107687,2023-11,1
LN102743,2025-06,0
LN100699,2023-06,0
LN101886,2024-02,0
LN101348,2024-12,0
LN101916,2022-11,0
LN104392,2025-10,0
LN103859,2024-12,0
LN104233,2022-06,0
LN105297,2025-06,0
LN108882,2023-05,0
LN107764,2025-05,1
LN103916,2022-08,1
LN102551,2022-09,0
LN103014,2024-08,0
LN105384,2024-11,1
LN102789,2024-11,0
LN107653,2025-04,0
LN104473,2023-02,0
LN106945,2024-12,0
LN102894,2023-09,0
LN108694,2023-08,1
LN102838,2022-10,0
LN105885,2025-09,0
LN100728,2023-03,0
LN104946,2023-08,0
LN105638,2021-12,1
LN105634,2024-11,0
LN102446,2025-05,0
LN105563,2023-10,0
LN102930,2025-07,0
LN103904,2025-06,1
LN108583,2023-05,0
LN102724,2024-06,0
LN106345,2024-08,1
LN102354,2025-06,0
LN104619,2025-02,0
LN102471,2024-05,1
LN108656,2025-05,0
LN106721,2023-01,1
LN103499,2024-10,0
LN101174,2022-11,0
LN102609,2025-03,0
LN107949,2023-06,0
LN107225,2024-10,0
LN105025,2023-05,0
LN103514,2024-01,0
LN101488,2023-02,0
LN105262,2024-02,1
LN106339,2024-01,0
LN107796,2025-10,0
LN102489,2023-01,0
LN102301,2024-07,0
LN102922,2023-04,0
LN106217,2025-09,0
LN105126,2025-10,0
LN106448,2023-12,0
LN106339,2024-12,0
LN105903,2024-03,0
LN102923,2024-01,0
LN101498,2023-04,1
LN101350,2022-04,0
LN107531,2025-09,0
LN106454,2025-12,0
LN102282,2024-08,0
LN108877,2023-11,0
LN107333,2023-10,1
LN103870,2024-09,0
LN103016,2025-01,1
LN106202,2025-05,1
LN102065,2025-08,1
LN101465,2024-02,1
LN106045,2023-02,0
LN102814,2024-05,1
LN101579,2024-02,0
LN101196,2025-02,1
LN101911,2025-02,1
LN101623,2023-03,0
LN100130,2023-08,1
LN105798,2023-07,0
LN101742,2024-05,1
LN102341,2025-01,0
LN101469,2021-09,0
LN106614,2023-09,0
LN108428,2025-02,1
LN107160,2024-03,1
LN108406,2022-10,0
LN105583,2022-01,0
LN103266,2025-02,0
LN101687,2023-01,0
LN106403,2025-11,1
LN104873,2023-11,0
LN107291,2024-12,0
LN101284,2023-09,1
LN102528,2022-11,1
LN108008,2024-05,0
LN100826,2025-09,0
LN106498,2025-04,0
LN105202,2025-07,1
LN102333,2025-01,1
LN101819,2023-06,1
LN102014,2024-12,0
LN106238,2025-03,0
LN108366,2022-09,0
LN106907,2023-03,0
LN103753,2024-04,0
LN108733,2023-06,0
LN102384,2024-11,1
LN103980,2023-09,1
LN102798,2025-01,1
LN102439,2021-10,0
LN106510,2024-11,0
LN100397,2022-05,1
LN106113,2025-01,1
LN103143,2025-01,0
LN101644,2025-08,0
LN108267,2023-07,0
LN106883,2023-02,1
LN100834,2024-10,0
LN102786,2023-04,0
LN106857,2025-12,1
LN106552,2025-11,1
LN100375,2023-03,0
LN101654,2023-02,0
LN102500,2024-05,0
LN102254,2023-03,0
LN101488,2025-10,0
LN101189,2023-09,0
LN103979,2024-06,0
LN102196,2023-11,0
LN107577,2022-10,0
LN102365,2024-09,0
LN104117,2025-11,0
LN102238,2023-08,0
LN101759,2023-08,0
LN108511,2022-07,0
LN107795,2024-07,0
LN106194,2023-08,0
LN102296,2022-11,0
LN107867,2023-11,0
LN100847,2025-08,0
LN100526,2025-10,1
LN107938,2024-11,1
LN100078,2024-04,0
LN103967,2025-01,1
LN108781,2024-06,1
LN104174,2024-06,0
LN104602,2025-07,0
LN102723,2023-04,0
LN100099,2022-03,0
LN105234,2024-06,0
LN104778,2022-02,0
LN104218,2023-12,0
LN105597,2025-11,1
LN104753,2025-06,0
LN105146,2025-05,1
LN101612,2023-11,1
LN101699,2025-01,0
LN100969,2023-10,1
LN105817,2025-05,0
LN104237,2022-07,0
LN105466,2024-11,0
LN107038,2025-03,0
LN108991,2025-02,1
LN100756,2025-10,1
LN102237,2024-10,0
LN103142,2023-06,0
LN104022,2025-08,0
LN107787,2023-07,0
LN107344,2025-10,0
LN107647,2023-02,0
LN102809,2022-03,0
LN106950,2024-06,1
LN100572,2022-08,0
LN106631,2023-02,0
LN104285,2024-04,0
LN103753,2024-07,1
LN103021,2025-05,0
LN107520,2022-07,0
LN108096,2023-07,0
LN101336,2025-12,1
LN107732,2024-03,0
LN106439,2024-08,0
LN104366,2023-11,1
LN106917,2024-07,0
LN108341,2025-12,0
LN107714,2022-09,1
LN102070,2022-02,0
LN104323,2023-09,0
LN105207,2024-02,1
LN103987,2023-08,1
LN100475,2025-05,0
LN101279,2024-12,1
LN105094,2023-01,0
LN101330,2023-07,0
LN104392,2023-03,1
LN100406,2023-05,0
LN103152,2023-04,0
LN108453,2024-12,0
LN102050,2023-12,1
LN101723,2025-08,0
LN108653,2022-09,0
LN100442,2023-01,0
LN102162,2023-10,1
LN102515,2024-11,0
LN106972,2024-04,0
LN101785,2023-08,0
LN105372,2024-12,0
LN104360,2024-01,0
LN101259,2025-08,0
LN105619,2022-07,0
LN106875,2024-04,0
LN108549,2022-10,0
LN104522,2024-02,0
LN102804,2022-11,0
LN104318,2025-12,0
LN103266,2024-04,0
LN103268,2023-11,0
LN106786,2025-08,0
LN100681,2022-11,0
LN107248,2023-07,0
LN107066,2023-09,0
LN108098,2022-11,0
LN107159,2022-03,0
LN102421,2025-04,0
LN103459,2023-09,0
LN100314,2024-06,1
LN103368,2023-06,0
LN101414,2024-12,0
LN100402,2023-05,0
LN103434,2023-05,0
LN105515,2025-10,1
LN106515,2024-03,1
LN108170,2025-07,0
LN107143,2025-01,1
LN106494,2025-04,0
LN103379,2023-12,0
LN108156,2024-07,0
LN107120,2024-12,0
LN103158,2024-09,0
LN105438,2024-12,0
LN106502,2024-06,0
LN100196,2025-04,1
LN105359,2022-09,0
LN102313,2024-10,0
LN103293,2024-10,0
LN103590,2023-05,1
LN105736,2022-08,0
LN103796,2025-10,0
LN102937,2025-04,0
LN104963,2024-08,1
LN103110,2023-09,1
LN103700,2022-06,0
LN106992,2024-02,0
LN107836,2024-07,0
LN102737,2022-09,1
LN107959,2025-02,1
LN107047,2025-09,0
LN104494,2024-05,1
LN103137,2023-10,0
LN102262,2022-07,0
LN101471,2024-02,0
LN103381,2024-11,0
LN101698,2024-09,1
LN102409,2025-02,0
LN103266,2024-08,1
LN104893,2022-07,0
LN107097,2021-12,0
LN105530,2025-10,0
LN103816,2025-05,1
LN104351,2023-07,0
LN107145,2024-09,0
LN107136,2023-10,0
LN105787,2025-05,0
LN102171,2025-05,1
LN100943,2025-03,0
LN102937,2025-01,0
LN106522,2023-10,0
LN104053,2024-06,0
LN103296,2023-10,0
LN100719,2025-09,0
LN103848,2024-11,0
LN108403,2025-08,0
LN104123,2024-05,0
LN108879,2025-01,0
LN107603,2023-04,0
LN101234,2023-10,0
LN105843,2021-09,0
LN104941,2024-11,1
LN102398,2025-10,0
LN102053,2025-09,0
LN106788,2023-10,0
LN101966,2024-02,0
LN104343,2022-05,0
LN103356,2025-06,0
LN102936,2024-03,0
LN103243,2024-10,1
LN104283,2024-02,0
LN105339,2023-03,0
LN100424,2024-04,0
LN100035,2025-12,0
LN108026,2025-02,1
LN105896,2025-10,0
LN106354,2025-03,1
LN106520,2025-12,1
LN105963,2025-03,0
LN101878,2025-02,1
LN102698,2024-02,1
LN102266,2025-02,0
LN106567,2023-03,0
LN103093,2023-01,1
LN105463,2023-01,0
LN102153,2025-10,0
LN102300,2023-08,0
LN104856,2025-01,0
LN100716,2025-09,1
LN102059,2022-12,0
LN100379,2024-03,1
LN100888,2024-06,0
LN103627,2025-01,0
LN102601,2022-11,1
LN101657,2025-06,0
LN102372,2023-08,0
LN100262,2022-12,0
LN103805,2024-07,0
LN100767,2025-07,0
LN101447,2025-08,1
LN105200,2025-12,0
LN105252,2025-05,0
LN106333,2023-03,0
LN106920,2024-09,0
LN101923,2025-04,1
LN104552,2025-07,1
LN103416,2025-01,0
LN100956,2024-12,1
LN107855,2024-05,1
LN105703,2025-10,1
LN106166,2024-03,0
LN105187,2025-07,0
LN107530,2023-09,0
LN101166,2025-09,0
LN103001,2024-01,1
LN105404,2023-09,0
LN101148,2025-04,0
LN101502,2022-06,0
LN103569,2025-11,0
LN105822,2025-12,0
LN107489,2024-06,1
LN100349,2024-08,0
LN107697,2024-04,0
LN105977,2024-05,0
LN102199,2024-07,0
LN107140,2023-10,0
LN105814,2025-04,0
LN102415,2024-08,1
LN107736,2022-02,0
LN107007,2025-09,0
LN102199,2022-12,0
LN100786,2025-05,1
LN102488,2024-03,1
LN106660,2023-06,1
LN101457,2025-12,0
LN108566,2024-08,1
LN108974,2023-12,0
LN102989,2023-12,0
LN103320,2025-03,0
LN101533,2022-06,1
LN106269,2025-05,1
LN106204,2022-06,0
LN103151,2025-07,1
LN107931,2023-03,1
LN102764,2025-12,0
LN103813,2023-11,0
LN108516,2024-02,0
LN102662,2022-02,0
LN102481,2025-01,0
LN105810,2024-11,1
LN105041,2024-06,0
LN104995,2023-06,0
LN102208,2022-04,0
LN101124,2025-01,0
LN104438,2023-07,0
LN102177,2024-03,1
LN108435,2023-05,0
LN106464,2023-10,1
LN105713,2024-07,1
LN105769,2025-05,0
LN100544,2024-07,0
LN104030,2025-11,1
LN100286,2023-08,1
LN105400,2024-11,1
LN100721,2025-07,0
LN103510,2025-11,0
LN108128,2022-11,0
LN104463,2025-05,0
LN108533,2022-12,1
LN104406,2025-02,0
LN108949,2024-10,0
LN103333,2025-07,0
LN108376,2024-07,0
LN108513,2024-03,1
LN104811,2025-05,1
LN103064,2025-03,1
LN103053,2024-09,0
LN107256,2025-07,1
LN101952,2025-09,1
LN100751,2025-10,0
LN104859,2025-09,1
LN106492,2023-11,0
LN107774,2024-09,0
LN106543,2023-10,1
LN108149,2025-09,1
LN102537,2024-11,0
LN100701,2024-11,0
LN105296,2023-09,0
LN108123,2023-12,0
LN106351,2022-06,0
LN101330,2024-05,1
LN107126,2025-08,1
LN100181,2024-10,0
LN106129,2025-11,1
LN107830,2022-09,1
LN107403,2023-01,1
LN107473,2023-03,0
LN103116,2023-09,0
LN106801,2025-06,1
LN101592,2023-04,0
LN107841,2022-04,0
LN104664,2025-02,0
LN100821,2025-08,1
LN100629,2024-10,1
LN102407,2025-02,0
LN106709,2023-03,1
LN101395,2023-12,0
LN106068,2023-01,1
LN107714,2023-09,0
LN103409,2023-10,1
LN107152,2024-07,1
LN103706,2024-09,1
LN106944,2024-05,1
LN101662,2024-07,0
LN103878,2025-09,1
LN105572,2023-05,0
LN100266,2023-12,0
LN101463,2024-02,0
LN108360,2024-07,1
LN102920,2023-04,0
LN108533,2025-05,0
LN102111,2024-01,0
LN102206,2024-04,0
LN103656,2023-10,1
LN104221,2025-12,1
LN108074,2025-11,1
LN108477,2024-07,0
LN106229,2025-04,1
LN102280,2024-03,0
LN106513,2023-04,0
LN105754,2024-04,0
LN106289,2024-09,0
LN102849,2022-10,0
LN100409,2024-03,1
LN100182,2024-11,1
LN103706,2025-09,0
LN101253,2024-12,0
LN106631,2022-10,1
LN104493,2022-07,0
LN108142,2022-12,0
LN104156,2025-10,1
LN102372,2025-03,1
LN106935,2024-09,0
LN100006,2023-06,1
LN105099,2023-03,1
LN104863,2024-01,0
LN107975,2025-02,1
LN102579,2025-11,0
LN102845,2023-04,0
LN108843,2022-04,1
LN103151,2023-12,0
LN105563,2022-12,0
LN102940,2025-01,0
LN104253,2025-04,0
LN104175,2024-02,0
LN100128,2024-06,1
LN105371,2025-03,0
LN105385,2025-11,0
LN102447,2024-03,0
LN107583,2023-08,1
LN104877,2023-09,0
LN103252,2025-02,0
LN103301,2024-04,1
LN107004,2025-12,0
LN103508,2024-10,1
LN108579,2023-08,1
LN108561,2022-11,1
LN103079,2024-09,1
LN104451,2025-02,1
LN105464,2023-11,0
LN105346,2023-08,1
LN108765,2024-04,0
LN105907,2025-03,0
LN106716,2024-12,1
LN107042,2024-01,0
LN103064,2024-09,1
LN100412,2025-05,1
LN106193,2025-08,0
LN101660,2025-03,0
LN102474,2023-12,0
LN103616,2024-08,0
LN104232,2025-08,1
LN105253,2024-12,0
LN102341,2025-09,0
LN107627,2024-02,0
LN108211,2022-02,0
LN104433,2024-05,1
LN108940,2022-01,0
LN108741,2025-12,1
LN104331,2024-07,1
LN100317,2025-04,0
LN106654,2024-09,0
LN106655,2024-11,0
LN104226,2023-11,0
LN102075,2025-11,0
LN105417,2024-02,0
LN102748,2023-08,0
LN104381,2022-04,0
LN106120,2023-08,0
LN102441,2021-11,0
LN103861,2023-11,1
LN103411,2025-08,0
LN106647,2025-11,0
LN103947,2023-10,0
LN102711,2024-09,1
LN105686,2025-08,0
LN104694,2024-07,0
LN105679,2023-06,0
LN107403,2022-07,0
LN104944,2023-12,0
LN102383,2025-06,0
LN103732,2023-08,1
LN105942,2022-03,0
LN101977,2023-08,1
LN100444,2023-05,1
LN104953,2024-04,0
LN100307,2024-01,0
LN100997,2024-05,0
LN102442,2024-02,1
LN100545,2025-02,0
LN107968,2025-06,0
LN100924,2024-04,0
LN105950,2025-09,0
LN106470,2021-08,0
LN101206,2024-06,0
LN103924,2025-01,1
LN101859,2024-01,0
LN103600,2024-01,0
LN105478,2022-11,0
LN104612,2024-04,1
LN100432,2025-06,1
LN106948,2023-01,0
LN105297,2024-02,0
LN103712,2025-07,0
LN107190,2024-12,0
LN104943,2025-03,0
LN103178,2023-02,0
LN106961,2025-03,0
LN106708,2025-02,0
LN105679,2021-12,0
LN104217,2025-07,0
LN100414,2025-03,1
LN100396,2024-04,1
LN106476,2025-03,1
LN101685,2023-05,0
LN105727,2022-08,1
LN100243,2025-02,0
LN103274,2025-01,1
LN107610,2024-12,0
LN101626,2024-10,0
LN105787,2025-04,1
LN106376,2024-02,0
LN102132,2024-06,0
LN106725,2023-11,0
LN100909,2023-04,0
LN108971,2024-03,0
LN107203,2022-05,1
LN101952,2023-08,0
LN106846,2024-05,0
LN108469,2023-03,1
LN106075,2024-11,0
LN105954,2023-11,0
LN102260,2023-08,0
LN108412,2024-05,0
LN104889,2025-08,0
LN107013,2024-09,1
LN107333,2022-09,0
LN107806,2023-03,0
LN102631,2025-02,0
LN101458,2022-07,0
LN106422,2022-07,0
LN104404,2025-04,1
LN101324,2025-02,0
LN108908,2024-12,0
LN108132,2024-07,0
LN101580,2022-11,0
LN102927,2022-10,0
LN103461,2025-07,1
LN107433,2025-06,1
LN107344,2025-08,0
LN105337,2025-09,0
LN103813,2023-07,1
LN104479,2025-02,0
LN101511,2024-12,1
LN104010,2024-10,0
LN106907,2023-05,1
LN105083,2025-04,1
LN100071,2025-09,0
LN105760,2023-08,0
LN106300,2024-01,0
LN100535,2025-05,0
LN107103,2023-09,1
LN107247,2025-02,0
LN100385,2023-06,0
LN103391,2025-06,0
LN100560,2025-06,0
LN100594,2025-09,1
LN104236,2025-05,0
LN106318,2024-06,0
LN101794,2023-08,0
LN100244,2025-08,0
LN100786,2024-06,0
LN100678,2024-08,1
LN107997,2024-02,1
LN101913,2025-04,1
LN103560,2024-01,0
LN105866,2025-12,0
LN107589,2024-12,0
LN106335,2025-10,1
LN101266,2023-06,1
LN107294,2024-09,1
LN103761,2024-09,0
LN100449,2022-11,0
LN103457,2024-12,1
LN100200,2024-01,1
LN100518,2025-11,0
LN105282,2025-02,0
LN107444,2025-04,1
LN103752,2025-11,1
LN105941,2024-12,0
LN100681,2024-01,0
LN107659,2023-11,1
LN104266,2025-08,0
LN100752,2023-02,0
LN104504,2022-03,0
LN104687,2023-06,1
LN103125,2025-06,0
LN104845,2024-09,0
LN101770,2025-04,0
LN103559,2023-05,0
LN100216,2021-10,0
LN102926,2023-11,0
LN107154,2023-04,0
LN107173,2024-03,0
LN106298,2024-01,1
LN106039,2024-06,0
LN100060,2024-10,1
LN104981,2025-12,0
LN102533,2022-06,0
LN107433,2025-07,0
LN106909,2025-07,0
LN103602,2022-05,0
LN106932,2025-05,1
LN105171,2024-08,1
LN108301,2025-05,1
LN104426,2022-05,1
LN108327,2024-01,0
LN102091,2025-08,0
LN104877,2023-08,0
LN108397,2022-09,1
LN100022,2022-04,0
LN102072,2025-02,0
LN101849,2023-10,1
LN100075,2024-02,0
LN105760,2023-01,0
LN107779,2024-10,0
LN101555,2024-04,0
LN104643,2023-05,0
LN105095,2025-05,0
LN103354,2024-11,0
LN104115,2024-08,0
LN101069,2021-09,1
LN104282,2025-11,0
LN105708,2025-10,1
LN108373,2023-02,0
LN105694,2023-10,0
LN104957,2025-07,0
LN106643,2023-12,0
LN105317,2022-11,0
LN106592,2023-07,0
LN101373,2025-11,0
LN104236,2025-03,1
LN105788,2024-12,0
LN101270,2023-04,0
LN103273,2025-12,0
LN100496,2022-03,0
LN105432,2022-10,0
LN107452,2024-10,1
LN108854,2023-06,1
LN108281,2022-11,0
LN108859,2025-11,0
LN105212,2025-02,1
LN102070,2025-07,0
LN103676,2023-09,1
LN104786,2023-11,0
LN103283,2022-04,1
LN104956,2022-05,1
LN107671,2023-05,0
LN107329,2022-12,0
LN102229,2025-12,0
LN106707,2025-02,0
LN101166,2024-08,1
LN102888,2024-05,0
LN104065,2024-03,1
LN101384,2023-01,0
LN105681,2024-08,1
LN105875,2023-08,0
LN102441,2024-04,0
LN108476,2025-12,1
LN102311,2022-01,0
LN103410,2021-10,0
LN106115,2024-12,1
LN101479,2024-01,0
LN100545,2024-09,0
LN101239,2024-06,0
LN104804,2024-05,0
LN102850,2024-04,0
LN102573,2023-12,0
LN102265,2021-10,0
LN103757,2023-10,1
LN100731,2024-04,1
LN107004,2024-07,1
LN104410,2022-10,0
LN105113,2023-02,0
LN100047,2025-06,0
LN104791,2025-11,0
LN101694,2023-10,1
LN107552,2025-03,0
LN107199,2025-10,0
LN100413,2025-05,0
LN106779,2025-11,1
LN102513,2024-11,1
LN100012,2024-07,0
LN100537,2022-08,1
LN102231,2024-01,0
LN105274,2025-12,0
LN101401,2022-08,0
LN104922,2025-09,1
LN107653,2024-02,0
LN107096,2022-11,0
LN101342,2023-11,0
LN100783,2023-12,0
LN101065,2024-04,0
LN107174,2023-11,0
LN105269,2023-12,0
LN106636,2025-01,0
LN106635,2024-07,0
LN106445,2024-02,0
LN108073,2022-09,0
LN102634,2023-03,0
LN104591,2025-11,1
LN107412,2025-07,1
LN107296,2022-12,1
LN100540,2025-07,0
LN101320,2025-04,0
LN100618,2022-04,0
LN105425,2025-07,0
LN105880,2023-06,0
LN101638,2025-02,0
LN102793,2023-12,0
LN101647,2024-02,0
LN101538,2024-02,0
LN102945,2023-02,1
LN100050,2025-04,0
LN102866,2025-10,0
LN106011,2025-05,0
LN101734,2024-09,1
LN106193,2025-06,1
LN107747,2022-07,0
LN100879,2023-11,1
LN107860,2023-10,1
LN102425,2025-11,0
LN105824,2024-03,0
LN106631,2023-03,1
LN106138,2022-10,0
LN101275,2025-06,0
LN106894,2025-05,0
LN106789,2024-06,0
LN105755,2025-02,0
LN105106,2025-09,0
LN101853,2023-12,1
LN106020,2025-09,0
LN108070,2023-11,0
LN103305,2024-03,0
LN105510,2023-10,0
LN102288,2025-03,0
LN105669,2024-03,0
LN104402,2023-04,0
LN106835,2024-12,1
LN106997,2025-11,0
LN107351,2024-12,0
LN103028,2023-02,0
LN100319,2025-03,0
LN104423,2025-12,1
LN101322,2024-08,0
LN101433,2023-08,0
LN102274,2022-04,1
LN104754,2025-10,1
LN108188,2023-06,0
LN104292,2025-10,1
LN104699,2024-01,1
LN105795,2022-12,0
LN106195,2023-12,1
LN100296,2024-08,0
LN101876,2024-01,0
LN106226,2025-07,0
LN103847,2024-08,1
LN108636,2022-05,0
LN102882,2024-01,0
LN103602,2025-09,1
LN104646,2025-07,0
LN108011,2024-12,0
LN108544,2025-10,0
LN103767,2024-11,0
LN100769,2025-02,1
LN100072,2023-10,1
LN108470,2024-06,0
LN107540,2025-12,1
LN103143,2025-05,1
LN102602,2025-04,1
LN105229,2025-08,1
LN100689,2025-02,1
LN101888,2022-11,0
LN101906,2023-09,1
LN101475,2024-07,0
LN108346,2025-11,1
LN106510,2024-05,0
LN105638,2022-02,1
LN104364,2025-04,0
LN102050,2022-11,0
LN108908,2025-03,0
LN103810,2023-04,0
LN107167,2024-09,0
LN108643,2023-11,1
LN105377,2024-05,0
LN107588,2022-08,1
LN106470,2022-07,0
LN104074,2022-12,0
LN100393,2025-06,1
LN104736,2024-05,1
LN101078,2024-12,0
LN104121,2025-03,1
LN105751,2025-12,0
LN107332,2023-08,0
LN100825,2022-06,0
LN102212,2025-06,0
LN100594,2025-08,1
LN102043,2025-09,0
LN107124,2023-05,0
LN101034,2023-06,0
LN107624,2025-06,1
LN100249,2022-09,0
LN104143,2024-10,1
LN107831,2022-09,0
LN100603,2024-08,1
LN100651,2024-07,0
LN108596,2024-12,0
LN108646,2025-08,0
LN107202,2024-01,1
LN106890,2025-05,0
LN102727,2022-05,0
LN103890,2023-09,0
LN108193,2024-07,1
LN104852,2022-04,1
LN105875,2022-09,0
LN106572,2022-06,1
LN105119,2025-04,0
LN107686,2023-04,1
LN101338,2025-08,1
LN105899,2025-01,1
LN105119,2022-11,0
LN102040,2023-09,0
LN104898,2024-10,0
LN102130,2025-01,1
LN104242,2025-11,0
LN101891,2022-08,0
LN107264,2023-06,0
LN102748,2025-11,0
LN101910,2023-05,0
LN106734,2023-10,1
LN105914,2025-06,0
LN102026,2024-04,1
LN107806,2022-09,0
LN103240,2023-08,0
LN101400,2025-10,1
LN105747,2024-08,0
LN108640,2024-06,0
LN101930,2024-12,1
LN106465,2024-07,0
LN107735,2024-11,1
LN103993,2023-09,0
LN105891,2023-10,0
LN102820,2024-09,0
LN105204,2025-10,0
LN107237,2024-07,0
LN104902,2023-09,0
LN102509,2023-07,0
LN103291,2024-05,1
LN101339,2023-08,0
LN104213,2025-08,0
LN103196,2025-09,0
LN106750,2025-06,0
LN101902,2024-02,1
LN105187,2024-07,0
LN106991,2025-11,1
LN100895,2023-12,0
LN107989,2022-12,1
LN103695,2025-03,0
LN106215,2024-06,1
LN108152,2024-12,1
LN104145,2023-12,0
LN106072,2024-08,0
LN104798,2025-12,0
LN102423,2025-11,0
LN102645,2022-02,0
LN103837,2024-07,1
LN107580,2024-01,0
LN107110,2021-08,0
LN101854,2025-05,0
LN104643,2022-05,0
LN105428,2024-10,1
LN106720,2024-09,1
LN107846,2025-01,1
LN107073,2023-02,0
LN108478,2024-04,1
LN102933,2025-03,0
LN100314,2025-08,0
LN101549,2022-11,0
LN107183,2023-06,1
LN107792,2024-06,0
LN104858,2025-11,0
LN100141,2023-12,0
LN100059,2024-07,0
LN101887,2023-12,1
LN108109,2025-05,1
LN103479,2025-04,0
LN106916,2022-02,1
LN106970,2025-08,0
LN108285,2024-05,0
LN103624,2025-09,1
LN105166,2025-05,0
LN107281,2024-06,0
LN103843,2023-12,0
LN106090,2022-10,1
LN107752,2022-12,1
LN104408,2022-05,0
LN102967,2024-04,0
LN107645,2025-06,1
LN107061,2024-12,1
LN106418,2025-03,0
LN105283,2024-11,1
LN103887,2024-06,1
LN100652,2024-11,1
LN103106,2025-07,0
LN100786,2022-03,0
LN107327,2025-03,1
LN100725,2025-06,1
LN108066,2022-11,1
LN101598,2024-07,1
LN107293,2023-04,0
LN101641,2022-07,0
LN101237,2025-01,0
LN102404,2024-10,1
LN100093,2024-07,0
LN101402,2025-07,0
LN100721,2025-01,0
LN105767,2024-11,0
LN107187,2023-09,0
LN108385,2024-04,1
LN100914,2024-03,0
LN102607,2024-07,0
LN105698,2025-07,0
LN106522,2022-07,1
LN108443,2024-06,0
LN105450,2023-06,1
LN106167,2025-01,0
LN100539,2023-08,1
LN102520,2023-07,0
LN106253,2025-10,0
LN105530,2025-06,0
LN106376,2023-07,0
LN100103,2022-12,0
LN105841,2025-06,0
LN103635,2023-08,0
LN108579,2025-07,0
LN101014,2023-12,0
LN107708,2025-08,1
LN103797,2023-10,0
LN108044,2025-05,1
LN108337,2025-08,0
LN105860,2025-08,0
LN101758,2023-07,0
LN104905,2024-03,0
LN102202,2025-12,1
LN107320,2024-02,0
LN101561,2022-09,0
LN102814,2025-03,0
LN102707,2025-01,0
LN101010,2023-02,0
LN107039,2025-05,1
LN104870,2025-11,1
LN106412,2023-04,0
LN103391,2025-04,0
LN100922,2024-05,0
LN102808,2024-06,0
LN106331,2024-01,1
LN103613,2023-03,0
LN103876,2025-09,0
LN100706,2022-03,0
LN100949,2024-02,0
LN106575,2025-03,0
LN104499,2023-02,0
LN108654,2022-03,0
LN103252,2022-06,1
LN108180,2025-02,0
LN102538,2025-07,0
LN102688,2023-11,0
LN101926,2025-12,0
LN105988,2024-11,0
LN100922,2024-07,0
LN107588,2022-07,0
LN103767,2024-09,0
LN106937,2022-09,0
LN106701,2023-07,1
LN104236,2024-12,1
LN106634,2024-08,0
LN108813,2025-06,0
LN101394,2023-04,0
LN106333,2022-04,0
LN102673,2024-03,1
LN103855,2025-03,0
LN107827,2025-08,0
LN102263,2025-03,0
LN100943,2024-08,0
LN101461,2025-04,0
LN108854,2024-01,0
LN102115,2024-02,0
LN106233,2023-03,0
LN107177,2024-05,0
LN101692,2024-08,0
LN100554,2025-05,1
LN107824,2024-11,0
LN103944,2022-09,1
LN106815,2023-12,0
LN101141,2023-05,1
LN108324,2025-05,0
LN108291,2024-10,1
LN108107,2025-11,1
LN104736,2023-07,0
LN105595,2023-07,1
LN101537,2024-12,0
LN101340,2025-08,0
LN108512,2025-02,0
LN102161,2022-05,0
LN104048,2024-10,0
LN103631,2023-09,0
LN102922,2023-12,0
LN100570,2025-01,0
LN106740,2024-08,0
LN101555,2022-04,0
LN108682,2023-12,1
LN104527,2024-06,0
LN108685,2024-05,0
LN107593,2025-01,1
LN102860,2023-12,0
LN102565,2024-07,0
LN106330,2024-06,0
LN108694,2023-09,0
LN108415,2021-10,0
LN101872,2023-08,0
LN103913,2024-01,0
LN100504,2022-08,0
LN108829,2024-08,0
LN102700,2025-07,0
LN101375,2025-04,0
LN108037,2023-04,1
LN101672,2023-01,0
LN104888,2025-11,0
LN106073,2025-12,0
LN100960,2023-02,1
LN106649,2023-12,0
LN102491,2022-12,0
LN100112,2024-08,0
LN100072,2025-03,1
LN105016,2023-11,0
LN107234,2024-03,0
LN100008,2024-06,0
LN106737,2024-08,0
LN102999,2025-05,0
LN101685,2023-11,1
LN102061,2025-09,0
LN102182,2023-12,1
LN105707,2023-03,0
LN106832,2024-06,0
LN100936,2022-08,0
LN107005,2023-05,0
LN101716,2024-05,1
LN104527,2023-05,0
LN107972,2024-11,1
LN100520,2024-09,1
LN103732,2025-08,0
LN108130,2022-05,0
LN108174,2024-04,0
LN104643,2025-08,1
LN102399,2024-11,0
LN102085,2025-09,0
LN108495,2023-02,0
LN105100,2025-08,0
LN106737,2023-12,0
LN106834,2024-06,0
LN108578,2024-09,0
LN101810,2023-06,0
LN103775,2024-03,0
LN102316,2022-09,0
LN102622,2022-07,0
LN102013,2024-12,0
LN108436,2025-05,0
LN105425,2023-10,1
LN108861,2022-10,0
LN106193,2023-06,0
LN100470,2025-09,0
LN106859,2025-05,0
LN102381,2024-01,0
LN100728,2023-12,0
LN102737,2022-04,1
LN101232,2025-12,0
LN103753,2025-03,1
LN104675,2023-06,0
LN103433,2023-01,0
LN103973,2024-02,1
LN107524,2024-01,1
LN100974,2022-09,1
LN108789,2025-10,0
LN103861,2025-10,0
LN105048,2025-06,0
LN102649,2025-10,0
LN105041,2023-10,0
LN108366,2023-12,0
LN108782,2024-10,0
LN106068,2022-08,1
LN100791,2025-03,1
LN108369,2024-11,0
LN108252,2022-08,1
LN101759,2024-01,1
LN103529,2022-09,1
LN102240,2023-09,0
LN104588,2025-04,0
LN107516,2022-03,0
LN104487,2023-03,1
LN102590,2024-01,1
LN101344,2023-02,1
LN102794,2025-04,0
LN105056,2025-05,0
LN104539,2024-12,0
LN108724,2025-02,0
LN105790,2025-12,0
LN102344,2025-06,0
LN104357,2025-02,1
LN106489,2022-05,1
LN107976,2024-11,0
LN103130,2025-05,1
LN103786,2024-02,1
LN102671,2025-03,0
LN107174,2022-02,0
LN106906,2022-10,0
LN107863,2024-06,0
LN101664,2023-12,0
LN101689,2023-10,0
LN104203,2024-06,0
LN103349,2024-09,1
LN107428,2024-09,0
LN107467,2025-05,1
LN104420,2025-11,0
LN108285,2023-12,1
LN108625,2025-04,0
LN108161,2025-08,0
LN108282,2021-07,1
LN108055,2024-10,0
LN101399,2022-09,1
LN100532,2022-06,0
LN103769,2023-12,0
LN105812,2023-01,0
LN107519,2025-09,1
LN104611,2023-04,1
LN103055,2024-04,0
LN105516,2023-11,0
LN105417,2025-05,0
LN105852,2022-05,0
LN103643,2023-07,0
LN107223,2025-04,0
LN103987,2022-11,1
LN108273,2023-11,0
LN101365,2025-01,0
LN106981,2025-04,0
LN108915,2025-07,0
LN100783,2025-10,1
LN101164,2025-12,0
LN105582,2025-04,1
LN100634,2023-01,0
LN107771,2021-09,0
LN100259,2024-03,1
LN105779,2022-12,0
LN105269,2024-10,0
LN106998,2023-09,0
LN108630,2024-10,0
LN100720,2025-06,0
LN103897,2022-07,0
LN106936,2024-10,0
LN105196,2025-07,1
LN106934,2024-06,1
LN108430,2023-05,1
LN107296,2022-11,1
LN108792,2024-12,1
LN103473,2025-08,0
LN107099,2025-03,0
LN106328,2022-02,1
LN106769,2023-10,0
LN106437,2023-01,1
LN108922,2023-12,0
LN103220,2025-10,0
LN107152,2022-02,0
LN102182,2025-12,0
LN101189,2025-12,0
LN105516,2024-04,0
LN106050,2023-05,0
LN106705,2021-11,0
LN107973,2022-08,0
LN107691,2025-06,0
LN100934,2024-11,0
LN100813,2022-06,0
LN101482,2024-10,0
LN102600,2025-01,1
LN105103,2025-01,0
LN106258,2025-01,0
LN100813,2022-11,0
LN101530,2023-06,0
LN103037,2024-02,0
LN108957,2024-07,0
LN108949,2024-04,0
LN108944,2024-08,1
LN107810,2024-10,0
LN107980,2025-06,1
LN102765,2023-05,0
LN106908,2024-08,0
LN108947,2025-11,0
LN107455,2022-05,0
LN100880,2025-12,0
LN105963,2023-05,0
LN103209,2022-09,0
LN106844,2025-05,0
LN103664,2025-02,1
LN101913,2025-07,0
LN101518,2025-06,1
LN102949,2025-10,0
LN107918,2022-01,1
LN105812,2025-05,0
LN108456,2025-05,0
LN105449,2022-06,0
LN102332,2024-01,0
LN108350,2023-07,0
LN103359,2025-06,1
LN103285,2025-01,0
LN105762,2024-07,0
LN104890,2025-10,1
LN107789,2025-04,1
LN103351,2025-02,0
LN100468,2022-11,0
LN100933,2025-05,0
LN108016,2025-08,0
LN106250,2024-08,1
LN106405,2025-04,0
LN108819,2022-03,1
LN105358,2022-12,0
LN108462,2025-07,0
LN103442,2025-12,0
LN105673,2023-10,1
LN107011,2023-09,1
LN106764,2023-10,0
LN101046,2023-11,0
LN105590,2025-03,0
LN100823,2024-11,0
LN100635,2025-08,0
LN107757,2023-10,0
LN107402,2024-04,1
LN102865,2022-04,0
LN108436,2025-10,1
LN104665,2024-11,0
LN100182,2024-12,1
LN108350,2025-04,0
LN106924,2022-12,0
LN104966,2025-04,0
LN104030,2023-07,0
LN104432,2025-07,0
LN105606,2025-10,0
LN105474,2021-09,1
LN107005,2021-10,0
LN107233,2022-12,0
LN108331,2024-08,0
LN101949,2024-01,0
LN100890,2024-10,1
LN108899,2022-01,1
LN106568,2023-12,0
LN105352,2024-09,0
LN102670,2024-04,0
LN103034,2024-01,0
LN100232,2024-10,0
LN105692,2025-11,1
LN106846,2022-05,0
LN101548,2023-12,1
LN107119,2025-12,0
LN104789,2025-06,0
LN104868,2025-07,1
LN104025,2025-04,0
LN101445,2025-03,0
LN100018,2024-08,0
LN102058,2025-05,1
LN105226,2024-10,1
LN102282,2024-11,1
LN101798,2023-12,0
LN100011,2025-06,1
LN107199,2023-03,1
LN103305,2022-10,1
LN107480,2024-08,1
LN103152,2023-03,0
LN108072,2025-03,0
LN100971,2023-09,0
LN100856,2022-11,0
LN100284,2025-04,0
LN100127,2024-07,0
LN106092,2022-09,1
LN100327,2022-12,0
LN105266,2023-12,0
LN107828,2025-07,1
LN103681,2025-04,0
LN100747,2024-05,0
LN100511,2024-07,0
LN103936,2025-08,1
LN105128,2024-01,0
LN103061,2025-01,0
LN100185,2024-06,0
LN102403,2023-12,0
LN105438,2025-03,0
LN108168,2023-05,0
LN101694,2023-06,0
LN102961,2025-07,0
LN107000,2025-08,1
LN107663,2024-11,0
LN102104,2025-08,1
LN105158,2023-04,1
LN101211,2024-06,0
LN100215,2022-11,1
LN106095,2023-10,1
LN104999,2023-08,1
LN105281,2024-08,1
LN102008,2025-04,0
LN108955,2023-05,0
LN108331,2025-02,0
LN101755,2023-08,1
LN102686,2022-06,1
LN106455,2022-11,1
LN102013,2025-02,0
LN106152,2024-10,0
LN106963,2025-01,1
LN104048,2023-08,0
LN105481,2023-05,1
LN106487,2024-04,1
LN102094,2022-01,1
LN103672,2025-03,0
LN105473,2022-11,1
LN108654,2024-05,0
LN100801,2024-02,1
LN100681,2025-10,0
LN105495,2022-12,0
LN106846,2024-09,0
LN106139,2023-01,0
LN100808,2023-07,0
LN103953,2023-11,0
LN100975,2025-06,1
LN101586,2025-04,0
LN102804,2025-12,1
LN105848,2024-11,1
LN101525,2021-11,0
LN100344,2025-12,0
LN100927,2024-07,1
LN105261,2022-03,0
LN107316,2025-12,0
LN102200,2024-05,0
LN107540,2024-04,0
LN107492,2023-04,1
LN105704,2024-11,0
LN106656,2025-07,0
LN105609,2022-06,0
LN102746,2022-09,1
LN100423,2024-06,0
LN100961,2023-09,0
LN106342,2024-09,1
LN100095,2025-04,0
LN102231,2023-04,0
LN106769,2025-10,1
LN108634,2024-12,1
LN105133,2022-07,1
LN105883,2024-01,0
LN106456,2024-09,0
LN100558,2024-06,1
LN101501,2024-03,1
LN107217,2025-05,1
LN106679,2023-04,0
LN101892,2024-11,0
LN103732,2025-02,0
LN108111,2024-08,0
LN105515,2023-12,0
LN107158,2025-01,0
LN101135,2022-11,0
LN108470,2023-10,0
LN107476,2024-12,0
LN107563,2024-11,0
LN103816,2024-05,0
LN100237,2024-03,0
LN106223,2024-10,1
LN102320,2022-08,0
LN101081,2025-05,1
LN107764,2023-03,0
LN103830,2024-12,1
LN101380,2025-02,1
LN100451,2025-07,0
LN108914,2024-10,0
LN100986,2025-11,0
LN104006,2024-03,0
LN105357,2025-07,0
LN106328,2022-03,0
LN104107,2024-07,0
LN104590,2024-07,0
LN108462,2024-07,0
LN108715,2023-02,0
LN101000,2024-08,1
LN106842,2025-04,0
LN104877,2024-02,1
LN108995,2024-08,0
LN103184,2023-11,0
LN103672,2025-02,0
LN103804,2022-12,1
LN106620,2025-09,0
LN103460,2023-08,0
LN103099,2022-11,0
LN104202,2022-10,0
LN100638,2024-07,0
LN108538,2025-08,0
LN108845,2023-10,0
LN108184,2024-09,0
LN107144,2025-11,1
LN101343,2025-06,1
LN100253,2023-04,0
LN107303,2023-04,0
LN103061,2024-12,1
LN103007,2024-04,1
LN107008,2025-05,0
LN104984,2023-02,0
LN108233,2024-09,0
LN101236,2023-03,1
LN105844,2024-07,1
LN100042,2024-11,1
LN108148,2024-08,0
LN106134,2025-07,1
LN106455,2023-03,0
LN100241,2025-03,0
LN101518,2023-11,0
LN102430,2023-12,1
LN104733,2023-07,0
LN108312,2023-01,0
LN106888,2022-08,0
LN108907,2023-12,0
LN107024,2023-11,0
LN105749,2022-06,0
LN100457,2024-03,0
LN103558,2025-03,1
LN106643,2023-11,1
LN108761,2024-03,0
LN106620,2022-06,0
LN101926,2025-09,0
LN101738,2022-03,0
LN107588,2022-12,0
LN107406,2025-11,0
LN104961,2023-12,0
LN105756,2022-10,1
LN105602,2024-05,1
LN107374,2025-11,1
LN101908,2022-02,0
LN101845,2025-05,0
LN104404,2023-06,0
LN103142,2023-11,1
LN108593,2024-10,0
LN100902,2022-08,0
LN107207,2025-02,1
LN100095,2024-07,1
LN101592,2024-10,0
LN106874,2023-11,0
LN105030,2024-03,0
LN101111,2024-11,0
LN100579,2024-04,0
LN100866,2025-06,1
LN106465,2024-10,0
LN108864,2025-04,0
LN102629,2023-03,0
LN102292,2023-11,1
LN105376,2022-11,0
LN107396,2023-03,0
LN103013,2025-05,0
LN105791,2024-05,1
LN107717,2025-01,0
LN105087,2023-09,1
LN105693,2022-04,0
LN102729,2025-08,0
LN103693,2025-03,0
LN100106,2024-05,0
LN103199,2023-04,0
LN101285,2021-12,1
LN101329,2025-03,0
LN105590,2025-05,0
LN106112,2024-12,0
LN107836,2025-02,0
LN101212,2023-06,0
LN103297,2025-07,0
LN108365,2024-05,0
LN102913,2022-10,1
LN103887,2025-08,0
LN103355,2025-04,0
LN103804,2022-04,1
LN107642,2025-02,1
LN102018,2024-03,0
LN106529,2024-08,0
LN104936,2025-08,0
LN100047,2025-12,0
LN100454,2025-11,1
LN105041,2025-02,1
LN105173,2024-05,1
LN104839,2024-11,0
LN102402,2024-02,0
LN108525,2025-05,0
LN108538,2024-04,0
LN102233,2024-02,0
LN103605,2022-03,0
LN101986,2025-06,0
LN104776,2025-07,1
LN106713,2024-05,1
LN104067,2025-06,1
LN104901,2025-03,1
LN105694,2025-05,0
LN108286,2023-05,0
LN103393,2024-07,0
LN101340,2024-03,0
LN104326,2025-07,0
LN102881,2023-05,1
LN106003,2024-03,1
LN103216,2022-03,0
LN104853,2022-02,0
LN107011,2024-02,0
LN106118,2024-09,0
LN103843,2023-05,1
LN100398,2025-09,0
LN106081,2025-03,0
LN104414,2025-04,0
LN108412,2022-06,0
LN101154,2025-02,0
LN103667,2022-02,1
LN101826,2022-08,1
LN108707,2023-06,0
LN104406,2025-05,0
LN101074,2024-01,1
LN105488,2025-09,0
LN105401,2024-09,1
LN100633,2024-06,0
LN105084,2023-10,1
LN105129,2023-12,0
LN105672,2025-02,0
LN108911,2024-08,0
LN103497,2024-11,1
LN100095,2023-01,1
LN100039,2024-10,0
LN108002,2024-11,0
LN104741,2025-03,0
LN106116,2025-05,0
LN101404,2024-02,0
LN102992,2024-08,0
LN108801,2025-05,0
LN105136,2025-03,0
LN100858,2025-08,0
LN103933,2025-06,0
LN100698,2024-07,1
LN101689,2022-03,0
LN107333,2025-06,0
LN100223,2022-09,0
LN107146,2025-12,1
LN103196,2023-07,1
LN104848,2023-11,1
LN106120,2023-03,0
LN106199,2022-05,1
LN104652,2023-10,0
LN106212,2025-03,0
LN102864,2024-01,0
LN106781,2022-08,0
LN102502,2025-01,0
LN103524,2023-08,1
LN100815,2025-06,0
LN101542,2022-03,1
LN100896,2025-10,0
LN106402,2024-04,0
LN100479,2024-01,0
LN106512,2023-04,1
LN107414,2022-11,0
LN107488,2024-07,0
LN102949,2024-10,0
LN105425,2025-10,1
LN100178,2024-11,0
LN102964,2025-04,1
LN107584,2022-04,0
LN108965,2024-12,0
LN102678,2025-07,1
LN107546,2024-07,1
LN102756,2025-07,0
LN104481,2025-09,1
LN103342,2024-07,0
LN101970,2025-05,0
LN105896,2025-08,1
LN107841,2024-09,1
LN108718,2024-10,0
LN106278,2025-10,0
LN104608,2024-12,1
LN100573,2024-08,0
LN102606,2024-04,0
LN101731,2025-06,1
LN104870,2024-10,1
LN106828,2024-01,1
LN104293,2024-05,1
LN106454,2024-02,1
LN105719,2025-05,0
LN108269,2023-11,0
LN103418,2025-08,0
LN104557,2025-01,0
LN102080,2025-05,0
LN105545,2025-06,1
LN107867,2024-09,1
LN104433,2022-03,0
LN106234,2025-10,1
LN105407,2025-11,0
LN103726,2022-09,0
LN102843,2023-10,0
LN100399,2023-02,0
LN107753,2021-08,0
LN106526,2021-11,0
LN102461,2024-04,0
LN108163,2024-11,1
LN106461,2025-02,0
LN100671,2024-05,0
LN107380,2024-08,1
LN107743,2023-08,1
LN105875,2025-03,0
LN108953,2024-02,0
LN102310,2023-05,0
LN103868,2024-02,0
LN104527,2024-10,0
LN103270,2022-01,0
LN106491,2023-11,1
LN101075,2022-03,0
LN104527,2023-02,0
LN105303,2024-04,0
LN102735,2025-04,1
LN103520,2025-08,1
LN100021,2023-12,0
LN102666,2022-09,1
LN107084,2025-03,1
LN101227,2025-07,0
LN102737,2024-03,0
LN105126,2022-07,0
LN107337,2023-04,0
LN101189,2024-05,0
LN106377,2025-01,0
LN102787,2024-03,0
LN103833,2024-09,0
LN104505,2025-09,0
LN102785,2022-11,1
LN107273,2025-10,0
LN103443,2024-03,0
LN106747,2024-11,0
LN102422,2025-10,0
LN104647,2023-09,0
LN100932,2022-08,1
LN103505,2025-07,1
LN105121,2023-08,0
LN107274,2021-10,0
LN107388,2023-01,0
LN108430,2023-01,0
LN100120,2024-03,0
LN106185,2024-06,0
LN100073,2022-06,0
LN105855,2024-11,1
LN106669,2024-10,1
LN105848,2024-01,1
LN102653,2023-10,0
LN108083,2025-03,1
LN108522,2024-07,0
LN105453,2025-12,1
LN101185,2024-03,1
LN106376,2023-03,0
LN100178,2024-08,0
LN106782,2022-11,1
LN104984,2023-01,1
LN107105,2023-06,0
LN103372,2024-07,0
LN101514,2022-06,1
LN107641,2025-06,0
LN103861,2025-05,0
LN107715,2025-03,0
LN101331,2025-02,0
LN100658,2024-09,1
LN105622,2024-11,0
LN105077,2023-02,1
LN102384,2022-08,0
LN104254,2023-12,0
LN104853,2025-09,0
LN108397,2024-11,1
LN108939,2023-04,0
LN103142,2024-07,0
LN102363,2025-03,0
LN101644,2022-11,0
LN102426,2025-11,0
LN108177,2025-10,0
LN101150,2025-05,0
LN102555,2024-01,0
LN105101,2023-12,0
LN105627,2025-04,1
LN103496,2024-01,0
LN100461,2024-08,0
LN104647,2025-09,0
LN102326,2023-07,0
LN105273,2023-06,0
LN101381,2024-09,0
LN104571,2022-12,0
LN100266,2025-05,0
LN103034,2023-08,0
LN108867,2024-11,0
LN104161,2023-07,0
LN103080,2023-09,0
LN104665,2025-01,1
LN102208,2024-10,0
LN103538,2024-12,0
LN100931,2024-04,1
LN100539,2024-05,0
LN100019,2025-03,0
LN104991,2024-10,0
LN100150,2024-11,1
LN101735,2025-06,0
LN104390,2025-06,0
LN101332,2023-07,0
LN106786,2024-08,0
LN103534,2022-06,0
LN100535,2022-12,0
LN103112,2024-04,0
LN100059,2025-03,0
LN100435,2024-06,0
LN104591,2022-07,0
LN103385,2024-09,0
LN105762,2022-11,1
LN102377,2024-09,1
LN103933,2024-04,1
LN108412,2025-04,0
LN102653,2023-02,0
LN105457,2023-07,1
LN101029,2023-05,0
LN101978,2023-06,0
LN101541,2023-11,0
LN103592,2025-06,0
LN103856,2025-05,1
LN100478,2024-07,0
LN106361,2025-09,0
LN104421,2025-06,1
LN101402,2024-06,1
LN101737,2023-03,0
LN106650,2024-03,1
LN105476,2024-11,0
LN106795,2024-06,1
LN105633,2025-11,0
LN103541,2024-11,1
LN108463,2022-03,0
LN106523,2024-08,0
LN108366,2025-10,0
LN103369,2023-04,1
LN106856,2024-01,0
LN103448,2025-11,0
LN101872,2025-04,1
LN103680,2024-06,1
LN102698,2022-01,0
LN105831,2025-04,0
LN102731,2025-07,0
LN107555,2022-02,0
LN101422,2023-09,0
LN102236,2024-07,0
LN104242,2025-02,1
LN108649,2023-11,0
LN101852,2025-04,0
LN104826,2025-01,0
LN105768,2024-03,1
LN105361,2024-11,0
LN101833,2021-10,0
LN101069,2023-05,0
LN102730,2025-03,1
LN101816,2025-07,1
LN107371,2022-02,0
LN100052,2023-06,0
LN101760,2025-02,1
LN100762,2024-12,0
LN105383,2025-02,0
LN102239,2025-02,0
LN101896,2024-06,0
LN106795,2023-11,0
LN100375,2022-09,0
LN101150,2025-01,0
LN104346,2022-05,0
LN103962,2024-10,1
LN107677,2025-02,0
LN104183,2025-07,1
LN104217,2025-01,0
LN103304,2023-12,0
LN102314,2023-11,0
LN104763,2022-04,0
LN107420,2024-04,0
LN107668,2023-02,1
LN107420,2024-08,0
LN101686,2023-02,0
LN102631,2024-05,1
LN108844,2025-10,0
LN103408,2025-06,0
LN101747,2025-04,0
LN103613,2023-02,0
LN100876,2024-07,0
LN108882,2023-02,0
LN100022,2022-10,0
LN101975,2023-07,0
LN103071,2023-11,0
LN103886,2022-01,1
LN105060,2024-06,0
LN103597,2025-09,1
LN102991,2025-01,0
LN107581,2022-09,0
LN102222,2025-11,1
LN102501,2025-12,0
LN101762,2022-06,0
LN103219,2024-12,0
LN106075,2025-10,1
LN106989,2024-12,0
LN107095,2024-12,0
LN101440,2025-06,0
LN108052,2024-08,1
LN104002,2025-08,0
LN106332,2024-10,0
LN106721,2024-12,0
LN103500,2021-12,1
LN101111,2023-12,0
LN106423,2025-08,0
LN104137,2024-05,0
LN106637,2023-02,0
LN103731,2024-10,0
LN103867,2025-11,0
LN102417,2025-02,1
LN105300,2025-06,0
LN102162,2024-12,0
LN106413,2021-08,0
LN101575,2025-03,0
LN100426,2025-10,0
LN106296,2023-10,0
LN105794,2023-09,0
LN100764,2022-11,1
LN106276,2022-08,0
LN104793,2024-06,1
LN108275,2025-10,0
LN107901,2024-11,0
LN105849,2025-01,0
LN108793,2023-05,0
LN105081,2023-10,0
LN104527,2022-09,1
LN108620,2024-11,0
LN105925,2024-10,0
LN107229,2024-01,0
LN102947,2024-07,0
LN106286,2023-10,1
LN103307,2023-04,1
LN102214,2023-06,0
LN102128,2023-06,0
LN101776,2024-01,0
LN104119,2022-06,0
LN107199,2023-02,0
LN106779,2023-11,0
LN102372,2025-09,0
LN108759,2023-07,0
LN102433,2023-03,0
LN107010,2022-08,0
LN106072,2024-04,0
LN101121,2024-07,1
LN107808,2024-11,1
LN107006,2024-01,0
LN100466,2023-03,0
LN103078,2025-05,0
LN105072,2022-07,0
LN108473,2022-12,0
LN101174,2021-07,1
LN106724,2023-03,0
LN103975,2024-07,0
LN108935,2025-04,0
LN101661,2025-11,1
LN105303,2024-08,1
LN108501,2023-10,0
LN103508,2022-10,1
LN108834,2025-04,0
LN102187,2022-12,0
LN102108,2023-07,1
LN101490,2025-06,1
LN101555,2023-01,1
LN104145,2023-03,0
LN103274,2025-02,0
LN105166,2024-12,0
LN103394,2025-05,0
LN102131,2025-09,0
LN107201,2024-04,0
LN106056,2024-07,0
LN104929,2023-04,0
LN101090,2025-11,0
LN108053,2025-10,0
LN105084,2025-12,0
LN102799,2023-08,0
LN106016,2023-12,0
LN107979,2025-08,0
LN104045,2022-06,1
LN105717,2024-08,0
LN108163,2025-01,0
LN107495,2025-08,0
LN100622,2023-11,0
LN100472,2023-01,0
LN106961,2023-08,0
LN106203,2023-03,1
LN105944,2024-05,0
LN106264,2025-09,0
LN103780,2022-03,0
LN106659,2023-01,0
LN107450,2025-07,1
LN103253,2023-11,0
LN103689,2023-01,1
LN106833,2024-05,1
LN100776,2024-04,0
LN105140,2023-06,1
LN106374,2024-11,1
LN103667,2024-10,0
LN103488,2024-08,0
LN103903,2023-09,0
LN102775,2025-09,0
LN103421,2024-06,1
LN107458,2022-08,0
LN105135,2022-02,0
LN106141,2024-04,0
LN103059,2022-12,0
LN105453,2025-04,0
LN105433,2025-05,0
LN103051,2022-07,0
LN100886,2021-09,0
LN103908,2022-09,0
LN105174,2022-04,0
LN103101,2023-01,0
LN104853,2025-07,1
LN102663,2023-11,0
LN102635,2023-09,0
LN105736,2025-05,0
LN105547,2024-11,1
LN104860,2024-05,0
LN108436,2023-07,0
LN103235,2024-09,0
LN106355,2024-09,1
LN107604,2023-07,0
LN103409,2025-10,1
LN100436,2024-04,0
LN101880,2024-10,1
LN101676,2022-01,0
LN104820,2024-04,1
LN103566,2024-10,1
LN106985,2025-02,0
LN106269,2024-04,0
LN106702,2025-05,0
LN101535,2022-07,0
LN102237,2024-11,0
LN105587,2025-05,1
LN107098,2022-09,0
LN104080,2025-05,0
LN100758,2025-04,0
LN102428,2024-06,0
LN107813,2024-08,1
LN103737,2023-07,0
LN108251,2022-08,0
LN102607,2022-12,1
LN107828,2023-10,1
LN108828,2025-06,0
LN102851,2024-08,1
LN101767,2025-01,0
LN102746,2024-12,0
LN106485,2025-05,1
LN107838,2024-05,0
LN103171,2025-05,1
LN108625,2024-10,0
LN107083,2025-02,0
LN105361,2025-05,0
LN108935,2024-09,0
LN104114,2022-09,0
LN103001,2024-04,0
LN102747,2024-05,0
LN108693,2024-06,0
LN107073,2022-12,0
LN103490,2025-11,0
LN108404,2025-05,1
LN104673,2024-11,0
LN101771,2023-03,1
LN107070,2023-07,1
LN103414,2023-10,0
LN108461,2025-12,0
LN101566,2024-11,1
LN101601,2025-09,0
LN101885,2022-07,0
LN103793,2025-07,1
LN100824,2024-04,0
LN104182,2023-08,1
LN105163,2024-11,0
LN100694,2024-05,0
LN101337,2025-10,1
LN102135,2025-01,0
LN102867,2023-03,1
LN107175,2023-09,0
LN105187,2023-06,0
LN104157,2024-06,0
LN101990,2024-06,0
LN102968,2025-10,0
LN102424,2025-09,1
LN100308,2024-04,1
LN102760,2023-01,1
LN105944,2025-03,0
LN107376,2025-03,0
LN106095,2024-01,1
LN103390,2024-06,1
LN106500,2022-04,0
LN108739,2025-09,0
LN100683,2025-08,1
LN102227,2025-09,0
LN103407,2024-06,0
LN100418,2025-11,0
LN100814,2024-05,1
LN106648,2024-08,0
LN106974,2024-10,1
LN101636,2022-09,0
LN100567,2023-08,1
LN103032,2024-09,0
LN105831,2022-06,0
LN104716,2025-04,1
LN105386,2025-02,0
LN103293,2024-01,0
LN100640,2025-03,0
LN100789,2024-05,0
LN101782,2025-07,0
LN103099,2023-09,0
LN105466,2024-07,0
LN104280,2024-05,0
LN101722,2024-01,0
LN101955,2024-06,0
LN108395,2025-06,0
LN103553,2025-01,0
LN102098,2025-02,0
LN101227,2025-01,0
LN101395,2025-06,0
LN100737,2024-06,0
LN108540,2023-05,1
LN104273,2024-03,1
LN101914,2022-12,0
LN105712,2024-11,1
LN102614,2023-02,0
LN107417,2025-01,1
LN104172,2024-08,0
LN105330,2023-07,1
LN106588,2023-07,0
LN100741,2025-04,0
LN100382,2025-10,0
LN103994,2024-02,0
LN104795,2023-01,0
LN106569,2022-08,1
LN105780,2023-09,0
LN101025,2024-07,1
LN105971,2024-05,1
LN103621,2024-10,0
LN108497,2022-11,0
LN104298,2022-12,0
LN105504,2025-03,0
LN103630,2024-12,0
LN107378,2025-08,0
LN103654,2025-11,1
LN108880,2024-06,0
LN108707,2024-08,0
LN103446,2024-02,0
LN104502,2025-09,1
LN103682,2022-05,1
LN107714,2022-06,1
LN105365,2022-07,0
LN108525,2023-04,0
LN104242,2025-12,0
LN104068,2024-05,1
LN106199,2023-06,1
LN100914,2024-08,1
LN108898,2025-10,1
LN107901,2023-04,0
LN103446,2023-07,1
LN106587,2024-12,0
LN107798,2025-08,0
LN104461,2025-12,1
LN100764,2023-01,0
LN104643,2024-08,1
LN100753,2025-05,1
LN100506,2024-03,0
LN103229,2024-06,0
LN104561,2023-02,1
LN103212,2022-09,0
LN102950,2022-09,1
LN101354,2022-07,0
LN105125,2024-11,1
LN106838,2024-03,0
LN101639,2025-08,0
LN104742,2024-12,1
LN101870,2021-09,0
LN106745,2024-11,0
LN105926,2024-02,0
LN105715,2025-03,0
LN108237,2025-02,1
LN102607,2022-08,0
LN105766,2025-02,0
LN102831,2025-02,0
LN106448,2025-02,1
LN106400,2024-05,1
LN107839,2024-05,1
LN100725,2022-09,1
LN102584,2024-01,0
LN103537,2024-01,0
LN105072,2022-08,0
LN108931,2024-04,0
LN101570,2023-03,0
LN101953,2025-09,1
LN107835,2024-04,0
LN100610,2024-10,0
LN105289,2023-10,0
LN108594,2023-04,0
LN102853,2024-06,0
LN107623,2022-05,1
LN108013,2024-01,1
LN106762,2022-11,1
LN102705,2024-01,1
LN103879,2022-10,0
LN106640,2023-05,0
LN105212,2025-03,0
LN102279,2024-10,0
LN100255,2023-04,1
LN106255,2023-11,0
LN104048,2025-06,0
LN102432,2024-05,1
LN104070,2025-12,1
LN103296,2024-07,1
LN102170,2022-09,0
LN100877,2025-07,0
LN106937,2025-10,1
LN100296,2025-04,0
LN103243,2023-09,0
LN103247,2023-03,0
LN108102,2023-01,0
LN105801,2023-07,0
LN108523,2024-10,0
LN107745,2025-11,0
LN101569,2025-04,0
LN108662,2025-07,1
LN108790,2024-08,0
LN101187,2025-05,0
LN101413,2024-10,0
LN104044,2025-08,0
LN108057,2024-08,1
LN102814,2022-12,1
LN106885,2024-08,0
LN103204,2024-01,0
LN107088,2022-06,0
LN108806,2025-08,1
LN105982,2025-06,0
LN102417,2022-12,0
LN105869,2023-12,0
LN106550,2025-03,1
LN107864,2024-03,0
LN104348,2024-05,0
LN100865,2025-10,0
LN100293,2024-01,0
LN102729,2023-08,0
LN102488,2025-10,0
LN101589,2023-04,0
LN101570,2022-02,0
LN108223,2024-09,0
LN101832,2023-07,1
LN108230,2023-08,1
LN107653,2023-10,0
LN107703,2023-12,0
LN108176,2024-02,1
LN106417,2022-11,0
LN106760,2024-09,1
LN101754,2025-04,0
LN102444,2023-11,1
LN104341,2023-05,1
LN107702,2024-09,1
LN100119,2023-05,0
LN108432,2023-05,0
LN105467,2023-12,1
LN108191,2023-01,0
LN103527,2023-11,1
LN107246,2024-08,1
LN107645,2025-01,1
LN105483,2024-11,0
LN107327,2025-04,0
LN100722,2025-08,0
LN102378,2025-06,0
LN106037,2023-04,0
LN108350,2022-01,0
LN108424,2024-09,1
LN106942,2023-04,1
LN101659,2023-02,1
LN107709,2025-10,0
LN105998,2025-02,1
LN100181,2022-04,0
LN108811,2024-08,0
LN103890,2024-08,0
LN100084,2024-11,1
LN105714,2025-01,1
LN107033,2024-07,0
LN108554,2025-10,0
LN108129,2022-11,1
LN106411,2025-12,1
LN102355,2025-09,1
LN106644,2024-10,0
LN106578,2023-10,0
LN101030,2023-04,1
LN103124,2023-02,0
LN104266,2024-08,1
LN103277,2023-10,1
LN103526,2025-06,1
LN100967,2023-12,0
LN108865,2025-05,1
LN108435,2024-03,0
LN101658,2024-11,0
LN103120,2025-12,0
LN103133,2023-12,1
LN100592,2023-11,0
LN100147,2024-01,1
LN103892,2025-03,0
LN100701,2025-06,0
LN107567,2024-05,0
LN106787,2025-07,0
LN106188,2024-03,0
LN107704,2025-09,0
LN108755,2022-04,0
LN108042,2025-04,1
LN102094,2022-10,0
LN107854,2024-03,0
LN103660,2023-11,0
LN108477,2023-10,1
LN100345,2022-10,0
LN103160,2022-03,0
LN102113,2024-10,0
LN103083,2023-07,1
LN101579,2023-09,1
LN108739,2024-08,1
LN102894,2025-09,0
LN105032,2023-03,0
LN100453,2023-10,0
LN107670,2025-01,0
LN100622,2025-04,0
LN103463,2025-02,0
LN100064,2025-05,0
LN107964,2023-07,1
LN102142,2025-02,0
LN104904,2022-04,0
LN106847,2025-03,1
LN108376,2024-08,1
LN107417,2025-08,0
LN105726,2023-05,0
LN103752,2024-11,0
LN107591,2024-02,0
LN102055,2024-01,0
LN104943,2025-11,1
LN103464,2024-02,0
LN105703,2023-05,0
LN102546,2024-06,0
LN105298,2022-07,0
LN100846,2022-04,0
LN108468,2025-07,0
LN103044,2023-05,0
LN100368,2023-12,0
LN102774,2025-03,0
LN106527,2024-07,0
LN105093,2025-07,0
LN107314,2025-01,0
LN106121,2025-10,0
LN104854,2022-03,0
LN105263,2023-03,0
LN100191,2023-09,0
LN100900,2024-07,1
LN107062,2025-05,1
LN100396,2025-06,1
LN101792,2022-09,0
LN108788,2024-06,0
LN103513,2022-06,0
LN102804,2024-04,0
LN102316,2022-04,1
LN103460,2023-10,0
LN104576,2024-02,1
LN101906,2024-12,1
LN104740,2023-05,1
LN106053,2023-06,0
LN108597,2024-10,0
LN101117,2025-03,0
LN107166,2024-11,1
LN100375,2021-11,1
LN100275,2023-12,0
LN107473,2025-02,0
LN102248,2022-09,0
LN106416,2025-07,0
LN107685,2024-09,1
LN106643,2025-05,0
LN105225,2024-08,0
LN104848,2024-07,1
LN100524,2022-08,1
LN108187,2023-07,1
LN101586,2025-10,0
LN107718,2024-04,1
LN102942,2025-02,0
LN102473,2025-12,0
LN100810,2024-09,1
LN103855,2024-04,0
LN107747,2024-10,0
LN102951,2024-06,0
LN103038,2023-06,0
LN105052,2025-11,0
LN104563,2025-07,1
LN105581,2024-08,1
LN100882,2025-01,0
LN102003,2024-06,1
LN102773,2025-02,1
LN107749,2025-02,1
LN101194,2025-06,0
LN103901,2025-11,0
LN106728,2024-09,0
LN105210,2024-10,1
LN100493,2023-09,0
LN104841,2023-07,1
LN101782,2024-05,0
LN106566,2023-09,1
LN100257,2023-12,0
LN103870,2025-02,0
LN105061,2025-03,1
LN104061,2024-02,0
LN103483,2025-03,0
LN104219,2023-10,1
LN103559,2025-01,0
LN102567,2024-02,0
LN103547,2025-08,0
LN100386,2022-09,0
LN104399,2025-10,1
LN103350,2023-10,0
LN107669,2024-12,0
LN101480,2024-02,0
LN107237,2024-11,0
LN108139,2022-10,0
LN105721,2025-10,1
LN101306,2023-06,0
LN107305,2023-05,0
LN102946,2025-04,0
LN107684,2025-02,0
LN106834,2021-12,1
LN103063,2025-07,0
LN106571,2025-04,0
LN105999,2023-03,0
LN100647,2023-09,0
LN108830,2025-04,0
LN105430,2025-07,0
LN101122,2023-08,1
LN100840,2025-01,1
LN107744,2023-05,1
LN106711,2022-10,0
LN106870,2024-10,0
LN104550,2023-02,0
LN106690,2025-03,0
LN106062,2024-04,0
LN106877,2024-05,1
LN104158,2023-08,0
LN104255,2025-06,0
LN102119,2024-01,0
LN100879,2025-05,0
LN106224,2025-02,0
LN102911,2024-02,1
LN100957,2024-09,0
LN101498,2023-10,1
LN103052,2024-09,0
LN105279,2025-07,1
LN103836,2023-02,1
LN108766,2022-08,0
LN103815,2024-03,1
LN105210,2025-11,1
LN108278,2024-04,0
LN108863,2024-12,1
LN101687,2025-06,1
LN100195,2023-06,0
LN103107,2025-04,1
LN104626,2023-12,0
LN100662,2023-06,0
LN103053,2024-06,1
LN104204,2023-10,0
LN100857,2024-04,0
LN101533,2024-09,0
LN100335,2024-04,0
LN108514,2024-11,0
LN100703,2023-02,0
LN103129,2024-05,1
LN100154,2024-08,0
LN108924,2023-08,0
LN107031,2025-06,1
LN100637,2024-01,0
LN105449,2023-10,0
LN101912,2022-04,0
LN101483,2025-12,0
LN102025,2025-07,0
LN100868,2024-12,0
LN103270,2023-02,1
LN100383,2024-11,0
LN108483,2025-08,0
LN108445,2025-03,0
LN102927,2023-02,0
LN105735,2024-04,0
LN103735,2024-07,0
LN100888,2024-12,0
LN108924,2024-11,1
LN104298,2021-12,0
LN100704,2024-02,0
LN100737,2025-09,0
LN103310,2024-08,1
LN108366,2025-01,1
LN102709,2024-11,1
LN104416,2023-05,1
LN100703,2025-01,1
LN101381,2024-08,0
LN106998,2024-08,0
LN100517,2022-10,1
LN100369,2025-11,1
LN100008,2022-08,1
LN107309,2023-05,0
LN107397,2022-04,0
LN100328,2023-05,0
LN103658,2024-12,0
LN108174,2023-07,0
LN101934,2022-08,0
LN108802,2025-02,1
LN103942,2024-11,1
LN107426,2025-09,1
LN102458,2025-07,1
LN105503,2024-02,0
LN103993,2024-09,0
LN106869,2024-02,0
LN101676,2025-04,1
LN102653,2025-01,1
LN102347,2024-09,0
LN102224,2025-09,0
LN107989,2023-02,0
LN105175,2023-10,1
LN100212,2025-07,1
LN108673,2023-10,0
LN101854,2023-03,0
LN100857,2021-12,0
LN101552,2024-01,0
LN103297,2025-12,1
LN108583,2022-11,1
LN103348,2025-05,0
LN107658,2025-02,0
LN104412,2025-12,0
LN100092,2025-07,0
LN102789,2025-07,1
LN101260,2023-07,0
LN104781,2023-10,0
LN102621,2024-07,0
LN102130,2024-06,0
LN106945,2023-08,0
LN100704,2023-09,0
LN103164,2022-12,1
LN102168,2024-12,0
LN105766,2023-11,0
LN101948,2022-12,0
LN106806,2023-07,1
LN102949,2025-09,1
LN100007,2024-06,0
LN107436,2025-09,1
LN105765,2023-11,0
LN100758,2024-04,0
LN101063,2023-12,0
LN106144,2022-03,1
LN101764,2024-12,0
LN101028,2024-01,0
LN101430,2023-06,1
LN105726,2023-06,1
LN100383,2025-01,0
LN108546,2023-12,0
LN104144,2023-10,0
LN108694,2025-05,1
LN101364,2023-12,0
LN102790,2025-07,1
LN102678,2024-08,0
LN101225,2025-05,1
LN102194,2025-06,0
LN106560,2024-02,0
LN104737,2024-03,1
LN101409,2022-06,0
LN102038,2025-07,0
LN105016,2021-12,0
LN108713,2025-12,1
LN107901,2024-04,1
LN106085,2024-05,1
LN100049,2024-11,0
LN107735,2024-09,0
LN106065,2024-05,1
LN104199,2024-07,0
LN103371,2024-11,0
LN104366,2024-11,0
LN103410,2024-01,0
LN106022,2025-03,0
LN107118,2023-10,0
LN105915,2025-03,0
LN100253,2024-12,1
LN106751,2024-07,1
LN106744,2025-10,0
LN108112,2024-01,0
LN102394,2023-09,0
LN103511,2025-07,1
LN104877,2025-11,0
LN103782,2023-08,1
LN101266,2023-12,1
LN107558,2024-08,0
LN104491,2024-01,0
LN102140,2025-05,0
LN106575,2025-08,0
LN100567,2024-05,0
LN106788,2025-07,1
LN108913,2024-03,0
LN102747,2024-10,0
LN102424,2024-03,0
LN103465,2024-03,0
LN106890,2025-08,0
LN100578,2025-06,0
LN107921,2022-10,1
LN103293,2025-11,0
LN107279,2024-10,0
LN105815,2025-10,1
LN101179,2022-06,0
LN104666,2023-01,1
LN102020,2024-06,0
LN104565,2022-09,0
LN101304,2023-11,0
LN102320,2022-03,0
LN106131,2023-02,0
LN105824,2023-11,0
LN100826,2025-10,0
LN107599,2022-08,0
LN103871,2024-12,0
LN101543,2024-08,1
LN106384,2025-01,1
LN108831,2025-05,1
LN107779,2023-08,1
LN101705,2025-09,0
LN106740,2023-08,0
LN108629,2024-08,0
LN106614,2023-08,0
LN103216,2024-04,1
LN104216,2025-04,1
LN107141,2025-05,1
LN101635,2025-06,0
LN107049,2025-07,0
LN106650,2022-03,0
LN104384,2022-11,0
LN101890,2022-12,1
LN101362,2023-07,1
LN102663,2024-04,0
LN101636,2022-06,0
LN101049,2023-01,0
LN100705,2024-08,0
LN104084,2025-07,0
LN102829,2024-04,0
LN106187,2025-03,0
LN103070,2022-12,0
LN106687,2023-05,0
LN100521,2025-04,0
LN100187,2024-08,1
LN104531,2023-10,0
LN100438,2022-02,1
LN108612,2023-05,1
LN103694,2024-11,0
LN104518,2024-12,0
LN100505,2025-01,1
LN102410,2023-07,0
LN103264,2024-04,0
LN108319,2022-08,1
LN100456,2023-11,0
LN104763,2023-04,0
LN106359,2024-01,0
LN100179,2024-08,0
LN106133,2025-04,1
LN103069,2022-09,0
LN105897,2025-04,0
LN101320,2023-04,0
LN103112,2022-01,0
LN100233,2025-03,0
LN100349,2023-03,0
LN101052,2025-03,0
LN105818,2023-01,1
LN101457,2023-09,0
LN104492,2024-10,0
LN107995,2024-11,0
LN103248,2024-05,1
LN103960,2024-10,0
LN101561,2025-12,0
LN104074,2023-02,0
LN106215,2023-12,0
LN103964,2024-06,0
LN100605,2024-01,0
LN105114,2025-02,0
LN104123,2023-10,1
LN107255,2025-10,0
LN100541,2024-03,1
LN100406,2023-08,0
LN107044,2024-08,0
LN104407,2025-11,1
LN107959,2023-12,0
LN102719,2022-11,1
LN106133,2024-01,1
LN102015,2024-05,1
LN108831,2024-05,0
LN107385,2022-05,0
LN103717,2022-10,1
LN107436,2025-05,0
LN100752,2023-10,0
LN101461,2023-08,0
LN101251,2023-02,1
LN107777,2025-05,0
LN107320,2023-10,0
LN101756,2023-03,0
LN108899,2023-05,1
LN100410,2025-01,1
LN101395,2025-07,1
LN105716,2022-12,0
LN105087,2023-11,1
LN105526,2025-07,0
LN105121,2024-06,0
LN104524,2025-10,0
LN104552,2025-09,0
LN102584,2025-07,1
LN103480,2024-07,0
LN107665,2024-06,1
LN101344,2025-01,1
LN103133,2025-04,0
LN103270,2024-10,0
LN107937,2023-12,0
LN108859,2025-05,0
LN105143,2025-02,0
LN104298,2023-11,0
LN108969,2025-07,0
LN108054,2024-12,1
LN103063,2023-04,0
LN104765,2025-01,0
LN102206,2022-01,0
LN103348,2022-08,1
LN102697,2023-12,0
LN102683,2025-01,0
LN106865,2025-06,0
LN100705,2024-04,0
LN103931,2024-11,0
LN100627,2024-10,0
LN101533,2025-06,0
LN102745,2025-02,1
LN104455,2022-02,1
LN101678,2025-12,1
LN102311,2022-12,0
LN107520,2023-10,0
LN100233,2024-07,0
LN100622,2025-10,0
LN108201,2025-12,0
LN105779,2023-02,1
LN104837,2023-05,0
LN108058,2024-01,0
LN102268,2022-04,0
LN100267,2024-12,1
LN102284,2024-04,1
LN107411,2023-06,1
LN107550,2025-07,1
LN102460,2023-09,0
LN107751,2023-07,0
LN103720,2025-02,0
LN104575,2024-07,0
LN103343,2025-08,0
LN100236,2025-01,0
LN106958,2023-09,0
LN108387,2024-10,0
LN105670,2025-01,1
LN104591,2024-03,0
LN100256,2024-02,0
LN105363,2024-07,0
LN102102,2023-06,0
LN103016,2024-09,0
LN108376,2023-01,0
LN101661,2024-03,0
LN104846,2024-12,1
LN101960,2025-11,1
LN103639,2024-05,0
LN108930,2024-10,0
LN104084,2025-08,0
LN100685,2025-10,0
LN103008,2024-09,0
LN100659,2023-06,0
LN100317,2025-05,0
LN108319,2022-09,0
LN105064,2024-05,1
LN105334,2024-09,0
LN105548,2025-03,0
LN100929,2024-04,0
LN103069,2023-12,1
LN104395,2023-10,1
LN104565,2025-10,0
LN104048,2024-03,0
LN107492,2025-11,0
LN103594,2022-09,1
LN108953,2025-03,0
LN101562,2023-07,0
LN102947,2025-04,1
LN107226,2023-06,1
LN102911,2022-08,1
LN102191,2024-10,0
LN107014,2023-03,1
LN105114,2024-05,0
LN104966,2023-04,1
LN107261,2025-11,1
LN106614,2024-06,0
LN104191,2025-06,0
LN106565,2023-04,0
LN103388,2023-10,0
LN105999,2024-02,0
LN103010,2024-09,0
LN105877,2024-07,0
LN105825,2023-05,0
LN103211,2025-10,0
LN107073,2024-08,0
LN104656,2022-08,0
LN103455,2025-01,0
LN108995,2023-06,1
LN100414,2023-08,0
LN103082,2023-10,0
LN107334,2023-03,1
LN100035,2021-09,0
LN102497,2024-10,1
LN100250,2022-07,1
LN107208,2024-02,0
LN101270,2022-12,0
LN107737,2024-12,1
LN104738,2024-01,0
LN105892,2022-11,0
LN104862,2025-08,1
LN100293,2022-12,0
LN103151,2022-08,0
LN101228,2022-04,0
LN102725,2024-09,1
LN108017,2023-04,0
LN108247,2025-03,1
LN107467,2024-12,0
LN108599,2025-07,0
LN101695,2025-06,0
LN104643,2025-06,0
LN100880,2021-11,0
LN103101,2025-09,0
LN107329,2023-11,0
LN102482,2025-06,1
LN101635,2025-10,0
LN107106,2023-03,0
LN103011,2023-09,0
LN100215,2023-06,1
LN100272,2024-07,0
LN103484,2023-12,0
LN100122,2023-11,0
LN102728,2025-04,0
LN101890,2023-03,1
LN104134,2025-08,0
LN107629,2025-05,1
LN108413,2023-05,0
LN101135,2022-09,1
LN105597,2024-07,0
LN104225,2022-04,1
LN107910,2025-11,0
LN107099,2024-11,1
LN102752,2024-03,0
LN104786,2024-03,0
LN105982,2025-07,0
LN106924,2024-02,1
LN103361,2025-09,0
LN106286,2025-06,0
LN105382,2025-02,0
LN105990,2023-12,0
LN104074,2025-01,1
LN106608,2023-11,0
LN102733,2024-01,1
LN106474,2025-10,0
LN102786,2025-06,0
LN100086,2025-05,0
LN107588,2022-06,0
LN104330,2022-11,0
LN101860,2024-07,1
LN108044,2024-08,1
LN102117,2025-08,0
LN100657,2025-05,0
LN102922,2025-09,0
LN103326,2023-04,0
LN102099,2024-06,0
LN100284,2023-10,0
LN101654,2022-12,0
LN100629,2024-04,0
LN106532,2024-12,0
LN107978,2024-10,0
LN107261,2024-06,0
LN103754,2023-03,0
LN101400,2025-08,0
LN107529,2025-12,0
LN102218,2023-02,1
LN107699,2023-04,0
LN107598,2024-08,1
LN104613,2023-05,0
LN103265,2024-07,0
LN100329,2025-08,0
LN101513,2025-12,0
LN108417,2024-07,1
LN107421,2024-08,1
LN104847,2024-05,1
LN103004,2024-05,1
LN100629,2022-10,0
LN102629,2022-07,1
LN106280,2021-12,1
LN106052,2024-04,0
LN102400,2024-06,0
LN108512,2025-12,0
LN104434,2024-12,0
LN102817,2025-11,0
LN102084,2022-02,0
LN101709,2025-08,1
LN107445,2024-08,1
LN107479,2023-03,0
LN106123,2024-05,0
LN104431,2023-11,0
LN107808,2022-03,0
LN103562,2023-01,0
LN105131,2023-11,0
LN106792,2024-06,0
LN107130,2025-11,0
LN103199,2025-07,0
LN102964,2024-07,0
LN107061,2021-10,0
LN103057,2024-12,0
LN103483,2024-11,1
LN103988,2023-04,1
LN101775,2022-06,0
LN102698,2025-12,0
LN104494,2023-01,0
LN104616,2024-06,0
LN106659,2025-11,0
LN103736,2024-07,0
LN104419,2024-10,0
LN100995,2024-08,0
LN108690,2022-09,0
LN101685,2025-09,1
LN106364,2024-08,1
LN105683,2023-05,0
LN106083,2024-12,0
LN103724,2025-08,1
LN107531,2024-04,1
LN101177,2024-08,0
LN106709,2024-06,1
LN108618,2024-08,1
LN103137,2025-08,0
LN105465,2024-09,0
LN108975,2024-11,1
LN103448,2024-10,0
LN108408,2024-07,0
LN101869,2025-09,1
LN104694,2024-03,1
LN100368,2025-06,0
LN100012,2025-12,0
LN106331,2025-09,0
LN101940,2022-08,0
LN103676,2024-10,0
LN108501,2022-12,0
LN108071,2024-12,0
LN102465,2023-01,0
LN105928,2024-04,1
LN105655,2025-01,0
LN106708,2024-04,0
LN105920,2022-12,0
LN104071,2025-10,0
LN100832,2025-08,1
LN105378,2024-01,1
LN108593,2024-05,0
LN106165,2024-12,0
LN105679,2025-03,0
LN100386,2023-11,1
LN100190,2025-08,0
LN107931,2022-04,0
LN107314,2024-09,0
LN102089,2024-09,0
LN102481,2025-11,1
LN100414,2024-09,0
LN107174,2025-08,0
LN105822,2025-03,0
LN102623,2025-09,0
LN106738,2025-02,0
LN100839,2024-12,0
LN103648,2024-12,1
LN101364,2023-06,0
LN100957,2024-07,0
LN102901,2025-12,0
LN101393,2025-08,0
LN108275,2025-12,1
LN107359,2022-08,0
LN104602,2025-08,0
LN108875,2025-05,1
LN104564,2025-09,0
LN102079,2022-08,0
LN106506,2024-11,0
LN105675,2023-07,0
LN106538,2025-05,1
LN106248,2025-04,0
LN101533,2022-05,1
LN103898,2023-09,0
LN108846,2024-05,0
LN108745,2023-12,1
LN108402,2022-12,0
LN107799,2023-09,0
LN106899,2024-07,0
LN105432,2023-05,0
LN102771,2025-02,0
LN104673,2025-11,0
LN102774,2024-01,0
LN102342,2023-06,1
LN104982,2023-05,1
LN101581,2023-08,1
LN105726,2024-08,1
LN103016,2023-05,1
LN103589,2025-02,0
LN100546,2024-09,1
LN108593,2023-04,0
LN100771,2025-03,0
LN107668,2022-06,1
LN104181,2022-12,0
LN100943,2025-10,0
LN104340,2022-09,1
LN101914,2025-04,0
LN105427,2022-01,0
LN106666,2023-02,1
LN107574,2023-07,1
LN107505,2024-12,1
LN106015,2024-04,0
LN107120,2023-12,0
LN107174,2022-08,1
LN101130,2024-03,0
LN103288,2024-05,0
LN106633,2025-06,0
LN104401,2025-11,0
LN100328,2023-09,0
LN102276,2023-07,1
LN107875,2024-02,0
LN105544,2022-07,1
LN108291,2024-11,0
LN101677,2023-03,1
LN107743,2024-10,0
LN102568,2024-02,1
LN106899,2025-12,1
LN102932,2022-12,0
LN106753,2021-11,0
LN101231,2024-11,0
LN105326,2024-07,1
LN106035,2024-05,1
LN106013,2023-08,0
LN101629,2023-05,0
LN101250,2024-01,0
LN102388,2025-12,0
LN101625,2025-02,0
LN104881,2024-12,0
LN101780,2025-04,0
LN106910,2024-07,0
LN100426,2025-04,0
LN107360,2021-12,1
LN105651,2024-09,0
LN106048,2022-12,1
LN108426,2025-03,0
LN103815,2025-04,1
LN108912,2024-03,0
LN105456,2023-12,1
LN101150,2025-12,0
LN100646,2023-12,1
LN107861,2024-12,0
LN102101,2025-04,0
LN108318,2023-06,0
LN106319,2023-05,0
LN100171,2024-07,1
LN102320,2022-12,0
LN100926,2024-05,1
LN100141,2025-06,0
LN108545,2025-11,0
LN108307,2023-10,0
LN103087,2022-05,0
LN105938,2024-12,1
LN102163,2025-02,0
LN105527,2024-05,0
LN103301,2022-08,0
LN105173,2025-10,1
LN108283,2023-11,0
LN102833,2024-07,0
LN100737,2024-11,0
LN100796,2025-06,0
LN108624,2025-01,1
LN108836,2024-12,0
LN101965,2024-12,0
LN107385,2022-11,0
LN101972,2025-12,0
LN105474,2024-05,0
LN102711,2021-11,0
LN104460,2023-09,0
LN103958,2023-06,1
LN106387,2025-02,0
LN106798,2024-05,0
LN105955,2024-09,0
LN108116,2022-05,0
LN107852,2023-04,0
LN105718,2025-11,0
LN100311,2025-07,0
LN106574,2023-12,0
LN105879,2025-08,0
LN105816,2024-05,1
LN107049,2023-12,0
LN108065,2025-06,0
LN102719,2023-05,0
LN102518,2023-05,0
LN105085,2025-04,0
LN107274,2023-08,0
LN101645,2023-01,0
LN107651,2024-07,1
LN101871,2023-11,1
LN106123,2023-05,0
LN104130,2022-11,0
LN100637,2023-08,0
LN104400,2024-09,0
LN103613,2025-12,0
LN106493,2025-03,0
LN104702,2024-07,0
LN108844,2023-07,1
LN106096,2025-02,0
LN106831,2023-11,0
LN100615,2024-06,0
LN105976,2025-11,0
LN108261,2025-02,0
LN102765,2023-06,0
LN101091,2025-06,0
LN102735,2023-06,1
LN107219,2024-11,1
LN106615,2025-01,0
LN104926,2023-08,0
LN106420,2025-01,0
LN107399,2025-02,1
LN106253,2024-09,0
LN101139,2023-06,0
LN107151,2025-04,1
LN108779,2025-06,0
LN104820,2025-03,0
LN100121,2024-05,1
LN105634,2024-03,1
LN100739,2024-08,0
LN104406,2023-01,0
LN103941,2023-04,0
LN100708,2023-06,1
LN103281,2025-12,1
LN106537,2024-12,0
LN105871,2023-03,1
LN102565,2025-07,0
LN100334,2023-04,1
LN104070,2024-02,0
LN103728,2025-01,0
LN103467,2024-03,1
LN108561,2022-10,0
LN100079,2025-12,0
LN106998,2025-02,0
LN101830,2023-06,0
LN107908,2025-01,0
LN103317,2023-12,0
LN101634,2023-08,0
LN104942,2024-10,0
LN108998,2021-11,1
LN108842,2025-01,1
LN107415,2025-06,1
LN104762,2022-08,0
LN107598,2024-03,0
LN104104,2023-05,0
LN102174,2024-09,0
LN105471,2023-05,0
LN102968,2024-09,0
LN104077,2024-04,0
LN107151,2025-06,0
LN105360,2024-01,0
LN105909,2025-06,0
LN101973,2024-07,0
LN100136,2024-09,0
LN104750,2023-01,1
LN105499,2024-01,0
LN107820,2023-09,0
LN100052,2023-09,0
LN103812,2025-10,0
LN104490,2022-02,0
LN108630,2025-01,0
LN107971,2024-07,0
LN105572,2022-05,1
LN102838,2022-05,0
LN102036,2023-08,1
LN105557,2024-07,0
LN103550,2023-11,0
LN102840,2025-06,0
LN103844,2025-04,0
LN104691,2021-09,0
LN106428,2025-06,1
LN100596,2023-10,1
LN102549,2023-06,1
LN104571,2025-09,0
LN101544,2023-06,0
LN103217,2023-09,0
LN103049,2024-11,0
LN102703,2024-07,0
LN104595,2023-03,0
LN107400,2024-09,0
LN107859,2025-05,0
LN101907,2023-03,0
LN103895,2025-07,0
LN106423,2025-01,0
LN106319,2022-08,1
LN104416,2025-02,0
LN106725,2024-01,0
LN104888,2023-11,0
LN107703,2023-11,0
LN104240,2023-06,1
LN103281,2024-03,0
LN103534,2024-05,0
LN103796,2025-09,0
LN102521,2024-12,0
LN105863,2023-08,0
LN106823,2023-04,0
LN108264,2023-12,1
LN106150,2024-09,0
LN105791,2023-01,0
LN108700,2025-08,0
LN103513,2023-07,0
LN103717,2025-01,1
LN101445,2023-11,0
LN108486,2025-08,0
LN102630,2025-01,1
LN103107,2025-07,1
LN103918,2025-10,1
LN107577,2024-03,0
LN107830,2025-05,0
LN101415,2024-09,0
LN102451,2025-08,0
LN105688,2024-04,0
LN106646,2023-08,0
LN102923,2025-08,0
LN108186,2024-10,1
LN103067,2024-01,0
LN106586,2024-10,1
LN107613,2023-12,1
LN103318,2022-08,0
LN100155,2024-06,1
LN108544,2024-02,0
LN103405,2023-02,1
LN106465,2025-01,1
LN107056,2025-09,1
LN104602,2024-01,0
LN103702,2024-10,0
LN101360,2025-06,0
LN103913,2025-06,0
LN105689,2024-04,1
LN106801,2023-10,0
LN106019,2025-06,1
LN101307,2025-04,0
LN103250,2025-05,0
LN102556,2025-10,0
LN100968,2025-10,0
LN100352,2023-02,0
LN101368,2025-09,1
LN102956,2021-11,0
LN107699,2024-07,1
LN103323,2024-08,0
LN104565,2024-04,0
LN101483,2023-11,1
LN106926,2023-01,0
LN107585,2023-07,0
LN104412,2024-04,0
LN105300,2023-05,0
LN106388,2023-07,1
LN108059,2025-03,0
LN100876,2024-04,0
LN103030,2025-11,0
LN104500,2025-03,0
LN104344,2023-09,1
LN106936,2024-06,0
LN101516,2023-06,0
LN103499,2024-01,0
LN102656,2023-12,0
LN105234,2022-10,0
LN102290,2023-01,0
LN104429,2024-10,0
LN104941,2024-09,0
LN103406,2023-11,0
LN107971,2023-05,0
LN106056,2023-03,0
LN106415,2022-08,1
LN108294,2024-12,0
LN107402,2023-10,1
LN105030,2022-08,0
LN100551,2023-01,1
LN104599,2024-04,0
LN102995,2024-12,0
LN107612,2023-07,1
LN106686,2023-11,1
LN106713,2023-06,0
LN104915,2024-01,1
LN108235,2025-05,0
LN101957,2025-07,0
LN102657,2023-01,0
LN104884,2022-12,0
LN102090,2024-10,0
LN107330,2025-04,0
LN102216,2025-08,1
LN101856,2024-08,0
LN104565,2023-11,1
LN105327,2023-05,1
LN106320,2024-04,0
LN103870,2024-12,0
LN102501,2024-11,0
LN103480,2024-05,0
LN104041,2024-12,0
LN105318,2024-07,0
LN101766,2025-10,0
LN104911,2024-08,0
LN101767,2025-10,1
LN105731,2022-05,1
LN101305,2024-10,0
LN101529,2024-09,0
LN106917,2023-06,0
LN108366,2025-04,1
LN106576,2023-11,0
LN108788,2023-06,0
LN107919,2023-08,1
LN106952,2024-07,0
LN106350,2024-12,1
LN102599,2024-07,0
LN107486,2025-07,0
LN105016,2023-04,0
LN108188,2024-03,0
LN101540,2023-10,0
LN107342,2024-07,0
LN104654,2023-12,0
LN107841,2025-03,0
LN108750,2024-07,1
LN103903,2025-05,0
LN107468,2024-11,0
LN100730,2025-04,0
LN100944,2025-12,0
LN107988,2024-02,0
LN105975,2023-08,0
LN103047,2024-04,0
LN105931,2025-01,0
LN100651,2025-09,1
LN102832,2024-05,0
LN100924,2024-12,0
LN104845,2025-04,0
LN108394,2024-07,0
LN106144,2022-02,0
LN106415,2022-10,1
LN102594,2023-12,0
LN103496,2022-09,1
LN102935,2024-01,0
LN104396,2024-11,0
LN102150,2024-11,1
LN103165,2024-01,1
LN105789,2025-11,1
LN100316,2025-10,0
LN100539,2022-04,1
LN100762,2025-03,0
LN108433,2025-09,0
LN104631,2023-11,0
LN107611,2024-09,0
LN104331,2023-09,0
LN106469,2023-11,0
LN101724,2025-08,1
LN106405,2025-09,0
LN102776,2023-06,1
LN104220,2023-11,1
LN103087,2024-02,0
LN101461,2025-01,1
LN106348,2025-07,1
LN101360,2025-03,0
LN101284,2025-12,1
LN106260,2024-11,0
LN105385,2025-08,0
LN101553,2024-04,1
LN102230,2024-07,0
LN105674,2024-08,1
LN104160,2023-07,0
LN105257,2022-10,0
LN106437,2024-10,1
LN104570,2023-12,0
LN100250,2023-08,1
LN102300,2023-10,0
LN100855,2024-06,0
LN100994,2025-10,0
LN104525,2024-06,0
LN107837,2025-07,0
LN106425,2025-02,1
LN106086,2023-06,0
LN108058,2024-02,1
LN100788,2023-06,0
LN102744,2022-05,0
LN108834,2024-10,0
LN106558,2025-09,0
LN105331,2025-08,0
LN108471,2023-02,1
LN108827,2023-07,0
LN107334,2024-05,1
LN106891,2022-09,1
LN101807,2025-08,0
LN105748,2024-09,1
LN107245,2025-10,0
LN101527,2023-05,0
LN108257,2025-09,0
LN101601,2025-04,0
LN102943,2022-09,0
LN108310,2021-11,0
LN105619,2022-03,0
LN103746,2024-03,0
LN103762,2023-12,1
LN104619,2025-10,0
LN102012,2023-03,0
LN108631,2023-12,0
LN103671,2022-05,1
LN104667,2024-03,0
LN107855,2024-11,0
LN108794,2024-07,0
LN100715,2024-10,1
LN105403,2023-06,0
LN103758,2022-02,0
LN105732,2024-07,1
LN106227,2025-12,0
LN108947,2025-03,0
LN101424,2024-01,0
LN100255,2025-09,0
LN108680,2025-07,0
LN102470,2024-12,0
LN103743,2025-11,1
LN102904,2024-02,0
LN103241,2024-12,0
LN101042,2025-02,1
LN100723,2024-01,0
LN105451,2024-12,1
LN101176,2024-04,0
LN102436,2024-02,0
LN100956,2025-12,0
LN101809,2024-11,1
LN106084,2024-04,0
LN107179,2023-09,0
LN102778,2024-04,0
LN107718,2025-04,0
LN106237,2023-05,0
LN103680,2024-08,0
LN107863,2024-12,0
LN105203,2025-10,0
LN100246,2024-05,0
LN101387,2024-02,0
LN100373,2024-12,0
LN105257,2024-12,0
LN105757,2024-04,0
LN107494,2025-02,1
LN104433,2023-04,0
LN106389,2023-11,0
LN102689,2025-04,0
LN106519,2024-07,0
LN102814,2023-01,0
LN105482,2025-09,0
LN106038,2024-05,0
LN105675,2022-07,0
LN103780,2021-09,1
LN108361,2024-03,0
LN108867,2022-12,0
LN102139,2023-08,0
LN103770,2025-06,0
LN107974,2022-10,1
LN106572,2025-07,0
LN103308,2025-09,0
LN108175,2023-09,0
LN107503,2024-12,0
LN108689,2025-05,1
LN103406,2023-10,0
LN106793,2025-10,0
LN105588,2025-11,0
LN108397,2024-01,1
LN102642,2025-07,1
LN105778,2024-10,0
LN101671,2023-07,1
LN107775,2024-07,1
LN106480,2024-04,0
LN102859,2024-10,1
LN106162,2025-06,0
LN100822,2022-02,0
LN100911,2022-04,0
LN108188,2023-02,0
LN100216,2025-08,0
LN101366,2024-08,0
LN102136,2023-07,1
LN106062,2024-01,0
LN106179,2025-08,0
LN107520,2024-11,1
LN101764,2023-08,1
LN103845,2025-11,0
LN104138,2024-11,1
LN102671,2025-01,1
LN106228,2023-12,0
LN101393,2025-07,0
LN105026,2022-06,0
LN105316,2023-05,1
LN103269,2025-04,0
LN101074,2024-02,0
LN102037,2021-11,0
LN106451,2025-05,1
LN107841,2024-07,0
LN107734,2023-12,0
LN106781,2024-09,1
LN104591,2025-08,0
LN103798,2023-07,0
LN103565,2024-07,0
LN105944,2025-06,0
LN103927,2024-10,1
LN102964,2025-08,0
LN108525,2023-10,1
LN100945,2023-03,0
LN102828,2024-06,0
LN108522,2024-01,0
LN108225,2024-08,0
LN101192,2025-06,0
LN106605,2022-07,0
LN104569,2024-07,0
LN102872,2024-09,0
LN100384,2022-04,1
LN103410,2025-11,1
LN103681,2024-08,0
LN107048,2024-12,0
LN104241,2025-08,0
LN103881,2024-09,0
LN103492,2022-10,0
LN102584,2024-02,0
LN106835,2025-03,0
LN107366,2024-06,0
LN102859,2024-04,0
LN106872,2025-10,0
LN102986,2025-05,0
LN108328,2022-09,0
LN102327,2023-05,0
LN101037,2025-12,1
LN103775,2022-08,0
LN105408,2024-03,1
LN100105,2024-06,0
LN104963,2022-12,0
LN100647,2024-11,0
LN102292,2025-02,0
LN101293,2024-11,0
LN104123,2023-01,0
LN103417,2025-06,1
LN106228,2022-12,0
LN101886,2025-10,1
LN102681,2025-02,0
LN100057,2022-09,0
LN103650,2025-11,1
LN100616,2025-01,0
LN108846,2023-06,1
LN104260,2025-11,0
LN104667,2025-04,0
LN104530,2022-01,1
LN106210,2022-06,0
LN108192,2022-08,0
LN102657,2025-05,0
LN100057,2025-04,0
LN100442,2022-03,0
LN104050,2023-10,0
LN107499,2022-09,0
LN100490,2025-02,1
LN107799,2023-12,1
LN104617,2024-08,0
LN100378,2023-01,0
LN105089,2024-05,0
LN105679,2024-02,0
LN108035,2023-12,0
LN103973,2023-02,1
LN107384,2024-06,0
LN102919,2023-01,1
LN103248,2023-08,1
LN107966,2022-08,0
LN107890,2023-06,1
LN108868,2025-12,1
LN105760,2023-07,1
LN105308,2022-06,0
LN105296,2023-03,1
LN107721,2025-01,0
LN104134,2025-11,1
LN102619,2025-09,0
LN104760,2025-04,0
LN108850,2025-12,1
LN108750,2024-03,1
LN108312,2023-12,0
LN108563,2023-02,1
LN106579,2023-03,0
LN108659,2025-03,1
LN101719,2023-05,0
LN106613,2021-12,0
LN108177,2024-06,0
LN107224,2024-06,0
LN105344,2022-07,0
LN103669,2023-09,0
LN106862,2022-10,0
LN103861,2023-12,0
LN107430,2025-04,0
LN108827,2025-12,0
LN100846,2025-10,0
LN108727,2025-03,0
LN100398,2022-11,0
LN104382,2025-02,0
LN103334,2024-11,1
LN103609,2024-02,0
LN100137,2023-08,1
LN105968,2024-06,1
LN101797,2023-06,0
LN107433,2025-05,0
LN107136,2023-09,0
LN106167,2024-10,0
LN108828,2023-12,1
LN102990,2025-02,0
LN104495,2025-12,1
LN102953,2025-06,1
LN101988,2025-07,0
LN102315,2023-06,0
LN100824,2025-03,0
LN102337,2024-08,0
LN102251,2025-11,0
LN103901,2025-09,0
LN106296,2024-05,1
LN100101,2022-09,0
LN103314,2025-01,0
LN102231,2025-10,0
LN103215,2023-11,1
LN102752,2024-06,0
LN106690,2023-09,1
LN101849,2023-11,0
LN106929,2024-02,0
LN101721,2024-12,1
LN108544,2023-01,0
LN104709,2025-06,0
LN105477,2024-05,0
LN108548,2024-09,0
LN100232,2022-06,1
LN106152,2025-04,0
LN101034,2022-02,0
LN102759,2025-09,1
LN100168,2023-10,0
LN107757,2024-04,1
LN105378,2023-05,1
LN104225,2023-11,1
LN103248,2024-04,0
LN108019,2025-12,0
LN101037,2025-09,0
LN100242,2025-01,0
LN106065,2024-01,1
LN103947,2024-01,0
LN106182,2024-08,0
LN108371,2024-07,1
LN106317,2024-09,1
LN108751,2022-04,0
LN101271,2022-02,0
LN104131,2024-10,0
LN100700,2023-12,1
LN106843,2024-12,0
LN101084,2022-11,0
LN107141,2024-04,0
LN107948,2024-01,0
LN103565,2024-06,0
LN104415,2025-10,1
LN108186,2025-12,0
LN102286,2025-04,0
LN102124,2025-02,0
LN101773,2024-03,0
LN107524,2023-01,1
LN104122,2025-11,0
LN102209,2023-12,0
LN108499,2024-11,0
LN107227,2025-10,1
LN100088,2024-11,0
LN101178,2024-04,0
LN106631,2023-05,0
LN100375,2023-07,0
LN105501,2022-11,1
LN103685,2024-06,1
LN106637,2022-01,0
LN104235,2023-09,0
LN108672,2024-03,0
LN104487,2022-10,0
LN100745,2023-12,1
LN104304,2025-09,1
LN100875,2024-04,0
LN100364,2024-01,0
LN107083,2024-07,0
LN100009,2022-02,0
LN104028,2024-03,0
LN106430,2024-09,1
LN107252,2025-09,0
LN101145,2025-01,1
LN103786,2023-05,0
LN106505,2023-01,1
LN105674,2023-11,1
LN105933,2024-01,1
LN103951,2022-12,0
LN106585,2025-12,0
LN101291,2025-01,0
LN106850,2023-02,0
LN106253,2024-02,1
LN105810,2025-02,0
LN101806,2024-05,0
LN104154,2025-07,0
LN102987,2024-04,0
LN101964,2024-08,0
LN104491,2025-07,0
LN103112,2021-09,0
LN103398,2024-11,0
LN101866,2025-05,1
LN101365,2022-09,1
LN108664,2024-05,1
LN102392,2025-02,0
LN104865,2025-03,1
LN105559,2024-03,1
LN108640,2025-11,0
LN103328,2023-12,0
LN100607,2025-01,1
LN104860,2024-12,0
LN106663,2024-07,0
LN100868,2023-07,0
LN103675,2025-07,0
LN107160,2021-09,0
LN104481,2025-08,0
LN106869,2025-02,1
LN102890,2025-07,0
LN104958,2024-12,0
LN107839,2023-08,0
LN103027,2025-10,0
LN103970,2025-09,0
LN108977,2024-12,0
LN105736,2024-07,0
LN106077,2022-02,1
LN103644,2024-11,1
LN107650,2023-03,1
LN104276,2024-03,0
LN107523,2024-04,0
LN105952,2024-11,0
LN106862,2023-12,0
LN106084,2024-12,0
LN104048,2023-05,0
LN103591,2023-02,1
LN108571,2022-10,0
LN106611,2025-06,0
LN101120,2023-04,0
LN100391,2022-05,1
LN108952,2024-12,1
LN100254,2024-09,0
LN101408,2023-06,0
LN107920,2025-09,0
LN106528,2024-10,0
LN101184,2025-12,0
LN101118,2025-07,0
LN104632,2024-01,0
LN103120,2025-05,1
LN105532,2025-01,0
LN104290,2023-03,0
LN100901,2022-06,0
LN100584,2024-10,0
LN101092,2024-08,0
LN100645,2024-07,0
LN101496,2023-08,1
LN103395,2025-05,0
LN104801,2024-09,1
LN102068,2023-04,1
LN105292,2023-09,0
LN108017,2024-05,0
LN107667,2023-06,0
LN103278,2025-03,0
LN104343,2025-08,1
LN101903,2023-07,0
LN105465,2024-06,1
LN102055,2023-05,1
LN106875,2025-09,0
LN103141,2023-03,0
LN102741,2025-03,0
LN104108,2025-09,0
LN103325,2024-09,0
LN105115,2024-09,1
LN102464,2023-08,0
LN103282,2025-09,0
LN105671,2025-05,0
LN104765,2024-06,1
LN106615,2022-02,0
LN108197,2024-11,0
LN100089,2025-03,1
LN107465,2023-08,1
LN102540,2025-12,0
LN100909,2022-01,0
LN108303,2025-04,0
LN101843,2025-01,1
LN106288,2022-08,0
LN108179,2023-11,0
LN108721,2025-03,1
LN100108,2025-02,1
LN107783,2024-06,0
LN101338,2025-03,1
LN102461,2025-09,1
LN105449,2025-11,0
LN102026,2024-02,0
LN101744,2023-03,0
LN106373,2024-04,0
LN102964,2024-06,0
LN104671,2024-09,1
LN104315,2025-12,0
LN105728,2023-04,1
LN100757,2022-11,1
LN101325,2023-02,0
LN101806,2025-08,0
LN107341,2025-07,1
LN108853,2022-11,0
LN107688,2022-09,1
LN101526,2022-08,0
LN103309,2025-01,1
LN108810,2025-03,0
LN106452,2025-12,0
LN105569,2024-08,1
LN100200,2025-02,1
LN105723,2025-02,0
LN101582,2024-10,0
LN104234,2022-08,1
LN102120,2025-09,1
LN107929,2025-02,1
LN108788,2021-11,0
LN108466,2025-07,0
LN100509,2024-12,0
LN108184,2023-09,0
LN101565,2025-10,0
LN106042,2024-03,0
LN106474,2023-07,1
LN107825,2024-09,1
LN104456,2025-10,1
LN100280,2024-11,0
LN104372,2024-01,0
LN104804,2025-12,0
LN108820,2023-09,0
LN103671,2022-04,0
LN103912,2022-12,0
LN108092,2025-01,0
LN100426,2025-01,0
LN103449,2025-10,0
LN103203,2025-02,1
LN103798,2025-06,0
LN108444,2024-09,1
LN108032,2024-01,1
LN100861,2025-02,1
LN105914,2024-07,0
LN107480,2024-12,0
LN102589,2022-11,0
LN106318,2025-01,1
LN105695,2023-07,0
LN102205,2024-12,1
LN105709,2024-10,1
LN101273,2025-09,0
LN103662,2025-10,0
LN100211,2025-05,0
LN105984,2022-06,0
LN106577,2022-06,0
LN105028,2025-05,1
LN103452,2025-06,0
LN102640,2023-07,0
LN104659,2024-04,0
LN104725,2023-07,0
LN100795,2024-07,0
LN104977,2022-08,1
LN101453,2023-03,0
LN108785,2024-06,0
LN102003,2025-05,1
LN101777,2023-08,0
LN107275,2022-07,1
LN104403,2025-03,0
LN101542,2025-05,0
LN104390,2025-10,0
LN101469,2023-08,0
LN100640,2024-03,0
LN103683,2024-02,0
LN103049,2025-12,0
LN105786,2024-06,0
LN100236,2025-12,1
LN103499,2025-11,0
LN103209,2022-08,0
LN100930,2023-09,0
LN104745,2023-08,0
LN101957,2023-09,0
LN108441,2022-07,0
LN104615,2023-11,1
LN100169,2022-01,0
LN108178,2025-04,0
LN100291,2023-05,0
LN101231,2025-09,0
LN104811,2023-03,1
LN103601,2024-07,1
LN105141,2023-11,1
LN108832,2025-01,0
LN103732,2023-05,0
LN101907,2022-12,1
LN108548,2021-12,1
LN108108,2025-04,1
LN105268,2024-07,0
LN103199,2022-12,0
LN100132,2021-11,0
LN102212,2024-07,0
LN101243,2025-11,1
LN100414,2023-11,0
LN100163,2023-02,0
LN100700,2024-07,1
LN105254,2022-09,0
LN104460,2025-10,0
LN106520,2021-08,0
LN105477,2025-01,0
LN108871,2024-05,0
LN107733,2025-02,1
LN104396,2024-07,0
LN105951,2025-12,0
LN103871,2023-06,0
LN108540,2024-04,0
LN102134,2025-01,0
LN101051,2025-07,1
LN100308,2023-08,0
LN107257,2024-06,1
LN107949,2024-05,0
LN103597,2024-03,0
LN101465,2024-09,0
LN108874,2024-09,0
LN104219,2025-10,0
LN101491,2025-12,1
LN101573,2025-02,0
LN105084,2025-02,0
LN104127,2022-04,1
LN102704,2022-09,0
LN104466,2025-05,0
LN100764,2024-10,1
LN104370,2024-02,0
LN104043,2024-04,0
LN101924,2023-11,0
LN106039,2023-02,0
LN106464,2025-09,0
LN106090,2023-01,0
LN100966,2024-10,0
LN105099,2025-11,1
LN100605,2025-12,0
LN106671,2024-09,0
LN103477,2025-08,0
LN104681,2023-11,1
LN100477,2021-12,1
LN101487,2022-10,0
LN102315,2022-11,0
LN102754,2025-03,1
LN107895,2025-03,0
LN100960,2022-05,0
LN108311,2024-08,0
LN108190,2024-04,1
LN101981,2024-10,0
LN108946,2022-02,1
LN105854,2023-05,0
LN103108,2024-10,0
LN106183,2025-02,1
LN100660,2024-03,0
LN101002,2023-11,1
LN108408,2025-09,1
LN102889,2023-06,0
LN106284,2025-02,0
LN100016,2025-09,0
LN101151,2024-10,0
LN105168,2024-06,0
LN102476,2024-07,0
LN106586,2023-05,0
LN100054,2024-04,1
LN105396,2024-12,0
LN106299,2025-04,0
LN103735,2025-03,0
LN107337,2023-03,0
LN102020,2022-08,1
LN100207,2025-04,0
LN106027,2025-06,1
LN107276,2023-04,0
LN108863,2024-08,1
LN107572,2023-06,1
LN108352,2025-08,0
LN100934,2023-01,0
LN102369,2024-09,0
LN107377,2025-05,0
LN101383,2025-08,1
LN108107,2025-09,1
LN107864,2023-01,1
LN108852,2023-07,1
LN104054,2022-12,0
LN103780,2022-05,0
LN106813,2024-08,0
LN106679,2025-06,0
LN108188,2024-05,1
LN107530,2025-08,0
LN100795,2023-04,0
LN103979,2024-02,1
LN106434,2025-02,0
LN104665,2025-07,1
LN103833,2023-12,0
LN102553,2023-07,1
LN102885,2024-06,1
LN100252,2023-11,0
LN101007,2023-05,0
LN100632,2024-11,0
LN108441,2023-12,0
LN104401,2024-12,1
LN108135,2024-10,0
LN100571,2025-09,0
LN106762,2024-12,1
LN106351,2023-07,0
LN100181,2022-01,0
LN105971,2025-09,0
LN106189,2025-12,0
LN105245,2023-08,0
LN107737,2025-03,0
LN102453,2023-12,0
LN107529,2024-09,0
LN100880,2023-10,0
LN106110,2024-10,1
LN102151,2025-04,1
LN104246,2025-10,1
LN105992,2025-10,0
LN101155,2024-03,0
LN108554,2025-08,0
LN104157,2024-09,1
LN100012,2024-03,1
LN101270,2025-07,0
LN108343,2025-08,0
LN101038,2023-09,0
LN105250,2025-06,0
LN105783,2025-06,0
LN105315,2023-06,0
LN100844,2022-06,0
LN104811,2025-01,1
LN108089,2023-03,0
LN102844,2024-07,1
LN107677,2025-06,1
LN103734,2022-08,1
LN100484,2025-08,0
LN100583,2024-12,0
LN100200,2025-10,1
LN104411,2023-09,0
LN101656,2025-06,1
LN101559,2024-08,1
LN101501,2025-11,0
LN103633,2024-05,0
LN100428,2024-03,1
LN101875,2023-08,0
LN107689,2024-11,0
LN105414,2025-12,1
LN105596,2024-02,1
LN101926,2025-11,0
LN106114,2024-10,1
LN101093,2024-08,0
LN104796,2024-10,0
LN108156,2022-01,1
LN103023,2023-12,1
LN107894,2024-08,1
LN107683,2024-07,1
LN104171,2025-02,0
LN101536,2024-02,0
LN104982,2023-09,0
LN104175,2024-09,1
LN107344,2025-07,0
LN105415,2022-05,0
LN105448,2024-07,1
LN100095,2024-11,1
LN108822,2024-11,0
LN104129,2024-01,0
LN107978,2023-02,0
LN103359,2023-06,0
LN105849,2022-02,1
LN101946,2025-03,0
LN103751,2025-08,0
LN105303,2024-03,0
LN107890,2025-05,0
LN105456,2022-04,0
LN106585,2024-03,0
LN108505,2024-03,0
LN100768,2024-07,0
LN100660,2023-05,0
LN103010,2023-05,0
LN107655,2022-08,0
LN108247,2022-11,0
LN100337,2024-10,0
LN107603,2023-06,1
LN107924,2025-08,0
LN101244,2024-09,0
LN105542,2023-12,0
LN100419,2025-01,0
LN107060,2025-10,0
LN101152,2025-02,1
LN100403,2025-02,1
LN100208,2022-07,0
LN100248,2025-10,1
LN106331,2024-03,0
LN106689,2025-02,0
LN103501,2025-02,0
LN108902,2025-09,0
LN106686,2023-03,0
LN100798,2025-06,0
LN102459,2025-10,0
LN108402,2022-01,0
LN107997,2024-07,1
LN108204,2025-12,0
LN108505,2023-07,0
LN103692,2022-07,0
LN104988,2025-06,1
LN106421,2023-01,0
LN101408,2024-09,0
LN101969,2023-03,0
LN105530,2023-07,0
LN103359,2023-07,0
LN106589,2023-06,0
LN106047,2025-05,0
LN103305,2022-09,0
LN100236,2024-08,0
LN101113,2023-04,1
LN105952,2025-04,0
LN108533,2024-01,0
LN107799,2024-09,0
LN100908,2023-05,0
LN107587,2023-03,0
LN107803,2025-03,1
LN104573,2025-11,0
LN106808,2024-06,0
LN107806,2024-01,0
LN107058,2025-01,1
LN101926,2024-09,1
LN106685,2023-08,0
LN101091,2025-09,0
LN105084,2025-01,1
LN104944,2023-08,0
LN107929,2022-09,0
LN101904,2023-09,1
LN103095,2024-08,1
LN107010,2023-11,1
LN106618,2022-08,0
LN108107,2023-05,0
LN105831,2024-10,0
LN102196,2025-01,0
LN104589,2025-12,1
LN107904,2023-12,0
LN100802,2024-10,1
LN104508,2023-12,1
LN102602,2024-08,0
LN107219,2025-02,0
LN101875,2023-07,1
LN103553,2023-12,0
LN100763,2025-11,0
LN102847,2025-04,1
LN107104,2024-07,0
LN104530,2021-12,1
LN100856,2023-06,1
LN104723,2023-06,0
LN103441,2022-11,0
LN108152,2024-05,1
LN102859,2024-12,0
LN102503,2024-06,0
LN106402,2025-02,1
LN106055,2025-05,0
LN102860,2022-07,0
LN103406,2023-09,1
LN103743,2025-08,0
LN107807,2024-10,1
LN102558,2021-09,0
LN105300,2021-11,0
LN106979,2023-12,0
LN103076,2024-01,0
LN104159,2022-04,0
LN103270,2022-05,0
LN102668,2025-07,0
LN101897,2025-04,0
LN100064,2024-01,1
LN103221,2024-04,1
LN107790,2025-03,1
LN105525,2025-02,1
LN101595,2023-05,1
LN103515,2024-12,1
LN105135,2025-03,0
LN102274,2025-10,1
LN104051,2024-08,1
LN102449,2022-03,1
LN105687,2022-07,1
LN101980,2024-07,1
LN105086,2025-01,1
LN108130,2024-03,1
LN106336,2025-01,0
LN105596,2025-09,0
LN108248,2024-07,0
LN101008,2024-01,0
LN105051,2022-09,1
LN102021,2025-09,0
LN103829,2024-12,0
LN103009,2025-04,1
LN107717,2024-10,1
LN106721,2024-09,0
LN102482,2024-05,0
LN100496,2023-04,1
LN108966,2024-05,0
LN105180,2025-01,0
LN102302,2023-09,0
LN102871,2025-03,0
LN106630,2024-12,0
LN108729,2025-09,0
LN103222,2025-12,0
LN104031,2023-05,0
LN106425,2024-05,0
LN101615,2023-06,0
LN103651,2024-04,0
LN106127,2025-02,1
LN106134,2023-10,1
LN103928,2025-10,1
LN107754,2023-02,0
LN102544,2024-05,0
LN108117,2023-03,0
LN100368,2022-10,0
LN101462,2022-06,0
LN104940,2024-09,0
LN100051,2025-04,0
LN104867,2025-02,1
LN107735,2024-10,1
LN106932,2023-02,1
LN102422,2024-08,0
LN107890,2025-06,0
LN101384,2023-09,0
LN107982,2024-05,0
LN105369,2022-11,0
LN105410,2022-11,1
LN100808,2022-11,0
LN103340,2025-12,0
LN101190,2024-02,0
LN100133,2025-01,0
LN103521,2024-06,0
LN104203,2023-05,0
LN108947,2022-08,1
LN104489,2025-12,0
LN104985,2023-08,1
LN106029,2022-07,0
LN107368,2024-02,0
LN106818,2025-07,1
LN101801,2023-07,1
LN103706,2025-11,0
LN107041,2023-07,1
LN106317,2025-12,0
LN103273,2023-02,1
LN101372,2023-02,1
LN108239,2025-06,0
LN106255,2024-03,0
LN103037,2022-08,0
LN103808,2024-06,1
LN100684,2023-11,0
LN108214,2025-10,0
LN108369,2025-11,0
LN103216,2023-04,0
LN104145,2025-01,1
LN102669,2025-05,1
LN106499,2023-12,0
LN100483,2024-04,0
LN108170,2024-07,0
LN108054,2025-07,0
LN108470,2024-04,0
LN102234,2025-09,0
LN105879,2022-03,0
LN102740,2024-12,0
LN100722,2025-02,0
LN107574,2023-05,1
LN100886,2025-06,0
LN100677,2022-01,0
LN107652,2023-10,1
LN100955,2025-02,1
LN108505,2024-10,0
LN108820,2024-04,1
LN106581,2025-03,0
LN102375,2025-06,0
LN105950,2023-01,1
LN100313,2024-01,1
LN103886,2024-10,0
LN104297,2024-05,1
LN100719,2023-08,1
LN100598,2025-08,0
LN101135,2023-08,0
LN104789,2025-07,0
LN100295,2023-07,0
LN100034,2025-09,1
LN101010,2025-04,1
LN102313,2024-02,1
LN101416,2024-02,0
LN106625,2024-10,0
LN100437,2025-09,0
LN106719,2024-03,1
LN105178,2024-09,0
LN102255,2024-07,0
LN108823,2024-12,0
LN105952,2022-07,0
LN105253,2025-01,0
LN106178,2025-12,0
LN106924,2023-03,0
LN107548,2025-09,0
LN107855,2024-09,0
LN103542,2024-10,0
LN100257,2021-12,0
LN103943,2024-12,0
LN104519,2023-09,0
LN100349,2024-09,0
LN105381,2025-03,0
LN103243,2023-08,0
LN103183,2024-01,0
LN101673,2025-01,0
LN102922,2022-11,0
LN104787,2024-12,1
LN108568,2022-01,1
LN105553,2025-07,0
LN103203,2024-05,0
LN102992,2025-07,0
LN108318,2025-08,0
LN101918,2023-04,0
LN102890,2022-06,0
LN104949,2022-12,0
LN107144,2022-11,0
LN108378,2025-06,1
LN107251,2023-06,0
LN103549,2025-08,1
LN104751,2024-08,1
LN104304,2024-09,0
LN107359,2025-08,0
LN100325,2022-12,0
LN100950,2021-11,0
LN108409,2024-09,0
LN103202,2025-06,0
LN100867,2025-02,0
LN102501,2025-02,1
LN107073,2023-07,1
LN101908,2025-03,0
LN100192,2025-10,1
LN103482,2025-10,0
LN102847,2024-07,0
LN105874,2025-07,0
LN104795,2024-01,1
LN101261,2024-11,0
LN108497,2025-03,0
LN106787,2022-01,1
LN108153,2024-04,1
LN102214,2023-09,0
LN106573,2023-09,0
LN101028,2024-11,0
LN106334,2024-10,0
LN103759,2023-06,1
LN107525,2022-03,0
LN107052,2025-10,0
LN105631,2025-06,0
LN106124,2025-08,1
LN104894,2024-09,1
LN102359,2023-04,0
LN102429,2024-01,1
LN100850,2025-02,0
LN107653,2023-04,0
LN103824,2023-07,1
LN106568,2025-07,0
LN104009,2024-03,0
LN102801,2025-02,0
LN105080,2023-03,0
LN105434,2024-09,1
LN106312,2023-07,0
LN106405,2025-12,0
LN105342,2024-07,1
LN100767,2024-08,1
LN105900,2025-04,0
LN103933,2024-02,0
LN103585,2022-11,0
LN103975,2024-05,1
LN106924,2022-09,0
LN100921,2025-07,1
LN105320,2023-07,0
LN102427,2024-09,0
LN105767,2022-12,0
LN101151,2025-07,0
LN104464,2024-06,1
LN103783,2025-06,0
LN106936,2023-06,1
LN104049,2025-01,0
LN103283,2025-02,0
LN106270,2025-03,0
LN105474,2023-10,0
LN102513,2024-09,0
LN106292,2023-08,0
LN101555,2023-12,1
LN100058,2024-11,0
LN101609,2025-06,0
LN101927,2021-12,0
LN100927,2022-09,0
LN101164,2023-04,0
LN107226,2022-11,1
LN107089,2023-04,0
LN103854,2025-05,0
LN104762,2025-01,1
LN108981,2024-03,0
LN108013,2025-11,0
LN102224,2025-05,0
LN105229,2025-11,0
LN101189,2023-10,1
LN108108,2025-11,0
LN107371,2024-11,0
LN100634,2025-08,1
LN100383,2025-04,1
LN106145,2024-11,0
LN104952,2024-11,0
LN106378,2024-01,1
LN103879,2022-11,0
LN106747,2024-06,1
LN100295,2023-05,1
LN103958,2024-06,1
LN104058,2024-09,0
LN104706,2025-04,1
LN103811,2024-02,0
LN104525,2023-04,0
LN101455,2023-08,1
LN104112,2025-06,1
LN102905,2024-12,1
LN104381,2022-07,0
LN104318,2025-01,0
LN105617,2022-06,1
LN102715,2024-09,1
LN102706,2023-12,0
LN105132,2025-01,0
LN102794,2025-07,1
LN104268,2022-09,0
LN105078,2024-05,0
LN104343,2025-05,1
LN108788,2025-05,1
LN108766,2022-04,0
LN103062,2023-09,0
LN101243,2023-03,0
LN100311,2024-03,0
LN108503,2025-10,1
LN100383,2025-06,0
LN104447,2022-02,1
LN105654,2022-09,0
LN108557,2022-10,0
LN108465,2025-05,1
LN108348,2024-03,0
LN103534,2023-11,0
LN100139,2024-08,0
LN101571,2024-03,0
LN108281,2023-03,1
LN107495,2025-07,0
LN106197,2025-10,0
LN100375,2025-05,0
LN103247,2023-08,0
LN102951,2025-03,0
LN105707,2024-08,0
LN107928,2025-02,1
LN107385,2023-03,0
LN105353,2024-12,0
LN105485,2023-10,0
LN106890,2023-07,1
LN106859,2024-06,0
LN105917,2023-02,0
LN102410,2024-06,0
LN107934,2025-06,1
LN106369,2025-05,1
LN100908,2023-11,1
LN107065,2024-09,1
LN105593,2024-04,0
LN108661,2022-03,1
LN103101,2025-05,1
LN101151,2025-06,1
LN108331,2023-09,1
LN100003,2023-08,0
LN104066,2024-12,0
LN105586,2024-03,1
LN105574,2025-04,0
LN105791,2022-09,0
LN101589,2025-03,0
LN100974,2023-02,0
LN108308,2024-07,0
LN105705,2025-03,1
LN107803,2025-09,0
LN107418,2025-12,0
LN107810,2023-08,0
LN104576,2023-04,0
LN106820,2025-12,0
LN100715,2024-11,0
LN102610,2025-01,1
LN107562,2023-04,0
LN103288,2025-01,1
LN101547,2024-12,0
LN102521,2024-08,0
LN103204,2022-12,0
LN100414,2023-03,0
LN101349,2025-07,0
LN104595,2021-12,0
LN108665,2023-12,0
LN105092,2025-04,0
LN107591,2025-10,0
LN100712,2025-04,0
LN105370,2025-06,1
LN108688,2023-07,1
LN106883,2022-11,0
LN101335,2025-08,0
LN107531,2024-06,0
LN102158,2025-01,1
LN101877,2025-01,1
LN107346,2021-10,1
LN103436,2025-11,0
LN106089,2024-03,0
LN102639,2024-08,0
LN102586,2024-05,0
LN104130,2022-04,1
LN108316,2024-12,0
LN100054,2023-09,0
LN100863,2025-08,0
LN102928,2023-10,0
LN106551,2024-12,0
LN107216,2025-07,0
LN103149,2023-10,1
LN102290,2022-11,0
LN105819,2024-07,0
LN107396,2024-02,1
LN108797,2025-11,0
LN108769,2024-09,1
LN103002,2025-12,0
LN103203,2023-02,0
LN108156,2025-09,0
LN102940,2025-08,0
LN106044,2025-03,0
LN105319,2024-01,0
LN102225,2025-07,0
LN104827,2023-09,0
LN108001,2025-05,0
LN106439,2023-11,1
LN105384,2023-05,0
LN103940,2024-06,1
LN101708,2022-10,1
LN107439,2024-04,0
LN103544,2022-05,0
LN102746,2022-08,0
LN106130,2022-01,0
LN105306,2025-07,0
LN103716,2023-01,0
LN105780,2023-11,0
LN104419,2024-03,1
LN101854,2025-11,1
LN103077,2025-08,0
LN104960,2025-06,1
LN106215,2024-12,0
LN103053,2022-11,1
LN107523,2024-03,0
LN107385,2022-06,0
LN108267,2024-11,0
LN100776,2024-05,0
LN104470,2025-11,0
LN100085,2023-12,0
LN106698,2023-09,0
LN103500,2022-10,1
LN108445,2025-05,0
LN100282,2023-12,0
LN100963,2022-10,0
LN102166,2023-04,1
LN106413,2025-01,0
LN104173,2025-07,1
LN100328,2025-12,1
LN102209,2022-08,1
LN101693,2024-02,1
LN106904,2024-01,0
LN103231,2023-10,0
LN104164,2025-04,1
LN108329,2024-08,0
LN101026,2024-07,1
LN104392,2023-08,0
LN104797,2025-05,1
LN101828,2023-10,1
LN107722,2025-06,0
LN108942,2024-11,1
LN104939,2024-05,1
LN100282,2024-10,0
LN100612,2024-11,0
LN105275,2024-09,0
LN103328,2025-09,0
LN108883,2023-04,0
LN101785,2025-06,0
LN102331,2025-03,0
LN107122,2023-11,0
LN107966,2024-04,1
LN107852,2025-11,0
LN108326,2023-02,1
LN104552,2025-02,0
LN107021,2025-10,0
LN104902,2025-09,0
LN108399,2021-12,0
LN107963,2024-02,0
LN102937,2024-11,1
LN108548,2022-12,1
LN103693,2022-12,0
LN102940,2024-10,0
LN106409,2025-10,0
LN104877,2025-08,0
LN104966,2024-10,1
LN106984,2025-10,1
LN104729,2025-10,0
LN102303,2024-09,1
LN107572,2023-04,0
LN100918,2022-07,0
LN102060,2025-06,0
LN101370,2024-09,0
LN108814,2024-08,0
LN100334,2025-05,1
LN106444,2025-06,0
LN105083,2023-04,0
LN105325,2024-06,0
LN101090,2025-08,0
LN107066,2021-11,1
LN103928,2024-07,0
LN100925,2025-08,0
LN108240,2025-07,0
LN105328,2025-10,1
LN107254,2023-08,0
LN107598,2025-11,0
LN103570,2025-05,0
LN108148,2022-10,0
LN108385,2025-02,0
LN108380,2023-05,0
LN103549,2024-08,1
LN100442,2022-11,0
LN103566,2025-01,0
LN105968,2024-02,0
LN100602,2025-06,0
LN107559,2024-11,1
LN103082,2023-01,0
LN102495,2025-04,0
LN104804,2025-01,0
LN104776,2025-08,0
LN100137,2022-11,1
LN100002,2024-09,0
LN103718,2023-12,0
LN101465,2024-05,0
LN102336,2023-04,0
LN104888,2024-10,1
LN105175,2022-02,0
LN106005,2023-02,0
LN102433,2023-02,0
LN104984,2023-12,0
LN103432,2025-06,0
LN103619,2021-12,0
LN105504,2023-11,1
LN104306,2025-06,0
LN100347,2025-08,0
LN106851,2024-11,1
LN107598,2024-06,0
LN105051,2023-12,1
LN102552,2024-11,1
LN108273,2025-09,0
LN108673,2024-08,1
LN104522,2024-10,0
LN105158,2022-12,0
LN103810,2023-11,0
LN108507,2024-10,0
LN101336,2025-08,0
LN101848,2024-11,1
LN107953,2022-09,0
LN104760,2025-12,0
LN108651,2025-01,0
LN108204,2023-01,0
LN103508,2022-11,1
LN107198,2025-03,0
LN108972,2025-07,1
LN102780,2024-10,0
LN104752,2025-08,0
LN101620,2025-03,1
LN107904,2025-08,1
LN100162,2023-04,1
LN108735,2024-01,0
LN102614,2022-01,0
LN108007,2022-07,0
LN104145,2025-11,1
LN106120,2023-10,0
LN105743,2024-01,0
LN107117,2024-01,1
LN101336,2025-03,0
LN106111,2024-10,0
LN102338,2022-12,1
LN107550,2022-11,1
LN106067,2024-12,0
LN103467,2022-07,0
LN103489,2024-08,1
LN102291,2025-10,0
LN107676,2024-07,0
LN102817,2025-10,0
LN101812,2024-12,0
LN101562,2024-11,0
LN106117,2023-04,0
LN101925,2025-01,0
LN101341,2022-02,0
LN103025,2023-10,1
LN100265,2023-12,0
LN100428,2022-03,1
LN105818,2025-04,0
LN103733,2025-10,1
LN102741,2022-11,0
LN104986,2025-06,0
LN107861,2024-04,1
LN107754,2023-03,0
LN105892,2024-06,1
LN104986,2025-05,0
LN106832,2025-02,0
LN108350,2022-12,0
LN103313,2022-06,0
LN107627,2024-05,0
LN103124,2023-08,0
LN100714,2025-05,0
LN105245,2022-09,0
LN108278,2024-08,1
LN103042,2024-08,1
LN101686,2024-05,0
LN101596,2024-11,1
LN100185,2024-10,0
LN104888,2024-06,1
LN104235,2023-11,1
LN100546,2025-09,0
LN102693,2023-12,0
LN101686,2023-08,1
LN101951,2024-11,1
LN104155,2025-08,0
LN107185,2025-01,0
LN107300,2024-03,1
LN104306,2024-08,0
LN100974,2024-10,0
LN106432,2024-12,0
LN107159,2024-06,0
LN101077,2023-04,0
LN102532,2025-08,1
LN107540,2024-02,0
LN101736,2024-09,1
LN104414,2023-03,0
LN101781,2024-01,1
LN102460,2024-08,0
LN105140,2023-03,0
LN105371,2025-07,0
LN102120,2025-03,1
LN103121,2025-12,0
LN101135,2023-06,0
LN101636,2024-10,1
LN100670,2025-08,1
LN100132,2022-12,1
LN106208,2024-08,1
LN107775,2025-10,0
LN103795,2025-07,0
LN102594,2022-10,0
LN105724,2022-10,0
LN103321,2025-07,1
LN102221,2023-03,0
LN102811,2023-11,0
LN106599,2023-01,0
LN101643,2025-10,0
LN106843,2024-01,0
LN100113,2025-04,0
LN103014,2023-11,1
LN104520,2025-11,0
LN101574,2024-06,0
LN103239,2024-10,0
LN106912,2023-09,1
LN101011,2024-09,1
LN101089,2024-11,1
LN104605,2024-09,0
LN105734,2024-02,1
LN108054,2025-03,0
LN106200,2025-05,1
LN104554,2025-06,1
LN107797,2022-09,0
LN101575,2023-11,0
LN108431,2022-07,0
LN100218,2024-03,1
LN100214,2024-06,0
LN107293,2022-09,0
LN108097,2024-09,0
LN105213,2025-12,0
LN105015,2025-06,1
LN104667,2023-01,0
LN101939,2022-05,0
LN105693,2025-02,0
LN106333,2025-03,0
LN101090,2023-08,1
LN102789,2025-08,1
LN108954,2025-10,0
LN101783,2025-10,0
LN107969,2024-03,0
LN105809,2025-03,0
LN103716,2024-06,1
LN108766,2023-02,0
LN103974,2025-09,0
LN101815,2022-07,0
LN108603,2025-08,0
LN105978,2023-09,0
LN103307,2024-11,0
LN102296,2024-01,0
LN103990,2025-05,0
LN108060,2023-07,0
LN105099,2025-12,0
LN107874,2024-01,0
LN106545,2024-08,0
LN104437,2025-01,0
LN100988,2025-08,1
LN104643,2025-07,0
LN100428,2022-08,1
LN101776,2023-08,1
LN104613,2024-06,0
LN106313,2022-06,1
LN107956,2025-05,1
LN106720,2025-07,0
LN100767,2025-10,1
LN104400,2023-07,1
LN107909,2024-02,1
LN100470,2025-02,1
LN106193,2022-07,0
LN104221,2025-04,1
LN100740,2025-03,1
LN103853,2022-10,0
LN101058,2023-12,0
LN104970,2024-07,0
LN104007,2023-10,0
LN101359,2023-12,1
LN108471,2023-08,0
LN106817,2024-05,1
LN106834,2023-06,1
LN106613,2025-10,1
LN108560,2025-04,0
LN104075,2022-12,0
LN100315,2024-11,1
LN108091,2025-12,0
LN108890,2025-06,0
LN105772,2025-11,0
LN107705,2024-04,0
LN103635,2025-08,1
LN108820,2024-09,1
LN104178,2023-02,1
LN107225,2025-07,0
LN101448,2024-11,0
LN103698,2024-11,0
LN102966,2024-04,0
LN105455,2022-09,0
LN107975,2024-10,0
LN105525,2023-04,1
LN103862,2022-12,0
LN105063,2023-12,0
LN106515,2025-02,0
LN104119,2023-12,0
LN107284,2023-11,0
LN107329,2024-01,0
LN106213,2023-02,0
LN106153,2025-03,0
LN108157,2025-05,0
LN102191,2024-05,0
LN103296,2023-08,0
LN103616,2025-12,0
LN107945,2024-10,0
LN105210,2022-12,0
LN108121,2025-02,1
LN105338,2023-06,0
LN102311,2023-02,1
LN108175,2024-01,1
LN101008,2024-04,1
LN101161,2023-11,1
LN105715,2023-01,1
LN106474,2025-12,0
LN107786,2024-07,0
LN102427,2024-07,0
LN104381,2022-11,0
LN103093,2022-10,1
LN101297,2024-03,0
LN105239,2024-09,1
LN105119,2022-12,0
LN102977,2024-08,1
LN104477,2023-05,0
LN107189,2025-10,0
LN105226,2023-03,0
LN108331,2024-03,1
LN108513,2024-05,1
LN103959,2024-11,0
LN103550,2024-12,0
LN105726,2024-11,1
LN106604,2023-06,0
LN102397,2024-03,0
LN100356,2025-06,0
LN105564,2022-06,0
LN108241,2025-07,0
LN100175,2023-04,0
LN102466,2025-08,1
LN108558,2023-11,0
LN101384,2025-04,1
LN105795,2023-05,0
LN104494,2023-11,0
LN107949,2025-12,0
LN105561,2022-04,1
LN105067,2022-05,0
LN103180,2025-05,1
LN103346,2024-12,1
LN107312,2023-09,0
LN107988,2023-09,0
LN103467,2022-11,0
LN101925,2024-11,1
LN103697,2022-12,0
LN106943,2024-11,0
LN105259,2024-04,0
LN102695,2023-12,1
LN104836,2023-06,0
LN106064,2023-09,0
LN102819,2024-01,0
LN106503,2025-09,0
LN104238,2025-11,1
LN105827,2025-03,0
LN102210,2024-10,1
LN100426,2025-05,0
LN107852,2024-10,0
LN105546,2025-07,1
LN101814,2024-08,0
LN106861,2024-03,0
LN104227,2024-04,0
LN101441,2024-04,1
LN108129,2025-04,1
LN106345,2025-07,0
LN101189,2023-04,0
LN106086,2024-11,0
LN100569,2023-11,1
LN106364,2024-12,0
LN103265,2023-09,0
LN106340,2024-07,1
LN104854,2021-09,0
LN106199,2022-02,0
LN104167,2022-05,0
LN104002,2025-03,1
LN106903,2023-07,0
LN105101,2024-01,0
LN107063,2022-02,0
LN101889,2023-12,0
LN105252,2025-03,1
LN104055,2023-05,0
LN106285,2025-08,0
LN107949,2023-08,0
LN103024,2024-12,0
LN106006,2022-08,0
LN106949,2025-05,0
LN101974,2025-06,0
LN105946,2022-06,0
LN103591,2023-12,0
LN102759,2023-07,0
LN104550,2023-01,0
LN105611,2022-08,1
LN107170,2025-05,0
LN103797,2022-10,0
LN107686,2022-03,0
LN101390,2023-04,0
LN105278,2025-07,0
LN100086,2022-01,1
LN102950,2022-06,0
LN103921,2025-08,0
LN100904,2025-12,1
LN100348,2023-03,1
LN106164,2022-07,0
LN103198,2025-06,1
LN106183,2025-12,1
LN102703,2024-11,0
LN107732,2024-04,0
LN104953,2024-07,1
LN108876,2024-02,0
LN101825,2025-03,0
LN100409,2023-03,0
LN100844,2023-04,1
LN105902,2025-04,1
LN102659,2023-11,0
LN103496,2023-09,0
LN105879,2025-02,0
LN106267,2023-07,1
LN108142,2024-08,0
LN104826,2022-11,0
LN108604,2025-12,1
LN107106,2023-11,1
LN101533,2023-01,0
LN103250,2025-02,0
LN104779,2023-08,0
LN107363,2022-12,0
LN101527,2025-03,0
LN107212,2025-07,1
LN103136,2024-12,1
LN103946,2022-04,0
LN106221,2022-12,0
LN103231,2024-11,1
LN102417,2025-01,1
LN107234,2025-02,0
LN104681,2023-05,0
LN105109,2025-06,0
LN101339,2025-03,0
LN108828,2024-03,0
LN102448,2024-07,0
LN106229,2023-04,0
LN105193,2023-08,0
LN102070,2022-10,0
LN102405,2024-10,0
LN107829,2024-02,0
LN107687,2024-09,0
LN105834,2023-10,0
LN105546,2025-08,0
LN107473,2022-09,1
LN105990,2021-12,0
LN107600,2024-11,0
LN107127,2024-07,0
LN106539,2024-07,0
LN108453,2024-10,0
LN103503,2022-12,0
LN108855,2023-03,0
LN101414,2023-10,0
LN107268,2023-03,1
LN105725,2023-11,1
LN103251,2025-10,0
LN108955,2024-10,1
LN102501,2022-07,0
LN101774,2024-06,0
LN101135,2025-01,1
LN100909,2024-01,1
LN104440,2023-01,1
LN104253,2025-01,0
LN108829,2024-03,0
LN101496,2025-02,0
LN107051,2024-09,0
LN103722,2024-04,0
LN103005,2025-12,0
LN106062,2022-12,0
LN105536,2023-07,1
LN100004,2023-03,1
LN106108,2025-04,0
LN104688,2022-12,0
LN102241,2024-07,0
LN108346,2025-09,0
LN102001,2024-04,0
LN100184,2024-03,0
LN105002,2025-08,1
LN101910,2023-12,1
LN104966,2023-06,0
LN100640,2023-11,0
LN101479,2022-12,1
LN105944,2022-09,0
LN103526,2023-11,0
LN100141,2024-07,1
LN104933,2024-09,0
LN101764,2024-04,0
LN106891,2024-07,0
LN103988,2025-10,0
LN105883,2025-08,0
LN108237,2023-07,0
LN108506,2023-08,1
LN106040,2022-11,0
LN100402,2025-04,0
LN103018,2025-06,0
LN101128,2023-06,0
LN102144,2024-12,0
LN107141,2025-02,0
LN101330,2024-09,0
LN100307,2023-07,0
LN100193,2025-08,1
LN104167,2023-09,0
LN100678,2025-12,0
LN102780,2022-11,1
LN106812,2025-11,0
LN105893,2023-08,0
LN104359,2025-12,0
LN105417,2024-03,0
LN105365,2025-05,1
LN101562,2024-06,0
LN106847,2023-12,0
LN101449,2024-09,1
LN100214,2024-09,0
LN106015,2025-03,0
LN105678,2025-12,1
LN101162,2024-06,0
LN107419,2025-04,0
LN100810,2023-07,0
LN103130,2024-12,0
LN104070,2023-03,0
LN104784,2024-08,0
LN105803,2025-06,0
LN105680,2024-08,0
LN104626,2023-07,0
LN108791,2023-11,0
LN106953,2024-09,1
LN104750,2023-06,0
LN108549,2024-11,1
LN106123,2023-01,1
LN102246,2025-12,0
LN102533,2022-07,0
LN101307,2025-06,0
LN102534,2025-06,0
LN103011,2023-06,0
LN106934,2025-04,0
LN104652,2025-02,0
LN102652,2025-05,1
LN100799,2023-08,1
LN104654,2024-04,1
LN106342,2024-10,0
LN105780,2024-09,0
LN102577,2024-07,0
LN105595,2022-09,0
LN106395,2022-08,1
LN108076,2025-08,0
LN104852,2022-01,0
LN106195,2025-04,0
LN102572,2024-09,1
LN100290,2025-02,1
LN102750,2023-03,0
LN101206,2024-10,0
LN101694,2022-04,0
LN102257,2025-02,1
LN105301,2025-11,1
LN103439,2025-02,1
LN106359,2024-08,0
LN106015,2023-11,0
LN108018,2023-03,0
LN106371,2022-04,0
LN103430,2022-08,0
LN102686,2024-12,0
LN105338,2024-11,0
LN101007,2023-12,0
LN104111,2023-03,0
LN103189,2025-08,1
LN108228,2023-11,1
LN105365,2023-08,0
LN105255,2024-09,0
LN108021,2022-06,0
LN102725,2025-03,0
LN103758,2023-11,1
LN101638,2022-03,1
LN108078,2022-05,1
LN101651,2024-05,0
LN105561,2021-11,0
LN102459,2021-11,0
LN104220,2024-10,0
LN106047,2024-06,0
LN101016,2024-08,0
LN102910,2025-09,0
LN106710,2023-04,0
LN105456,2025-10,1
LN106605,2024-05,1
LN104553,2025-01,0
LN100653,2024-04,0
LN106028,2023-11,0
LN100367,2022-08,0
LN100101,2024-09,0
LN108761,2025-09,0
LN102196,2025-12,0
LN108926,2022-05,0
LN107574,2024-03,1
LN101462,2023-11,1
LN108371,2024-06,0
LN108214,2022-03,1
LN105527,2024-07,0
LN107665,2025-06,1
LN102736,2024-04,0
LN100237,2023-02,0
LN101755,2023-03,0
LN105124,2023-07,0
LN104888,2023-12,1
LN101538,2024-10,0
LN104820,2024-03,1
LN107241,2024-09,0
LN102380,2023-12,0
LN102507,2024-01,1
LN102184,2024-02,0
LN105507,2023-04,0
LN102135,2024-09,0
LN105741,2024-08,1
LN100831,2023-05,0
LN102519,2025-10,0
LN103099,2023-10,1
LN100565,2025-10,1
LN106034,2024-11,1
LN106530,2023-09,0
LN107942,2023-08,0
LN105848,2024-09,0
LN100942,2024-11,0
LN102268,2024-01,0
LN107537,2025-02,0
LN103496,2024-11,0
LN103364,2024-06,0
LN106368,2023-12,0
LN104163,2024-04,1
LN106764,2023-07,1
LN108248,2023-04,0
LN108326,2024-12,0
LN108869,2025-04,0
LN102293,2024-02,0
LN100280,2024-04,0
LN106717,2024-11,0
LN106414,2024-02,0
LN108308,2025-08,0
LN101790,2024-08,0
LN106653,2023-02,0
LN104816,2024-07,1
LN107581,2024-10,0
LN105193,2022-02,1
LN107144,2024-02,0
LN100756,2024-06,0
LN106131,2025-08,1
LN108827,2022-06,1
LN108382,2025-02,1
LN102306,2023-07,0
LN106248,2023-12,1
LN108620,2023-01,1
