loan_id,origination_month,original_balance,interest_rate,original_term_months,credit_score_band,ltv_band,dti_band,state,loan_purpose,occupancy_type,property_type,servicer_name,vintage
LN100000,2021-10,179300.0,5.147,360,<620,60-75,35-43,PA,REFINANCE,OWNER,SFR,DeltaHome,2021
LN100001,2024-03,199600.0,6.578,360,680-739,<=60,20-35,CA,PURCHASE,OWNER,CONDO,AlphaServ,2024
LN100002,2023-10,185500.0,6.058,360,740-779,75-85,20-35,CA,PURCHASE,OWNER,TOWNHOUSE,CasaMortgage,2023
LN100003,2023-01,463900.0,5.794,360,680-739,60-75,20-35,NC,PURCHASE,OWNER,CONDO,AlphaServ,2023
LN100004,2023-01,254200.0,6.465,360,620-679,85-95,20-35,OH,PURCHASE,OWNER,SFR,CasaMortgage,2023
LN100005,2024-07,201700.0,6.989,360,680-739,85-95,35-43,GA,PURCHASE,OWNER,CONDO,AlphaServ,2024
LN100006,2021-10,267800.0,3.866,360,680-739,<=60,35-43,FL,PURCHASE,OWNER,CONDO,BetaLoan,2021
LN100007,2023-12,344800.0,6.957,360,620-679,75-85,20-35,AZ,REFINANCE,OWNER,SFR,CasaMortgage,2023
LN100008,2022-03,218600.0,3.927,240,740-779,>95,20-35,OH,PURCHASE,OWNER,TOWNHOUSE,BetaLoan,2022
LN100009,2021-10,383000.0,4.048,360,680-739,60-75,20-35,OH,PURCHASE,OWNER,SFR,AlphaServ,2021
LN100010,2023-05,144100.0,5.97,360,740-779,75-85,20-35,WA,PURCHASE,OWNER,TOWNHOUSE,CasaMortgage,2023
LN100011,2024-11,432400.0,6.309,360,680-739,75-85,35-43,MI,PURCHASE,OWNER,SFR,CasaMortgage,2024
LN100012,2024-01,254200.0,6.192,360,740-779,60-75,35-43,NC,PURCHASE,OWNER,SFR,CasaMortgage,2024
LN100013,2024-02,249800.0,7.379,360,<620,85-95,35-43,PA,CASHOUT_REFI,OWNER,CONDO,DeltaHome,2024
LN100014,2024-01,186900.0,7.508,360,<620,<=60,20-35,WA,PURCHASE,OWNER,SFR,AlphaServ,2024
LN100015,2024-04,146900.0,6.927,360,620-679,60-75,35-43,PA,CASHOUT_REFI,SECOND_HOME,CONDO,CasaMortgage,2024
LN100016,2023-04,120600.0,6.355,180,680-739,75-85,20-35,PA,CASHOUT_REFI,OWNER,SFR,BetaLoan,2023
LN100017,2021-12,181100.0,4.285,360,680-739,>95,20-35,TX,CASHOUT_REFI,OWNER,SFR,AlphaServ,2021
LN100018,2024-06,332500.0,6.143,240,740-779,<=60,<=20,AZ,CASHOUT_REFI,INVESTOR,SFR,CasaMortgage,2024
LN100019,2023-01,165600.0,5.948,360,620-679,75-85,35-43,AZ,REFINANCE,OWNER,SFR,BetaLoan,2023
LN100020,2023-04,127200.0,6.389,360,620-679,<=60,35-43,OH,PURCHASE,OWNER,SFR,DeltaHome,2023
LN100021,2022-10,169600.0,5.401,360,680-739,75-85,35-43,GA,PURCHASE,OWNER,SFR,AlphaServ,2022
LN100022,2022-02,214700.0,4.243,360,740-779,75-85,20-35,GA,REFINANCE,OWNER,SFR,AlphaServ,2022
LN100023,2024-09,218500.0,6.395,180,740-779,75-85,35-43,OH,PURCHASE,OWNER,SFR,BetaLoan,2024
LN100024,2024-03,240900.0,6.46,180,740-779,>95,20-35,TX,REFINANCE,SECOND_HOME,CONDO,DeltaHome,2024
LN100025,2023-10,406200.0,6.597,360,680-739,85-95,35-43,GA,PURCHASE,OWNER,SFR,BetaLoan,2023
LN100026,2022-11,447800.0,5.448,360,740-779,60-75,<=20,FL,PURCHASE,OWNER,SFR,BetaLoan,2022
LN100027,2024-05,629400.0,6.241,360,740-779,>95,35-43,OH,REFINANCE,OWNER,CONDO,CasaMortgage,2024
LN100028,2023-05,122900.0,6.592,360,620-679,60-75,20-35,AZ,REFINANCE,OWNER,SFR,BetaLoan,2023
LN100029,2023-01,173700.0,5.72,360,680-739,85-95,20-35,CA,PURCHASE,INVESTOR,SFR,CasaMortgage,2023
LN100030,2023-01,349500.0,5.385,360,740-779,85-95,<=20,WA,PURCHASE,OWNER,SFR,DeltaHome,2023
LN100031,2022-04,208100.0,4.898,360,680-739,85-95,20-35,OH,CASHOUT_REFI,OWNER,SFR,EagleTrust,2022
LN100032,2021-10,376000.0,3.844,360,740-779,75-85,<=20,WA,REFINANCE,OWNER,CONDO,AlphaServ,2021
LN100033,2023-06,280200.0,6.093,360,680-739,85-95,35-43,TX,PURCHASE,OWNER,SFR,CasaMortgage,2023
LN100034,2024-08,519500.0,6.427,360,680-739,75-85,20-35,CA,REFINANCE,OWNER,SFR,CasaMortgage,2024
LN100035,2021-09,408100.0,4.909,360,620-679,75-85,>43,GA,PURCHASE,OWNER,SFR,AlphaServ,2021
LN100036,2024-07,411500.0,6.638,360,680-739,>95,20-35,IL,PURCHASE,INVESTOR,SFR,EagleTrust,2024
LN100037,2024-05,212100.0,6.386,360,740-779,60-75,35-43,NC,PURCHASE,OWNER,SFR,DeltaHome,2024
LN100038,2022-06,244300.0,5.194,360,620-679,60-75,35-43,GA,PURCHASE,OWNER,CONDO,AlphaServ,2022
LN100039,2023-09,222500.0,6.058,360,680-739,75-85,35-43,IL,PURCHASE,OWNER,SFR,EagleTrust,2023
LN100040,2022-01,129600.0,5.04,360,<620,60-75,20-35,AZ,PURCHASE,SECOND_HOME,SFR,AlphaServ,2022
LN100041,2024-02,495000.0,7.368,360,<620,85-95,20-35,FL,REFINANCE,INVESTOR,TOWNHOUSE,AlphaServ,2024
LN100042,2023-12,357000.0,5.939,360,780+,60-75,<=20,TX,PURCHASE,OWNER,CONDO,AlphaServ,2023
LN100043,2022-09,218500.0,5.296,360,680-739,75-85,35-43,PA,REFINANCE,INVESTOR,SFR,AlphaServ,2022
LN100044,2021-09,459100.0,4.281,360,680-739,85-95,20-35,FL,PURCHASE,OWNER,SFR,AlphaServ,2021
LN100045,2024-11,192200.0,6.925,360,620-679,85-95,20-35,OH,CASHOUT_REFI,OWNER,TOWNHOUSE,EagleTrust,2024
LN100046,2023-01,111600.0,5.405,360,780+,85-95,>43,GA,REFINANCE,OWNER,CONDO,DeltaHome,2023
LN100047,2024-08,401600.0,7.145,360,620-679,<=60,35-43,FL,CASHOUT_REFI,INVESTOR,SFR,CasaMortgage,2024
LN100048,2023-11,143600.0,6.486,360,740-779,60-75,20-35,FL,PURCHASE,OWNER,SFR,BetaLoan,2023
LN100049,2024-03,233700.0,6.827,360,620-679,85-95,20-35,CA,PURCHASE,OWNER,SFR,DeltaHome,2024
LN100050,2024-02,280100.0,7.558,360,<620,>95,35-43,TX,PURCHASE,OWNER,SFR,BetaLoan,2024
LN100051,2022-03,303600.0,4.327,360,740-779,75-85,35-43,FL,REFINANCE,OWNER,SFR,EagleTrust,2022
LN100052,2022-10,373900.0,6.382,360,<620,75-85,35-43,CA,REFINANCE,OWNER,SFR,AlphaServ,2022
LN100053,2023-02,331500.0,5.569,360,740-779,60-75,20-35,PA,REFINANCE,OWNER,SFR,AlphaServ,2023
LN100054,2023-03,326900.0,6.27,360,620-679,75-85,>43,AZ,REFINANCE,OWNER,TOWNHOUSE,BetaLoan,2023
LN100055,2021-08,178800.0,3.759,360,740-779,75-85,<=20,TX,PURCHASE,OWNER,SFR,DeltaHome,2021
LN100056,2023-05,291400.0,5.966,360,740-779,<=60,20-35,GA,PURCHASE,SECOND_HOME,SFR,CasaMortgage,2023
LN100057,2022-01,129600.0,4.257,180,740-779,<=60,<=20,NY,PURCHASE,INVESTOR,SFR,BetaLoan,2022
LN100058,2024-02,515500.0,7.456,360,<620,75-85,20-35,CA,PURCHASE,OWNER,SFR,AlphaServ,2024
LN100059,2023-11,135800.0,6.012,180,740-779,75-85,20-35,CA,REFINANCE,OWNER,SFR,CasaMortgage,2023
LN100060,2024-09,218400.0,5.882,360,780+,60-75,20-35,GA,REFINANCE,OWNER,SFR,CasaMortgage,2024
LN100061,2024-02,141000.0,6.767,360,620-679,85-95,<=20,CA,REFINANCE,OWNER,SFR,AlphaServ,2024
LN100062,2022-10,183800.0,5.417,360,680-739,60-75,<=20,AZ,PURCHASE,OWNER,SFR,DeltaHome,2022
LN100063,2024-11,256800.0,5.97,360,740-779,85-95,>43,MI,PURCHASE,OWNER,SFR,DeltaHome,2024
LN100064,2022-12,201200.0,5.96,240,620-679,85-95,35-43,NC,PURCHASE,OWNER,TOWNHOUSE,BetaLoan,2022
LN100065,2022-08,427200.0,5.144,360,740-779,85-95,35-43,PA,PURCHASE,OWNER,SFR,AlphaServ,2022
LN100066,2024-09,282700.0,6.23,240,740-779,85-95,35-43,CA,PURCHASE,OWNER,CONDO,BetaLoan,2024
LN100067,2022-10,207300.0,6.347,180,<620,85-95,35-43,GA,PURCHASE,OWNER,SFR,CasaMortgage,2022
LN100068,2021-10,240400.0,3.938,360,680-739,75-85,<=20,TX,CASHOUT_REFI,OWNER,SFR,EagleTrust,2021
LN100069,2023-02,441900.0,5.631,180,740-779,75-85,>43,IL,PURCHASE,OWNER,SFR,AlphaServ,2023
LN100070,2024-04,384200.0,6.698,360,620-679,85-95,20-35,FL,REFINANCE,OWNER,SFR,DeltaHome,2024
LN100071,2022-02,152900.0,3.973,360,780+,75-85,20-35,CA,REFINANCE,OWNER,SFR,BetaLoan,2022
LN100072,2023-02,187900.0,6.115,360,620-679,85-95,>43,NC,REFINANCE,OWNER,CONDO,AlphaServ,2023
LN100073,2021-12,316000.0,4.529,360,680-739,60-75,20-35,FL,REFINANCE,OWNER,SFR,DeltaHome,2021
LN100074,2023-11,299200.0,6.371,360,780+,75-85,20-35,CA,REFINANCE,SECOND_HOME,MULTI_2_4,CasaMortgage,2023
LN100075,2023-02,159100.0,6.223,360,620-679,60-75,35-43,AZ,REFINANCE,OWNER,TOWNHOUSE,AlphaServ,2023
LN100076,2022-08,357600.0,4.372,360,780+,85-95,20-35,CA,PURCHASE,OWNER,SFR,CasaMortgage,2022
LN100077,2022-04,170900.0,5.466,360,<620,60-75,20-35,TX,PURCHASE,OWNER,SFR,CasaMortgage,2022
LN100078,2023-06,459000.0,5.996,180,680-739,60-75,>43,CA,REFINANCE,INVESTOR,MULTI_2_4,BetaLoan,2023
LN100079,2023-11,323900.0,7.36,360,<620,60-75,>43,IL,PURCHASE,OWNER,MULTI_2_4,AlphaServ,2023
LN100080,2024-10,153400.0,6.382,360,680-739,85-95,>43,PA,PURCHASE,OWNER,SFR,DeltaHome,2024
LN100081,2023-01,201200.0,5.731,180,740-779,>95,20-35,PA,PURCHASE,OWNER,CONDO,EagleTrust,2023
LN100082,2022-01,199600.0,3.491,360,780+,<=60,35-43,MI,REFINANCE,INVESTOR,TOWNHOUSE,EagleTrust,2022
LN100083,2024-05,274300.0,5.862,360,780+,60-75,35-43,IL,CASHOUT_REFI,OWNER,TOWNHOUSE,CasaMortgage,2024
LN100084,2023-09,232900.0,6.312,360,740-779,85-95,35-43,AZ,PURCHASE,INVESTOR,SFR,AlphaServ,2023
LN100085,2023-12,152400.0,6.14,360,740-779,75-85,<=20,MI,PURCHASE,OWNER,SFR,CasaMortgage,2023
LN100086,2021-11,136300.0,4.503,360,680-739,60-75,20-35,AZ,PURCHASE,OWNER,SFR,DeltaHome,2021
LN100087,2022-08,326800.0,4.663,360,780+,75-85,20-35,TX,CASHOUT_REFI,OWNER,CONDO,EagleTrust,2022
LN100088,2024-03,290300.0,6.634,360,680-739,85-95,>43,GA,PURCHASE,OWNER,SFR,CasaMortgage,2024
LN100089,2024-05,267700.0,6.158,360,780+,60-75,20-35,CA,PURCHASE,OWNER,CONDO,BetaLoan,2024
LN100090,2023-01,288300.0,6.3,360,620-679,75-85,35-43,IL,PURCHASE,OWNER,SFR,BetaLoan,2023
LN100091,2024-04,193200.0,6.563,360,680-739,<=60,20-35,AZ,PURCHASE,OWNER,SFR,CasaMortgage,2024
LN100092,2024-06,277300.0,6.27,360,740-779,>95,20-35,NC,REFINANCE,OWNER,CONDO,DeltaHome,2024
LN100093,2022-11,800000.0,6.193,360,620-679,85-95,20-35,MI,PURCHASE,OWNER,TOWNHOUSE,EagleTrust,2022
LN100094,2024-08,433000.0,6.848,360,620-679,75-85,35-43,FL,PURCHASE,OWNER,SFR,AlphaServ,2024
LN100095,2022-07,224200.0,4.552,360,780+,>95,35-43,NY,PURCHASE,OWNER,CONDO,AlphaServ,2022
LN100096,2022-05,201700.0,4.693,360,680-739,60-75,<=20,WA,REFINANCE,OWNER,SFR,DeltaHome,2022
LN100097,2023-11,70500.0,7.043,360,620-679,85-95,20-35,TX,PURCHASE,OWNER,SFR,BetaLoan,2023
LN100098,2023-09,412900.0,6.69,360,680-739,85-95,20-35,CA,PURCHASE,OWNER,SFR,AlphaServ,2023
LN100099,2021-12,363700.0,4.201,360,680-739,85-95,20-35,NY,REFINANCE,OWNER,SFR,AlphaServ,2021
LN100100,2024-05,199800.0,6.426,360,680-739,85-95,20-35,MI,CASHOUT_REFI,INVESTOR,CONDO,AlphaServ,2024
LN100101,2022-03,134000.0,3.912,360,780+,60-75,<=20,IL,PURCHASE,OWNER,SFR,BetaLoan,2022
LN100102,2024-04,151800.0,6.267,240,780+,<=60,20-35,CA,REFINANCE,INVESTOR,CONDO,AlphaServ,2024
LN100103,2021-07,311800.0,3.805,360,740-779,60-75,35-43,GA,REFINANCE,OWNER,SFR,EagleTrust,2021
LN100104,2024-04,245200.0,6.288,360,740-779,85-95,20-35,NC,REFINANCE,OWNER,SFR,BetaLoan,2024
LN100105,2024-04,348400.0,6.967,360,620-679,75-85,<=20,GA,PURCHASE,SECOND_HOME,SFR,DeltaHome,2024
LN100106,2024-03,265400.0,6.169,360,740-779,75-85,20-35,TX,REFINANCE,OWNER,SFR,BetaLoan,2024
LN100107,2023-10,394400.0,7.052,360,620-679,<=60,20-35,TX,REFINANCE,OWNER,SFR,EagleTrust,2023
LN100108,2023-02,301400.0,6.377,360,620-679,75-85,<=20,NY,PURCHASE,OWNER,SFR,BetaLoan,2023
LN100109,2023-12,370600.0,6.374,360,780+,75-85,<=20,FL,PURCHASE,INVESTOR,SFR,BetaLoan,2023
LN100110,2022-06,99700.0,4.386,360,780+,75-85,20-35,CA,PURCHASE,OWNER,MULTI_2_4,CasaMortgage,2022
LN100111,2024-03,146500.0,7.043,360,620-679,60-75,35-43,PA,REFINANCE,OWNER,MULTI_2_4,CasaMortgage,2024
LN100112,2023-06,216700.0,5.916,360,740-779,<=60,<=20,AZ,PURCHASE,OWNER,SFR,BetaLoan,2023
LN100113,2023-02,414900.0,5.829,180,680-739,<=60,>43,CA,REFINANCE,OWNER,CONDO,AlphaServ,2023
LN100114,2023-04,595000.0,6.131,360,680-739,>95,20-35,OH,REFINANCE,OWNER,SFR,AlphaServ,2023
LN100115,2023-06,237100.0,6.514,180,680-739,75-85,35-43,NY,PURCHASE,OWNER,SFR,AlphaServ,2023
LN100116,2021-08,193800.0,4.409,360,620-679,75-85,>43,NY,PURCHASE,OWNER,CONDO,AlphaServ,2021
LN100117,2021-12,105900.0,4.209,360,680-739,>95,20-35,OH,PURCHASE,OWNER,MULTI_2_4,BetaLoan,2021
LN100118,2022-05,376500.0,4.511,180,680-739,75-85,20-35,NY,PURCHASE,OWNER,SFR,BetaLoan,2022
LN100119,2021-11,199300.0,4.679,360,680-739,75-85,20-35,NY,REFINANCE,INVESTOR,SFR,CasaMortgage,2021
LN100120,2023-01,966300.0,6.123,360,620-679,75-85,<=20,CA,PURCHASE,OWNER,MULTI_2_4,BetaLoan,2023
LN100121,2023-11,183000.0,5.771,360,780+,60-75,35-43,NC,CASHOUT_REFI,OWNER,CONDO,AlphaServ,2023
LN100122,2023-10,658300.0,6.229,360,740-779,60-75,<=20,OH,CASHOUT_REFI,OWNER,SFR,BetaLoan,2023
LN100123,2023-02,357500.0,5.49,240,780+,85-95,35-43,CA,CASHOUT_REFI,OWNER,SFR,CasaMortgage,2023
LN100124,2024-06,160700.0,7.643,180,<620,75-85,35-43,FL,PURCHASE,INVESTOR,SFR,BetaLoan,2024
LN100125,2023-06,283400.0,6.034,360,740-779,60-75,35-43,TX,PURCHASE,OWNER,SFR,BetaLoan,2023
LN100126,2021-10,361200.0,3.363,360,780+,85-95,20-35,NY,REFINANCE,OWNER,SFR,BetaLoan,2021
LN100127,2024-03,230600.0,6.86,360,620-679,<=60,35-43,CA,PURCHASE,OWNER,SFR,CasaMortgage,2024
LN100128,2023-07,372200.0,6.954,360,620-679,75-85,<=20,GA,CASHOUT_REFI,INVESTOR,SFR,CasaMortgage,2023
LN100129,2023-09,368500.0,6.627,360,680-739,85-95,35-43,OH,REFINANCE,INVESTOR,SFR,CasaMortgage,2023
LN100130,2023-06,333800.0,6.376,360,680-739,60-75,20-35,OH,CASHOUT_REFI,OWNER,SFR,CasaMortgage,2023
LN100131,2023-06,253400.0,6.565,360,680-739,60-75,<=20,FL,CASHOUT_REFI,OWNER,TOWNHOUSE,BetaLoan,2023
LN100132,2021-10,150400.0,4.137,360,680-739,75-85,20-35,NC,CASHOUT_REFI,OWNER,SFR,CasaMortgage,2021
LN100133,2023-06,246600.0,6.508,360,680-739,85-95,20-35,PA,PURCHASE,OWNER,SFR,DeltaHome,2023
LN100134,2024-04,276300.0,6.524,360,680-739,85-95,20-35,NY,CASHOUT_REFI,OWNER,CONDO,AlphaServ,2024
LN100135,2022-07,109700.0,6.235,360,<620,85-95,35-43,NY,PURCHASE,OWNER,SFR,EagleTrust,2022
LN100136,2023-08,275400.0,6.323,360,680-739,<=60,20-35,AZ,REFINANCE,OWNER,CONDO,AlphaServ,2023
LN100137,2021-08,244400.0,3.583,360,740-779,60-75,>43,GA,REFINANCE,INVESTOR,SFR,AlphaServ,2021
LN100138,2022-09,142400.0,5.482,360,620-679,75-85,35-43,IL,PURCHASE,OWNER,SFR,CasaMortgage,2022
LN100139,2023-01,219700.0,6.481,360,620-679,85-95,35-43,NC,PURCHASE,OWNER,SFR,BetaLoan,2023
LN100140,2024-12,221800.0,7.165,360,620-679,<=60,>43,FL,REFINANCE,OWNER,MULTI_2_4,EagleTrust,2024
LN100141,2022-04,608400.0,5.384,360,<620,60-75,35-43,CA,PURCHASE,OWNER,SFR,BetaLoan,2022
LN100142,2022-06,281800.0,4.769,180,680-739,<=60,<=20,NC,REFINANCE,OWNER,SFR,CasaMortgage,2022
LN100143,2022-12,406900.0,6.175,360,<620,60-75,20-35,GA,PURCHASE,OWNER,CONDO,AlphaServ,2022
LN100144,2024-12,242100.0,6.671,360,620-679,85-95,20-35,NY,PURCHASE,OWNER,TOWNHOUSE,BetaLoan,2024
LN100145,2024-06,109800.0,6.051,360,780+,>95,20-35,CA,REFINANCE,OWNER,SFR,CasaMortgage,2024
LN100146,2021-08,345400.0,3.542,360,780+,<=60,>43,WA,PURCHASE,SECOND_HOME,SFR,AlphaServ,2021
LN100147,2022-04,189800.0,4.674,360,620-679,75-85,20-35,NC,REFINANCE,OWNER,SFR,CasaMortgage,2022
LN100148,2024-05,219500.0,6.739,360,620-679,60-75,35-43,NY,PURCHASE,INVESTOR,SFR,EagleTrust,2024
LN100149,2021-09,158900.0,4.466,180,680-739,75-85,20-35,TX,CASHOUT_REFI,SECOND_HOME,SFR,AlphaServ,2021
LN100150,2024-06,263700.0,6.507,360,740-779,<=60,>43,OH,CASHOUT_REFI,OWNER,SFR,CasaMortgage,2024
LN100151,2022-06,412200.0,4.616,360,740-779,60-75,<=20,CA,REFINANCE,SECOND_HOME,CONDO,CasaMortgage,2022
LN100152,2024-09,388400.0,7.497,360,<620,60-75,20-35,NY,PURCHASE,OWNER,SFR,DeltaHome,2024
LN100153,2022-07,521100.0,5.424,360,620-679,85-95,>43,WA,PURCHASE,OWNER,CONDO,AlphaServ,2022
LN100154,2023-01,555500.0,5.808,360,680-739,75-85,20-35,NC,PURCHASE,INVESTOR,SFR,CasaMortgage,2023
LN100155,2023-10,101700.0,6.0,360,780+,75-85,35-43,WA,REFINANCE,OWNER,SFR,CasaMortgage,2023
LN100156,2021-12,149200.0,3.514,360,780+,75-85,20-35,NY,PURCHASE,OWNER,SFR,BetaLoan,2021
LN100157,2023-06,113100.0,6.653,360,620-679,60-75,35-43,CA,PURCHASE,OWNER,SFR,CasaMortgage,2023
LN100158,2023-04,339200.0,5.48,360,740-779,60-75,35-43,WA,PURCHASE,OWNER,SFR,DeltaHome,2023
LN100159,2024-03,186900.0,6.96,360,620-679,<=60,35-43,PA,PURCHASE,OWNER,MULTI_2_4,CasaMortgage,2024
LN100160,2024-12,204800.0,6.27,360,740-779,60-75,20-35,OH,REFINANCE,OWNER,CONDO,AlphaServ,2024
LN100161,2023-10,231500.0,5.896,360,780+,60-75,35-43,TX,PURCHASE,OWNER,TOWNHOUSE,BetaLoan,2023
LN100162,2022-12,303200.0,5.752,180,680-739,>95,20-35,NC,PURCHASE,OWNER,SFR,CasaMortgage,2022
LN100163,2022-12,130800.0,6.088,240,620-679,>95,20-35,CA,PURCHASE,OWNER,CONDO,AlphaServ,2022
LN100164,2022-12,144900.0,5.487,360,740-779,85-95,35-43,AZ,PURCHASE,SECOND_HOME,SFR,BetaLoan,2022
LN100165,2024-05,255400.0,6.668,360,680-739,75-85,<=20,NC,PURCHASE,OWNER,TOWNHOUSE,AlphaServ,2024
LN100166,2022-08,437800.0,4.706,360,740-779,85-95,35-43,TX,REFINANCE,OWNER,TOWNHOUSE,BetaLoan,2022
LN100167,2022-02,252300.0,4.197,360,680-739,75-85,20-35,TX,REFINANCE,OWNER,SFR,DeltaHome,2022
LN100168,2022-09,178800.0,4.556,360,780+,75-85,<=20,CA,REFINANCE,OWNER,SFR,DeltaHome,2022
LN100169,2021-07,97100.0,3.895,360,680-739,60-75,35-43,MI,PURCHASE,OWNER,SFR,CasaMortgage,2021
LN100170,2021-11,391900.0,4.779,180,620-679,>95,35-43,CA,REFINANCE,OWNER,SFR,AlphaServ,2021
LN100171,2021-10,183300.0,4.309,360,680-739,85-95,35-43,IL,PURCHASE,OWNER,TOWNHOUSE,CasaMortgage,2021
LN100172,2024-03,152300.0,7.412,240,<620,60-75,>43,FL,REFINANCE,OWNER,SFR,CasaMortgage,2024
LN100173,2024-01,118000.0,6.92,180,620-679,75-85,20-35,OH,CASHOUT_REFI,INVESTOR,SFR,AlphaServ,2024
LN100174,2023-12,133600.0,6.013,360,740-779,85-95,>43,NC,REFINANCE,OWNER,SFR,CasaMortgage,2023
LN100175,2023-02,165600.0,6.117,360,620-679,>95,20-35,TX,CASHOUT_REFI,INVESTOR,SFR,BetaLoan,2023
LN100176,2024-01,229200.0,7.547,360,<620,75-85,20-35,TX,PURCHASE,OWNER,SFR,CasaMortgage,2024
LN100177,2022-01,148200.0,4.692,180,620-679,75-85,35-43,FL,REFINANCE,OWNER,MULTI_2_4,CasaMortgage,2022
LN100178,2024-08,277500.0,7.423,360,<620,60-75,20-35,WA,PURCHASE,OWNER,SFR,AlphaServ,2024
LN100179,2023-04,228500.0,5.764,360,780+,60-75,>43,NY,PURCHASE,OWNER,SFR,AlphaServ,2023
LN100180,2024-10,693800.0,6.127,360,780+,60-75,20-35,TX,REFINANCE,OWNER,MULTI_2_4,DeltaHome,2024
LN100181,2022-01,118500.0,5.228,360,<620,<=60,<=20,IL,REFINANCE,INVESTOR,SFR,BetaLoan,2022
LN100182,2023-03,274500.0,5.964,360,740-779,75-85,35-43,TX,REFINANCE,OWNER,SFR,DeltaHome,2023
LN100183,2023-12,276000.0,6.157,180,740-779,75-85,<=20,MI,REFINANCE,OWNER,CONDO,AlphaServ,2023
LN100184,2023-03,160500.0,5.377,180,780+,85-95,<=20,FL,CASHOUT_REFI,OWNER,TOWNHOUSE,EagleTrust,2023
LN100185,2023-01,266400.0,5.603,360,680-739,75-85,<=20,WA,REFINANCE,OWNER,CONDO,BetaLoan,2023
LN100186,2022-01,360900.0,4.586,240,680-739,60-75,>43,GA,REFINANCE,OWNER,SFR,BetaLoan,2022
LN100187,2022-11,266600.0,5.462,360,680-739,75-85,<=20,GA,PURCHASE,OWNER,SFR,AlphaServ,2022
LN100188,2022-05,475900.0,4.27,240,780+,85-95,20-35,FL,PURCHASE,OWNER,SFR,DeltaHome,2022
LN100189,2022-07,95800.0,5.061,360,740-779,75-85,20-35,TX,PURCHASE,OWNER,SFR,CasaMortgage,2022
LN100190,2023-11,174700.0,6.386,360,680-739,75-85,>43,CA,PURCHASE,OWNER,SFR,DeltaHome,2023
LN100191,2023-09,495700.0,6.881,360,620-679,60-75,>43,PA,CASHOUT_REFI,OWNER,SFR,BetaLoan,2023
LN100192,2023-08,384800.0,6.135,360,740-779,<=60,>43,WA,REFINANCE,OWNER,SFR,DeltaHome,2023
LN100193,2022-10,325500.0,4.948,360,780+,>95,20-35,TX,REFINANCE,OWNER,CONDO,BetaLoan,2022
LN100194,2024-11,444600.0,6.688,360,680-739,60-75,20-35,WA,PURCHASE,OWNER,SFR,BetaLoan,2024
LN100195,2021-10,107700.0,3.948,360,740-779,60-75,35-43,GA,REFINANCE,OWNER,SFR,EagleTrust,2021
LN100196,2022-09,365100.0,5.333,360,680-739,<=60,<=20,MI,REFINANCE,OWNER,SFR,AlphaServ,2022
LN100197,2021-11,412100.0,4.536,360,680-739,75-85,<=20,WA,PURCHASE,OWNER,SFR,AlphaServ,2021
LN100198,2022-09,189800.0,5.033,240,680-739,85-95,>43,WA,PURCHASE,OWNER,MULTI_2_4,CasaMortgage,2022
LN100199,2024-11,833300.0,6.01,360,740-779,85-95,<=20,OH,REFINANCE,OWNER,SFR,DeltaHome,2024
LN100200,2022-10,278800.0,4.927,360,780+,85-95,20-35,IL,PURCHASE,OWNER,CONDO,AlphaServ,2022
LN100201,2024-09,95200.0,6.662,180,680-739,60-75,20-35,NC,REFINANCE,OWNER,SFR,DeltaHome,2024
LN100202,2023-03,303000.0,6.043,360,680-739,60-75,<=20,TX,CASHOUT_REFI,OWNER,MULTI_2_4,EagleTrust,2023
LN100203,2023-12,184600.0,6.435,240,680-739,>95,>43,NY,PURCHASE,OWNER,SFR,BetaLoan,2023
LN100204,2023-02,431200.0,6.573,180,620-679,75-85,<=20,PA,PURCHASE,OWNER,TOWNHOUSE,EagleTrust,2023
LN100205,2022-06,326600.0,5.038,240,680-739,85-95,20-35,CA,PURCHASE,OWNER,CONDO,AlphaServ,2022
LN100206,2024-03,195000.0,7.389,360,<620,75-85,20-35,NY,PURCHASE,OWNER,TOWNHOUSE,CasaMortgage,2024
LN100207,2024-11,501900.0,6.819,360,680-739,60-75,20-35,FL,REFINANCE,OWNER,CONDO,DeltaHome,2024
LN100208,2022-06,389600.0,5.217,360,620-679,>95,35-43,OH,PURCHASE,OWNER,SFR,BetaLoan,2022
LN100209,2024-03,175900.0,6.948,360,620-679,60-75,35-43,TX,PURCHASE,OWNER,SFR,DeltaHome,2024
LN100210,2022-05,238400.0,4.193,360,740-779,75-85,20-35,AZ,PURCHASE,OWNER,SFR,CasaMortgage,2022
LN100211,2024-01,322100.0,7.02,360,620-679,60-75,20-35,MI,REFINANCE,OWNER,SFR,AlphaServ,2024
LN100212,2024-04,216700.0,6.949,180,680-739,75-85,<=20,CA,PURCHASE,INVESTOR,TOWNHOUSE,EagleTrust,2024
LN100213,2023-01,219600.0,5.671,360,780+,75-85,20-35,FL,PURCHASE,INVESTOR,CONDO,BetaLoan,2023
LN100214,2024-01,259500.0,6.508,360,680-739,60-75,>43,CA,PURCHASE,OWNER,SFR,AlphaServ,2024
LN100215,2022-06,158000.0,5.195,360,620-679,>95,35-43,CA,PURCHASE,SECOND_HOME,SFR,AlphaServ,2022
LN100216,2021-10,93500.0,4.183,180,680-739,60-75,<=20,NY,PURCHASE,OWNER,SFR,DeltaHome,2021
LN100217,2021-11,284300.0,4.191,360,740-779,75-85,35-43,FL,PURCHASE,OWNER,SFR,CasaMortgage,2021
LN100218,2023-01,104300.0,5.868,360,680-739,<=60,35-43,IL,CASHOUT_REFI,OWNER,TOWNHOUSE,CasaMortgage,2023
LN100219,2024-08,163300.0,7.127,360,620-679,85-95,35-43,FL,CASHOUT_REFI,OWNER,MULTI_2_4,AlphaServ,2024
LN100220,2021-12,115000.0,4.422,360,680-739,75-85,35-43,FL,REFINANCE,OWNER,SFR,DeltaHome,2021
LN100221,2023-02,121600.0,6.15,360,680-739,75-85,>43,WA,REFINANCE,OWNER,CONDO,CasaMortgage,2023
LN100222,2023-12,309200.0,6.708,360,680-739,85-95,<=20,AZ,PURCHASE,OWNER,SFR,AlphaServ,2023
LN100223,2022-03,231000.0,4.133,180,740-779,85-95,20-35,CA,CASHOUT_REFI,OWNER,CONDO,BetaLoan,2022
LN100224,2024-01,227200.0,7.501,360,<620,>95,>43,GA,REFINANCE,INVESTOR,SFR,BetaLoan,2024
LN100225,2022-07,141200.0,4.943,180,680-739,85-95,20-35,CA,REFINANCE,OWNER,SFR,CasaMortgage,2022
LN100226,2024-04,190000.0,6.471,180,740-779,60-75,35-43,MI,PURCHASE,OWNER,SFR,BetaLoan,2024
LN100227,2023-07,302400.0,6.856,180,620-679,85-95,20-35,PA,REFINANCE,OWNER,SFR,CasaMortgage,2023
LN100228,2023-05,249300.0,6.028,360,740-779,<=60,20-35,GA,CASHOUT_REFI,OWNER,SFR,EagleTrust,2023
LN100229,2022-02,369600.0,4.519,360,680-739,<=60,>43,NC,PURCHASE,OWNER,SFR,BetaLoan,2022
LN100230,2023-02,394100.0,5.672,360,680-739,75-85,20-35,PA,PURCHASE,OWNER,SFR,DeltaHome,2023
LN100231,2024-06,227900.0,6.202,360,780+,75-85,20-35,CA,PURCHASE,OWNER,SFR,BetaLoan,2024
LN100232,2021-07,110900.0,3.833,360,680-739,75-85,20-35,NC,REFINANCE,OWNER,SFR,BetaLoan,2021
LN100233,2024-02,181600.0,6.806,360,620-679,75-85,>43,CA,CASHOUT_REFI,OWNER,SFR,AlphaServ,2024
LN100234,2023-03,244300.0,5.753,360,780+,75-85,20-35,CA,PURCHASE,OWNER,SFR,CasaMortgage,2023
LN100235,2024-01,180000.0,6.203,360,740-779,>95,>43,GA,PURCHASE,OWNER,SFR,CasaMortgage,2024
LN100236,2023-10,158800.0,5.951,360,740-779,60-75,20-35,TX,PURCHASE,OWNER,SFR,AlphaServ,2023
LN100237,2023-01,263400.0,6.619,360,<620,60-75,>43,CA,REFINANCE,OWNER,SFR,EagleTrust,2023
LN100238,2022-07,762000.0,5.558,360,620-679,<=60,20-35,CA,PURCHASE,OWNER,SFR,BetaLoan,2022
LN100239,2023-09,204900.0,6.076,360,740-779,60-75,35-43,WA,REFINANCE,OWNER,SFR,CasaMortgage,2023
LN100240,2021-12,254900.0,4.897,360,620-679,>95,20-35,TX,PURCHASE,OWNER,SFR,DeltaHome,2021
LN100241,2023-07,141400.0,6.926,360,620-679,<=60,<=20,NY,PURCHASE,OWNER,SFR,BetaLoan,2023
LN100242,2021-10,446600.0,4.06,360,740-779,60-75,20-35,TX,PURCHASE,OWNER,SFR,DeltaHome,2021
LN100243,2023-10,378400.0,6.615,240,680-739,75-85,35-43,WA,PURCHASE,OWNER,CONDO,DeltaHome,2023
LN100244,2023-09,366800.0,7.132,360,<620,60-75,35-43,CA,CASHOUT_REFI,OWNER,SFR,BetaLoan,2023
LN100245,2021-10,470700.0,5.032,360,<620,75-85,20-35,OH,PURCHASE,OWNER,SFR,BetaLoan,2021
LN100246,2024-02,210600.0,6.666,360,680-739,>95,20-35,IL,REFINANCE,OWNER,SFR,CasaMortgage,2024
LN100247,2022-12,222800.0,5.263,180,740-779,85-95,35-43,NC,CASHOUT_REFI,INVESTOR,SFR,DeltaHome,2022
LN100248,2024-04,551000.0,6.395,360,740-779,75-85,35-43,AZ,REFINANCE,OWNER,SFR,EagleTrust,2024
LN100249,2021-08,339300.0,4.686,240,620-679,85-95,35-43,CA,CASHOUT_REFI,OWNER,SFR,AlphaServ,2021
LN100250,2022-02,94000.0,4.651,360,620-679,85-95,20-35,CA,PURCHASE,OWNER,SFR,CasaMortgage,2022
LN100251,2023-03,313200.0,5.725,360,680-739,60-75,20-35,FL,REFINANCE,OWNER,SFR,EagleTrust,2023
LN100252,2022-02,196500.0,4.471,360,680-739,85-95,20-35,NY,PURCHASE,INVESTOR,SFR,AlphaServ,2022
LN100253,2022-08,382400.0,5.6,360,680-739,75-85,<=20,AZ,CASHOUT_REFI,OWNER,SFR,BetaLoan,2022
LN100254,2023-10,306700.0,5.989,180,780+,85-95,>43,TX,REFINANCE,OWNER,SFR,CasaMortgage,2023
LN100255,2022-01,116600.0,4.141,360,680-739,<=60,20-35,PA,REFINANCE,OWNER,SFR,BetaLoan,2022
LN100256,2023-11,288100.0,6.629,180,680-739,85-95,20-35,CA,PURCHASE,OWNER,SFR,AlphaServ,2023
LN100257,2021-11,280600.0,3.793,360,780+,85-95,20-35,CA,REFINANCE,OWNER,CONDO,AlphaServ,2021
LN100258,2022-02,300600.0,5.457,360,<620,85-95,20-35,MI,CASHOUT_REFI,OWNER,SFR,CasaMortgage,2022
LN100259,2023-07,330700.0,6.256,240,780+,60-75,35-43,MI,PURCHASE,OWNER,SFR,EagleTrust,2023
LN100260,2024-04,500400.0,6.384,360,680-739,60-75,35-43,CA,PURCHASE,OWNER,SFR,AlphaServ,2024
LN100261,2022-02,307500.0,4.59,360,680-739,85-95,35-43,WA,PURCHASE,OWNER,SFR,BetaLoan,2022
LN100262,2022-07,257900.0,4.52,360,780+,75-85,<=20,CA,CASHOUT_REFI,OWNER,TOWNHOUSE,AlphaServ,2022
LN100263,2024-09,427900.0,6.643,360,680-739,>95,35-43,AZ,PURCHASE,OWNER,SFR,DeltaHome,2024
LN100264,2024-12,700300.0,6.374,180,680-739,75-85,>43,TX,PURCHASE,OWNER,SFR,DeltaHome,2024
LN100265,2023-07,385300.0,6.111,180,680-739,60-75,>43,CA,CASHOUT_REFI,INVESTOR,SFR,CasaMortgage,2023
LN100266,2023-01,280100.0,5.829,360,740-779,85-95,<=20,PA,PURCHASE,OWNER,SFR,CasaMortgage,2023
LN100267,2022-09,310100.0,5.324,360,740-779,85-95,20-35,TX,REFINANCE,INVESTOR,MULTI_2_4,DeltaHome,2022
LN100268,2023-08,286400.0,7.167,360,620-679,75-85,>43,IL,REFINANCE,OWNER,SFR,CasaMortgage,2023
LN100269,2023-07,257400.0,5.93,360,740-779,85-95,35-43,PA,PURCHASE,OWNER,SFR,CasaMortgage,2023
LN100270,2022-07,676300.0,4.697,360,740-779,60-75,<=20,CA,PURCHASE,OWNER,SFR,CasaMortgage,2022
LN100271,2021-07,182200.0,4.281,360,680-739,60-75,35-43,MI,PURCHASE,OWNER,SFR,AlphaServ,2021
LN100272,2022-01,429200.0,5.243,180,<620,<=60,35-43,OH,PURCHASE,OWNER,CONDO,BetaLoan,2022
LN100273,2024-11,241200.0,6.401,240,680-739,60-75,35-43,TX,PURCHASE,OWNER,SFR,CasaMortgage,2024
LN100274,2022-12,131100.0,6.683,360,<620,75-85,20-35,CA,REFINANCE,SECOND_HOME,TOWNHOUSE,DeltaHome,2022
LN100275,2023-03,234500.0,6.729,360,<620,60-75,35-43,TX,PURCHASE,OWNER,SFR,AlphaServ,2023
LN100276,2023-02,199600.0,5.619,360,680-739,85-95,35-43,NY,CASHOUT_REFI,SECOND_HOME,SFR,BetaLoan,2023
LN100277,2024-03,331000.0,7.92,360,<620,60-75,20-35,FL,REFINANCE,INVESTOR,CONDO,BetaLoan,2024
LN100278,2021-09,266000.0,4.079,360,680-739,85-95,35-43,NC,PURCHASE,OWNER,SFR,EagleTrust,2021
LN100279,2021-10,161100.0,4.027,180,740-779,75-85,20-35,NY,REFINANCE,OWNER,SFR,BetaLoan,2021
LN100280,2022-06,494800.0,4.843,360,680-739,60-75,20-35,NY,PURCHASE,OWNER,SFR,AlphaServ,2022
LN100281,2023-03,416900.0,5.594,360,780+,75-85,35-43,PA,PURCHASE,OWNER,SFR,DeltaHome,2023
LN100282,2023-11,521100.0,6.039,180,780+,>95,20-35,IL,PURCHASE,OWNER,SFR,BetaLoan,2023
LN100283,2023-03,284000.0,5.481,360,740-779,>95,<=20,WA,PURCHASE,OWNER,SFR,DeltaHome,2023
LN100284,2023-01,251200.0,5.223,360,780+,60-75,35-43,OH,REFINANCE,OWNER,SFR,AlphaServ,2023
LN100285,2024-10,350300.0,6.378,360,740-779,75-85,35-43,WA,PURCHASE,SECOND_HOME,SFR,EagleTrust,2024
LN100286,2022-01,196800.0,4.43,360,680-739,60-75,35-43,AZ,PURCHASE,OWNER,SFR,EagleTrust,2022
LN100287,2023-07,270600.0,6.059,180,740-779,75-85,20-35,NY,REFINANCE,OWNER,SFR,AlphaServ,2023
LN100288,2023-05,235800.0,6.26,360,620-679,60-75,35-43,GA,PURCHASE,OWNER,SFR,AlphaServ,2023
LN100289,2023-02,132300.0,5.738,180,740-779,>95,<=20,CA,PURCHASE,OWNER,SFR,BetaLoan,2023
LN100290,2024-04,270300.0,6.521,180,680-739,75-85,<=20,IL,PURCHASE,OWNER,CONDO,AlphaServ,2024
LN100291,2022-06,209300.0,5.681,360,<620,60-75,20-35,NY,REFINANCE,OWNER,SFR,DeltaHome,2022
LN100292,2024-11,228900.0,6.774,360,620-679,>95,20-35,IL,REFINANCE,OWNER,CONDO,AlphaServ,2024
LN100293,2022-08,300700.0,4.675,360,780+,85-95,35-43,TX,PURCHASE,OWNER,CONDO,AlphaServ,2022
LN100294,2023-05,452500.0,6.208,360,680-739,<=60,<=20,PA,PURCHASE,OWNER,CONDO,CasaMortgage,2023
LN100295,2023-04,174200.0,6.472,360,620-679,85-95,35-43,CA,REFINANCE,OWNER,SFR,DeltaHome,2023
LN100296,2024-06,219400.0,7.245,360,620-679,75-85,>43,MI,PURCHASE,OWNER,CONDO,AlphaServ,2024
LN100297,2023-01,180900.0,5.838,180,680-739,75-85,<=20,WA,PURCHASE,OWNER,TOWNHOUSE,AlphaServ,2023
LN100298,2022-06,175700.0,4.129,360,780+,60-75,35-43,CA,REFINANCE,OWNER,SFR,CasaMortgage,2022
LN100299,2021-07,195300.0,3.646,360,740-779,60-75,35-43,NY,PURCHASE,SECOND_HOME,TOWNHOUSE,AlphaServ,2021
LN100300,2022-10,233700.0,5.478,240,680-739,60-75,20-35,OH,PURCHASE,OWNER,CONDO,CasaMortgage,2022
LN100301,2024-05,332200.0,7.125,360,620-679,85-95,20-35,WA,REFINANCE,SECOND_HOME,CONDO,CasaMortgage,2024
LN100302,2021-07,294800.0,4.782,240,<620,60-75,35-43,PA,PURCHASE,OWNER,SFR,BetaLoan,2021
LN100303,2024-08,158600.0,6.405,360,680-739,75-85,20-35,NY,PURCHASE,OWNER,SFR,DeltaHome,2024
LN100304,2023-05,457000.0,6.015,360,740-779,>95,35-43,WA,REFINANCE,OWNER,SFR,AlphaServ,2023
LN100305,2021-12,390400.0,4.011,360,740-779,>95,20-35,FL,PURCHASE,OWNER,CONDO,AlphaServ,2021
LN100306,2022-07,170200.0,5.09,360,680-739,85-95,<=20,FL,REFINANCE,OWNER,CONDO,AlphaServ,2022
LN100307,2023-06,442800.0,5.877,360,740-779,85-95,20-35,IL,PURCHASE,OWNER,SFR,EagleTrust,2023
LN100308,2022-08,295700.0,5.31,360,680-739,>95,20-35,MI,CASHOUT_REFI,OWNER,SFR,AlphaServ,2022
LN100309,2021-11,237900.0,4.073,360,740-779,85-95,35-43,TX,REFINANCE,SECOND_HOME,CONDO,BetaLoan,2021
LN100310,2023-10,299900.0,6.611,360,680-739,75-85,35-43,MI,PURCHASE,OWNER,SFR,AlphaServ,2023
LN100311,2023-11,252300.0,6.146,360,740-779,<=60,20-35,CA,PURCHASE,OWNER,SFR,CasaMortgage,2023
LN100312,2021-11,326200.0,4.147,360,680-739,60-75,35-43,TX,PURCHASE,SECOND_HOME,SFR,AlphaServ,2021
LN100313,2022-06,277700.0,4.359,360,780+,75-85,20-35,WA,CASHOUT_REFI,OWNER,SFR,CasaMortgage,2022
LN100314,2022-05,219300.0,4.45,360,680-739,60-75,35-43,GA,REFINANCE,OWNER,SFR,AlphaServ,2022
LN100315,2023-10,102600.0,7.324,360,<620,60-75,20-35,IL,REFINANCE,OWNER,SFR,DeltaHome,2023
LN100316,2024-01,323600.0,7.128,360,620-679,<=60,20-35,NC,CASHOUT_REFI,OWNER,SFR,EagleTrust,2024
LN100317,2024-01,215700.0,6.42,360,680-739,75-85,35-43,NY,PURCHASE,OWNER,SFR,BetaLoan,2024
LN100318,2024-10,362200.0,6.871,240,680-739,60-75,>43,CA,PURCHASE,OWNER,CONDO,AlphaServ,2024
LN100319,2024-03,317000.0,6.367,240,680-739,60-75,20-35,IL,CASHOUT_REFI,OWNER,TOWNHOUSE,BetaLoan,2024
LN100320,2022-08,218300.0,4.685,360,740-779,75-85,20-35,WA,CASHOUT_REFI,OWNER,CONDO,AlphaServ,2022
LN100321,2021-11,404500.0,4.105,180,680-739,60-75,35-43,TX,PURCHASE,OWNER,SFR,DeltaHome,2021
LN100322,2023-08,279900.0,6.214,360,740-779,75-85,20-35,CA,PURCHASE,OWNER,CONDO,EagleTrust,2023
LN100323,2024-09,274800.0,6.2,360,740-779,60-75,35-43,MI,PURCHASE,INVESTOR,TOWNHOUSE,AlphaServ,2024
LN100324,2024-11,239900.0,6.297,180,680-739,85-95,<=20,NY,REFINANCE,INVESTOR,SFR,DeltaHome,2024
LN100325,2022-04,544500.0,4.744,360,680-739,85-95,<=20,FL,REFINANCE,INVESTOR,SFR,DeltaHome,2022
LN100326,2022-04,185200.0,5.095,360,620-679,<=60,<=20,IL,REFINANCE,OWNER,SFR,DeltaHome,2022
LN100327,2021-08,220800.0,3.95,360,680-739,85-95,20-35,AZ,CASHOUT_REFI,OWNER,SFR,AlphaServ,2021
LN100328,2021-12,146300.0,4.303,360,740-779,85-95,35-43,TX,PURCHASE,OWNER,MULTI_2_4,DeltaHome,2021
LN100329,2023-06,354000.0,5.926,360,780+,>95,35-43,TX,CASHOUT_REFI,OWNER,CONDO,BetaLoan,2023
LN100330,2023-05,196400.0,6.025,360,740-779,85-95,<=20,OH,PURCHASE,OWNER,SFR,DeltaHome,2023
LN100331,2022-10,206600.0,5.327,360,680-739,75-85,<=20,IL,PURCHASE,OWNER,SFR,BetaLoan,2022
LN100332,2022-08,202300.0,4.671,240,740-779,<=60,20-35,CA,CASHOUT_REFI,OWNER,MULTI_2_4,EagleTrust,2022
LN100333,2024-05,262600.0,6.559,360,740-779,<=60,35-43,OH,CASHOUT_REFI,OWNER,CONDO,AlphaServ,2024
LN100334,2023-02,145400.0,5.781,360,680-739,60-75,20-35,OH,CASHOUT_REFI,INVESTOR,SFR,AlphaServ,2023
LN100335,2024-04,93000.0,6.393,360,740-779,75-85,<=20,GA,REFINANCE,OWNER,SFR,AlphaServ,2024
LN100336,2024-11,313600.0,7.586,360,<620,>95,35-43,NY,PURCHASE,INVESTOR,SFR,AlphaServ,2024
LN100337,2022-08,98600.0,5.803,360,<620,60-75,35-43,FL,PURCHASE,OWNER,MULTI_2_4,BetaLoan,2022
LN100338,2022-03,374900.0,4.906,360,620-679,75-85,>43,FL,PURCHASE,OWNER,SFR,DeltaHome,2022
LN100339,2024-11,514700.0,6.744,360,620-679,>95,20-35,PA,PURCHASE,OWNER,SFR,AlphaServ,2024
LN100340,2023-09,237100.0,6.023,360,780+,<=60,20-35,GA,CASHOUT_REFI,OWNER,SFR,AlphaServ,2023
LN100341,2022-07,458100.0,4.871,360,680-739,<=60,<=20,NY,PURCHASE,OWNER,SFR,CasaMortgage,2022
LN100342,2023-09,252500.0,6.297,360,680-739,60-75,>43,GA,PURCHASE,OWNER,SFR,DeltaHome,2023
LN100343,2023-04,524200.0,5.903,360,680-739,60-75,<=20,FL,REFINANCE,OWNER,SFR,CasaMortgage,2023
LN100344,2024-09,207900.0,6.55,240,680-739,75-85,20-35,PA,REFINANCE,OWNER,CONDO,DeltaHome,2024
LN100345,2022-05,88100.0,4.46,360,680-739,75-85,20-35,NC,PURCHASE,OWNER,SFR,DeltaHome,2022
LN100346,2024-12,246200.0,7.658,360,<620,75-85,20-35,CA,CASHOUT_REFI,SECOND_HOME,MULTI_2_4,AlphaServ,2024
LN100347,2024-10,550500.0,6.505,360,680-739,60-75,20-35,CA,REFINANCE,OWNER,CONDO,AlphaServ,2024
LN100348,2022-02,324700.0,4.997,360,620-679,85-95,35-43,CA,REFINANCE,OWNER,SFR,DeltaHome,2022
LN100349,2022-01,202400.0,4.051,360,740-779,60-75,<=20,CA,PURCHASE,OWNER,SFR,CasaMortgage,2022
LN100350,2023-05,296000.0,6.677,240,620-679,75-85,35-43,IL,REFINANCE,OWNER,SFR,EagleTrust,2023
LN100351,2021-08,395100.0,3.554,360,740-779,<=60,>43,TX,PURCHASE,OWNER,SFR,EagleTrust,2021
LN100352,2022-07,245600.0,4.815,360,740-779,85-95,<=20,NC,REFINANCE,OWNER,CONDO,AlphaServ,2022
LN100353,2023-01,832200.0,6.01,360,620-679,75-85,<=20,IL,PURCHASE,OWNER,TOWNHOUSE,CasaMortgage,2023
LN100354,2024-11,202200.0,7.662,180,<620,60-75,>43,CA,PURCHASE,OWNER,SFR,DeltaHome,2024
LN100355,2024-12,400800.0,5.896,360,780+,75-85,20-35,CA,PURCHASE,OWNER,TOWNHOUSE,CasaMortgage,2024
LN100356,2022-01,359600.0,4.488,360,680-739,75-85,20-35,CA,CASHOUT_REFI,OWNER,TOWNHOUSE,AlphaServ,2022
LN100357,2024-08,186300.0,6.355,360,680-739,85-95,20-35,OH,PURCHASE,OWNER,SFR,CasaMortgage,2024
LN100358,2021-10,210900.0,5.206,360,<620,>95,20-35,OH,PURCHASE,INVESTOR,SFR,BetaLoan,2021
LN100359,2024-02,403600.0,6.677,360,620-679,<=60,35-43,FL,REFINANCE,OWNER,CONDO,CasaMortgage,2024
LN100360,2024-06,272400.0,6.306,240,680-739,75-85,35-43,CA,CASHOUT_REFI,OWNER,SFR,DeltaHome,2024
LN100361,2024-08,297200.0,6.263,360,780+,60-75,20-35,WA,REFINANCE,OWNER,TOWNHOUSE,AlphaServ,2024
LN100362,2022-04,122200.0,4.815,360,680-739,85-95,20-35,NY,CASHOUT_REFI,OWNER,SFR,BetaLoan,2022
LN100363,2024-08,342900.0,6.194,360,740-779,<=60,20-35,NY,REFINANCE,OWNER,SFR,AlphaServ,2024
LN100364,2021-11,290500.0,3.861,360,740-779,75-85,20-35,NY,CASHOUT_REFI,SECOND_HOME,SFR,CasaMortgage,2021
LN100365,2023-04,248000.0,6.513,360,620-679,85-95,35-43,CA,PURCHASE,OWNER,SFR,AlphaServ,2023
LN100366,2023-02,300300.0,5.99,360,680-739,75-85,35-43,NC,PURCHASE,OWNER,SFR,AlphaServ,2023
LN100367,2022-08,212300.0,5.731,360,620-679,85-95,>43,GA,PURCHASE,OWNER,SFR,DeltaHome,2022
LN100368,2021-07,195600.0,3.993,360,680-739,60-75,<=20,TX,CASHOUT_REFI,OWNER,SFR,AlphaServ,2021
LN100369,2024-03,228900.0,6.309,180,680-739,>95,<=20,TX,CASHOUT_REFI,OWNER,SFR,BetaLoan,2024
LN100370,2022-09,207100.0,5.278,180,680-739,85-95,35-43,OH,PURCHASE,OWNER,SFR,DeltaHome,2022
LN100371,2023-10,680900.0,6.758,360,620-679,75-85,20-35,FL,REFINANCE,INVESTOR,SFR,DeltaHome,2023
LN100372,2022-12,384700.0,5.635,360,740-779,<=60,<=20,WA,PURCHASE,OWNER,TOWNHOUSE,CasaMortgage,2022
LN100373,2022-10,165100.0,5.064,360,740-779,75-85,>43,IL,CASHOUT_REFI,OWNER,TOWNHOUSE,CasaMortgage,2022
LN100374,2024-08,638200.0,6.791,360,680-739,85-95,35-43,AZ,PURCHASE,OWNER,SFR,CasaMortgage,2024
LN100375,2021-10,210100.0,4.165,360,680-739,<=60,20-35,TX,REFINANCE,OWNER,SFR,CasaMortgage,2021
LN100376,2024-01,258700.0,6.849,360,620-679,>95,35-43,OH,PURCHASE,INVESTOR,SFR,BetaLoan,2024
LN100377,2024-02,382300.0,6.492,360,740-779,85-95,20-35,FL,PURCHASE,OWNER,SFR,BetaLoan,2024
LN100378,2022-10,105200.0,5.292,180,680-739,>95,20-35,WA,CASHOUT_REFI,SECOND_HOME,SFR,AlphaServ,2022
LN100379,2022-06,229400.0,4.885,360,680-739,60-75,20-35,OH,PURCHASE,OWNER,MULTI_2_4,DeltaHome,2022
LN100380,2021-07,197200.0,4.391,240,620-679,75-85,20-35,GA,PURCHASE,INVESTOR,CONDO,BetaLoan,2021
LN100381,2024-10,279900.0,6.395,360,680-739,60-75,20-35,CA,PURCHASE,OWNER,TOWNHOUSE,DeltaHome,2024
LN100382,2024-10,301500.0,6.596,360,680-739,60-75,35-43,IL,PURCHASE,SECOND_HOME,SFR,BetaLoan,2024
LN100383,2022-05,246500.0,4.653,360,680-739,60-75,20-35,OH,PURCHASE,OWNER,TOWNHOUSE,CasaMortgage,2022
LN100384,2021-08,241400.0,3.436,360,780+,<=60,<=20,FL,REFINANCE,OWNER,CONDO,EagleTrust,2021
LN100385,2021-12,412200.0,3.758,360,780+,85-95,35-43,NC,REFINANCE,OWNER,SFR,AlphaServ,2021
LN100386,2021-09,292300.0,4.416,240,620-679,60-75,<=20,IL,PURCHASE,OWNER,SFR,AlphaServ,2021
LN100387,2024-05,260100.0,6.223,360,740-779,<=60,35-43,OH,CASHOUT_REFI,OWNER,CONDO,AlphaServ,2024
LN100388,2024-08,272800.0,6.55,360,680-739,75-85,35-43,FL,PURCHASE,INVESTOR,SFR,DeltaHome,2024
LN100389,2022-01,583100.0,3.969,360,780+,85-95,20-35,NC,REFINANCE,OWNER,SFR,AlphaServ,2022
LN100390,2024-02,275900.0,6.896,240,620-679,85-95,20-35,CA,CASHOUT_REFI,OWNER,MULTI_2_4,DeltaHome,2024
LN100391,2022-02,202500.0,4.212,360,680-739,75-85,<=20,IL,REFINANCE,SECOND_HOME,SFR,AlphaServ,2022
LN100392,2022-10,108100.0,5.522,180,680-739,60-75,35-43,AZ,REFINANCE,SECOND_HOME,SFR,EagleTrust,2022
LN100393,2023-08,133900.0,6.298,180,680-739,75-85,<=20,TX,PURCHASE,INVESTOR,SFR,AlphaServ,2023
LN100394,2024-01,206900.0,6.326,180,740-779,75-85,35-43,PA,PURCHASE,SECOND_HOME,SFR,AlphaServ,2024
LN100395,2024-07,243100.0,6.784,180,680-739,60-75,20-35,AZ,REFINANCE,OWNER,SFR,EagleTrust,2024
LN100396,2021-08,198800.0,4.475,360,620-679,60-75,20-35,TX,REFINANCE,OWNER,TOWNHOUSE,EagleTrust,2021
LN100397,2022-03,298900.0,4.38,360,680-739,>95,<=20,CA,REFINANCE,OWNER,SFR,BetaLoan,2022
LN100398,2022-06,197600.0,4.342,360,780+,<=60,<=20,MI,CASHOUT_REFI,OWNER,TOWNHOUSE,CasaMortgage,2022
LN100399,2022-08,169100.0,4.711,360,740-779,60-75,20-35,WA,REFINANCE,OWNER,SFR,AlphaServ,2022
LN100400,2024-12,336300.0,6.338,240,680-739,60-75,35-43,TX,REFINANCE,OWNER,SFR,EagleTrust,2024
LN100401,2024-03,472700.0,6.918,360,620-679,85-95,20-35,AZ,CASHOUT_REFI,OWNER,CONDO,DeltaHome,2024
LN100402,2022-08,155100.0,5.328,360,620-679,75-85,20-35,TX,REFINANCE,INVESTOR,SFR,DeltaHome,2022
LN100403,2024-11,284800.0,6.018,240,740-779,>95,35-43,FL,PURCHASE,OWNER,SFR,DeltaHome,2024
LN100404,2023-03,108300.0,5.861,360,740-779,85-95,20-35,AZ,REFINANCE,OWNER,SFR,CasaMortgage,2023
LN100405,2023-04,131500.0,5.858,240,740-779,85-95,20-35,FL,REFINANCE,OWNER,SFR,BetaLoan,2023
LN100406,2023-01,195800.0,5.374,360,780+,60-75,20-35,MI,REFINANCE,OWNER,SFR,EagleTrust,2023
LN100407,2022-01,425400.0,4.887,360,620-679,60-75,<=20,CA,PURCHASE,SECOND_HOME,SFR,BetaLoan,2022
LN100408,2024-10,179800.0,5.906,180,740-779,85-95,<=20,FL,PURCHASE,OWNER,TOWNHOUSE,EagleTrust,2024
LN100409,2021-07,176800.0,4.391,360,620-679,>95,>43,WA,REFINANCE,OWNER,SFR,AlphaServ,2021
LN100410,2022-02,259400.0,5.112,360,620-679,85-95,<=20,TX,REFINANCE,OWNER,SFR,CasaMortgage,2022
LN100411,2022-04,259500.0,4.946,360,680-739,>95,<=20,NC,CASHOUT_REFI,OWNER,TOWNHOUSE,CasaMortgage,2022
LN100412,2022-06,179300.0,4.756,360,680-739,75-85,20-35,AZ,PURCHASE,OWNER,SFR,AlphaServ,2022
LN100413,2021-12,623900.0,3.624,360,780+,75-85,35-43,MI,PURCHASE,OWNER,SFR,AlphaServ,2021
LN100414,2021-07,226500.0,3.677,360,680-739,75-85,20-35,WA,REFINANCE,OWNER,SFR,DeltaHome,2021
LN100415,2023-11,268600.0,6.139,360,740-779,75-85,35-43,WA,CASHOUT_REFI,OWNER,SFR,BetaLoan,2023
LN100416,2024-11,213000.0,6.311,360,740-779,60-75,20-35,CA,PURCHASE,OWNER,SFR,CasaMortgage,2024
LN100417,2021-12,311100.0,4.143,360,740-779,60-75,35-43,GA,PURCHASE,OWNER,SFR,BetaLoan,2021
LN100418,2022-07,445000.0,4.272,360,780+,<=60,>43,NY,CASHOUT_REFI,OWNER,SFR,AlphaServ,2022
LN100419,2023-04,539600.0,6.093,360,680-739,<=60,20-35,NC,PURCHASE,OWNER,SFR,AlphaServ,2023
LN100420,2024-09,181100.0,6.456,360,680-739,60-75,>43,MI,PURCHASE,OWNER,SFR,BetaLoan,2024
LN100421,2023-12,418900.0,6.743,360,620-679,85-95,>43,TX,CASHOUT_REFI,OWNER,SFR,AlphaServ,2023
LN100422,2024-03,326900.0,6.87,360,620-679,75-85,<=20,MI,REFINANCE,OWNER,SFR,AlphaServ,2024
LN100423,2023-07,395800.0,5.997,180,780+,75-85,20-35,NY,PURCHASE,OWNER,SFR,AlphaServ,2023
LN100424,2022-12,244900.0,5.776,240,680-739,85-95,35-43,GA,CASHOUT_REFI,OWNER,CONDO,DeltaHome,2022
LN100425,2022-03,234600.0,4.595,240,680-739,75-85,35-43,NY,REFINANCE,OWNER,CONDO,AlphaServ,2022
LN100426,2024-07,388900.0,7.218,360,620-679,75-85,35-43,FL,CASHOUT_REFI,OWNER,SFR,DeltaHome,2024
LN100427,2024-04,392200.0,6.565,360,680-739,75-85,35-43,NC,PURCHASE,SECOND_HOME,SFR,AlphaServ,2024
LN100428,2021-08,516400.0,3.75,360,740-779,<=60,20-35,OH,REFINANCE,OWNER,SFR,DeltaHome,2021
LN100429,2024-01,279100.0,7.033,360,620-679,75-85,35-43,PA,PURCHASE,OWNER,SFR,AlphaServ,2024
LN100430,2021-10,243300.0,3.682,360,740-779,85-95,<=20,MI,PURCHASE,OWNER,SFR,CasaMortgage,2021
LN100431,2024-02,84400.0,6.719,240,680-739,60-75,35-43,PA,REFINANCE,OWNER,SFR,CasaMortgage,2024
LN100432,2024-05,123600.0,6.397,360,740-779,85-95,20-35,MI,PURCHASE,OWNER,TOWNHOUSE,AlphaServ,2024
LN100433,2021-12,213800.0,4.747,360,620-679,60-75,35-43,AZ,PURCHASE,SECOND_HOME,SFR,AlphaServ,2021
LN100434,2023-01,155500.0,5.387,360,740-779,75-85,35-43,CA,PURCHASE,INVESTOR,SFR,DeltaHome,2023
LN100435,2021-12,368200.0,4.802,360,620-679,85-95,<=20,GA,PURCHASE,OWNER,SFR,AlphaServ,2021
LN100436,2023-06,141600.0,6.591,360,680-739,85-95,35-43,CA,CASHOUT_REFI,OWNER,SFR,AlphaServ,2023
LN100437,2024-09,203700.0,6.346,360,740-779,75-85,35-43,IL,REFINANCE,OWNER,TOWNHOUSE,CasaMortgage,2024
LN100438,2021-10,207300.0,3.761,360,740-779,75-85,<=20,PA,PURCHASE,OWNER,SFR,AlphaServ,2021
LN100439,2022-11,438900.0,6.278,360,620-679,<=60,20-35,NC,REFINANCE,OWNER,TOWNHOUSE,CasaMortgage,2022
LN100440,2024-11,194100.0,6.286,360,740-779,85-95,20-35,OH,CASHOUT_REFI,OWNER,TOWNHOUSE,BetaLoan,2024
LN100441,2022-07,312900.0,6.219,360,<620,75-85,<=20,NC,PURCHASE,OWNER,SFR,BetaLoan,2022
LN100442,2021-12,278700.0,3.808,180,740-779,<=60,35-43,TX,REFINANCE,OWNER,SFR,AlphaServ,2021
LN100443,2023-03,383300.0,5.413,360,780+,<=60,20-35,WA,PURCHASE,OWNER,SFR,AlphaServ,2023
LN100444,2023-04,374200.0,6.272,360,680-739,>95,35-43,TX,CASHOUT_REFI,OWNER,SFR,AlphaServ,2023
LN100445,2023-10,251400.0,5.709,360,740-779,60-75,<=20,TX,PURCHASE,SECOND_HOME,SFR,CasaMortgage,2023
LN100446,2022-08,119000.0,5.187,360,740-779,85-95,<=20,CA,REFINANCE,OWNER,SFR,BetaLoan,2022
LN100447,2024-11,230000.0,6.44,360,740-779,60-75,35-43,WA,PURCHASE,INVESTOR,SFR,EagleTrust,2024
LN100448,2023-04,253000.0,5.707,360,740-779,75-85,20-35,IL,REFINANCE,OWNER,SFR,AlphaServ,2023
LN100449,2022-07,290300.0,4.931,360,740-779,75-85,35-43,OH,REFINANCE,OWNER,SFR,BetaLoan,2022
LN100450,2024-11,183200.0,6.922,360,620-679,75-85,<=20,FL,PURCHASE,OWNER,SFR,AlphaServ,2024
LN100451,2024-09,426500.0,6.214,360,740-779,75-85,35-43,CA,CASHOUT_REFI,OWNER,SFR,BetaLoan,2024
LN100452,2023-03,256800.0,6.264,360,620-679,60-75,35-43,CA,PURCHASE,OWNER,CONDO,AlphaServ,2023
LN100453,2021-08,168700.0,3.767,360,780+,75-85,35-43,CA,PURCHASE,OWNER,SFR,BetaLoan,2021
LN100454,2023-08,207700.0,6.929,180,620-679,85-95,35-43,OH,CASHOUT_REFI,INVESTOR,CONDO,CasaMortgage,2023
LN100455,2023-06,607900.0,6.74,360,620-679,75-85,20-35,TX,PURCHASE,SECOND_HOME,SFR,DeltaHome,2023
LN100456,2022-01,344200.0,3.654,360,780+,75-85,35-43,NY,PURCHASE,OWNER,SFR,CasaMortgage,2022
LN100457,2023-09,409100.0,6.943,360,620-679,60-75,20-35,IL,PURCHASE,OWNER,SFR,BetaLoan,2023
LN100458,2024-06,159700.0,7.169,360,620-679,60-75,35-43,OH,PURCHASE,OWNER,SFR,BetaLoan,2024
LN100459,2021-11,187200.0,4.24,360,740-779,60-75,<=20,AZ,CASHOUT_REFI,OWNER,SFR,BetaLoan,2021
LN100460,2024-01,187800.0,6.938,360,620-679,60-75,<=20,CA,REFINANCE,OWNER,SFR,CasaMortgage,2024
LN100461,2021-12,277300.0,4.596,360,620-679,85-95,20-35,IL,PURCHASE,OWNER,SFR,DeltaHome,2021
LN100462,2024-02,236000.0,6.391,180,680-739,>95,20-35,CA,PURCHASE,OWNER,TOWNHOUSE,EagleTrust,2024
LN100463,2022-12,204800.0,6.118,360,620-679,<=60,<=20,AZ,REFINANCE,SECOND_HOME,SFR,AlphaServ,2022
LN100464,2021-07,216700.0,4.605,360,620-679,60-75,<=20,AZ,REFINANCE,OWNER,SFR,EagleTrust,2021
LN100465,2024-11,178600.0,7.77,360,<620,>95,<=20,CA,REFINANCE,INVESTOR,SFR,CasaMortgage,2024
LN100466,2022-01,235400.0,4.455,360,680-739,60-75,<=20,CA,PURCHASE,SECOND_HOME,CONDO,BetaLoan,2022
LN100467,2023-08,421200.0,6.65,360,680-739,75-85,<=20,CA,CASHOUT_REFI,OWNER,TOWNHOUSE,AlphaServ,2023
LN100468,2022-02,129200.0,5.375,360,<620,85-95,35-43,CA,PURCHASE,OWNER,MULTI_2_4,CasaMortgage,2022
LN100469,2024-10,298300.0,6.672,360,680-739,60-75,>43,CA,CASHOUT_REFI,OWNER,CONDO,CasaMortgage,2024
LN100470,2024-02,475000.0,6.486,360,680-739,75-85,20-35,CA,PURCHASE,OWNER,SFR,DeltaHome,2024
LN100471,2024-04,235100.0,7.547,360,<620,>95,20-35,TX,PURCHASE,OWNER,SFR,BetaLoan,2024
LN100472,2023-01,201200.0,5.646,240,680-739,75-85,20-35,CA,PURCHASE,OWNER,SFR,BetaLoan,2023
LN100473,2023-02,386900.0,5.638,360,780+,85-95,35-43,FL,CASHOUT_REFI,OWNER,CONDO,CasaMortgage,2023
LN100474,2023-09,163900.0,6.54,360,740-779,60-75,>43,TX,PURCHASE,OWNER,SFR,DeltaHome,2023
LN100475,2024-03,252700.0,6.624,360,680-739,60-75,20-35,NY,CASHOUT_REFI,OWNER,SFR,DeltaHome,2024
LN100476,2024-06,159900.0,6.522,360,680-739,85-95,<=20,AZ,REFINANCE,OWNER,SFR,CasaMortgage,2024
LN100477,2021-07,110000.0,5.157,360,620-679,>95,20-35,FL,PURCHASE,OWNER,SFR,AlphaServ,2021
LN100478,2023-10,238400.0,6.405,360,740-779,85-95,20-35,FL,PURCHASE,SECOND_HOME,SFR,BetaLoan,2023
LN100479,2021-11,144600.0,4.005,360,780+,<=60,<=20,AZ,CASHOUT_REFI,OWNER,CONDO,BetaLoan,2021
LN100480,2022-07,253900.0,4.595,360,780+,85-95,35-43,FL,REFINANCE,OWNER,SFR,EagleTrust,2022
LN100481,2024-05,421600.0,6.82,180,620-679,<=60,<=20,CA,CASHOUT_REFI,SECOND_HOME,SFR,BetaLoan,2024
LN100482,2022-05,588000.0,4.73,360,680-739,75-85,<=20,GA,REFINANCE,OWNER,CONDO,AlphaServ,2022
LN100483,2024-04,266200.0,7.018,360,620-679,85-95,35-43,FL,REFINANCE,OWNER,SFR,CasaMortgage,2024
LN100484,2023-02,403800.0,5.94,360,680-739,75-85,35-43,IL,PURCHASE,OWNER,SFR,BetaLoan,2023
LN100485,2022-04,305400.0,4.456,360,680-739,75-85,20-35,MI,REFINANCE,INVESTOR,SFR,BetaLoan,2022
LN100486,2022-09,214800.0,4.995,360,740-779,85-95,35-43,OH,CASHOUT_REFI,OWNER,SFR,CasaMortgage,2022
LN100487,2023-05,107400.0,6.419,360,620-679,85-95,20-35,PA,REFINANCE,OWNER,TOWNHOUSE,EagleTrust,2023
LN100488,2024-03,530700.0,5.856,240,780+,60-75,20-35,FL,CASHOUT_REFI,OWNER,SFR,DeltaHome,2024
LN100489,2023-08,159200.0,6.674,360,620-679,<=60,<=20,TX,PURCHASE,OWNER,CONDO,AlphaServ,2023
LN100490,2024-10,475600.0,7.394,360,<620,75-85,20-35,NY,REFINANCE,OWNER,SFR,AlphaServ,2024
LN100491,2024-07,325000.0,6.253,360,740-779,60-75,<=20,NY,PURCHASE,OWNER,CONDO,EagleTrust,2024
LN100492,2024-02,164500.0,6.262,360,740-779,60-75,35-43,NC,PURCHASE,OWNER,SFR,AlphaServ,2024
LN100493,2023-08,293700.0,6.739,360,680-739,60-75,35-43,NC,REFINANCE,OWNER,SFR,AlphaServ,2023
LN100494,2022-07,666500.0,4.699,360,740-779,60-75,<=20,FL,REFINANCE,OWNER,SFR,DeltaHome,2022
LN100495,2022-12,509400.0,5.772,360,620-679,75-85,20-35,AZ,CASHOUT_REFI,OWNER,MULTI_2_4,BetaLoan,2022
LN100496,2021-11,202700.0,4.568,360,620-679,>95,20-35,TX,REFINANCE,OWNER,SFR,AlphaServ,2021
LN100497,2022-10,185300.0,5.387,360,680-739,85-95,20-35,WA,PURCHASE,OWNER,TOWNHOUSE,CasaMortgage,2022
LN100498,2024-09,267000.0,6.552,360,620-679,75-85,35-43,CA,CASHOUT_REFI,OWNER,SFR,BetaLoan,2024
LN100499,2022-12,236900.0,5.396,360,740-779,<=60,<=20,NC,PURCHASE,INVESTOR,CONDO,BetaLoan,2022
LN100500,2021-11,438000.0,4.524,360,620-679,85-95,35-43,GA,REFINANCE,SECOND_HOME,CONDO,CasaMortgage,2021
LN100501,2023-10,356000.0,6.17,360,740-779,75-85,20-35,OH,REFINANCE,OWNER,SFR,EagleTrust,2023
LN100502,2024-11,119200.0,6.25,360,740-779,85-95,35-43,MI,PURCHASE,OWNER,SFR,AlphaServ,2024
LN100503,2024-07,313800.0,6.955,360,620-679,75-85,20-35,OH,PURCHASE,OWNER,SFR,AlphaServ,2024
LN100504,2022-06,235500.0,5.755,360,<620,85-95,<=20,GA,REFINANCE,OWNER,CONDO,DeltaHome,2022
LN100505,2023-02,259500.0,5.836,360,680-739,60-75,<=20,AZ,CASHOUT_REFI,OWNER,SFR,AlphaServ,2023
LN100506,2023-05,285500.0,6.011,240,740-779,85-95,35-43,TX,CASHOUT_REFI,OWNER,MULTI_2_4,EagleTrust,2023
LN100507,2022-05,437800.0,4.378,360,740-779,85-95,20-35,OH,CASHOUT_REFI,OWNER,SFR,BetaLoan,2022
LN100508,2022-06,396300.0,4.689,240,740-779,60-75,20-35,NC,PURCHASE,OWNER,SFR,CasaMortgage,2022
LN100509,2022-04,182200.0,4.438,360,680-739,>95,<=20,FL,PURCHASE,OWNER,SFR,AlphaServ,2022
LN100510,2024-12,248600.0,6.802,180,620-679,60-75,<=20,TX,PURCHASE,OWNER,SFR,BetaLoan,2024
LN100511,2024-02,208600.0,6.656,360,680-739,<=60,20-35,CA,CASHOUT_REFI,OWNER,SFR,CasaMortgage,2024
LN100512,2024-06,119800.0,6.782,360,620-679,85-95,<=20,TX,PURCHASE,SECOND_HOME,SFR,EagleTrust,2024
LN100513,2024-05,243000.0,6.186,360,740-779,75-85,>43,GA,REFINANCE,OWNER,SFR,BetaLoan,2024
LN100514,2024-11,585500.0,7.005,360,620-679,<=60,35-43,GA,CASHOUT_REFI,OWNER,SFR,EagleTrust,2024
LN100515,2021-11,118100.0,4.08,240,680-739,60-75,<=20,TX,REFINANCE,OWNER,SFR,AlphaServ,2021
LN100516,2024-08,252500.0,6.783,240,680-739,<=60,20-35,IL,PURCHASE,INVESTOR,CONDO,AlphaServ,2024
LN100517,2021-09,248900.0,4.119,360,680-739,60-75,<=20,TX,PURCHASE,OWNER,SFR,DeltaHome,2021
LN100518,2023-02,290500.0,5.575,360,740-779,75-85,>43,WA,REFINANCE,OWNER,SFR,CasaMortgage,2023
LN100519,2023-07,165500.0,6.452,360,680-739,<=60,20-35,NC,PURCHASE,OWNER,TOWNHOUSE,AlphaServ,2023
LN100520,2022-10,134400.0,4.936,360,780+,75-85,20-35,TX,PURCHASE,OWNER,SFR,AlphaServ,2022
LN100521,2022-01,137300.0,3.861,180,780+,75-85,35-43,FL,PURCHASE,OWNER,SFR,DeltaHome,2022
LN100522,2022-03,464600.0,3.998,360,780+,85-95,<=20,PA,CASHOUT_REFI,OWNER,CONDO,AlphaServ,2022
LN100523,2024-05,164000.0,6.562,360,680-739,>95,20-35,OH,CASHOUT_REFI,OWNER,SFR,BetaLoan,2024
LN100524,2022-08,203900.0,4.656,360,740-779,<=60,20-35,FL,REFINANCE,OWNER,SFR,DeltaHome,2022
LN100525,2022-08,658100.0,4.961,360,740-779,<=60,20-35,OH,PURCHASE,OWNER,SFR,CasaMortgage,2022
LN100526,2024-09,183400.0,6.444,360,680-739,<=60,<=20,NY,PURCHASE,OWNER,SFR,EagleTrust,2024
LN100527,2022-01,297800.0,4.532,360,680-739,60-75,>43,AZ,PURCHASE,OWNER,SFR,AlphaServ,2022
LN100528,2024-09,412000.0,6.384,360,680-739,75-85,20-35,AZ,CASHOUT_REFI,OWNER,CONDO,BetaLoan,2024
LN100529,2024-09,403200.0,7.663,360,<620,<=60,35-43,TX,PURCHASE,OWNER,SFR,AlphaServ,2024
LN100530,2023-08,140200.0,7.162,360,<620,85-95,<=20,NC,PURCHASE,OWNER,SFR,BetaLoan,2023
LN100531,2022-01,185200.0,3.988,360,780+,>95,35-43,PA,REFINANCE,OWNER,SFR,DeltaHome,2022
LN100532,2022-01,292500.0,5.181,360,<620,60-75,35-43,TX,CASHOUT_REFI,OWNER,SFR,DeltaHome,2022
LN100533,2022-06,608100.0,4.909,360,680-739,<=60,35-43,AZ,PURCHASE,OWNER,SFR,AlphaServ,2022
LN100534,2023-07,181200.0,5.941,360,740-779,85-95,35-43,NY,REFINANCE,OWNER,SFR,BetaLoan,2023
LN100535,2022-01,204400.0,4.614,360,620-679,85-95,20-35,FL,CASHOUT_REFI,OWNER,SFR,BetaLoan,2022
LN100536,2023-02,308300.0,5.366,360,780+,<=60,35-43,WA,PURCHASE,OWNER,SFR,AlphaServ,2023
LN100537,2021-11,337300.0,4.734,360,620-679,75-85,>43,NC,REFINANCE,OWNER,MULTI_2_4,AlphaServ,2021
LN100538,2023-05,346700.0,5.827,180,780+,60-75,<=20,FL,PURCHASE,OWNER,SFR,DeltaHome,2023
LN100539,2021-07,174400.0,3.842,360,740-779,75-85,<=20,IL,REFINANCE,OWNER,TOWNHOUSE,DeltaHome,2021
LN100540,2023-12,200900.0,6.98,180,620-679,85-95,>43,GA,PURCHASE,OWNER,SFR,AlphaServ,2023
LN100541,2021-09,281200.0,4.888,360,620-679,60-75,>43,NC,PURCHASE,OWNER,SFR,EagleTrust,2021
LN100542,2022-03,450500.0,4.386,360,680-739,60-75,20-35,TX,REFINANCE,OWNER,SFR,DeltaHome,2022
LN100543,2022-02,229300.0,4.416,360,680-739,75-85,35-43,GA,PURCHASE,INVESTOR,TOWNHOUSE,AlphaServ,2022
LN100544,2024-05,252700.0,6.548,360,620-679,75-85,>43,PA,REFINANCE,INVESTOR,SFR,CasaMortgage,2024
LN100545,2021-09,160900.0,3.692,360,780+,85-95,20-35,PA,PURCHASE,OWNER,SFR,BetaLoan,2021
LN100546,2023-01,590300.0,6.057,360,620-679,75-85,<=20,FL,REFINANCE,OWNER,MULTI_2_4,AlphaServ,2023
LN100547,2023-07,273600.0,5.84,360,780+,85-95,20-35,WA,PURCHASE,OWNER,SFR,AlphaServ,2023
LN100548,2023-04,414600.0,6.399,360,620-679,85-95,20-35,CA,REFINANCE,OWNER,SFR,CasaMortgage,2023
LN100549,2023-11,258700.0,5.985,360,780+,85-95,<=20,MI,PURCHASE,OWNER,SFR,AlphaServ,2023
LN100550,2024-04,265200.0,7.014,360,620-679,60-75,>43,FL,REFINANCE,INVESTOR,SFR,DeltaHome,2024
LN100551,2022-11,129900.0,5.434,180,680-739,60-75,35-43,WA,PURCHASE,OWNER,SFR,CasaMortgage,2022
LN100552,2024-05,97000.0,6.645,360,680-739,75-85,35-43,PA,PURCHASE,OWNER,SFR,CasaMortgage,2024
LN100553,2022-08,448400.0,5.469,360,620-679,<=60,20-35,AZ,PURCHASE,SECOND_HOME,SFR,BetaLoan,2022
LN100554,2024-12,264400.0,6.063,360,740-779,<=60,20-35,TX,REFINANCE,OWNER,SFR,CasaMortgage,2024
LN100555,2023-04,280100.0,6.245,360,680-739,<=60,20-35,MI,PURCHASE,OWNER,SFR,EagleTrust,2023
LN100556,2024-01,145500.0,6.597,180,680-739,>95,35-43,FL,REFINANCE,OWNER,CONDO,CasaMortgage,2024
LN100557,2024-07,170000.0,6.268,360,680-739,85-95,20-35,NY,PURCHASE,INVESTOR,CONDO,AlphaServ,2024
LN100558,2024-04,411700.0,6.529,360,680-739,85-95,<=20,AZ,CASHOUT_REFI,INVESTOR,SFR,CasaMortgage,2024
LN100559,2024-06,558500.0,7.311,360,<620,>95,35-43,NC,PURCHASE,OWNER,SFR,BetaLoan,2024
LN100560,2023-05,193000.0,6.85,360,620-679,85-95,20-35,GA,PURCHASE,OWNER,TOWNHOUSE,DeltaHome,2023
LN100561,2021-08,345300.0,4.347,240,620-679,75-85,20-35,CA,REFINANCE,OWNER,MULTI_2_4,BetaLoan,2021
LN100562,2023-03,278000.0,5.923,360,680-739,75-85,20-35,OH,PURCHASE,OWNER,TOWNHOUSE,AlphaServ,2023
LN100563,2022-02,241800.0,4.847,360,620-679,85-95,>43,CA,PURCHASE,OWNER,SFR,AlphaServ,2022
LN100564,2024-08,587400.0,6.157,360,780+,85-95,20-35,CA,REFINANCE,OWNER,MULTI_2_4,BetaLoan,2024
LN100565,2022-04,208200.0,4.517,360,680-739,85-95,<=20,WA,REFINANCE,OWNER,SFR,BetaLoan,2022
LN100566,2022-04,446100.0,4.366,360,740-779,75-85,>43,OH,PURCHASE,OWNER,SFR,AlphaServ,2022
LN100567,2022-05,303000.0,4.801,360,680-739,85-95,>43,CA,PURCHASE,OWNER,SFR,EagleTrust,2022
LN100568,2023-09,253300.0,6.154,360,680-739,75-85,20-35,IL,PURCHASE,INVESTOR,SFR,CasaMortgage,2023
LN100569,2023-06,473300.0,6.368,360,680-739,75-85,35-43,FL,PURCHASE,OWNER,SFR,DeltaHome,2023
LN100570,2024-10,290800.0,6.843,240,620-679,60-75,>43,CA,REFINANCE,INVESTOR,MULTI_2_4,AlphaServ,2024
LN100571,2022-12,244400.0,5.488,240,680-739,<=60,<=20,PA,PURCHASE,OWNER,CONDO,BetaLoan,2022
LN100572,2022-06,474800.0,5.197,180,680-739,60-75,35-43,CA,CASHOUT_REFI,SECOND_HOME,SFR,BetaLoan,2022
LN100573,2021-09,447800.0,3.965,240,680-739,85-95,<=20,TX,REFINANCE,OWNER,SFR,CasaMortgage,2021
LN100574,2021-07,438400.0,3.68,360,780+,60-75,35-43,TX,REFINANCE,OWNER,CONDO,BetaLoan,2021
LN100575,2022-10,44400.0,5.908,180,620-679,>95,<=20,NC,PURCHASE,SECOND_HOME,SFR,AlphaServ,2022
LN100576,2024-09,311200.0,6.26,360,680-739,<=60,35-43,TX,PURCHASE,OWNER,SFR,CasaMortgage,2024
LN100577,2023-04,280800.0,6.397,360,620-679,<=60,35-43,FL,PURCHASE,OWNER,SFR,CasaMortgage,2023
LN100578,2024-08,251300.0,6.774,360,620-679,75-85,<=20,AZ,PURCHASE,SECOND_HOME,TOWNHOUSE,BetaLoan,2024
LN100579,2021-11,335800.0,4.079,360,740-779,60-75,35-43,OH,PURCHASE,OWNER,SFR,DeltaHome,2021
LN100580,2021-10,287000.0,4.704,180,620-679,<=60,<=20,TX,CASHOUT_REFI,OWNER,TOWNHOUSE,AlphaServ,2021
LN100581,2024-06,346300.0,6.869,360,680-739,<=60,<=20,PA,REFINANCE,OWNER,SFR,BetaLoan,2024
LN100582,2021-11,226300.0,4.046,360,680-739,75-85,>43,IL,PURCHASE,OWNER,SFR,DeltaHome,2021
LN100583,2021-09,500900.0,5.437,360,<620,60-75,>43,PA,PURCHASE,SECOND_HOME,SFR,CasaMortgage,2021
LN100584,2022-11,362400.0,5.227,360,780+,75-85,35-43,CA,REFINANCE,INVESTOR,SFR,BetaLoan,2022
LN100585,2024-09,325800.0,6.848,360,680-739,60-75,>43,TX,REFINANCE,OWNER,MULTI_2_4,AlphaServ,2024
LN100586,2023-11,318800.0,6.242,360,740-779,<=60,<=20,CA,PURCHASE,OWNER,SFR,AlphaServ,2023
LN100587,2021-11,429700.0,4.171,360,680-739,<=60,20-35,IL,REFINANCE,OWNER,SFR,CasaMortgage,2021
LN100588,2024-06,404200.0,5.938,360,780+,<=60,35-43,NY,REFINANCE,SECOND_HOME,SFR,BetaLoan,2024
LN100589,2024-06,242600.0,7.214,180,620-679,85-95,>43,NY,PURCHASE,OWNER,SFR,BetaLoan,2024
LN100590,2024-04,398600.0,6.568,240,680-739,75-85,20-35,FL,REFINANCE,OWNER,SFR,BetaLoan,2024
LN100591,2024-08,276000.0,6.251,360,740-779,75-85,20-35,NY,CASHOUT_REFI,INVESTOR,SFR,AlphaServ,2024
LN100592,2022-05,604800.0,4.957,360,680-739,85-95,35-43,NY,REFINANCE,OWNER,SFR,CasaMortgage,2022
LN100593,2024-12,418300.0,7.03,360,620-679,60-75,<=20,CA,REFINANCE,OWNER,MULTI_2_4,BetaLoan,2024
LN100594,2022-08,192600.0,4.613,360,780+,85-95,35-43,OH,PURCHASE,OWNER,SFR,AlphaServ,2022
LN100595,2024-04,728600.0,6.618,360,680-739,85-95,20-35,PA,REFINANCE,OWNER,SFR,EagleTrust,2024
LN100596,2023-07,99100.0,6.103,180,740-779,85-95,20-35,WA,REFINANCE,OWNER,SFR,BetaLoan,2023
LN100597,2024-03,340000.0,6.6,360,680-739,85-95,20-35,CA,PURCHASE,OWNER,SFR,AlphaServ,2024
LN100598,2023-09,186600.0,6.162,360,780+,<=60,35-43,NY,PURCHASE,OWNER,SFR,CasaMortgage,2023
LN100599,2023-09,595400.0,6.046,360,780+,75-85,>43,TX,REFINANCE,OWNER,CONDO,DeltaHome,2023
LN100600,2023-08,286000.0,6.051,360,740-779,75-85,20-35,OH,REFINANCE,INVESTOR,SFR,AlphaServ,2023
LN100601,2024-03,178600.0,7.22,360,620-679,85-95,>43,FL,REFINANCE,OWNER,TOWNHOUSE,EagleTrust,2024
LN100602,2024-02,226400.0,7.37,360,<620,60-75,20-35,AZ,REFINANCE,OWNER,SFR,CasaMortgage,2024
LN100603,2021-12,185100.0,3.972,360,740-779,<=60,20-35,WA,REFINANCE,SECOND_HOME,SFR,AlphaServ,2021
LN100604,2024-05,222400.0,6.255,240,740-779,>95,35-43,FL,CASHOUT_REFI,OWNER,SFR,CasaMortgage,2024
LN100605,2023-05,220200.0,6.149,360,680-739,75-85,<=20,FL,PURCHASE,OWNER,SFR,CasaMortgage,2023
LN100606,2022-08,182000.0,5.497,360,620-679,60-75,20-35,OH,PURCHASE,OWNER,SFR,EagleTrust,2022
LN100607,2023-04,288200.0,6.309,360,680-739,<=60,35-43,GA,PURCHASE,OWNER,SFR,DeltaHome,2023
LN100608,2024-11,304400.0,6.529,180,680-739,75-85,20-35,MI,PURCHASE,OWNER,SFR,CasaMortgage,2024
LN100609,2024-07,163000.0,6.595,360,740-779,60-75,>43,CA,PURCHASE,OWNER,SFR,CasaMortgage,2024
LN100610,2024-06,121000.0,6.904,360,620-679,60-75,20-35,CA,PURCHASE,OWNER,SFR,AlphaServ,2024
LN100611,2023-02,293600.0,5.534,360,740-779,>95,20-35,NC,PURCHASE,SECOND_HOME,SFR,CasaMortgage,2023
LN100612,2024-03,324300.0,6.059,360,740-779,<=60,20-35,IL,CASHOUT_REFI,OWNER,SFR,DeltaHome,2024
LN100613,2022-11,354500.0,4.837,180,780+,60-75,20-35,NC,REFINANCE,OWNER,MULTI_2_4,EagleTrust,2022
LN100614,2023-11,327100.0,6.786,240,620-679,85-95,35-43,FL,CASHOUT_REFI,INVESTOR,TOWNHOUSE,AlphaServ,2023
LN100615,2023-09,518000.0,5.811,360,780+,60-75,<=20,TX,PURCHASE,OWNER,CONDO,CasaMortgage,2023
LN100616,2022-05,399800.0,4.36,240,740-779,60-75,35-43,CA,PURCHASE,OWNER,MULTI_2_4,EagleTrust,2022
LN100617,2022-06,852500.0,4.615,360,740-779,75-85,<=20,MI,PURCHASE,OWNER,SFR,CasaMortgage,2022
LN100618,2021-09,1030200.0,4.882,360,<620,85-95,20-35,NY,PURCHASE,OWNER,SFR,BetaLoan,2021
LN100619,2021-12,115700.0,4.59,360,680-739,75-85,35-43,CA,PURCHASE,OWNER,SFR,AlphaServ,2021
LN100620,2023-01,95000.0,5.508,360,740-779,85-95,20-35,TX,PURCHASE,OWNER,CONDO,EagleTrust,2023
LN100621,2023-03,254400.0,6.191,360,680-739,85-95,20-35,PA,PURCHASE,INVESTOR,CONDO,CasaMortgage,2023
LN100622,2022-01,320300.0,4.208,360,680-739,75-85,20-35,IL,REFINANCE,OWNER,SFR,DeltaHome,2022
LN100623,2022-12,246700.0,5.632,180,680-739,75-85,20-35,PA,CASHOUT_REFI,OWNER,SFR,AlphaServ,2022
LN100624,2023-08,350300.0,6.466,360,680-739,85-95,20-35,WA,PURCHASE,OWNER,SFR,CasaMortgage,2023
LN100625,2022-04,226000.0,5.624,360,<620,<=60,>43,CA,PURCHASE,OWNER,SFR,EagleTrust,2022
LN100626,2022-09,186800.0,5.454,360,680-739,75-85,<=20,WA,PURCHASE,OWNER,SFR,CasaMortgage,2022
LN100627,2022-10,199900.0,5.601,180,620-679,<=60,20-35,FL,REFINANCE,OWNER,SFR,BetaLoan,2022
LN100628,2023-04,233300.0,6.113,360,780+,60-75,20-35,NC,PURCHASE,OWNER,SFR,AlphaServ,2023
LN100629,2022-10,373100.0,5.223,360,780+,>95,35-43,NY,PURCHASE,OWNER,SFR,AlphaServ,2022
LN100630,2024-01,205000.0,7.009,180,620-679,<=60,<=20,GA,PURCHASE,OWNER,SFR,AlphaServ,2024
LN100631,2022-08,224100.0,5.618,360,620-679,60-75,<=20,GA,PURCHASE,OWNER,CONDO,BetaLoan,2022
LN100632,2023-01,329900.0,6.266,240,620-679,60-75,20-35,CA,PURCHASE,OWNER,SFR,CasaMortgage,2023
LN100633,2022-10,233400.0,5.263,360,680-739,75-85,35-43,NY,REFINANCE,INVESTOR,SFR,DeltaHome,2022
LN100634,2022-02,421900.0,3.705,180,780+,85-95,<=20,TX,REFINANCE,OWNER,SFR,EagleTrust,2022
LN100635,2023-11,168800.0,6.319,360,680-739,75-85,35-43,CA,CASHOUT_REFI,OWNER,CONDO,AlphaServ,2023
LN100636,2022-04,153100.0,5.32,360,<620,85-95,20-35,OH,PURCHASE,OWNER,SFR,AlphaServ,2022
LN100637,2022-07,292800.0,6.223,240,<620,75-85,>43,NC,REFINANCE,INVESTOR,SFR,AlphaServ,2022
LN100638,2024-04,306200.0,6.912,240,620-679,>95,>43,TX,PURCHASE,OWNER,SFR,BetaLoan,2024
LN100639,2024-10,173000.0,6.443,180,740-779,85-95,35-43,CA,PURCHASE,OWNER,CONDO,CasaMortgage,2024
LN100640,2023-11,467200.0,6.182,360,740-779,60-75,35-43,WA,PURCHASE,OWNER,SFR,BetaLoan,2023
LN100641,2024-09,607000.0,6.542,180,680-739,85-95,35-43,IL,PURCHASE,OWNER,TOWNHOUSE,DeltaHome,2024
LN100642,2024-06,192400.0,6.956,360,620-679,60-75,35-43,GA,CASHOUT_REFI,OWNER,SFR,AlphaServ,2024
LN100643,2023-03,498500.0,5.443,360,780+,75-85,<=20,CA,CASHOUT_REFI,INVESTOR,SFR,CasaMortgage,2023
LN100644,2024-03,87400.0,7.309,360,620-679,60-75,35-43,GA,PURCHASE,OWNER,SFR,EagleTrust,2024
LN100645,2022-08,414300.0,4.681,360,780+,75-85,20-35,MI,REFINANCE,OWNER,SFR,AlphaServ,2022
LN100646,2023-02,173500.0,5.695,360,780+,>95,35-43,CA,PURCHASE,OWNER,SFR,EagleTrust,2023
LN100647,2023-05,396000.0,6.266,360,680-739,85-95,20-35,IL,REFINANCE,OWNER,SFR,DeltaHome,2023
LN100648,2024-11,165600.0,6.276,360,780+,75-85,35-43,CA,PURCHASE,OWNER,CONDO,BetaLoan,2024
LN100649,2024-06,247500.0,7.016,360,620-679,>95,20-35,CA,PURCHASE,OWNER,MULTI_2_4,BetaLoan,2024
LN100650,2023-03,177300.0,5.7,360,740-779,60-75,20-35,GA,REFINANCE,SECOND_HOME,CONDO,AlphaServ,2023
LN100651,2023-10,231800.0,6.631,360,620-679,60-75,20-35,GA,PURCHASE,OWNER,SFR,CasaMortgage,2023
LN100652,2022-03,581600.0,4.68,360,680-739,85-95,35-43,OH,PURCHASE,SECOND_HOME,SFR,CasaMortgage,2022
LN100653,2024-04,243100.0,7.277,360,620-679,<=60,20-35,IL,CASHOUT_REFI,OWNER,SFR,AlphaServ,2024
LN100654,2023-06,659800.0,7.377,360,<620,85-95,>43,IL,PURCHASE,OWNER,CONDO,BetaLoan,2023
LN100655,2023-05,214600.0,7.049,180,<620,<=60,35-43,IL,PURCHASE,OWNER,CONDO,EagleTrust,2023
LN100656,2024-03,499500.0,7.139,180,620-679,60-75,35-43,FL,PURCHASE,OWNER,SFR,EagleTrust,2024
LN100657,2023-09,122800.0,5.968,360,740-779,60-75,>43,TX,REFINANCE,OWNER,CONDO,DeltaHome,2023
LN100658,2021-10,224400.0,3.996,360,680-739,60-75,20-35,TX,PURCHASE,OWNER,SFR,AlphaServ,2021
LN100659,2022-07,200500.0,4.897,360,680-739,60-75,>43,AZ,CASHOUT_REFI,SECOND_HOME,SFR,BetaLoan,2022
LN100660,2022-02,509900.0,3.83,360,780+,<=60,20-35,TX,PURCHASE,OWNER,CONDO,CasaMortgage,2022
LN100661,2024-01,277400.0,6.178,360,780+,<=60,<=20,FL,REFINANCE,OWNER,MULTI_2_4,AlphaServ,2024
LN100662,2021-08,99700.0,4.641,360,620-679,85-95,<=20,IL,PURCHASE,OWNER,SFR,DeltaHome,2021
LN100663,2022-03,141600.0,4.473,360,680-739,75-85,<=20,MI,PURCHASE,OWNER,SFR,CasaMortgage,2022
LN100664,2023-08,161800.0,6.401,360,740-779,60-75,20-35,MI,PURCHASE,OWNER,SFR,AlphaServ,2023
LN100665,2023-12,388600.0,6.161,360,740-779,<=60,20-35,NC,PURCHASE,OWNER,CONDO,DeltaHome,2023
LN100666,2023-04,366700.0,6.354,360,680-739,60-75,>43,FL,REFINANCE,OWNER,SFR,CasaMortgage,2023
LN100667,2024-07,223000.0,6.228,360,740-779,60-75,20-35,TX,REFINANCE,INVESTOR,SFR,DeltaHome,2024
LN100668,2024-09,199400.0,7.47,360,<620,75-85,>43,PA,CASHOUT_REFI,OWNER,SFR,CasaMortgage,2024
LN100669,2021-12,352300.0,4.309,180,680-739,<=60,35-43,AZ,REFINANCE,OWNER,CONDO,EagleTrust,2021
LN100670,2024-11,153500.0,6.374,360,740-779,>95,35-43,AZ,PURCHASE,OWNER,SFR,DeltaHome,2024
LN100671,2023-08,313600.0,6.079,180,740-779,60-75,35-43,PA,PURCHASE,INVESTOR,SFR,EagleTrust,2023
LN100672,2023-09,301800.0,5.658,360,780+,75-85,>43,FL,PURCHASE,OWNER,SFR,EagleTrust,2023
LN100673,2021-10,225600.0,5.217,360,<620,85-95,<=20,CA,PURCHASE,OWNER,SFR,CasaMortgage,2021
LN100674,2023-09,305300.0,6.859,360,620-679,60-75,20-35,NC,REFINANCE,OWNER,SFR,DeltaHome,2023
LN100675,2024-01,267300.0,7.786,360,<620,<=60,20-35,GA,REFINANCE,INVESTOR,SFR,BetaLoan,2024
LN100676,2023-07,319300.0,6.529,360,620-679,60-75,20-35,TX,REFINANCE,OWNER,TOWNHOUSE,AlphaServ,2023
LN100677,2021-10,140000.0,5.042,240,<620,75-85,20-35,GA,PURCHASE,OWNER,SFR,BetaLoan,2021
LN100678,2023-04,336600.0,5.854,360,680-739,85-95,20-35,WA,PURCHASE,OWNER,SFR,AlphaServ,2023
LN100679,2024-10,405100.0,6.566,180,680-739,60-75,>43,TX,CASHOUT_REFI,OWNER,CONDO,AlphaServ,2024
LN100680,2024-01,294900.0,6.591,360,680-739,85-95,20-35,FL,PURCHASE,OWNER,SFR,CasaMortgage,2024
LN100681,2021-12,334600.0,4.55,360,680-739,75-85,>43,NY,CASHOUT_REFI,OWNER,SFR,AlphaServ,2021
LN100682,2024-11,242900.0,7.51,360,<620,85-95,<=20,TX,PURCHASE,OWNER,SFR,AlphaServ,2024
LN100683,2024-11,381200.0,6.432,360,680-739,<=60,35-43,MI,PURCHASE,OWNER,SFR,AlphaServ,2024
LN100684,2022-02,262900.0,5.37,360,<620,85-95,20-35,NC,PURCHASE,OWNER,SFR,CasaMortgage,2022
LN100685,2024-04,152300.0,6.479,360,740-779,60-75,>43,TX,PURCHASE,OWNER,CONDO,BetaLoan,2024
LN100686,2022-12,369200.0,6.29,360,<620,60-75,35-43,PA,CASHOUT_REFI,OWNER,SFR,BetaLoan,2022
LN100687,2023-07,122300.0,6.46,360,680-739,75-85,<=20,NY,PURCHASE,OWNER,MULTI_2_4,CasaMortgage,2023
LN100688,2023-01,289900.0,5.202,180,780+,>95,>43,OH,PURCHASE,OWNER,SFR,AlphaServ,2023
LN100689,2024-03,214700.0,6.531,360,680-739,60-75,20-35,NC,PURCHASE,SECOND_HOME,SFR,CasaMortgage,2024
LN100690,2024-12,208600.0,6.498,360,680-739,60-75,>43,AZ,PURCHASE,OWNER,SFR,AlphaServ,2024
LN100691,2024-04,275800.0,6.029,360,740-779,>95,<=20,TX,REFINANCE,OWNER,CONDO,AlphaServ,2024
LN100692,2024-10,185500.0,7.176,360,<620,85-95,20-35,OH,PURCHASE,OWNER,SFR,BetaLoan,2024
LN100693,2024-10,321400.0,6.665,360,680-739,85-95,20-35,NC,REFINANCE,OWNER,SFR,DeltaHome,2024
LN100694,2021-10,261900.0,3.603,360,780+,75-85,35-43,AZ,PURCHASE,OWNER,SFR,CasaMortgage,2021
LN100695,2022-05,193300.0,4.261,360,780+,75-85,35-43,MI,CASHOUT_REFI,OWNER,SFR,CasaMortgage,2022
LN100696,2024-01,466100.0,6.613,360,680-739,>95,35-43,AZ,PURCHASE,OWNER,SFR,AlphaServ,2024
LN100697,2023-07,279900.0,6.138,360,680-739,<=60,<=20,CA,CASHOUT_REFI,OWNER,SFR,AlphaServ,2023
LN100698,2021-09,339000.0,3.699,360,740-779,85-95,20-35,NY,PURCHASE,OWNER,SFR,CasaMortgage,2021
LN100699,2021-10,482900.0,4.018,360,680-739,75-85,20-35,FL,REFINANCE,OWNER,TOWNHOUSE,CasaMortgage,2021
LN100700,2023-04,479300.0,6.125,360,620-679,>95,20-35,IL,REFINANCE,INVESTOR,SFR,BetaLoan,2023
LN100701,2023-08,331300.0,6.78,240,620-679,75-85,20-35,PA,PURCHASE,OWNER,SFR,EagleTrust,2023
LN100702,2022-02,222700.0,4.824,180,620-679,60-75,20-35,IL,PURCHASE,OWNER,SFR,EagleTrust,2022
LN100703,2022-02,134100.0,4.539,360,680-739,85-95,20-35,CA,REFINANCE,OWNER,CONDO,AlphaServ,2022
LN100704,2021-12,280100.0,4.76,360,620-679,>95,35-43,NC,PURCHASE,OWNER,SFR,AlphaServ,2021
LN100705,2023-06,417700.0,6.887,360,<620,>95,20-35,CA,PURCHASE,OWNER,TOWNHOUSE,EagleTrust,2023
LN100706,2021-07,299400.0,4.652,180,<620,60-75,>43,CA,REFINANCE,OWNER,SFR,DeltaHome,2021
LN100707,2023-07,54200.0,5.75,180,780+,60-75,35-43,NC,PURCHASE,INVESTOR,SFR,AlphaServ,2023
LN100708,2023-02,377600.0,6.883,360,<620,85-95,35-43,PA,PURCHASE,OWNER,SFR,DeltaHome,2023
LN100709,2023-02,388200.0,6.752,360,<620,75-85,35-43,FL,PURCHASE,OWNER,CONDO,CasaMortgage,2023
LN100710,2023-11,222900.0,6.388,360,680-739,<=60,20-35,OH,PURCHASE,OWNER,SFR,CasaMortgage,2023
LN100711,2023-04,398200.0,6.781,360,620-679,60-75,>43,OH,CASHOUT_REFI,OWNER,SFR,CasaMortgage,2023
LN100712,2024-01,338600.0,6.176,240,780+,<=60,20-35,CA,CASHOUT_REFI,OWNER,CONDO,AlphaServ,2024
LN100713,2024-03,187500.0,6.224,180,780+,60-75,20-35,OH,PURCHASE,OWNER,SFR,BetaLoan,2024
LN100714,2024-09,452300.0,6.63,360,680-739,60-75,35-43,CA,PURCHASE,OWNER,SFR,BetaLoan,2024
LN100715,2024-04,144300.0,6.403,180,680-739,>95,35-43,PA,CASHOUT_REFI,OWNER,SFR,BetaLoan,2024
LN100716,2023-04,248800.0,6.276,360,680-739,85-95,20-35,MI,REFINANCE,OWNER,SFR,AlphaServ,2023
LN100717,2023-03,237800.0,7.404,180,<620,<=60,35-43,FL,PURCHASE,OWNER,SFR,BetaLoan,2023
LN100718,2022-04,176100.0,4.762,360,680-739,75-85,35-43,TX,CASHOUT_REFI,OWNER,TOWNHOUSE,AlphaServ,2022
LN100719,2023-08,292600.0,6.797,360,620-679,75-85,20-35,TX,CASHOUT_REFI,OWNER,SFR,CasaMortgage,2023
LN100720,2021-12,460300.0,4.421,360,620-679,85-95,>43,WA,PURCHASE,SECOND_HOME,CONDO,EagleTrust,2021
LN100721,2024-10,447500.0,6.411,240,680-739,85-95,20-35,PA,CASHOUT_REFI,OWNER,CONDO,CasaMortgage,2024
LN100722,2024-06,353500.0,7.626,180,<620,<=60,35-43,PA,REFINANCE,OWNER,SFR,BetaLoan,2024
LN100723,2021-12,119000.0,4.813,360,620-679,>95,35-43,IL,CASHOUT_REFI,INVESTOR,CONDO,BetaLoan,2021
LN100724,2024-04,139900.0,6.417,360,680-739,<=60,<=20,PA,PURCHASE,OWNER,SFR,CasaMortgage,2024
LN100725,2021-11,275100.0,4.32,360,680-739,85-95,35-43,OH,PURCHASE,INVESTOR,SFR,EagleTrust,2021
LN100726,2024-01,251300.0,7.299,360,<620,>95,<=20,FL,PURCHASE,INVESTOR,SFR,EagleTrust,2024
LN100727,2021-10,204000.0,5.235,360,<620,85-95,35-43,NY,PURCHASE,OWNER,SFR,CasaMortgage,2021
LN100728,2023-03,601600.0,6.56,360,620-679,60-75,35-43,NY,PURCHASE,OWNER,CONDO,BetaLoan,2023
LN100729,2023-10,267700.0,7.074,360,620-679,60-75,35-43,FL,PURCHASE,SECOND_HOME,SFR,AlphaServ,2023
LN100730,2024-01,325800.0,6.184,240,740-779,<=60,>43,TX,PURCHASE,OWNER,SFR,AlphaServ,2024
LN100731,2022-12,398100.0,5.338,360,780+,<=60,35-43,NY,CASHOUT_REFI,OWNER,SFR,AlphaServ,2022
LN100732,2024-09,261600.0,6.588,360,680-739,<=60,20-35,OH,PURCHASE,OWNER,SFR,BetaLoan,2024
LN100733,2024-03,819100.0,6.669,360,680-739,<=60,20-35,TX,CASHOUT_REFI,OWNER,SFR,AlphaServ,2024
LN100734,2022-03,167200.0,4.26,360,740-779,75-85,35-43,CA,PURCHASE,OWNER,SFR,CasaMortgage,2022
LN100735,2023-11,194300.0,6.073,360,740-779,<=60,20-35,NC,PURCHASE,OWNER,TOWNHOUSE,AlphaServ,2023
LN100736,2024-01,167000.0,7.031,360,620-679,75-85,20-35,IL,CASHOUT_REFI,OWNER,SFR,DeltaHome,2024
LN100737,2022-09,515700.0,5.781,240,620-679,85-95,20-35,FL,PURCHASE,OWNER,SFR,BetaLoan,2022
LN100738,2024-02,366200.0,6.388,180,680-739,<=60,>43,AZ,PURCHASE,OWNER,SFR,DeltaHome,2024
LN100739,2024-08,199800.0,6.686,360,680-739,75-85,35-43,IL,PURCHASE,OWNER,TOWNHOUSE,AlphaServ,2024
LN100740,2024-05,173000.0,7.597,360,<620,85-95,>43,FL,REFINANCE,OWNER,SFR,AlphaServ,2024
LN100741,2024-03,476000.0,6.875,360,620-679,75-85,20-35,TX,REFINANCE,OWNER,SFR,DeltaHome,2024
LN100742,2023-09,300400.0,6.508,360,680-739,75-85,>43,FL,PURCHASE,OWNER,MULTI_2_4,CasaMortgage,2023
LN100743,2022-06,481500.0,4.781,360,680-739,85-95,35-43,TX,PURCHASE,OWNER,CONDO,AlphaServ,2022
LN100744,2024-04,248400.0,6.708,240,680-739,75-85,20-35,PA,CASHOUT_REFI,INVESTOR,SFR,EagleTrust,2024
LN100745,2022-10,321300.0,4.979,360,740-779,75-85,20-35,AZ,REFINANCE,OWNER,SFR,CasaMortgage,2022
LN100746,2023-05,292200.0,6.465,360,680-739,85-95,>43,NY,PURCHASE,OWNER,SFR,BetaLoan,2023
LN100747,2022-08,192800.0,5.789,360,620-679,85-95,>43,TX,REFINANCE,OWNER,SFR,CasaMortgage,2022
LN100748,2022-08,239200.0,5.707,360,620-679,60-75,20-35,CA,PURCHASE,OWNER,SFR,CasaMortgage,2022
LN100749,2022-01,149800.0,4.221,360,780+,75-85,35-43,NC,REFINANCE,OWNER,SFR,AlphaServ,2022
LN100750,2024-11,318800.0,6.78,360,680-739,85-95,>43,AZ,PURCHASE,OWNER,SFR,DeltaHome,2024
LN100751,2022-01,359500.0,5.439,360,<620,75-85,20-35,NY,PURCHASE,OWNER,CONDO,DeltaHome,2022
LN100752,2021-10,398500.0,4.861,360,620-679,85-95,20-35,AZ,PURCHASE,INVESTOR,SFR,CasaMortgage,2021
LN100753,2024-10,344500.0,6.225,360,740-779,<=60,35-43,TX,CASHOUT_REFI,OWNER,SFR,BetaLoan,2024
LN100754,2023-06,240900.0,5.9,360,740-779,<=60,<=20,GA,REFINANCE,OWNER,SFR,DeltaHome,2023
LN100755,2023-01,513200.0,5.507,360,780+,75-85,35-43,CA,PURCHASE,OWNER,CONDO,AlphaServ,2023
LN100756,2024-01,381400.0,6.553,360,680-739,85-95,20-35,OH,PURCHASE,SECOND_HOME,SFR,EagleTrust,2024
LN100757,2022-11,476800.0,5.742,360,680-739,60-75,20-35,GA,PURCHASE,OWNER,SFR,EagleTrust,2022
LN100758,2021-12,490500.0,4.158,360,680-739,>95,20-35,GA,PURCHASE,OWNER,CONDO,BetaLoan,2021
LN100759,2024-01,241200.0,6.854,360,620-679,85-95,35-43,MI,REFINANCE,OWNER,SFR,CasaMortgage,2024
LN100760,2022-02,303900.0,3.891,240,740-779,85-95,20-35,CA,REFINANCE,INVESTOR,SFR,CasaMortgage,2022
LN100761,2023-06,361700.0,5.8,360,740-779,85-95,20-35,TX,PURCHASE,OWNER,TOWNHOUSE,DeltaHome,2023
LN100762,2024-10,152200.0,7.009,180,620-679,60-75,20-35,NC,PURCHASE,OWNER,MULTI_2_4,DeltaHome,2024
LN100763,2024-10,153700.0,5.794,360,780+,60-75,<=20,OH,PURCHASE,OWNER,SFR,CasaMortgage,2024
LN100764,2022-10,142200.0,5.261,360,680-739,<=60,35-43,WA,PURCHASE,OWNER,SFR,DeltaHome,2022
LN100765,2024-03,243100.0,7.353,360,<620,75-85,20-35,MI,REFINANCE,OWNER,SFR,AlphaServ,2024
LN100766,2023-08,219700.0,6.342,180,680-739,<=60,20-35,IL,REFINANCE,OWNER,SFR,BetaLoan,2023
LN100767,2023-03,133800.0,5.566,360,780+,85-95,<=20,OH,REFINANCE,OWNER,SFR,DeltaHome,2023
LN100768,2021-12,273000.0,4.15,360,780+,85-95,20-35,GA,REFINANCE,OWNER,CONDO,CasaMortgage,2021
LN100769,2022-10,244500.0,5.582,360,680-739,60-75,20-35,CA,CASHOUT_REFI,OWNER,TOWNHOUSE,DeltaHome,2022
LN100770,2023-10,434500.0,5.892,360,780+,75-85,20-35,FL,REFINANCE,OWNER,CONDO,BetaLoan,2023
LN100771,2024-12,631500.0,6.199,360,740-779,85-95,35-43,CA,REFINANCE,OWNER,SFR,BetaLoan,2024
LN100772,2021-07,313500.0,3.464,360,780+,85-95,<=20,TX,PURCHASE,OWNER,SFR,AlphaServ,2021
LN100773,2024-01,186600.0,6.432,360,740-779,>95,20-35,PA,PURCHASE,OWNER,TOWNHOUSE,CasaMortgage,2024
LN100774,2024-06,341500.0,6.703,360,680-739,60-75,20-35,OH,PURCHASE,OWNER,SFR,CasaMortgage,2024
LN100775,2024-10,256300.0,6.15,180,740-779,60-75,35-43,PA,PURCHASE,OWNER,MULTI_2_4,EagleTrust,2024
LN100776,2022-12,229100.0,5.476,360,740-779,85-95,<=20,AZ,REFINANCE,OWNER,SFR,BetaLoan,2022
LN100777,2021-11,173200.0,4.015,360,740-779,<=60,35-43,PA,REFINANCE,OWNER,SFR,BetaLoan,2021
LN100778,2022-06,207100.0,5.302,240,620-679,85-95,>43,MI,PURCHASE,OWNER,SFR,BetaLoan,2022
LN100779,2024-06,235600.0,6.372,360,740-779,<=60,<=20,TX,PURCHASE,OWNER,TOWNHOUSE,DeltaHome,2024
LN100780,2024-07,366500.0,6.199,180,780+,75-85,20-35,TX,PURCHASE,SECOND_HOME,SFR,CasaMortgage,2024
LN100781,2023-09,321200.0,6.844,180,680-739,75-85,35-43,NC,PURCHASE,SECOND_HOME,SFR,BetaLoan,2023
LN100782,2021-12,580400.0,4.013,360,780+,85-95,>43,FL,REFINANCE,OWNER,CONDO,AlphaServ,2021
LN100783,2021-12,345700.0,4.124,360,680-739,<=60,20-35,FL,PURCHASE,OWNER,SFR,EagleTrust,2021
LN100784,2023-03,308900.0,6.496,360,620-679,85-95,35-43,WA,PURCHASE,OWNER,SFR,CasaMortgage,2023
LN100785,2023-07,222400.0,7.145,360,620-679,85-95,35-43,NC,PURCHASE,OWNER,TOWNHOUSE,AlphaServ,2023
LN100786,2021-08,160000.0,3.859,360,740-779,85-95,20-35,CA,CASHOUT_REFI,OWNER,SFR,AlphaServ,2021
LN100787,2023-11,197500.0,6.861,360,680-739,>95,35-43,NC,CASHOUT_REFI,OWNER,SFR,CasaMortgage,2023
LN100788,2023-05,186300.0,6.699,180,680-739,85-95,20-35,MI,PURCHASE,OWNER,SFR,CasaMortgage,2023
LN100789,2021-07,80600.0,3.593,360,740-779,85-95,>43,AZ,PURCHASE,OWNER,MULTI_2_4,BetaLoan,2021
LN100790,2021-11,162100.0,4.221,360,680-739,75-85,20-35,NC,CASHOUT_REFI,OWNER,SFR,AlphaServ,2021
LN100791,2023-02,524900.0,5.959,360,680-739,85-95,20-35,CA,CASHOUT_REFI,OWNER,MULTI_2_4,CasaMortgage,2023
LN100792,2024-01,301300.0,6.038,360,740-779,>95,35-43,MI,REFINANCE,OWNER,CONDO,AlphaServ,2024
LN100793,2024-05,215500.0,6.854,360,680-739,75-85,<=20,GA,REFINANCE,OWNER,CONDO,BetaLoan,2024
LN100794,2023-01,305400.0,5.593,360,740-779,60-75,20-35,NY,REFINANCE,OWNER,SFR,EagleTrust,2023
LN100795,2022-07,106000.0,4.426,360,740-779,60-75,<=20,MI,REFINANCE,OWNER,SFR,BetaLoan,2022
LN100796,2024-11,289800.0,6.081,360,780+,85-95,35-43,IL,REFINANCE,OWNER,SFR,AlphaServ,2024
LN100797,2023-02,453600.0,6.204,360,620-679,>95,20-35,WA,REFINANCE,OWNER,SFR,BetaLoan,2023
LN100798,2022-08,241700.0,5.156,360,680-739,60-75,35-43,WA,REFINANCE,OWNER,MULTI_2_4,AlphaServ,2022
LN100799,2023-01,115000.0,5.782,180,620-679,>95,35-43,TX,CASHOUT_REFI,INVESTOR,SFR,DeltaHome,2023
LN100800,2021-07,211900.0,4.027,180,680-739,60-75,20-35,NY,CASHOUT_REFI,OWNER,SFR,BetaLoan,2021
LN100801,2022-07,453900.0,4.875,180,740-779,75-85,35-43,TX,PURCHASE,OWNER,SFR,BetaLoan,2022
LN100802,2023-04,286800.0,5.768,360,740-779,>95,20-35,FL,CASHOUT_REFI,OWNER,SFR,BetaLoan,2023
LN100803,2024-09,134800.0,6.648,180,620-679,>95,20-35,TX,PURCHASE,INVESTOR,TOWNHOUSE,AlphaServ,2024
LN100804,2024-02,740800.0,7.477,360,<620,75-85,<=20,IL,PURCHASE,OWNER,SFR,BetaLoan,2024
LN100805,2024-03,145200.0,6.561,360,680-739,>95,<=20,CA,PURCHASE,OWNER,CONDO,BetaLoan,2024
LN100806,2023-05,228800.0,6.01,360,780+,85-95,35-43,MI,PURCHASE,OWNER,SFR,CasaMortgage,2023
LN100807,2021-11,160000.0,4.313,360,680-739,85-95,>43,CA,PURCHASE,SECOND_HOME,SFR,CasaMortgage,2021
LN100808,2022-11,160100.0,5.934,360,620-679,85-95,20-35,TX,CASHOUT_REFI,SECOND_HOME,SFR,AlphaServ,2022
LN100809,2024-12,208300.0,6.679,360,620-679,75-85,<=20,TX,PURCHASE,OWNER,SFR,DeltaHome,2024
LN100810,2021-08,339900.0,4.086,360,680-739,<=60,<=20,FL,CASHOUT_REFI,OWNER,CONDO,AlphaServ,2021
LN100811,2024-07,456200.0,7.343,360,620-679,60-75,<=20,CA,PURCHASE,SECOND_HOME,CONDO,DeltaHome,2024
LN100812,2023-11,214500.0,6.597,360,680-739,<=60,35-43,PA,PURCHASE,OWNER,SFR,BetaLoan,2023
LN100813,2022-06,162000.0,4.71,360,740-779,60-75,20-35,NY,PURCHASE,SECOND_HOME,SFR,BetaLoan,2022
LN100814,2024-03,316600.0,6.552,360,620-679,<=60,>43,AZ,PURCHASE,OWNER,SFR,BetaLoan,2024
LN100815,2024-06,320800.0,6.766,360,680-739,60-75,20-35,CA,CASHOUT_REFI,OWNER,TOWNHOUSE,CasaMortgage,2024
LN100816,2021-08,284400.0,5.01,360,<620,75-85,20-35,TX,PURCHASE,OWNER,SFR,AlphaServ,2021
LN100817,2021-11,289000.0,3.738,360,780+,60-75,35-43,PA,PURCHASE,INVESTOR,SFR,CasaMortgage,2021
LN100818,2023-10,242600.0,6.529,360,680-739,60-75,<=20,IL,CASHOUT_REFI,OWNER,SFR,BetaLoan,2023
LN100819,2024-12,266800.0,6.931,360,620-679,60-75,35-43,CA,PURCHASE,OWNER,SFR,CasaMortgage,2024
LN100820,2021-08,235200.0,4.447,360,620-679,<=60,35-43,CA,PURCHASE,OWNER,SFR,CasaMortgage,2021
LN100821,2023-10,413200.0,6.109,360,740-779,85-95,<=20,AZ,PURCHASE,OWNER,TOWNHOUSE,DeltaHome,2023
LN100822,2021-12,695800.0,3.545,180,780+,85-95,<=20,TX,REFINANCE,OWNER,MULTI_2_4,DeltaHome,2021
LN100823,2023-10,276700.0,7.331,180,<620,85-95,20-35,NY,PURCHASE,OWNER,SFR,BetaLoan,2023
LN100824,2023-09,254500.0,7.061,360,620-679,85-95,>43,AZ,REFINANCE,OWNER,CONDO,AlphaServ,2023
LN100825,2021-10,286400.0,4.479,360,620-679,>95,>43,GA,REFINANCE,INVESTOR,SFR,AlphaServ,2021
LN100826,2023-11,189800.0,6.372,360,740-779,85-95,<=20,MI,PURCHASE,OWNER,SFR,BetaLoan,2023
LN100827,2024-08,360100.0,5.89,360,780+,<=60,35-43,IL,REFINANCE,OWNER,TOWNHOUSE,CasaMortgage,2024
LN100828,2024-07,311300.0,6.351,360,680-739,60-75,35-43,NC,CASHOUT_REFI,OWNER,TOWNHOUSE,CasaMortgage,2024
LN100829,2021-08,211200.0,4.016,360,680-739,75-85,35-43,OH,PURCHASE,OWNER,SFR,CasaMortgage,2021
LN100830,2022-05,383100.0,4.634,360,740-779,75-85,<=20,TX,PURCHASE,OWNER,CONDO,AlphaServ,2022
LN100831,2022-05,257400.0,4.203,360,740-779,85-95,>43,OH,REFINANCE,OWNER,SFR,BetaLoan,2022
LN100832,2023-02,165000.0,6.665,240,620-679,60-75,35-43,AZ,REFINANCE,OWNER,SFR,DeltaHome,2023
LN100833,2022-01,299000.0,5.155,360,620-679,>95,35-43,FL,PURCHASE,OWNER,SFR,DeltaHome,2022
LN100834,2024-06,284000.0,7.129,360,620-679,75-85,<=20,IL,CASHOUT_REFI,INVESTOR,SFR,CasaMortgage,2024
LN100835,2024-03,393200.0,6.201,360,740-779,>95,20-35,NY,PURCHASE,OWNER,SFR,AlphaServ,2024
LN100836,2024-04,371100.0,6.217,360,740-779,75-85,20-35,NC,PURCHASE,OWNER,TOWNHOUSE,BetaLoan,2024
LN100837,2022-03,243000.0,4.124,360,740-779,60-75,35-43,GA,PURCHASE,SECOND_HOME,SFR,AlphaServ,2022
LN100838,2021-07,206400.0,3.436,240,780+,60-75,35-43,IL,REFINANCE,OWNER,SFR,CasaMortgage,2021
LN100839,2024-09,255500.0,6.928,360,620-679,60-75,>43,CA,PURCHASE,OWNER,CONDO,BetaLoan,2024
LN100840,2022-07,300600.0,4.694,360,680-739,60-75,20-35,TX,REFINANCE,OWNER,CONDO,AlphaServ,2022
LN100841,2023-10,317300.0,7.461,360,<620,85-95,>43,FL,CASHOUT_REFI,SECOND_HOME,CONDO,AlphaServ,2023
LN100842,2024-09,292300.0,6.064,360,740-779,60-75,>43,NC,PURCHASE,OWNER,SFR,AlphaServ,2024
LN100843,2021-08,245000.0,3.639,360,740-779,60-75,<=20,NY,PURCHASE,OWNER,SFR,DeltaHome,2021
LN100844,2021-07,399700.0,3.923,180,680-739,60-75,20-35,FL,CASHOUT_REFI,OWNER,SFR,AlphaServ,2021
LN100845,2021-07,188400.0,5.026,360,<620,75-85,35-43,NY,PURCHASE,OWNER,CONDO,BetaLoan,2021
LN100846,2022-01,779000.0,4.269,360,740-779,60-75,35-43,NY,PURCHASE,OWNER,SFR,CasaMortgage,2022
LN100847,2021-09,359800.0,3.65,360,740-779,<=60,20-35,NC,REFINANCE,SECOND_HOME,SFR,DeltaHome,2021
LN100848,2024-05,153700.0,6.821,360,680-739,85-95,35-43,NC,REFINANCE,OWNER,SFR,EagleTrust,2024
LN100849,2023-08,277400.0,6.613,180,620-679,60-75,20-35,MI,PURCHASE,OWNER,SFR,AlphaServ,2023
LN100850,2024-12,361400.0,5.864,360,780+,>95,35-43,TX,CASHOUT_REFI,OWNER,SFR,AlphaServ,2024
LN100851,2024-04,218100.0,6.464,180,740-779,<=60,>43,MI,REFINANCE,OWNER,SFR,CasaMortgage,2024
LN100852,2024-11,130200.0,6.224,180,680-739,75-85,20-35,FL,PURCHASE,OWNER,SFR,BetaLoan,2024
LN100853,2022-05,159900.0,4.369,360,740-779,85-95,<=20,CA,PURCHASE,OWNER,TOWNHOUSE,BetaLoan,2022
LN100854,2022-07,325800.0,4.356,180,780+,60-75,35-43,GA,REFINANCE,OWNER,SFR,CasaMortgage,2022
LN100855,2024-06,115900.0,6.019,240,780+,85-95,35-43,CA,PURCHASE,OWNER,SFR,EagleTrust,2024
LN100856,2022-05,133000.0,4.344,360,740-779,75-85,20-35,CA,PURCHASE,OWNER,CONDO,AlphaServ,2022
LN100857,2021-09,325000.0,3.819,360,680-739,75-85,20-35,CA,PURCHASE,OWNER,SFR,CasaMortgage,2021
LN100858,2023-11,230900.0,6.638,360,680-739,85-95,20-35,GA,REFINANCE,OWNER,SFR,CasaMortgage,2023
LN100859,2024-04,186600.0,6.365,360,740-779,>95,35-43,TX,PURCHASE,OWNER,SFR,CasaMortgage,2024
LN100860,2024-11,204300.0,6.684,180,680-739,60-75,35-43,PA,PURCHASE,OWNER,TOWNHOUSE,BetaLoan,2024
LN100861,2024-09,131700.0,7.394,360,<620,85-95,20-35,FL,REFINANCE,INVESTOR,TOWNHOUSE,EagleTrust,2024
LN100862,2021-12,317400.0,4.68,360,620-679,60-75,20-35,FL,CASHOUT_REFI,OWNER,SFR,AlphaServ,2021
LN100863,2024-03,177600.0,6.258,180,780+,<=60,20-35,IL,PURCHASE,OWNER,SFR,DeltaHome,2024
LN100864,2024-06,200600.0,6.142,360,780+,60-75,<=20,MI,REFINANCE,OWNER,SFR,CasaMortgage,2024
LN100865,2023-12,298400.0,6.216,360,780+,75-85,<=20,NC,PURCHASE,OWNER,TOWNHOUSE,EagleTrust,2023
LN100866,2024-05,227400.0,6.754,180,680-739,85-95,35-43,TX,PURCHASE,OWNER,MULTI_2_4,DeltaHome,2024
LN100867,2024-06,185900.0,6.309,360,740-779,75-85,35-43,MI,PURCHASE,OWNER,SFR,CasaMortgage,2024
LN100868,2023-01,104300.0,5.348,360,780+,>95,20-35,IL,REFINANCE,OWNER,CONDO,AlphaServ,2023
LN100869,2021-08,301100.0,4.081,360,680-739,85-95,35-43,WA,PURCHASE,OWNER,SFR,CasaMortgage,2021
LN100870,2023-02,264500.0,6.363,180,620-679,60-75,20-35,IL,CASHOUT_REFI,OWNER,SFR,AlphaServ,2023
LN100871,2022-03,202200.0,3.95,360,780+,60-75,35-43,FL,PURCHASE,INVESTOR,SFR,BetaLoan,2022
LN100872,2021-11,160000.0,5.195,240,<620,75-85,>43,MI,REFINANCE,OWNER,SFR,BetaLoan,2021
LN100873,2021-12,256700.0,4.03,360,740-779,60-75,20-35,CA,PURCHASE,OWNER,SFR,DeltaHome,2021
LN100874,2023-12,316900.0,6.145,360,740-779,<=60,35-43,NC,REFINANCE,OWNER,TOWNHOUSE,EagleTrust,2023
LN100875,2023-04,266700.0,5.914,360,740-779,<=60,20-35,OH,CASHOUT_REFI,OWNER,SFR,DeltaHome,2023
LN100876,2023-05,533500.0,6.849,360,620-679,75-85,>43,TX,CASHOUT_REFI,OWNER,SFR,AlphaServ,2023
LN100877,2024-02,350500.0,6.289,360,740-779,75-85,20-35,CA,REFINANCE,OWNER,SFR,BetaLoan,2024
LN100878,2023-06,243200.0,6.712,180,620-679,75-85,35-43,CA,PURCHASE,INVESTOR,SFR,AlphaServ,2023
LN100879,2023-09,355800.0,5.994,360,780+,85-95,20-35,CA,REFINANCE,INVESTOR,SFR,DeltaHome,2023
LN100880,2021-10,260900.0,4.236,360,620-679,>95,20-35,IL,CASHOUT_REFI,OWNER,SFR,AlphaServ,2021
LN100881,2024-06,260500.0,6.236,360,740-779,85-95,20-35,NC,PURCHASE,OWNER,SFR,CasaMortgage,2024
LN100882,2023-01,457400.0,5.948,360,740-779,60-75,35-43,CA,PURCHASE,OWNER,SFR,BetaLoan,2023
LN100883,2022-01,170400.0,4.778,360,620-679,75-85,20-35,CA,PURCHASE,OWNER,TOWNHOUSE,AlphaServ,2022
LN100884,2024-05,257900.0,6.843,360,620-679,60-75,20-35,PA,REFINANCE,OWNER,SFR,CasaMortgage,2024
LN100885,2024-01,436000.0,6.266,360,740-779,>95,<=20,TX,PURCHASE,SECOND_HOME,CONDO,BetaLoan,2024
LN100886,2021-09,293300.0,4.431,360,620-679,75-85,20-35,PA,PURCHASE,OWNER,SFR,BetaLoan,2021
LN100887,2022-03,216200.0,4.979,360,620-679,60-75,20-35,CA,PURCHASE,SECOND_HOME,CONDO,AlphaServ,2022
LN100888,2021-07,118400.0,4.093,360,680-739,85-95,20-35,PA,REFINANCE,OWNER,SFR,BetaLoan,2021
LN100889,2022-06,91900.0,4.381,360,780+,75-85,20-35,NC,PURCHASE,OWNER,TOWNHOUSE,DeltaHome,2022
LN100890,2021-11,649700.0,4.094,360,740-779,>95,>43,CA,CASHOUT_REFI,OWNER,CONDO,BetaLoan,2021
LN100891,2023-12,293300.0,6.336,240,680-739,<=60,20-35,FL,REFINANCE,OWNER,SFR,CasaMortgage,2023
LN100892,2023-04,196300.0,5.704,360,780+,60-75,<=20,FL,PURCHASE,OWNER,SFR,BetaLoan,2023
LN100893,2024-12,298700.0,6.683,360,680-739,>95,35-43,CA,REFINANCE,OWNER,SFR,AlphaServ,2024
LN100894,2024-02,166600.0,6.537,360,680-739,75-85,<=20,FL,PURCHASE,SECOND_HOME,SFR,BetaLoan,2024
LN100895,2023-08,219900.0,6.562,360,680-739,60-75,35-43,NC,REFINANCE,OWNER,SFR,AlphaServ,2023
LN100896,2023-04,167100.0,6.103,360,680-739,75-85,20-35,NC,CASHOUT_REFI,SECOND_HOME,SFR,CasaMortgage,2023
LN100897,2021-09,135100.0,3.936,360,680-739,85-95,<=20,TX,PURCHASE,OWNER,SFR,EagleTrust,2021
LN100898,2021-09,99000.0,3.49,360,740-779,<=60,>43,NC,PURCHASE,OWNER,SFR,BetaLoan,2021
LN100899,2023-08,124400.0,7.216,360,<620,60-75,20-35,TX,PURCHASE,OWNER,SFR,CasaMortgage,2023
LN100900,2021-07,404200.0,3.704,360,740-779,60-75,35-43,CA,REFINANCE,OWNER,SFR,AlphaServ,2021
LN100901,2021-08,163700.0,4.888,360,620-679,60-75,20-35,TX,PURCHASE,OWNER,TOWNHOUSE,BetaLoan,2021
LN100902,2022-04,324700.0,4.661,360,680-739,75-85,20-35,FL,REFINANCE,OWNER,SFR,CasaMortgage,2022
LN100903,2024-08,392600.0,6.882,360,620-679,60-75,20-35,CA,PURCHASE,OWNER,SFR,DeltaHome,2024
LN100904,2023-02,257200.0,6.041,360,680-739,85-95,20-35,CA,REFINANCE,OWNER,SFR,CasaMortgage,2023
LN100905,2023-12,223200.0,6.183,360,740-779,75-85,35-43,FL,PURCHASE,OWNER,SFR,AlphaServ,2023
LN100906,2022-12,271000.0,5.893,360,680-739,75-85,<=20,AZ,REFINANCE,OWNER,SFR,DeltaHome,2022
LN100907,2022-02,211600.0,5.131,240,620-679,60-75,20-35,GA,PURCHASE,OWNER,SFR,DeltaHome,2022
LN100908,2022-10,438800.0,5.868,360,620-679,75-85,20-35,WA,PURCHASE,OWNER,SFR,BetaLoan,2022
LN100909,2021-10,593900.0,3.559,360,740-779,60-75,20-35,CA,PURCHASE,OWNER,SFR,CasaMortgage,2021
LN100910,2024-03,490100.0,6.979,360,620-679,>95,20-35,PA,REFINANCE,OWNER,SFR,CasaMortgage,2024
LN100911,2022-02,96900.0,4.125,360,740-779,60-75,20-35,CA,CASHOUT_REFI,OWNER,SFR,BetaLoan,2022
LN100912,2022-10,209700.0,5.734,180,680-739,85-95,20-35,TX,PURCHASE,OWNER,SFR,CasaMortgage,2022
LN100913,2024-12,255700.0,6.975,180,620-679,75-85,35-43,CA,CASHOUT_REFI,OWNER,CONDO,CasaMortgage,2024
LN100914,2023-07,314400.0,5.992,360,740-779,85-95,>43,NY,PURCHASE,OWNER,SFR,AlphaServ,2023
LN100915,2023-02,117300.0,6.197,240,680-739,85-95,20-35,TX,CASHOUT_REFI,OWNER,SFR,AlphaServ,2023
LN100916,2023-05,116500.0,7.106,360,<620,85-95,20-35,NC,PURCHASE,OWNER,TOWNHOUSE,BetaLoan,2023
LN100917,2024-03,459600.0,6.074,360,780+,75-85,20-35,MI,PURCHASE,SECOND_HOME,TOWNHOUSE,BetaLoan,2024
LN100918,2022-05,198500.0,5.078,360,620-679,60-75,35-43,FL,REFINANCE,INVESTOR,SFR,DeltaHome,2022
LN100919,2023-09,130700.0,6.669,360,680-739,85-95,20-35,MI,PURCHASE,INVESTOR,SFR,EagleTrust,2023
LN100920,2024-07,155300.0,6.498,360,680-739,<=60,<=20,TX,CASHOUT_REFI,OWNER,SFR,CasaMortgage,2024
LN100921,2023-07,304300.0,6.479,360,680-739,60-75,35-43,CA,CASHOUT_REFI,OWNER,SFR,AlphaServ,2023
LN100922,2023-01,176300.0,5.603,360,740-779,85-95,<=20,TX,PURCHASE,OWNER,CONDO,AlphaServ,2023
LN100923,2022-01,284600.0,5.283,360,<620,75-85,<=20,TX,PURCHASE,OWNER,SFR,AlphaServ,2022
LN100924,2022-05,164300.0,4.432,360,780+,60-75,>43,CA,PURCHASE,OWNER,SFR,BetaLoan,2022
LN100925,2024-10,116400.0,6.825,360,680-739,85-95,35-43,CA,PURCHASE,OWNER,CONDO,CasaMortgage,2024
LN100926,2023-05,484500.0,5.506,180,780+,<=60,20-35,FL,REFINANCE,OWNER,SFR,EagleTrust,2023
LN100927,2022-07,305300.0,4.694,360,740-779,85-95,<=20,PA,PURCHASE,OWNER,SFR,AlphaServ,2022
LN100928,2022-12,219700.0,5.163,360,780+,85-95,20-35,PA,PURCHASE,INVESTOR,SFR,AlphaServ,2022
LN100929,2023-07,201900.0,6.081,180,740-779,60-75,20-35,WA,PURCHASE,OWNER,SFR,AlphaServ,2023
LN100930,2023-05,493500.0,6.123,360,680-739,<=60,35-43,CA,CASHOUT_REFI,OWNER,SFR,BetaLoan,2023
LN100931,2023-12,333100.0,6.368,360,680-739,>95,35-43,CA,PURCHASE,OWNER,SFR,AlphaServ,2023
LN100932,2022-05,427700.0,4.448,360,740-779,<=60,20-35,OH,REFINANCE,OWNER,MULTI_2_4,DeltaHome,2022
LN100933,2023-10,196300.0,6.681,360,680-739,>95,20-35,GA,REFINANCE,OWNER,SFR,CasaMortgage,2023
LN100934,2023-01,261100.0,5.495,240,740-779,75-85,20-35,TX,PURCHASE,OWNER,SFR,DeltaHome,2023
LN100935,2024-10,305900.0,7.522,360,<620,60-75,35-43,MI,REFINANCE,OWNER,CONDO,EagleTrust,2024
LN100936,2022-01,199300.0,4.146,180,780+,75-85,20-35,WA,PURCHASE,INVESTOR,TOWNHOUSE,CasaMortgage,2022
LN100937,2022-01,244500.0,4.8,360,620-679,75-85,35-43,FL,REFINANCE,OWNER,SFR,DeltaHome,2022
LN100938,2023-02,196300.0,5.624,360,780+,75-85,35-43,WA,PURCHASE,OWNER,CONDO,CasaMortgage,2023
LN100939,2023-04,305500.0,6.739,360,620-679,75-85,<=20,CA,PURCHASE,OWNER,SFR,AlphaServ,2023
LN100940,2023-12,140800.0,7.177,360,620-679,60-75,>43,IL,CASHOUT_REFI,OWNER,SFR,AlphaServ,2023
LN100941,2022-11,330200.0,5.65,180,740-779,<=60,35-43,TX,PURCHASE,OWNER,MULTI_2_4,EagleTrust,2022
LN100942,2024-09,293600.0,6.245,360,740-779,85-95,20-35,OH,PURCHASE,OWNER,MULTI_2_4,BetaLoan,2024
LN100943,2023-02,232900.0,5.81,360,740-779,75-85,<=20,CA,PURCHASE,SECOND_HOME,SFR,BetaLoan,2023
LN100944,2021-12,312500.0,3.836,360,780+,85-95,<=20,IL,REFINANCE,OWNER,CONDO,AlphaServ,2021
LN100945,2021-12,216600.0,4.387,360,680-739,75-85,<=20,TX,REFINANCE,INVESTOR,SFR,AlphaServ,2021
LN100946,2024-11,188800.0,6.297,360,740-779,75-85,20-35,NY,PURCHASE,OWNER,SFR,BetaLoan,2024
LN100947,2021-12,326000.0,4.512,360,680-739,60-75,20-35,NC,PURCHASE,OWNER,CONDO,CasaMortgage,2021
LN100948,2024-10,332400.0,6.456,360,680-739,>95,35-43,FL,REFINANCE,OWNER,SFR,DeltaHome,2024
LN100949,2022-06,203200.0,4.963,360,680-739,75-85,20-35,OH,REFINANCE,OWNER,SFR,BetaLoan,2022
LN100950,2021-10,195500.0,4.85,180,<620,>95,20-35,WA,REFINANCE,OWNER,SFR,BetaLoan,2021
LN100951,2022-07,235100.0,4.58,360,740-779,85-95,>43,AZ,PURCHASE,OWNER,SFR,DeltaHome,2022
LN100952,2023-08,199100.0,6.012,360,740-779,85-95,20-35,WA,PURCHASE,SECOND_HOME,SFR,CasaMortgage,2023
LN100953,2022-12,507000.0,6.214,360,620-679,75-85,20-35,TX,PURCHASE,INVESTOR,SFR,AlphaServ,2022
LN100954,2024-03,294300.0,6.173,360,780+,<=60,>43,IL,PURCHASE,OWNER,TOWNHOUSE,EagleTrust,2024
LN100955,2023-08,256900.0,6.668,360,680-739,60-75,20-35,MI,REFINANCE,OWNER,TOWNHOUSE,AlphaServ,2023
LN100956,2022-11,167800.0,6.153,360,620-679,85-95,20-35,AZ,CASHOUT_REFI,OWNER,TOWNHOUSE,CasaMortgage,2022
LN100957,2023-09,355900.0,6.158,180,740-779,60-75,20-35,TX,REFINANCE,OWNER,CONDO,EagleTrust,2023
LN100958,2024-11,193800.0,7.465,360,620-679,<=60,35-43,WA,PURCHASE,OWNER,TOWNHOUSE,AlphaServ,2024
LN100959,2022-12,190300.0,6.641,360,<620,75-85,35-43,NY,REFINANCE,OWNER,TOWNHOUSE,CasaMortgage,2022
LN100960,2022-01,361400.0,3.819,360,740-779,60-75,35-43,MI,PURCHASE,OWNER,SFR,BetaLoan,2022
LN100961,2022-12,303900.0,5.879,360,620-679,60-75,20-35,IL,PURCHASE,SECOND_HOME,SFR,BetaLoan,2022
LN100962,2024-06,82700.0,7.627,360,<620,75-85,>43,FL,PURCHASE,OWNER,SFR,AlphaServ,2024
LN100963,2022-04,237800.0,4.072,240,740-779,<=60,20-35,CA,REFINANCE,OWNER,SFR,EagleTrust,2022
LN100964,2024-10,270100.0,7.48,240,<620,<=60,35-43,TX,REFINANCE,INVESTOR,SFR,AlphaServ,2024
LN100965,2023-07,219100.0,6.002,360,740-779,60-75,<=20,GA,CASHOUT_REFI,OWNER,TOWNHOUSE,AlphaServ,2023
LN100966,2023-08,274400.0,6.459,360,740-779,75-85,20-35,OH,PURCHASE,OWNER,SFR,AlphaServ,2023
LN100967,2022-08,113100.0,5.35,180,620-679,>95,>43,NY,PURCHASE,OWNER,SFR,AlphaServ,2022
LN100968,2024-09,71400.0,6.747,360,680-739,60-75,35-43,GA,PURCHASE,INVESTOR,TOWNHOUSE,CasaMortgage,2024
LN100969,2021-08,164600.0,4.431,360,620-679,85-95,<=20,IL,CASHOUT_REFI,OWNER,CONDO,AlphaServ,2021
LN100970,2022-07,289800.0,4.644,360,740-779,60-75,35-43,CA,PURCHASE,OWNER,SFR,EagleTrust,2022
LN100971,2022-12,59800.0,6.881,360,<620,75-85,<=20,TX,PURCHASE,OWNER,MULTI_2_4,DeltaHome,2022
LN100972,2023-03,174600.0,5.458,360,780+,<=60,20-35,NY,PURCHASE,OWNER,CONDO,CasaMortgage,2023
LN100973,2023-02,107400.0,6.184,360,620-679,85-95,20-35,NY,REFINANCE,OWNER,SFR,AlphaServ,2023
LN100974,2022-01,228800.0,3.986,360,740-779,85-95,20-35,AZ,PURCHASE,OWNER,CONDO,EagleTrust,2022
LN100975,2022-04,616000.0,4.871,360,620-679,85-95,<=20,WA,PURCHASE,OWNER,SFR,AlphaServ,2022
LN100976,2021-11,231500.0,4.358,360,620-679,<=60,35-43,OH,REFINANCE,SECOND_HOME,CONDO,EagleTrust,2021
LN100977,2023-07,243200.0,6.222,360,680-739,85-95,35-43,TX,REFINANCE,OWNER,SFR,BetaLoan,2023
LN100978,2022-09,372400.0,4.71,360,740-779,60-75,20-35,MI,REFINANCE,OWNER,SFR,CasaMortgage,2022
LN100979,2023-06,257700.0,5.644,240,780+,75-85,20-35,TX,PURCHASE,OWNER,CONDO,CasaMortgage,2023
LN100980,2023-07,231700.0,7.102,360,<620,85-95,20-35,IL,PURCHASE,OWNER,SFR,BetaLoan,2023
LN100981,2023-12,387300.0,7.498,360,<620,75-85,>43,WA,PURCHASE,OWNER,TOWNHOUSE,BetaLoan,2023
LN100982,2023-05,315600.0,5.994,360,680-739,85-95,35-43,AZ,CASHOUT_REFI,OWNER,SFR,AlphaServ,2023
LN100983,2023-10,290700.0,6.605,360,680-739,85-95,>43,AZ,PURCHASE,INVESTOR,SFR,BetaLoan,2023
LN100984,2023-07,239800.0,5.474,360,780+,85-95,35-43,CA,PURCHASE,OWNER,SFR,EagleTrust,2023
LN100985,2023-10,218400.0,5.831,360,780+,60-75,35-43,IL,PURCHASE,OWNER,CONDO,BetaLoan,2023
LN100986,2023-08,385700.0,5.877,360,780+,60-75,<=20,MI,PURCHASE,OWNER,SFR,CasaMortgage,2023
LN100987,2022-08,219400.0,5.487,360,620-679,75-85,35-43,CA,PURCHASE,OWNER,SFR,AlphaServ,2022
LN100988,2022-05,444200.0,4.778,360,680-739,75-85,35-43,MI,REFINANCE,OWNER,CONDO,AlphaServ,2022
LN100989,2024-04,159300.0,6.06,360,740-779,85-95,20-35,FL,CASHOUT_REFI,OWNER,SFR,AlphaServ,2024
LN100990,2022-09,486600.0,5.642,240,680-739,75-85,20-35,AZ,PURCHASE,OWNER,MULTI_2_4,EagleTrust,2022
LN100991,2023-06,315700.0,6.291,360,740-779,85-95,20-35,NY,REFINANCE,OWNER,SFR,CasaMortgage,2023
LN100992,2022-03,165100.0,4.481,360,620-679,60-75,20-35,TX,PURCHASE,OWNER,SFR,CasaMortgage,2022
LN100993,2023-01,320900.0,5.939,240,680-739,75-85,>43,AZ,PURCHASE,OWNER,CONDO,CasaMortgage,2023
LN100994,2023-05,190500.0,5.664,360,780+,>95,20-35,NC,PURCHASE,SECOND_HOME,TOWNHOUSE,AlphaServ,2023
LN100995,2023-09,259100.0,6.838,360,620-679,60-75,<=20,IL,PURCHASE,OWNER,CONDO,BetaLoan,2023
LN100996,2023-05,205100.0,5.708,360,780+,60-75,<=20,WA,PURCHASE,INVESTOR,SFR,DeltaHome,2023
LN100997,2022-10,240400.0,5.295,360,680-739,85-95,20-35,GA,REFINANCE,OWNER,TOWNHOUSE,CasaMortgage,2022
LN100998,2024-11,389900.0,7.402,360,<620,60-75,35-43,OH,REFINANCE,OWNER,SFR,CasaMortgage,2024
LN100999,2023-04,322300.0,6.818,360,620-679,75-85,20-35,FL,CASHOUT_REFI,OWNER,SFR,CasaMortgage,2023
LN101000,2024-04,153800.0,7.33,360,620-679,85-95,20-35,PA,PURCHASE,OWNER,CONDO,AlphaServ,2024
LN101001,2024-01,157800.0,6.551,180,680-739,75-85,>43,OH,REFINANCE,OWNER,SFR,BetaLoan,2024
LN101002,2023-06,288300.0,6.406,240,620-679,>95,20-35,GA,REFINANCE,OWNER,CONDO,AlphaServ,2023
LN101003,2024-08,297900.0,6.536,360,680-739,85-95,<=20,WA,PURCHASE,OWNER,SFR,CasaMortgage,2024
LN101004,2021-12,188400.0,3.74,360,780+,75-85,20-35,TX,REFINANCE,OWNER,TOWNHOUSE,AlphaServ,2021
LN101005,2024-09,522300.0,7.225,360,620-679,>95,20-35,MI,REFINANCE,OWNER,SFR,BetaLoan,2024
LN101006,2024-06,368100.0,6.783,360,620-679,60-75,20-35,PA,PURCHASE,OWNER,SFR,AlphaServ,2024
LN101007,2023-04,192600.0,5.804,360,680-739,60-75,35-43,CA,REFINANCE,OWNER,SFR,DeltaHome,2023
LN101008,2024-01,184400.0,6.144,360,740-779,85-95,<=20,NC,PURCHASE,OWNER,SFR,AlphaServ,2024
LN101009,2023-04,230400.0,5.961,360,740-779,75-85,35-43,PA,PURCHASE,OWNER,SFR,BetaLoan,2023
LN101010,2022-06,219800.0,5.121,360,620-679,60-75,20-35,OH,CASHOUT_REFI,OWNER,TOWNHOUSE,BetaLoan,2022
LN101011,2024-04,449200.0,6.555,360,680-739,60-75,20-35,CA,PURCHASE,OWNER,SFR,AlphaServ,2024
LN101012,2022-05,397500.0,4.899,360,680-739,60-75,35-43,CA,CASHOUT_REFI,INVESTOR,SFR,DeltaHome,2022
LN101013,2022-08,259300.0,4.88,180,680-739,60-75,35-43,CA,REFINANCE,OWNER,SFR,AlphaServ,2022
LN101014,2023-04,346300.0,6.522,360,620-679,60-75,>43,FL,PURCHASE,INVESTOR,TOWNHOUSE,BetaLoan,2023
LN101015,2024-06,369700.0,6.141,180,780+,>95,20-35,GA,PURCHASE,OWNER,MULTI_2_4,DeltaHome,2024
LN101016,2022-11,262000.0,6.088,360,620-679,85-95,20-35,OH,REFINANCE,OWNER,TOWNHOUSE,BetaLoan,2022
LN101017,2023-03,306000.0,6.372,360,620-679,75-85,>43,IL,PURCHASE,OWNER,CONDO,CasaMortgage,2023
LN101018,2021-08,333500.0,4.767,360,620-679,75-85,20-35,NY,PURCHASE,OWNER,SFR,DeltaHome,2021
LN101019,2021-11,317900.0,3.842,360,740-779,<=60,35-43,NC,PURCHASE,OWNER,SFR,BetaLoan,2021
LN101020,2021-09,179800.0,4.275,360,680-739,75-85,<=20,AZ,CASHOUT_REFI,SECOND_HOME,SFR,BetaLoan,2021
LN101021,2021-10,188200.0,4.778,360,620-679,75-85,20-35,PA,PURCHASE,INVESTOR,SFR,BetaLoan,2021
LN101022,2024-07,224200.0,6.132,360,680-739,85-95,>43,NC,PURCHASE,OWNER,TOWNHOUSE,AlphaServ,2024
LN101023,2024-06,185700.0,6.875,360,680-739,60-75,>43,FL,REFINANCE,OWNER,MULTI_2_4,CasaMortgage,2024
LN101024,2024-05,131500.0,6.805,180,620-679,>95,>43,WA,REFINANCE,OWNER,MULTI_2_4,BetaLoan,2024
LN101025,2021-09,346000.0,3.55,180,780+,85-95,35-43,PA,PURCHASE,OWNER,SFR,AlphaServ,2021
LN101026,2021-10,298300.0,4.372,360,680-739,<=60,20-35,WA,PURCHASE,INVESTOR,SFR,EagleTrust,2021
LN101027,2022-06,139700.0,5.21,360,620-679,>95,20-35,GA,PURCHASE,OWNER,SFR,BetaLoan,2022
LN101028,2023-06,229000.0,5.781,360,780+,60-75,<=20,FL,PURCHASE,OWNER,SFR,AlphaServ,2023
LN101029,2022-09,234900.0,5.163,240,740-779,>95,35-43,NY,PURCHASE,OWNER,CONDO,BetaLoan,2022
LN101030,2023-03,277000.0,6.077,360,680-739,75-85,35-43,FL,REFINANCE,OWNER,SFR,CasaMortgage,2023
LN101031,2022-02,156900.0,3.769,360,780+,75-85,35-43,FL,PURCHASE,OWNER,SFR,AlphaServ,2022
LN101032,2024-01,138800.0,6.784,360,680-739,75-85,20-35,NY,REFINANCE,OWNER,CONDO,AlphaServ,2024
LN101033,2022-08,322500.0,5.219,180,680-739,75-85,20-35,WA,PURCHASE,OWNER,SFR,EagleTrust,2022
LN101034,2021-09,128000.0,3.348,360,780+,85-95,35-43,IL,PURCHASE,INVESTOR,MULTI_2_4,CasaMortgage,2021
LN101035,2024-02,229900.0,6.262,360,740-779,85-95,>43,NY,CASHOUT_REFI,OWNER,SFR,BetaLoan,2024
LN101036,2024-08,220400.0,7.04,360,620-679,75-85,20-35,GA,REFINANCE,OWNER,SFR,DeltaHome,2024
LN101037,2021-07,241500.0,3.685,240,740-779,85-95,<=20,FL,REFINANCE,INVESTOR,TOWNHOUSE,AlphaServ,2021
LN101038,2023-01,286000.0,5.534,360,680-739,75-85,>43,CA,REFINANCE,SECOND_HOME,CONDO,CasaMortgage,2023
LN101039,2024-05,524100.0,7.251,360,<620,75-85,35-43,NC,REFINANCE,OWNER,SFR,AlphaServ,2024
LN101040,2023-12,124300.0,5.929,360,780+,60-75,35-43,FL,PURCHASE,INVESTOR,SFR,AlphaServ,2023
LN101041,2024-06,378700.0,6.663,360,680-739,85-95,>43,TX,REFINANCE,OWNER,SFR,AlphaServ,2024
LN101042,2022-12,82400.0,5.613,360,740-779,75-85,35-43,OH,PURCHASE,OWNER,CONDO,AlphaServ,2022
LN101043,2022-10,477900.0,4.883,180,740-779,75-85,35-43,TX,CASHOUT_REFI,OWNER,TOWNHOUSE,DeltaHome,2022
LN101044,2023-12,101800.0,6.445,360,680-739,85-95,35-43,TX,PURCHASE,OWNER,SFR,BetaLoan,2023
LN101045,2022-01,764000.0,3.988,360,680-739,85-95,20-35,IL,REFINANCE,OWNER,TOWNHOUSE,AlphaServ,2022
LN101046,2022-05,214200.0,4.257,360,780+,60-75,20-35,WA,PURCHASE,OWNER,SFR,EagleTrust,2022
LN101047,2023-08,456200.0,6.383,360,740-779,75-85,20-35,TX,PURCHASE,OWNER,SFR,BetaLoan,2023
LN101048,2023-11,415800.0,6.409,360,740-779,75-85,35-43,IL,PURCHASE,OWNER,SFR,AlphaServ,2023
LN101049,2021-12,209700.0,4.244,360,680-739,<=60,20-35,IL,PURCHASE,OWNER,TOWNHOUSE,BetaLoan,2021
LN101050,2023-04,217100.0,6.079,360,680-739,60-75,>43,NC,REFINANCE,SECOND_HOME,SFR,AlphaServ,2023
LN101051,2022-10,175100.0,6.269,360,<620,85-95,20-35,IL,REFINANCE,OWNER,SFR,BetaLoan,2022
LN101052,2023-04,363800.0,6.086,360,680-739,60-75,35-43,NC,PURCHASE,OWNER,SFR,BetaLoan,2023
LN101053,2024-11,211000.0,6.923,360,620-679,85-95,<=20,PA,PURCHASE,OWNER,SFR,EagleTrust,2024
LN101054,2021-10,176600.0,3.809,360,740-779,>95,20-35,FL,REFINANCE,OWNER,MULTI_2_4,CasaMortgage,2021
LN101055,2024-12,325100.0,6.188,360,740-779,60-75,20-35,PA,PURCHASE,OWNER,SFR,CasaMortgage,2024
LN101056,2023-01,170500.0,5.623,240,680-739,75-85,35-43,TX,REFINANCE,OWNER,SFR,EagleTrust,2023
LN101057,2024-03,220100.0,7.072,240,620-679,<=60,<=20,PA,REFINANCE,OWNER,TOWNHOUSE,AlphaServ,2024
LN101058,2022-12,267900.0,5.514,360,740-779,85-95,20-35,GA,REFINANCE,SECOND_HOME,SFR,BetaLoan,2022
LN101059,2022-08,191200.0,6.002,180,620-679,75-85,35-43,OH,CASHOUT_REFI,OWNER,SFR,CasaMortgage,2022
LN101060,2024-03,204600.0,6.181,180,780+,75-85,35-43,IL,PURCHASE,INVESTOR,CONDO,BetaLoan,2024
LN101061,2023-11,509300.0,6.496,180,680-739,85-95,35-43,OH,PURCHASE,OWNER,CONDO,AlphaServ,2023
LN101062,2022-01,232800.0,5.055,240,620-679,85-95,35-43,TX,REFINANCE,OWNER,TOWNHOUSE,AlphaServ,2022
LN101063,2023-12,217100.0,7.202,360,620-679,75-85,35-43,IL,REFINANCE,OWNER,SFR,AlphaServ,2023
LN101064,2024-02,235900.0,5.954,240,780+,85-95,20-35,GA,REFINANCE,INVESTOR,SFR,AlphaServ,2024
LN101065,2022-11,313200.0,6.285,360,620-679,>95,20-35,NY,CASHOUT_REFI,OWNER,SFR,CasaMortgage,2022
LN101066,2024-09,160300.0,6.625,360,680-739,75-85,<=20,NY,PURCHASE,OWNER,CONDO,DeltaHome,2024
LN101067,2023-09,309400.0,6.605,180,620-679,<=60,20-35,FL,CASHOUT_REFI,OWNER,SFR,CasaMortgage,2023
LN101068,2022-09,286400.0,5.567,360,620-679,85-95,20-35,PA,REFINANCE,OWNER,SFR,EagleTrust,2022
LN101069,2021-07,114100.0,3.447,360,780+,85-95,>43,NY,REFINANCE,OWNER,SFR,EagleTrust,2021
LN101070,2023-11,572300.0,7.194,360,620-679,75-85,35-43,OH,PURCHASE,OWNER,SFR,AlphaServ,2023
LN101071,2022-03,492600.0,5.479,360,<620,85-95,20-35,WA,PURCHASE,OWNER,SFR,CasaMortgage,2022
LN101072,2024-02,178000.0,6.604,360,680-739,60-75,35-43,CA,CASHOUT_REFI,INVESTOR,SFR,CasaMortgage,2024
LN101073,2023-05,154000.0,5.716,360,780+,75-85,20-35,TX,REFINANCE,OWNER,SFR,AlphaServ,2023
LN101074,2023-02,282800.0,6.301,240,680-739,85-95,20-35,AZ,PURCHASE,OWNER,SFR,BetaLoan,2023
LN101075,2022-01,134400.0,4.732,180,620-679,85-95,<=20,NC,PURCHASE,OWNER,SFR,DeltaHome,2022
LN101076,2023-12,471600.0,5.978,360,780+,<=60,35-43,FL,PURCHASE,SECOND_HOME,MULTI_2_4,BetaLoan,2023
LN101077,2022-01,206700.0,4.283,180,740-779,<=60,35-43,CA,PURCHASE,OWNER,TOWNHOUSE,BetaLoan,2022
LN101078,2022-12,529600.0,5.236,360,780+,60-75,20-35,IL,PURCHASE,OWNER,TOWNHOUSE,BetaLoan,2022
LN101079,2024-06,176100.0,6.555,180,740-779,75-85,35-43,MI,CASHOUT_REFI,OWNER,CONDO,AlphaServ,2024
LN101080,2024-09,242700.0,6.192,360,740-779,85-95,35-43,NY,PURCHASE,OWNER,CONDO,AlphaServ,2024
LN101081,2024-12,451500.0,6.526,360,680-739,<=60,20-35,PA,PURCHASE,OWNER,CONDO,AlphaServ,2024
LN101082,2024-11,220700.0,7.246,360,620-679,85-95,35-43,FL,REFINANCE,OWNER,SFR,BetaLoan,2024
LN101083,2023-06,288500.0,5.909,360,740-779,75-85,<=20,IL,REFINANCE,OWNER,SFR,BetaLoan,2023
LN101084,2022-03,417400.0,4.423,240,740-779,85-95,20-35,CA,REFINANCE,OWNER,CONDO,EagleTrust,2022
LN101085,2024-06,198700.0,5.822,360,780+,75-85,20-35,IL,PURCHASE,OWNER,SFR,EagleTrust,2024
LN101086,2024-04,144700.0,6.735,360,680-739,85-95,<=20,PA,PURCHASE,OWNER,CONDO,BetaLoan,2024
LN101087,2024-12,132400.0,6.777,180,620-679,75-85,35-43,CA,PURCHASE,OWNER,MULTI_2_4,EagleTrust,2024
LN101088,2023-10,331900.0,6.656,360,680-739,60-75,<=20,GA,REFINANCE,OWNER,SFR,AlphaServ,2023
LN101089,2021-12,304100.0,3.794,360,740-779,75-85,20-35,FL,CASHOUT_REFI,OWNER,TOWNHOUSE,AlphaServ,2021
LN101090,2023-04,411600.0,6.327,360,680-739,75-85,20-35,FL,REFINANCE,OWNER,SFR,BetaLoan,2023
LN101091,2023-01,225600.0,5.518,360,740-779,60-75,35-43,CA,REFINANCE,INVESTOR,SFR,BetaLoan,2023
LN101092,2024-06,134100.0,6.673,360,680-739,>95,<=20,OH,CASHOUT_REFI,OWNER,SFR,BetaLoan,2024
LN101093,2022-11,88500.0,6.495,360,<620,85-95,35-43,WA,PURCHASE,OWNER,TOWNHOUSE,AlphaServ,2022
LN101094,2022-08,927800.0,4.839,180,740-779,60-75,20-35,CA,PURCHASE,OWNER,MULTI_2_4,CasaMortgage,2022
LN101095,2021-10,323600.0,3.758,360,740-779,85-95,20-35,TX,PURCHASE,OWNER,SFR,AlphaServ,2021
LN101096,2024-06,271500.0,5.925,240,780+,60-75,<=20,TX,CASHOUT_REFI,OWNER,SFR,BetaLoan,2024
LN101097,2024-02,289300.0,6.71,360,680-739,75-85,>43,OH,PURCHASE,OWNER,SFR,EagleTrust,2024
LN101098,2021-08,134000.0,3.586,180,740-779,60-75,20-35,TX,REFINANCE,OWNER,TOWNHOUSE,DeltaHome,2021
LN101099,2023-01,178500.0,5.799,360,680-739,<=60,20-35,WA,PURCHASE,INVESTOR,TOWNHOUSE,BetaLoan,2023
LN101100,2023-03,559300.0,5.865,360,680-739,75-85,20-35,NC,REFINANCE,OWNER,SFR,BetaLoan,2023
LN101101,2023-02,343300.0,6.78,180,<620,75-85,20-35,GA,PURCHASE,OWNER,SFR,DeltaHome,2023
LN101102,2024-09,181000.0,5.725,360,780+,60-75,20-35,CA,PURCHASE,OWNER,SFR,CasaMortgage,2024
LN101103,2022-01,147000.0,4.079,360,780+,<=60,<=20,IL,PURCHASE,OWNER,TOWNHOUSE,AlphaServ,2022
LN101104,2022-07,202400.0,5.149,360,680-739,60-75,35-43,PA,PURCHASE,OWNER,CONDO,BetaLoan,2022
LN101105,2022-02,221500.0,4.441,360,680-739,60-75,>43,IL,PURCHASE,OWNER,SFR,BetaLoan,2022
LN101106,2022-05,641900.0,5.697,360,<620,75-85,20-35,NC,PURCHASE,OWNER,CONDO,BetaLoan,2022
LN101107,2024-09,234500.0,6.776,360,680-739,60-75,20-35,NC,PURCHASE,OWNER,SFR,AlphaServ,2024
LN101108,2024-10,149400.0,6.447,360,680-739,75-85,20-35,AZ,PURCHASE,OWNER,SFR,CasaMortgage,2024
LN101109,2021-08,248600.0,4.026,180,740-779,75-85,>43,FL,CASHOUT_REFI,OWNER,SFR,CasaMortgage,2021
LN101110,2023-09,287500.0,7.23,360,<620,60-75,20-35,PA,PURCHASE,OWNER,CONDO,DeltaHome,2023
LN101111,2022-04,143500.0,4.343,360,740-779,85-95,<=20,TX,PURCHASE,OWNER,SFR,CasaMortgage,2022
LN101112,2022-03,305900.0,4.294,360,680-739,85-95,35-43,OH,PURCHASE,OWNER,TOWNHOUSE,AlphaServ,2022
LN101113,2022-07,439800.0,4.968,360,740-779,85-95,20-35,GA,PURCHASE,OWNER,TOWNHOUSE,AlphaServ,2022
LN101114,2022-03,271700.0,4.193,360,740-779,75-85,<=20,NY,REFINANCE,OWNER,SFR,BetaLoan,2022
LN101115,2023-03,178300.0,6.508,180,620-679,60-75,>43,CA,CASHOUT_REFI,OWNER,CONDO,BetaLoan,2023
LN101116,2024-12,201200.0,6.353,240,680-739,75-85,<=20,NY,PURCHASE,OWNER,SFR,CasaMortgage,2024
LN101117,2023-07,121000.0,5.822,360,780+,>95,20-35,TX,REFINANCE,OWNER,SFR,AlphaServ,2023
LN101118,2024-01,240300.0,6.388,360,680-739,75-85,35-43,IL,REFINANCE,OWNER,SFR,BetaLoan,2024
LN101119,2023-03,293600.0,6.794,180,<620,85-95,20-35,CA,REFINANCE,OWNER,SFR,AlphaServ,2023
LN101120,2021-07,170500.0,3.763,360,680-739,75-85,<=20,IL,CASHOUT_REFI,OWNER,CONDO,CasaMortgage,2021
LN101121,2021-10,611000.0,4.128,360,680-739,>95,35-43,FL,PURCHASE,OWNER,SFR,AlphaServ,2021
LN101122,2022-06,364600.0,4.46,360,740-779,60-75,35-43,CA,PURCHASE,OWNER,SFR,BetaLoan,2022
LN101123,2022-05,113900.0,4.861,360,740-779,75-85,35-43,GA,PURCHASE,OWNER,SFR,DeltaHome,2022
LN101124,2024-06,115000.0,7.293,360,<620,75-85,20-35,FL,PURCHASE,OWNER,SFR,CasaMortgage,2024
LN101125,2024-06,163900.0,6.47,180,680-739,85-95,<=20,OH,PURCHASE,OWNER,MULTI_2_4,BetaLoan,2024
LN101126,2024-06,518100.0,6.431,360,740-779,85-95,>43,AZ,CASHOUT_REFI,OWNER,CONDO,BetaLoan,2024
LN101127,2023-09,381100.0,5.974,360,740-779,85-95,35-43,PA,PURCHASE,OWNER,CONDO,AlphaServ,2023
LN101128,2023-06,530000.0,7.165,360,<620,85-95,20-35,IL,CASHOUT_REFI,OWNER,SFR,DeltaHome,2023
LN101129,2023-10,256400.0,6.617,360,680-739,75-85,35-43,IL,PURCHASE,OWNER,SFR,BetaLoan,2023
LN101130,2022-12,232300.0,5.813,180,680-739,60-75,<=20,OH,REFINANCE,OWNER,TOWNHOUSE,AlphaServ,2022
LN101131,2023-11,145600.0,6.925,360,620-679,85-95,>43,NY,PURCHASE,OWNER,SFR,BetaLoan,2023
LN101132,2024-04,298700.0,6.573,360,680-739,60-75,35-43,FL,PURCHASE,OWNER,CONDO,AlphaServ,2024
LN101133,2024-03,233700.0,7.658,180,<620,<=60,35-43,CA,REFINANCE,OWNER,SFR,DeltaHome,2024
LN101134,2023-08,229700.0,7.022,360,620-679,<=60,20-35,AZ,PURCHASE,OWNER,CONDO,AlphaServ,2023
LN101135,2021-09,528700.0,3.832,360,740-779,75-85,35-43,CA,CASHOUT_REFI,OWNER,SFR,BetaLoan,2021
LN101136,2024-01,241100.0,7.052,180,620-679,75-85,20-35,FL,PURCHASE,OWNER,SFR,CasaMortgage,2024
LN101137,2022-10,464600.0,5.032,360,740-779,85-95,<=20,TX,PURCHASE,OWNER,MULTI_2_4,AlphaServ,2022
LN101138,2024-02,124900.0,7.679,360,<620,75-85,20-35,CA,REFINANCE,OWNER,MULTI_2_4,BetaLoan,2024
LN101139,2023-05,855700.0,6.052,360,740-779,<=60,>43,TX,PURCHASE,OWNER,SFR,BetaLoan,2023
LN101140,2024-08,215800.0,6.511,180,680-739,60-75,35-43,NY,REFINANCE,SECOND_HOME,TOWNHOUSE,CasaMortgage,2024
LN101141,2022-09,350900.0,4.891,360,740-779,85-95,20-35,OH,PURCHASE,OWNER,SFR,DeltaHome,2022
LN101142,2024-10,376900.0,6.558,360,740-779,85-95,20-35,AZ,REFINANCE,OWNER,SFR,AlphaServ,2024
LN101143,2024-06,204100.0,6.896,360,620-679,85-95,20-35,NC,REFINANCE,OWNER,CONDO,AlphaServ,2024
LN101144,2022-08,369000.0,4.808,360,740-779,<=60,20-35,PA,CASHOUT_REFI,OWNER,SFR,CasaMortgage,2022
LN101145,2023-03,377700.0,6.211,360,620-679,>95,20-35,OH,PURCHASE,OWNER,CONDO,EagleTrust,2023
LN101146,2023-05,185200.0,6.098,180,740-779,85-95,35-43,TX,PURCHASE,OWNER,SFR,EagleTrust,2023
LN101147,2024-03,186200.0,7.39,360,<620,75-85,20-35,PA,PURCHASE,OWNER,SFR,EagleTrust,2024
LN101148,2023-11,260500.0,6.519,360,680-739,85-95,20-35,IL,REFINANCE,OWNER,TOWNHOUSE,DeltaHome,2023
LN101149,2024-06,242300.0,6.976,360,620-679,60-75,20-35,MI,PURCHASE,OWNER,CONDO,AlphaServ,2024
LN101150,2022-10,477800.0,5.352,360,780+,75-85,20-35,CA,CASHOUT_REFI,OWNER,CONDO,DeltaHome,2022
LN101151,2023-04,350200.0,6.454,360,680-739,85-95,20-35,NY,CASHOUT_REFI,INVESTOR,SFR,AlphaServ,2023
LN101152,2023-01,247300.0,5.577,360,740-779,75-85,35-43,FL,CASHOUT_REFI,INVESTOR,SFR,BetaLoan,2023
LN101153,2024-09,335300.0,6.84,180,620-679,<=60,<=20,FL,PURCHASE,OWNER,SFR,CasaMortgage,2024
LN101154,2022-07,101600.0,5.036,360,680-739,75-85,20-35,NC,PURCHASE,OWNER,CONDO,CasaMortgage,2022
LN101155,2023-07,193500.0,6.74,360,620-679,85-95,20-35,PA,PURCHASE,INVESTOR,CONDO,AlphaServ,2023
LN101156,2021-12,290500.0,4.073,360,780+,85-95,20-35,PA,CASHOUT_REFI,OWNER,SFR,DeltaHome,2021
LN101157,2024-06,421600.0,6.755,360,740-779,75-85,35-43,PA,REFINANCE,OWNER,CONDO,AlphaServ,2024
LN101158,2022-11,279300.0,6.026,360,620-679,>95,35-43,PA,PURCHASE,OWNER,TOWNHOUSE,EagleTrust,2022
LN101159,2022-09,492000.0,5.134,360,740-779,<=60,35-43,PA,PURCHASE,OWNER,SFR,BetaLoan,2022
LN101160,2023-07,377200.0,6.706,360,680-739,60-75,20-35,NC,CASHOUT_REFI,INVESTOR,SFR,BetaLoan,2023
LN101161,2023-03,204900.0,7.037,360,<620,60-75,<=20,MI,PURCHASE,OWNER,SFR,AlphaServ,2023
LN101162,2024-06,239700.0,6.448,360,680-739,85-95,20-35,TX,REFINANCE,OWNER,SFR,EagleTrust,2024
LN101163,2023-05,306800.0,6.6,360,620-679,85-95,35-43,WA,REFINANCE,OWNER,SFR,CasaMortgage,2023
LN101164,2023-04,208600.0,6.536,360,620-679,85-95,<=20,IL,PURCHASE,OWNER,TOWNHOUSE,CasaMortgage,2023
LN101165,2021-11,508400.0,3.797,360,740-779,85-95,35-43,TX,PURCHASE,OWNER,MULTI_2_4,CasaMortgage,2021
LN101166,2021-07,155000.0,4.462,360,620-679,75-85,>43,NY,CASHOUT_REFI,OWNER,CONDO,DeltaHome,2021
LN101167,2022-11,294300.0,4.796,180,780+,60-75,35-43,PA,PURCHASE,OWNER,SFR,BetaLoan,2022
LN101168,2024-12,355400.0,6.132,240,680-739,75-85,20-35,NC,REFINANCE,OWNER,SFR,EagleTrust,2024
LN101169,2024-09,221700.0,6.251,360,740-779,75-85,35-43,CA,CASHOUT_REFI,OWNER,SFR,AlphaServ,2024
LN101170,2023-09,200300.0,6.115,360,740-779,75-85,20-35,NY,PURCHASE,OWNER,SFR,DeltaHome,2023
LN101171,2023-09,246700.0,6.277,360,780+,60-75,>43,MI,PURCHASE,OWNER,SFR,CasaMortgage,2023
LN101172,2022-11,367800.0,5.486,360,680-739,75-85,20-35,NC,REFINANCE,OWNER,SFR,EagleTrust,2022
LN101173,2022-02,203800.0,4.505,360,680-739,75-85,35-43,TX,PURCHASE,SECOND_HOME,SFR,DeltaHome,2022
LN101174,2021-07,157800.0,3.982,360,680-739,<=60,<=20,MI,PURCHASE,OWNER,SFR,EagleTrust,2021
LN101175,2022-09,428400.0,4.466,240,780+,>95,35-43,NC,PURCHASE,OWNER,MULTI_2_4,CasaMortgage,2022
LN101176,2022-08,305500.0,5.548,360,620-679,<=60,20-35,TX,CASHOUT_REFI,OWNER,CONDO,CasaMortgage,2022
LN101177,2022-03,401700.0,4.286,240,740-779,>95,<=20,FL,REFINANCE,OWNER,SFR,BetaLoan,2022
LN101178,2022-05,359200.0,4.367,360,740-779,<=60,20-35,NY,PURCHASE,OWNER,SFR,BetaLoan,2022
LN101179,2021-08,680700.0,4.056,360,680-739,85-95,<=20,NC,PURCHASE,OWNER,MULTI_2_4,CasaMortgage,2021
LN101180,2023-08,421600.0,6.084,360,780+,75-85,20-35,WA,CASHOUT_REFI,OWNER,SFR,AlphaServ,2023
LN101181,2024-09,184300.0,6.917,360,620-679,60-75,>43,WA,REFINANCE,OWNER,SFR,AlphaServ,2024
LN101182,2023-12,315400.0,7.182,360,620-679,60-75,<=20,NC,PURCHASE,OWNER,SFR,BetaLoan,2023
LN101183,2023-01,198600.0,5.569,360,740-779,60-75,35-43,NY,REFINANCE,OWNER,SFR,DeltaHome,2023
LN101184,2022-12,208100.0,5.897,360,680-739,85-95,<=20,CA,PURCHASE,OWNER,MULTI_2_4,AlphaServ,2022
LN101185,2022-07,135200.0,6.208,240,<620,60-75,35-43,OH,PURCHASE,OWNER,SFR,AlphaServ,2022
LN101186,2021-12,224400.0,5.035,180,<620,60-75,>43,IL,CASHOUT_REFI,OWNER,CONDO,DeltaHome,2021
LN101187,2023-08,326200.0,7.009,240,620-679,85-95,20-35,NC,PURCHASE,OWNER,CONDO,BetaLoan,2023
LN101188,2023-06,247800.0,6.238,360,740-779,75-85,>43,WA,PURCHASE,OWNER,SFR,BetaLoan,2023
LN101189,2021-07,155600.0,3.754,360,780+,75-85,35-43,TX,PURCHASE,OWNER,MULTI_2_4,AlphaServ,2021
LN101190,2022-12,128600.0,5.659,360,680-739,<=60,20-35,FL,PURCHASE,OWNER,SFR,CasaMortgage,2022
LN101191,2022-06,660200.0,4.796,360,620-679,75-85,<=20,OH,CASHOUT_REFI,OWNER,CONDO,CasaMortgage,2022
LN101192,2022-02,295500.0,4.895,360,680-739,60-75,>43,FL,PURCHASE,OWNER,SFR,AlphaServ,2022
LN101193,2023-12,176200.0,5.771,360,780+,75-85,35-43,TX,REFINANCE,OWNER,SFR,CasaMortgage,2023
LN101194,2023-05,314200.0,6.286,360,740-779,60-75,<=20,OH,REFINANCE,OWNER,SFR,EagleTrust,2023
LN101195,2023-09,683600.0,6.251,360,680-739,>95,<=20,CA,REFINANCE,OWNER,SFR,BetaLoan,2023
LN101196,2023-12,337500.0,6.727,360,620-679,75-85,20-35,FL,REFINANCE,OWNER,CONDO,AlphaServ,2023
LN101197,2024-12,72800.0,6.009,360,780+,75-85,<=20,WA,REFINANCE,OWNER,SFR,DeltaHome,2024
LN101198,2024-04,842000.0,6.291,360,740-779,85-95,20-35,IL,PURCHASE,OWNER,SFR,AlphaServ,2024
LN101199,2023-09,111100.0,7.754,360,<620,>95,>43,CA,PURCHASE,INVESTOR,SFR,AlphaServ,2023
LN101200,2024-07,232700.0,6.177,360,740-779,85-95,35-43,PA,CASHOUT_REFI,OWNER,SFR,CasaMortgage,2024
LN101201,2023-03,153300.0,6.616,360,620-679,75-85,20-35,TX,PURCHASE,OWNER,SFR,DeltaHome,2023
LN101202,2024-12,183000.0,7.487,360,<620,85-95,20-35,TX,PURCHASE,OWNER,SFR,BetaLoan,2024
LN101203,2024-02,290100.0,6.128,360,740-779,60-75,20-35,WA,PURCHASE,OWNER,SFR,CasaMortgage,2024
LN101204,2023-10,100500.0,6.599,360,680-739,85-95,>43,MI,PURCHASE,OWNER,CONDO,CasaMortgage,2023
LN101205,2024-08,245100.0,6.57,360,680-739,85-95,35-43,FL,PURCHASE,OWNER,SFR,CasaMortgage,2024
LN101206,2023-04,427800.0,5.858,180,780+,75-85,35-43,GA,PURCHASE,OWNER,SFR,AlphaServ,2023
LN101207,2024-01,174700.0,6.235,360,740-779,85-95,35-43,IL,PURCHASE,OWNER,SFR,AlphaServ,2024
LN101208,2022-06,136500.0,6.06,360,<620,85-95,20-35,AZ,REFINANCE,OWNER,SFR,CasaMortgage,2022
LN101209,2024-11,239700.0,6.592,360,680-739,85-95,<=20,OH,CASHOUT_REFI,OWNER,SFR,EagleTrust,2024
LN101210,2023-09,219200.0,5.944,360,740-779,>95,35-43,GA,PURCHASE,OWNER,CONDO,EagleTrust,2023
LN101211,2024-03,195300.0,6.278,360,680-739,85-95,35-43,CA,CASHOUT_REFI,SECOND_HOME,SFR,DeltaHome,2024
LN101212,2023-02,149500.0,5.777,360,780+,60-75,35-43,TX,PURCHASE,OWNER,SFR,EagleTrust,2023
LN101213,2024-07,322400.0,6.286,360,740-779,60-75,35-43,CA,PURCHASE,INVESTOR,SFR,AlphaServ,2024
LN101214,2021-10,333700.0,4.569,360,620-679,75-85,20-35,OH,PURCHASE,OWNER,CONDO,AlphaServ,2021
LN101215,2021-11,158000.0,4.68,360,620-679,60-75,20-35,OH,REFINANCE,OWNER,SFR,AlphaServ,2021
LN101216,2023-04,168200.0,5.638,360,780+,85-95,35-43,FL,CASHOUT_REFI,OWNER,MULTI_2_4,CasaMortgage,2023
LN101217,2024-01,271400.0,6.095,360,780+,85-95,20-35,TX,PURCHASE,OWNER,SFR,BetaLoan,2024
LN101218,2024-04,165300.0,7.21,360,<620,60-75,<=20,NY,REFINANCE,OWNER,SFR,EagleTrust,2024
LN101219,2023-01,276600.0,6.401,360,620-679,>95,35-43,CA,REFINANCE,OWNER,SFR,AlphaServ,2023
LN101220,2023-10,494200.0,6.23,360,740-779,85-95,20-35,PA,PURCHASE,OWNER,SFR,AlphaServ,2023
LN101221,2023-06,248500.0,7.327,360,<620,>95,35-43,PA,PURCHASE,OWNER,SFR,AlphaServ,2023
LN101222,2024-11,147800.0,7.325,360,<620,60-75,20-35,OH,PURCHASE,OWNER,SFR,AlphaServ,2024
LN101223,2023-10,304500.0,5.998,360,780+,75-85,35-43,AZ,PURCHASE,INVESTOR,TOWNHOUSE,BetaLoan,2023
LN101224,2022-12,235600.0,5.15,360,740-779,75-85,>43,GA,REFINANCE,OWNER,SFR,BetaLoan,2022
LN101225,2024-11,238600.0,6.225,360,780+,85-95,20-35,IL,PURCHASE,OWNER,SFR,AlphaServ,2024
LN101226,2021-11,316100.0,3.913,360,740-779,>95,>43,OH,CASHOUT_REFI,OWNER,SFR,CasaMortgage,2021
LN101227,2024-12,348400.0,6.464,360,620-679,85-95,35-43,CA,REFINANCE,OWNER,SFR,AlphaServ,2024
LN101228,2022-01,259400.0,3.807,180,780+,60-75,35-43,TX,PURCHASE,OWNER,SFR,AlphaServ,2022
LN101229,2022-07,248400.0,5.094,360,680-739,75-85,35-43,OH,PURCHASE,OWNER,CONDO,BetaLoan,2022
LN101230,2024-05,646000.0,7.271,360,620-679,85-95,<=20,CA,REFINANCE,OWNER,TOWNHOUSE,EagleTrust,2024
LN101231,2024-01,438100.0,5.811,180,780+,<=60,20-35,PA,REFINANCE,OWNER,CONDO,EagleTrust,2024
LN101232,2024-11,371400.0,6.46,360,740-779,>95,<=20,TX,REFINANCE,OWNER,CONDO,AlphaServ,2024
LN101233,2024-02,270800.0,6.216,360,780+,85-95,35-43,NY,PURCHASE,OWNER,SFR,AlphaServ,2024
LN101234,2023-09,162300.0,6.781,180,620-679,85-95,<=20,IL,CASHOUT_REFI,OWNER,SFR,CasaMortgage,2023
LN101235,2022-09,423900.0,4.962,360,780+,>95,<=20,CA,PURCHASE,INVESTOR,CONDO,DeltaHome,2022
LN101236,2021-07,272400.0,3.818,180,740-779,60-75,>43,TX,REFINANCE,OWNER,SFR,BetaLoan,2021
LN101237,2021-12,196900.0,3.898,180,740-779,75-85,>43,IL,PURCHASE,INVESTOR,TOWNHOUSE,CasaMortgage,2021
LN101238,2022-07,228800.0,4.724,360,780+,75-85,35-43,CA,REFINANCE,OWNER,TOWNHOUSE,CasaMortgage,2022
LN101239,2021-08,165300.0,4.346,360,680-739,85-95,20-35,TX,PURCHASE,OWNER,SFR,CasaMortgage,2021
LN101240,2023-04,410800.0,5.592,360,740-779,85-95,35-43,CA,PURCHASE,OWNER,SFR,EagleTrust,2023
LN101241,2024-03,347100.0,6.663,360,680-739,<=60,>43,IL,PURCHASE,INVESTOR,SFR,CasaMortgage,2024
LN101242,2024-11,277000.0,6.195,360,740-779,75-85,<=20,PA,CASHOUT_REFI,OWNER,SFR,AlphaServ,2024
LN101243,2023-03,250400.0,5.636,360,780+,60-75,<=20,PA,PURCHASE,OWNER,SFR,EagleTrust,2023
LN101244,2024-07,187900.0,6.236,360,740-779,75-85,>43,FL,PURCHASE,OWNER,SFR,BetaLoan,2024
LN101245,2024-12,97900.0,7.668,360,<620,>95,<=20,NC,PURCHASE,OWNER,CONDO,AlphaServ,2024
LN101246,2024-07,135200.0,6.657,240,620-679,60-75,35-43,WA,PURCHASE,SECOND_HOME,SFR,CasaMortgage,2024
LN101247,2023-02,182700.0,5.479,360,780+,<=60,20-35,NY,CASHOUT_REFI,OWNER,MULTI_2_4,DeltaHome,2023
LN101248,2022-08,170800.0,4.565,360,780+,75-85,20-35,AZ,PURCHASE,OWNER,SFR,CasaMortgage,2022
LN101249,2024-12,290700.0,5.953,360,780+,85-95,<=20,MI,CASHOUT_REFI,OWNER,CONDO,AlphaServ,2024
LN101250,2022-05,367800.0,5.32,360,<620,60-75,35-43,TX,PURCHASE,OWNER,SFR,BetaLoan,2022
LN101251,2022-12,240900.0,5.937,360,680-739,<=60,35-43,NY,PURCHASE,OWNER,SFR,DeltaHome,2022
LN101252,2021-10,481200.0,3.627,360,740-779,75-85,>43,WA,REFINANCE,INVESTOR,SFR,BetaLoan,2021
LN101253,2024-04,179500.0,6.384,360,740-779,75-85,20-35,TX,PURCHASE,INVESTOR,TOWNHOUSE,AlphaServ,2024
LN101254,2023-10,240100.0,6.798,360,620-679,60-75,>43,CA,REFINANCE,INVESTOR,CONDO,EagleTrust,2023
LN101255,2021-10,249500.0,3.829,360,740-779,85-95,20-35,TX,PURCHASE,OWNER,SFR,AlphaServ,2021
LN101256,2022-04,417300.0,5.158,360,620-679,85-95,20-35,CA,PURCHASE,OWNER,SFR,AlphaServ,2022
LN101257,2023-06,267700.0,6.522,360,680-739,75-85,>43,CA,PURCHASE,OWNER,SFR,CasaMortgage,2023
LN101258,2023-05,271100.0,6.388,360,620-679,<=60,<=20,NY,PURCHASE,OWNER,SFR,BetaLoan,2023
LN101259,2024-04,121200.0,7.428,360,<620,75-85,20-35,MI,REFINANCE,INVESTOR,MULTI_2_4,EagleTrust,2024
LN101260,2022-06,170300.0,5.342,360,620-679,60-75,<=20,TX,PURCHASE,OWNER,SFR,DeltaHome,2022
LN101261,2024-09,418000.0,6.06,180,780+,75-85,35-43,PA,PURCHASE,OWNER,SFR,BetaLoan,2024
LN101262,2023-01,100300.0,5.684,360,740-779,85-95,35-43,WA,PURCHASE,OWNER,SFR,BetaLoan,2023
LN101263,2024-05,467100.0,6.375,240,780+,<=60,>43,IL,PURCHASE,INVESTOR,SFR,DeltaHome,2024
LN101264,2022-05,319600.0,4.648,240,680-739,<=60,<=20,WA,PURCHASE,SECOND_HOME,SFR,DeltaHome,2022
LN101265,2021-08,182300.0,3.943,360,680-739,<=60,20-35,OH,PURCHASE,SECOND_HOME,CONDO,CasaMortgage,2021
LN101266,2021-09,175500.0,4.232,360,680-739,<=60,20-35,CA,PURCHASE,OWNER,SFR,CasaMortgage,2021
LN101267,2022-10,599100.0,4.925,360,740-779,60-75,>43,CA,REFINANCE,INVESTOR,CONDO,DeltaHome,2022
LN101268,2024-11,481700.0,7.009,360,620-679,75-85,20-35,IL,REFINANCE,INVESTOR,CONDO,AlphaServ,2024
LN101269,2021-09,241900.0,3.823,360,740-779,85-95,20-35,AZ,CASHOUT_REFI,OWNER,CONDO,AlphaServ,2021
LN101270,2022-10,271200.0,5.109,360,740-779,<=60,20-35,CA,PURCHASE,INVESTOR,SFR,BetaLoan,2022
LN101271,2021-11,190800.0,3.861,360,780+,60-75,20-35,OH,PURCHASE,OWNER,TOWNHOUSE,BetaLoan,2021
LN101272,2024-10,271200.0,6.86,360,620-679,>95,35-43,PA,PURCHASE,OWNER,SFR,AlphaServ,2024
LN101273,2023-11,188500.0,7.12,360,680-739,75-85,20-35,WA,REFINANCE,OWNER,SFR,CasaMortgage,2023
LN101274,2024-03,246400.0,6.944,360,620-679,85-95,35-43,AZ,PURCHASE,OWNER,CONDO,BetaLoan,2024
LN101275,2023-12,576500.0,7.319,360,<620,75-85,20-35,CA,REFINANCE,OWNER,SFR,AlphaServ,2023
LN101276,2023-10,244500.0,6.607,360,740-779,<=60,<=20,CA,PURCHASE,OWNER,SFR,DeltaHome,2023
LN101277,2024-03,159300.0,6.592,360,680-739,60-75,35-43,TX,REFINANCE,OWNER,SFR,BetaLoan,2024
LN101278,2021-07,138000.0,3.569,360,740-779,85-95,35-43,TX,REFINANCE,OWNER,SFR,BetaLoan,2021
LN101279,2024-07,270300.0,7.465,360,<620,85-95,20-35,PA,PURCHASE,OWNER,SFR,DeltaHome,2024
LN101280,2024-02,181200.0,6.416,360,780+,75-85,35-43,GA,PURCHASE,OWNER,SFR,BetaLoan,2024
LN101281,2024-02,285200.0,6.133,240,780+,75-85,35-43,WA,PURCHASE,OWNER,SFR,BetaLoan,2024
LN101282,2022-11,123200.0,5.41,360,680-739,75-85,35-43,NY,PURCHASE,SECOND_HOME,SFR,CasaMortgage,2022
LN101283,2024-04,348200.0,6.474,360,740-779,<=60,35-43,NY,PURCHASE,OWNER,MULTI_2_4,EagleTrust,2024
LN101284,2022-11,158400.0,6.09,360,620-679,<=60,35-43,TX,PURCHASE,INVESTOR,SFR,CasaMortgage,2022
LN101285,2021-09,260600.0,3.942,360,740-779,>95,20-35,NY,PURCHASE,OWNER,SFR,EagleTrust,2021
LN101286,2024-09,219200.0,5.973,360,740-779,<=60,<=20,MI,REFINANCE,OWNER,SFR,EagleTrust,2024
LN101287,2022-04,553100.0,4.163,360,740-779,60-75,20-35,NC,REFINANCE,OWNER,TOWNHOUSE,DeltaHome,2022
LN101288,2021-11,275700.0,3.655,240,740-779,85-95,20-35,MI,CASHOUT_REFI,OWNER,SFR,CasaMortgage,2021
LN101289,2023-09,612600.0,6.399,240,680-739,75-85,35-43,PA,CASHOUT_REFI,OWNER,SFR,BetaLoan,2023
LN101290,2022-04,328500.0,4.616,360,740-779,>95,35-43,CA,REFINANCE,OWNER,SFR,BetaLoan,2022
LN101291,2024-07,484800.0,5.959,360,740-779,<=60,<=20,TX,REFINANCE,SECOND_HOME,SFR,CasaMortgage,2024
LN101292,2023-01,232400.0,6.016,240,620-679,85-95,>43,GA,PURCHASE,INVESTOR,SFR,BetaLoan,2023
LN101293,2021-07,298200.0,4.151,360,620-679,<=60,>43,NY,REFINANCE,OWNER,SFR,BetaLoan,2021
LN101294,2024-10,441700.0,6.388,360,740-779,60-75,<=20,CA,PURCHASE,OWNER,SFR,DeltaHome,2024
LN101295,2023-04,383600.0,6.181,360,740-779,75-85,20-35,CA,REFINANCE,SECOND_HOME,TOWNHOUSE,DeltaHome,2023
LN101296,2022-06,324100.0,4.938,360,680-739,85-95,20-35,WA,PURCHASE,OWNER,SFR,AlphaServ,2022
LN101297,2023-11,220200.0,6.114,360,780+,75-85,>43,PA,REFINANCE,OWNER,CONDO,CasaMortgage,2023
LN101298,2023-05,237600.0,5.92,360,740-779,60-75,20-35,FL,REFINANCE,OWNER,MULTI_2_4,EagleTrust,2023
LN101299,2021-08,425900.0,4.06,240,680-739,75-85,35-43,GA,PURCHASE,OWNER,TOWNHOUSE,DeltaHome,2021
LN101300,2024-02,467700.0,6.712,360,680-739,<=60,>43,CA,REFINANCE,OWNER,TOWNHOUSE,AlphaServ,2024
LN101301,2022-11,195500.0,5.111,360,740-779,85-95,35-43,CA,PURCHASE,SECOND_HOME,CONDO,DeltaHome,2022
LN101302,2023-12,182600.0,6.368,360,740-779,>95,35-43,FL,REFINANCE,OWNER,SFR,DeltaHome,2023
LN101303,2024-08,169900.0,6.526,360,680-739,85-95,20-35,FL,REFINANCE,OWNER,SFR,AlphaServ,2024
LN101304,2023-08,370800.0,6.408,360,680-739,75-85,20-35,WA,REFINANCE,OWNER,SFR,EagleTrust,2023
LN101305,2023-11,168000.0,6.127,360,740-779,75-85,20-35,CA,REFINANCE,OWNER,SFR,BetaLoan,2023
LN101306,2022-05,368800.0,4.087,360,740-779,75-85,>43,OH,PURCHASE,OWNER,SFR,CasaMortgage,2022
LN101307,2022-04,326300.0,4.286,360,780+,<=60,<=20,PA,REFINANCE,OWNER,SFR,AlphaServ,2022
LN101308,2022-12,199700.0,6.585,360,<620,75-85,20-35,CA,CASHOUT_REFI,OWNER,CONDO,AlphaServ,2022
LN101309,2024-06,515900.0,6.288,360,740-779,75-85,35-43,OH,PURCHASE,OWNER,SFR,BetaLoan,2024
LN101310,2023-05,132200.0,6.568,360,680-739,85-95,<=20,FL,REFINANCE,OWNER,TOWNHOUSE,AlphaServ,2023
LN101311,2022-09,538600.0,6.224,360,<620,60-75,35-43,TX,PURCHASE,OWNER,SFR,CasaMortgage,2022
LN101312,2024-03,294600.0,6.461,360,680-739,85-95,<=20,TX,PURCHASE,INVESTOR,SFR,AlphaServ,2024
LN101313,2024-06,100400.0,6.022,360,740-779,85-95,<=20,PA,PURCHASE,INVESTOR,SFR,AlphaServ,2024
LN101314,2024-08,522500.0,6.524,360,680-739,>95,20-35,IL,REFINANCE,INVESTOR,SFR,CasaMortgage,2024
LN101315,2022-07,395300.0,4.796,360,740-779,>95,35-43,CA,PURCHASE,OWNER,SFR,BetaLoan,2022
LN101316,2023-12,210500.0,6.291,360,680-739,<=60,<=20,NY,REFINANCE,INVESTOR,TOWNHOUSE,AlphaServ,2023
LN101317,2023-07,165400.0,6.955,360,620-679,75-85,20-35,PA,PURCHASE,OWNER,CONDO,AlphaServ,2023
LN101318,2023-01,126000.0,5.757,360,680-739,85-95,35-43,NC,PURCHASE,OWNER,CONDO,BetaLoan,2023
LN101319,2022-11,756900.0,5.543,360,680-739,85-95,20-35,WA,CASHOUT_REFI,OWNER,SFR,BetaLoan,2022
LN101320,2021-11,168500.0,3.928,360,740-779,<=60,20-35,MI,PURCHASE,OWNER,SFR,EagleTrust,2021
LN101321,2022-06,144600.0,4.132,360,780+,75-85,20-35,TX,PURCHASE,OWNER,SFR,CasaMortgage,2022
LN101322,2023-06,288000.0,5.902,180,740-779,85-95,>43,CA,PURCHASE,INVESTOR,SFR,AlphaServ,2023
LN101323,2024-08,122100.0,7.054,360,620-679,60-75,35-43,IL,PURCHASE,OWNER,SFR,EagleTrust,2024
LN101324,2024-07,164100.0,6.976,360,620-679,60-75,<=20,NY,REFINANCE,OWNER,SFR,EagleTrust,2024
LN101325,2022-02,399400.0,4.761,360,620-679,75-85,35-43,OH,PURCHASE,OWNER,CONDO,DeltaHome,2022
LN101326,2023-11,314500.0,6.165,360,740-779,75-85,20-35,NC,REFINANCE,OWNER,TOWNHOUSE,CasaMortgage,2023
LN101327,2021-10,214500.0,4.675,360,620-679,75-85,20-35,TX,PURCHASE,OWNER,TOWNHOUSE,DeltaHome,2021
LN101328,2023-11,257400.0,6.778,360,680-739,<=60,20-35,WA,REFINANCE,OWNER,SFR,BetaLoan,2023
LN101329,2022-09,209200.0,4.964,240,740-779,85-95,35-43,IL,PURCHASE,OWNER,SFR,AlphaServ,2022
LN101330,2023-01,248200.0,5.368,360,740-779,<=60,35-43,NC,PURCHASE,OWNER,CONDO,BetaLoan,2023
LN101331,2024-01,181200.0,7.412,180,620-679,85-95,20-35,NY,REFINANCE,OWNER,SFR,DeltaHome,2024
LN101332,2022-12,196600.0,5.887,360,680-739,<=60,<=20,NC,PURCHASE,OWNER,SFR,BetaLoan,2022
LN101333,2024-04,193900.0,6.578,180,680-739,85-95,35-43,WA,PURCHASE,OWNER,SFR,BetaLoan,2024
LN101334,2023-05,184100.0,6.116,360,680-739,60-75,20-35,CA,REFINANCE,INVESTOR,SFR,AlphaServ,2023
LN101335,2024-12,408300.0,7.701,360,<620,75-85,20-35,NY,CASHOUT_REFI,OWNER,CONDO,DeltaHome,2024
LN101336,2023-09,361000.0,5.805,360,780+,60-75,>43,NC,PURCHASE,OWNER,CONDO,CasaMortgage,2023
LN101337,2022-07,167800.0,5.023,360,680-739,75-85,>43,PA,REFINANCE,OWNER,SFR,BetaLoan,2022
LN101338,2024-03,149100.0,6.719,360,680-739,60-75,>43,GA,REFINANCE,OWNER,SFR,BetaLoan,2024
LN101339,2022-12,237800.0,6.141,180,620-679,<=60,35-43,TX,CASHOUT_REFI,OWNER,SFR,CasaMortgage,2022
LN101340,2023-05,673300.0,6.054,360,680-739,85-95,20-35,GA,REFINANCE,INVESTOR,TOWNHOUSE,AlphaServ,2023
LN101341,2021-12,160700.0,4.223,360,680-739,<=60,20-35,GA,PURCHASE,OWNER,SFR,AlphaServ,2021
LN101342,2021-12,237400.0,4.293,180,680-739,>95,>43,CA,CASHOUT_REFI,OWNER,TOWNHOUSE,AlphaServ,2021
LN101343,2023-07,265600.0,5.85,180,740-779,75-85,20-35,GA,PURCHASE,SECOND_HOME,SFR,AlphaServ,2023
LN101344,2022-02,243100.0,4.42,360,680-739,<=60,20-35,OH,PURCHASE,OWNER,MULTI_2_4,AlphaServ,2022
LN101345,2024-12,207700.0,6.257,360,780+,>95,<=20,FL,PURCHASE,INVESTOR,MULTI_2_4,AlphaServ,2024
LN101346,2024-06,429200.0,6.425,180,780+,<=60,35-43,TX,PURCHASE,OWNER,MULTI_2_4,DeltaHome,2024
LN101347,2023-12,313200.0,6.912,360,620-679,85-95,20-35,MI,PURCHASE,INVESTOR,SFR,AlphaServ,2023
LN101348,2024-01,373500.0,7.46,360,<620,60-75,35-43,CA,PURCHASE,OWNER,TOWNHOUSE,DeltaHome,2024
LN101349,2023-07,332800.0,6.024,360,740-779,75-85,35-43,FL,REFINANCE,OWNER,SFR,CasaMortgage,2023
LN101350,2021-09,381700.0,3.252,360,780+,85-95,20-35,NC,REFINANCE,OWNER,SFR,AlphaServ,2021
LN101351,2022-11,520700.0,5.155,360,780+,<=60,35-43,TX,PURCHASE,OWNER,SFR,BetaLoan,2022
LN101352,2023-03,464600.0,6.995,360,<620,85-95,35-43,CA,REFINANCE,OWNER,CONDO,CasaMortgage,2023
LN101353,2024-09,726600.0,7.151,360,620-679,60-75,<=20,WA,CASHOUT_REFI,OWNER,SFR,AlphaServ,2024
LN101354,2022-04,441400.0,5.741,180,<620,85-95,<=20,OH,PURCHASE,OWNER,SFR,AlphaServ,2022
LN101355,2023-03,188900.0,5.658,360,780+,60-75,35-43,TX,PURCHASE,OWNER,SFR,AlphaServ,2023
LN101356,2022-09,373700.0,5.11,360,740-779,<=60,20-35,CA,CASHOUT_REFI,OWNER,CONDO,DeltaHome,2022
LN101357,2021-12,351400.0,4.108,360,680-739,60-75,20-35,CA,PURCHASE,OWNER,SFR,AlphaServ,2021
LN101358,2021-11,605700.0,4.263,360,680-739,75-85,>43,MI,PURCHASE,INVESTOR,SFR,CasaMortgage,2021
LN101359,2022-10,165200.0,5.583,360,620-679,>95,<=20,FL,PURCHASE,INVESTOR,SFR,AlphaServ,2022
LN101360,2021-10,328100.0,3.807,180,740-779,>95,20-35,TX,CASHOUT_REFI,OWNER,SFR,CasaMortgage,2021
LN101361,2021-09,187900.0,5.323,360,<620,85-95,20-35,AZ,PURCHASE,OWNER,SFR,AlphaServ,2021
LN101362,2022-09,321500.0,5.091,360,740-779,85-95,20-35,NC,CASHOUT_REFI,INVESTOR,SFR,BetaLoan,2022
LN101363,2022-03,231700.0,4.298,360,740-779,85-95,20-35,PA,REFINANCE,OWNER,SFR,DeltaHome,2022
LN101364,2023-06,316700.0,5.99,360,740-779,75-85,20-35,GA,PURCHASE,OWNER,SFR,DeltaHome,2023
LN101365,2021-07,135300.0,4.054,360,680-739,60-75,35-43,AZ,CASHOUT_REFI,OWNER,SFR,BetaLoan,2021
LN101366,2022-07,364700.0,4.55,360,780+,85-95,35-43,FL,PURCHASE,OWNER,SFR,AlphaServ,2022
LN101367,2023-02,280100.0,5.658,360,740-779,60-75,20-35,CA,REFINANCE,OWNER,SFR,DeltaHome,2023
LN101368,2024-11,273300.0,7.539,360,<620,85-95,>43,CA,PURCHASE,OWNER,TOWNHOUSE,BetaLoan,2024
LN101369,2023-09,613900.0,7.224,180,620-679,75-85,<=20,CA,CASHOUT_REFI,OWNER,SFR,AlphaServ,2023
LN101370,2024-07,214900.0,6.852,360,680-739,60-75,20-35,PA,PURCHASE,SECOND_HOME,SFR,EagleTrust,2024
LN101371,2022-09,297800.0,5.219,360,680-739,85-95,35-43,GA,PURCHASE,INVESTOR,CONDO,BetaLoan,2022
LN101372,2023-01,267000.0,6.118,360,620-679,<=60,35-43,CA,REFINANCE,INVESTOR,SFR,EagleTrust,2023
LN101373,2022-12,279000.0,6.011,360,620-679,>95,>43,CA,CASHOUT_REFI,OWNER,SFR,BetaLoan,2022
LN101374,2024-08,693700.0,6.868,240,620-679,>95,20-35,NC,CASHOUT_REFI,OWNER,SFR,BetaLoan,2024
LN101375,2024-11,262700.0,6.209,240,680-739,75-85,>43,NY,PURCHASE,OWNER,SFR,BetaLoan,2024
LN101376,2024-11,197700.0,6.543,360,680-739,85-95,<=20,MI,PURCHASE,INVESTOR,TOWNHOUSE,BetaLoan,2024
LN101377,2024-02,592400.0,6.913,360,620-679,<=60,<=20,WA,PURCHASE,OWNER,MULTI_2_4,BetaLoan,2024
LN101378,2023-04,222200.0,5.839,360,740-779,75-85,20-35,MI,PURCHASE,OWNER,SFR,DeltaHome,2023
LN101379,2023-05,124000.0,6.136,360,680-739,85-95,35-43,TX,CASHOUT_REFI,OWNER,SFR,AlphaServ,2023
LN101380,2024-12,182900.0,6.905,360,620-679,<=60,<=20,GA,REFINANCE,OWNER,SFR,AlphaServ,2024
LN101381,2022-06,145700.0,5.173,360,620-679,60-75,20-35,OH,REFINANCE,OWNER,SFR,DeltaHome,2022
LN101382,2022-09,113600.0,4.884,360,740-779,60-75,>43,PA,REFINANCE,SECOND_HOME,SFR,EagleTrust,2022
LN101383,2024-08,216800.0,6.442,360,780+,85-95,35-43,TX,PURCHASE,INVESTOR,SFR,BetaLoan,2024
LN101384,2022-11,247300.0,5.355,360,680-739,85-95,20-35,NC,PURCHASE,OWNER,SFR,AlphaServ,2022
LN101385,2022-04,434200.0,6.114,360,<620,<=60,<=20,OH,CASHOUT_REFI,OWNER,SFR,AlphaServ,2022
LN101386,2023-06,338800.0,6.055,360,680-739,60-75,35-43,IL,PURCHASE,SECOND_HOME,CONDO,CasaMortgage,2023
LN101387,2022-08,331900.0,5.41,360,620-679,85-95,>43,FL,REFINANCE,OWNER,MULTI_2_4,DeltaHome,2022
LN101388,2024-08,170800.0,6.056,360,740-779,60-75,35-43,CA,PURCHASE,OWNER,TOWNHOUSE,CasaMortgage,2024
LN101389,2024-09,380100.0,7.397,360,<620,60-75,<=20,PA,PURCHASE,OWNER,SFR,DeltaHome,2024
LN101390,2022-07,477400.0,3.913,360,780+,60-75,20-35,CA,PURCHASE,OWNER,SFR,BetaLoan,2022
LN101391,2023-05,304800.0,6.104,360,740-779,85-95,20-35,FL,PURCHASE,OWNER,TOWNHOUSE,EagleTrust,2023
LN101392,2024-12,308700.0,6.346,360,680-739,<=60,>43,IL,REFINANCE,SECOND_HOME,MULTI_2_4,CasaMortgage,2024
LN101393,2024-02,144500.0,6.344,360,740-779,60-75,35-43,FL,CASHOUT_REFI,OWNER,CONDO,CasaMortgage,2024
LN101394,2022-04,410200.0,5.863,360,<620,75-85,35-43,GA,PURCHASE,OWNER,SFR,CasaMortgage,2022
LN101395,2023-07,568900.0,5.968,180,740-779,<=60,20-35,FL,CASHOUT_REFI,OWNER,SFR,AlphaServ,2023
LN101396,2023-09,295200.0,6.93,360,620-679,>95,<=20,IL,PURCHASE,OWNER,SFR,DeltaHome,2023
LN101397,2023-10,195300.0,5.833,180,780+,85-95,35-43,CA,PURCHASE,OWNER,SFR,AlphaServ,2023
LN101398,2021-08,237300.0,4.243,360,680-739,75-85,35-43,NY,REFINANCE,OWNER,SFR,AlphaServ,2021
LN101399,2022-07,211300.0,5.986,180,<620,75-85,<=20,OH,PURCHASE,OWNER,CONDO,EagleTrust,2022
LN101400,2024-06,217000.0,6.075,180,740-779,60-75,35-43,PA,PURCHASE,OWNER,CONDO,AlphaServ,2024
LN101401,2022-05,341700.0,5.912,360,<620,75-85,<=20,TX,PURCHASE,OWNER,SFR,EagleTrust,2022
LN101402,2022-07,289500.0,5.404,180,620-679,60-75,35-43,FL,PURCHASE,INVESTOR,TOWNHOUSE,DeltaHome,2022
LN101403,2022-08,401000.0,4.829,360,740-779,75-85,35-43,TX,CASHOUT_REFI,OWNER,CONDO,CasaMortgage,2022
LN101404,2022-02,301600.0,4.578,360,680-739,60-75,<=20,CA,PURCHASE,OWNER,SFR,DeltaHome,2022
LN101405,2022-01,173000.0,4.055,360,780+,85-95,35-43,NY,PURCHASE,OWNER,CONDO,DeltaHome,2022
LN101406,2022-09,203800.0,4.813,240,740-779,60-75,20-35,AZ,REFINANCE,OWNER,SFR,CasaMortgage,2022
LN101407,2024-07,198100.0,6.762,180,680-739,75-85,20-35,FL,PURCHASE,OWNER,SFR,CasaMortgage,2024
LN101408,2021-07,234700.0,4.067,360,680-739,60-75,>43,TX,PURCHASE,OWNER,SFR,CasaMortgage,2021
LN101409,2022-06,572400.0,5.248,360,620-679,60-75,>43,WA,PURCHASE,OWNER,TOWNHOUSE,AlphaServ,2022
LN101410,2021-09,615200.0,3.516,360,780+,75-85,20-35,NC,CASHOUT_REFI,OWNER,SFR,CasaMortgage,2021
LN101411,2023-06,371900.0,6.74,360,620-679,75-85,35-43,FL,CASHOUT_REFI,INVESTOR,SFR,AlphaServ,2023
LN101412,2022-05,269300.0,4.513,360,680-739,>95,20-35,MI,CASHOUT_REFI,OWNER,CONDO,DeltaHome,2022
LN101413,2024-04,138300.0,6.852,240,620-679,60-75,35-43,GA,PURCHASE,OWNER,TOWNHOUSE,CasaMortgage,2024
LN101414,2023-07,281800.0,6.059,360,680-739,<=60,20-35,PA,PURCHASE,OWNER,CONDO,AlphaServ,2023
LN101415,2024-03,178900.0,6.747,360,680-739,75-85,20-35,CA,REFINANCE,INVESTOR,SFR,EagleTrust,2024
LN101416,2023-09,531600.0,6.19,360,740-779,60-75,<=20,OH,REFINANCE,OWNER,MULTI_2_4,EagleTrust,2023
LN101417,2023-01,123900.0,5.573,180,740-779,85-95,>43,NC,PURCHASE,OWNER,SFR,CasaMortgage,2023
LN101418,2024-07,303500.0,6.211,360,740-779,60-75,>43,WA,REFINANCE,OWNER,SFR,AlphaServ,2024
LN101419,2023-03,172200.0,6.015,180,680-739,85-95,20-35,GA,PURCHASE,OWNER,SFR,DeltaHome,2023
LN101420,2024-10,254200.0,6.513,360,680-739,85-95,20-35,CA,PURCHASE,OWNER,SFR,EagleTrust,2024
LN101421,2024-12,344500.0,7.456,360,<620,60-75,20-35,WA,PURCHASE,OWNER,SFR,AlphaServ,2024
LN101422,2023-07,404300.0,5.786,180,740-779,75-85,<=20,NY,CASHOUT_REFI,OWNER,CONDO,BetaLoan,2023
LN101423,2023-11,248400.0,6.546,360,680-739,75-85,<=20,IL,CASHOUT_REFI,OWNER,SFR,EagleTrust,2023
LN101424,2022-05,359500.0,4.55,360,740-779,75-85,35-43,TX,PURCHASE,OWNER,SFR,DeltaHome,2022
LN101425,2024-05,189500.0,7.093,360,620-679,75-85,20-35,PA,PURCHASE,OWNER,SFR,EagleTrust,2024
LN101426,2023-11,285100.0,6.589,360,740-779,75-85,20-35,IL,PURCHASE,OWNER,TOWNHOUSE,CasaMortgage,2023
LN101427,2024-08,400700.0,6.331,360,740-779,85-95,>43,WA,PURCHASE,OWNER,SFR,AlphaServ,2024
LN101428,2022-06,296400.0,4.549,360,780+,75-85,<=20,IL,PURCHASE,OWNER,SFR,CasaMortgage,2022
LN101429,2024-04,201100.0,7.674,360,<620,75-85,20-35,TX,PURCHASE,OWNER,TOWNHOUSE,BetaLoan,2024
LN101430,2023-02,225100.0,5.312,360,780+,85-95,>43,MI,CASHOUT_REFI,OWNER,SFR,CasaMortgage,2023
LN101431,2022-02,403100.0,4.996,360,620-679,75-85,35-43,CA,REFINANCE,OWNER,SFR,BetaLoan,2022
LN101432,2022-02,156200.0,4.108,360,680-739,75-85,20-35,FL,CASHOUT_REFI,OWNER,SFR,DeltaHome,2022
LN101433,2023-06,166900.0,6.553,360,620-679,60-75,20-35,WA,REFINANCE,OWNER,SFR,CasaMortgage,2023
LN101434,2022-08,334600.0,5.285,360,680-739,<=60,35-43,WA,REFINANCE,OWNER,SFR,BetaLoan,2022
LN101435,2021-11,209500.0,4.032,360,680-739,60-75,<=20,MI,REFINANCE,OWNER,SFR,AlphaServ,2021
LN101436,2022-12,132700.0,6.303,360,620-679,75-85,20-35,TX,REFINANCE,OWNER,SFR,CasaMortgage,2022
LN101437,2023-10,468800.0,6.686,180,680-739,85-95,20-35,MI,PURCHASE,OWNER,SFR,DeltaHome,2023
LN101438,2022-08,155600.0,4.939,360,740-779,60-75,35-43,OH,PURCHASE,OWNER,TOWNHOUSE,EagleTrust,2022
LN101439,2024-11,233300.0,6.277,360,740-779,85-95,20-35,NY,PURCHASE,OWNER,SFR,EagleTrust,2024
LN101440,2024-03,193100.0,6.257,360,740-779,<=60,20-35,NY,REFINANCE,OWNER,TOWNHOUSE,AlphaServ,2024
LN101441,2023-04,223200.0,5.879,240,740-779,60-75,35-43,NY,PURCHASE,OWNER,SFR,CasaMortgage,2023
LN101442,2024-10,171400.0,7.134,360,620-679,60-75,<=20,FL,PURCHASE,OWNER,SFR,CasaMortgage,2024
LN101443,2023-01,352000.0,5.741,360,740-779,75-85,35-43,OH,CASHOUT_REFI,OWNER,SFR,AlphaServ,2023
LN101444,2021-12,268300.0,5.217,360,<620,60-75,>43,CA,PURCHASE,INVESTOR,SFR,BetaLoan,2021
LN101445,2021-08,397400.0,3.855,360,680-739,<=60,35-43,PA,PURCHASE,OWNER,SFR,CasaMortgage,2021
LN101446,2024-10,194100.0,7.398,360,<620,75-85,<=20,AZ,CASHOUT_REFI,OWNER,SFR,EagleTrust,2024
LN101447,2024-11,666500.0,6.572,360,680-739,75-85,>43,NY,PURCHASE,OWNER,SFR,AlphaServ,2024
LN101448,2024-02,108300.0,7.133,180,620-679,75-85,<=20,WA,PURCHASE,OWNER,CONDO,CasaMortgage,2024
LN101449,2021-11,125100.0,4.013,360,740-779,60-75,20-35,MI,REFINANCE,OWNER,TOWNHOUSE,BetaLoan,2021
LN101450,2022-07,561800.0,5.258,360,680-739,60-75,20-35,PA,CASHOUT_REFI,INVESTOR,SFR,BetaLoan,2022
LN101451,2021-08,315900.0,3.973,240,680-739,60-75,35-43,AZ,PURCHASE,OWNER,SFR,AlphaServ,2021
LN101452,2021-09,297600.0,4.013,360,680-739,60-75,20-35,FL,PURCHASE,INVESTOR,SFR,DeltaHome,2021
LN101453,2022-05,309900.0,5.849,360,<620,75-85,20-35,PA,PURCHASE,OWNER,SFR,AlphaServ,2022
LN101454,2023-07,330100.0,6.199,360,680-739,75-85,20-35,CA,PURCHASE,OWNER,SFR,CasaMortgage,2023
LN101455,2021-09,292100.0,3.648,360,740-779,>95,20-35,WA,REFINANCE,OWNER,TOWNHOUSE,AlphaServ,2021
LN101456,2024-12,165300.0,6.507,360,680-739,85-95,35-43,OH,CASHOUT_REFI,OWNER,TOWNHOUSE,BetaLoan,2024
LN101457,2023-02,368900.0,6.983,360,<620,<=60,20-35,NC,REFINANCE,OWNER,TOWNHOUSE,CasaMortgage,2023
LN101458,2022-06,343600.0,4.633,360,740-779,60-75,20-35,FL,PURCHASE,OWNER,SFR,BetaLoan,2022
LN101459,2023-04,485400.0,5.674,180,680-739,85-95,<=20,CA,REFINANCE,OWNER,TOWNHOUSE,AlphaServ,2023
LN101460,2024-04,564600.0,7.478,360,<620,60-75,>43,TX,REFINANCE,OWNER,CONDO,DeltaHome,2024
LN101461,2022-08,296200.0,5.427,240,620-679,75-85,20-35,CA,PURCHASE,OWNER,SFR,BetaLoan,2022
LN101462,2021-08,146900.0,4.309,240,680-739,85-95,20-35,NY,REFINANCE,OWNER,SFR,BetaLoan,2021
LN101463,2021-09,566700.0,3.857,360,680-739,75-85,20-35,FL,PURCHASE,OWNER,SFR,CasaMortgage,2021
LN101464,2024-06,161400.0,6.405,360,740-779,<=60,>43,WA,REFINANCE,OWNER,SFR,CasaMortgage,2024
LN101465,2021-11,297200.0,4.637,360,620-679,60-75,35-43,PA,REFINANCE,OWNER,SFR,EagleTrust,2021
LN101466,2023-09,227400.0,6.209,360,740-779,<=60,<=20,OH,PURCHASE,OWNER,SFR,AlphaServ,2023
LN101467,2022-11,210300.0,5.72,360,680-739,60-75,20-35,PA,REFINANCE,OWNER,CONDO,CasaMortgage,2022
LN101468,2024-03,360000.0,6.56,360,680-739,60-75,20-35,OH,PURCHASE,OWNER,SFR,AlphaServ,2024
LN101469,2021-09,284900.0,3.851,360,740-779,75-85,20-35,AZ,PURCHASE,OWNER,SFR,AlphaServ,2021
LN101470,2024-08,321600.0,6.897,180,680-739,75-85,35-43,MI,PURCHASE,OWNER,CONDO,DeltaHome,2024
LN101471,2023-12,176800.0,7.634,180,<620,<=60,20-35,NC,CASHOUT_REFI,OWNER,TOWNHOUSE,EagleTrust,2023
LN101472,2023-01,236000.0,5.999,360,680-739,<=60,20-35,TX,PURCHASE,INVESTOR,TOWNHOUSE,BetaLoan,2023
LN101473,2022-03,180500.0,4.21,360,780+,>95,35-43,MI,REFINANCE,OWNER,MULTI_2_4,BetaLoan,2022
LN101474,2024-12,233400.0,6.337,360,780+,60-75,20-35,MI,PURCHASE,OWNER,SFR,CasaMortgage,2024
LN101475,2022-07,242000.0,5.528,240,620-679,60-75,<=20,CA,PURCHASE,OWNER,SFR,CasaMortgage,2022
LN101476,2023-03,585300.0,5.773,360,740-779,75-85,20-35,CA,PURCHASE,OWNER,SFR,DeltaHome,2023
LN101477,2022-11,227100.0,5.691,360,680-739,60-75,>43,AZ,PURCHASE,OWNER,SFR,BetaLoan,2022
LN101478,2022-04,98100.0,4.953,360,620-679,60-75,35-43,WA,REFINANCE,SECOND_HOME,CONDO,CasaMortgage,2022
LN101479,2022-12,478200.0,5.56,360,740-779,<=60,35-43,GA,PURCHASE,OWNER,MULTI_2_4,AlphaServ,2022
LN101480,2022-01,312400.0,4.556,360,680-739,>95,35-43,TX,REFINANCE,OWNER,MULTI_2_4,DeltaHome,2022
LN101481,2021-07,240600.0,4.002,360,680-739,75-85,<=20,NY,REFINANCE,OWNER,SFR,CasaMortgage,2021
LN101482,2022-07,209700.0,4.501,360,780+,75-85,<=20,CA,PURCHASE,OWNER,SFR,CasaMortgage,2022
LN101483,2021-11,166700.0,4.298,360,680-739,85-95,<=20,PA,PURCHASE,OWNER,SFR,AlphaServ,2021
LN101484,2022-12,610600.0,5.294,180,740-779,75-85,<=20,CA,PURCHASE,SECOND_HOME,SFR,AlphaServ,2022
LN101485,2024-07,261300.0,6.809,240,620-679,60-75,35-43,FL,REFINANCE,OWNER,SFR,AlphaServ,2024
LN101486,2022-01,116800.0,5.228,360,<620,75-85,<=20,OH,REFINANCE,OWNER,SFR,AlphaServ,2022
LN101487,2021-07,295800.0,4.074,360,680-739,75-85,20-35,NC,REFINANCE,INVESTOR,SFR,BetaLoan,2021
LN101488,2021-11,439200.0,3.854,360,780+,75-85,20-35,AZ,PURCHASE,OWNER,SFR,BetaLoan,2021
LN101489,2023-04,273900.0,6.245,180,680-739,85-95,35-43,NY,REFINANCE,OWNER,MULTI_2_4,AlphaServ,2023
LN101490,2022-06,170100.0,5.285,180,620-679,<=60,35-43,TX,REFINANCE,OWNER,SFR,BetaLoan,2022
LN101491,2023-03,163400.0,5.855,360,740-779,60-75,35-43,CA,PURCHASE,OWNER,SFR,BetaLoan,2023
LN101492,2021-08,168900.0,3.5,360,780+,60-75,20-35,GA,PURCHASE,OWNER,CONDO,AlphaServ,2021
LN101493,2022-08,506200.0,4.39,360,780+,<=60,>43,CA,PURCHASE,SECOND_HOME,SFR,AlphaServ,2022
LN101494,2022-12,247200.0,5.371,360,740-779,>95,>43,GA,REFINANCE,OWNER,TOWNHOUSE,CasaMortgage,2022
LN101495,2023-01,119900.0,5.876,360,680-739,75-85,35-43,NY,REFINANCE,OWNER,TOWNHOUSE,EagleTrust,2023
LN101496,2023-06,303400.0,5.896,360,740-779,<=60,35-43,NY,PURCHASE,INVESTOR,SFR,AlphaServ,2023
LN101497,2024-03,272000.0,6.034,360,740-779,75-85,20-35,TX,REFINANCE,OWNER,SFR,BetaLoan,2024
LN101498,2023-02,208600.0,5.29,360,780+,85-95,35-43,AZ,CASHOUT_REFI,OWNER,SFR,AlphaServ,2023
LN101499,2024-06,161300.0,6.085,360,740-779,75-85,>43,NC,PURCHASE,OWNER,TOWNHOUSE,AlphaServ,2024
LN101500,2023-05,158100.0,5.982,360,680-739,75-85,20-35,IL,PURCHASE,INVESTOR,SFR,AlphaServ,2023
LN101501,2022-05,416200.0,5.179,180,620-679,85-95,20-35,NY,PURCHASE,OWNER,CONDO,BetaLoan,2022
LN101502,2022-04,285300.0,4.567,360,740-779,60-75,20-35,FL,REFINANCE,SECOND_HOME,CONDO,BetaLoan,2022
LN101503,2022-08,316600.0,5.568,360,620-679,75-85,>43,NY,PURCHASE,SECOND_HOME,TOWNHOUSE,BetaLoan,2022
LN101504,2023-08,285000.0,7.528,180,<620,75-85,20-35,PA,CASHOUT_REFI,OWNER,SFR,BetaLoan,2023
LN101505,2022-05,295800.0,4.299,360,680-739,85-95,>43,NY,PURCHASE,OWNER,SFR,BetaLoan,2022
LN101506,2024-09,206700.0,6.604,180,680-739,85-95,35-43,CA,REFINANCE,OWNER,SFR,BetaLoan,2024
LN101507,2023-03,232700.0,5.652,360,780+,>95,20-35,AZ,REFINANCE,OWNER,SFR,AlphaServ,2023
LN101508,2024-07,431100.0,6.158,360,740-779,<=60,20-35,OH,PURCHASE,OWNER,SFR,AlphaServ,2024
LN101509,2023-11,482400.0,5.87,360,780+,85-95,<=20,TX,REFINANCE,OWNER,CONDO,AlphaServ,2023
LN101510,2022-09,147300.0,4.936,360,740-779,85-95,20-35,CA,REFINANCE,OWNER,SFR,CasaMortgage,2022
LN101511,2022-04,232400.0,4.514,360,740-779,60-75,20-35,FL,PURCHASE,OWNER,TOWNHOUSE,BetaLoan,2022
LN101512,2024-02,372400.0,7.276,360,<620,>95,20-35,GA,PURCHASE,OWNER,SFR,AlphaServ,2024
LN101513,2022-08,595400.0,4.713,360,740-779,85-95,20-35,WA,CASHOUT_REFI,OWNER,SFR,AlphaServ,2022
LN101514,2022-05,569100.0,4.933,180,620-679,85-95,20-35,CA,CASHOUT_REFI,OWNER,SFR,CasaMortgage,2022
LN101515,2024-10,178400.0,7.557,360,<620,<=60,35-43,FL,PURCHASE,OWNER,SFR,EagleTrust,2024
LN101516,2023-03,453100.0,6.324,180,620-679,60-75,20-35,TX,PURCHASE,OWNER,CONDO,AlphaServ,2023
LN101517,2021-09,262100.0,3.615,360,780+,>95,>43,NY,PURCHASE,OWNER,SFR,CasaMortgage,2021
LN101518,2023-03,408400.0,5.836,360,740-779,>95,20-35,MI,PURCHASE,SECOND_HOME,SFR,AlphaServ,2023
LN101519,2023-02,363900.0,5.357,360,780+,60-75,35-43,CA,REFINANCE,OWNER,SFR,AlphaServ,2023
LN101520,2024-07,144500.0,5.831,360,780+,60-75,<=20,WA,REFINANCE,OWNER,SFR,AlphaServ,2024
LN101521,2023-12,326900.0,6.145,360,780+,75-85,<=20,TX,REFINANCE,OWNER,SFR,BetaLoan,2023
LN101522,2022-03,401300.0,5.052,360,620-679,<=60,35-43,MI,CASHOUT_REFI,OWNER,SFR,AlphaServ,2022
LN101523,2022-01,252900.0,4.159,360,780+,75-85,>43,GA,PURCHASE,INVESTOR,MULTI_2_4,BetaLoan,2022
LN101524,2023-08,228500.0,5.972,360,780+,>95,20-35,OH,PURCHASE,OWNER,SFR,EagleTrust,2023
LN101525,2021-08,125800.0,3.607,360,780+,60-75,<=20,PA,PURCHASE,OWNER,SFR,AlphaServ,2021
LN101526,2022-08,347200.0,5.61,360,620-679,85-95,35-43,GA,REFINANCE,OWNER,SFR,CasaMortgage,2022
LN101527,2021-12,280400.0,4.665,180,620-679,75-85,>43,MI,REFINANCE,OWNER,CONDO,AlphaServ,2021
LN101528,2021-07,168600.0,3.555,360,780+,60-75,35-43,OH,CASHOUT_REFI,OWNER,MULTI_2_4,CasaMortgage,2021
LN101529,2024-09,220400.0,6.86,180,620-679,75-85,20-35,NC,PURCHASE,OWNER,SFR,DeltaHome,2024
LN101530,2021-10,273600.0,4.227,360,680-739,75-85,20-35,CA,CASHOUT_REFI,OWNER,CONDO,AlphaServ,2021
LN101531,2021-07,198500.0,4.112,360,680-739,85-95,>43,GA,PURCHASE,OWNER,SFR,BetaLoan,2021
LN101532,2024-10,255600.0,7.418,360,<620,75-85,20-35,AZ,PURCHASE,OWNER,SFR,BetaLoan,2024
LN101533,2022-02,116100.0,5.184,360,<620,>95,<=20,GA,REFINANCE,OWNER,CONDO,DeltaHome,2022
LN101534,2024-05,468500.0,5.837,360,780+,<=60,35-43,PA,PURCHASE,OWNER,SFR,AlphaServ,2024
LN101535,2021-08,257100.0,3.498,360,780+,>95,20-35,WA,REFINANCE,INVESTOR,CONDO,BetaLoan,2021
LN101536,2022-01,155600.0,3.756,360,780+,75-85,20-35,CA,PURCHASE,OWNER,SFR,AlphaServ,2022
LN101537,2021-11,84400.0,4.163,360,680-739,75-85,35-43,NC,PURCHASE,OWNER,SFR,CasaMortgage,2021
LN101538,2023-12,405600.0,6.871,360,620-679,<=60,>43,AZ,PURCHASE,INVESTOR,SFR,BetaLoan,2023
LN101539,2023-09,328100.0,6.769,360,680-739,60-75,35-43,CA,CASHOUT_REFI,SECOND_HOME,SFR,BetaLoan,2023
LN101540,2023-02,280600.0,5.876,360,680-739,75-85,<=20,TX,REFINANCE,OWNER,SFR,AlphaServ,2023
LN101541,2022-05,376500.0,5.428,360,<620,>95,35-43,TX,PURCHASE,OWNER,SFR,BetaLoan,2022
LN101542,2021-10,376000.0,3.882,360,740-779,85-95,35-43,AZ,CASHOUT_REFI,OWNER,SFR,DeltaHome,2021
LN101543,2023-06,278600.0,5.731,360,780+,<=60,20-35,WA,PURCHASE,INVESTOR,SFR,CasaMortgage,2023
LN101544,2022-04,227700.0,4.988,360,680-739,60-75,<=20,AZ,PURCHASE,OWNER,CONDO,DeltaHome,2022
LN101545,2023-07,211600.0,6.416,180,680-739,75-85,>43,IL,REFINANCE,SECOND_HOME,SFR,CasaMortgage,2023
LN101546,2023-11,308500.0,6.69,360,680-739,85-95,<=20,GA,PURCHASE,OWNER,SFR,CasaMortgage,2023
LN101547,2024-06,478600.0,7.507,360,<620,85-95,20-35,CA,PURCHASE,OWNER,SFR,DeltaHome,2024
LN101548,2023-03,243700.0,6.085,360,680-739,60-75,35-43,WA,CASHOUT_REFI,OWNER,SFR,BetaLoan,2023
LN101549,2021-07,496000.0,3.964,360,680-739,<=60,35-43,WA,PURCHASE,OWNER,TOWNHOUSE,CasaMortgage,2021
LN101550,2022-06,301900.0,4.883,360,680-739,<=60,20-35,OH,PURCHASE,OWNER,SFR,AlphaServ,2022
LN101551,2024-06,302900.0,6.439,360,680-739,75-85,35-43,CA,PURCHASE,OWNER,SFR,AlphaServ,2024
LN101552,2023-05,753400.0,5.648,360,780+,<=60,35-43,WA,PURCHASE,OWNER,SFR,BetaLoan,2023
LN101553,2023-09,537000.0,6.917,360,620-679,60-75,35-43,AZ,REFINANCE,INVESTOR,SFR,BetaLoan,2023
LN101554,2023-02,543300.0,6.915,360,<620,85-95,35-43,WA,CASHOUT_REFI,OWNER,MULTI_2_4,AlphaServ,2023
LN101555,2022-01,178300.0,5.31,360,<620,75-85,<=20,IL,REFINANCE,OWNER,SFR,BetaLoan,2022
LN101556,2024-08,684500.0,7.373,360,<620,>95,>43,FL,PURCHASE,OWNER,SFR,CasaMortgage,2024
LN101557,2024-03,246000.0,6.996,360,680-739,85-95,20-35,FL,PURCHASE,INVESTOR,MULTI_2_4,CasaMortgage,2024
LN101558,2024-12,230400.0,6.178,240,740-779,60-75,20-35,IL,PURCHASE,OWNER,TOWNHOUSE,AlphaServ,2024
LN101559,2024-06,96600.0,6.145,360,780+,<=60,<=20,AZ,REFINANCE,OWNER,SFR,EagleTrust,2024
LN101560,2022-07,295600.0,4.951,360,740-779,75-85,20-35,CA,REFINANCE,OWNER,SFR,CasaMortgage,2022
LN101561,2022-05,156800.0,4.6,360,680-739,85-95,<=20,GA,PURCHASE,OWNER,TOWNHOUSE,AlphaServ,2022
LN101562,2022-05,306700.0,5.136,360,620-679,75-85,20-35,AZ,PURCHASE,OWNER,SFR,AlphaServ,2022
LN101563,2024-09,151300.0,6.898,360,680-739,>95,20-35,TX,PURCHASE,OWNER,TOWNHOUSE,DeltaHome,2024
LN101564,2023-06,573200.0,6.382,360,680-739,85-95,35-43,IL,REFINANCE,OWNER,SFR,BetaLoan,2023
LN101565,2023-02,327200.0,5.589,360,780+,75-85,<=20,MI,REFINANCE,OWNER,CONDO,AlphaServ,2023
LN101566,2024-11,712100.0,6.456,360,680-739,<=60,35-43,IL,PURCHASE,OWNER,SFR,AlphaServ,2024
LN101567,2023-08,161100.0,6.742,360,620-679,60-75,35-43,IL,REFINANCE,OWNER,CONDO,AlphaServ,2023
LN101568,2024-09,512500.0,6.774,360,620-679,75-85,20-35,MI,PURCHASE,OWNER,SFR,DeltaHome,2024
LN101569,2024-12,113400.0,7.755,240,<620,60-75,>43,TX,REFINANCE,OWNER,MULTI_2_4,CasaMortgage,2024
LN101570,2021-10,280300.0,3.598,240,780+,85-95,20-35,NC,PURCHASE,SECOND_HOME,SFR,BetaLoan,2021
LN101571,2022-10,192100.0,6.096,360,<620,75-85,35-43,AZ,PURCHASE,OWNER,SFR,BetaLoan,2022
LN101572,2024-01,208700.0,7.685,360,<620,60-75,20-35,CA,PURCHASE,OWNER,CONDO,EagleTrust,2024
LN101573,2024-05,202300.0,6.884,360,620-679,85-95,35-43,CA,REFINANCE,OWNER,SFR,CasaMortgage,2024
LN101574,2022-01,169100.0,4.197,360,740-779,75-85,>43,CA,CASHOUT_REFI,OWNER,SFR,CasaMortgage,2022
LN101575,2022-08,144800.0,5.282,240,680-739,60-75,20-35,NC,PURCHASE,INVESTOR,CONDO,AlphaServ,2022
LN101576,2023-06,209200.0,6.186,360,740-779,75-85,>43,NY,PURCHASE,SECOND_HOME,CONDO,EagleTrust,2023
LN101577,2024-04,268900.0,6.752,180,620-679,85-95,<=20,IL,CASHOUT_REFI,OWNER,SFR,CasaMortgage,2024
LN101578,2021-11,430900.0,5.201,360,<620,75-85,35-43,NC,CASHOUT_REFI,OWNER,SFR,AlphaServ,2021
LN101579,2023-08,291500.0,5.72,360,780+,60-75,20-35,IL,PURCHASE,OWNER,SFR,EagleTrust,2023
LN101580,2022-07,431500.0,5.434,360,620-679,85-95,<=20,GA,REFINANCE,OWNER,SFR,BetaLoan,2022
LN101581,2022-04,131200.0,5.707,360,<620,85-95,35-43,PA,PURCHASE,OWNER,CONDO,AlphaServ,2022
LN101582,2023-04,210100.0,5.536,360,740-779,<=60,<=20,NY,REFINANCE,OWNER,SFR,BetaLoan,2023
LN101583,2022-12,351500.0,6.028,360,620-679,60-75,>43,AZ,REFINANCE,OWNER,TOWNHOUSE,DeltaHome,2022
LN101584,2023-09,297900.0,6.69,240,620-679,75-85,35-43,IL,REFINANCE,OWNER,MULTI_2_4,BetaLoan,2023
LN101585,2022-08,173200.0,4.889,360,740-779,60-75,35-43,NY,PURCHASE,OWNER,TOWNHOUSE,BetaLoan,2022
LN101586,2024-05,388600.0,6.403,360,680-739,>95,20-35,TX,PURCHASE,OWNER,SFR,BetaLoan,2024
LN101587,2021-10,201000.0,4.702,180,620-679,60-75,>43,NC,PURCHASE,OWNER,SFR,EagleTrust,2021
LN101588,2024-07,179900.0,6.95,360,620-679,85-95,35-43,GA,PURCHASE,OWNER,SFR,AlphaServ,2024
LN101589,2021-08,317800.0,3.784,180,740-779,>95,35-43,PA,CASHOUT_REFI,OWNER,SFR,AlphaServ,2021
LN101590,2024-01,256000.0,7.514,180,<620,60-75,20-35,OH,PURCHASE,OWNER,TOWNHOUSE,DeltaHome,2024
LN101591,2022-09,201700.0,5.197,360,620-679,75-85,20-35,PA,PURCHASE,SECOND_HOME,TOWNHOUSE,AlphaServ,2022
LN101592,2022-11,198700.0,5.084,360,740-779,<=60,20-35,FL,REFINANCE,OWNER,SFR,BetaLoan,2022
LN101593,2021-07,157700.0,4.023,360,740-779,75-85,35-43,NC,PURCHASE,INVESTOR,SFR,DeltaHome,2021
LN101594,2023-12,213600.0,5.832,360,780+,>95,20-35,NY,PURCHASE,OWNER,SFR,AlphaServ,2023
LN101595,2022-01,418700.0,4.18,360,680-739,>95,20-35,CA,PURCHASE,OWNER,SFR,AlphaServ,2022
LN101596,2023-10,284900.0,7.333,360,<620,75-85,20-35,IL,CASHOUT_REFI,OWNER,SFR,BetaLoan,2023
LN101597,2024-01,392900.0,6.713,360,680-739,85-95,20-35,TX,CASHOUT_REFI,OWNER,CONDO,CasaMortgage,2024
LN101598,2024-06,322000.0,6.352,360,680-739,85-95,35-43,CA,PURCHASE,OWNER,SFR,BetaLoan,2024
LN101599,2023-12,193800.0,6.906,360,620-679,60-75,35-43,FL,PURCHASE,OWNER,SFR,DeltaHome,2023
LN101600,2022-07,121500.0,5.243,360,680-739,85-95,>43,WA,REFINANCE,OWNER,CONDO,AlphaServ,2022
LN101601,2024-02,168200.0,7.044,360,620-679,60-75,<=20,AZ,REFINANCE,OWNER,SFR,AlphaServ,2024
LN101602,2024-05,188700.0,6.126,360,740-779,>95,<=20,WA,PURCHASE,OWNER,SFR,DeltaHome,2024
LN101603,2022-08,182300.0,4.846,180,780+,85-95,20-35,CA,PURCHASE,OWNER,CONDO,BetaLoan,2022
LN101604,2021-12,396900.0,4.237,360,680-739,75-85,35-43,CA,PURCHASE,OWNER,SFR,BetaLoan,2021
LN101605,2024-08,395000.0,6.166,360,780+,75-85,>43,TX,PURCHASE,OWNER,TOWNHOUSE,EagleTrust,2024
LN101606,2022-01,690600.0,3.73,360,780+,>95,<=20,NC,PURCHASE,OWNER,SFR,AlphaServ,2022
LN101607,2023-07,181000.0,6.94,360,620-679,<=60,20-35,WA,PURCHASE,OWNER,TOWNHOUSE,CasaMortgage,2023
LN101608,2022-04,523800.0,4.594,360,680-739,75-85,>43,NY,PURCHASE,OWNER,TOWNHOUSE,CasaMortgage,2022
LN101609,2021-12,522300.0,4.037,240,740-779,75-85,20-35,OH,PURCHASE,OWNER,SFR,BetaLoan,2021
LN101610,2024-03,229900.0,7.168,360,<620,75-85,20-35,CA,PURCHASE,OWNER,SFR,AlphaServ,2024
LN101611,2022-01,315900.0,4.64,360,680-739,<=60,20-35,GA,PURCHASE,OWNER,SFR,AlphaServ,2022
LN101612,2023-11,446100.0,6.764,240,680-739,60-75,<=20,AZ,PURCHASE,OWNER,CONDO,CasaMortgage,2023
LN101613,2023-12,248600.0,5.841,360,780+,>95,<=20,GA,PURCHASE,OWNER,SFR,AlphaServ,2023
LN101614,2021-09,240100.0,4.409,360,680-739,85-95,35-43,GA,PURCHASE,OWNER,TOWNHOUSE,AlphaServ,2021
LN101615,2022-02,192500.0,3.913,360,740-779,85-95,35-43,IL,REFINANCE,INVESTOR,SFR,BetaLoan,2022
LN101616,2024-04,88300.0,6.375,180,680-739,75-85,20-35,NY,REFINANCE,OWNER,CONDO,CasaMortgage,2024
LN101617,2023-04,263500.0,6.507,360,620-679,85-95,35-43,FL,CASHOUT_REFI,OWNER,CONDO,DeltaHome,2023
LN101618,2021-12,185500.0,3.831,360,780+,75-85,<=20,PA,CASHOUT_REFI,OWNER,CONDO,CasaMortgage,2021
LN101619,2024-12,157300.0,7.555,240,<620,85-95,<=20,GA,PURCHASE,OWNER,SFR,CasaMortgage,2024
LN101620,2022-06,308700.0,5.776,360,<620,85-95,<=20,FL,CASHOUT_REFI,OWNER,CONDO,AlphaServ,2022
LN101621,2021-07,132800.0,3.869,360,680-739,60-75,<=20,IL,CASHOUT_REFI,OWNER,SFR,AlphaServ,2021
LN101622,2024-09,366900.0,6.461,240,740-779,>95,>43,CA,PURCHASE,OWNER,SFR,AlphaServ,2024
LN101623,2021-07,317300.0,4.029,360,680-739,>95,20-35,CA,PURCHASE,OWNER,TOWNHOUSE,CasaMortgage,2021
LN101624,2023-06,213200.0,7.315,360,<620,75-85,<=20,CA,PURCHASE,OWNER,SFR,CasaMortgage,2023
LN101625,2024-12,248100.0,7.067,360,620-679,>95,35-43,PA,CASHOUT_REFI,OWNER,SFR,AlphaServ,2024
LN101626,2023-07,149400.0,6.662,360,620-679,85-95,20-35,TX,PURCHASE,OWNER,SFR,CasaMortgage,2023
LN101627,2023-07,357800.0,7.218,180,<620,<=60,20-35,WA,PURCHASE,OWNER,CONDO,CasaMortgage,2023
LN101628,2022-11,277700.0,5.693,360,680-739,<=60,20-35,FL,REFINANCE,OWNER,TOWNHOUSE,CasaMortgage,2022
LN101629,2021-12,287200.0,4.871,360,620-679,85-95,<=20,NY,CASHOUT_REFI,OWNER,SFR,EagleTrust,2021
LN101630,2023-07,319900.0,6.253,240,680-739,85-95,<=20,PA,REFINANCE,OWNER,SFR,AlphaServ,2023
LN101631,2024-08,191200.0,6.578,360,680-739,60-75,35-43,TX,PURCHASE,OWNER,SFR,CasaMortgage,2024
LN101632,2021-10,128900.0,3.63,360,740-779,75-85,20-35,AZ,PURCHASE,OWNER,TOWNHOUSE,AlphaServ,2021
LN101633,2024-07,392700.0,6.922,360,620-679,75-85,<=20,GA,REFINANCE,OWNER,SFR,AlphaServ,2024
LN101634,2022-12,348000.0,5.975,240,680-739,75-85,35-43,CA,REFINANCE,OWNER,TOWNHOUSE,AlphaServ,2022
LN101635,2023-05,200600.0,6.298,360,620-679,<=60,<=20,WA,PURCHASE,INVESTOR,CONDO,BetaLoan,2023
LN101636,2022-01,306800.0,4.198,360,780+,60-75,20-35,FL,REFINANCE,SECOND_HOME,SFR,AlphaServ,2022
LN101637,2023-09,449600.0,7.193,360,620-679,85-95,<=20,TX,PURCHASE,OWNER,TOWNHOUSE,DeltaHome,2023
LN101638,2022-02,426100.0,4.639,360,620-679,<=60,<=20,AZ,PURCHASE,OWNER,CONDO,BetaLoan,2022
LN101639,2022-06,198000.0,4.703,360,680-739,75-85,20-35,FL,PURCHASE,SECOND_HOME,TOWNHOUSE,CasaMortgage,2022
LN101640,2024-01,130600.0,6.976,360,620-679,75-85,<=20,NC,CASHOUT_REFI,INVESTOR,SFR,CasaMortgage,2024
LN101641,2021-09,141100.0,4.46,240,620-679,>95,<=20,CA,PURCHASE,OWNER,CONDO,DeltaHome,2021
LN101642,2023-01,221800.0,6.422,360,620-679,>95,20-35,AZ,PURCHASE,OWNER,SFR,AlphaServ,2023
LN101643,2023-07,492900.0,6.203,360,740-779,>95,35-43,NY,PURCHASE,SECOND_HOME,SFR,AlphaServ,2023
LN101644,2021-12,183900.0,3.984,360,740-779,75-85,20-35,TX,CASHOUT_REFI,SECOND_HOME,SFR,CasaMortgage,2021
LN101645,2022-07,195200.0,4.487,180,740-779,<=60,<=20,WA,CASHOUT_REFI,SECOND_HOME,SFR,DeltaHome,2022
LN101646,2022-09,193400.0,4.952,360,740-779,60-75,20-35,MI,REFINANCE,INVESTOR,SFR,AlphaServ,2022
LN101647,2023-10,200900.0,6.957,360,680-739,75-85,20-35,MI,PURCHASE,OWNER,TOWNHOUSE,BetaLoan,2023
LN101648,2024-12,254000.0,6.038,360,780+,<=60,20-35,IL,REFINANCE,OWNER,SFR,BetaLoan,2024
LN101649,2024-06,143500.0,6.563,180,740-779,<=60,20-35,NC,REFINANCE,OWNER,SFR,EagleTrust,2024
LN101650,2022-02,415800.0,4.224,360,740-779,60-75,20-35,FL,PURCHASE,OWNER,MULTI_2_4,CasaMortgage,2022
LN101651,2021-07,239100.0,4.076,180,740-779,75-85,>43,IL,PURCHASE,OWNER,SFR,EagleTrust,2021
LN101652,2021-09,778900.0,4.124,240,680-739,75-85,35-43,NY,PURCHASE,OWNER,SFR,BetaLoan,2021
LN101653,2023-08,150500.0,6.637,360,680-739,>95,20-35,NY,PURCHASE,OWNER,SFR,AlphaServ,2023
LN101654,2022-01,522000.0,4.549,360,680-739,75-85,35-43,CA,PURCHASE,OWNER,MULTI_2_4,CasaMortgage,2022
LN101655,2022-04,477400.0,5.072,360,620-679,<=60,20-35,PA,PURCHASE,OWNER,MULTI_2_4,DeltaHome,2022
LN101656,2024-06,212100.0,6.621,180,680-739,75-85,35-43,TX,REFINANCE,SECOND_HOME,CONDO,BetaLoan,2024
LN101657,2024-07,213700.0,7.234,360,<620,60-75,35-43,IL,REFINANCE,OWNER,SFR,AlphaServ,2024
LN101658,2024-06,168600.0,7.437,360,<620,>95,35-43,GA,CASHOUT_REFI,OWNER,SFR,AlphaServ,2024
LN101659,2022-05,169500.0,4.72,240,780+,75-85,20-35,CA,PURCHASE,INVESTOR,SFR,CasaMortgage,2022
LN101660,2023-09,255200.0,6.488,360,740-779,60-75,35-43,FL,PURCHASE,SECOND_HOME,SFR,AlphaServ,2023
LN101661,2023-08,257600.0,6.104,240,740-779,85-95,20-35,TX,PURCHASE,OWNER,SFR,AlphaServ,2023
LN101662,2022-02,124100.0,4.305,240,680-739,75-85,35-43,CA,REFINANCE,OWNER,CONDO,CasaMortgage,2022
LN101663,2023-06,716500.0,6.227,360,740-779,75-85,20-35,PA,PURCHASE,OWNER,TOWNHOUSE,CasaMortgage,2023
LN101664,2023-05,227100.0,5.784,240,780+,60-75,<=20,OH,CASHOUT_REFI,OWNER,TOWNHOUSE,BetaLoan,2023
LN101665,2022-11,262900.0,5.367,360,740-779,60-75,20-35,NY,PURCHASE,OWNER,SFR,DeltaHome,2022
LN101666,2024-02,192600.0,6.538,360,680-739,<=60,<=20,CA,REFINANCE,OWNER,SFR,BetaLoan,2024
LN101667,2023-11,226400.0,6.803,180,680-739,85-95,<=20,IL,PURCHASE,OWNER,MULTI_2_4,BetaLoan,2023
LN101668,2023-05,217300.0,6.279,360,680-739,60-75,20-35,TX,PURCHASE,OWNER,SFR,EagleTrust,2023
LN101669,2024-01,254900.0,6.391,360,740-779,<=60,20-35,CA,REFINANCE,OWNER,SFR,AlphaServ,2024
LN101670,2024-03,253600.0,5.912,360,780+,75-85,<=20,IL,PURCHASE,OWNER,SFR,AlphaServ,2024
LN101671,2023-06,366700.0,6.164,360,680-739,75-85,<=20,NC,PURCHASE,SECOND_HOME,SFR,BetaLoan,2023
LN101672,2022-06,282700.0,4.69,360,680-739,60-75,20-35,CA,REFINANCE,OWNER,SFR,BetaLoan,2022
LN101673,2024-02,350400.0,6.672,360,680-739,>95,>43,CA,PURCHASE,INVESTOR,SFR,DeltaHome,2024
LN101674,2024-01,254100.0,6.591,180,680-739,75-85,20-35,NC,REFINANCE,INVESTOR,SFR,BetaLoan,2024
LN101675,2024-12,283200.0,5.758,180,780+,>95,35-43,TX,REFINANCE,OWNER,SFR,CasaMortgage,2024
LN101676,2022-01,229000.0,4.13,360,740-779,60-75,20-35,CA,CASHOUT_REFI,OWNER,SFR,CasaMortgage,2022
LN101677,2022-12,400900.0,5.733,180,680-739,75-85,20-35,WA,REFINANCE,OWNER,CONDO,BetaLoan,2022
LN101678,2024-09,295100.0,6.633,180,620-679,75-85,<=20,TX,PURCHASE,INVESTOR,SFR,DeltaHome,2024
LN101679,2023-04,237700.0,6.016,360,680-739,75-85,20-35,NC,REFINANCE,OWNER,SFR,AlphaServ,2023
LN101680,2024-10,234600.0,7.493,360,<620,<=60,>43,PA,REFINANCE,OWNER,CONDO,DeltaHome,2024
LN101681,2021-07,243000.0,3.876,360,680-739,60-75,20-35,FL,PURCHASE,OWNER,CONDO,CasaMortgage,2021
LN101682,2021-08,258800.0,3.747,360,740-779,85-95,20-35,IL,REFINANCE,INVESTOR,SFR,EagleTrust,2021
LN101683,2024-04,248900.0,6.469,180,680-739,85-95,35-43,OH,PURCHASE,INVESTOR,SFR,AlphaServ,2024
LN101684,2022-10,198500.0,5.555,360,620-679,<=60,35-43,TX,REFINANCE,OWNER,TOWNHOUSE,AlphaServ,2022
LN101685,2023-04,360100.0,5.463,360,740-779,<=60,35-43,FL,PURCHASE,OWNER,SFR,AlphaServ,2023
LN101686,2022-12,370500.0,5.195,360,740-779,<=60,20-35,WA,PURCHASE,OWNER,SFR,AlphaServ,2022
LN101687,2022-12,569600.0,6.065,180,680-739,75-85,>43,TX,PURCHASE,OWNER,SFR,DeltaHome,2022
LN101688,2024-10,194500.0,6.324,240,680-739,60-75,20-35,PA,PURCHASE,OWNER,SFR,CasaMortgage,2024
LN101689,2021-10,344500.0,3.848,360,740-779,85-95,20-35,OH,CASHOUT_REFI,SECOND_HOME,SFR,BetaLoan,2021
LN101690,2024-03,108100.0,6.285,360,740-779,<=60,35-43,GA,REFINANCE,OWNER,TOWNHOUSE,CasaMortgage,2024
LN101691,2024-08,370700.0,7.832,180,<620,85-95,>43,NY,PURCHASE,OWNER,SFR,AlphaServ,2024
LN101692,2023-10,132500.0,6.525,360,620-679,85-95,>43,OH,PURCHASE,OWNER,SFR,BetaLoan,2023
LN101693,2022-11,163900.0,5.446,180,680-739,<=60,20-35,OH,CASHOUT_REFI,OWNER,CONDO,BetaLoan,2022
LN101694,2022-01,296400.0,5.321,360,<620,85-95,35-43,IL,REFINANCE,OWNER,SFR,EagleTrust,2022
LN101695,2023-11,193000.0,6.505,360,680-739,>95,20-35,PA,PURCHASE,OWNER,TOWNHOUSE,BetaLoan,2023
LN101696,2023-02,181500.0,5.567,360,740-779,75-85,>43,AZ,PURCHASE,OWNER,SFR,BetaLoan,2023
LN101697,2022-01,205200.0,4.867,360,620-679,60-75,35-43,TX,PURCHASE,OWNER,SFR,EagleTrust,2022
LN101698,2022-10,354500.0,5.055,360,680-739,75-85,20-35,CA,PURCHASE,INVESTOR,MULTI_2_4,DeltaHome,2022
LN101699,2024-11,167700.0,5.967,360,780+,60-75,20-35,PA,PURCHASE,OWNER,CONDO,CasaMortgage,2024
LN101700,2022-06,249100.0,4.785,360,680-739,>95,35-43,TX,REFINANCE,OWNER,SFR,AlphaServ,2022
LN101701,2022-02,215300.0,4.608,360,680-739,75-85,20-35,PA,PURCHASE,OWNER,CONDO,AlphaServ,2022
LN101702,2023-11,369100.0,6.142,360,680-739,85-95,>43,CA,PURCHASE,INVESTOR,SFR,AlphaServ,2023
LN101703,2022-03,373800.0,4.903,360,620-679,75-85,35-43,CA,CASHOUT_REFI,OWNER,SFR,DeltaHome,2022
LN101704,2024-09,111800.0,6.93,360,620-679,60-75,35-43,TX,PURCHASE,OWNER,SFR,EagleTrust,2024
LN101705,2024-07,408500.0,6.51,360,680-739,75-85,20-35,CA,PURCHASE,OWNER,MULTI_2_4,CasaMortgage,2024
LN101706,2024-12,193900.0,6.381,360,680-739,85-95,35-43,MI,PURCHASE,OWNER,SFR,DeltaHome,2024
LN101707,2024-09,283900.0,6.934,360,620-679,75-85,35-43,NY,PURCHASE,OWNER,SFR,BetaLoan,2024
LN101708,2022-05,167300.0,5.856,360,<620,60-75,20-35,WA,REFINANCE,OWNER,SFR,AlphaServ,2022
LN101709,2022-03,301600.0,4.156,360,780+,>95,<=20,FL,REFINANCE,OWNER,TOWNHOUSE,CasaMortgage,2022
LN101710,2022-09,804600.0,6.061,360,<620,60-75,35-43,NC,PURCHASE,OWNER,SFR,DeltaHome,2022
LN101711,2023-02,270300.0,5.505,360,740-779,85-95,20-35,NC,PURCHASE,OWNER,SFR,DeltaHome,2023
LN101712,2024-07,207500.0,6.388,240,680-739,60-75,<=20,FL,PURCHASE,OWNER,MULTI_2_4,AlphaServ,2024
LN101713,2024-01,229900.0,6.743,360,680-739,85-95,<=20,AZ,CASHOUT_REFI,OWNER,TOWNHOUSE,EagleTrust,2024
LN101714,2023-10,131800.0,6.779,360,620-679,75-85,20-35,NY,PURCHASE,OWNER,SFR,BetaLoan,2023
LN101715,2024-07,489900.0,6.761,360,620-679,<=60,20-35,OH,REFINANCE,OWNER,CONDO,BetaLoan,2024
LN101716,2023-10,293800.0,6.501,360,680-739,<=60,<=20,NY,CASHOUT_REFI,OWNER,SFR,BetaLoan,2023
LN101717,2022-10,159200.0,5.175,240,740-779,60-75,20-35,NY,PURCHASE,OWNER,SFR,AlphaServ,2022
LN101718,2022-12,161600.0,6.042,360,620-679,75-85,>43,CA,REFINANCE,OWNER,SFR,BetaLoan,2022
LN101719,2023-04,257000.0,6.15,240,680-739,60-75,20-35,FL,REFINANCE,OWNER,TOWNHOUSE,CasaMortgage,2023
LN101720,2021-10,388200.0,4.133,180,680-739,60-75,20-35,WA,PURCHASE,OWNER,CONDO,EagleTrust,2021
LN101721,2024-02,152100.0,7.063,360,620-679,75-85,20-35,PA,CASHOUT_REFI,OWNER,MULTI_2_4,EagleTrust,2024
LN101722,2023-10,421300.0,6.231,360,740-779,>95,20-35,AZ,REFINANCE,OWNER,CONDO,AlphaServ,2023
LN101723,2024-01,244900.0,6.842,180,620-679,<=60,35-43,NC,PURCHASE,OWNER,CONDO,AlphaServ,2024
LN101724,2023-05,167900.0,6.328,360,680-739,75-85,35-43,GA,REFINANCE,OWNER,TOWNHOUSE,AlphaServ,2023
LN101725,2024-03,206800.0,7.327,180,<620,>95,>43,AZ,PURCHASE,OWNER,SFR,BetaLoan,2024
LN101726,2024-10,560600.0,6.339,360,680-739,75-85,20-35,OH,PURCHASE,OWNER,CONDO,BetaLoan,2024
LN101727,2023-06,136700.0,6.314,360,680-739,>95,20-35,AZ,CASHOUT_REFI,SECOND_HOME,SFR,BetaLoan,2023
LN101728,2023-01,183600.0,5.883,240,680-739,75-85,35-43,NY,REFINANCE,OWNER,SFR,AlphaServ,2023
LN101729,2021-11,391900.0,4.372,360,680-739,85-95,>43,OH,PURCHASE,OWNER,SFR,AlphaServ,2021
LN101730,2024-03,281400.0,6.415,360,780+,85-95,>43,IL,CASHOUT_REFI,OWNER,CONDO,CasaMortgage,2024
LN101731,2024-08,178800.0,6.238,360,680-739,60-75,>43,CA,PURCHASE,SECOND_HOME,TOWNHOUSE,DeltaHome,2024
LN101732,2023-12,394000.0,6.132,360,740-779,75-85,20-35,TX,PURCHASE,OWNER,SFR,DeltaHome,2023
LN101733,2024-07,402500.0,7.002,360,620-679,75-85,35-43,AZ,PURCHASE,INVESTOR,TOWNHOUSE,AlphaServ,2024
LN101734,2024-07,296300.0,7.283,360,620-679,<=60,<=20,OH,CASHOUT_REFI,OWNER,CONDO,BetaLoan,2024
LN101735,2024-04,193800.0,7.416,360,<620,75-85,<=20,CA,PURCHASE,OWNER,SFR,EagleTrust,2024
LN101736,2023-04,207700.0,5.833,360,680-739,85-95,35-43,WA,PURCHASE,OWNER,CONDO,EagleTrust,2023
LN101737,2021-11,290100.0,3.721,360,740-779,<=60,<=20,AZ,PURCHASE,INVESTOR,SFR,EagleTrust,2021
LN101738,2021-07,141400.0,3.509,360,780+,75-85,20-35,NC,REFINANCE,OWNER,SFR,DeltaHome,2021
LN101739,2022-03,463900.0,4.303,240,740-779,60-75,<=20,FL,PURCHASE,OWNER,SFR,CasaMortgage,2022
LN101740,2023-01,548600.0,5.912,360,740-779,60-75,<=20,FL,CASHOUT_REFI,OWNER,SFR,DeltaHome,2023
LN101741,2024-02,229500.0,6.854,360,620-679,75-85,20-35,PA,PURCHASE,OWNER,SFR,EagleTrust,2024
LN101742,2023-02,299600.0,6.926,360,<620,<=60,20-35,CA,PURCHASE,OWNER,SFR,CasaMortgage,2023
LN101743,2021-07,435200.0,3.932,360,740-779,75-85,20-35,TX,CASHOUT_REFI,OWNER,CONDO,AlphaServ,2021
LN101744,2022-03,615400.0,4.829,360,620-679,<=60,20-35,TX,PURCHASE,OWNER,SFR,AlphaServ,2022
LN101745,2024-12,514300.0,7.679,360,<620,>95,35-43,NC,CASHOUT_REFI,OWNER,SFR,CasaMortgage,2024
LN101746,2024-12,116900.0,5.873,360,780+,85-95,<=20,NY,REFINANCE,INVESTOR,SFR,CasaMortgage,2024
LN101747,2022-10,221500.0,4.736,180,780+,60-75,35-43,AZ,REFINANCE,OWNER,SFR,BetaLoan,2022
LN101748,2024-04,319800.0,6.863,360,680-739,<=60,<=20,PA,PURCHASE,OWNER,TOWNHOUSE,AlphaServ,2024
LN101749,2024-01,204400.0,6.947,180,620-679,60-75,35-43,WA,PURCHASE,OWNER,TOWNHOUSE,AlphaServ,2024
LN101750,2024-10,569300.0,6.028,180,740-779,<=60,>43,FL,PURCHASE,SECOND_HOME,CONDO,EagleTrust,2024
LN101751,2024-08,531400.0,6.887,360,620-679,85-95,>43,IL,PURCHASE,INVESTOR,SFR,AlphaServ,2024
LN101752,2023-09,176800.0,6.314,180,680-739,75-85,20-35,GA,REFINANCE,OWNER,TOWNHOUSE,DeltaHome,2023
LN101753,2022-11,237300.0,5.458,360,680-739,75-85,35-43,WA,PURCHASE,OWNER,SFR,CasaMortgage,2022
LN101754,2023-09,182200.0,5.975,360,780+,85-95,<=20,FL,PURCHASE,INVESTOR,SFR,AlphaServ,2023
LN101755,2022-08,233800.0,4.58,360,780+,85-95,>43,FL,PURCHASE,OWNER,CONDO,BetaLoan,2022
LN101756,2022-09,230600.0,5.352,240,740-779,75-85,<=20,GA,PURCHASE,OWNER,SFR,DeltaHome,2022
LN101757,2023-08,392200.0,6.733,360,620-679,75-85,20-35,GA,PURCHASE,OWNER,SFR,CasaMortgage,2023
LN101758,2023-06,171100.0,6.254,360,680-739,75-85,20-35,TX,REFINANCE,OWNER,TOWNHOUSE,EagleTrust,2023
LN101759,2023-07,78600.0,7.01,360,620-679,75-85,35-43,NY,PURCHASE,OWNER,SFR,EagleTrust,2023
LN101760,2022-11,124000.0,5.282,360,780+,60-75,35-43,FL,PURCHASE,OWNER,CONDO,DeltaHome,2022
LN101761,2022-12,160700.0,6.224,360,620-679,60-75,20-35,NY,REFINANCE,OWNER,SFR,CasaMortgage,2022
LN101762,2021-07,190000.0,4.87,360,<620,60-75,<=20,CA,REFINANCE,OWNER,SFR,AlphaServ,2021
LN101763,2023-08,277700.0,6.357,360,740-779,60-75,35-43,GA,CASHOUT_REFI,OWNER,SFR,DeltaHome,2023
LN101764,2023-07,157000.0,6.274,360,680-739,75-85,>43,TX,REFINANCE,OWNER,SFR,CasaMortgage,2023
LN101765,2024-10,148000.0,6.038,360,740-779,85-95,<=20,CA,PURCHASE,OWNER,SFR,BetaLoan,2024
LN101766,2023-04,168000.0,6.918,360,<620,75-85,35-43,IL,PURCHASE,OWNER,CONDO,DeltaHome,2023
LN101767,2023-02,154500.0,5.771,360,740-779,>95,20-35,CA,CASHOUT_REFI,OWNER,SFR,BetaLoan,2023
LN101768,2021-09,198900.0,4.967,360,<620,60-75,20-35,GA,REFINANCE,INVESTOR,SFR,CasaMortgage,2021
LN101769,2022-03,195100.0,5.466,360,<620,>95,<=20,OH,CASHOUT_REFI,OWNER,SFR,CasaMortgage,2022
LN101770,2022-09,348000.0,5.105,360,680-739,60-75,35-43,OH,PURCHASE,OWNER,SFR,DeltaHome,2022
LN101771,2022-10,163500.0,5.969,360,620-679,60-75,<=20,CA,CASHOUT_REFI,OWNER,SFR,BetaLoan,2022
LN101772,2022-10,217300.0,4.988,360,740-779,60-75,35-43,CA,CASHOUT_REFI,OWNER,SFR,AlphaServ,2022
LN101773,2022-11,199700.0,6.298,360,<620,60-75,20-35,GA,PURCHASE,INVESTOR,CONDO,CasaMortgage,2022
LN101774,2024-03,367300.0,7.441,360,<620,60-75,20-35,CA,PURCHASE,OWNER,CONDO,BetaLoan,2024
LN101775,2021-12,238100.0,3.744,180,740-779,75-85,20-35,CA,PURCHASE,OWNER,SFR,EagleTrust,2021
LN101776,2022-08,409500.0,5.376,360,620-679,60-75,35-43,MI,PURCHASE,OWNER,SFR,EagleTrust,2022
LN101777,2022-01,152000.0,3.895,180,740-779,<=60,<=20,TX,PURCHASE,OWNER,SFR,EagleTrust,2022
LN101778,2022-07,249600.0,4.747,360,740-779,60-75,20-35,IL,PURCHASE,OWNER,SFR,BetaLoan,2022
LN101779,2023-11,197000.0,7.282,360,<620,85-95,20-35,CA,CASHOUT_REFI,OWNER,SFR,EagleTrust,2023
LN101780,2021-08,147000.0,3.829,360,740-779,75-85,20-35,TX,PURCHASE,SECOND_HOME,SFR,AlphaServ,2021
LN101781,2022-09,247600.0,5.252,360,680-739,60-75,20-35,AZ,CASHOUT_REFI,OWNER,CONDO,CasaMortgage,2022
LN101782,2021-07,556700.0,3.957,360,680-739,<=60,<=20,MI,PURCHASE,INVESTOR,SFR,EagleTrust,2021
LN101783,2024-11,173900.0,7.627,240,<620,85-95,<=20,TX,REFINANCE,OWNER,SFR,AlphaServ,2024
LN101784,2024-01,241000.0,5.958,360,740-779,85-95,20-35,TX,PURCHASE,OWNER,SFR,DeltaHome,2024
LN101785,2022-05,141400.0,4.56,360,740-779,75-85,<=20,IL,PURCHASE,OWNER,SFR,CasaMortgage,2022
LN101786,2022-03,132400.0,4.326,360,680-739,75-85,20-35,GA,REFINANCE,SECOND_HOME,SFR,AlphaServ,2022
LN101787,2021-11,179100.0,3.569,360,780+,60-75,<=20,OH,PURCHASE,OWNER,SFR,AlphaServ,2021
LN101788,2023-02,208500.0,5.85,360,680-739,75-85,20-35,FL,PURCHASE,OWNER,SFR,AlphaServ,2023
LN101789,2024-02,212700.0,6.028,360,780+,85-95,<=20,WA,PURCHASE,OWNER,SFR,CasaMortgage,2024
LN101790,2023-07,230600.0,6.034,360,740-779,85-95,20-35,PA,REFINANCE,OWNER,SFR,DeltaHome,2023
LN101791,2024-08,121600.0,6.084,360,780+,60-75,35-43,GA,REFINANCE,OWNER,CONDO,EagleTrust,2024
LN101792,2022-09,192600.0,4.689,360,780+,85-95,35-43,AZ,PURCHASE,OWNER,SFR,DeltaHome,2022
LN101793,2022-06,319900.0,3.944,240,780+,75-85,20-35,FL,CASHOUT_REFI,OWNER,CONDO,DeltaHome,2022
LN101794,2023-03,138500.0,6.299,360,620-679,85-95,<=20,FL,PURCHASE,INVESTOR,MULTI_2_4,BetaLoan,2023
LN101795,2022-03,217600.0,4.378,360,740-779,85-95,20-35,FL,REFINANCE,OWNER,SFR,AlphaServ,2022
LN101796,2024-11,291200.0,6.304,360,740-779,85-95,20-35,TX,REFINANCE,OWNER,CONDO,BetaLoan,2024
LN101797,2022-02,179500.0,4.24,360,740-779,60-75,20-35,CA,PURCHASE,INVESTOR,CONDO,AlphaServ,2022
LN101798,2023-03,297700.0,5.985,360,680-739,60-75,>43,AZ,REFINANCE,INVESTOR,TOWNHOUSE,DeltaHome,2023
LN101799,2023-04,128700.0,5.71,360,780+,60-75,20-35,PA,PURCHASE,OWNER,SFR,BetaLoan,2023
LN101800,2021-09,380700.0,4.427,360,620-679,75-85,>43,OH,REFINANCE,INVESTOR,SFR,DeltaHome,2021
LN101801,2023-02,300900.0,5.858,360,680-739,75-85,20-35,GA,REFINANCE,OWNER,SFR,EagleTrust,2023
LN101802,2023-02,261700.0,5.819,360,680-739,85-95,20-35,TX,PURCHASE,OWNER,SFR,BetaLoan,2023
LN101803,2022-05,423400.0,5.32,360,620-679,75-85,<=20,CA,REFINANCE,OWNER,SFR,AlphaServ,2022
LN101804,2021-12,220100.0,3.51,360,740-779,75-85,<=20,NY,PURCHASE,OWNER,TOWNHOUSE,AlphaServ,2021
LN101805,2021-08,193300.0,4.493,360,620-679,75-85,<=20,GA,REFINANCE,OWNER,CONDO,CasaMortgage,2021
LN101806,2021-07,473400.0,3.76,240,740-779,60-75,>43,NC,PURCHASE,OWNER,SFR,AlphaServ,2021
LN101807,2023-03,584400.0,5.564,360,780+,60-75,20-35,GA,CASHOUT_REFI,OWNER,SFR,BetaLoan,2023
LN101808,2021-10,186800.0,4.141,360,680-739,60-75,>43,AZ,CASHOUT_REFI,OWNER,SFR,CasaMortgage,2021
LN101809,2024-11,242500.0,6.423,360,740-779,85-95,35-43,TX,PURCHASE,OWNER,SFR,BetaLoan,2024
LN101810,2022-05,408500.0,5.152,360,620-679,<=60,35-43,TX,REFINANCE,OWNER,SFR,AlphaServ,2022
LN101811,2023-10,246400.0,5.937,360,780+,60-75,>43,CA,REFINANCE,OWNER,CONDO,BetaLoan,2023
LN101812,2023-11,333600.0,6.123,360,780+,60-75,20-35,WA,REFINANCE,INVESTOR,TOWNHOUSE,BetaLoan,2023
LN101813,2023-03,362600.0,6.141,360,620-679,75-85,35-43,NY,PURCHASE,OWNER,SFR,CasaMortgage,2023
LN101814,2024-08,198200.0,6.129,360,740-779,>95,35-43,NY,REFINANCE,OWNER,SFR,BetaLoan,2024
LN101815,2021-11,308300.0,4.401,360,680-739,85-95,20-35,WA,PURCHASE,OWNER,SFR,DeltaHome,2021
LN101816,2022-04,254500.0,4.68,360,680-739,<=60,35-43,NY,CASHOUT_REFI,OWNER,MULTI_2_4,AlphaServ,2022
LN101817,2022-05,147600.0,4.193,360,740-779,75-85,>43,FL,PURCHASE,OWNER,SFR,BetaLoan,2022
LN101818,2021-12,163500.0,4.746,360,680-739,<=60,>43,TX,PURCHASE,SECOND_HOME,SFR,DeltaHome,2021
LN101819,2022-07,190300.0,4.671,360,740-779,85-95,<=20,NY,REFINANCE,OWNER,SFR,AlphaServ,2022
LN101820,2022-08,387600.0,5.4,360,620-679,60-75,<=20,NC,PURCHASE,OWNER,SFR,AlphaServ,2022
LN101821,2024-03,393400.0,6.717,360,620-679,60-75,20-35,AZ,PURCHASE,OWNER,SFR,CasaMortgage,2024
LN101822,2022-07,357700.0,4.745,360,780+,75-85,35-43,TX,REFINANCE,OWNER,SFR,BetaLoan,2022
LN101823,2024-07,311200.0,7.303,360,<620,75-85,<=20,NC,PURCHASE,OWNER,SFR,EagleTrust,2024
LN101824,2024-03,307400.0,6.505,360,680-739,>95,35-43,CA,PURCHASE,OWNER,CONDO,DeltaHome,2024
LN101825,2024-08,289200.0,7.02,360,620-679,<=60,20-35,PA,REFINANCE,OWNER,SFR,BetaLoan,2024
LN101826,2021-11,306600.0,3.35,360,780+,>95,>43,FL,PURCHASE,OWNER,SFR,AlphaServ,2021
LN101827,2024-12,316100.0,6.62,360,680-739,60-75,35-43,CA,PURCHASE,OWNER,SFR,AlphaServ,2024
LN101828,2023-08,135700.0,6.232,360,680-739,60-75,20-35,NY,PURCHASE,OWNER,SFR,BetaLoan,2023
LN101829,2024-12,178900.0,7.067,360,620-679,85-95,20-35,AZ,PURCHASE,SECOND_HOME,SFR,AlphaServ,2024
LN101830,2022-09,160700.0,5.329,360,680-739,75-85,35-43,TX,REFINANCE,OWNER,SFR,AlphaServ,2022
LN101831,2024-11,420100.0,6.207,360,780+,85-95,20-35,FL,PURCHASE,OWNER,SFR,DeltaHome,2024
LN101832,2023-07,537300.0,6.377,240,680-739,75-85,20-35,TX,CASHOUT_REFI,OWNER,MULTI_2_4,CasaMortgage,2023
LN101833,2021-10,96200.0,4.342,360,680-739,75-85,>43,WA,PURCHASE,OWNER,MULTI_2_4,AlphaServ,2021
LN101834,2022-12,516200.0,5.468,360,740-779,60-75,35-43,NY,CASHOUT_REFI,OWNER,SFR,AlphaServ,2022
LN101835,2021-12,265400.0,4.265,360,680-739,>95,>43,WA,PURCHASE,OWNER,SFR,BetaLoan,2021
LN101836,2024-10,402600.0,6.588,180,680-739,85-95,20-35,CA,REFINANCE,OWNER,CONDO,AlphaServ,2024
LN101837,2022-07,320600.0,4.467,180,680-739,75-85,35-43,NY,PURCHASE,OWNER,CONDO,BetaLoan,2022
LN101838,2022-04,488100.0,4.934,360,620-679,85-95,>43,IL,PURCHASE,OWNER,SFR,AlphaServ,2022
LN101839,2023-06,280500.0,6.191,240,740-779,<=60,35-43,TX,PURCHASE,OWNER,SFR,BetaLoan,2023
LN101840,2022-12,138200.0,4.956,360,780+,85-95,>43,IL,REFINANCE,OWNER,SFR,CasaMortgage,2022
LN101841,2021-11,243400.0,3.608,360,780+,75-85,35-43,FL,PURCHASE,OWNER,SFR,CasaMortgage,2021
LN101842,2024-05,321900.0,5.81,240,780+,85-95,<=20,TX,PURCHASE,INVESTOR,CONDO,BetaLoan,2024
LN101843,2024-06,231600.0,6.261,180,680-739,85-95,20-35,FL,REFINANCE,OWNER,CONDO,CasaMortgage,2024
LN101844,2024-02,343200.0,6.896,360,620-679,75-85,35-43,GA,REFINANCE,OWNER,SFR,CasaMortgage,2024
LN101845,2023-08,247800.0,6.167,360,740-779,85-95,>43,IL,PURCHASE,OWNER,SFR,BetaLoan,2023
LN101846,2022-11,195200.0,5.002,360,780+,85-95,35-43,NY,REFINANCE,OWNER,SFR,AlphaServ,2022
LN101847,2023-05,156600.0,5.677,360,740-779,<=60,20-35,PA,REFINANCE,SECOND_HOME,SFR,CasaMortgage,2023
LN101848,2023-04,214000.0,5.907,360,680-739,85-95,35-43,GA,PURCHASE,OWNER,SFR,AlphaServ,2023
LN101849,2022-01,279900.0,3.871,360,740-779,75-85,35-43,GA,REFINANCE,OWNER,SFR,AlphaServ,2022
LN101850,2021-10,105700.0,3.8,360,740-779,85-95,20-35,TX,PURCHASE,OWNER,SFR,AlphaServ,2021
LN101851,2022-05,179700.0,4.071,180,780+,85-95,20-35,MI,PURCHASE,OWNER,CONDO,BetaLoan,2022
LN101852,2023-02,103900.0,5.818,360,740-779,60-75,>43,CA,REFINANCE,OWNER,SFR,EagleTrust,2023
LN101853,2022-01,193400.0,4.216,360,680-739,<=60,20-35,TX,REFINANCE,OWNER,SFR,BetaLoan,2022
LN101854,2021-11,437500.0,4.12,360,680-739,60-75,20-35,NY,PURCHASE,OWNER,CONDO,BetaLoan,2021
LN101855,2024-06,149700.0,6.671,360,680-739,85-95,20-35,AZ,REFINANCE,OWNER,SFR,CasaMortgage,2024
LN101856,2022-10,350300.0,5.047,360,680-739,85-95,<=20,CA,PURCHASE,OWNER,SFR,AlphaServ,2022
LN101857,2023-07,919900.0,6.109,180,780+,85-95,35-43,NY,REFINANCE,OWNER,SFR,DeltaHome,2023
LN101858,2023-05,490900.0,6.35,360,680-739,85-95,>43,CA,PURCHASE,OWNER,SFR,EagleTrust,2023
LN101859,2024-01,271100.0,6.691,360,680-739,75-85,35-43,TX,REFINANCE,OWNER,SFR,CasaMortgage,2024
LN101860,2024-02,375600.0,6.828,360,620-679,75-85,35-43,NY,CASHOUT_REFI,SECOND_HOME,MULTI_2_4,AlphaServ,2024
LN101861,2022-07,137800.0,4.542,180,740-779,>95,35-43,CA,PURCHASE,OWNER,CONDO,EagleTrust,2022
LN101862,2024-06,125700.0,6.466,360,680-739,<=60,20-35,PA,PURCHASE,OWNER,SFR,AlphaServ,2024
LN101863,2022-10,258600.0,5.743,360,620-679,75-85,20-35,CA,PURCHASE,OWNER,SFR,AlphaServ,2022
LN101864,2024-06,305400.0,6.504,360,740-779,60-75,20-35,OH,PURCHASE,SECOND_HOME,SFR,CasaMortgage,2024
LN101865,2022-12,417700.0,5.331,360,680-739,<=60,20-35,TX,CASHOUT_REFI,OWNER,SFR,CasaMortgage,2022
LN101866,2021-11,197600.0,4.443,360,680-739,75-85,<=20,CA,CASHOUT_REFI,OWNER,SFR,AlphaServ,2021
LN101867,2024-02,278500.0,6.923,240,620-679,60-75,35-43,IL,REFINANCE,OWNER,SFR,CasaMortgage,2024
LN101868,2021-08,274200.0,4.262,360,680-739,75-85,<=20,FL,CASHOUT_REFI,SECOND_HOME,SFR,EagleTrust,2021
LN101869,2024-03,240600.0,6.341,360,740-779,<=60,20-35,CA,PURCHASE,OWNER,TOWNHOUSE,DeltaHome,2024
LN101870,2021-08,247100.0,3.684,360,780+,75-85,20-35,CA,REFINANCE,OWNER,SFR,AlphaServ,2021
LN101871,2022-03,173800.0,5.595,360,<620,60-75,>43,FL,PURCHASE,OWNER,TOWNHOUSE,BetaLoan,2022
LN101872,2023-08,289500.0,5.869,360,780+,85-95,20-35,MI,REFINANCE,OWNER,SFR,EagleTrust,2023
LN101873,2024-10,278700.0,6.052,180,740-779,75-85,35-43,PA,REFINANCE,OWNER,SFR,BetaLoan,2024
LN101874,2022-12,209400.0,5.519,180,680-739,85-95,20-35,CA,REFINANCE,OWNER,TOWNHOUSE,DeltaHome,2022
LN101875,2021-12,344400.0,4.846,360,620-679,75-85,20-35,TX,PURCHASE,OWNER,SFR,AlphaServ,2021
LN101876,2022-04,405400.0,4.906,360,680-739,<=60,<=20,FL,CASHOUT_REFI,OWNER,CONDO,AlphaServ,2022
LN101877,2024-08,346200.0,6.128,180,740-779,85-95,<=20,GA,REFINANCE,INVESTOR,SFR,AlphaServ,2024
LN101878,2024-01,159700.0,7.149,360,620-679,<=60,20-35,FL,CASHOUT_REFI,OWNER,SFR,AlphaServ,2024
LN101879,2021-11,267000.0,4.383,360,680-739,75-85,20-35,TX,PURCHASE,OWNER,SFR,DeltaHome,2021
LN101880,2022-11,169400.0,4.98,360,740-779,75-85,35-43,OH,PURCHASE,OWNER,SFR,AlphaServ,2022
LN101881,2022-06,266600.0,4.535,360,780+,85-95,<=20,NC,CASHOUT_REFI,OWNER,CONDO,DeltaHome,2022
LN101882,2022-02,169700.0,4.023,360,740-779,85-95,20-35,IL,REFINANCE,OWNER,SFR,CasaMortgage,2022
LN101883,2024-06,453500.0,6.551,360,740-779,60-75,<=20,GA,PURCHASE,OWNER,CONDO,BetaLoan,2024
LN101884,2023-08,363100.0,6.837,360,620-679,85-95,35-43,CA,PURCHASE,OWNER,SFR,BetaLoan,2023
LN101885,2022-02,428800.0,4.383,360,780+,75-85,20-35,FL,PURCHASE,OWNER,SFR,CasaMortgage,2022
LN101886,2023-10,409700.0,6.473,360,680-739,85-95,20-35,GA,CASHOUT_REFI,OWNER,SFR,BetaLoan,2023
LN101887,2022-12,226000.0,5.977,180,620-679,>95,35-43,GA,PURCHASE,OWNER,TOWNHOUSE,DeltaHome,2022
LN101888,2021-09,210800.0,3.711,360,780+,75-85,20-35,TX,PURCHASE,OWNER,TOWNHOUSE,AlphaServ,2021
LN101889,2023-01,558900.0,6.353,360,620-679,60-75,<=20,FL,PURCHASE,OWNER,SFR,AlphaServ,2023
LN101890,2022-02,237000.0,4.94,180,620-679,85-95,20-35,TX,PURCHASE,OWNER,SFR,CasaMortgage,2022
LN101891,2022-05,138800.0,4.384,360,740-779,75-85,>43,AZ,PURCHASE,SECOND_HOME,SFR,BetaLoan,2022
LN101892,2024-07,401700.0,7.119,360,620-679,85-95,>43,FL,CASHOUT_REFI,OWNER,CONDO,AlphaServ,2024
LN101893,2023-12,272300.0,6.727,360,620-679,75-85,20-35,AZ,CASHOUT_REFI,OWNER,SFR,CasaMortgage,2023
LN101894,2021-12,502700.0,3.573,360,740-779,>95,20-35,AZ,PURCHASE,OWNER,MULTI_2_4,DeltaHome,2021
LN101895,2024-06,284700.0,6.352,240,740-779,<=60,20-35,IL,CASHOUT_REFI,OWNER,SFR,CasaMortgage,2024
LN101896,2023-07,253000.0,6.449,240,740-779,85-95,20-35,AZ,REFINANCE,OWNER,SFR,BetaLoan,2023
LN101897,2024-07,507200.0,7.091,360,620-679,60-75,>43,CA,REFINANCE,OWNER,SFR,CasaMortgage,2024
LN101898,2024-02,127700.0,6.433,180,680-739,85-95,<=20,CA,PURCHASE,OWNER,TOWNHOUSE,BetaLoan,2024
LN101899,2022-09,196100.0,4.927,360,740-779,>95,20-35,NY,REFINANCE,OWNER,SFR,CasaMortgage,2022
LN101900,2023-05,171200.0,6.613,360,620-679,75-85,<=20,NC,CASHOUT_REFI,INVESTOR,SFR,BetaLoan,2023
LN101901,2023-05,95100.0,6.45,360,620-679,85-95,35-43,WA,REFINANCE,OWNER,SFR,CasaMortgage,2023
LN101902,2024-01,378100.0,7.28,360,<620,60-75,20-35,IL,PURCHASE,OWNER,SFR,EagleTrust,2024
LN101903,2022-05,198600.0,4.822,360,680-739,60-75,20-35,CA,PURCHASE,OWNER,SFR,CasaMortgage,2022
LN101904,2022-08,383600.0,5.624,240,620-679,75-85,20-35,TX,PURCHASE,OWNER,SFR,CasaMortgage,2022
LN101905,2022-05,304100.0,4.286,360,740-779,75-85,<=20,NY,REFINANCE,OWNER,CONDO,AlphaServ,2022
LN101906,2022-07,335400.0,4.261,360,780+,<=60,<=20,NC,PURCHASE,OWNER,TOWNHOUSE,AlphaServ,2022
LN101907,2022-01,208000.0,4.716,360,620-679,85-95,>43,OH,PURCHASE,OWNER,CONDO,AlphaServ,2022
LN101908,2021-08,181000.0,3.7,360,740-779,85-95,35-43,AZ,REFINANCE,OWNER,SFR,BetaLoan,2021
LN101909,2024-10,265800.0,7.045,360,620-679,<=60,35-43,TX,CASHOUT_REFI,SECOND_HOME,SFR,AlphaServ,2024
LN101910,2021-10,386000.0,4.926,180,<620,<=60,20-35,OH,REFINANCE,INVESTOR,TOWNHOUSE,AlphaServ,2021
LN101911,2024-08,249500.0,6.323,240,740-779,60-75,20-35,CA,REFINANCE,INVESTOR,SFR,AlphaServ,2024
LN101912,2021-07,186100.0,4.115,360,680-739,75-85,35-43,GA,PURCHASE,INVESTOR,SFR,EagleTrust,2021
LN101913,2024-03,148800.0,6.22,360,780+,85-95,<=20,MI,REFINANCE,OWNER,SFR,AlphaServ,2024
LN101914,2022-08,279800.0,5.126,360,680-739,75-85,35-43,IL,REFINANCE,OWNER,CONDO,BetaLoan,2022
LN101915,2023-04,198900.0,6.401,180,620-679,<=60,20-35,NY,PURCHASE,OWNER,SFR,EagleTrust,2023
LN101916,2022-06,247100.0,4.818,360,680-739,85-95,20-35,TX,CASHOUT_REFI,OWNER,SFR,AlphaServ,2022
LN101917,2023-03,229200.0,6.396,360,620-679,<=60,20-35,WA,PURCHASE,INVESTOR,SFR,AlphaServ,2023
LN101918,2023-01,209000.0,5.669,360,780+,75-85,35-43,GA,REFINANCE,OWNER,SFR,CasaMortgage,2023
LN101919,2023-05,291300.0,5.812,360,740-779,75-85,>43,PA,REFINANCE,OWNER,TOWNHOUSE,CasaMortgage,2023
LN101920,2022-11,327600.0,5.896,360,680-739,>95,<=20,CA,CASHOUT_REFI,INVESTOR,CONDO,DeltaHome,2022
LN101921,2023-05,618100.0,6.216,180,680-739,85-95,<=20,TX,PURCHASE,OWNER,TOWNHOUSE,CasaMortgage,2023
LN101922,2024-05,359000.0,6.512,360,680-739,<=60,35-43,IL,PURCHASE,OWNER,SFR,AlphaServ,2024
LN101923,2023-01,522900.0,5.39,360,740-779,60-75,35-43,OH,CASHOUT_REFI,OWNER,SFR,AlphaServ,2023
LN101924,2022-10,176600.0,5.624,360,620-679,60-75,20-35,NY,PURCHASE,SECOND_HOME,SFR,BetaLoan,2022
LN101925,2021-12,124200.0,5.143,360,<620,60-75,>43,FL,PURCHASE,OWNER,SFR,AlphaServ,2021
LN101926,2022-10,253600.0,5.806,360,620-679,75-85,35-43,NY,PURCHASE,OWNER,SFR,AlphaServ,2022
LN101927,2021-12,375500.0,4.278,360,680-739,75-85,<=20,FL,REFINANCE,OWNER,CONDO,DeltaHome,2021
LN101928,2022-02,349900.0,4.83,360,680-739,85-95,<=20,CA,REFINANCE,OWNER,SFR,DeltaHome,2022
LN101929,2024-10,440300.0,7.675,360,<620,<=60,<=20,NC,PURCHASE,OWNER,SFR,AlphaServ,2024
LN101930,2021-10,81500.0,4.174,360,680-739,75-85,35-43,MI,REFINANCE,OWNER,CONDO,BetaLoan,2021
LN101931,2023-03,448600.0,5.956,360,680-739,85-95,20-35,FL,REFINANCE,OWNER,SFR,EagleTrust,2023
LN101932,2024-06,296800.0,7.226,240,<620,75-85,>43,WA,REFINANCE,OWNER,TOWNHOUSE,CasaMortgage,2024
LN101933,2024-11,127400.0,6.049,360,780+,75-85,35-43,WA,PURCHASE,OWNER,SFR,CasaMortgage,2024
LN101934,2022-01,353500.0,4.227,360,740-779,85-95,35-43,OH,REFINANCE,OWNER,SFR,CasaMortgage,2022
LN101935,2022-01,275500.0,4.584,360,680-739,85-95,<=20,MI,REFINANCE,OWNER,SFR,BetaLoan,2022
LN101936,2022-10,303000.0,5.317,360,680-739,75-85,<=20,OH,PURCHASE,OWNER,SFR,DeltaHome,2022
LN101937,2023-06,400200.0,6.034,360,680-739,>95,>43,TX,REFINANCE,OWNER,TOWNHOUSE,AlphaServ,2023
LN101938,2024-11,309800.0,6.203,180,740-779,<=60,20-35,CA,REFINANCE,OWNER,CONDO,CasaMortgage,2024
LN101939,2022-03,131600.0,4.313,360,740-779,<=60,>43,FL,PURCHASE,OWNER,SFR,BetaLoan,2022
LN101940,2022-01,239300.0,4.289,360,680-739,75-85,20-35,TX,REFINANCE,SECOND_HOME,SFR,DeltaHome,2022
LN101941,2022-05,123300.0,4.331,360,780+,60-75,35-43,AZ,PURCHASE,OWNER,SFR,CasaMortgage,2022
LN101942,2024-07,341800.0,6.252,360,740-779,60-75,20-35,WA,PURCHASE,INVESTOR,CONDO,AlphaServ,2024
LN101943,2021-08,478800.0,3.8,360,740-779,60-75,<=20,OH,CASHOUT_REFI,OWNER,SFR,DeltaHome,2021
LN101944,2022-10,146000.0,5.86,360,620-679,85-95,20-35,OH,PURCHASE,OWNER,SFR,BetaLoan,2022
LN101945,2021-11,188700.0,4.599,240,620-679,75-85,>43,WA,CASHOUT_REFI,OWNER,TOWNHOUSE,DeltaHome,2021
LN101946,2022-01,171600.0,3.818,360,740-779,85-95,20-35,MI,REFINANCE,OWNER,SFR,AlphaServ,2022
LN101947,2024-09,208100.0,6.764,360,680-739,60-75,20-35,TX,PURCHASE,OWNER,SFR,BetaLoan,2024
LN101948,2021-07,307300.0,3.632,360,740-779,75-85,35-43,WA,PURCHASE,OWNER,SFR,CasaMortgage,2021
LN101949,2022-08,209100.0,4.418,180,740-779,60-75,35-43,OH,PURCHASE,OWNER,CONDO,AlphaServ,2022
LN101950,2024-09,342400.0,6.923,360,620-679,<=60,35-43,CA,REFINANCE,OWNER,SFR,BetaLoan,2024
LN101951,2023-08,412300.0,6.457,180,680-739,85-95,20-35,TX,PURCHASE,OWNER,TOWNHOUSE,DeltaHome,2023
LN101952,2021-10,419100.0,4.324,360,680-739,60-75,20-35,MI,REFINANCE,OWNER,SFR,AlphaServ,2021
LN101953,2023-02,154300.0,5.957,360,680-739,85-95,20-35,CA,CASHOUT_REFI,OWNER,SFR,BetaLoan,2023
LN101954,2024-11,476200.0,6.511,360,680-739,85-95,>43,PA,CASHOUT_REFI,SECOND_HOME,SFR,DeltaHome,2024
LN101955,2022-11,493700.0,5.277,240,740-779,85-95,>43,MI,REFINANCE,INVESTOR,CONDO,AlphaServ,2022
LN101956,2023-05,513300.0,6.074,360,680-739,75-85,35-43,CA,PURCHASE,OWNER,SFR,AlphaServ,2023
LN101957,2023-05,237800.0,5.839,360,740-779,85-95,20-35,FL,PURCHASE,OWNER,SFR,BetaLoan,2023
LN101958,2023-10,182000.0,6.63,360,680-739,<=60,>43,IL,PURCHASE,OWNER,SFR,EagleTrust,2023
LN101959,2022-02,163900.0,4.036,360,740-779,>95,<=20,CA,PURCHASE,OWNER,SFR,CasaMortgage,2022
LN101960,2024-06,155500.0,7.001,360,620-679,<=60,<=20,OH,CASHOUT_REFI,OWNER,SFR,DeltaHome,2024
LN101961,2024-12,256600.0,6.092,240,740-779,75-85,20-35,WA,REFINANCE,OWNER,SFR,EagleTrust,2024
LN101962,2021-12,373800.0,3.858,180,740-779,>95,35-43,GA,PURCHASE,OWNER,SFR,BetaLoan,2021
LN101963,2024-05,459500.0,6.945,360,620-679,60-75,<=20,IL,PURCHASE,OWNER,TOWNHOUSE,AlphaServ,2024
LN101964,2024-05,205200.0,6.548,240,680-739,85-95,20-35,PA,PURCHASE,OWNER,SFR,AlphaServ,2024
LN101965,2024-02,250800.0,6.237,360,740-779,75-85,35-43,WA,PURCHASE,OWNER,CONDO,CasaMortgage,2024
LN101966,2022-10,243600.0,5.864,360,620-679,85-95,35-43,AZ,PURCHASE,OWNER,SFR,CasaMortgage,2022
LN101967,2023-02,191800.0,5.277,360,740-779,<=60,<=20,CA,REFINANCE,OWNER,SFR,AlphaServ,2023
LN101968,2024-06,355400.0,6.001,360,780+,75-85,20-35,CA,PURCHASE,OWNER,MULTI_2_4,DeltaHome,2024
LN101969,2022-01,300500.0,3.945,360,780+,60-75,35-43,GA,REFINANCE,INVESTOR,SFR,AlphaServ,2022
LN101970,2024-05,272100.0,6.83,360,680-739,<=60,<=20,TX,PURCHASE,OWNER,TOWNHOUSE,CasaMortgage,2024
LN101971,2024-09,299900.0,6.326,360,680-739,85-95,<=20,IL,PURCHASE,SECOND_HOME,TOWNHOUSE,BetaLoan,2024
LN101972,2023-11,336700.0,5.806,360,780+,85-95,>43,PA,PURCHASE,OWNER,SFR,CasaMortgage,2023
LN101973,2022-09,335200.0,5.013,360,740-779,85-95,35-43,WA,PURCHASE,OWNER,SFR,CasaMortgage,2022
LN101974,2023-06,175000.0,6.857,360,620-679,85-95,20-35,FL,PURCHASE,OWNER,SFR,DeltaHome,2023
LN101975,2021-09,382100.0,4.87,360,<620,85-95,20-35,PA,REFINANCE,INVESTOR,SFR,AlphaServ,2021
LN101976,2024-10,286300.0,5.895,360,740-779,75-85,35-43,IL,REFINANCE,OWNER,SFR,BetaLoan,2024
LN101977,2022-09,209900.0,5.316,360,680-739,60-75,20-35,GA,REFINANCE,OWNER,TOWNHOUSE,AlphaServ,2022
LN101978,2021-09,283600.0,4.352,180,620-679,85-95,35-43,CA,CASHOUT_REFI,OWNER,MULTI_2_4,BetaLoan,2021
LN101979,2024-04,298000.0,7.261,180,620-679,85-95,35-43,CA,CASHOUT_REFI,OWNER,SFR,AlphaServ,2024
LN101980,2023-10,415300.0,6.15,360,740-779,60-75,<=20,MI,REFINANCE,OWNER,SFR,DeltaHome,2023
LN101981,2023-09,159400.0,6.223,240,680-739,75-85,20-35,OH,PURCHASE,OWNER,MULTI_2_4,BetaLoan,2023
LN101982,2021-09,463400.0,3.446,360,780+,60-75,20-35,PA,PURCHASE,OWNER,SFR,BetaLoan,2021
LN101983,2024-02,257900.0,6.286,360,740-779,85-95,35-43,CA,REFINANCE,INVESTOR,SFR,BetaLoan,2024
LN101984,2023-09,203300.0,5.873,180,780+,60-75,35-43,TX,CASHOUT_REFI,OWNER,SFR,BetaLoan,2023
LN101985,2024-04,200500.0,6.093,360,780+,75-85,35-43,CA,CASHOUT_REFI,OWNER,CONDO,CasaMortgage,2024
LN101986,2024-05,162700.0,7.503,360,620-679,85-95,20-35,GA,REFINANCE,OWNER,SFR,EagleTrust,2024
LN101987,2022-03,116600.0,4.032,360,740-779,>95,20-35,GA,REFINANCE,OWNER,SFR,BetaLoan,2022
LN101988,2022-03,346200.0,5.556,360,<620,75-85,35-43,NY,PURCHASE,INVESTOR,SFR,DeltaHome,2022
LN101989,2024-09,622400.0,6.278,360,780+,85-95,20-35,CA,PURCHASE,OWNER,SFR,BetaLoan,2024
LN101990,2023-05,123300.0,6.414,360,680-739,85-95,>43,CA,PURCHASE,OWNER,SFR,BetaLoan,2023
LN101991,2023-01,166400.0,5.322,180,740-779,<=60,20-35,TX,PURCHASE,OWNER,SFR,EagleTrust,2023
LN101992,2022-07,358000.0,4.515,360,780+,75-85,20-35,CA,REFINANCE,OWNER,SFR,AlphaServ,2022
LN101993,2023-09,250100.0,6.574,360,620-679,75-85,35-43,WA,PURCHASE,INVESTOR,SFR,BetaLoan,2023
LN101994,2024-02,371600.0,6.401,360,740-779,<=60,35-43,TX,REFINANCE,OWNER,SFR,DeltaHome,2024
LN101995,2021-07,243800.0,4.85,180,<620,75-85,20-35,TX,REFINANCE,OWNER,SFR,CasaMortgage,2021
LN101996,2023-06,196600.0,6.331,360,680-739,<=60,20-35,MI,CASHOUT_REFI,OWNER,SFR,AlphaServ,2023
LN101997,2024-12,230600.0,6.714,360,680-739,85-95,35-43,WA,CASHOUT_REFI,OWNER,SFR,AlphaServ,2024
LN101998,2022-06,87400.0,4.908,360,680-739,60-75,20-35,GA,REFINANCE,OWNER,SFR,DeltaHome,2022
LN101999,2022-06,152600.0,4.604,360,740-779,60-75,20-35,TX,REFINANCE,OWNER,SFR,BetaLoan,2022
LN102000,2024-07,391100.0,6.027,360,780+,75-85,35-43,NY,REFINANCE,SECOND_HOME,CONDO,BetaLoan,2024
LN102001,2021-09,436400.0,4.332,360,680-739,85-95,<=20,CA,PURCHASE,OWNER,TOWNHOUSE,AlphaServ,2021
LN102002,2022-11,480600.0,5.15,360,740-779,>95,35-43,CA,REFINANCE,INVESTOR,SFR,BetaLoan,2022
LN102003,2023-02,311300.0,5.497,360,780+,85-95,<=20,NC,CASHOUT_REFI,OWNER,CONDO,BetaLoan,2023
LN102004,2024-04,92500.0,6.381,360,740-779,85-95,35-43,PA,PURCHASE,OWNER,SFR,DeltaHome,2024
LN102005,2021-12,191800.0,5.308,360,<620,60-75,20-35,TX,PURCHASE,OWNER,SFR,AlphaServ,2021
LN102006,2023-01,463300.0,5.363,360,780+,75-85,20-35,NC,PURCHASE,OWNER,TOWNHOUSE,CasaMortgage,2023
LN102007,2022-01,529900.0,5.067,240,<620,60-75,20-35,GA,PURCHASE,OWNER,TOWNHOUSE,EagleTrust,2022
LN102008,2024-04,471300.0,6.579,360,680-739,>95,20-35,IL,REFINANCE,OWNER,SFR,AlphaServ,2024
LN102009,2023-09,229500.0,5.838,360,740-779,<=60,35-43,FL,REFINANCE,OWNER,CONDO,CasaMortgage,2023
LN102010,2023-03,141800.0,5.682,360,740-779,75-85,20-35,WA,PURCHASE,OWNER,SFR,AlphaServ,2023
LN102011,2022-11,250600.0,6.069,360,620-679,60-75,20-35,TX,PURCHASE,SECOND_HOME,SFR,BetaLoan,2022
LN102012,2022-01,257000.0,4.927,240,620-679,85-95,>43,TX,REFINANCE,OWNER,SFR,BetaLoan,2022
LN102013,2024-09,516300.0,6.131,360,740-779,60-75,<=20,CA,CASHOUT_REFI,OWNER,SFR,CasaMortgage,2024
LN102014,2023-10,282800.0,7.245,360,620-679,85-95,20-35,GA,PURCHASE,OWNER,SFR,EagleTrust,2023
LN102015,2022-08,257200.0,4.861,360,680-739,>95,20-35,AZ,PURCHASE,OWNER,TOWNHOUSE,DeltaHome,2022
LN102016,2022-12,263800.0,5.47,360,740-779,60-75,35-43,CA,PURCHASE,OWNER,SFR,AlphaServ,2022
LN102017,2024-01,305600.0,6.653,360,680-739,85-95,20-35,CA,PURCHASE,OWNER,SFR,DeltaHome,2024
LN102018,2024-01,338400.0,7.056,180,620-679,60-75,20-35,AZ,PURCHASE,SECOND_HOME,SFR,AlphaServ,2024
LN102019,2023-02,184200.0,5.997,360,680-739,75-85,35-43,GA,PURCHASE,OWNER,SFR,CasaMortgage,2023
LN102020,2022-07,158600.0,4.519,360,780+,60-75,20-35,WA,PURCHASE,INVESTOR,SFR,AlphaServ,2022
LN102021,2023-10,473000.0,6.783,360,680-739,75-85,35-43,NC,PURCHASE,OWNER,SFR,DeltaHome,2023
LN102022,2023-10,122000.0,7.192,360,<620,60-75,<=20,MI,PURCHASE,OWNER,SFR,DeltaHome,2023
LN102023,2023-08,533400.0,6.738,180,620-679,85-95,20-35,IL,CASHOUT_REFI,OWNER,TOWNHOUSE,CasaMortgage,2023
LN102024,2021-10,108000.0,4.182,360,680-739,85-95,20-35,TX,CASHOUT_REFI,OWNER,SFR,AlphaServ,2021
LN102025,2023-02,196200.0,5.402,360,780+,75-85,<=20,OH,CASHOUT_REFI,OWNER,CONDO,AlphaServ,2023
LN102026,2023-08,395300.0,6.23,360,680-739,<=60,20-35,FL,PURCHASE,OWNER,SFR,AlphaServ,2023
LN102027,2024-10,255300.0,7.539,180,<620,<=60,<=20,IL,PURCHASE,OWNER,SFR,BetaLoan,2024
LN102028,2023-05,141200.0,6.255,360,680-739,60-75,20-35,IL,PURCHASE,OWNER,SFR,BetaLoan,2023
LN102029,2022-09,309200.0,5.985,360,620-679,>95,>43,CA,PURCHASE,OWNER,TOWNHOUSE,AlphaServ,2022
LN102030,2023-06,263100.0,6.429,360,680-739,75-85,>43,GA,REFINANCE,OWNER,SFR,DeltaHome,2023
LN102031,2022-02,231600.0,4.132,360,780+,85-95,20-35,FL,REFINANCE,INVESTOR,SFR,BetaLoan,2022
LN102032,2021-10,192800.0,4.051,180,740-779,>95,<=20,PA,PURCHASE,OWNER,SFR,CasaMortgage,2021
LN102033,2023-11,251300.0,7.23,360,<620,60-75,>43,CA,PURCHASE,OWNER,CONDO,CasaMortgage,2023
LN102034,2024-12,196400.0,6.419,360,680-739,75-85,20-35,OH,REFINANCE,OWNER,CONDO,AlphaServ,2024
LN102035,2024-06,763400.0,6.931,180,620-679,85-95,20-35,FL,REFINANCE,OWNER,CONDO,CasaMortgage,2024
LN102036,2023-07,229100.0,6.95,360,620-679,75-85,35-43,CA,REFINANCE,OWNER,SFR,BetaLoan,2023
LN102037,2021-08,215700.0,3.812,180,740-779,<=60,20-35,NY,PURCHASE,OWNER,SFR,BetaLoan,2021
LN102038,2024-12,200000.0,6.489,360,680-739,85-95,20-35,NY,REFINANCE,OWNER,SFR,CasaMortgage,2024
LN102039,2023-01,567900.0,5.513,360,740-779,>95,35-43,MI,PURCHASE,OWNER,SFR,AlphaServ,2023
LN102040,2022-07,122100.0,4.71,180,780+,85-95,20-35,CA,REFINANCE,OWNER,SFR,AlphaServ,2022
LN102041,2024-08,300100.0,6.799,180,620-679,85-95,35-43,PA,PURCHASE,OWNER,SFR,BetaLoan,2024
LN102042,2024-02,229200.0,6.089,360,780+,85-95,>43,CA,REFINANCE,OWNER,CONDO,AlphaServ,2024
LN102043,2024-02,134500.0,6.85,360,680-739,75-85,20-35,IL,PURCHASE,OWNER,SFR,AlphaServ,2024
LN102044,2022-06,176600.0,5.379,360,620-679,60-75,>43,GA,PURCHASE,OWNER,SFR,CasaMortgage,2022
LN102045,2024-12,294400.0,6.123,360,740-779,>95,20-35,CA,REFINANCE,OWNER,SFR,CasaMortgage,2024
LN102046,2023-02,173000.0,6.891,180,<620,<=60,>43,CA,CASHOUT_REFI,SECOND_HOME,SFR,AlphaServ,2023
LN102047,2023-05,286900.0,5.962,360,680-739,85-95,20-35,TX,CASHOUT_REFI,OWNER,SFR,BetaLoan,2023
LN102048,2024-02,555800.0,6.163,180,740-779,60-75,20-35,NY,REFINANCE,OWNER,SFR,EagleTrust,2024
LN102049,2023-10,275600.0,6.437,360,680-739,85-95,35-43,FL,REFINANCE,OWNER,SFR,EagleTrust,2023
LN102050,2022-02,132700.0,3.752,360,780+,85-95,>43,WA,PURCHASE,OWNER,SFR,BetaLoan,2022
LN102051,2022-07,174400.0,5.542,240,620-679,85-95,35-43,TX,CASHOUT_REFI,OWNER,SFR,EagleTrust,2022
LN102052,2022-10,224500.0,4.724,360,780+,60-75,35-43,AZ,PURCHASE,INVESTOR,SFR,DeltaHome,2022
LN102053,2024-10,217800.0,7.657,360,<620,75-85,>43,WA,REFINANCE,OWNER,SFR,AlphaServ,2024
LN102054,2024-01,273300.0,7.065,360,620-679,60-75,20-35,TX,REFINANCE,OWNER,SFR,AlphaServ,2024
LN102055,2022-10,293800.0,5.318,180,680-739,<=60,>43,MI,CASHOUT_REFI,OWNER,CONDO,AlphaServ,2022
LN102056,2024-01,556100.0,6.177,360,740-779,75-85,<=20,WA,REFINANCE,OWNER,SFR,AlphaServ,2024
LN102057,2024-02,254800.0,6.982,240,620-679,>95,<=20,TX,PURCHASE,OWNER,MULTI_2_4,BetaLoan,2024
LN102058,2022-11,152000.0,5.233,180,780+,>95,20-35,IL,CASHOUT_REFI,SECOND_HOME,SFR,CasaMortgage,2022
LN102059,2022-11,429000.0,5.96,180,620-679,75-85,>43,MI,PURCHASE,OWNER,SFR,AlphaServ,2022
LN102060,2024-08,450600.0,6.759,360,680-739,85-95,20-35,NC,PURCHASE,OWNER,CONDO,CasaMortgage,2024
LN102061,2023-06,283400.0,6.294,240,680-739,60-75,20-35,PA,PURCHASE,OWNER,SFR,AlphaServ,2023
LN102062,2022-01,228500.0,4.882,240,620-679,60-75,<=20,FL,PURCHASE,OWNER,SFR,AlphaServ,2022
LN102063,2024-01,337800.0,6.329,360,780+,85-95,<=20,CA,REFINANCE,INVESTOR,SFR,AlphaServ,2024
LN102064,2023-07,232100.0,6.397,360,680-739,85-95,20-35,NC,PURCHASE,OWNER,SFR,AlphaServ,2023
LN102065,2023-04,101200.0,5.651,360,740-779,85-95,<=20,FL,CASHOUT_REFI,OWNER,TOWNHOUSE,CasaMortgage,2023
LN102066,2024-01,328900.0,6.534,360,680-739,<=60,>43,GA,PURCHASE,OWNER,CONDO,AlphaServ,2024
LN102067,2024-09,381400.0,6.912,360,680-739,60-75,>43,IL,PURCHASE,OWNER,TOWNHOUSE,EagleTrust,2024
LN102068,2022-08,488200.0,4.765,360,740-779,<=60,35-43,NY,REFINANCE,OWNER,SFR,EagleTrust,2022
LN102069,2022-12,183700.0,4.874,360,780+,85-95,20-35,AZ,PURCHASE,OWNER,SFR,AlphaServ,2022
LN102070,2022-02,282600.0,3.979,360,740-779,60-75,>43,GA,PURCHASE,OWNER,SFR,DeltaHome,2022
LN102071,2023-10,285400.0,6.451,360,680-739,75-85,20-35,GA,PURCHASE,OWNER,SFR,CasaMortgage,2023
LN102072,2022-11,265200.0,5.359,360,740-779,75-85,20-35,WA,PURCHASE,OWNER,SFR,BetaLoan,2022
LN102073,2022-09,268800.0,5.201,240,740-779,<=60,20-35,TX,REFINANCE,OWNER,SFR,AlphaServ,2022
LN102074,2023-12,259600.0,6.403,360,680-739,60-75,20-35,NC,PURCHASE,OWNER,SFR,CasaMortgage,2023
LN102075,2022-12,280800.0,5.642,360,740-779,85-95,20-35,FL,REFINANCE,OWNER,MULTI_2_4,EagleTrust,2022
LN102076,2023-02,356200.0,6.071,360,680-739,60-75,20-35,OH,REFINANCE,OWNER,TOWNHOUSE,AlphaServ,2023
LN102077,2023-01,442000.0,5.717,360,740-779,75-85,35-43,PA,REFINANCE,OWNER,CONDO,EagleTrust,2023
LN102078,2022-05,181600.0,4.441,360,780+,>95,35-43,AZ,REFINANCE,OWNER,CONDO,CasaMortgage,2022
LN102079,2021-12,236200.0,3.724,360,780+,<=60,20-35,NY,PURCHASE,OWNER,CONDO,AlphaServ,2021
LN102080,2024-05,211000.0,6.624,360,740-779,60-75,20-35,PA,CASHOUT_REFI,OWNER,SFR,BetaLoan,2024
LN102081,2021-10,197900.0,4.111,360,740-779,85-95,35-43,FL,PURCHASE,OWNER,SFR,AlphaServ,2021
LN102082,2022-08,123400.0,4.873,360,740-779,75-85,20-35,GA,REFINANCE,OWNER,SFR,CasaMortgage,2022
LN102083,2023-11,258000.0,7.179,360,620-679,>95,<=20,AZ,PURCHASE,OWNER,SFR,AlphaServ,2023
LN102084,2021-12,316700.0,4.768,240,680-739,<=60,35-43,NC,REFINANCE,INVESTOR,SFR,BetaLoan,2021
LN102085,2023-10,238000.0,7.074,180,620-679,85-95,20-35,NC,REFINANCE,OWNER,SFR,AlphaServ,2023
LN102086,2024-01,254200.0,7.126,360,<620,75-85,<=20,PA,PURCHASE,OWNER,SFR,EagleTrust,2024
LN102087,2023-10,308100.0,5.706,360,780+,60-75,20-35,TX,REFINANCE,OWNER,CONDO,AlphaServ,2023
LN102088,2022-07,481700.0,4.576,360,780+,75-85,20-35,MI,PURCHASE,OWNER,SFR,BetaLoan,2022
LN102089,2021-07,211300.0,3.898,360,680-739,75-85,<=20,GA,REFINANCE,OWNER,SFR,AlphaServ,2021
LN102090,2024-08,150700.0,6.853,180,620-679,60-75,35-43,OH,REFINANCE,OWNER,TOWNHOUSE,CasaMortgage,2024
LN102091,2022-08,245100.0,4.904,360,740-779,60-75,20-35,WA,PURCHASE,OWNER,CONDO,AlphaServ,2022
LN102092,2024-04,595800.0,6.537,360,680-739,60-75,<=20,NY,REFINANCE,SECOND_HOME,CONDO,CasaMortgage,2024
LN102093,2022-03,151400.0,4.404,360,740-779,75-85,35-43,TX,REFINANCE,OWNER,SFR,AlphaServ,2022
LN102094,2022-01,342000.0,4.049,360,780+,<=60,20-35,PA,PURCHASE,OWNER,CONDO,EagleTrust,2022
LN102095,2024-03,429800.0,6.814,240,620-679,<=60,>43,TX,REFINANCE,OWNER,SFR,CasaMortgage,2024
LN102096,2024-10,88000.0,7.0,360,620-679,60-75,20-35,MI,PURCHASE,OWNER,SFR,EagleTrust,2024
LN102097,2024-07,307000.0,6.907,360,620-679,85-95,20-35,AZ,PURCHASE,OWNER,SFR,AlphaServ,2024
LN102098,2024-02,334900.0,7.619,360,<620,>95,35-43,PA,PURCHASE,OWNER,SFR,BetaLoan,2024
LN102099,2022-05,226300.0,4.731,360,680-739,<=60,>43,GA,CASHOUT_REFI,OWNER,MULTI_2_4,CasaMortgage,2022
LN102100,2024-09,190800.0,7.637,360,<620,>95,35-43,AZ,PURCHASE,OWNER,CONDO,CasaMortgage,2024
LN102101,2023-11,195700.0,6.917,180,620-679,85-95,35-43,IL,REFINANCE,OWNER,SFR,DeltaHome,2023
LN102102,2022-02,220200.0,4.738,360,680-739,>95,35-43,CA,REFINANCE,SECOND_HOME,CONDO,AlphaServ,2022
LN102103,2021-12,222800.0,4.746,360,620-679,75-85,<=20,NC,REFINANCE,SECOND_HOME,SFR,CasaMortgage,2021
LN102104,2024-07,204700.0,6.02,360,740-779,75-85,35-43,NC,PURCHASE,INVESTOR,SFR,CasaMortgage,2024
LN102105,2022-06,218600.0,5.394,360,620-679,85-95,20-35,PA,PURCHASE,SECOND_HOME,SFR,EagleTrust,2022
LN102106,2024-03,436200.0,6.243,360,740-779,75-85,20-35,NY,PURCHASE,OWNER,SFR,DeltaHome,2024
LN102107,2021-12,147800.0,4.333,360,620-679,85-95,20-35,CA,REFINANCE,OWNER,SFR,BetaLoan,2021
LN102108,2022-06,116200.0,5.234,360,620-679,85-95,20-35,CA,PURCHASE,OWNER,TOWNHOUSE,AlphaServ,2022
LN102109,2022-06,439400.0,5.891,240,<620,75-85,<=20,FL,PURCHASE,OWNER,CONDO,CasaMortgage,2022
LN102110,2022-06,234100.0,4.732,360,740-779,75-85,20-35,MI,PURCHASE,OWNER,TOWNHOUSE,BetaLoan,2022
LN102111,2023-11,214300.0,7.049,360,620-679,75-85,<=20,IL,PURCHASE,INVESTOR,SFR,DeltaHome,2023
LN102112,2024-09,242800.0,6.564,240,680-739,85-95,35-43,TX,PURCHASE,OWNER,SFR,AlphaServ,2024
LN102113,2024-09,280500.0,7.401,360,<620,85-95,20-35,TX,PURCHASE,OWNER,SFR,CasaMortgage,2024
LN102114,2024-02,201600.0,5.924,240,780+,75-85,<=20,FL,CASHOUT_REFI,SECOND_HOME,SFR,EagleTrust,2024
LN102115,2022-03,320500.0,5.099,360,620-679,<=60,35-43,IL,CASHOUT_REFI,OWNER,CONDO,AlphaServ,2022
LN102116,2024-11,165500.0,6.65,360,680-739,>95,<=20,PA,PURCHASE,OWNER,SFR,AlphaServ,2024
LN102117,2023-05,222800.0,5.621,240,780+,60-75,20-35,WA,REFINANCE,OWNER,SFR,AlphaServ,2023
LN102118,2023-05,94200.0,6.893,360,620-679,60-75,>43,OH,PURCHASE,INVESTOR,CONDO,AlphaServ,2023
LN102119,2023-12,432600.0,6.717,360,680-739,60-75,35-43,NY,REFINANCE,OWNER,CONDO,AlphaServ,2023
LN102120,2024-03,235800.0,6.463,180,740-779,<=60,20-35,TX,PURCHASE,OWNER,CONDO,CasaMortgage,2024
LN102121,2024-11,345100.0,6.92,360,620-679,75-85,20-35,IL,PURCHASE,OWNER,CONDO,BetaLoan,2024
LN102122,2023-07,316300.0,7.624,180,<620,<=60,<=20,GA,PURCHASE,OWNER,SFR,AlphaServ,2023
LN102123,2023-08,326900.0,6.27,360,680-739,60-75,20-35,FL,REFINANCE,OWNER,SFR,BetaLoan,2023
LN102124,2024-02,254400.0,7.104,360,<620,<=60,20-35,FL,PURCHASE,OWNER,TOWNHOUSE,BetaLoan,2024
LN102125,2022-05,304000.0,4.432,360,780+,60-75,20-35,PA,REFINANCE,OWNER,CONDO,CasaMortgage,2022
LN102126,2022-07,165600.0,4.897,360,740-779,>95,>43,GA,PURCHASE,OWNER,SFR,AlphaServ,2022
LN102127,2023-09,150700.0,6.314,360,740-779,75-85,35-43,NY,PURCHASE,INVESTOR,SFR,AlphaServ,2023
LN102128,2021-09,243900.0,4.757,360,620-679,<=60,35-43,OH,CASHOUT_REFI,OWNER,SFR,AlphaServ,2021
LN102129,2022-08,188000.0,5.069,360,740-779,75-85,35-43,IL,PURCHASE,OWNER,SFR,AlphaServ,2022
LN102130,2024-01,484800.0,6.791,360,680-739,75-85,35-43,TX,PURCHASE,OWNER,SFR,DeltaHome,2024
LN102131,2024-11,302200.0,7.495,360,<620,75-85,20-35,AZ,PURCHASE,OWNER,CONDO,AlphaServ,2024
LN102132,2023-04,184900.0,5.716,360,780+,60-75,35-43,CA,PURCHASE,OWNER,SFR,AlphaServ,2023
LN102133,2022-11,225900.0,5.304,180,740-779,75-85,35-43,TX,PURCHASE,OWNER,SFR,BetaLoan,2022
LN102134,2023-01,271000.0,5.727,360,740-779,60-75,35-43,OH,REFINANCE,OWNER,SFR,DeltaHome,2023
LN102135,2023-11,247600.0,6.406,240,680-739,60-75,<=20,IL,REFINANCE,OWNER,SFR,DeltaHome,2023
LN102136,2023-05,288500.0,6.605,360,620-679,>95,20-35,OH,PURCHASE,OWNER,SFR,CasaMortgage,2023
LN102137,2021-07,263300.0,3.573,360,740-779,75-85,20-35,AZ,PURCHASE,INVESTOR,SFR,CasaMortgage,2021
LN102138,2023-05,136500.0,6.046,180,740-779,60-75,<=20,FL,PURCHASE,INVESTOR,TOWNHOUSE,CasaMortgage,2023
LN102139,2022-11,97000.0,5.873,360,680-739,60-75,35-43,CA,REFINANCE,OWNER,SFR,EagleTrust,2022
LN102140,2023-12,215800.0,7.309,360,<620,85-95,>43,CA,PURCHASE,INVESTOR,TOWNHOUSE,AlphaServ,2023
LN102141,2024-07,328500.0,6.001,360,740-779,<=60,35-43,CA,PURCHASE,OWNER,SFR,BetaLoan,2024
LN102142,2024-11,216800.0,6.914,360,620-679,60-75,<=20,MI,REFINANCE,SECOND_HOME,MULTI_2_4,CasaMortgage,2024
LN102143,2023-08,445300.0,6.473,360,680-739,60-75,<=20,NY,PURCHASE,OWNER,CONDO,CasaMortgage,2023
LN102144,2022-10,249900.0,5.112,360,740-779,60-75,20-35,TX,PURCHASE,OWNER,TOWNHOUSE,EagleTrust,2022
LN102145,2023-01,470100.0,6.016,360,620-679,75-85,20-35,NC,PURCHASE,OWNER,TOWNHOUSE,DeltaHome,2023
LN102146,2022-02,428600.0,5.553,360,<620,<=60,<=20,MI,CASHOUT_REFI,OWNER,SFR,CasaMortgage,2022
LN102147,2024-10,409700.0,7.509,360,<620,75-85,<=20,WA,REFINANCE,OWNER,SFR,AlphaServ,2024
LN102148,2024-06,148500.0,6.427,360,780+,<=60,20-35,NY,REFINANCE,OWNER,SFR,DeltaHome,2024
LN102149,2024-06,257200.0,7.177,360,620-679,>95,<=20,NC,PURCHASE,OWNER,SFR,BetaLoan,2024
LN102150,2022-08,442500.0,4.709,360,740-779,75-85,20-35,TX,PURCHASE,OWNER,SFR,CasaMortgage,2022
LN102151,2022-08,288500.0,4.747,360,780+,<=60,35-43,PA,CASHOUT_REFI,SECOND_HOME,SFR,BetaLoan,2022
LN102152,2024-06,327600.0,6.709,360,680-739,60-75,>43,AZ,CASHOUT_REFI,OWNER,SFR,CasaMortgage,2024
LN102153,2023-05,136700.0,6.522,240,680-739,85-95,35-43,GA,PURCHASE,OWNER,SFR,BetaLoan,2023
LN102154,2023-12,605300.0,6.45,360,680-739,85-95,20-35,GA,PURCHASE,OWNER,CONDO,BetaLoan,2023
LN102155,2023-03,178800.0,5.826,360,680-739,60-75,<=20,GA,PURCHASE,INVESTOR,CONDO,BetaLoan,2023
LN102156,2023-01,104000.0,5.537,360,740-779,60-75,20-35,OH,PURCHASE,SECOND_HOME,TOWNHOUSE,DeltaHome,2023
LN102157,2023-09,217900.0,5.926,360,780+,75-85,35-43,NY,PURCHASE,OWNER,SFR,CasaMortgage,2023
LN102158,2024-05,84800.0,6.264,360,740-779,60-75,35-43,MI,PURCHASE,INVESTOR,MULTI_2_4,BetaLoan,2024
LN102159,2022-09,156600.0,5.36,360,680-739,<=60,35-43,WA,PURCHASE,OWNER,SFR,BetaLoan,2022
LN102160,2024-04,807200.0,6.498,360,620-679,60-75,20-35,MI,REFINANCE,OWNER,SFR,BetaLoan,2024
LN102161,2022-05,215100.0,4.065,360,780+,85-95,>43,FL,PURCHASE,SECOND_HOME,SFR,DeltaHome,2022
LN102162,2022-11,134300.0,5.998,180,620-679,60-75,35-43,IL,PURCHASE,OWNER,SFR,BetaLoan,2022
LN102163,2024-09,258200.0,6.253,360,740-779,<=60,<=20,OH,REFINANCE,OWNER,SFR,BetaLoan,2024
LN102164,2024-11,170400.0,7.284,360,620-679,<=60,20-35,CA,PURCHASE,OWNER,MULTI_2_4,AlphaServ,2024
LN102165,2024-09,376600.0,6.27,360,740-779,75-85,20-35,IL,CASHOUT_REFI,SECOND_HOME,CONDO,AlphaServ,2024
LN102166,2022-08,171000.0,4.616,360,740-779,75-85,20-35,CA,PURCHASE,OWNER,SFR,DeltaHome,2022
LN102167,2024-06,288300.0,6.477,360,680-739,85-95,20-35,IL,REFINANCE,OWNER,SFR,DeltaHome,2024
LN102168,2024-10,152300.0,7.126,360,620-679,75-85,35-43,CA,PURCHASE,OWNER,SFR,BetaLoan,2024
LN102169,2024-12,822100.0,6.149,360,740-779,75-85,20-35,FL,CASHOUT_REFI,OWNER,SFR,AlphaServ,2024
LN102170,2021-07,320200.0,3.695,360,680-739,75-85,35-43,WA,PURCHASE,OWNER,TOWNHOUSE,DeltaHome,2021
LN102171,2024-02,239100.0,7.107,240,620-679,>95,20-35,CA,PURCHASE,OWNER,SFR,EagleTrust,2024
LN102172,2024-12,223700.0,6.701,360,680-739,85-95,>43,TX,PURCHASE,SECOND_HOME,SFR,CasaMortgage,2024
LN102173,2024-03,199000.0,6.578,360,680-739,75-85,20-35,FL,CASHOUT_REFI,OWNER,SFR,BetaLoan,2024
LN102174,2022-04,181200.0,4.254,360,740-779,75-85,>43,OH,PURCHASE,OWNER,CONDO,BetaLoan,2022
LN102175,2024-03,179000.0,7.65,180,<620,<=60,20-35,WA,PURCHASE,OWNER,SFR,DeltaHome,2024
LN102176,2021-11,543200.0,3.875,240,680-739,<=60,20-35,GA,REFINANCE,OWNER,CONDO,AlphaServ,2021
LN102177,2023-03,199100.0,5.687,360,780+,60-75,>43,AZ,PURCHASE,OWNER,SFR,AlphaServ,2023
LN102178,2023-09,97900.0,7.368,360,<620,85-95,20-35,TX,PURCHASE,OWNER,SFR,EagleTrust,2023
LN102179,2023-02,151000.0,6.105,360,680-739,>95,35-43,FL,PURCHASE,OWNER,SFR,CasaMortgage,2023
LN102180,2023-12,387500.0,6.05,360,740-779,85-95,20-35,AZ,PURCHASE,OWNER,CONDO,CasaMortgage,2023
LN102181,2022-05,227900.0,4.258,360,780+,85-95,20-35,CA,PURCHASE,INVESTOR,SFR,AlphaServ,2022
LN102182,2023-08,240300.0,6.291,180,740-779,<=60,35-43,NY,PURCHASE,OWNER,SFR,CasaMortgage,2023
LN102183,2023-10,432100.0,6.097,360,780+,>95,20-35,NY,REFINANCE,INVESTOR,SFR,CasaMortgage,2023
LN102184,2023-09,179900.0,6.412,360,620-679,<=60,35-43,WA,REFINANCE,OWNER,SFR,BetaLoan,2023
LN102185,2022-07,339300.0,5.177,360,680-739,>95,<=20,NY,REFINANCE,OWNER,SFR,CasaMortgage,2022
LN102186,2022-07,189000.0,4.715,360,780+,60-75,35-43,AZ,PURCHASE,OWNER,SFR,EagleTrust,2022
LN102187,2022-05,330800.0,4.344,180,780+,<=60,35-43,OH,PURCHASE,OWNER,SFR,EagleTrust,2022
LN102188,2023-02,214100.0,5.959,180,680-739,75-85,<=20,FL,REFINANCE,OWNER,SFR,AlphaServ,2023
LN102189,2023-07,229000.0,6.543,360,680-739,<=60,<=20,CA,CASHOUT_REFI,OWNER,SFR,AlphaServ,2023
LN102190,2022-10,369200.0,5.462,240,680-739,<=60,35-43,IL,PURCHASE,OWNER,SFR,BetaLoan,2022
LN102191,2022-12,357400.0,6.287,360,<620,85-95,<=20,CA,REFINANCE,OWNER,SFR,CasaMortgage,2022
LN102192,2022-07,236900.0,4.391,360,780+,85-95,35-43,FL,REFINANCE,OWNER,SFR,EagleTrust,2022
LN102193,2022-04,206400.0,4.632,360,740-779,60-75,>43,IL,REFINANCE,OWNER,SFR,CasaMortgage,2022
LN102194,2023-10,524200.0,6.456,360,680-739,75-85,<=20,OH,PURCHASE,OWNER,SFR,DeltaHome,2023
LN102195,2024-05,332800.0,7.046,180,620-679,75-85,20-35,NY,REFINANCE,OWNER,SFR,CasaMortgage,2024
LN102196,2022-07,214100.0,4.723,360,680-739,60-75,>43,WA,PURCHASE,OWNER,SFR,BetaLoan,2022
LN102197,2024-07,190300.0,7.592,360,<620,75-85,>43,CA,PURCHASE,OWNER,SFR,BetaLoan,2024
LN102198,2023-06,404800.0,6.108,360,740-779,75-85,<=20,WA,PURCHASE,OWNER,SFR,CasaMortgage,2023
LN102199,2022-02,268900.0,4.865,360,680-739,85-95,35-43,NC,CASHOUT_REFI,OWNER,SFR,CasaMortgage,2022
LN102200,2022-10,237100.0,5.984,360,620-679,75-85,20-35,PA,REFINANCE,OWNER,CONDO,BetaLoan,2022
LN102201,2021-07,268800.0,3.935,360,740-779,85-95,35-43,GA,PURCHASE,OWNER,SFR,BetaLoan,2021
LN102202,2021-08,297200.0,3.266,360,780+,75-85,20-35,TX,PURCHASE,SECOND_HOME,SFR,AlphaServ,2021
LN102203,2022-09,248800.0,5.599,180,620-679,85-95,20-35,MI,REFINANCE,OWNER,CONDO,AlphaServ,2022
LN102204,2023-02,438700.0,6.327,360,680-739,85-95,20-35,PA,CASHOUT_REFI,OWNER,MULTI_2_4,AlphaServ,2023
LN102205,2024-04,449900.0,6.766,180,680-739,75-85,<=20,MI,PURCHASE,OWNER,SFR,CasaMortgage,2024
LN102206,2021-12,324300.0,4.784,180,620-679,<=60,20-35,AZ,REFINANCE,OWNER,SFR,BetaLoan,2021
LN102207,2024-06,473800.0,6.931,180,680-739,85-95,20-35,CA,PURCHASE,OWNER,CONDO,DeltaHome,2024
LN102208,2022-04,256200.0,4.202,360,740-779,75-85,>43,WA,PURCHASE,SECOND_HOME,SFR,AlphaServ,2022
LN102209,2021-12,348200.0,4.767,180,620-679,75-85,20-35,WA,PURCHASE,OWNER,CONDO,EagleTrust,2021
LN102210,2023-12,401100.0,7.042,360,620-679,75-85,35-43,AZ,PURCHASE,OWNER,SFR,BetaLoan,2023
LN102211,2024-03,403800.0,6.274,360,740-779,60-75,<=20,GA,REFINANCE,OWNER,SFR,DeltaHome,2024
LN102212,2023-08,385500.0,6.16,180,680-739,75-85,>43,PA,PURCHASE,OWNER,SFR,AlphaServ,2023
LN102213,2021-11,339100.0,4.204,360,740-779,75-85,20-35,GA,PURCHASE,OWNER,SFR,BetaLoan,2021
LN102214,2021-11,615800.0,3.952,180,740-779,75-85,<=20,IL,PURCHASE,OWNER,SFR,AlphaServ,2021
LN102215,2022-11,200200.0,5.157,180,780+,60-75,35-43,WA,REFINANCE,OWNER,SFR,BetaLoan,2022
LN102216,2023-01,238000.0,5.408,360,740-779,85-95,20-35,TX,PURCHASE,OWNER,SFR,BetaLoan,2023
LN102217,2024-12,231800.0,6.065,360,740-779,75-85,20-35,PA,REFINANCE,OWNER,SFR,BetaLoan,2024
LN102218,2022-07,216300.0,4.664,180,740-779,85-95,20-35,NY,PURCHASE,OWNER,CONDO,EagleTrust,2022
LN102219,2022-03,104300.0,4.507,360,680-739,<=60,20-35,FL,PURCHASE,INVESTOR,CONDO,DeltaHome,2022
LN102220,2024-10,473900.0,6.75,360,680-739,75-85,20-35,IL,PURCHASE,OWNER,SFR,AlphaServ,2024
LN102221,2022-01,160900.0,4.44,360,680-739,<=60,35-43,GA,PURCHASE,SECOND_HOME,CONDO,BetaLoan,2022
LN102222,2021-08,275500.0,3.916,360,680-739,85-95,<=20,TX,PURCHASE,OWNER,SFR,BetaLoan,2021
LN102223,2022-12,134600.0,5.837,360,620-679,75-85,<=20,MI,PURCHASE,OWNER,SFR,EagleTrust,2022
LN102224,2022-11,337500.0,5.745,360,680-739,75-85,<=20,NY,REFINANCE,OWNER,SFR,CasaMortgage,2022
LN102225,2023-09,179300.0,6.649,360,680-739,>95,20-35,NC,REFINANCE,OWNER,SFR,DeltaHome,2023
LN102226,2024-07,153100.0,7.44,360,<620,60-75,<=20,CA,REFINANCE,OWNER,SFR,BetaLoan,2024
LN102227,2024-10,278600.0,6.835,360,620-679,75-85,<=20,CA,PURCHASE,OWNER,SFR,CasaMortgage,2024
LN102228,2022-07,186200.0,4.733,360,740-779,85-95,20-35,TX,PURCHASE,OWNER,SFR,AlphaServ,2022
LN102229,2024-12,197100.0,6.506,180,680-739,75-85,>43,TX,REFINANCE,OWNER,SFR,AlphaServ,2024
LN102230,2023-09,275800.0,6.211,360,740-779,75-85,<=20,MI,PURCHASE,OWNER,SFR,CasaMortgage,2023
LN102231,2021-09,365900.0,4.325,180,680-739,>95,<=20,IL,REFINANCE,OWNER,SFR,CasaMortgage,2021
LN102232,2024-10,176600.0,6.426,180,740-779,85-95,20-35,MI,CASHOUT_REFI,OWNER,SFR,DeltaHome,2024
LN102233,2021-12,163400.0,4.153,360,740-779,60-75,20-35,MI,PURCHASE,OWNER,SFR,CasaMortgage,2021
LN102234,2023-07,258000.0,6.579,360,620-679,60-75,<=20,TX,PURCHASE,OWNER,SFR,AlphaServ,2023
LN102235,2024-04,325400.0,6.198,180,780+,85-95,>43,AZ,PURCHASE,OWNER,SFR,BetaLoan,2024
LN102236,2022-05,493000.0,5.728,360,<620,<=60,35-43,MI,PURCHASE,OWNER,CONDO,AlphaServ,2022
LN102237,2022-06,157600.0,4.362,360,740-779,75-85,20-35,CA,PURCHASE,SECOND_HOME,TOWNHOUSE,CasaMortgage,2022
LN102238,2023-02,221200.0,5.579,360,740-779,>95,20-35,OH,CASHOUT_REFI,OWNER,SFR,AlphaServ,2023
LN102239,2024-08,433300.0,7.073,360,620-679,85-95,35-43,NY,PURCHASE,INVESTOR,TOWNHOUSE,BetaLoan,2024
LN102240,2022-04,620300.0,4.098,360,740-779,<=60,<=20,NY,PURCHASE,OWNER,SFR,AlphaServ,2022
LN102241,2023-10,163300.0,6.391,360,680-739,85-95,>43,FL,PURCHASE,OWNER,SFR,CasaMortgage,2023
LN102242,2023-02,183100.0,6.863,240,<620,75-85,<=20,IL,PURCHASE,SECOND_HOME,SFR,CasaMortgage,2023
LN102243,2021-11,303000.0,5.058,360,<620,>95,20-35,FL,REFINANCE,OWNER,SFR,AlphaServ,2021
LN102244,2023-12,196800.0,7.148,360,620-679,75-85,20-35,IL,PURCHASE,OWNER,SFR,AlphaServ,2023
LN102245,2024-05,181400.0,7.637,180,<620,75-85,35-43,OH,PURCHASE,OWNER,SFR,BetaLoan,2024
LN102246,2023-07,284900.0,5.827,240,740-779,<=60,35-43,NC,REFINANCE,OWNER,CONDO,EagleTrust,2023
LN102247,2022-02,512600.0,4.299,360,680-739,60-75,35-43,CA,REFINANCE,OWNER,SFR,DeltaHome,2022
LN102248,2022-01,141600.0,4.576,360,680-739,75-85,20-35,CA,PURCHASE,OWNER,SFR,BetaLoan,2022
LN102249,2022-12,500900.0,5.51,360,740-779,85-95,35-43,IL,PURCHASE,OWNER,CONDO,DeltaHome,2022
LN102250,2023-04,197100.0,6.525,360,<620,75-85,>43,IL,REFINANCE,OWNER,SFR,AlphaServ,2023
LN102251,2023-06,298200.0,6.556,360,680-739,85-95,<=20,OH,PURCHASE,OWNER,SFR,AlphaServ,2023
LN102252,2022-05,522200.0,4.471,180,740-779,<=60,20-35,GA,PURCHASE,OWNER,TOWNHOUSE,CasaMortgage,2022
LN102253,2023-04,295500.0,5.638,360,780+,60-75,20-35,TX,PURCHASE,OWNER,MULTI_2_4,DeltaHome,2023
LN102254,2022-07,223300.0,4.864,360,680-739,75-85,35-43,GA,PURCHASE,OWNER,SFR,AlphaServ,2022
LN102255,2023-11,352600.0,7.156,360,620-679,75-85,<=20,IL,PURCHASE,OWNER,SFR,DeltaHome,2023
LN102256,2024-04,236100.0,6.396,360,740-779,75-85,<=20,IL,CASHOUT_REFI,SECOND_HOME,CONDO,AlphaServ,2024
LN102257,2023-10,322700.0,5.974,360,780+,75-85,20-35,OH,REFINANCE,INVESTOR,SFR,BetaLoan,2023
LN102258,2021-07,232800.0,3.567,360,680-739,<=60,35-43,GA,CASHOUT_REFI,OWNER,SFR,DeltaHome,2021
LN102259,2024-12,376100.0,6.807,360,620-679,85-95,20-35,GA,CASHOUT_REFI,SECOND_HOME,SFR,BetaLoan,2024
LN102260,2021-07,136300.0,4.765,360,<620,>95,20-35,PA,PURCHASE,OWNER,CONDO,CasaMortgage,2021
LN102261,2024-12,161800.0,6.424,360,680-739,85-95,35-43,IL,PURCHASE,OWNER,SFR,AlphaServ,2024
LN102262,2021-08,135400.0,3.434,360,780+,85-95,<=20,WA,REFINANCE,OWNER,SFR,CasaMortgage,2021
LN102263,2023-04,248900.0,5.988,240,740-779,75-85,20-35,WA,CASHOUT_REFI,OWNER,SFR,DeltaHome,2023
LN102264,2021-11,128200.0,4.512,360,680-739,85-95,20-35,FL,REFINANCE,OWNER,SFR,AlphaServ,2021
LN102265,2021-10,187000.0,3.866,360,740-779,85-95,35-43,AZ,PURCHASE,OWNER,SFR,AlphaServ,2021
LN102266,2023-11,155100.0,5.82,360,780+,<=60,35-43,NY,PURCHASE,OWNER,SFR,AlphaServ,2023
LN102267,2024-01,496800.0,6.508,360,680-739,60-75,35-43,WA,CASHOUT_REFI,SECOND_HOME,CONDO,BetaLoan,2024
LN102268,2021-11,163400.0,3.854,360,740-779,85-95,20-35,AZ,PURCHASE,OWNER,SFR,AlphaServ,2021
LN102269,2024-12,143100.0,6.778,360,680-739,85-95,20-35,NY,CASHOUT_REFI,OWNER,SFR,BetaLoan,2024
LN102270,2022-08,285400.0,5.168,360,680-739,85-95,20-35,FL,PURCHASE,INVESTOR,SFR,AlphaServ,2022
LN102271,2022-08,545300.0,5.121,360,740-779,60-75,20-35,NC,CASHOUT_REFI,OWNER,SFR,EagleTrust,2022
LN102272,2022-07,242300.0,4.769,360,680-739,85-95,35-43,FL,PURCHASE,SECOND_HOME,SFR,DeltaHome,2022
LN102273,2023-02,250800.0,5.446,360,780+,60-75,>43,GA,CASHOUT_REFI,OWNER,SFR,BetaLoan,2023
LN102274,2022-02,456300.0,4.267,240,680-739,60-75,20-35,NY,PURCHASE,INVESTOR,SFR,DeltaHome,2022
LN102275,2022-12,379000.0,5.685,180,680-739,75-85,35-43,IL,REFINANCE,OWNER,SFR,EagleTrust,2022
LN102276,2022-03,309100.0,4.638,360,680-739,75-85,<=20,FL,PURCHASE,OWNER,TOWNHOUSE,CasaMortgage,2022
LN102277,2021-09,196400.0,3.862,360,680-739,60-75,20-35,MI,PURCHASE,SECOND_HOME,SFR,BetaLoan,2021
LN102278,2022-10,313400.0,5.341,360,680-739,75-85,35-43,GA,PURCHASE,OWNER,SFR,DeltaHome,2022
LN102279,2023-11,138400.0,6.194,180,740-779,85-95,35-43,NC,REFINANCE,OWNER,SFR,AlphaServ,2023
LN102280,2024-03,192800.0,6.63,240,680-739,60-75,>43,PA,PURCHASE,OWNER,MULTI_2_4,BetaLoan,2024
LN102281,2022-09,486100.0,5.021,180,680-739,60-75,>43,MI,REFINANCE,OWNER,SFR,CasaMortgage,2022
LN102282,2022-08,458600.0,4.934,360,740-779,85-95,20-35,IL,PURCHASE,OWNER,SFR,AlphaServ,2022
LN102283,2024-04,310800.0,7.583,360,<620,>95,35-43,TX,REFINANCE,OWNER,SFR,AlphaServ,2024
LN102284,2023-11,107100.0,6.408,240,740-779,85-95,35-43,FL,PURCHASE,OWNER,CONDO,CasaMortgage,2023
LN102285,2024-05,148200.0,6.317,360,680-739,<=60,20-35,OH,CASHOUT_REFI,OWNER,TOWNHOUSE,AlphaServ,2024
LN102286,2024-09,188000.0,6.51,360,680-739,75-85,<=20,TX,PURCHASE,OWNER,TOWNHOUSE,DeltaHome,2024
LN102287,2024-05,236300.0,6.301,360,740-779,85-95,>43,MI,CASHOUT_REFI,OWNER,SFR,DeltaHome,2024
LN102288,2024-10,145400.0,6.281,360,740-779,60-75,>43,TX,REFINANCE,OWNER,SFR,BetaLoan,2024
LN102289,2022-12,228500.0,5.219,360,780+,75-85,20-35,FL,PURCHASE,OWNER,SFR,AlphaServ,2022
LN102290,2022-11,565400.0,5.475,360,680-739,75-85,20-35,GA,CASHOUT_REFI,OWNER,SFR,AlphaServ,2022
LN102291,2022-08,305700.0,5.178,360,680-739,85-95,<=20,NC,PURCHASE,OWNER,CONDO,CasaMortgage,2022
LN102292,2022-04,281700.0,4.868,240,740-779,<=60,<=20,NY,REFINANCE,OWNER,TOWNHOUSE,AlphaServ,2022
LN102293,2024-02,161500.0,6.689,360,680-739,60-75,35-43,MI,PURCHASE,OWNER,SFR,BetaLoan,2024
LN102294,2024-01,122100.0,6.294,360,680-739,60-75,20-35,AZ,REFINANCE,OWNER,SFR,AlphaServ,2024
LN102295,2024-04,146900.0,6.876,360,680-739,75-85,20-35,TX,PURCHASE,OWNER,SFR,CasaMortgage,2024
LN102296,2022-02,119900.0,4.452,360,740-779,<=60,20-35,AZ,PURCHASE,OWNER,CONDO,DeltaHome,2022
LN102297,2023-03,264000.0,6.599,240,620-679,75-85,35-43,OH,CASHOUT_REFI,INVESTOR,TOWNHOUSE,DeltaHome,2023
LN102298,2022-04,303400.0,4.886,360,680-739,75-85,35-43,NY,PURCHASE,OWNER,CONDO,AlphaServ,2022
LN102299,2024-08,165300.0,7.404,240,620-679,<=60,>43,MI,REFINANCE,OWNER,SFR,AlphaServ,2024
LN102300,2022-06,272800.0,4.943,180,680-739,60-75,20-35,MI,CASHOUT_REFI,OWNER,SFR,CasaMortgage,2022
LN102301,2022-01,494400.0,4.261,360,740-779,60-75,20-35,NC,PURCHASE,OWNER,SFR,AlphaServ,2022
LN102302,2023-06,616000.0,6.574,360,680-739,>95,<=20,NY,PURCHASE,OWNER,CONDO,BetaLoan,2023
LN102303,2024-07,361000.0,6.856,180,620-679,<=60,35-43,TX,PURCHASE,OWNER,CONDO,CasaMortgage,2024
LN102304,2024-09,235900.0,6.339,360,780+,75-85,35-43,FL,CASHOUT_REFI,OWNER,SFR,BetaLoan,2024
LN102305,2021-11,355800.0,3.97,360,740-779,75-85,20-35,OH,CASHOUT_REFI,OWNER,SFR,BetaLoan,2021
LN102306,2022-08,469000.0,5.334,360,680-739,60-75,20-35,OH,CASHOUT_REFI,OWNER,SFR,BetaLoan,2022
LN102307,2022-01,103400.0,4.036,360,780+,85-95,35-43,AZ,PURCHASE,OWNER,SFR,AlphaServ,2022
LN102308,2022-07,497300.0,4.902,360,680-739,85-95,35-43,NY,PURCHASE,OWNER,SFR,BetaLoan,2022
LN102309,2023-05,199800.0,6.173,360,740-779,75-85,35-43,GA,CASHOUT_REFI,OWNER,SFR,DeltaHome,2023
LN102310,2022-06,200600.0,5.214,360,620-679,<=60,<=20,GA,CASHOUT_REFI,OWNER,SFR,DeltaHome,2022
LN102311,2021-09,217600.0,4.183,360,680-739,60-75,>43,NC,PURCHASE,OWNER,SFR,CasaMortgage,2021
LN102312,2023-04,294800.0,6.294,360,680-739,60-75,20-35,WA,PURCHASE,INVESTOR,CONDO,BetaLoan,2023
LN102313,2021-09,154800.0,4.636,360,620-679,75-85,35-43,PA,PURCHASE,OWNER,SFR,BetaLoan,2021
LN102314,2022-04,224500.0,4.551,360,680-739,>95,<=20,CA,REFINANCE,OWNER,CONDO,CasaMortgage,2022
LN102315,2021-07,323300.0,4.23,240,620-679,75-85,<=20,PA,PURCHASE,OWNER,TOWNHOUSE,BetaLoan,2021
LN102316,2021-10,281600.0,3.731,360,740-779,60-75,<=20,WA,PURCHASE,OWNER,SFR,AlphaServ,2021
LN102317,2023-01,303000.0,6.361,180,620-679,<=60,20-35,CA,REFINANCE,SECOND_HOME,SFR,CasaMortgage,2023
LN102318,2024-06,220600.0,7.598,360,<620,75-85,>43,OH,PURCHASE,OWNER,SFR,AlphaServ,2024
LN102319,2024-03,348800.0,6.062,360,780+,<=60,35-43,OH,PURCHASE,SECOND_HOME,CONDO,EagleTrust,2024
LN102320,2021-11,410600.0,3.892,180,740-779,60-75,>43,IL,REFINANCE,OWNER,SFR,BetaLoan,2021
LN102321,2021-08,399700.0,3.538,360,780+,>95,35-43,AZ,CASHOUT_REFI,OWNER,SFR,AlphaServ,2021
LN102322,2022-09,309400.0,5.103,360,680-739,75-85,<=20,PA,REFINANCE,SECOND_HOME,SFR,CasaMortgage,2022
LN102323,2023-10,389500.0,7.563,360,<620,60-75,35-43,TX,CASHOUT_REFI,OWNER,SFR,DeltaHome,2023
LN102324,2024-02,377700.0,6.388,360,680-739,60-75,35-43,CA,CASHOUT_REFI,OWNER,SFR,CasaMortgage,2024
LN102325,2024-05,851200.0,6.626,180,680-739,75-85,>43,TX,PURCHASE,OWNER,SFR,AlphaServ,2024
LN102326,2022-09,441600.0,6.429,240,<620,<=60,20-35,AZ,PURCHASE,OWNER,TOWNHOUSE,BetaLoan,2022
LN102327,2022-02,245300.0,3.947,360,780+,85-95,20-35,CA,PURCHASE,OWNER,SFR,CasaMortgage,2022
LN102328,2021-08,169400.0,4.079,360,740-779,75-85,35-43,GA,REFINANCE,OWNER,SFR,DeltaHome,2021
LN102329,2022-01,227000.0,3.878,360,740-779,75-85,35-43,NC,REFINANCE,OWNER,CONDO,BetaLoan,2022
LN102330,2021-09,219800.0,3.894,180,680-739,85-95,20-35,TX,REFINANCE,OWNER,CONDO,AlphaServ,2021
LN102331,2024-07,321300.0,6.18,360,680-739,60-75,<=20,TX,PURCHASE,OWNER,SFR,BetaLoan,2024
LN102332,2022-06,186300.0,5.428,180,620-679,<=60,20-35,PA,PURCHASE,OWNER,SFR,CasaMortgage,2022
LN102333,2024-05,436500.0,5.749,360,780+,75-85,35-43,NY,PURCHASE,OWNER,MULTI_2_4,AlphaServ,2024
LN102334,2023-06,136600.0,6.586,360,680-739,60-75,20-35,IL,PURCHASE,OWNER,SFR,EagleTrust,2023
LN102335,2023-05,122400.0,6.939,360,620-679,<=60,35-43,NY,PURCHASE,OWNER,TOWNHOUSE,AlphaServ,2023
LN102336,2023-02,240200.0,6.894,360,<620,>95,20-35,TX,PURCHASE,SECOND_HOME,MULTI_2_4,AlphaServ,2023
LN102337,2024-05,174700.0,6.458,360,680-739,85-95,20-35,NY,CASHOUT_REFI,OWNER,SFR,AlphaServ,2024
LN102338,2021-08,144900.0,3.259,360,780+,<=60,20-35,TX,PURCHASE,OWNER,SFR,AlphaServ,2021
LN102339,2021-10,191600.0,3.751,180,780+,85-95,<=20,FL,REFINANCE,OWNER,MULTI_2_4,DeltaHome,2021
LN102340,2022-12,181200.0,5.404,180,740-779,<=60,20-35,TX,PURCHASE,INVESTOR,SFR,CasaMortgage,2022
LN102341,2022-11,256400.0,5.118,360,780+,85-95,35-43,GA,CASHOUT_REFI,OWNER,SFR,AlphaServ,2022
LN102342,2023-05,193100.0,6.024,360,740-779,75-85,20-35,FL,CASHOUT_REFI,OWNER,SFR,EagleTrust,2023
LN102343,2024-01,200300.0,6.776,360,620-679,75-85,20-35,TX,PURCHASE,OWNER,CONDO,CasaMortgage,2024
LN102344,2023-07,254700.0,6.023,180,740-779,85-95,35-43,PA,PURCHASE,SECOND_HOME,SFR,BetaLoan,2023
LN102345,2022-05,402900.0,5.695,240,<620,<=60,20-35,OH,REFINANCE,SECOND_HOME,SFR,AlphaServ,2022
LN102346,2022-08,494800.0,5.97,360,620-679,>95,20-35,PA,REFINANCE,OWNER,SFR,DeltaHome,2022
LN102347,2024-02,272800.0,6.728,360,680-739,60-75,35-43,MI,REFINANCE,OWNER,SFR,CasaMortgage,2024
LN102348,2022-03,282500.0,4.975,180,620-679,>95,20-35,FL,PURCHASE,OWNER,SFR,AlphaServ,2022
LN102349,2023-04,235100.0,5.462,240,780+,<=60,20-35,OH,CASHOUT_REFI,SECOND_HOME,SFR,BetaLoan,2023
LN102350,2023-05,317000.0,5.957,360,780+,60-75,<=20,WA,REFINANCE,OWNER,SFR,AlphaServ,2023
LN102351,2024-02,304200.0,7.292,360,620-679,<=60,20-35,FL,PURCHASE,OWNER,SFR,AlphaServ,2024
LN102352,2024-01,463500.0,6.002,360,740-779,75-85,20-35,TX,REFINANCE,OWNER,CONDO,AlphaServ,2024
LN102353,2023-02,109100.0,5.613,240,680-739,75-85,>43,TX,PURCHASE,OWNER,TOWNHOUSE,BetaLoan,2023
LN102354,2022-07,229700.0,5.434,360,620-679,75-85,<=20,WA,PURCHASE,OWNER,CONDO,DeltaHome,2022
LN102355,2022-10,297300.0,5.405,240,680-739,85-95,35-43,TX,PURCHASE,OWNER,SFR,CasaMortgage,2022
LN102356,2022-12,252200.0,6.362,360,620-679,75-85,35-43,AZ,PURCHASE,INVESTOR,SFR,CasaMortgage,2022
LN102357,2022-04,167300.0,4.45,360,680-739,75-85,20-35,OH,REFINANCE,OWNER,SFR,AlphaServ,2022
LN102358,2023-09,142200.0,6.691,240,620-679,60-75,20-35,OH,PURCHASE,INVESTOR,SFR,AlphaServ,2023
LN102359,2022-03,366900.0,4.673,360,620-679,75-85,<=20,NY,PURCHASE,OWNER,SFR,BetaLoan,2022
LN102360,2023-10,181600.0,6.718,360,620-679,>95,20-35,NY,PURCHASE,OWNER,TOWNHOUSE,EagleTrust,2023
LN102361,2024-02,115900.0,6.117,360,780+,60-75,>43,FL,PURCHASE,OWNER,SFR,CasaMortgage,2024
LN102362,2024-11,375300.0,7.149,360,<620,60-75,<=20,NC,PURCHASE,OWNER,SFR,AlphaServ,2024
LN102363,2021-11,313800.0,4.816,180,680-739,60-75,20-35,NC,REFINANCE,OWNER,SFR,AlphaServ,2021
LN102364,2024-02,242300.0,6.134,360,680-739,60-75,20-35,OH,REFINANCE,OWNER,SFR,AlphaServ,2024
LN102365,2021-10,169100.0,4.081,360,680-739,75-85,35-43,NY,CASHOUT_REFI,OWNER,SFR,AlphaServ,2021
LN102366,2022-09,242500.0,5.341,360,680-739,<=60,20-35,GA,REFINANCE,OWNER,SFR,CasaMortgage,2022
LN102367,2022-02,441100.0,5.584,180,<620,85-95,20-35,IL,REFINANCE,OWNER,CONDO,AlphaServ,2022
LN102368,2022-01,123400.0,3.887,360,740-779,<=60,<=20,PA,PURCHASE,SECOND_HOME,SFR,AlphaServ,2022
LN102369,2022-02,126300.0,3.822,360,740-779,60-75,>43,CA,PURCHASE,OWNER,SFR,CasaMortgage,2022
LN102370,2021-08,192400.0,3.609,360,740-779,<=60,20-35,AZ,PURCHASE,OWNER,MULTI_2_4,AlphaServ,2021
LN102371,2024-05,252200.0,6.934,360,680-739,75-85,<=20,IL,PURCHASE,OWNER,CONDO,AlphaServ,2024
LN102372,2021-09,204200.0,3.765,240,680-739,85-95,35-43,IL,PURCHASE,OWNER,CONDO,EagleTrust,2021
LN102373,2022-11,340900.0,5.764,360,680-739,>95,35-43,NY,PURCHASE,OWNER,MULTI_2_4,DeltaHome,2022
LN102374,2023-12,416600.0,7.005,360,620-679,75-85,20-35,OH,PURCHASE,OWNER,SFR,DeltaHome,2023
LN102375,2024-12,289400.0,6.567,360,680-739,60-75,>43,TX,PURCHASE,OWNER,TOWNHOUSE,AlphaServ,2024
LN102376,2024-06,328500.0,7.717,360,<620,85-95,20-35,IL,PURCHASE,OWNER,SFR,EagleTrust,2024
LN102377,2021-12,288500.0,4.163,180,680-739,85-95,35-43,NY,REFINANCE,INVESTOR,SFR,BetaLoan,2021
LN102378,2024-12,256300.0,6.671,360,680-739,85-95,35-43,FL,REFINANCE,OWNER,SFR,AlphaServ,2024
LN102379,2023-10,142600.0,6.926,240,620-679,75-85,20-35,TX,REFINANCE,OWNER,TOWNHOUSE,BetaLoan,2023
LN102380,2022-02,160700.0,5.117,360,<620,75-85,20-35,PA,REFINANCE,INVESTOR,SFR,AlphaServ,2022
LN102381,2023-01,139000.0,5.514,360,740-779,<=60,<=20,PA,REFINANCE,OWNER,SFR,BetaLoan,2023
LN102382,2024-09,238800.0,6.56,360,680-739,60-75,<=20,IL,REFINANCE,OWNER,SFR,AlphaServ,2024
LN102383,2022-11,283400.0,4.835,360,740-779,>95,20-35,TX,PURCHASE,OWNER,SFR,AlphaServ,2022
LN102384,2022-02,133000.0,3.777,360,780+,<=60,>43,NY,CASHOUT_REFI,OWNER,MULTI_2_4,AlphaServ,2022
LN102385,2024-07,263700.0,6.182,360,780+,60-75,20-35,AZ,PURCHASE,OWNER,SFR,AlphaServ,2024
LN102386,2024-11,172200.0,6.55,360,680-739,60-75,20-35,MI,REFINANCE,OWNER,SFR,BetaLoan,2024
LN102387,2024-11,157800.0,7.112,360,620-679,<=60,<=20,PA,PURCHASE,INVESTOR,SFR,EagleTrust,2024
LN102388,2024-11,192600.0,6.755,180,680-739,>95,20-35,NC,PURCHASE,OWNER,MULTI_2_4,AlphaServ,2024
LN102389,2024-07,154200.0,6.434,360,680-739,<=60,20-35,NC,CASHOUT_REFI,OWNER,SFR,DeltaHome,2024
LN102390,2023-02,335400.0,5.513,360,740-779,75-85,>43,CA,PURCHASE,SECOND_HOME,SFR,DeltaHome,2023
LN102391,2022-03,236700.0,4.265,360,680-739,85-95,20-35,FL,PURCHASE,OWNER,SFR,CasaMortgage,2022
LN102392,2023-08,368400.0,7.407,360,<620,<=60,<=20,PA,PURCHASE,OWNER,SFR,BetaLoan,2023
LN102393,2022-04,209100.0,4.954,360,620-679,<=60,<=20,TX,PURCHASE,OWNER,TOWNHOUSE,BetaLoan,2022
LN102394,2023-02,212700.0,6.556,360,620-679,60-75,20-35,CA,CASHOUT_REFI,OWNER,CONDO,EagleTrust,2023
LN102395,2023-10,593000.0,7.085,360,620-679,60-75,20-35,PA,REFINANCE,OWNER,SFR,EagleTrust,2023
LN102396,2024-10,123000.0,6.136,360,780+,60-75,20-35,MI,REFINANCE,INVESTOR,SFR,CasaMortgage,2024
LN102397,2022-07,455000.0,5.844,360,<620,75-85,20-35,CA,PURCHASE,OWNER,CONDO,DeltaHome,2022
LN102398,2022-05,537400.0,4.665,360,740-779,60-75,20-35,IL,PURCHASE,OWNER,SFR,DeltaHome,2022
LN102399,2024-01,360300.0,6.072,360,780+,75-85,<=20,CA,REFINANCE,OWNER,SFR,CasaMortgage,2024
LN102400,2021-07,220000.0,4.104,360,680-739,>95,35-43,CA,PURCHASE,OWNER,SFR,AlphaServ,2021
LN102401,2023-06,485100.0,5.951,360,680-739,60-75,35-43,TX,PURCHASE,OWNER,CONDO,BetaLoan,2023
LN102402,2024-02,220800.0,6.355,360,740-779,60-75,20-35,NC,PURCHASE,OWNER,TOWNHOUSE,AlphaServ,2024
LN102403,2023-06,185800.0,6.307,360,680-739,<=60,20-35,FL,PURCHASE,OWNER,TOWNHOUSE,DeltaHome,2023
LN102404,2022-11,214300.0,5.555,360,680-739,<=60,20-35,PA,CASHOUT_REFI,OWNER,SFR,BetaLoan,2022
LN102405,2024-05,197500.0,6.198,360,740-779,75-85,<=20,CA,REFINANCE,OWNER,SFR,CasaMortgage,2024
LN102406,2022-10,166700.0,4.861,240,740-779,75-85,20-35,CA,PURCHASE,OWNER,SFR,BetaLoan,2022
LN102407,2023-12,420600.0,6.243,360,740-779,60-75,35-43,FL,PURCHASE,OWNER,TOWNHOUSE,AlphaServ,2023
LN102408,2023-02,180200.0,5.056,360,780+,60-75,20-35,NC,REFINANCE,OWNER,CONDO,DeltaHome,2023
LN102409,2021-08,251900.0,4.051,360,680-739,60-75,20-35,WA,PURCHASE,OWNER,CONDO,BetaLoan,2021
LN102410,2023-05,133300.0,5.825,360,740-779,85-95,20-35,FL,CASHOUT_REFI,OWNER,SFR,AlphaServ,2023
LN102411,2021-09,258800.0,4.069,240,740-779,75-85,20-35,OH,PURCHASE,OWNER,SFR,BetaLoan,2021
LN102412,2024-10,151700.0,6.884,180,680-739,85-95,20-35,CA,PURCHASE,OWNER,CONDO,AlphaServ,2024
LN102413,2023-08,150100.0,5.841,360,740-779,75-85,35-43,CA,PURCHASE,OWNER,SFR,AlphaServ,2023
LN102414,2022-10,243000.0,5.28,360,740-779,60-75,20-35,CA,REFINANCE,OWNER,SFR,AlphaServ,2022
LN102415,2023-03,410700.0,5.43,360,780+,75-85,35-43,CA,PURCHASE,OWNER,SFR,EagleTrust,2023
LN102416,2023-09,311200.0,6.374,360,680-739,<=60,>43,AZ,CASHOUT_REFI,OWNER,SFR,DeltaHome,2023
LN102417,2022-05,321000.0,4.379,360,740-779,85-95,20-35,GA,PURCHASE,OWNER,TOWNHOUSE,DeltaHome,2022
LN102418,2022-07,240800.0,5.257,360,680-739,60-75,20-35,AZ,PURCHASE,OWNER,CONDO,BetaLoan,2022
LN102419,2022-12,219500.0,5.386,360,740-779,75-85,20-35,PA,CASHOUT_REFI,OWNER,TOWNHOUSE,BetaLoan,2022
LN102420,2022-05,364400.0,4.543,360,740-779,75-85,35-43,MI,PURCHASE,OWNER,SFR,AlphaServ,2022
LN102421,2024-02,198100.0,5.986,360,740-779,75-85,>43,FL,PURCHASE,OWNER,SFR,BetaLoan,2024
LN102422,2021-11,371600.0,4.027,360,680-739,85-95,>43,CA,PURCHASE,OWNER,SFR,CasaMortgage,2021
LN102423,2024-05,445200.0,6.504,360,680-739,<=60,20-35,CA,REFINANCE,SECOND_HOME,SFR,DeltaHome,2024
LN102424,2022-09,174800.0,5.299,360,680-739,75-85,35-43,CA,PURCHASE,OWNER,SFR,DeltaHome,2022
LN102425,2023-06,186700.0,6.82,360,620-679,<=60,20-35,TX,REFINANCE,OWNER,SFR,DeltaHome,2023
LN102426,2022-01,199700.0,4.264,360,680-739,60-75,35-43,CA,REFINANCE,SECOND_HOME,SFR,EagleTrust,2022
LN102427,2022-11,131900.0,5.327,360,780+,60-75,>43,NC,REFINANCE,OWNER,SFR,EagleTrust,2022
LN102428,2024-02,206600.0,6.937,360,620-679,75-85,35-43,NY,CASHOUT_REFI,INVESTOR,TOWNHOUSE,AlphaServ,2024
LN102429,2022-06,458500.0,4.267,360,780+,75-85,<=20,IL,REFINANCE,OWNER,SFR,AlphaServ,2022
LN102430,2021-12,159500.0,4.852,360,620-679,85-95,20-35,IL,PURCHASE,OWNER,SFR,BetaLoan,2021
LN102431,2023-04,463400.0,5.971,360,740-779,75-85,35-43,FL,CASHOUT_REFI,SECOND_HOME,CONDO,AlphaServ,2023
LN102432,2022-01,210000.0,3.746,360,740-779,85-95,<=20,CA,PURCHASE,INVESTOR,CONDO,DeltaHome,2022
LN102433,2022-08,660900.0,5.145,360,740-779,85-95,20-35,OH,REFINANCE,OWNER,SFR,BetaLoan,2022
LN102434,2023-01,187800.0,5.432,360,740-779,<=60,35-43,PA,PURCHASE,OWNER,SFR,AlphaServ,2023
LN102435,2023-06,239200.0,5.96,360,740-779,85-95,35-43,MI,PURCHASE,OWNER,SFR,BetaLoan,2023
LN102436,2023-09,169500.0,5.801,360,780+,60-75,35-43,WA,REFINANCE,OWNER,CONDO,CasaMortgage,2023
LN102437,2023-11,187300.0,6.15,240,740-779,60-75,<=20,FL,REFINANCE,OWNER,SFR,BetaLoan,2023
LN102438,2024-06,466100.0,7.191,360,<620,>95,35-43,PA,CASHOUT_REFI,OWNER,SFR,BetaLoan,2024
LN102439,2021-09,316000.0,4.185,360,680-739,60-75,35-43,NC,PURCHASE,OWNER,TOWNHOUSE,BetaLoan,2021
LN102440,2022-10,405500.0,5.023,360,740-779,>95,<=20,WA,REFINANCE,OWNER,SFR,AlphaServ,2022
LN102441,2021-07,141200.0,4.002,240,680-739,85-95,20-35,FL,PURCHASE,SECOND_HOME,SFR,BetaLoan,2021
LN102442,2021-07,342700.0,4.236,360,680-739,85-95,35-43,PA,REFINANCE,OWNER,CONDO,CasaMortgage,2021
LN102443,2022-03,164900.0,4.327,180,740-779,75-85,20-35,IL,PURCHASE,SECOND_HOME,SFR,EagleTrust,2022
LN102444,2023-08,139800.0,6.412,180,680-739,75-85,20-35,NY,PURCHASE,OWNER,TOWNHOUSE,AlphaServ,2023
LN102445,2024-08,284200.0,6.635,360,740-779,75-85,<=20,IL,REFINANCE,OWNER,SFR,EagleTrust,2024
LN102446,2024-03,282900.0,6.083,360,740-779,75-85,35-43,NY,REFINANCE,OWNER,SFR,BetaLoan,2024
LN102447,2023-10,261500.0,6.207,360,740-779,85-95,20-35,AZ,REFINANCE,OWNER,SFR,DeltaHome,2023
LN102448,2024-03,352500.0,6.523,360,740-779,75-85,20-35,WA,CASHOUT_REFI,OWNER,MULTI_2_4,CasaMortgage,2024
LN102449,2022-02,378200.0,4.225,180,780+,75-85,20-35,GA,REFINANCE,OWNER,SFR,DeltaHome,2022
LN102450,2024-06,494500.0,6.332,360,680-739,>95,<=20,TX,REFINANCE,OWNER,SFR,AlphaServ,2024
LN102451,2024-08,149400.0,5.948,360,780+,60-75,20-35,NY,REFINANCE,INVESTOR,TOWNHOUSE,AlphaServ,2024
LN102452,2021-10,501800.0,4.781,360,620-679,85-95,<=20,FL,PURCHASE,OWNER,SFR,AlphaServ,2021
LN102453,2023-02,595400.0,5.559,360,740-779,60-75,20-35,NC,PURCHASE,INVESTOR,SFR,AlphaServ,2023
LN102454,2024-05,216500.0,6.312,360,740-779,<=60,20-35,CA,CASHOUT_REFI,OWNER,SFR,CasaMortgage,2024
LN102455,2023-02,120500.0,5.856,360,680-739,75-85,20-35,GA,REFINANCE,OWNER,SFR,BetaLoan,2023
LN102456,2024-06,137000.0,6.996,180,620-679,75-85,20-35,IL,PURCHASE,OWNER,SFR,CasaMortgage,2024
LN102457,2024-10,207400.0,5.922,360,680-739,85-95,<=20,TX,PURCHASE,OWNER,SFR,EagleTrust,2024
LN102458,2023-02,631800.0,5.874,360,680-739,<=60,20-35,CA,PURCHASE,OWNER,CONDO,AlphaServ,2023
LN102459,2021-09,257200.0,3.62,360,780+,<=60,<=20,CA,REFINANCE,INVESTOR,MULTI_2_4,AlphaServ,2021
LN102460,2022-09,193400.0,5.217,180,680-739,85-95,20-35,AZ,CASHOUT_REFI,OWNER,SFR,AlphaServ,2022
LN102461,2022-04,187500.0,5.072,360,620-679,75-85,<=20,OH,REFINANCE,OWNER,SFR,CasaMortgage,2022
LN102462,2023-02,140800.0,5.406,360,740-779,75-85,<=20,OH,REFINANCE,OWNER,TOWNHOUSE,AlphaServ,2023
LN102463,2023-07,378300.0,6.411,180,680-739,60-75,20-35,CA,CASHOUT_REFI,OWNER,SFR,BetaLoan,2023
LN102464,2023-02,244900.0,6.643,360,620-679,>95,>43,MI,PURCHASE,OWNER,TOWNHOUSE,BetaLoan,2023
LN102465,2022-03,656700.0,4.481,360,740-779,>95,20-35,TX,PURCHASE,OWNER,SFR,AlphaServ,2022
LN102466,2022-07,338600.0,5.15,360,680-739,75-85,35-43,NY,REFINANCE,OWNER,SFR,EagleTrust,2022
LN102467,2023-11,370800.0,6.976,360,620-679,60-75,<=20,GA,CASHOUT_REFI,OWNER,CONDO,EagleTrust,2023
LN102468,2021-08,228900.0,3.665,180,740-779,>95,20-35,CA,PURCHASE,OWNER,SFR,DeltaHome,2021
LN102469,2022-03,156200.0,4.159,360,740-779,85-95,20-35,MI,REFINANCE,OWNER,SFR,BetaLoan,2022
LN102470,2024-08,172300.0,6.439,360,740-779,75-85,<=20,PA,CASHOUT_REFI,OWNER,SFR,CasaMortgage,2024
LN102471,2021-11,137800.0,4.208,360,680-739,75-85,35-43,IL,PURCHASE,OWNER,SFR,AlphaServ,2021
LN102472,2022-12,384500.0,6.488,240,620-679,75-85,<=20,FL,PURCHASE,OWNER,SFR,DeltaHome,2022
LN102473,2022-03,214700.0,3.734,360,780+,60-75,35-43,TX,PURCHASE,OWNER,SFR,AlphaServ,2022
LN102474,2021-11,391800.0,3.896,360,740-779,85-95,20-35,NC,PURCHASE,OWNER,SFR,CasaMortgage,2021
LN102475,2022-12,271300.0,6.506,240,<620,85-95,35-43,FL,PURCHASE,OWNER,CONDO,AlphaServ,2022
LN102476,2023-04,223700.0,5.784,240,780+,75-85,<=20,PA,PURCHASE,OWNER,TOWNHOUSE,DeltaHome,2023
LN102477,2022-02,150800.0,5.032,180,620-679,85-95,20-35,NC,REFINANCE,OWNER,TOWNHOUSE,BetaLoan,2022
LN102478,2021-10,292400.0,3.648,240,740-779,75-85,35-43,FL,REFINANCE,OWNER,SFR,AlphaServ,2021
LN102479,2021-12,231300.0,3.756,360,740-779,85-95,20-35,TX,CASHOUT_REFI,OWNER,SFR,AlphaServ,2021
LN102480,2023-10,383100.0,5.859,360,780+,60-75,35-43,FL,REFINANCE,OWNER,TOWNHOUSE,AlphaServ,2023
LN102481,2024-07,185000.0,6.193,360,780+,>95,20-35,FL,REFINANCE,OWNER,SFR,EagleTrust,2024
LN102482,2022-02,336800.0,4.532,360,680-739,60-75,35-43,WA,PURCHASE,OWNER,CONDO,AlphaServ,2022
LN102483,2022-08,534100.0,4.567,360,740-779,60-75,35-43,GA,PURCHASE,SECOND_HOME,SFR,BetaLoan,2022
LN102484,2022-09,288600.0,5.353,240,680-739,75-85,20-35,GA,PURCHASE,OWNER,CONDO,AlphaServ,2022
LN102485,2022-10,363400.0,5.168,240,740-779,<=60,>43,FL,REFINANCE,OWNER,SFR,CasaMortgage,2022
LN102486,2022-05,330200.0,4.457,180,740-779,60-75,35-43,FL,PURCHASE,SECOND_HOME,SFR,DeltaHome,2022
LN102487,2021-09,599700.0,5.139,360,<620,85-95,<=20,IL,REFINANCE,OWNER,TOWNHOUSE,EagleTrust,2021
LN102488,2023-05,301700.0,7.168,360,<620,60-75,<=20,WA,REFINANCE,INVESTOR,SFR,BetaLoan,2023
LN102489,2022-10,349800.0,6.354,360,<620,85-95,35-43,GA,PURCHASE,OWNER,TOWNHOUSE,BetaLoan,2022
LN102490,2022-09,251100.0,5.91,360,620-679,60-75,35-43,CA,PURCHASE,OWNER,CONDO,AlphaServ,2022
LN102491,2022-06,180100.0,5.567,240,620-679,75-85,>43,WA,REFINANCE,OWNER,SFR,CasaMortgage,2022
LN102492,2024-10,148200.0,5.974,360,780+,75-85,35-43,TX,REFINANCE,SECOND_HOME,CONDO,EagleTrust,2024
LN102493,2023-08,451400.0,6.404,360,680-739,75-85,20-35,GA,PURCHASE,SECOND_HOME,TOWNHOUSE,BetaLoan,2023
LN102494,2022-12,162100.0,5.528,360,740-779,75-85,<=20,AZ,REFINANCE,OWNER,SFR,CasaMortgage,2022
LN102495,2022-03,357100.0,4.014,360,780+,75-85,20-35,GA,PURCHASE,OWNER,CONDO,DeltaHome,2022
LN102496,2024-04,307800.0,6.428,240,740-779,60-75,20-35,AZ,PURCHASE,OWNER,MULTI_2_4,DeltaHome,2024
LN102497,2024-08,385800.0,6.607,360,680-739,<=60,>43,PA,CASHOUT_REFI,OWNER,SFR,CasaMortgage,2024
LN102498,2021-08,202500.0,3.733,360,780+,75-85,35-43,CA,PURCHASE,OWNER,TOWNHOUSE,BetaLoan,2021
LN102499,2024-10,178800.0,6.368,360,740-779,75-85,>43,NC,PURCHASE,INVESTOR,SFR,CasaMortgage,2024
LN102500,2023-12,302600.0,6.238,180,740-779,60-75,35-43,NC,REFINANCE,OWNER,CONDO,AlphaServ,2023
LN102501,2021-11,223800.0,3.895,180,780+,60-75,35-43,FL,PURCHASE,OWNER,SFR,EagleTrust,2021
LN102502,2024-02,146700.0,6.715,360,680-739,85-95,20-35,AZ,PURCHASE,OWNER,SFR,AlphaServ,2024
LN102503,2021-11,610700.0,4.651,360,680-739,60-75,20-35,PA,REFINANCE,OWNER,SFR,AlphaServ,2021
LN102504,2021-09,178800.0,3.302,360,780+,>95,20-35,FL,CASHOUT_REFI,OWNER,MULTI_2_4,CasaMortgage,2021
LN102505,2021-11,163200.0,4.354,240,680-739,60-75,35-43,TX,CASHOUT_REFI,OWNER,CONDO,BetaLoan,2021
LN102506,2023-02,228900.0,5.834,360,740-779,>95,20-35,TX,PURCHASE,OWNER,TOWNHOUSE,AlphaServ,2023
LN102507,2023-09,448600.0,7.761,360,<620,75-85,>43,TX,CASHOUT_REFI,OWNER,TOWNHOUSE,CasaMortgage,2023
LN102508,2022-12,96300.0,6.514,360,<620,75-85,20-35,OH,PURCHASE,SECOND_HOME,CONDO,CasaMortgage,2022
LN102509,2021-12,432100.0,4.317,360,680-739,60-75,20-35,GA,PURCHASE,OWNER,SFR,BetaLoan,2021
LN102510,2022-03,169400.0,5.365,360,<620,>95,20-35,CA,REFINANCE,OWNER,MULTI_2_4,CasaMortgage,2022
LN102511,2024-06,287500.0,6.421,360,780+,60-75,20-35,OH,CASHOUT_REFI,OWNER,SFR,AlphaServ,2024
LN102512,2024-11,188300.0,7.285,360,<620,85-95,20-35,TX,PURCHASE,OWNER,TOWNHOUSE,DeltaHome,2024
LN102513,2024-02,625500.0,6.199,360,740-779,<=60,<=20,AZ,PURCHASE,OWNER,CONDO,EagleTrust,2024
LN102514,2021-11,270000.0,4.372,360,620-679,75-85,<=20,PA,PURCHASE,OWNER,SFR,CasaMortgage,2021
LN102515,2024-05,185600.0,5.601,180,780+,85-95,20-35,CA,PURCHASE,OWNER,SFR,CasaMortgage,2024
LN102516,2023-12,222900.0,6.555,360,680-739,75-85,20-35,TX,PURCHASE,OWNER,SFR,CasaMortgage,2023
LN102517,2023-05,265800.0,7.109,360,<620,75-85,>43,WA,REFINANCE,OWNER,SFR,DeltaHome,2023
LN102518,2022-01,276500.0,5.229,360,<620,85-95,20-35,FL,PURCHASE,SECOND_HOME,SFR,AlphaServ,2022
LN102519,2024-12,311000.0,6.605,360,680-739,75-85,20-35,PA,PURCHASE,INVESTOR,MULTI_2_4,BetaLoan,2024
LN102520,2023-01,255100.0,5.469,360,780+,60-75,>43,CA,REFINANCE,INVESTOR,SFR,BetaLoan,2023
LN102521,2021-08,137300.0,3.47,360,780+,75-85,20-35,NY,PURCHASE,OWNER,TOWNHOUSE,AlphaServ,2021
LN102522,2022-03,219000.0,4.559,360,680-739,85-95,>43,GA,PURCHASE,OWNER,CONDO,BetaLoan,2022
LN102523,2022-11,335400.0,5.555,180,680-739,60-75,>43,NY,PURCHASE,OWNER,SFR,DeltaHome,2022
LN102524,2021-09,188800.0,4.533,360,620-679,75-85,35-43,MI,REFINANCE,OWNER,SFR,AlphaServ,2021
LN102525,2022-08,345500.0,5.429,360,680-739,60-75,20-35,WA,CASHOUT_REFI,OWNER,SFR,AlphaServ,2022
LN102526,2023-02,258900.0,5.72,360,740-779,>95,35-43,IL,PURCHASE,INVESTOR,CONDO,CasaMortgage,2023
LN102527,2024-10,231400.0,7.134,360,620-679,75-85,20-35,IL,PURCHASE,OWNER,SFR,AlphaServ,2024
LN102528,2021-10,436900.0,3.842,240,740-779,75-85,20-35,NC,CASHOUT_REFI,OWNER,CONDO,AlphaServ,2021
LN102529,2023-07,116800.0,5.658,360,780+,85-95,20-35,MI,REFINANCE,OWNER,SFR,EagleTrust,2023
LN102530,2024-09,188400.0,7.661,240,<620,85-95,20-35,CA,REFINANCE,OWNER,CONDO,BetaLoan,2024
LN102531,2024-04,444500.0,7.134,360,620-679,<=60,<=20,NY,PURCHASE,OWNER,CONDO,AlphaServ,2024
LN102532,2024-09,581600.0,6.882,360,620-679,60-75,35-43,IL,PURCHASE,OWNER,CONDO,BetaLoan,2024
LN102533,2022-02,714000.0,4.821,360,620-679,75-85,<=20,FL,CASHOUT_REFI,INVESTOR,SFR,AlphaServ,2022
LN102534,2024-04,261100.0,7.101,180,620-679,60-75,20-35,MI,REFINANCE,INVESTOR,CONDO,AlphaServ,2024
LN102535,2024-12,313700.0,6.56,360,680-739,60-75,20-35,AZ,REFINANCE,OWNER,SFR,CasaMortgage,2024
LN102536,2022-08,368700.0,5.537,360,620-679,60-75,20-35,PA,PURCHASE,OWNER,SFR,AlphaServ,2022
LN102537,2023-03,453100.0,5.553,360,740-779,60-75,35-43,GA,PURCHASE,SECOND_HOME,SFR,EagleTrust,2023
LN102538,2023-05,293900.0,6.071,360,780+,<=60,35-43,MI,PURCHASE,SECOND_HOME,SFR,AlphaServ,2023
LN102539,2023-03,387200.0,5.549,360,780+,60-75,35-43,TX,REFINANCE,OWNER,SFR,AlphaServ,2023
LN102540,2022-07,313900.0,4.93,360,740-779,<=60,35-43,CA,PURCHASE,OWNER,SFR,CasaMortgage,2022
LN102541,2024-11,322900.0,6.482,240,620-679,75-85,35-43,IL,PURCHASE,INVESTOR,SFR,DeltaHome,2024
LN102542,2024-11,168800.0,7.201,180,<620,60-75,20-35,NY,REFINANCE,OWNER,CONDO,AlphaServ,2024
LN102543,2022-10,220100.0,6.038,180,620-679,<=60,20-35,AZ,CASHOUT_REFI,OWNER,SFR,CasaMortgage,2022
LN102544,2024-04,201700.0,6.069,360,780+,85-95,20-35,MI,PURCHASE,SECOND_HOME,MULTI_2_4,CasaMortgage,2024
LN102545,2022-11,149500.0,5.265,360,780+,75-85,20-35,NY,PURCHASE,OWNER,SFR,DeltaHome,2022
LN102546,2024-04,121400.0,6.496,180,680-739,85-95,>43,CA,REFINANCE,OWNER,SFR,AlphaServ,2024
LN102547,2023-07,210900.0,6.338,180,680-739,>95,35-43,TX,PURCHASE,OWNER,CONDO,EagleTrust,2023
LN102548,2023-02,226700.0,5.809,360,680-739,75-85,20-35,FL,REFINANCE,OWNER,CONDO,AlphaServ,2023
LN102549,2021-12,267600.0,4.473,360,680-739,85-95,<=20,NC,CASHOUT_REFI,INVESTOR,SFR,DeltaHome,2021
LN102550,2023-10,327800.0,5.938,360,780+,60-75,35-43,AZ,PURCHASE,OWNER,TOWNHOUSE,AlphaServ,2023
LN102551,2022-08,277800.0,5.71,360,620-679,85-95,>43,TX,PURCHASE,OWNER,CONDO,CasaMortgage,2022
LN102552,2022-04,227400.0,4.924,360,680-739,75-85,>43,MI,CASHOUT_REFI,OWNER,SFR,BetaLoan,2022
LN102553,2022-03,169100.0,4.512,360,680-739,85-95,35-43,NC,REFINANCE,OWNER,CONDO,BetaLoan,2022
LN102554,2024-12,378800.0,7.378,360,<620,<=60,35-43,FL,PURCHASE,OWNER,SFR,BetaLoan,2024
LN102555,2021-11,243800.0,4.141,360,680-739,>95,<=20,CA,PURCHASE,OWNER,SFR,CasaMortgage,2021
LN102556,2024-04,210000.0,6.66,360,740-779,75-85,<=20,CA,REFINANCE,OWNER,SFR,BetaLoan,2024
LN102557,2024-07,234700.0,6.975,360,620-679,85-95,20-35,GA,PURCHASE,OWNER,SFR,EagleTrust,2024
LN102558,2021-08,183600.0,3.751,360,740-779,>95,20-35,PA,REFINANCE,OWNER,SFR,AlphaServ,2021
LN102559,2023-07,201000.0,6.162,360,680-739,85-95,>43,GA,PURCHASE,SECOND_HOME,SFR,AlphaServ,2023
LN102560,2023-07,198200.0,6.662,240,620-679,60-75,35-43,MI,PURCHASE,OWNER,CONDO,AlphaServ,2023
LN102561,2022-10,224300.0,6.26,360,<620,75-85,20-35,IL,PURCHASE,OWNER,SFR,EagleTrust,2022
LN102562,2023-11,342900.0,6.726,360,680-739,75-85,20-35,TX,CASHOUT_REFI,OWNER,SFR,CasaMortgage,2023
LN102563,2022-12,306600.0,6.553,360,<620,75-85,20-35,CA,PURCHASE,OWNER,SFR,CasaMortgage,2022
LN102564,2023-01,512000.0,5.766,360,680-739,75-85,20-35,PA,REFINANCE,SECOND_HOME,MULTI_2_4,EagleTrust,2023
LN102565,2023-01,440300.0,5.669,360,740-779,75-85,35-43,IL,CASHOUT_REFI,OWNER,SFR,BetaLoan,2023
LN102566,2024-04,615600.0,6.308,360,740-779,>95,35-43,AZ,PURCHASE,OWNER,SFR,BetaLoan,2024
LN102567,2023-09,328300.0,5.765,360,780+,60-75,>43,FL,CASHOUT_REFI,OWNER,CONDO,AlphaServ,2023
LN102568,2022-10,325900.0,5.719,360,680-739,<=60,20-35,TX,REFINANCE,INVESTOR,SFR,AlphaServ,2022
LN102569,2024-09,205000.0,6.168,180,740-779,85-95,35-43,GA,PURCHASE,OWNER,SFR,BetaLoan,2024
LN102570,2024-04,370200.0,6.654,360,680-739,75-85,>43,GA,CASHOUT_REFI,INVESTOR,CONDO,AlphaServ,2024
LN102571,2024-10,190000.0,7.028,360,620-679,>95,35-43,NC,REFINANCE,INVESTOR,SFR,DeltaHome,2024
LN102572,2024-01,131700.0,6.576,360,620-679,85-95,<=20,CA,PURCHASE,OWNER,SFR,BetaLoan,2024
LN102573,2022-11,507300.0,5.517,360,680-739,75-85,20-35,CA,REFINANCE,OWNER,SFR,DeltaHome,2022
LN102574,2024-03,145500.0,6.191,180,740-779,75-85,<=20,OH,REFINANCE,OWNER,CONDO,CasaMortgage,2024
LN102575,2022-08,311000.0,4.946,360,680-739,85-95,<=20,OH,CASHOUT_REFI,OWNER,SFR,CasaMortgage,2022
LN102576,2022-06,171800.0,5.27,360,620-679,60-75,20-35,CA,REFINANCE,OWNER,TOWNHOUSE,CasaMortgage,2022
LN102577,2023-01,423800.0,5.352,360,780+,<=60,35-43,NY,REFINANCE,OWNER,SFR,CasaMortgage,2023
LN102578,2024-11,450600.0,7.52,360,<620,75-85,20-35,GA,REFINANCE,OWNER,SFR,BetaLoan,2024
LN102579,2023-06,323900.0,5.82,360,780+,<=60,20-35,OH,REFINANCE,OWNER,CONDO,CasaMortgage,2023
LN102580,2022-11,447200.0,5.267,360,740-779,>95,20-35,TX,PURCHASE,OWNER,TOWNHOUSE,DeltaHome,2022
LN102581,2023-02,256100.0,5.734,360,780+,60-75,35-43,AZ,REFINANCE,OWNER,TOWNHOUSE,DeltaHome,2023
LN102582,2022-07,697600.0,4.66,240,740-779,60-75,20-35,CA,CASHOUT_REFI,OWNER,SFR,CasaMortgage,2022
LN102583,2023-10,357100.0,6.596,180,620-679,>95,<=20,TX,CASHOUT_REFI,SECOND_HOME,CONDO,DeltaHome,2023
LN102584,2022-09,170200.0,4.853,180,740-779,<=60,35-43,CA,REFINANCE,OWNER,SFR,AlphaServ,2022
LN102585,2023-06,263400.0,6.202,360,740-779,<=60,20-35,FL,PURCHASE,OWNER,SFR,BetaLoan,2023
LN102586,2022-10,238300.0,5.103,360,740-779,<=60,<=20,NC,CASHOUT_REFI,OWNER,SFR,CasaMortgage,2022
LN102587,2022-08,228000.0,5.002,360,680-739,>95,35-43,CA,PURCHASE,SECOND_HOME,MULTI_2_4,AlphaServ,2022
LN102588,2024-11,121100.0,7.053,360,620-679,>95,20-35,CA,REFINANCE,OWNER,SFR,CasaMortgage,2024
LN102589,2022-09,303800.0,5.58,180,680-739,75-85,20-35,TX,PURCHASE,OWNER,SFR,DeltaHome,2022
LN102590,2021-09,136800.0,4.099,240,680-739,85-95,35-43,CA,CASHOUT_REFI,OWNER,TOWNHOUSE,AlphaServ,2021
LN102591,2022-10,81900.0,5.256,360,740-779,85-95,<=20,NY,PURCHASE,OWNER,SFR,CasaMortgage,2022
LN102592,2023-05,218600.0,5.993,360,780+,<=60,<=20,TX,PURCHASE,INVESTOR,SFR,AlphaServ,2023
LN102593,2021-10,181700.0,4.255,360,740-779,60-75,20-35,FL,REFINANCE,OWNER,SFR,AlphaServ,2021
LN102594,2022-07,173200.0,4.826,360,740-779,85-95,<=20,PA,PURCHASE,SECOND_HOME,SFR,AlphaServ,2022
LN102595,2022-01,63200.0,4.362,360,680-739,60-75,<=20,NY,PURCHASE,OWNER,SFR,AlphaServ,2022
LN102596,2023-04,174100.0,6.134,360,680-739,75-85,20-35,CA,REFINANCE,OWNER,SFR,DeltaHome,2023
LN102597,2024-01,236100.0,6.582,360,620-679,60-75,20-35,OH,PURCHASE,OWNER,SFR,CasaMortgage,2024
LN102598,2024-11,191900.0,6.694,360,620-679,75-85,35-43,CA,PURCHASE,OWNER,MULTI_2_4,AlphaServ,2024
LN102599,2022-11,303900.0,6.567,180,<620,60-75,20-35,CA,REFINANCE,OWNER,SFR,EagleTrust,2022
LN102600,2024-07,477700.0,7.467,360,620-679,60-75,>43,FL,CASHOUT_REFI,OWNER,SFR,BetaLoan,2024
LN102601,2022-04,322000.0,4.952,360,620-679,<=60,20-35,TX,PURCHASE,OWNER,MULTI_2_4,CasaMortgage,2022
LN102602,2024-03,405100.0,6.558,240,680-739,>95,20-35,CA,PURCHASE,OWNER,SFR,CasaMortgage,2024
LN102603,2023-06,420500.0,7.276,360,<620,<=60,20-35,FL,PURCHASE,OWNER,SFR,DeltaHome,2023
LN102604,2024-02,161400.0,7.271,360,620-679,75-85,<=20,IL,CASHOUT_REFI,SECOND_HOME,CONDO,CasaMortgage,2024
LN102605,2024-02,311000.0,7.339,180,<620,75-85,<=20,TX,REFINANCE,OWNER,SFR,CasaMortgage,2024
LN102606,2023-05,399400.0,5.848,360,740-779,60-75,<=20,CA,PURCHASE,OWNER,SFR,AlphaServ,2023
LN102607,2022-05,209800.0,4.474,360,740-779,85-95,35-43,AZ,CASHOUT_REFI,OWNER,CONDO,AlphaServ,2022
LN102608,2023-05,178800.0,6.257,360,680-739,60-75,20-35,GA,REFINANCE,OWNER,CONDO,AlphaServ,2023
LN102609,2024-05,324100.0,7.044,180,620-679,75-85,<=20,NC,REFINANCE,OWNER,SFR,BetaLoan,2024
LN102610,2024-11,131000.0,6.097,360,780+,75-85,35-43,NY,REFINANCE,OWNER,SFR,DeltaHome,2024
LN102611,2024-09,156400.0,6.678,360,680-739,85-95,20-35,OH,PURCHASE,OWNER,CONDO,AlphaServ,2024
LN102612,2022-02,189100.0,4.221,360,740-779,85-95,>43,NC,PURCHASE,OWNER,SFR,EagleTrust,2022
LN102613,2023-08,312600.0,6.422,360,680-739,60-75,35-43,FL,REFINANCE,OWNER,SFR,AlphaServ,2023
LN102614,2021-11,281700.0,3.693,240,740-779,85-95,20-35,PA,PURCHASE,OWNER,SFR,DeltaHome,2021
LN102615,2023-11,406200.0,5.802,360,780+,85-95,20-35,MI,PURCHASE,OWNER,SFR,AlphaServ,2023
LN102616,2024-12,168600.0,6.368,360,680-739,>95,>43,FL,CASHOUT_REFI,OWNER,SFR,BetaLoan,2024
LN102617,2021-09,164600.0,4.045,360,740-779,>95,35-43,FL,REFINANCE,OWNER,SFR,CasaMortgage,2021
LN102618,2023-10,323100.0,7.162,360,620-679,85-95,>43,TX,REFINANCE,OWNER,TOWNHOUSE,DeltaHome,2023
LN102619,2024-10,178200.0,6.314,360,680-739,75-85,<=20,IL,REFINANCE,OWNER,CONDO,AlphaServ,2024
LN102620,2024-06,194500.0,6.78,360,680-739,60-75,20-35,PA,PURCHASE,OWNER,SFR,DeltaHome,2024
LN102621,2022-11,110700.0,6.201,360,<620,85-95,20-35,OH,REFINANCE,INVESTOR,CONDO,EagleTrust,2022
LN102622,2021-11,290900.0,3.854,180,780+,>95,20-35,FL,PURCHASE,OWNER,SFR,BetaLoan,2021
LN102623,2024-09,510700.0,6.197,360,740-779,<=60,<=20,NY,PURCHASE,SECOND_HOME,SFR,AlphaServ,2024
LN102624,2024-09,160600.0,6.592,360,620-679,75-85,35-43,NC,REFINANCE,OWNER,SFR,CasaMortgage,2024
LN102625,2023-07,404200.0,5.69,360,780+,<=60,20-35,IL,PURCHASE,OWNER,SFR,AlphaServ,2023
LN102626,2024-12,248500.0,6.798,360,620-679,60-75,35-43,OH,PURCHASE,OWNER,SFR,AlphaServ,2024
LN102627,2021-07,115300.0,4.15,360,680-739,75-85,<=20,GA,CASHOUT_REFI,OWNER,TOWNHOUSE,CasaMortgage,2021
LN102628,2023-08,170700.0,5.917,180,780+,60-75,>43,NC,PURCHASE,INVESTOR,SFR,BetaLoan,2023
LN102629,2021-08,166000.0,4.082,360,680-739,85-95,20-35,GA,PURCHASE,OWNER,CONDO,BetaLoan,2021
LN102630,2024-10,221400.0,6.506,360,680-739,<=60,>43,NC,REFINANCE,OWNER,SFR,EagleTrust,2024
LN102631,2023-11,308300.0,6.417,180,740-779,75-85,35-43,GA,PURCHASE,OWNER,SFR,AlphaServ,2023
LN102632,2024-09,586600.0,7.297,240,<620,75-85,<=20,AZ,CASHOUT_REFI,OWNER,CONDO,BetaLoan,2024
LN102633,2023-06,134100.0,6.404,360,680-739,85-95,35-43,NC,PURCHASE,SECOND_HOME,CONDO,CasaMortgage,2023
LN102634,2021-10,205200.0,4.62,360,680-739,<=60,20-35,OH,REFINANCE,OWNER,SFR,CasaMortgage,2021
LN102635,2021-08,170600.0,3.9,360,740-779,60-75,20-35,AZ,PURCHASE,OWNER,SFR,CasaMortgage,2021
LN102636,2022-09,144300.0,5.8,360,620-679,85-95,20-35,AZ,PURCHASE,OWNER,SFR,DeltaHome,2022
LN102637,2024-02,266500.0,6.877,180,620-679,85-95,>43,FL,PURCHASE,OWNER,SFR,BetaLoan,2024
LN102638,2022-01,255400.0,4.446,360,740-779,75-85,>43,PA,PURCHASE,OWNER,CONDO,BetaLoan,2022
LN102639,2024-06,112800.0,6.866,360,620-679,75-85,20-35,WA,CASHOUT_REFI,INVESTOR,SFR,BetaLoan,2024
LN102640,2022-05,257300.0,4.761,360,680-739,>95,20-35,TX,PURCHASE,OWNER,SFR,AlphaServ,2022
LN102641,2023-03,148400.0,5.365,360,740-779,60-75,20-35,NY,PURCHASE,OWNER,SFR,BetaLoan,2023
LN102642,2022-03,256600.0,4.138,360,740-779,60-75,20-35,NY,PURCHASE,INVESTOR,SFR,BetaLoan,2022
LN102643,2023-02,451900.0,6.489,360,620-679,>95,35-43,GA,PURCHASE,INVESTOR,SFR,BetaLoan,2023
LN102644,2023-01,314400.0,5.313,360,780+,85-95,20-35,WA,PURCHASE,OWNER,SFR,DeltaHome,2023
LN102645,2021-07,276500.0,3.956,180,740-779,60-75,20-35,FL,REFINANCE,OWNER,CONDO,BetaLoan,2021
LN102646,2023-06,201200.0,6.343,360,680-739,85-95,35-43,MI,REFINANCE,OWNER,SFR,BetaLoan,2023
LN102647,2024-04,263000.0,6.397,360,740-779,60-75,>43,MI,PURCHASE,OWNER,SFR,BetaLoan,2024
LN102648,2024-10,328900.0,6.433,240,740-779,85-95,20-35,NC,PURCHASE,OWNER,SFR,AlphaServ,2024
LN102649,2022-08,314500.0,4.581,360,740-779,75-85,20-35,OH,PURCHASE,OWNER,SFR,BetaLoan,2022
LN102650,2024-07,244100.0,6.752,360,680-739,75-85,20-35,OH,PURCHASE,OWNER,TOWNHOUSE,DeltaHome,2024
LN102651,2024-07,281500.0,6.233,360,740-779,>95,20-35,FL,PURCHASE,OWNER,SFR,AlphaServ,2024
LN102652,2024-12,141100.0,5.913,360,780+,85-95,20-35,CA,PURCHASE,OWNER,MULTI_2_4,BetaLoan,2024
LN102653,2022-10,183400.0,4.95,360,740-779,<=60,<=20,FL,PURCHASE,OWNER,CONDO,BetaLoan,2022
LN102654,2024-06,351000.0,6.388,360,740-779,85-95,<=20,TX,CASHOUT_REFI,OWNER,TOWNHOUSE,CasaMortgage,2024
LN102655,2023-06,372800.0,6.028,360,740-779,85-95,35-43,GA,PURCHASE,OWNER,TOWNHOUSE,BetaLoan,2023
LN102656,2021-09,266200.0,3.789,360,780+,75-85,20-35,PA,PURCHASE,OWNER,TOWNHOUSE,AlphaServ,2021
LN102657,2022-06,496600.0,4.119,180,780+,60-75,35-43,CA,REFINANCE,INVESTOR,SFR,BetaLoan,2022
LN102658,2023-11,320800.0,7.123,180,620-679,60-75,<=20,GA,PURCHASE,OWNER,CONDO,AlphaServ,2023
LN102659,2022-01,229800.0,4.866,360,620-679,>95,35-43,CA,REFINANCE,INVESTOR,SFR,AlphaServ,2022
LN102660,2023-01,147400.0,5.376,180,740-779,75-85,35-43,NY,PURCHASE,OWNER,TOWNHOUSE,AlphaServ,2023
LN102661,2024-03,487700.0,6.782,360,680-739,75-85,35-43,TX,PURCHASE,OWNER,SFR,AlphaServ,2024
LN102662,2022-01,361000.0,4.144,360,740-779,75-85,20-35,FL,REFINANCE,OWNER,SFR,AlphaServ,2022
LN102663,2023-03,573300.0,5.524,360,740-779,<=60,20-35,PA,PURCHASE,OWNER,TOWNHOUSE,AlphaServ,2023
LN102664,2022-04,676800.0,4.186,360,780+,<=60,>43,NY,CASHOUT_REFI,OWNER,CONDO,BetaLoan,2022
LN102665,2023-05,143000.0,5.775,360,680-739,60-75,20-35,CA,REFINANCE,SECOND_HOME,CONDO,AlphaServ,2023
LN102666,2022-05,143200.0,4.593,360,740-779,<=60,<=20,TX,PURCHASE,OWNER,TOWNHOUSE,BetaLoan,2022
LN102667,2024-11,70400.0,6.805,360,620-679,85-95,20-35,PA,PURCHASE,INVESTOR,MULTI_2_4,AlphaServ,2024
LN102668,2021-10,385900.0,3.881,180,680-739,60-75,>43,NY,PURCHASE,OWNER,CONDO,DeltaHome,2021
LN102669,2024-11,343000.0,6.999,180,<620,60-75,<=20,WA,PURCHASE,OWNER,SFR,AlphaServ,2024
LN102670,2024-04,266700.0,6.658,360,680-739,75-85,<=20,OH,PURCHASE,OWNER,SFR,CasaMortgage,2024
LN102671,2024-06,147000.0,6.578,360,680-739,85-95,>43,IL,CASHOUT_REFI,OWNER,CONDO,AlphaServ,2024
LN102672,2024-06,245200.0,6.242,360,740-779,<=60,20-35,NY,PURCHASE,OWNER,SFR,EagleTrust,2024
LN102673,2022-02,277400.0,4.199,360,740-779,60-75,<=20,MI,PURCHASE,OWNER,SFR,CasaMortgage,2022
LN102674,2024-10,363000.0,6.95,360,620-679,85-95,20-35,PA,PURCHASE,SECOND_HOME,SFR,DeltaHome,2024
LN102675,2023-07,288600.0,7.395,360,<620,75-85,<=20,CA,PURCHASE,OWNER,CONDO,AlphaServ,2023
LN102676,2024-11,344100.0,7.421,360,<620,75-85,20-35,NY,PURCHASE,SECOND_HOME,SFR,CasaMortgage,2024
LN102677,2024-07,241400.0,6.009,360,780+,<=60,<=20,FL,CASHOUT_REFI,INVESTOR,SFR,AlphaServ,2024
LN102678,2023-07,434400.0,5.78,240,780+,85-95,20-35,AZ,PURCHASE,OWNER,SFR,BetaLoan,2023
LN102679,2022-10,339200.0,5.478,360,680-739,75-85,35-43,NC,PURCHASE,OWNER,CONDO,EagleTrust,2022
LN102680,2021-11,149600.0,4.717,360,620-679,85-95,<=20,FL,PURCHASE,SECOND_HOME,SFR,BetaLoan,2021
LN102681,2021-11,476900.0,4.127,360,680-739,>95,20-35,NY,REFINANCE,OWNER,SFR,CasaMortgage,2021
LN102682,2022-11,443100.0,5.189,360,740-779,85-95,>43,NY,REFINANCE,SECOND_HOME,SFR,BetaLoan,2022
LN102683,2024-05,314700.0,7.052,360,620-679,<=60,20-35,WA,REFINANCE,OWNER,TOWNHOUSE,BetaLoan,2024
LN102684,2023-04,289600.0,7.103,360,<620,85-95,>43,IL,REFINANCE,OWNER,SFR,AlphaServ,2023
LN102685,2023-03,538400.0,5.882,360,680-739,75-85,>43,CA,REFINANCE,OWNER,MULTI_2_4,DeltaHome,2023
LN102686,2022-05,122400.0,4.539,360,680-739,<=60,20-35,NC,CASHOUT_REFI,OWNER,SFR,CasaMortgage,2022
LN102687,2023-06,446200.0,6.309,360,680-739,60-75,20-35,CA,PURCHASE,OWNER,SFR,EagleTrust,2023
LN102688,2023-09,206000.0,6.946,360,620-679,60-75,35-43,GA,REFINANCE,OWNER,SFR,CasaMortgage,2023
LN102689,2024-12,417800.0,6.544,360,680-739,>95,35-43,IL,REFINANCE,OWNER,SFR,AlphaServ,2024
LN102690,2024-01,269500.0,6.321,360,680-739,85-95,35-43,MI,PURCHASE,OWNER,SFR,BetaLoan,2024
LN102691,2023-08,145900.0,6.476,360,680-739,85-95,20-35,OH,REFINANCE,OWNER,SFR,AlphaServ,2023
LN102692,2024-09,204100.0,6.723,360,680-739,85-95,>43,TX,REFINANCE,OWNER,SFR,EagleTrust,2024
LN102693,2022-12,404200.0,5.63,360,680-739,75-85,20-35,AZ,PURCHASE,OWNER,SFR,AlphaServ,2022
LN102694,2024-10,232200.0,6.129,360,740-779,85-95,35-43,AZ,PURCHASE,OWNER,MULTI_2_4,BetaLoan,2024
LN102695,2022-10,193000.0,5.151,360,780+,60-75,>43,NY,REFINANCE,OWNER,SFR,EagleTrust,2022
LN102696,2021-12,192400.0,4.889,360,620-679,60-75,20-35,GA,PURCHASE,OWNER,TOWNHOUSE,AlphaServ,2021
LN102697,2022-12,340800.0,5.038,360,780+,75-85,20-35,OH,PURCHASE,OWNER,CONDO,CasaMortgage,2022
LN102698,2021-12,561200.0,4.033,360,740-779,85-95,35-43,OH,PURCHASE,OWNER,SFR,CasaMortgage,2021
LN102699,2021-11,97400.0,3.737,360,740-779,85-95,>43,CA,REFINANCE,OWNER,SFR,BetaLoan,2021
LN102700,2024-08,900100.0,7.061,360,620-679,>95,20-35,IL,REFINANCE,SECOND_HOME,CONDO,AlphaServ,2024
LN102701,2024-04,279800.0,6.916,360,620-679,85-95,35-43,TX,PURCHASE,OWNER,SFR,DeltaHome,2024
LN102702,2022-04,331400.0,5.375,360,<620,60-75,<=20,MI,CASHOUT_REFI,OWNER,SFR,AlphaServ,2022
LN102703,2024-06,209800.0,5.845,360,780+,60-75,<=20,PA,PURCHASE,OWNER,SFR,DeltaHome,2024
LN102704,2021-09,254800.0,4.057,360,740-779,75-85,<=20,CA,CASHOUT_REFI,OWNER,SFR,CasaMortgage,2021
LN102705,2022-06,278300.0,4.808,360,680-739,75-85,20-35,NC,CASHOUT_REFI,OWNER,SFR,AlphaServ,2022
LN102706,2023-12,159200.0,7.124,360,680-739,75-85,20-35,CA,REFINANCE,OWNER,SFR,CasaMortgage,2023
LN102707,2022-07,177600.0,6.18,360,<620,<=60,<=20,CA,REFINANCE,OWNER,SFR,CasaMortgage,2022
LN102708,2024-01,435000.0,7.207,360,620-679,75-85,20-35,CA,REFINANCE,OWNER,MULTI_2_4,BetaLoan,2024
LN102709,2024-07,126900.0,6.227,360,680-739,85-95,20-35,IL,PURCHASE,OWNER,TOWNHOUSE,DeltaHome,2024
LN102710,2021-09,311300.0,4.11,240,680-739,60-75,>43,PA,PURCHASE,OWNER,CONDO,EagleTrust,2021
LN102711,2021-08,216100.0,3.417,360,740-779,75-85,<=20,FL,PURCHASE,OWNER,SFR,CasaMortgage,2021
LN102712,2024-10,165700.0,6.633,360,680-739,60-75,20-35,AZ,PURCHASE,INVESTOR,SFR,AlphaServ,2024
LN102713,2023-04,619900.0,5.834,360,740-779,75-85,35-43,NY,PURCHASE,OWNER,MULTI_2_4,BetaLoan,2023
LN102714,2023-04,166100.0,6.112,180,740-779,85-95,35-43,TX,PURCHASE,OWNER,TOWNHOUSE,EagleTrust,2023
LN102715,2023-02,153500.0,6.657,360,<620,60-75,35-43,NY,PURCHASE,OWNER,SFR,BetaLoan,2023
LN102716,2023-01,234700.0,5.616,360,740-779,85-95,20-35,GA,PURCHASE,OWNER,SFR,AlphaServ,2023
LN102717,2023-11,180600.0,6.236,360,740-779,85-95,<=20,IL,CASHOUT_REFI,OWNER,SFR,AlphaServ,2023
LN102718,2023-07,256000.0,6.357,360,680-739,60-75,<=20,NY,PURCHASE,OWNER,SFR,DeltaHome,2023
LN102719,2022-01,273700.0,4.912,360,620-679,85-95,35-43,TX,REFINANCE,OWNER,SFR,AlphaServ,2022
LN102720,2023-09,283700.0,6.948,360,620-679,85-95,20-35,NC,PURCHASE,OWNER,MULTI_2_4,BetaLoan,2023
LN102721,2023-11,241400.0,7.086,360,620-679,75-85,20-35,FL,PURCHASE,OWNER,SFR,BetaLoan,2023
LN102722,2021-11,186100.0,4.331,180,680-739,<=60,<=20,WA,PURCHASE,OWNER,TOWNHOUSE,EagleTrust,2021
LN102723,2022-10,341000.0,5.906,360,620-679,75-85,20-35,NY,PURCHASE,INVESTOR,SFR,CasaMortgage,2022
LN102724,2024-04,242700.0,6.469,180,680-739,60-75,20-35,TX,PURCHASE,OWNER,SFR,EagleTrust,2024
LN102725,2023-08,204200.0,6.76,360,620-679,60-75,20-35,PA,PURCHASE,INVESTOR,SFR,AlphaServ,2023
LN102726,2021-12,496800.0,5.01,180,<620,75-85,<=20,TX,PURCHASE,INVESTOR,CONDO,DeltaHome,2021
LN102727,2021-08,241700.0,4.04,360,680-739,>95,20-35,TX,REFINANCE,OWNER,SFR,AlphaServ,2021
LN102728,2023-07,417200.0,6.843,360,620-679,60-75,<=20,NC,PURCHASE,INVESTOR,SFR,AlphaServ,2023
LN102729,2023-02,443300.0,5.188,360,780+,85-95,20-35,FL,PURCHASE,OWNER,TOWNHOUSE,EagleTrust,2023
LN102730,2024-11,455600.0,7.066,360,620-679,75-85,35-43,NY,CASHOUT_REFI,OWNER,SFR,BetaLoan,2024
LN102731,2023-04,348400.0,6.497,360,620-679,85-95,20-35,NY,PURCHASE,OWNER,SFR,BetaLoan,2023
LN102732,2024-10,255200.0,6.922,360,620-679,85-95,<=20,MI,REFINANCE,OWNER,SFR,CasaMortgage,2024
LN102733,2022-04,248000.0,4.65,360,680-739,60-75,35-43,OH,PURCHASE,OWNER,SFR,DeltaHome,2022
LN102734,2023-01,228700.0,5.563,360,740-779,75-85,20-35,MI,REFINANCE,OWNER,SFR,BetaLoan,2023
LN102735,2021-12,96300.0,3.557,360,740-779,60-75,20-35,WA,PURCHASE,OWNER,SFR,DeltaHome,2021
LN102736,2023-07,352700.0,6.344,180,680-739,60-75,<=20,NC,REFINANCE,OWNER,SFR,CasaMortgage,2023
LN102737,2022-02,284900.0,4.028,180,740-779,75-85,>43,TX,PURCHASE,INVESTOR,CONDO,DeltaHome,2022
LN102738,2023-03,370100.0,6.003,360,680-739,<=60,20-35,MI,REFINANCE,SECOND_HOME,SFR,EagleTrust,2023
LN102739,2022-09,242200.0,4.937,360,780+,60-75,20-35,PA,PURCHASE,OWNER,MULTI_2_4,CasaMortgage,2022
LN102740,2022-02,344300.0,4.064,180,740-779,60-75,<=20,NY,PURCHASE,OWNER,SFR,CasaMortgage,2022
LN102741,2021-11,137300.0,4.095,360,680-739,<=60,35-43,GA,PURCHASE,INVESTOR,SFR,AlphaServ,2021
LN102742,2023-04,150800.0,5.9,360,740-779,75-85,20-35,IL,REFINANCE,OWNER,CONDO,DeltaHome,2023
LN102743,2024-10,83800.0,6.035,240,740-779,<=60,35-43,CA,PURCHASE,OWNER,SFR,EagleTrust,2024
LN102744,2022-03,240300.0,4.763,360,680-739,60-75,<=20,NC,REFINANCE,OWNER,TOWNHOUSE,BetaLoan,2022
LN102745,2022-12,180300.0,5.557,360,780+,85-95,20-35,NY,REFINANCE,SECOND_HOME,CONDO,BetaLoan,2022
LN102746,2022-04,170000.0,3.904,360,780+,75-85,35-43,FL,PURCHASE,OWNER,SFR,CasaMortgage,2022
LN102747,2024-04,296700.0,7.115,360,620-679,>95,20-35,IL,REFINANCE,OWNER,SFR,AlphaServ,2024
LN102748,2022-12,210800.0,5.676,240,740-779,>95,<=20,OH,CASHOUT_REFI,OWNER,SFR,AlphaServ,2022
LN102749,2024-11,133900.0,6.438,360,680-739,85-95,35-43,MI,REFINANCE,OWNER,CONDO,EagleTrust,2024
LN102750,2022-05,802200.0,4.662,180,680-739,85-95,>43,AZ,REFINANCE,OWNER,CONDO,AlphaServ,2022
LN102751,2021-10,251000.0,4.071,360,680-739,60-75,20-35,NC,CASHOUT_REFI,OWNER,SFR,CasaMortgage,2021
LN102752,2023-07,156800.0,6.085,360,780+,60-75,35-43,WA,CASHOUT_REFI,OWNER,SFR,BetaLoan,2023
LN102753,2023-10,188800.0,6.437,360,740-779,>95,20-35,CA,PURCHASE,OWNER,SFR,AlphaServ,2023
LN102754,2024-12,236100.0,6.448,360,680-739,>95,20-35,CA,REFINANCE,SECOND_HOME,SFR,AlphaServ,2024
LN102755,2024-07,235900.0,7.768,360,<620,75-85,35-43,MI,PURCHASE,OWNER,CONDO,DeltaHome,2024
LN102756,2024-08,458600.0,6.366,360,680-739,75-85,35-43,GA,PURCHASE,OWNER,CONDO,AlphaServ,2024
LN102757,2023-09,246300.0,6.052,360,780+,<=60,20-35,PA,PURCHASE,OWNER,SFR,AlphaServ,2023
LN102758,2022-10,588200.0,4.983,240,740-779,60-75,20-35,NC,PURCHASE,OWNER,CONDO,CasaMortgage,2022
LN102759,2023-01,210100.0,6.761,360,<620,75-85,20-35,CA,PURCHASE,INVESTOR,SFR,EagleTrust,2023
LN102760,2021-12,309200.0,3.734,360,780+,60-75,35-43,NC,REFINANCE,OWNER,SFR,CasaMortgage,2021
LN102761,2023-01,404300.0,5.142,240,780+,75-85,20-35,TX,REFINANCE,OWNER,TOWNHOUSE,BetaLoan,2023
LN102762,2022-10,437100.0,5.499,360,680-739,85-95,<=20,NY,REFINANCE,INVESTOR,SFR,BetaLoan,2022
LN102763,2021-08,460600.0,4.775,240,<620,85-95,20-35,NC,PURCHASE,OWNER,SFR,CasaMortgage,2021
LN102764,2022-03,225800.0,4.378,180,740-779,85-95,35-43,GA,PURCHASE,OWNER,SFR,AlphaServ,2022
LN102765,2023-05,254600.0,7.259,360,<620,60-75,<=20,NY,REFINANCE,OWNER,SFR,AlphaServ,2023
LN102766,2022-10,83600.0,5.46,360,680-739,75-85,>43,NC,PURCHASE,OWNER,SFR,CasaMortgage,2022
LN102767,2024-12,233700.0,6.44,180,680-739,75-85,20-35,WA,CASHOUT_REFI,OWNER,SFR,EagleTrust,2024
LN102768,2023-03,417100.0,5.681,240,780+,75-85,35-43,TX,REFINANCE,OWNER,SFR,DeltaHome,2023
LN102769,2024-11,382200.0,7.07,180,620-679,>95,20-35,CA,PURCHASE,OWNER,SFR,BetaLoan,2024
LN102770,2023-10,245500.0,5.91,180,780+,60-75,20-35,CA,PURCHASE,OWNER,SFR,EagleTrust,2023
LN102771,2021-08,548300.0,3.625,240,780+,<=60,>43,NY,REFINANCE,OWNER,SFR,AlphaServ,2021
LN102772,2022-03,214700.0,5.375,360,<620,75-85,20-35,FL,PURCHASE,OWNER,MULTI_2_4,AlphaServ,2022
LN102773,2023-12,184900.0,7.036,180,620-679,75-85,<=20,IL,PURCHASE,OWNER,SFR,BetaLoan,2023
LN102774,2023-05,206800.0,5.794,360,740-779,75-85,>43,CA,PURCHASE,OWNER,SFR,CasaMortgage,2023
LN102775,2022-07,154000.0,4.761,360,740-779,60-75,20-35,TX,REFINANCE,OWNER,SFR,AlphaServ,2022
LN102776,2023-04,337800.0,6.125,360,680-739,60-75,35-43,FL,REFINANCE,OWNER,CONDO,CasaMortgage,2023
LN102777,2024-08,290600.0,6.744,360,680-739,75-85,<=20,WA,PURCHASE,OWNER,CONDO,AlphaServ,2024
LN102778,2022-11,335900.0,5.178,360,740-779,85-95,35-43,FL,REFINANCE,OWNER,CONDO,DeltaHome,2022
LN102779,2021-08,211800.0,3.842,360,740-779,60-75,>43,CA,REFINANCE,OWNER,SFR,CasaMortgage,2021
LN102780,2022-08,248700.0,4.784,180,740-779,85-95,20-35,FL,REFINANCE,OWNER,SFR,EagleTrust,2022
LN102781,2024-10,95800.0,7.172,180,<620,75-85,<=20,WA,PURCHASE,SECOND_HOME,SFR,CasaMortgage,2024
LN102782,2024-02,302300.0,6.941,180,620-679,<=60,20-35,NY,PURCHASE,OWNER,SFR,DeltaHome,2024
LN102783,2024-06,266900.0,7.615,360,<620,<=60,<=20,PA,REFINANCE,OWNER,SFR,EagleTrust,2024
LN102784,2024-09,155600.0,6.187,360,780+,<=60,20-35,TX,PURCHASE,OWNER,SFR,BetaLoan,2024
LN102785,2021-11,243500.0,3.622,360,780+,<=60,35-43,CA,CASHOUT_REFI,OWNER,SFR,BetaLoan,2021
LN102786,2022-06,227300.0,4.769,360,740-779,75-85,<=20,IL,REFINANCE,OWNER,SFR,BetaLoan,2022
LN102787,2021-09,564600.0,4.762,360,620-679,>95,>43,NC,PURCHASE,OWNER,CONDO,BetaLoan,2021
LN102788,2021-07,158300.0,3.594,360,740-779,<=60,35-43,PA,PURCHASE,OWNER,CONDO,AlphaServ,2021
LN102789,2024-06,296300.0,7.026,360,620-679,60-75,20-35,TX,PURCHASE,OWNER,SFR,EagleTrust,2024
LN102790,2024-10,156200.0,7.139,360,620-679,85-95,20-35,WA,REFINANCE,OWNER,CONDO,BetaLoan,2024
LN102791,2022-01,198600.0,4.605,180,680-739,75-85,35-43,IL,PURCHASE,OWNER,SFR,CasaMortgage,2022
LN102792,2024-01,289100.0,6.311,360,740-779,75-85,20-35,IL,CASHOUT_REFI,OWNER,SFR,AlphaServ,2024
LN102793,2023-05,232100.0,6.827,360,620-679,75-85,>43,PA,REFINANCE,OWNER,SFR,DeltaHome,2023
LN102794,2021-09,254600.0,4.068,360,740-779,<=60,<=20,NY,REFINANCE,OWNER,SFR,AlphaServ,2021
LN102795,2024-09,296500.0,6.171,360,780+,60-75,20-35,MI,REFINANCE,OWNER,TOWNHOUSE,BetaLoan,2024
LN102796,2024-07,204400.0,6.245,360,740-779,>95,20-35,OH,CASHOUT_REFI,OWNER,SFR,DeltaHome,2024
LN102797,2023-06,380000.0,7.267,360,<620,75-85,<=20,CA,CASHOUT_REFI,OWNER,SFR,AlphaServ,2023
LN102798,2023-12,222500.0,5.933,360,780+,60-75,20-35,CA,CASHOUT_REFI,OWNER,CONDO,DeltaHome,2023
LN102799,2022-11,244300.0,5.165,360,740-779,>95,20-35,WA,REFINANCE,OWNER,SFR,CasaMortgage,2022
LN102800,2024-04,300300.0,6.326,240,680-739,75-85,20-35,PA,PURCHASE,INVESTOR,TOWNHOUSE,BetaLoan,2024
LN102801,2023-01,282700.0,5.689,360,740-779,60-75,<=20,WA,PURCHASE,OWNER,CONDO,BetaLoan,2023
LN102802,2024-12,341100.0,6.386,360,740-779,>95,20-35,NC,PURCHASE,OWNER,TOWNHOUSE,CasaMortgage,2024
LN102803,2021-09,294400.0,3.793,360,680-739,85-95,<=20,GA,CASHOUT_REFI,OWNER,CONDO,EagleTrust,2021
LN102804,2022-02,315200.0,4.368,360,680-739,85-95,20-35,TX,CASHOUT_REFI,OWNER,CONDO,AlphaServ,2022
LN102805,2024-11,220500.0,6.414,240,680-739,<=60,<=20,GA,PURCHASE,OWNER,SFR,AlphaServ,2024
LN102806,2022-07,157800.0,6.016,180,<620,60-75,>43,IL,PURCHASE,SECOND_HOME,SFR,AlphaServ,2022
LN102807,2022-08,134300.0,4.858,360,740-779,>95,<=20,FL,REFINANCE,OWNER,SFR,EagleTrust,2022
LN102808,2024-04,120400.0,7.619,360,<620,60-75,<=20,NC,REFINANCE,OWNER,SFR,CasaMortgage,2024
LN102809,2022-02,564200.0,4.458,360,680-739,85-95,>43,CA,REFINANCE,OWNER,SFR,BetaLoan,2022
LN102810,2023-04,94300.0,6.192,180,680-739,85-95,35-43,IL,CASHOUT_REFI,OWNER,SFR,AlphaServ,2023
LN102811,2022-07,436800.0,5.031,180,680-739,60-75,20-35,MI,REFINANCE,OWNER,SFR,BetaLoan,2022
LN102812,2022-03,176400.0,4.759,360,680-739,85-95,35-43,PA,REFINANCE,OWNER,SFR,CasaMortgage,2022
LN102813,2024-11,435300.0,6.346,360,680-739,>95,35-43,IL,REFINANCE,OWNER,SFR,AlphaServ,2024
LN102814,2022-03,94700.0,4.412,360,680-739,85-95,35-43,FL,PURCHASE,OWNER,SFR,BetaLoan,2022
LN102815,2021-10,229600.0,4.423,360,620-679,75-85,20-35,OH,REFINANCE,OWNER,SFR,AlphaServ,2021
LN102816,2023-11,491100.0,6.108,360,780+,75-85,20-35,CA,REFINANCE,OWNER,SFR,CasaMortgage,2023
LN102817,2024-07,351800.0,5.801,180,780+,60-75,>43,CA,CASHOUT_REFI,OWNER,SFR,AlphaServ,2024
LN102818,2021-12,219300.0,3.949,180,680-739,<=60,20-35,PA,CASHOUT_REFI,OWNER,SFR,EagleTrust,2021
LN102819,2023-12,106500.0,6.677,360,680-739,>95,35-43,CA,REFINANCE,OWNER,SFR,EagleTrust,2023
LN102820,2023-05,140800.0,6.878,360,<620,>95,<=20,NY,PURCHASE,OWNER,SFR,AlphaServ,2023
LN102821,2024-05,476900.0,7.342,360,<620,<=60,35-43,NY,CASHOUT_REFI,OWNER,SFR,BetaLoan,2024
LN102822,2021-12,218200.0,4.052,360,680-739,85-95,>43,WA,REFINANCE,OWNER,SFR,AlphaServ,2021
LN102823,2024-11,247100.0,5.894,360,780+,>95,<=20,NC,PURCHASE,OWNER,SFR,CasaMortgage,2024
LN102824,2023-09,290000.0,6.688,360,740-779,75-85,20-35,MI,REFINANCE,OWNER,SFR,CasaMortgage,2023
LN102825,2024-06,142000.0,6.941,360,620-679,<=60,35-43,GA,PURCHASE,OWNER,SFR,DeltaHome,2024
LN102826,2022-10,306600.0,4.935,360,780+,<=60,35-43,TX,REFINANCE,OWNER,CONDO,CasaMortgage,2022
LN102827,2024-10,211300.0,6.365,360,680-739,75-85,35-43,FL,PURCHASE,OWNER,TOWNHOUSE,AlphaServ,2024
LN102828,2023-09,291300.0,6.439,360,680-739,>95,>43,TX,PURCHASE,OWNER,SFR,BetaLoan,2023
LN102829,2021-12,196800.0,4.472,240,680-739,60-75,<=20,OH,REFINANCE,OWNER,SFR,EagleTrust,2021
LN102830,2024-09,125800.0,6.986,180,620-679,60-75,35-43,CA,PURCHASE,OWNER,SFR,AlphaServ,2024
LN102831,2024-04,210600.0,6.464,360,780+,85-95,35-43,AZ,REFINANCE,OWNER,SFR,AlphaServ,2024
LN102832,2022-07,340600.0,4.885,360,680-739,85-95,20-35,TX,PURCHASE,OWNER,SFR,AlphaServ,2022
LN102833,2023-05,304800.0,5.541,360,740-779,>95,20-35,TX,PURCHASE,OWNER,SFR,DeltaHome,2023
LN102834,2022-11,258800.0,5.648,240,680-739,85-95,35-43,IL,PURCHASE,OWNER,SFR,EagleTrust,2022
LN102835,2023-05,382400.0,5.803,360,780+,75-85,35-43,FL,PURCHASE,OWNER,SFR,AlphaServ,2023
LN102836,2024-11,232900.0,6.535,180,680-739,>95,35-43,TX,REFINANCE,OWNER,SFR,AlphaServ,2024
LN102837,2024-08,261800.0,6.337,360,680-739,75-85,20-35,WA,REFINANCE,OWNER,SFR,DeltaHome,2024
LN102838,2022-04,205700.0,4.954,360,620-679,75-85,35-43,TX,CASHOUT_REFI,SECOND_HOME,SFR,CasaMortgage,2022
LN102839,2024-11,392600.0,6.059,180,780+,<=60,20-35,NC,PURCHASE,OWNER,SFR,BetaLoan,2024
LN102840,2023-01,291000.0,5.876,360,680-739,75-85,20-35,NC,PURCHASE,OWNER,SFR,CasaMortgage,2023
LN102841,2023-12,198700.0,6.674,360,680-739,<=60,20-35,TX,PURCHASE,OWNER,TOWNHOUSE,AlphaServ,2023
LN102842,2024-03,130600.0,6.119,360,740-779,85-95,35-43,TX,PURCHASE,OWNER,SFR,CasaMortgage,2024
LN102843,2023-03,419700.0,6.609,360,<620,<=60,35-43,OH,PURCHASE,OWNER,SFR,AlphaServ,2023
LN102844,2023-02,182600.0,5.913,240,680-739,60-75,20-35,PA,REFINANCE,OWNER,TOWNHOUSE,CasaMortgage,2023
LN102845,2023-02,263700.0,6.058,180,680-739,>95,35-43,NC,PURCHASE,INVESTOR,MULTI_2_4,BetaLoan,2023
LN102846,2024-07,735800.0,6.757,360,620-679,85-95,>43,FL,PURCHASE,OWNER,SFR,BetaLoan,2024
LN102847,2022-11,366100.0,5.861,360,680-739,85-95,20-35,CA,REFINANCE,OWNER,SFR,BetaLoan,2022
LN102848,2022-06,527000.0,4.83,360,680-739,85-95,20-35,GA,PURCHASE,SECOND_HOME,CONDO,EagleTrust,2022
LN102849,2022-10,200400.0,6.043,360,620-679,<=60,>43,IL,PURCHASE,OWNER,SFR,BetaLoan,2022
LN102850,2022-03,413300.0,5.767,360,<620,60-75,20-35,FL,PURCHASE,OWNER,SFR,AlphaServ,2022
LN102851,2022-11,258300.0,5.682,360,620-679,85-95,35-43,GA,CASHOUT_REFI,OWNER,MULTI_2_4,AlphaServ,2022
LN102852,2021-11,301000.0,3.822,180,780+,85-95,20-35,WA,PURCHASE,OWNER,TOWNHOUSE,AlphaServ,2021
LN102853,2021-10,633700.0,4.205,360,740-779,60-75,20-35,AZ,PURCHASE,INVESTOR,TOWNHOUSE,CasaMortgage,2021
LN102854,2024-01,225200.0,6.491,360,680-739,60-75,35-43,GA,PURCHASE,OWNER,SFR,AlphaServ,2024
LN102855,2021-10,257500.0,4.531,360,680-739,60-75,<=20,WA,REFINANCE,OWNER,SFR,AlphaServ,2021
LN102856,2023-06,170000.0,6.179,360,740-779,75-85,<=20,NY,PURCHASE,INVESTOR,SFR,EagleTrust,2023
LN102857,2024-03,380700.0,6.938,360,620-679,60-75,20-35,CA,PURCHASE,OWNER,CONDO,DeltaHome,2024
LN102858,2024-01,198300.0,6.966,240,620-679,<=60,35-43,NY,REFINANCE,OWNER,CONDO,BetaLoan,2024
LN102859,2023-01,404400.0,5.247,360,740-779,75-85,20-35,GA,REFINANCE,OWNER,SFR,CasaMortgage,2023
LN102860,2022-03,121500.0,4.425,360,680-739,75-85,35-43,PA,REFINANCE,OWNER,TOWNHOUSE,BetaLoan,2022
LN102861,2024-10,326700.0,6.368,240,740-779,75-85,20-35,WA,PURCHASE,OWNER,SFR,CasaMortgage,2024
LN102862,2024-06,191100.0,6.052,360,780+,60-75,20-35,IL,CASHOUT_REFI,INVESTOR,TOWNHOUSE,EagleTrust,2024
LN102863,2023-08,354600.0,5.978,360,780+,60-75,20-35,FL,PURCHASE,OWNER,SFR,DeltaHome,2023
LN102864,2021-10,253700.0,4.787,360,620-679,60-75,20-35,FL,PURCHASE,OWNER,SFR,BetaLoan,2021
LN102865,2021-08,200600.0,4.695,360,620-679,75-85,20-35,GA,PURCHASE,OWNER,SFR,AlphaServ,2021
LN102866,2022-08,214500.0,5.631,360,620-679,60-75,20-35,NC,PURCHASE,OWNER,CONDO,AlphaServ,2022
LN102867,2022-01,174100.0,3.97,240,740-779,>95,<=20,GA,PURCHASE,OWNER,CONDO,BetaLoan,2022
LN102868,2024-07,372100.0,6.127,360,780+,60-75,20-35,TX,REFINANCE,OWNER,SFR,AlphaServ,2024
LN102869,2022-03,159200.0,4.091,180,780+,85-95,20-35,NY,PURCHASE,OWNER,SFR,EagleTrust,2022
LN102870,2022-06,226300.0,4.777,360,680-739,60-75,<=20,CA,PURCHASE,OWNER,SFR,BetaLoan,2022
LN102871,2024-11,298200.0,6.291,360,740-779,75-85,20-35,IL,CASHOUT_REFI,OWNER,MULTI_2_4,AlphaServ,2024
LN102872,2024-05,527600.0,6.459,180,680-739,85-95,20-35,TX,PURCHASE,OWNER,SFR,AlphaServ,2024
LN102873,2022-04,254200.0,4.15,360,780+,60-75,>43,AZ,PURCHASE,OWNER,SFR,AlphaServ,2022
LN102874,2022-11,228900.0,5.469,360,680-739,60-75,35-43,PA,CASHOUT_REFI,OWNER,SFR,BetaLoan,2022
LN102875,2023-04,288700.0,6.459,240,620-679,<=60,>43,NC,REFINANCE,OWNER,SFR,BetaLoan,2023
LN102876,2023-10,100400.0,7.563,360,<620,75-85,20-35,CA,CASHOUT_REFI,OWNER,MULTI_2_4,CasaMortgage,2023
LN102877,2024-10,148800.0,6.212,360,780+,>95,35-43,NY,PURCHASE,OWNER,SFR,BetaLoan,2024
LN102878,2024-07,215600.0,6.564,360,680-739,75-85,<=20,TX,PURCHASE,OWNER,CONDO,CasaMortgage,2024
LN102879,2024-12,185200.0,7.122,360,620-679,85-95,20-35,CA,PURCHASE,SECOND_HOME,TOWNHOUSE,BetaLoan,2024
LN102880,2021-08,124200.0,4.227,240,680-739,60-75,20-35,NY,PURCHASE,OWNER,TOWNHOUSE,BetaLoan,2021
LN102881,2022-04,375500.0,4.76,180,680-739,75-85,35-43,FL,REFINANCE,OWNER,TOWNHOUSE,AlphaServ,2022
LN102882,2023-06,286900.0,5.787,360,780+,85-95,35-43,AZ,PURCHASE,OWNER,TOWNHOUSE,DeltaHome,2023
LN102883,2021-09,271900.0,5.153,360,<620,<=60,35-43,AZ,PURCHASE,OWNER,SFR,BetaLoan,2021
LN102884,2022-09,186800.0,5.622,360,620-679,<=60,<=20,WA,PURCHASE,OWNER,TOWNHOUSE,AlphaServ,2022
LN102885,2022-01,264500.0,4.112,360,740-779,60-75,35-43,CA,PURCHASE,INVESTOR,CONDO,BetaLoan,2022
LN102886,2024-10,321700.0,6.771,360,680-739,60-75,35-43,IL,PURCHASE,OWNER,MULTI_2_4,BetaLoan,2024
LN102887,2021-09,226600.0,4.699,180,620-679,>95,<=20,CA,PURCHASE,OWNER,TOWNHOUSE,AlphaServ,2021
LN102888,2022-01,311800.0,5.166,360,<620,60-75,<=20,GA,PURCHASE,OWNER,SFR,CasaMortgage,2022
LN102889,2022-03,178400.0,5.147,360,620-679,<=60,35-43,IL,PURCHASE,OWNER,SFR,BetaLoan,2022
LN102890,2022-01,266700.0,4.152,360,680-739,<=60,20-35,NY,REFINANCE,OWNER,MULTI_2_4,BetaLoan,2022
LN102891,2023-06,426800.0,7.195,360,<620,60-75,<=20,CA,PURCHASE,OWNER,SFR,BetaLoan,2023
LN102892,2022-10,444400.0,6.046,360,620-679,60-75,>43,CA,REFINANCE,OWNER,TOWNHOUSE,CasaMortgage,2022
LN102893,2024-09,463900.0,6.125,360,740-779,60-75,>43,FL,PURCHASE,OWNER,SFR,DeltaHome,2024
LN102894,2022-05,290300.0,4.327,360,780+,<=60,20-35,TX,PURCHASE,OWNER,SFR,BetaLoan,2022
LN102895,2023-05,258900.0,5.812,360,780+,<=60,>43,TX,CASHOUT_REFI,OWNER,TOWNHOUSE,BetaLoan,2023
LN102896,2023-10,208600.0,6.731,360,680-739,85-95,35-43,PA,PURCHASE,OWNER,SFR,CasaMortgage,2023
LN102897,2023-09,113200.0,6.373,360,680-739,75-85,20-35,CA,REFINANCE,SECOND_HOME,SFR,AlphaServ,2023
LN102898,2024-04,139400.0,6.255,360,780+,85-95,35-43,TX,PURCHASE,OWNER,TOWNHOUSE,DeltaHome,2024
LN102899,2022-03,236700.0,4.123,360,740-779,60-75,>43,AZ,REFINANCE,OWNER,SFR,AlphaServ,2022
LN102900,2023-04,243100.0,6.081,360,680-739,60-75,35-43,AZ,REFINANCE,SECOND_HOME,SFR,AlphaServ,2023
LN102901,2024-04,481900.0,7.005,360,620-679,>95,20-35,FL,PURCHASE,OWNER,SFR,EagleTrust,2024
LN102902,2024-07,461200.0,6.973,360,620-679,<=60,20-35,PA,PURCHASE,INVESTOR,SFR,CasaMortgage,2024
LN102903,2023-08,187400.0,6.591,360,680-739,75-85,20-35,CA,CASHOUT_REFI,OWNER,SFR,BetaLoan,2023
LN102904,2023-10,368900.0,6.936,360,680-739,60-75,20-35,GA,REFINANCE,OWNER,MULTI_2_4,CasaMortgage,2023
LN102905,2024-07,205900.0,7.496,360,<620,<=60,<=20,AZ,REFINANCE,INVESTOR,CONDO,BetaLoan,2024
LN102906,2023-09,347000.0,5.967,180,780+,75-85,20-35,IL,CASHOUT_REFI,OWNER,MULTI_2_4,BetaLoan,2023
LN102907,2024-10,366800.0,6.856,360,680-739,75-85,20-35,TX,PURCHASE,OWNER,TOWNHOUSE,DeltaHome,2024
LN102908,2021-12,446400.0,4.432,360,740-779,60-75,<=20,OH,REFINANCE,OWNER,SFR,BetaLoan,2021
LN102909,2022-09,204500.0,5.674,360,620-679,75-85,35-43,MI,CASHOUT_REFI,OWNER,TOWNHOUSE,BetaLoan,2022
LN102910,2021-11,402900.0,3.993,360,740-779,75-85,<=20,PA,CASHOUT_REFI,OWNER,SFR,AlphaServ,2021
LN102911,2021-10,109900.0,3.64,180,740-779,75-85,35-43,FL,PURCHASE,OWNER,TOWNHOUSE,DeltaHome,2021
LN102912,2023-02,457400.0,6.21,360,620-679,85-95,20-35,FL,REFINANCE,OWNER,SFR,BetaLoan,2023
LN102913,2022-04,252400.0,4.062,360,740-779,85-95,>43,NC,PURCHASE,OWNER,SFR,CasaMortgage,2022
LN102914,2022-12,254800.0,5.353,180,740-779,60-75,20-35,TX,REFINANCE,OWNER,SFR,BetaLoan,2022
LN102915,2023-01,102000.0,5.634,360,780+,60-75,20-35,TX,REFINANCE,OWNER,TOWNHOUSE,CasaMortgage,2023
LN102916,2023-09,214300.0,6.706,240,620-679,85-95,35-43,TX,PURCHASE,OWNER,MULTI_2_4,BetaLoan,2023
LN102917,2024-10,469800.0,6.135,360,740-779,60-75,20-35,FL,PURCHASE,OWNER,SFR,EagleTrust,2024
LN102918,2024-06,210700.0,6.688,360,680-739,>95,35-43,NY,PURCHASE,OWNER,CONDO,EagleTrust,2024
LN102919,2022-10,351900.0,5.557,360,620-679,85-95,<=20,NC,PURCHASE,OWNER,SFR,AlphaServ,2022
LN102920,2022-08,259300.0,5.621,360,620-679,60-75,20-35,CA,PURCHASE,OWNER,SFR,DeltaHome,2022
LN102921,2024-03,411800.0,6.548,360,620-679,85-95,<=20,NY,PURCHASE,OWNER,SFR,BetaLoan,2024
LN102922,2021-12,278200.0,4.25,360,680-739,60-75,35-43,GA,PURCHASE,SECOND_HOME,CONDO,BetaLoan,2021
LN102923,2023-05,167800.0,5.947,360,680-739,<=60,20-35,OH,PURCHASE,OWNER,SFR,CasaMortgage,2023
LN102924,2022-12,261800.0,5.276,180,740-779,>95,20-35,MI,REFINANCE,INVESTOR,CONDO,BetaLoan,2022
LN102925,2022-02,524700.0,4.833,360,620-679,85-95,35-43,AZ,REFINANCE,INVESTOR,MULTI_2_4,CasaMortgage,2022
LN102926,2023-08,319300.0,5.896,360,780+,75-85,20-35,TX,PURCHASE,OWNER,CONDO,BetaLoan,2023
LN102927,2022-08,242200.0,5.526,360,620-679,85-95,<=20,AZ,CASHOUT_REFI,INVESTOR,SFR,CasaMortgage,2022
LN102928,2022-02,704400.0,4.559,240,740-779,<=60,20-35,AZ,PURCHASE,OWNER,TOWNHOUSE,BetaLoan,2022
LN102929,2023-10,430000.0,6.13,360,780+,85-95,35-43,FL,PURCHASE,OWNER,CONDO,AlphaServ,2023
LN102930,2022-02,368600.0,3.653,360,780+,>95,20-35,PA,PURCHASE,OWNER,SFR,CasaMortgage,2022
LN102931,2023-11,294400.0,5.98,360,740-779,85-95,20-35,IL,REFINANCE,OWNER,MULTI_2_4,CasaMortgage,2023
LN102932,2022-01,354600.0,4.313,360,740-779,75-85,20-35,PA,PURCHASE,OWNER,SFR,AlphaServ,2022
LN102933,2023-01,359800.0,6.233,360,620-679,60-75,>43,MI,PURCHASE,INVESTOR,SFR,CasaMortgage,2023
LN102934,2024-04,95600.0,7.732,360,<620,85-95,<=20,WA,CASHOUT_REFI,OWNER,SFR,EagleTrust,2024
LN102935,2022-04,304900.0,4.841,360,680-739,60-75,<=20,TX,REFINANCE,OWNER,SFR,BetaLoan,2022
LN102936,2024-03,237400.0,7.449,360,<620,>95,35-43,NC,REFINANCE,OWNER,SFR,BetaLoan,2024
LN102937,2024-01,203800.0,7.003,360,620-679,60-75,20-35,CA,PURCHASE,OWNER,SFR,AlphaServ,2024
LN102938,2024-08,233800.0,6.879,360,620-679,<=60,>43,AZ,PURCHASE,OWNER,SFR,AlphaServ,2024
LN102939,2022-02,126700.0,4.127,360,780+,60-75,35-43,TX,PURCHASE,SECOND_HOME,SFR,AlphaServ,2022
LN102940,2024-01,113300.0,6.098,360,780+,75-85,35-43,FL,PURCHASE,OWNER,SFR,BetaLoan,2024
LN102941,2024-10,447300.0,6.47,360,740-779,<=60,20-35,PA,CASHOUT_REFI,INVESTOR,SFR,AlphaServ,2024
LN102942,2024-03,314300.0,6.177,180,740-779,60-75,<=20,IL,PURCHASE,OWNER,SFR,BetaLoan,2024
LN102943,2022-02,86200.0,4.807,360,620-679,>95,>43,GA,PURCHASE,OWNER,SFR,DeltaHome,2022
LN102944,2024-05,196900.0,7.407,360,<620,<=60,20-35,FL,PURCHASE,OWNER,MULTI_2_4,BetaLoan,2024
LN102945,2021-11,379400.0,4.206,360,740-779,75-85,<=20,OH,REFINANCE,OWNER,SFR,BetaLoan,2021
LN102946,2023-07,225000.0,6.057,240,740-779,75-85,20-35,PA,PURCHASE,OWNER,SFR,CasaMortgage,2023
LN102947,2023-03,447000.0,6.032,360,680-739,75-85,20-35,AZ,PURCHASE,OWNER,SFR,EagleTrust,2023
LN102948,2023-05,409400.0,6.193,360,680-739,75-85,20-35,NY,PURCHASE,OWNER,CONDO,AlphaServ,2023
LN102949,2023-04,138600.0,6.356,360,680-739,85-95,<=20,NC,REFINANCE,SECOND_HOME,SFR,EagleTrust,2023
LN102950,2021-08,239300.0,5.031,360,620-679,75-85,20-35,IL,REFINANCE,OWNER,SFR,DeltaHome,2021
LN102951,2023-04,208600.0,6.596,360,680-739,75-85,>43,WA,REFINANCE,OWNER,SFR,BetaLoan,2023
LN102952,2024-10,136600.0,6.676,360,680-739,<=60,20-35,NC,REFINANCE,OWNER,TOWNHOUSE,DeltaHome,2024
LN102953,2023-01,132700.0,5.36,360,740-779,75-85,20-35,NY,REFINANCE,OWNER,SFR,EagleTrust,2023
LN102954,2022-06,177600.0,4.287,360,780+,<=60,<=20,IL,PURCHASE,OWNER,SFR,EagleTrust,2022
LN102955,2024-12,191300.0,6.549,360,680-739,75-85,35-43,TX,REFINANCE,OWNER,SFR,BetaLoan,2024
LN102956,2021-11,289900.0,3.516,180,740-779,75-85,35-43,WA,PURCHASE,OWNER,TOWNHOUSE,EagleTrust,2021
LN102957,2023-03,408400.0,5.634,360,740-779,85-95,<=20,TX,CASHOUT_REFI,OWNER,SFR,CasaMortgage,2023
LN102958,2023-04,321600.0,6.701,180,620-679,75-85,>43,TX,REFINANCE,OWNER,SFR,AlphaServ,2023
LN102959,2023-03,357800.0,5.462,360,740-779,75-85,20-35,NY,REFINANCE,OWNER,CONDO,AlphaServ,2023
LN102960,2024-09,226400.0,6.663,360,680-739,<=60,20-35,NC,PURCHASE,OWNER,SFR,BetaLoan,2024
LN102961,2022-12,334800.0,5.308,360,740-779,85-95,20-35,NC,PURCHASE,OWNER,SFR,CasaMortgage,2022
LN102962,2024-11,238800.0,7.308,360,<620,>95,>43,TX,REFINANCE,OWNER,MULTI_2_4,DeltaHome,2024
LN102963,2021-09,209300.0,3.738,360,780+,75-85,35-43,TX,PURCHASE,OWNER,CONDO,AlphaServ,2021
LN102964,2024-01,599400.0,6.357,360,780+,<=60,35-43,TX,REFINANCE,OWNER,TOWNHOUSE,AlphaServ,2024
LN102965,2023-07,89400.0,7.249,360,<620,75-85,20-35,GA,PURCHASE,OWNER,SFR,CasaMortgage,2023
LN102966,2022-05,109900.0,5.415,360,620-679,60-75,20-35,WA,REFINANCE,OWNER,SFR,BetaLoan,2022
LN102967,2022-04,303200.0,5.113,180,620-679,75-85,20-35,AZ,PURCHASE,OWNER,SFR,CasaMortgage,2022
LN102968,2024-01,226600.0,6.069,360,740-779,<=60,20-35,IL,REFINANCE,OWNER,CONDO,BetaLoan,2024
LN102969,2023-09,133700.0,6.359,360,740-779,75-85,35-43,FL,CASHOUT_REFI,OWNER,SFR,AlphaServ,2023
LN102970,2023-08,158800.0,7.051,360,620-679,85-95,35-43,NY,REFINANCE,OWNER,SFR,AlphaServ,2023
LN102971,2021-09,168400.0,3.904,360,740-779,<=60,20-35,PA,PURCHASE,OWNER,SFR,BetaLoan,2021
LN102972,2023-08,381400.0,6.186,360,680-739,75-85,>43,GA,PURCHASE,OWNER,SFR,AlphaServ,2023
LN102973,2024-12,440500.0,6.229,360,680-739,60-75,<=20,CA,PURCHASE,INVESTOR,SFR,AlphaServ,2024
LN102974,2021-07,533800.0,4.145,360,680-739,60-75,<=20,CA,PURCHASE,OWNER,SFR,BetaLoan,2021
LN102975,2023-02,124900.0,6.03,360,680-739,75-85,20-35,IL,REFINANCE,OWNER,CONDO,EagleTrust,2023
LN102976,2023-03,138000.0,6.178,360,680-739,85-95,>43,OH,CASHOUT_REFI,OWNER,SFR,CasaMortgage,2023
LN102977,2024-08,133800.0,6.59,360,620-679,85-95,<=20,WA,REFINANCE,OWNER,SFR,AlphaServ,2024
LN102978,2022-06,455900.0,4.736,360,680-739,60-75,<=20,CA,CASHOUT_REFI,OWNER,MULTI_2_4,CasaMortgage,2022
LN102979,2023-02,308000.0,5.343,360,780+,<=60,20-35,PA,CASHOUT_REFI,OWNER,SFR,DeltaHome,2023
LN102980,2024-01,264600.0,6.766,360,680-739,75-85,>43,AZ,PURCHASE,OWNER,CONDO,DeltaHome,2024
LN102981,2021-09,283000.0,3.637,360,780+,75-85,20-35,FL,PURCHASE,OWNER,SFR,EagleTrust,2021
LN102982,2024-04,248800.0,6.807,360,680-739,85-95,35-43,TX,PURCHASE,OWNER,SFR,CasaMortgage,2024
LN102983,2024-05,154100.0,6.127,360,740-779,85-95,35-43,TX,PURCHASE,OWNER,SFR,BetaLoan,2024
LN102984,2024-01,321600.0,6.64,360,620-679,85-95,35-43,GA,PURCHASE,OWNER,SFR,CasaMortgage,2024
LN102985,2023-10,234700.0,6.35,360,740-779,<=60,<=20,CA,PURCHASE,OWNER,SFR,AlphaServ,2023
LN102986,2024-02,148700.0,6.948,360,620-679,>95,<=20,AZ,PURCHASE,OWNER,SFR,CasaMortgage,2024
LN102987,2024-03,330500.0,7.507,180,<620,>95,20-35,MI,PURCHASE,OWNER,SFR,AlphaServ,2024
LN102988,2024-08,210700.0,6.76,360,620-679,<=60,35-43,MI,PURCHASE,OWNER,SFR,CasaMortgage,2024
LN102989,2022-12,282800.0,6.632,360,<620,60-75,35-43,MI,PURCHASE,SECOND_HOME,SFR,BetaLoan,2022
LN102990,2023-02,241300.0,5.484,240,780+,85-95,<=20,CA,REFINANCE,OWNER,SFR,AlphaServ,2023
LN102991,2023-09,381200.0,5.965,360,780+,75-85,20-35,NC,PURCHASE,OWNER,SFR,DeltaHome,2023
LN102992,2022-03,281800.0,4.369,180,740-779,<=60,<=20,OH,REFINANCE,OWNER,SFR,DeltaHome,2022
LN102993,2024-06,171500.0,7.643,180,<620,60-75,20-35,CA,PURCHASE,OWNER,SFR,CasaMortgage,2024
LN102994,2024-03,295100.0,6.324,360,780+,75-85,20-35,FL,REFINANCE,INVESTOR,SFR,DeltaHome,2024
LN102995,2023-09,299400.0,6.174,360,740-779,85-95,>43,NY,PURCHASE,OWNER,SFR,DeltaHome,2023
LN102996,2022-07,321300.0,5.328,360,680-739,85-95,20-35,OH,CASHOUT_REFI,OWNER,SFR,AlphaServ,2022
LN102997,2022-09,406800.0,5.069,180,680-739,>95,<=20,TX,CASHOUT_REFI,OWNER,SFR,CasaMortgage,2022
LN102998,2023-01,193500.0,5.7,360,740-779,75-85,20-35,IL,PURCHASE,OWNER,SFR,EagleTrust,2023
LN102999,2023-10,344700.0,7.407,360,<620,85-95,>43,WA,PURCHASE,OWNER,SFR,AlphaServ,2023
LN103000,2024-03,117500.0,6.578,360,680-739,<=60,20-35,FL,PURCHASE,OWNER,SFR,CasaMortgage,2024
LN103001,2023-11,241800.0,6.149,360,740-779,75-85,35-43,CA,PURCHASE,SECOND_HOME,SFR,BetaLoan,2023
LN103002,2024-10,225600.0,7.047,360,620-679,>95,20-35,IL,REFINANCE,OWNER,SFR,BetaLoan,2024
LN103003,2024-11,489700.0,6.858,360,680-739,85-95,20-35,NY,PURCHASE,INVESTOR,SFR,AlphaServ,2024
LN103004,2023-12,237900.0,6.792,180,680-739,75-85,20-35,AZ,PURCHASE,OWNER,TOWNHOUSE,AlphaServ,2023
LN103005,2022-10,335600.0,5.303,360,740-779,60-75,35-43,IL,PURCHASE,OWNER,TOWNHOUSE,DeltaHome,2022
LN103006,2023-08,115500.0,5.892,360,780+,60-75,20-35,TX,REFINANCE,OWNER,SFR,AlphaServ,2023
LN103007,2022-12,217900.0,5.503,360,780+,85-95,20-35,TX,PURCHASE,INVESTOR,TOWNHOUSE,BetaLoan,2022
LN103008,2023-09,174400.0,6.238,360,740-779,60-75,35-43,CA,PURCHASE,OWNER,SFR,EagleTrust,2023
LN103009,2024-05,777600.0,6.416,360,680-739,60-75,<=20,MI,PURCHASE,OWNER,CONDO,AlphaServ,2024
LN103010,2022-10,189100.0,4.994,360,740-779,85-95,20-35,TX,PURCHASE,OWNER,CONDO,DeltaHome,2022
LN103011,2023-04,263800.0,6.436,180,680-739,<=60,20-35,MI,PURCHASE,OWNER,SFR,EagleTrust,2023
LN103012,2021-08,270200.0,5.197,360,<620,75-85,20-35,OH,REFINANCE,OWNER,SFR,DeltaHome,2021
LN103013,2024-01,124800.0,6.501,360,740-779,60-75,35-43,NC,CASHOUT_REFI,OWNER,CONDO,DeltaHome,2024
LN103014,2023-03,201400.0,5.78,360,740-779,<=60,20-35,TX,PURCHASE,OWNER,CONDO,EagleTrust,2023
LN103015,2023-02,306200.0,5.793,360,680-739,60-75,20-35,CA,PURCHASE,OWNER,SFR,AlphaServ,2023
LN103016,2023-05,265300.0,5.41,360,780+,60-75,<=20,NY,PURCHASE,OWNER,SFR,EagleTrust,2023
LN103017,2022-04,90700.0,4.203,360,740-779,75-85,>43,FL,PURCHASE,OWNER,SFR,BetaLoan,2022
LN103018,2023-08,197800.0,6.151,360,680-739,75-85,20-35,IL,REFINANCE,OWNER,CONDO,AlphaServ,2023
LN103019,2024-02,404100.0,7.907,180,<620,75-85,<=20,MI,PURCHASE,OWNER,CONDO,DeltaHome,2024
LN103020,2022-09,332600.0,6.1,360,<620,85-95,35-43,AZ,PURCHASE,INVESTOR,SFR,AlphaServ,2022
LN103021,2021-12,441600.0,4.197,360,680-739,75-85,>43,OH,PURCHASE,OWNER,SFR,AlphaServ,2021
LN103022,2022-11,163800.0,5.475,360,680-739,75-85,20-35,TX,PURCHASE,OWNER,SFR,AlphaServ,2022
LN103023,2022-03,454300.0,4.634,360,620-679,75-85,20-35,FL,PURCHASE,OWNER,SFR,BetaLoan,2022
LN103024,2022-10,250200.0,5.511,360,620-679,75-85,35-43,AZ,REFINANCE,OWNER,SFR,BetaLoan,2022
LN103025,2023-09,522600.0,7.152,180,620-679,60-75,<=20,TX,REFINANCE,OWNER,CONDO,AlphaServ,2023
LN103026,2021-11,255600.0,4.256,180,740-779,>95,>43,CA,PURCHASE,OWNER,SFR,DeltaHome,2021
LN103027,2024-02,101600.0,6.502,180,740-779,75-85,20-35,AZ,PURCHASE,INVESTOR,CONDO,DeltaHome,2024
LN103028,2022-04,374100.0,4.746,240,680-739,75-85,20-35,CA,REFINANCE,OWNER,SFR,AlphaServ,2022
LN103029,2024-08,209100.0,6.766,360,620-679,75-85,<=20,MI,PURCHASE,INVESTOR,SFR,BetaLoan,2024
LN103030,2024-01,215500.0,7.706,360,<620,85-95,<=20,CA,PURCHASE,OWNER,SFR,EagleTrust,2024
LN103031,2022-06,132700.0,5.294,360,620-679,75-85,<=20,GA,REFINANCE,OWNER,SFR,AlphaServ,2022
LN103032,2023-06,529700.0,6.398,360,680-739,75-85,20-35,TX,REFINANCE,OWNER,SFR,AlphaServ,2023
LN103033,2021-11,201900.0,5.188,360,<620,75-85,>43,AZ,PURCHASE,SECOND_HOME,SFR,BetaLoan,2021
LN103034,2021-11,518500.0,4.375,240,680-739,85-95,20-35,CA,REFINANCE,OWNER,SFR,AlphaServ,2021
LN103035,2024-11,210200.0,6.2,360,780+,60-75,20-35,FL,REFINANCE,OWNER,CONDO,AlphaServ,2024
LN103036,2024-04,168100.0,6.578,180,680-739,>95,20-35,MI,PURCHASE,OWNER,CONDO,DeltaHome,2024
LN103037,2022-01,462200.0,4.06,360,780+,85-95,20-35,OH,CASHOUT_REFI,INVESTOR,SFR,AlphaServ,2022
LN103038,2022-06,247000.0,5.241,360,620-679,<=60,35-43,NY,PURCHASE,SECOND_HOME,SFR,BetaLoan,2022
LN103039,2022-03,248100.0,4.732,360,680-739,60-75,20-35,NY,PURCHASE,OWNER,SFR,AlphaServ,2022
LN103040,2022-11,143400.0,5.264,360,780+,>95,20-35,IL,REFINANCE,OWNER,SFR,BetaLoan,2022
LN103041,2022-07,207700.0,4.72,360,680-739,60-75,35-43,WA,PURCHASE,OWNER,SFR,AlphaServ,2022
LN103042,2022-08,309600.0,4.868,180,740-779,60-75,20-35,NC,PURCHASE,OWNER,CONDO,AlphaServ,2022
LN103043,2023-05,142300.0,5.34,360,780+,60-75,35-43,IL,REFINANCE,OWNER,SFR,CasaMortgage,2023
LN103044,2022-02,200300.0,4.179,180,680-739,<=60,20-35,FL,PURCHASE,OWNER,SFR,BetaLoan,2022
LN103045,2024-08,211300.0,6.996,360,620-679,75-85,20-35,IL,PURCHASE,OWNER,SFR,AlphaServ,2024
LN103046,2024-01,263000.0,6.549,360,680-739,85-95,<=20,AZ,REFINANCE,OWNER,SFR,EagleTrust,2024
LN103047,2024-02,496700.0,7.442,180,<620,75-85,20-35,TX,PURCHASE,INVESTOR,SFR,EagleTrust,2024
LN103048,2022-02,223000.0,4.974,360,620-679,<=60,>43,FL,PURCHASE,INVESTOR,SFR,CasaMortgage,2022
LN103049,2023-12,187100.0,7.387,360,<620,75-85,35-43,CA,REFINANCE,OWNER,SFR,AlphaServ,2023
LN103050,2024-06,878400.0,5.893,360,780+,60-75,>43,GA,REFINANCE,OWNER,SFR,EagleTrust,2024
LN103051,2022-02,210000.0,3.879,360,740-779,75-85,35-43,MI,PURCHASE,OWNER,MULTI_2_4,BetaLoan,2022
LN103052,2024-02,234300.0,6.689,360,620-679,75-85,>43,GA,PURCHASE,OWNER,SFR,BetaLoan,2024
LN103053,2022-10,217300.0,5.682,360,620-679,>95,20-35,PA,CASHOUT_REFI,OWNER,SFR,CasaMortgage,2022
LN103054,2024-04,225400.0,6.17,360,740-779,85-95,35-43,MI,PURCHASE,OWNER,TOWNHOUSE,CasaMortgage,2024
LN103055,2023-03,264300.0,5.807,360,780+,85-95,20-35,WA,PURCHASE,OWNER,CONDO,BetaLoan,2023
LN103056,2024-04,386300.0,7.035,360,620-679,75-85,35-43,NY,REFINANCE,SECOND_HOME,SFR,BetaLoan,2024
LN103057,2022-01,306100.0,4.188,360,680-739,75-85,>43,CA,CASHOUT_REFI,OWNER,SFR,EagleTrust,2022
LN103058,2022-11,414400.0,5.228,360,780+,75-85,35-43,OH,REFINANCE,SECOND_HOME,CONDO,BetaLoan,2022
LN103059,2022-06,408300.0,4.538,180,780+,85-95,35-43,MI,PURCHASE,OWNER,SFR,CasaMortgage,2022
LN103060,2022-05,280400.0,4.191,360,780+,>95,>43,NY,REFINANCE,OWNER,SFR,AlphaServ,2022
LN103061,2022-07,302300.0,5.255,360,680-739,>95,<=20,NY,REFINANCE,OWNER,TOWNHOUSE,CasaMortgage,2022
LN103062,2022-11,420400.0,6.164,360,620-679,75-85,20-35,NC,REFINANCE,INVESTOR,SFR,AlphaServ,2022
LN103063,2021-12,154800.0,4.243,360,680-739,85-95,35-43,CA,PURCHASE,OWNER,SFR,BetaLoan,2021
LN103064,2023-12,785600.0,6.547,360,680-739,75-85,35-43,GA,CASHOUT_REFI,OWNER,CONDO,BetaLoan,2023
LN103065,2023-06,202700.0,5.738,360,780+,<=60,20-35,NC,REFINANCE,OWNER,TOWNHOUSE,CasaMortgage,2023
LN103066,2024-05,218000.0,7.604,360,<620,85-95,20-35,WA,REFINANCE,OWNER,TOWNHOUSE,AlphaServ,2024
LN103067,2023-12,148000.0,5.841,180,740-779,>95,20-35,NC,CASHOUT_REFI,INVESTOR,SFR,AlphaServ,2023
LN103068,2022-01,149900.0,4.043,180,780+,85-95,>43,CA,PURCHASE,OWNER,SFR,AlphaServ,2022
LN103069,2021-09,395700.0,3.377,360,780+,85-95,35-43,IL,REFINANCE,OWNER,SFR,BetaLoan,2021
LN103070,2022-12,709000.0,5.292,360,740-779,75-85,35-43,NY,REFINANCE,OWNER,SFR,AlphaServ,2022
LN103071,2023-03,197700.0,5.93,360,780+,85-95,<=20,NY,REFINANCE,OWNER,TOWNHOUSE,DeltaHome,2023
LN103072,2022-05,298400.0,5.612,360,<620,75-85,<=20,MI,PURCHASE,OWNER,SFR,DeltaHome,2022
LN103073,2024-03,281800.0,7.065,180,620-679,75-85,20-35,OH,PURCHASE,INVESTOR,SFR,AlphaServ,2024
LN103074,2023-07,400400.0,7.344,360,<620,60-75,<=20,NC,REFINANCE,INVESTOR,SFR,CasaMortgage,2023
LN103075,2024-02,692700.0,6.159,360,780+,75-85,<=20,MI,PURCHASE,OWNER,CONDO,BetaLoan,2024
LN103076,2021-11,506100.0,3.664,360,780+,60-75,<=20,NC,CASHOUT_REFI,OWNER,SFR,AlphaServ,2021
LN103077,2024-05,229300.0,7.592,360,<620,85-95,20-35,MI,REFINANCE,OWNER,SFR,CasaMortgage,2024
LN103078,2022-03,323800.0,5.443,360,<620,>95,<=20,TX,PURCHASE,OWNER,SFR,CasaMortgage,2022
LN103079,2023-01,338600.0,5.525,180,680-739,85-95,35-43,CA,PURCHASE,OWNER,TOWNHOUSE,DeltaHome,2023
LN103080,2023-01,253000.0,6.029,360,620-679,60-75,20-35,TX,PURCHASE,OWNER,MULTI_2_4,BetaLoan,2023
LN103081,2024-05,155900.0,6.282,360,740-779,75-85,20-35,PA,PURCHASE,INVESTOR,SFR,AlphaServ,2024
LN103082,2022-06,178200.0,5.393,360,620-679,75-85,>43,WA,PURCHASE,OWNER,CONDO,EagleTrust,2022
LN103083,2022-05,427900.0,4.572,360,740-779,85-95,20-35,WA,PURCHASE,INVESTOR,SFR,EagleTrust,2022
LN103084,2022-09,448200.0,5.34,360,680-739,60-75,35-43,CA,REFINANCE,INVESTOR,SFR,AlphaServ,2022
LN103085,2022-10,232500.0,5.446,360,680-739,75-85,20-35,WA,CASHOUT_REFI,SECOND_HOME,SFR,AlphaServ,2022
LN103086,2022-02,287100.0,4.837,360,620-679,85-95,20-35,AZ,REFINANCE,OWNER,TOWNHOUSE,CasaMortgage,2022
LN103087,2022-02,437500.0,4.019,360,780+,<=60,20-35,TX,REFINANCE,OWNER,SFR,BetaLoan,2022
LN103088,2022-04,118500.0,4.184,360,740-779,85-95,>43,OH,PURCHASE,OWNER,CONDO,DeltaHome,2022
LN103089,2023-02,208800.0,5.959,360,680-739,85-95,>43,WA,CASHOUT_REFI,OWNER,SFR,AlphaServ,2023
LN103090,2022-09,632900.0,5.466,360,680-739,85-95,20-35,IL,PURCHASE,OWNER,CONDO,BetaLoan,2022
LN103091,2022-11,292100.0,5.1,360,780+,>95,35-43,WA,REFINANCE,OWNER,SFR,BetaLoan,2022
LN103092,2024-01,153600.0,6.1,360,740-779,85-95,20-35,OH,REFINANCE,INVESTOR,SFR,CasaMortgage,2024
LN103093,2022-05,269100.0,4.292,360,740-779,75-85,20-35,FL,PURCHASE,OWNER,SFR,CasaMortgage,2022
LN103094,2024-09,404200.0,6.803,360,680-739,75-85,<=20,TX,REFINANCE,OWNER,SFR,EagleTrust,2024
LN103095,2024-02,81200.0,6.066,360,780+,<=60,20-35,CA,CASHOUT_REFI,OWNER,SFR,BetaLoan,2024
LN103096,2022-02,276300.0,4.197,180,680-739,<=60,20-35,NC,REFINANCE,OWNER,CONDO,AlphaServ,2022
LN103097,2022-08,215900.0,4.681,180,740-779,75-85,20-35,FL,PURCHASE,OWNER,SFR,EagleTrust,2022
LN103098,2022-02,121900.0,4.154,360,680-739,60-75,20-35,NY,PURCHASE,OWNER,SFR,CasaMortgage,2022
LN103099,2022-06,264800.0,4.298,360,740-779,60-75,20-35,WA,PURCHASE,OWNER,MULTI_2_4,EagleTrust,2022
LN103100,2022-10,240000.0,4.992,360,780+,85-95,<=20,TX,PURCHASE,OWNER,SFR,DeltaHome,2022
LN103101,2021-12,252500.0,3.692,240,780+,<=60,20-35,FL,CASHOUT_REFI,OWNER,TOWNHOUSE,BetaLoan,2021
LN103102,2021-07,218200.0,3.84,360,680-739,60-75,20-35,AZ,PURCHASE,OWNER,SFR,AlphaServ,2021
LN103103,2023-01,161200.0,5.754,360,740-779,85-95,<=20,WA,PURCHASE,OWNER,SFR,AlphaServ,2023
LN103104,2023-12,132600.0,6.002,180,780+,<=60,20-35,PA,PURCHASE,OWNER,SFR,CasaMortgage,2023
LN103105,2022-07,187100.0,4.528,360,780+,75-85,<=20,NY,PURCHASE,OWNER,TOWNHOUSE,CasaMortgage,2022
LN103106,2024-07,375700.0,6.428,360,740-779,<=60,20-35,CA,PURCHASE,OWNER,CONDO,AlphaServ,2024
LN103107,2022-10,283500.0,6.069,360,<620,85-95,20-35,MI,PURCHASE,OWNER,CONDO,CasaMortgage,2022
LN103108,2024-08,247400.0,6.751,360,620-679,75-85,20-35,PA,PURCHASE,OWNER,TOWNHOUSE,AlphaServ,2024
LN103109,2022-04,159900.0,4.157,360,780+,75-85,20-35,NC,CASHOUT_REFI,OWNER,SFR,AlphaServ,2022
LN103110,2023-05,215700.0,5.327,360,740-779,60-75,<=20,FL,PURCHASE,OWNER,SFR,AlphaServ,2023
LN103111,2024-03,355700.0,6.663,240,740-779,85-95,20-35,GA,PURCHASE,OWNER,SFR,AlphaServ,2024
LN103112,2021-09,320300.0,3.901,180,740-779,60-75,20-35,NC,REFINANCE,OWNER,TOWNHOUSE,AlphaServ,2021
LN103113,2024-10,205900.0,6.526,360,680-739,75-85,35-43,AZ,PURCHASE,OWNER,TOWNHOUSE,CasaMortgage,2024
LN103114,2022-10,78800.0,5.524,360,680-739,<=60,<=20,CA,REFINANCE,OWNER,SFR,EagleTrust,2022
LN103115,2023-03,188400.0,5.868,360,740-779,<=60,<=20,TX,PURCHASE,INVESTOR,SFR,EagleTrust,2023
LN103116,2023-09,205400.0,6.519,360,680-739,60-75,35-43,NY,PURCHASE,OWNER,TOWNHOUSE,BetaLoan,2023
LN103117,2023-10,169700.0,6.345,360,740-779,60-75,20-35,PA,PURCHASE,OWNER,SFR,DeltaHome,2023
LN103118,2021-07,211900.0,3.97,360,740-779,<=60,20-35,AZ,PURCHASE,OWNER,SFR,AlphaServ,2021
LN103119,2024-07,368600.0,6.607,360,740-779,<=60,20-35,TX,REFINANCE,OWNER,MULTI_2_4,CasaMortgage,2024
LN103120,2023-09,251000.0,6.309,360,680-739,85-95,>43,IL,PURCHASE,OWNER,SFR,CasaMortgage,2023
LN103121,2024-12,398500.0,5.97,360,740-779,75-85,20-35,GA,PURCHASE,OWNER,SFR,BetaLoan,2024
LN103122,2023-02,129500.0,6.12,360,620-679,75-85,<=20,TX,PURCHASE,OWNER,SFR,AlphaServ,2023
LN103123,2023-08,222500.0,6.853,360,620-679,60-75,20-35,MI,PURCHASE,OWNER,SFR,BetaLoan,2023
LN103124,2023-01,106700.0,5.5,360,680-739,<=60,20-35,IL,REFINANCE,OWNER,SFR,AlphaServ,2023
LN103125,2024-08,210700.0,7.23,360,<620,>95,<=20,AZ,PURCHASE,OWNER,CONDO,DeltaHome,2024
LN103126,2024-05,159400.0,6.199,360,780+,<=60,>43,OH,CASHOUT_REFI,OWNER,CONDO,EagleTrust,2024
LN103127,2024-09,454300.0,5.98,360,780+,85-95,20-35,PA,PURCHASE,OWNER,CONDO,AlphaServ,2024
LN103128,2023-04,306900.0,7.018,360,<620,85-95,35-43,CA,PURCHASE,OWNER,SFR,DeltaHome,2023
LN103129,2024-04,403000.0,6.59,360,740-779,75-85,>43,NY,PURCHASE,OWNER,SFR,DeltaHome,2024
LN103130,2022-10,210400.0,5.62,360,680-739,85-95,20-35,NY,PURCHASE,INVESTOR,SFR,AlphaServ,2022
LN103131,2023-02,161300.0,5.688,360,740-779,85-95,<=20,TX,CASHOUT_REFI,INVESTOR,SFR,CasaMortgage,2023
LN103132,2024-02,159000.0,5.897,360,780+,85-95,20-35,OH,REFINANCE,INVESTOR,SFR,AlphaServ,2024
LN103133,2021-10,287600.0,3.843,360,740-779,75-85,35-43,MI,PURCHASE,OWNER,MULTI_2_4,AlphaServ,2021
LN103134,2023-12,576400.0,6.794,360,620-679,60-75,20-35,IL,PURCHASE,OWNER,CONDO,CasaMortgage,2023
LN103135,2021-07,307300.0,4.909,360,<620,75-85,20-35,PA,PURCHASE,OWNER,MULTI_2_4,AlphaServ,2021
LN103136,2023-07,215600.0,6.192,180,680-739,<=60,<=20,FL,PURCHASE,OWNER,SFR,DeltaHome,2023
LN103137,2023-03,234500.0,5.561,360,780+,60-75,<=20,FL,PURCHASE,OWNER,SFR,EagleTrust,2023
LN103138,2023-02,251700.0,5.584,360,740-779,75-85,20-35,TX,REFINANCE,OWNER,TOWNHOUSE,AlphaServ,2023
LN103139,2023-03,635400.0,5.878,360,680-739,60-75,<=20,MI,REFINANCE,OWNER,SFR,AlphaServ,2023
LN103140,2023-03,444700.0,6.718,360,<620,85-95,35-43,CA,PURCHASE,OWNER,SFR,AlphaServ,2023
LN103141,2022-12,286900.0,5.493,180,780+,>95,>43,CA,PURCHASE,OWNER,SFR,BetaLoan,2022
LN103142,2023-01,268200.0,5.696,360,680-739,<=60,>43,CA,REFINANCE,OWNER,MULTI_2_4,BetaLoan,2023
LN103143,2023-06,292100.0,6.182,180,740-779,60-75,20-35,NY,REFINANCE,OWNER,CONDO,CasaMortgage,2023
LN103144,2024-03,318800.0,6.268,360,740-779,75-85,20-35,NY,PURCHASE,SECOND_HOME,MULTI_2_4,BetaLoan,2024
LN103145,2023-06,211900.0,6.709,360,620-679,<=60,20-35,NY,REFINANCE,OWNER,SFR,AlphaServ,2023
LN103146,2023-09,174600.0,7.373,240,<620,<=60,<=20,MI,PURCHASE,OWNER,CONDO,CasaMortgage,2023
LN103147,2024-06,406200.0,6.54,360,680-739,>95,>43,NY,PURCHASE,OWNER,SFR,BetaLoan,2024
LN103148,2024-12,257800.0,6.885,360,620-679,<=60,35-43,CA,PURCHASE,OWNER,SFR,CasaMortgage,2024
LN103149,2021-11,391200.0,4.025,360,740-779,60-75,20-35,GA,PURCHASE,OWNER,TOWNHOUSE,DeltaHome,2021
LN103150,2023-12,535400.0,6.015,360,740-779,75-85,35-43,TX,CASHOUT_REFI,OWNER,SFR,AlphaServ,2023
LN103151,2022-04,322600.0,5.011,360,620-679,<=60,20-35,CA,REFINANCE,OWNER,SFR,CasaMortgage,2022
LN103152,2022-03,299900.0,4.545,360,680-739,85-95,35-43,MI,PURCHASE,OWNER,SFR,EagleTrust,2022
LN103153,2024-04,1077500.0,7.612,360,<620,85-95,20-35,TX,PURCHASE,SECOND_HOME,TOWNHOUSE,AlphaServ,2024
LN103154,2021-09,280200.0,4.45,360,620-679,75-85,35-43,MI,PURCHASE,OWNER,SFR,CasaMortgage,2021
LN103155,2024-06,156300.0,6.256,360,740-779,60-75,>43,GA,PURCHASE,OWNER,SFR,AlphaServ,2024
LN103156,2024-03,224900.0,6.429,360,740-779,85-95,20-35,AZ,REFINANCE,OWNER,CONDO,BetaLoan,2024
LN103157,2024-12,513100.0,5.895,240,740-779,85-95,20-35,FL,REFINANCE,OWNER,SFR,CasaMortgage,2024
LN103158,2023-11,142600.0,7.122,360,620-679,75-85,20-35,GA,PURCHASE,OWNER,TOWNHOUSE,DeltaHome,2023
LN103159,2024-07,181900.0,6.433,360,680-739,75-85,35-43,OH,CASHOUT_REFI,INVESTOR,SFR,EagleTrust,2024
LN103160,2021-11,420000.0,4.415,360,680-739,75-85,20-35,MI,CASHOUT_REFI,OWNER,SFR,DeltaHome,2021
LN103161,2024-08,225900.0,6.301,360,780+,60-75,>43,FL,PURCHASE,OWNER,SFR,DeltaHome,2024
LN103162,2022-01,242900.0,3.999,360,740-779,75-85,>43,OH,PURCHASE,OWNER,SFR,AlphaServ,2022
LN103163,2022-08,413800.0,4.832,180,780+,85-95,20-35,OH,PURCHASE,OWNER,SFR,CasaMortgage,2022
LN103164,2021-12,184900.0,4.623,360,620-679,75-85,<=20,CA,CASHOUT_REFI,OWNER,CONDO,CasaMortgage,2021
LN103165,2022-11,131800.0,5.438,360,680-739,85-95,35-43,CA,PURCHASE,OWNER,CONDO,AlphaServ,2022
LN103166,2024-02,136600.0,6.349,360,740-779,85-95,20-35,AZ,REFINANCE,OWNER,TOWNHOUSE,BetaLoan,2024
LN103167,2022-06,331600.0,5.042,360,680-739,85-95,20-35,GA,REFINANCE,OWNER,SFR,BetaLoan,2022
LN103168,2024-05,286800.0,6.423,180,680-739,75-85,20-35,GA,PURCHASE,INVESTOR,CONDO,CasaMortgage,2024
LN103169,2023-08,186900.0,6.095,360,680-739,60-75,20-35,MI,PURCHASE,OWNER,SFR,BetaLoan,2023
LN103170,2023-09,151500.0,5.99,360,780+,85-95,20-35,CA,REFINANCE,OWNER,TOWNHOUSE,EagleTrust,2023
LN103171,2024-10,226000.0,7.237,360,620-679,85-95,20-35,TX,PURCHASE,OWNER,SFR,AlphaServ,2024
LN103172,2023-01,421900.0,5.32,360,780+,<=60,<=20,GA,PURCHASE,OWNER,TOWNHOUSE,CasaMortgage,2023
LN103173,2022-09,175200.0,5.526,360,680-739,85-95,20-35,NC,CASHOUT_REFI,OWNER,CONDO,AlphaServ,2022
LN103174,2024-12,189400.0,6.687,180,680-739,>95,35-43,GA,PURCHASE,OWNER,TOWNHOUSE,DeltaHome,2024
LN103175,2023-06,149400.0,6.455,360,680-739,85-95,20-35,NY,REFINANCE,INVESTOR,SFR,BetaLoan,2023
LN103176,2023-08,216400.0,6.381,360,680-739,<=60,20-35,OH,PURCHASE,OWNER,SFR,AlphaServ,2023
LN103177,2022-07,297200.0,4.401,360,780+,75-85,>43,NC,PURCHASE,OWNER,SFR,AlphaServ,2022
LN103178,2022-04,661200.0,4.173,360,780+,60-75,>43,NY,PURCHASE,SECOND_HOME,SFR,AlphaServ,2022
LN103179,2022-02,281500.0,3.741,360,780+,60-75,<=20,OH,PURCHASE,INVESTOR,SFR,AlphaServ,2022
LN103180,2022-04,249200.0,4.299,360,780+,<=60,35-43,CA,PURCHASE,OWNER,SFR,BetaLoan,2022
LN103181,2022-03,376400.0,4.172,360,740-779,85-95,20-35,TX,CASHOUT_REFI,OWNER,SFR,AlphaServ,2022
LN103182,2024-02,349200.0,6.555,360,680-739,75-85,35-43,MI,PURCHASE,OWNER,SFR,BetaLoan,2024
LN103183,2021-09,196800.0,3.594,360,780+,75-85,<=20,NY,PURCHASE,OWNER,CONDO,AlphaServ,2021
LN103184,2023-09,719200.0,7.216,180,<620,75-85,<=20,MI,REFINANCE,INVESTOR,TOWNHOUSE,CasaMortgage,2023
LN103185,2024-10,252500.0,6.146,360,740-779,75-85,>43,NC,REFINANCE,OWNER,SFR,AlphaServ,2024
LN103186,2024-03,283900.0,6.661,360,680-739,75-85,20-35,FL,CASHOUT_REFI,OWNER,SFR,AlphaServ,2024
LN103187,2022-11,327100.0,5.067,240,740-779,75-85,20-35,MI,PURCHASE,OWNER,SFR,DeltaHome,2022
LN103188,2021-09,298200.0,3.931,360,680-739,<=60,>43,CA,PURCHASE,OWNER,CONDO,EagleTrust,2021
LN103189,2024-06,507100.0,6.842,360,620-679,75-85,20-35,TX,REFINANCE,OWNER,CONDO,BetaLoan,2024
LN103190,2021-07,195700.0,4.968,360,<620,<=60,<=20,NY,REFINANCE,OWNER,MULTI_2_4,BetaLoan,2021
LN103191,2023-11,363100.0,6.234,360,680-739,85-95,20-35,GA,PURCHASE,OWNER,SFR,BetaLoan,2023
LN103192,2023-11,274900.0,6.395,240,680-739,75-85,35-43,FL,CASHOUT_REFI,OWNER,SFR,BetaLoan,2023
LN103193,2022-03,397200.0,4.526,360,620-679,85-95,35-43,FL,REFINANCE,OWNER,TOWNHOUSE,AlphaServ,2022
LN103194,2024-02,231700.0,6.693,240,620-679,75-85,20-35,PA,PURCHASE,OWNER,SFR,CasaMortgage,2024
LN103195,2022-02,218000.0,4.074,360,740-779,60-75,20-35,AZ,REFINANCE,OWNER,SFR,AlphaServ,2022
LN103196,2022-04,354800.0,4.705,360,680-739,60-75,20-35,AZ,PURCHASE,OWNER,SFR,BetaLoan,2022
LN103197,2024-05,299900.0,6.317,360,740-779,60-75,20-35,CA,PURCHASE,OWNER,SFR,BetaLoan,2024
LN103198,2024-12,176500.0,7.388,360,<620,75-85,<=20,MI,PURCHASE,OWNER,SFR,CasaMortgage,2024
LN103199,2022-06,467700.0,4.486,360,740-779,85-95,<=20,MI,PURCHASE,OWNER,SFR,DeltaHome,2022
LN103200,2024-09,354900.0,7.177,360,620-679,<=60,35-43,TX,PURCHASE,OWNER,TOWNHOUSE,AlphaServ,2024
LN103201,2024-09,246900.0,6.479,180,680-739,75-85,35-43,TX,REFINANCE,OWNER,MULTI_2_4,CasaMortgage,2024
LN103202,2024-03,206800.0,6.331,360,680-739,<=60,20-35,CA,REFINANCE,OWNER,MULTI_2_4,AlphaServ,2024
LN103203,2021-12,300700.0,4.243,360,740-779,75-85,20-35,PA,PURCHASE,OWNER,CONDO,AlphaServ,2021
LN103204,2022-07,343600.0,4.86,360,680-739,75-85,35-43,GA,PURCHASE,OWNER,CONDO,BetaLoan,2022
LN103205,2023-11,124600.0,6.474,360,680-739,<=60,<=20,CA,REFINANCE,OWNER,SFR,AlphaServ,2023
LN103206,2024-12,302300.0,7.068,360,620-679,<=60,20-35,TX,PURCHASE,OWNER,SFR,EagleTrust,2024
LN103207,2024-05,342400.0,6.483,360,680-739,85-95,20-35,PA,PURCHASE,OWNER,SFR,CasaMortgage,2024
LN103208,2022-12,88600.0,5.905,360,680-739,75-85,20-35,GA,PURCHASE,OWNER,TOWNHOUSE,CasaMortgage,2022
LN103209,2022-04,278800.0,4.372,360,740-779,60-75,<=20,PA,REFINANCE,OWNER,SFR,AlphaServ,2022
LN103210,2024-11,348900.0,6.613,360,680-739,85-95,>43,CA,CASHOUT_REFI,OWNER,SFR,DeltaHome,2024
LN103211,2022-06,331500.0,4.632,180,740-779,<=60,<=20,WA,PURCHASE,OWNER,SFR,AlphaServ,2022
LN103212,2022-09,366300.0,5.252,360,680-739,85-95,<=20,TX,REFINANCE,OWNER,SFR,AlphaServ,2022
LN103213,2024-11,220300.0,7.202,240,620-679,85-95,20-35,FL,REFINANCE,INVESTOR,MULTI_2_4,DeltaHome,2024
LN103214,2023-06,159900.0,6.434,180,680-739,75-85,35-43,AZ,CASHOUT_REFI,OWNER,TOWNHOUSE,CasaMortgage,2023
LN103215,2022-06,113600.0,5.476,360,<620,75-85,35-43,FL,REFINANCE,OWNER,SFR,CasaMortgage,2022
LN103216,2021-07,417300.0,3.976,180,680-739,75-85,20-35,OH,PURCHASE,OWNER,SFR,EagleTrust,2021
LN103217,2023-01,350200.0,5.47,240,780+,85-95,20-35,FL,PURCHASE,OWNER,SFR,BetaLoan,2023
LN103218,2024-12,431800.0,5.766,360,740-779,<=60,20-35,NC,PURCHASE,OWNER,SFR,AlphaServ,2024
LN103219,2023-01,184200.0,5.68,360,680-739,85-95,<=20,FL,PURCHASE,INVESTOR,SFR,AlphaServ,2023
LN103220,2023-12,366500.0,7.144,360,620-679,60-75,20-35,NY,PURCHASE,OWNER,CONDO,AlphaServ,2023
LN103221,2022-05,129800.0,4.323,360,780+,85-95,20-35,CA,PURCHASE,OWNER,SFR,DeltaHome,2022
LN103222,2024-03,172600.0,7.401,360,<620,>95,20-35,AZ,REFINANCE,OWNER,MULTI_2_4,AlphaServ,2024
LN103223,2024-03,270100.0,6.724,360,680-739,60-75,35-43,AZ,PURCHASE,OWNER,SFR,AlphaServ,2024
LN103224,2023-08,344000.0,6.306,360,780+,75-85,>43,PA,REFINANCE,OWNER,SFR,DeltaHome,2023
LN103225,2024-03,543400.0,6.428,360,680-739,75-85,20-35,AZ,PURCHASE,OWNER,CONDO,EagleTrust,2024
LN103226,2023-07,229100.0,6.54,360,620-679,75-85,35-43,GA,REFINANCE,OWNER,SFR,DeltaHome,2023
LN103227,2022-10,172900.0,5.749,360,680-739,60-75,>43,CA,REFINANCE,OWNER,SFR,BetaLoan,2022
LN103228,2024-01,168900.0,6.754,360,680-739,75-85,20-35,CA,REFINANCE,OWNER,SFR,AlphaServ,2024
LN103229,2024-06,187300.0,6.949,180,620-679,85-95,20-35,MI,PURCHASE,OWNER,TOWNHOUSE,DeltaHome,2024
LN103230,2024-06,693500.0,6.612,360,680-739,>95,35-43,IL,REFINANCE,INVESTOR,SFR,CasaMortgage,2024
LN103231,2022-03,358800.0,4.7,360,680-739,85-95,20-35,TX,CASHOUT_REFI,SECOND_HOME,SFR,AlphaServ,2022
LN103232,2023-11,421100.0,6.681,360,680-739,75-85,>43,CA,REFINANCE,OWNER,CONDO,EagleTrust,2023
LN103233,2021-07,229200.0,4.625,360,620-679,60-75,20-35,WA,PURCHASE,INVESTOR,SFR,CasaMortgage,2021
LN103234,2023-07,255100.0,5.715,240,780+,<=60,>43,CA,PURCHASE,OWNER,SFR,CasaMortgage,2023
LN103235,2023-06,349600.0,6.252,360,680-739,75-85,<=20,FL,REFINANCE,OWNER,SFR,BetaLoan,2023
LN103236,2022-10,203300.0,5.489,360,740-779,75-85,35-43,NC,PURCHASE,OWNER,CONDO,AlphaServ,2022
LN103237,2024-12,223900.0,6.612,360,680-739,85-95,20-35,GA,REFINANCE,OWNER,SFR,CasaMortgage,2024
LN103238,2024-08,188400.0,7.784,360,<620,75-85,<=20,CA,CASHOUT_REFI,OWNER,SFR,BetaLoan,2024
LN103239,2021-08,208700.0,4.129,360,680-739,60-75,<=20,GA,PURCHASE,OWNER,SFR,AlphaServ,2021
LN103240,2022-03,260900.0,4.456,360,680-739,60-75,20-35,FL,PURCHASE,INVESTOR,CONDO,AlphaServ,2022
LN103241,2022-03,176400.0,4.377,360,680-739,75-85,20-35,TX,PURCHASE,OWNER,CONDO,DeltaHome,2022
LN103242,2024-08,290300.0,6.209,360,740-779,60-75,<=20,GA,PURCHASE,OWNER,SFR,EagleTrust,2024
LN103243,2023-04,290100.0,5.864,360,780+,60-75,35-43,AZ,PURCHASE,OWNER,SFR,AlphaServ,2023
LN103244,2024-01,235500.0,6.292,180,740-779,<=60,20-35,MI,PURCHASE,OWNER,SFR,AlphaServ,2024
LN103245,2024-05,175900.0,6.343,180,680-739,75-85,20-35,TX,PURCHASE,OWNER,SFR,CasaMortgage,2024
LN103246,2024-03,267600.0,6.421,360,680-739,60-75,20-35,TX,PURCHASE,OWNER,SFR,CasaMortgage,2024
LN103247,2021-10,203400.0,4.3,360,740-779,>95,35-43,IL,PURCHASE,OWNER,SFR,BetaLoan,2021
LN103248,2021-12,260700.0,4.146,360,680-739,85-95,35-43,CA,PURCHASE,OWNER,CONDO,BetaLoan,2021
LN103249,2022-11,418400.0,5.323,240,740-779,60-75,20-35,CA,PURCHASE,OWNER,TOWNHOUSE,EagleTrust,2022
LN103250,2022-09,145200.0,4.96,360,780+,85-95,35-43,TX,CASHOUT_REFI,OWNER,CONDO,AlphaServ,2022
LN103251,2024-02,678800.0,6.931,360,620-679,75-85,35-43,CA,PURCHASE,OWNER,SFR,DeltaHome,2024
LN103252,2022-01,247100.0,3.443,360,780+,>95,20-35,OH,PURCHASE,OWNER,SFR,BetaLoan,2022
LN103253,2022-10,307200.0,4.718,360,780+,75-85,<=20,CA,REFINANCE,OWNER,MULTI_2_4,AlphaServ,2022
LN103254,2022-04,181900.0,4.482,360,680-739,60-75,<=20,TX,PURCHASE,OWNER,CONDO,DeltaHome,2022
LN103255,2022-02,426800.0,3.697,360,780+,60-75,35-43,CA,CASHOUT_REFI,OWNER,SFR,EagleTrust,2022
LN103256,2022-02,241200.0,5.111,360,620-679,>95,>43,OH,PURCHASE,INVESTOR,TOWNHOUSE,DeltaHome,2022
LN103257,2022-03,213800.0,5.592,360,<620,>95,<=20,FL,PURCHASE,INVESTOR,SFR,CasaMortgage,2022
LN103258,2023-06,197000.0,6.523,360,680-739,75-85,20-35,CA,PURCHASE,OWNER,SFR,CasaMortgage,2023
LN103259,2022-12,226200.0,5.246,360,740-779,75-85,20-35,FL,REFINANCE,OWNER,SFR,AlphaServ,2022
LN103260,2023-01,308100.0,5.788,180,680-739,75-85,20-35,CA,PURCHASE,OWNER,SFR,AlphaServ,2023
LN103261,2023-03,275900.0,5.735,360,780+,85-95,35-43,PA,PURCHASE,OWNER,SFR,DeltaHome,2023
LN103262,2024-02,250700.0,6.669,360,620-679,75-85,35-43,FL,PURCHASE,OWNER,SFR,CasaMortgage,2024
LN103263,2024-07,185300.0,7.326,360,620-679,<=60,>43,GA,REFINANCE,OWNER,SFR,BetaLoan,2024
LN103264,2023-05,180600.0,6.135,360,740-779,60-75,20-35,NC,CASHOUT_REFI,INVESTOR,MULTI_2_4,CasaMortgage,2023
LN103265,2023-09,207400.0,7.436,360,<620,75-85,35-43,OH,PURCHASE,OWNER,MULTI_2_4,BetaLoan,2023
LN103266,2024-02,314000.0,6.175,360,740-779,60-75,>43,OH,PURCHASE,SECOND_HOME,SFR,EagleTrust,2024
LN103267,2023-11,343900.0,6.29,360,680-739,85-95,35-43,NY,REFINANCE,INVESTOR,CONDO,AlphaServ,2023
LN103268,2021-12,365400.0,3.918,360,780+,>95,>43,NY,PURCHASE,OWNER,SFR,AlphaServ,2021
LN103269,2024-12,255100.0,6.469,360,740-779,60-75,20-35,FL,REFINANCE,SECOND_HOME,CONDO,AlphaServ,2024
LN103270,2022-01,303300.0,5.337,360,<620,85-95,<=20,CA,REFINANCE,OWNER,SFR,EagleTrust,2022
LN103271,2022-12,236600.0,6.223,360,620-679,85-95,<=20,FL,PURCHASE,OWNER,SFR,BetaLoan,2022
LN103272,2023-10,116500.0,7.019,360,620-679,75-85,35-43,IL,PURCHASE,OWNER,SFR,EagleTrust,2023
LN103273,2022-11,231600.0,5.108,360,780+,<=60,<=20,CA,PURCHASE,OWNER,CONDO,AlphaServ,2022
LN103274,2022-05,215600.0,4.558,360,740-779,75-85,35-43,AZ,REFINANCE,OWNER,SFR,AlphaServ,2022
LN103275,2024-09,159900.0,6.844,360,680-739,>95,20-35,CA,PURCHASE,OWNER,SFR,DeltaHome,2024
LN103276,2021-10,197700.0,4.683,360,620-679,75-85,35-43,TX,CASHOUT_REFI,OWNER,SFR,BetaLoan,2021
LN103277,2022-05,271200.0,4.293,360,780+,75-85,35-43,NC,PURCHASE,OWNER,SFR,CasaMortgage,2022
LN103278,2024-12,153300.0,6.751,360,620-679,<=60,20-35,PA,REFINANCE,OWNER,SFR,CasaMortgage,2024
LN103279,2024-01,185400.0,6.422,360,740-779,60-75,<=20,IL,REFINANCE,OWNER,SFR,CasaMortgage,2024
LN103280,2021-10,512200.0,3.895,360,740-779,75-85,35-43,OH,REFINANCE,OWNER,SFR,BetaLoan,2021
LN103281,2024-02,124100.0,7.006,180,620-679,75-85,>43,TX,PURCHASE,OWNER,CONDO,CasaMortgage,2024
LN103282,2024-11,235100.0,6.624,360,680-739,85-95,<=20,WA,PURCHASE,INVESTOR,SFR,CasaMortgage,2024
LN103283,2021-11,151000.0,4.639,180,620-679,75-85,20-35,GA,PURCHASE,OWNER,SFR,BetaLoan,2021
LN103284,2022-12,182000.0,5.777,360,680-739,60-75,35-43,CA,REFINANCE,OWNER,CONDO,CasaMortgage,2022
LN103285,2023-02,233500.0,5.481,240,780+,60-75,<=20,NC,REFINANCE,OWNER,SFR,AlphaServ,2023
LN103286,2021-12,163700.0,3.934,360,740-779,<=60,<=20,CA,REFINANCE,OWNER,SFR,AlphaServ,2021
LN103287,2022-03,330500.0,4.208,360,780+,60-75,35-43,NY,CASHOUT_REFI,OWNER,SFR,AlphaServ,2022
LN103288,2022-02,468800.0,3.988,180,680-739,60-75,35-43,IL,PURCHASE,SECOND_HOME,SFR,DeltaHome,2022
LN103289,2022-02,372800.0,4.96,360,620-679,85-95,20-35,NC,PURCHASE,OWNER,SFR,CasaMortgage,2022
LN103290,2022-11,404800.0,5.092,360,740-779,75-85,>43,WA,PURCHASE,INVESTOR,SFR,AlphaServ,2022
LN103291,2023-02,137200.0,6.153,240,680-739,85-95,35-43,FL,PURCHASE,SECOND_HOME,MULTI_2_4,DeltaHome,2023
LN103292,2022-04,228800.0,4.723,360,620-679,>95,<=20,NC,PURCHASE,INVESTOR,SFR,AlphaServ,2022
LN103293,2022-07,315000.0,4.928,360,680-739,<=60,20-35,NC,PURCHASE,OWNER,SFR,AlphaServ,2022
LN103294,2022-03,377800.0,4.32,360,740-779,85-95,35-43,TX,CASHOUT_REFI,INVESTOR,SFR,AlphaServ,2022
LN103295,2024-04,561900.0,6.278,360,740-779,<=60,35-43,GA,PURCHASE,OWNER,SFR,CasaMortgage,2024
LN103296,2022-03,412900.0,4.82,360,620-679,<=60,20-35,AZ,CASHOUT_REFI,OWNER,SFR,AlphaServ,2022
LN103297,2024-09,382100.0,6.465,360,740-779,60-75,20-35,OH,PURCHASE,OWNER,CONDO,CasaMortgage,2024
LN103298,2023-05,834900.0,5.99,360,680-739,<=60,20-35,IL,PURCHASE,INVESTOR,CONDO,DeltaHome,2023
LN103299,2024-04,266600.0,7.021,360,620-679,85-95,35-43,GA,REFINANCE,OWNER,TOWNHOUSE,BetaLoan,2024
LN103300,2023-09,224100.0,6.747,360,620-679,85-95,<=20,PA,PURCHASE,OWNER,SFR,DeltaHome,2023
LN103301,2022-06,276500.0,4.73,360,740-779,75-85,35-43,TX,PURCHASE,OWNER,SFR,AlphaServ,2022
LN103302,2023-08,169100.0,6.312,360,680-739,75-85,20-35,TX,REFINANCE,OWNER,SFR,CasaMortgage,2023
LN103303,2022-06,263100.0,4.893,360,680-739,85-95,<=20,GA,CASHOUT_REFI,OWNER,SFR,DeltaHome,2022
LN103304,2021-11,117400.0,4.579,360,620-679,85-95,<=20,CA,REFINANCE,INVESTOR,SFR,BetaLoan,2021
LN103305,2022-05,201100.0,4.456,240,740-779,85-95,35-43,PA,PURCHASE,OWNER,CONDO,DeltaHome,2022
LN103306,2022-06,242300.0,4.619,360,740-779,85-95,20-35,FL,REFINANCE,OWNER,SFR,CasaMortgage,2022
LN103307,2021-12,391300.0,4.305,240,680-739,60-75,20-35,CA,REFINANCE,OWNER,TOWNHOUSE,AlphaServ,2021
LN103308,2021-07,420800.0,3.55,180,780+,75-85,20-35,MI,PURCHASE,OWNER,SFR,EagleTrust,2021
LN103309,2024-10,165400.0,7.322,360,<620,75-85,20-35,TX,CASHOUT_REFI,OWNER,CONDO,AlphaServ,2024
LN103310,2023-04,649700.0,6.586,180,620-679,<=60,>43,NY,PURCHASE,OWNER,SFR,DeltaHome,2023
LN103311,2022-11,272900.0,5.064,360,740-779,85-95,20-35,NY,PURCHASE,OWNER,SFR,AlphaServ,2022
LN103312,2024-10,284400.0,6.315,360,740-779,>95,20-35,PA,REFINANCE,OWNER,TOWNHOUSE,BetaLoan,2024
LN103313,2022-04,123300.0,5.05,240,620-679,>95,35-43,TX,PURCHASE,SECOND_HOME,SFR,CasaMortgage,2022
LN103314,2022-11,193100.0,5.173,360,680-739,60-75,20-35,GA,PURCHASE,OWNER,SFR,CasaMortgage,2022
LN103315,2024-06,409400.0,7.036,180,620-679,<=60,20-35,WA,PURCHASE,OWNER,MULTI_2_4,CasaMortgage,2024
LN103316,2023-09,275500.0,6.766,360,680-739,<=60,<=20,OH,CASHOUT_REFI,OWNER,SFR,AlphaServ,2023
LN103317,2022-11,267900.0,5.258,360,740-779,85-95,35-43,CA,PURCHASE,OWNER,CONDO,BetaLoan,2022
LN103318,2022-05,282700.0,4.3,360,780+,75-85,>43,FL,CASHOUT_REFI,OWNER,SFR,CasaMortgage,2022
LN103319,2021-08,133300.0,3.965,360,680-739,85-95,20-35,OH,REFINANCE,OWNER,SFR,BetaLoan,2021
LN103320,2021-10,244400.0,4.306,360,740-779,>95,<=20,FL,PURCHASE,INVESTOR,SFR,BetaLoan,2021
LN103321,2022-01,481100.0,4.474,180,740-779,60-75,<=20,IL,PURCHASE,OWNER,CONDO,AlphaServ,2022
LN103322,2024-04,416200.0,7.315,360,620-679,60-75,20-35,OH,REFINANCE,OWNER,SFR,CasaMortgage,2024
LN103323,2023-09,241300.0,7.238,360,620-679,85-95,20-35,NC,CASHOUT_REFI,OWNER,SFR,BetaLoan,2023
LN103324,2023-01,515900.0,5.172,360,780+,60-75,20-35,GA,PURCHASE,OWNER,SFR,AlphaServ,2023
LN103325,2024-03,144800.0,6.769,360,620-679,75-85,20-35,NC,PURCHASE,OWNER,CONDO,BetaLoan,2024
LN103326,2022-01,164800.0,4.581,240,740-779,75-85,20-35,TX,PURCHASE,OWNER,SFR,BetaLoan,2022
LN103327,2022-03,590400.0,4.919,360,620-679,75-85,20-35,NY,PURCHASE,OWNER,SFR,CasaMortgage,2022
LN103328,2022-11,331100.0,5.127,360,740-779,>95,>43,PA,PURCHASE,OWNER,SFR,AlphaServ,2022
LN103329,2024-09,224100.0,7.051,360,620-679,<=60,20-35,MI,PURCHASE,OWNER,SFR,AlphaServ,2024
LN103330,2023-08,249000.0,5.714,360,780+,75-85,>43,TX,PURCHASE,SECOND_HOME,SFR,BetaLoan,2023
LN103331,2024-06,177600.0,6.349,360,740-779,>95,20-35,CA,REFINANCE,OWNER,TOWNHOUSE,EagleTrust,2024
LN103332,2022-05,289100.0,5.019,180,620-679,60-75,<=20,GA,PURCHASE,OWNER,SFR,AlphaServ,2022
LN103333,2024-06,279000.0,6.464,360,740-779,85-95,20-35,NY,PURCHASE,OWNER,CONDO,AlphaServ,2024
LN103334,2021-10,257500.0,3.722,360,740-779,>95,>43,NY,PURCHASE,OWNER,SFR,DeltaHome,2021
LN103335,2022-04,151500.0,4.44,360,680-739,60-75,35-43,CA,PURCHASE,INVESTOR,SFR,DeltaHome,2022
LN103336,2023-04,287500.0,5.975,360,680-739,<=60,20-35,NY,PURCHASE,OWNER,SFR,BetaLoan,2023
LN103337,2021-09,201100.0,3.893,360,740-779,<=60,<=20,TX,REFINANCE,OWNER,TOWNHOUSE,DeltaHome,2021
LN103338,2024-07,163800.0,6.183,360,740-779,<=60,20-35,CA,REFINANCE,OWNER,TOWNHOUSE,CasaMortgage,2024
LN103339,2024-07,451400.0,7.153,180,620-679,60-75,<=20,NY,PURCHASE,OWNER,SFR,AlphaServ,2024
LN103340,2023-05,677600.0,5.721,360,780+,<=60,20-35,PA,REFINANCE,OWNER,SFR,CasaMortgage,2023
LN103341,2022-07,611800.0,5.134,180,680-739,75-85,>43,AZ,CASHOUT_REFI,OWNER,SFR,AlphaServ,2022
LN103342,2021-11,342000.0,4.964,360,<620,85-95,35-43,TX,REFINANCE,OWNER,CONDO,BetaLoan,2021
LN103343,2023-08,226500.0,6.086,360,740-779,60-75,35-43,TX,REFINANCE,OWNER,MULTI_2_4,BetaLoan,2023
LN103344,2023-05,247300.0,6.622,360,620-679,75-85,20-35,CA,REFINANCE,OWNER,TOWNHOUSE,BetaLoan,2023
LN103345,2024-02,306400.0,6.841,360,620-679,<=60,<=20,AZ,PURCHASE,OWNER,SFR,EagleTrust,2024
LN103346,2023-08,211300.0,6.326,360,680-739,85-95,<=20,CA,CASHOUT_REFI,OWNER,SFR,DeltaHome,2023
LN103347,2021-12,462100.0,4.369,360,680-739,60-75,35-43,WA,PURCHASE,OWNER,SFR,CasaMortgage,2021
LN103348,2021-12,102100.0,4.392,360,620-679,<=60,20-35,GA,PURCHASE,OWNER,SFR,AlphaServ,2021
LN103349,2024-03,223400.0,6.216,360,740-779,>95,20-35,MI,PURCHASE,OWNER,SFR,AlphaServ,2024
LN103350,2022-01,366000.0,4.348,360,680-739,85-95,<=20,TX,PURCHASE,OWNER,SFR,CasaMortgage,2022
LN103351,2024-10,174500.0,6.014,240,740-779,75-85,20-35,GA,REFINANCE,INVESTOR,SFR,EagleTrust,2024
LN103352,2021-11,229100.0,3.562,360,740-779,85-95,<=20,CA,PURCHASE,OWNER,SFR,AlphaServ,2021
LN103353,2024-01,333400.0,6.558,360,680-739,75-85,20-35,GA,CASHOUT_REFI,OWNER,CONDO,EagleTrust,2024
LN103354,2024-11,505500.0,6.743,360,620-679,60-75,>43,GA,REFINANCE,OWNER,CONDO,BetaLoan,2024
LN103355,2023-01,142600.0,5.222,360,740-779,75-85,35-43,PA,CASHOUT_REFI,OWNER,SFR,BetaLoan,2023
LN103356,2021-09,137900.0,4.382,360,620-679,85-95,35-43,GA,REFINANCE,OWNER,TOWNHOUSE,CasaMortgage,2021
LN103357,2024-07,166800.0,7.039,360,620-679,>95,35-43,WA,REFINANCE,OWNER,CONDO,EagleTrust,2024
LN103358,2022-02,127800.0,4.024,180,780+,75-85,20-35,IL,CASHOUT_REFI,OWNER,SFR,AlphaServ,2022
LN103359,2023-05,131900.0,5.883,360,740-779,60-75,20-35,OH,CASHOUT_REFI,OWNER,CONDO,EagleTrust,2023
LN103360,2024-12,164800.0,6.698,360,680-739,85-95,20-35,CA,REFINANCE,OWNER,CONDO,AlphaServ,2024
LN103361,2024-02,444700.0,7.608,360,<620,85-95,<=20,CA,PURCHASE,OWNER,SFR,DeltaHome,2024
LN103362,2021-08,221800.0,4.274,360,620-679,60-75,35-43,TX,PURCHASE,INVESTOR,SFR,CasaMortgage,2021
LN103363,2024-05,258900.0,6.496,360,680-739,75-85,35-43,CA,PURCHASE,OWNER,SFR,BetaLoan,2024
LN103364,2022-01,166000.0,3.686,360,740-779,<=60,20-35,CA,PURCHASE,OWNER,SFR,BetaLoan,2022
LN103365,2024-02,339500.0,6.83,180,680-739,75-85,20-35,TX,PURCHASE,OWNER,MULTI_2_4,EagleTrust,2024
LN103366,2023-09,593700.0,7.273,360,<620,85-95,<=20,TX,PURCHASE,OWNER,TOWNHOUSE,DeltaHome,2023
LN103367,2022-07,171200.0,5.815,360,620-679,60-75,<=20,NC,REFINANCE,OWNER,CONDO,EagleTrust,2022
LN103368,2022-12,554700.0,5.325,360,740-779,75-85,20-35,IL,CASHOUT_REFI,OWNER,SFR,AlphaServ,2022
LN103369,2021-11,300700.0,3.897,360,740-779,60-75,>43,AZ,PURCHASE,OWNER,SFR,BetaLoan,2021
LN103370,2024-12,257200.0,7.497,360,<620,60-75,<=20,FL,CASHOUT_REFI,INVESTOR,SFR,AlphaServ,2024
LN103371,2022-05,305600.0,5.987,360,<620,85-95,>43,CA,CASHOUT_REFI,OWNER,SFR,BetaLoan,2022
LN103372,2022-07,304300.0,5.371,240,680-739,75-85,20-35,PA,REFINANCE,OWNER,SFR,EagleTrust,2022
LN103373,2023-04,588700.0,6.544,240,620-679,85-95,20-35,PA,REFINANCE,OWNER,SFR,CasaMortgage,2023
LN103374,2023-11,322600.0,6.513,360,680-739,85-95,<=20,FL,CASHOUT_REFI,OWNER,MULTI_2_4,DeltaHome,2023
LN103375,2023-04,325600.0,6.436,360,620-679,85-95,<=20,CA,PURCHASE,OWNER,SFR,AlphaServ,2023
LN103376,2023-04,211200.0,6.179,180,740-779,60-75,20-35,AZ,PURCHASE,OWNER,SFR,BetaLoan,2023
LN103377,2023-07,372300.0,6.183,360,740-779,75-85,20-35,WA,PURCHASE,OWNER,SFR,EagleTrust,2023
LN103378,2024-07,165900.0,5.982,360,780+,60-75,20-35,WA,PURCHASE,OWNER,SFR,BetaLoan,2024
LN103379,2022-11,268100.0,5.245,360,780+,85-95,20-35,NY,CASHOUT_REFI,OWNER,SFR,BetaLoan,2022
LN103380,2024-05,934200.0,7.124,360,620-679,75-85,<=20,CA,PURCHASE,OWNER,SFR,AlphaServ,2024
LN103381,2024-04,82700.0,7.378,360,<620,<=60,20-35,FL,PURCHASE,OWNER,TOWNHOUSE,CasaMortgage,2024
LN103382,2024-11,283500.0,6.828,360,620-679,75-85,35-43,OH,CASHOUT_REFI,INVESTOR,CONDO,AlphaServ,2024
LN103383,2024-09,288400.0,6.056,360,740-779,85-95,35-43,CA,REFINANCE,SECOND_HOME,CONDO,CasaMortgage,2024
LN103384,2024-04,230400.0,7.709,360,<620,60-75,<=20,TX,PURCHASE,OWNER,MULTI_2_4,AlphaServ,2024
LN103385,2022-05,232800.0,4.669,180,680-739,75-85,35-43,WA,REFINANCE,OWNER,SFR,BetaLoan,2022
LN103386,2024-03,266000.0,6.778,180,620-679,85-95,<=20,CA,PURCHASE,OWNER,CONDO,BetaLoan,2024
LN103387,2024-01,227900.0,7.237,360,620-679,<=60,35-43,CA,PURCHASE,INVESTOR,SFR,BetaLoan,2024
LN103388,2022-07,282100.0,4.78,360,740-779,75-85,20-35,OH,CASHOUT_REFI,OWNER,SFR,AlphaServ,2022
LN103389,2023-11,205000.0,5.84,360,740-779,85-95,35-43,WA,REFINANCE,OWNER,CONDO,CasaMortgage,2023
LN103390,2022-05,634200.0,4.894,360,680-739,<=60,<=20,WA,CASHOUT_REFI,OWNER,SFR,AlphaServ,2022
LN103391,2023-04,227900.0,5.292,360,780+,60-75,35-43,TX,PURCHASE,OWNER,SFR,BetaLoan,2023
LN103392,2024-04,329800.0,7.354,360,<620,75-85,35-43,GA,PURCHASE,SECOND_HOME,SFR,AlphaServ,2024
LN103393,2022-02,188900.0,4.932,240,620-679,75-85,<=20,WA,REFINANCE,OWNER,TOWNHOUSE,AlphaServ,2022
LN103394,2022-09,388400.0,5.373,360,680-739,85-95,<=20,GA,PURCHASE,OWNER,TOWNHOUSE,CasaMortgage,2022
LN103395,2024-04,355100.0,6.462,360,680-739,75-85,35-43,TX,CASHOUT_REFI,OWNER,CONDO,EagleTrust,2024
LN103396,2023-02,308300.0,5.404,360,740-779,75-85,20-35,NC,PURCHASE,OWNER,SFR,EagleTrust,2023
LN103397,2024-11,160800.0,7.745,360,<620,75-85,35-43,IL,CASHOUT_REFI,OWNER,SFR,AlphaServ,2024
LN103398,2021-07,181900.0,3.827,360,780+,<=60,<=20,IL,PURCHASE,OWNER,SFR,CasaMortgage,2021
LN103399,2024-01,545100.0,6.918,360,620-679,75-85,20-35,IL,CASHOUT_REFI,OWNER,SFR,EagleTrust,2024
LN103400,2024-05,181000.0,6.991,240,620-679,60-75,35-43,CA,CASHOUT_REFI,OWNER,SFR,BetaLoan,2024
LN103401,2024-09,340600.0,6.433,360,680-739,>95,20-35,MI,CASHOUT_REFI,OWNER,SFR,DeltaHome,2024
LN103402,2022-01,166900.0,3.814,360,780+,<=60,<=20,FL,REFINANCE,OWNER,SFR,AlphaServ,2022
LN103403,2024-12,401800.0,6.491,360,680-739,<=60,<=20,TX,PURCHASE,SECOND_HOME,SFR,EagleTrust,2024
LN103404,2022-11,187400.0,5.209,360,780+,85-95,35-43,NY,PURCHASE,OWNER,SFR,CasaMortgage,2022
LN103405,2022-09,165500.0,5.392,360,620-679,<=60,20-35,GA,REFINANCE,OWNER,SFR,CasaMortgage,2022
LN103406,2022-09,185200.0,5.068,360,740-779,75-85,20-35,OH,PURCHASE,OWNER,CONDO,CasaMortgage,2022
LN103407,2023-09,198900.0,6.235,360,780+,>95,20-35,PA,PURCHASE,OWNER,SFR,EagleTrust,2023
LN103408,2023-10,306200.0,6.429,360,680-739,85-95,20-35,PA,PURCHASE,OWNER,SFR,BetaLoan,2023
LN103409,2023-02,263300.0,5.76,360,680-739,60-75,<=20,GA,PURCHASE,OWNER,SFR,AlphaServ,2023
LN103410,2021-09,155900.0,3.824,360,780+,60-75,20-35,OH,REFINANCE,INVESTOR,SFR,BetaLoan,2021
LN103411,2024-12,252100.0,6.69,240,620-679,75-85,<=20,OH,REFINANCE,OWNER,CONDO,EagleTrust,2024
LN103412,2022-04,152600.0,4.409,360,680-739,75-85,>43,NY,REFINANCE,OWNER,SFR,EagleTrust,2022
LN103413,2021-10,341000.0,3.341,360,780+,<=60,35-43,IL,REFINANCE,SECOND_HOME,SFR,AlphaServ,2021
LN103414,2023-08,370300.0,5.998,180,780+,60-75,35-43,IL,CASHOUT_REFI,OWNER,SFR,AlphaServ,2023
LN103415,2022-12,252500.0,4.971,360,780+,85-95,35-43,PA,PURCHASE,OWNER,SFR,DeltaHome,2022
LN103416,2023-08,288400.0,5.602,240,780+,60-75,<=20,MI,REFINANCE,OWNER,SFR,CasaMortgage,2023
LN103417,2024-07,561500.0,7.512,360,<620,85-95,35-43,TX,PURCHASE,OWNER,SFR,CasaMortgage,2024
LN103418,2021-11,237800.0,3.531,360,780+,60-75,20-35,WA,PURCHASE,OWNER,SFR,CasaMortgage,2021
LN103419,2022-06,166900.0,4.992,360,680-739,75-85,35-43,WA,PURCHASE,OWNER,MULTI_2_4,AlphaServ,2022
LN103420,2023-04,331300.0,5.928,360,740-779,75-85,>43,TX,PURCHASE,OWNER,SFR,BetaLoan,2023
LN103421,2024-04,153300.0,6.608,360,680-739,60-75,20-35,WA,REFINANCE,OWNER,SFR,BetaLoan,2024
LN103422,2023-08,232200.0,5.966,360,740-779,75-85,35-43,IL,REFINANCE,INVESTOR,SFR,CasaMortgage,2023
LN103423,2022-11,194900.0,5.413,360,740-779,<=60,20-35,TX,REFINANCE,OWNER,CONDO,CasaMortgage,2022
LN103424,2023-08,186100.0,5.65,360,780+,85-95,>43,NC,REFINANCE,OWNER,TOWNHOUSE,DeltaHome,2023
LN103425,2024-12,228100.0,7.093,360,620-679,85-95,20-35,CA,PURCHASE,OWNER,SFR,BetaLoan,2024
LN103426,2023-03,382700.0,6.399,240,620-679,60-75,20-35,NC,PURCHASE,OWNER,TOWNHOUSE,CasaMortgage,2023
LN103427,2024-08,419800.0,6.557,180,680-739,75-85,>43,PA,PURCHASE,OWNER,TOWNHOUSE,AlphaServ,2024
LN103428,2024-03,387200.0,7.555,240,<620,>95,<=20,FL,PURCHASE,SECOND_HOME,TOWNHOUSE,CasaMortgage,2024
LN103429,2022-07,297000.0,4.948,360,740-779,75-85,20-35,FL,PURCHASE,INVESTOR,SFR,BetaLoan,2022
LN103430,2022-05,227300.0,4.815,180,680-739,60-75,20-35,TX,PURCHASE,OWNER,CONDO,BetaLoan,2022
LN103431,2024-03,88300.0,6.507,360,680-739,85-95,20-35,NY,PURCHASE,SECOND_HOME,SFR,CasaMortgage,2024
LN103432,2022-03,301200.0,5.546,180,<620,<=60,<=20,OH,PURCHASE,OWNER,SFR,AlphaServ,2022
LN103433,2022-09,91500.0,5.896,180,620-679,85-95,<=20,MI,PURCHASE,OWNER,SFR,DeltaHome,2022
LN103434,2022-04,107400.0,4.53,360,740-779,60-75,20-35,AZ,PURCHASE,SECOND_HOME,SFR,DeltaHome,2022
LN103435,2023-08,237300.0,6.447,360,680-739,85-95,20-35,OH,PURCHASE,OWNER,SFR,AlphaServ,2023
LN103436,2022-07,287500.0,5.46,240,620-679,75-85,>43,IL,PURCHASE,OWNER,SFR,BetaLoan,2022
LN103437,2023-10,208400.0,6.963,360,620-679,<=60,35-43,FL,PURCHASE,OWNER,SFR,DeltaHome,2023
LN103438,2024-10,509400.0,7.095,360,620-679,85-95,20-35,OH,REFINANCE,OWNER,SFR,AlphaServ,2024
LN103439,2024-05,314300.0,6.575,360,680-739,75-85,20-35,CA,PURCHASE,OWNER,CONDO,AlphaServ,2024
LN103440,2024-10,228200.0,6.974,360,620-679,60-75,>43,IL,PURCHASE,OWNER,TOWNHOUSE,DeltaHome,2024
LN103441,2021-08,476300.0,4.115,360,680-739,85-95,20-35,IL,REFINANCE,INVESTOR,SFR,BetaLoan,2021
LN103442,2023-02,516200.0,5.389,360,740-779,75-85,>43,GA,REFINANCE,OWNER,SFR,BetaLoan,2023
LN103443,2022-04,321500.0,4.538,360,680-739,<=60,>43,CA,REFINANCE,INVESTOR,SFR,BetaLoan,2022
LN103444,2024-09,180100.0,6.745,180,680-739,75-85,>43,NY,PURCHASE,OWNER,SFR,EagleTrust,2024
LN103445,2023-12,199300.0,7.305,240,620-679,>95,20-35,MI,CASHOUT_REFI,INVESTOR,SFR,AlphaServ,2023
LN103446,2022-08,133100.0,4.671,360,780+,60-75,<=20,MI,PURCHASE,OWNER,CONDO,BetaLoan,2022
LN103447,2023-06,250400.0,6.276,360,680-739,85-95,35-43,OH,CASHOUT_REFI,OWNER,CONDO,BetaLoan,2023
LN103448,2023-08,159100.0,6.315,180,680-739,75-85,20-35,AZ,REFINANCE,SECOND_HOME,SFR,EagleTrust,2023
LN103449,2023-03,220100.0,5.114,360,780+,<=60,20-35,MI,PURCHASE,OWNER,SFR,AlphaServ,2023
LN103450,2023-02,287000.0,5.925,360,740-779,85-95,20-35,MI,PURCHASE,OWNER,SFR,EagleTrust,2023
LN103451,2021-09,104500.0,3.69,360,740-779,75-85,35-43,MI,PURCHASE,OWNER,SFR,BetaLoan,2021
LN103452,2023-02,144500.0,5.145,360,780+,85-95,20-35,NC,REFINANCE,OWNER,CONDO,BetaLoan,2023
LN103453,2022-09,203200.0,6.253,360,<620,75-85,20-35,PA,CASHOUT_REFI,OWNER,SFR,CasaMortgage,2022
LN103454,2024-05,249300.0,6.303,360,740-779,<=60,35-43,CA,CASHOUT_REFI,OWNER,SFR,BetaLoan,2024
LN103455,2024-07,204400.0,6.978,360,680-739,<=60,<=20,IL,CASHOUT_REFI,OWNER,SFR,AlphaServ,2024
LN103456,2024-02,226000.0,7.074,360,620-679,60-75,35-43,PA,PURCHASE,OWNER,SFR,DeltaHome,2024
LN103457,2021-08,185800.0,4.779,360,620-679,75-85,35-43,CA,PURCHASE,OWNER,TOWNHOUSE,AlphaServ,2021
LN103458,2024-06,133000.0,7.63,360,<620,>95,35-43,CA,REFINANCE,OWNER,SFR,DeltaHome,2024
LN103459,2022-11,200700.0,4.968,360,780+,85-95,35-43,NY,PURCHASE,SECOND_HOME,SFR,EagleTrust,2022
LN103460,2022-12,231900.0,6.56,360,620-679,85-95,20-35,OH,PURCHASE,OWNER,SFR,BetaLoan,2022
LN103461,2024-10,222000.0,7.241,360,620-679,75-85,35-43,NC,PURCHASE,OWNER,SFR,AlphaServ,2024
LN103462,2024-07,268400.0,6.399,360,740-779,<=60,20-35,OH,PURCHASE,OWNER,SFR,AlphaServ,2024
LN103463,2021-09,308200.0,4.034,360,740-779,85-95,35-43,TX,REFINANCE,SECOND_HOME,SFR,DeltaHome,2021
LN103464,2022-10,346900.0,5.903,360,620-679,<=60,<=20,PA,PURCHASE,OWNER,SFR,AlphaServ,2022
LN103465,2024-02,191900.0,6.33,360,740-779,<=60,35-43,TX,PURCHASE,INVESTOR,TOWNHOUSE,BetaLoan,2024
LN103466,2023-05,125600.0,6.317,360,680-739,60-75,<=20,PA,PURCHASE,OWNER,SFR,DeltaHome,2023
LN103467,2022-05,452400.0,4.648,240,780+,>95,<=20,IL,REFINANCE,OWNER,SFR,AlphaServ,2022
LN103468,2023-05,303600.0,6.851,360,620-679,85-95,20-35,CA,PURCHASE,OWNER,SFR,BetaLoan,2023
LN103469,2024-07,166100.0,7.495,360,<620,<=60,<=20,IL,PURCHASE,OWNER,CONDO,CasaMortgage,2024
LN103470,2022-04,289200.0,4.395,360,740-779,>95,20-35,GA,PURCHASE,OWNER,TOWNHOUSE,CasaMortgage,2022
LN103471,2024-02,412800.0,6.706,240,620-679,85-95,35-43,AZ,PURCHASE,OWNER,CONDO,BetaLoan,2024
LN103472,2024-01,555800.0,6.599,360,680-739,75-85,20-35,OH,REFINANCE,OWNER,SFR,BetaLoan,2024
LN103473,2024-08,285700.0,7.597,180,<620,<=60,35-43,WA,PURCHASE,OWNER,SFR,AlphaServ,2024
LN103474,2022-07,411200.0,4.799,360,740-779,60-75,35-43,NY,REFINANCE,OWNER,SFR,CasaMortgage,2022
LN103475,2022-04,148100.0,4.191,360,780+,60-75,20-35,TX,REFINANCE,OWNER,MULTI_2_4,AlphaServ,2022
LN103476,2023-06,251200.0,5.681,360,780+,75-85,>43,NY,PURCHASE,INVESTOR,MULTI_2_4,BetaLoan,2023
LN103477,2023-05,219500.0,5.891,360,780+,75-85,20-35,GA,REFINANCE,OWNER,CONDO,AlphaServ,2023
LN103478,2022-12,297800.0,5.392,360,780+,60-75,<=20,CA,PURCHASE,OWNER,TOWNHOUSE,AlphaServ,2022
LN103479,2024-03,527000.0,6.613,240,680-739,60-75,20-35,CA,PURCHASE,OWNER,SFR,BetaLoan,2024
LN103480,2024-04,285600.0,6.619,360,680-739,75-85,35-43,GA,REFINANCE,OWNER,SFR,BetaLoan,2024
LN103481,2022-05,167400.0,4.264,360,780+,85-95,<=20,NY,PURCHASE,OWNER,CONDO,BetaLoan,2022
LN103482,2024-04,144600.0,6.16,360,780+,<=60,20-35,MI,REFINANCE,OWNER,SFR,AlphaServ,2024
LN103483,2022-04,535300.0,4.249,360,780+,85-95,20-35,TX,PURCHASE,OWNER,SFR,EagleTrust,2022
LN103484,2022-12,321600.0,5.11,360,740-779,>95,35-43,NY,PURCHASE,OWNER,SFR,AlphaServ,2022
LN103485,2021-08,312300.0,4.409,360,620-679,85-95,35-43,IL,PURCHASE,INVESTOR,TOWNHOUSE,AlphaServ,2021
LN103486,2022-09,218700.0,4.571,360,780+,75-85,20-35,WA,PURCHASE,OWNER,SFR,CasaMortgage,2022
LN103487,2024-11,287900.0,5.925,240,780+,85-95,20-35,CA,PURCHASE,OWNER,SFR,EagleTrust,2024
LN103488,2023-01,163700.0,5.751,360,740-779,85-95,35-43,TX,PURCHASE,OWNER,SFR,AlphaServ,2023
LN103489,2023-12,303800.0,5.875,180,780+,85-95,35-43,CA,REFINANCE,OWNER,SFR,AlphaServ,2023
LN103490,2021-11,150400.0,3.646,360,740-779,<=60,<=20,WA,CASHOUT_REFI,OWNER,CONDO,CasaMortgage,2021
LN103491,2023-09,217100.0,5.721,360,780+,<=60,35-43,CA,CASHOUT_REFI,OWNER,CONDO,BetaLoan,2023
LN103492,2022-10,191100.0,5.887,360,620-679,<=60,20-35,PA,CASHOUT_REFI,OWNER,TOWNHOUSE,AlphaServ,2022
LN103493,2024-02,58900.0,6.416,360,740-779,<=60,20-35,IL,REFINANCE,OWNER,SFR,AlphaServ,2024
LN103494,2024-09,218400.0,7.472,360,<620,85-95,20-35,MI,REFINANCE,SECOND_HOME,SFR,DeltaHome,2024
LN103495,2023-05,170300.0,5.851,360,680-739,60-75,35-43,FL,PURCHASE,SECOND_HOME,SFR,AlphaServ,2023
LN103496,2021-11,232200.0,4.506,360,620-679,85-95,35-43,IL,CASHOUT_REFI,OWNER,MULTI_2_4,CasaMortgage,2021
LN103497,2023-02,255400.0,6.24,240,680-739,85-95,20-35,WA,PURCHASE,OWNER,SFR,DeltaHome,2023
LN103498,2021-12,565600.0,4.714,360,620-679,75-85,35-43,CA,REFINANCE,OWNER,SFR,AlphaServ,2021
LN103499,2023-01,292800.0,4.955,360,780+,<=60,20-35,GA,REFINANCE,OWNER,TOWNHOUSE,CasaMortgage,2023
LN103500,2021-09,296700.0,3.984,360,680-739,60-75,20-35,WA,CASHOUT_REFI,OWNER,SFR,CasaMortgage,2021
LN103501,2023-09,319000.0,5.585,360,780+,<=60,35-43,CA,PURCHASE,OWNER,CONDO,BetaLoan,2023
LN103502,2022-08,377900.0,5.072,360,680-739,>95,<=20,PA,PURCHASE,OWNER,SFR,AlphaServ,2022
LN103503,2022-03,313100.0,5.468,360,<620,60-75,>43,TX,PURCHASE,OWNER,SFR,EagleTrust,2022
LN103504,2021-07,289700.0,3.731,360,740-779,<=60,35-43,TX,REFINANCE,OWNER,SFR,EagleTrust,2021
LN103505,2024-08,351500.0,6.212,360,740-779,<=60,35-43,TX,REFINANCE,OWNER,SFR,BetaLoan,2024
LN103506,2024-06,85600.0,6.977,360,680-739,75-85,20-35,NC,PURCHASE,OWNER,CONDO,BetaLoan,2024
LN103507,2024-05,653500.0,6.344,180,740-779,75-85,35-43,CA,CASHOUT_REFI,OWNER,SFR,BetaLoan,2024
LN103508,2021-09,522000.0,3.569,360,780+,>95,<=20,NY,PURCHASE,OWNER,SFR,DeltaHome,2021
LN103509,2022-09,281500.0,5.139,240,740-779,60-75,20-35,NC,CASHOUT_REFI,OWNER,SFR,EagleTrust,2022
LN103510,2024-11,135200.0,6.164,360,780+,<=60,20-35,CA,CASHOUT_REFI,OWNER,CONDO,AlphaServ,2024
LN103511,2023-07,440100.0,6.136,240,740-779,85-95,35-43,TX,CASHOUT_REFI,OWNER,SFR,CasaMortgage,2023
LN103512,2021-12,186800.0,4.491,360,740-779,60-75,35-43,CA,REFINANCE,OWNER,SFR,BetaLoan,2021
LN103513,2021-12,324600.0,4.162,240,680-739,60-75,20-35,CA,REFINANCE,OWNER,SFR,AlphaServ,2021
LN103514,2022-06,143300.0,6.02,180,<620,>95,<=20,NY,PURCHASE,OWNER,SFR,AlphaServ,2022
LN103515,2024-11,695200.0,7.133,360,620-679,75-85,20-35,IL,REFINANCE,OWNER,SFR,AlphaServ,2024
LN103516,2022-02,133400.0,3.892,360,740-779,75-85,>43,WA,PURCHASE,OWNER,SFR,BetaLoan,2022
LN103517,2024-08,263300.0,6.382,180,740-779,>95,35-43,NC,PURCHASE,OWNER,SFR,CasaMortgage,2024
LN103518,2023-11,98200.0,6.356,360,680-739,60-75,20-35,WA,PURCHASE,OWNER,SFR,CasaMortgage,2023
LN103519,2024-09,250600.0,6.582,360,680-739,<=60,>43,MI,PURCHASE,OWNER,SFR,EagleTrust,2024
LN103520,2024-05,210800.0,7.228,360,620-679,60-75,35-43,WA,PURCHASE,OWNER,MULTI_2_4,CasaMortgage,2024
LN103521,2022-08,425800.0,5.186,360,680-739,<=60,35-43,TX,REFINANCE,OWNER,SFR,AlphaServ,2022
LN103522,2024-05,210800.0,5.71,360,780+,75-85,20-35,TX,PURCHASE,OWNER,SFR,CasaMortgage,2024
LN103523,2022-02,426100.0,4.597,360,680-739,85-95,20-35,NY,PURCHASE,OWNER,SFR,AlphaServ,2022
LN103524,2022-07,161000.0,5.141,360,620-679,>95,20-35,IL,REFINANCE,OWNER,SFR,AlphaServ,2022
LN103525,2022-03,224800.0,4.463,360,680-739,85-95,35-43,PA,CASHOUT_REFI,INVESTOR,SFR,EagleTrust,2022
LN103526,2021-12,226900.0,4.52,360,680-739,>95,20-35,OH,PURCHASE,OWNER,TOWNHOUSE,AlphaServ,2021
LN103527,2021-10,319000.0,3.669,360,740-779,75-85,35-43,WA,CASHOUT_REFI,SECOND_HOME,SFR,BetaLoan,2021
LN103528,2022-02,301300.0,4.043,360,780+,60-75,35-43,FL,PURCHASE,OWNER,TOWNHOUSE,EagleTrust,2022
LN103529,2021-12,353300.0,3.866,360,740-779,60-75,20-35,OH,REFINANCE,OWNER,SFR,CasaMortgage,2021
LN103530,2022-10,287800.0,4.732,360,740-779,75-85,<=20,GA,CASHOUT_REFI,OWNER,SFR,BetaLoan,2022
LN103531,2021-09,343700.0,4.001,360,680-739,60-75,<=20,CA,PURCHASE,OWNER,TOWNHOUSE,BetaLoan,2021
LN103532,2021-09,170400.0,3.713,360,740-779,<=60,35-43,MI,CASHOUT_REFI,OWNER,SFR,AlphaServ,2021
LN103533,2024-12,304100.0,6.662,360,620-679,>95,20-35,GA,REFINANCE,OWNER,CONDO,DeltaHome,2024
LN103534,2021-10,526300.0,5.083,240,<620,<=60,<=20,TX,CASHOUT_REFI,OWNER,SFR,DeltaHome,2021
LN103535,2021-10,119900.0,3.693,240,780+,85-95,20-35,NY,PURCHASE,OWNER,SFR,EagleTrust,2021
LN103536,2021-08,318100.0,4.016,360,680-739,<=60,20-35,GA,PURCHASE,OWNER,SFR,DeltaHome,2021
LN103537,2021-12,346100.0,4.225,240,680-739,75-85,20-35,NC,REFINANCE,SECOND_HOME,SFR,BetaLoan,2021
LN103538,2023-05,492600.0,6.749,360,620-679,85-95,<=20,NY,PURCHASE,OWNER,SFR,AlphaServ,2023
LN103539,2024-05,353900.0,6.055,360,740-779,60-75,35-43,NC,REFINANCE,OWNER,CONDO,DeltaHome,2024
LN103540,2024-01,267000.0,7.191,360,620-679,<=60,20-35,TX,PURCHASE,OWNER,TOWNHOUSE,AlphaServ,2024
LN103541,2023-07,309800.0,6.248,360,680-739,75-85,20-35,FL,PURCHASE,OWNER,SFR,BetaLoan,2023
LN103542,2021-10,183400.0,3.614,360,780+,75-85,35-43,CA,PURCHASE,OWNER,SFR,CasaMortgage,2021
LN103543,2024-03,214400.0,6.428,180,680-739,60-75,<=20,IL,REFINANCE,OWNER,TOWNHOUSE,DeltaHome,2024
LN103544,2021-08,139900.0,3.379,360,780+,60-75,20-35,TX,PURCHASE,OWNER,SFR,DeltaHome,2021
LN103545,2023-09,498400.0,7.044,360,620-679,<=60,<=20,GA,PURCHASE,INVESTOR,SFR,BetaLoan,2023
LN103546,2022-12,312600.0,5.256,360,740-779,60-75,20-35,WA,REFINANCE,OWNER,SFR,AlphaServ,2022
LN103547,2024-08,169000.0,6.177,360,780+,85-95,35-43,WA,REFINANCE,OWNER,SFR,BetaLoan,2024
LN103548,2022-07,288400.0,5.097,360,680-739,60-75,35-43,FL,PURCHASE,OWNER,SFR,DeltaHome,2022
LN103549,2023-09,430100.0,6.115,360,740-779,75-85,35-43,NC,PURCHASE,OWNER,SFR,AlphaServ,2023
LN103550,2023-01,399000.0,6.034,360,680-739,85-95,>43,WA,REFINANCE,OWNER,CONDO,BetaLoan,2023
LN103551,2023-04,168100.0,5.862,360,740-779,85-95,35-43,IL,PURCHASE,OWNER,SFR,AlphaServ,2023
LN103552,2024-10,62300.0,5.652,360,780+,<=60,20-35,FL,REFINANCE,OWNER,SFR,CasaMortgage,2024
LN103553,2023-12,305000.0,6.137,360,740-779,75-85,35-43,CA,PURCHASE,OWNER,SFR,CasaMortgage,2023
LN103554,2022-12,171300.0,5.71,360,780+,75-85,35-43,TX,REFINANCE,OWNER,SFR,CasaMortgage,2022
LN103555,2023-01,337700.0,5.54,240,740-779,60-75,35-43,PA,PURCHASE,INVESTOR,SFR,AlphaServ,2023
LN103556,2023-12,391500.0,6.239,360,740-779,<=60,20-35,TX,PURCHASE,OWNER,SFR,CasaMortgage,2023
LN103557,2022-09,421300.0,5.484,360,680-739,85-95,>43,TX,PURCHASE,OWNER,SFR,AlphaServ,2022
LN103558,2022-02,559700.0,4.417,360,740-779,75-85,20-35,MI,PURCHASE,INVESTOR,SFR,BetaLoan,2022
LN103559,2023-02,445200.0,5.275,360,780+,<=60,35-43,PA,REFINANCE,OWNER,SFR,DeltaHome,2023
LN103560,2021-09,560900.0,3.836,360,740-779,75-85,20-35,TX,PURCHASE,INVESTOR,SFR,BetaLoan,2021
LN103561,2022-02,474800.0,4.854,360,620-679,60-75,35-43,NC,PURCHASE,OWNER,MULTI_2_4,DeltaHome,2022
LN103562,2022-12,493800.0,5.443,360,680-739,<=60,20-35,NY,CASHOUT_REFI,OWNER,TOWNHOUSE,DeltaHome,2022
LN103563,2024-04,250600.0,6.265,360,740-779,60-75,<=20,TX,PURCHASE,OWNER,SFR,BetaLoan,2024
LN103564,2024-03,142900.0,6.137,360,780+,60-75,20-35,IL,REFINANCE,OWNER,SFR,BetaLoan,2024
LN103565,2022-05,780000.0,5.132,180,620-679,75-85,20-35,MI,REFINANCE,OWNER,SFR,CasaMortgage,2022
LN103566,2022-12,262600.0,6.474,360,620-679,75-85,<=20,CA,CASHOUT_REFI,OWNER,CONDO,DeltaHome,2022
LN103567,2022-01,443700.0,4.512,180,680-739,<=60,35-43,CA,CASHOUT_REFI,SECOND_HOME,SFR,BetaLoan,2022
LN103568,2024-02,199300.0,7.55,360,<620,75-85,35-43,AZ,PURCHASE,OWNER,SFR,AlphaServ,2024
LN103569,2022-05,393900.0,4.274,360,780+,85-95,35-43,WA,CASHOUT_REFI,OWNER,CONDO,BetaLoan,2022
LN103570,2024-04,84900.0,6.741,180,680-739,75-85,20-35,IL,PURCHASE,OWNER,SFR,BetaLoan,2024
LN103571,2024-06,212200.0,6.559,240,680-739,<=60,20-35,CA,REFINANCE,INVESTOR,MULTI_2_4,EagleTrust,2024
LN103572,2023-11,244200.0,6.645,360,620-679,<=60,35-43,CA,PURCHASE,OWNER,CONDO,DeltaHome,2023
LN103573,2022-08,314300.0,4.936,360,680-739,>95,>43,CA,PURCHASE,OWNER,CONDO,DeltaHome,2022
LN103574,2024-11,413500.0,6.069,360,780+,60-75,<=20,FL,REFINANCE,OWNER,SFR,AlphaServ,2024
LN103575,2023-11,156000.0,6.762,240,680-739,60-75,<=20,NC,CASHOUT_REFI,OWNER,SFR,AlphaServ,2023
LN103576,2023-10,343500.0,7.319,360,<620,85-95,<=20,CA,PURCHASE,SECOND_HOME,CONDO,EagleTrust,2023
LN103577,2024-06,443300.0,7.167,360,620-679,85-95,20-35,CA,PURCHASE,OWNER,SFR,AlphaServ,2024
LN103578,2024-08,733600.0,6.166,240,780+,>95,35-43,NC,REFINANCE,OWNER,CONDO,CasaMortgage,2024
LN103579,2021-10,350800.0,3.893,360,780+,75-85,<=20,TX,REFINANCE,OWNER,SFR,DeltaHome,2021
LN103580,2024-08,207600.0,6.779,360,620-679,>95,35-43,TX,CASHOUT_REFI,OWNER,TOWNHOUSE,BetaLoan,2024
LN103581,2024-03,144000.0,6.387,360,680-739,<=60,<=20,OH,PURCHASE,INVESTOR,CONDO,AlphaServ,2024
LN103582,2022-03,581400.0,5.772,360,<620,85-95,<=20,CA,PURCHASE,OWNER,SFR,BetaLoan,2022
LN103583,2022-07,355700.0,4.407,360,740-779,60-75,20-35,GA,PURCHASE,SECOND_HOME,SFR,EagleTrust,2022
LN103584,2024-02,252700.0,7.557,360,<620,>95,20-35,CA,PURCHASE,OWNER,CONDO,CasaMortgage,2024
LN103585,2022-04,123100.0,4.642,180,740-779,85-95,20-35,TX,CASHOUT_REFI,INVESTOR,SFR,EagleTrust,2022
LN103586,2023-02,167900.0,5.523,360,780+,85-95,20-35,NY,PURCHASE,OWNER,SFR,AlphaServ,2023
LN103587,2023-11,339100.0,7.19,180,620-679,75-85,20-35,GA,PURCHASE,OWNER,TOWNHOUSE,AlphaServ,2023
LN103588,2023-10,299300.0,6.743,180,680-739,60-75,>43,TX,PURCHASE,OWNER,CONDO,CasaMortgage,2023
LN103589,2024-09,106300.0,7.619,360,<620,75-85,35-43,AZ,REFINANCE,OWNER,TOWNHOUSE,AlphaServ,2024
LN103590,2021-11,339300.0,4.301,240,680-739,<=60,20-35,AZ,PURCHASE,INVESTOR,SFR,CasaMortgage,2021
LN103591,2022-07,126000.0,5.718,360,<620,85-95,>43,IL,PURCHASE,INVESTOR,SFR,BetaLoan,2022
LN103592,2024-12,469400.0,6.633,360,620-679,<=60,20-35,TX,CASHOUT_REFI,OWNER,TOWNHOUSE,AlphaServ,2024
LN103593,2023-06,280400.0,5.76,360,780+,60-75,<=20,CA,REFINANCE,OWNER,SFR,AlphaServ,2023
LN103594,2022-05,207200.0,5.33,360,<620,60-75,20-35,WA,CASHOUT_REFI,OWNER,SFR,CasaMortgage,2022
LN103595,2022-07,398500.0,4.633,360,780+,85-95,>43,CA,PURCHASE,OWNER,SFR,AlphaServ,2022
LN103596,2022-09,299300.0,6.64,360,<620,75-85,35-43,FL,PURCHASE,OWNER,CONDO,CasaMortgage,2022
LN103597,2023-06,463300.0,6.308,180,680-739,75-85,>43,FL,REFINANCE,INVESTOR,SFR,AlphaServ,2023
LN103598,2022-06,264700.0,4.96,360,680-739,60-75,20-35,TX,PURCHASE,OWNER,SFR,AlphaServ,2022
LN103599,2023-09,271700.0,5.741,180,780+,60-75,>43,CA,CASHOUT_REFI,OWNER,CONDO,DeltaHome,2023
LN103600,2023-01,224500.0,6.207,360,620-679,75-85,35-43,TX,CASHOUT_REFI,OWNER,CONDO,EagleTrust,2023
LN103601,2023-08,287300.0,6.828,360,620-679,60-75,35-43,MI,PURCHASE,OWNER,SFR,AlphaServ,2023
LN103602,2022-01,548000.0,4.026,360,740-779,85-95,>43,TX,CASHOUT_REFI,OWNER,CONDO,EagleTrust,2022
LN103603,2023-09,203600.0,6.234,360,740-779,75-85,20-35,MI,CASHOUT_REFI,OWNER,SFR,BetaLoan,2023
LN103604,2024-09,341700.0,6.147,180,740-779,>95,35-43,NY,REFINANCE,INVESTOR,TOWNHOUSE,AlphaServ,2024
LN103605,2021-12,171800.0,5.219,240,<620,60-75,20-35,CA,PURCHASE,INVESTOR,SFR,BetaLoan,2021
LN103606,2022-08,100700.0,5.647,360,620-679,75-85,35-43,PA,PURCHASE,OWNER,SFR,BetaLoan,2022
LN103607,2023-12,280200.0,6.307,360,780+,>95,20-35,GA,PURCHASE,OWNER,SFR,AlphaServ,2023
LN103608,2023-08,301500.0,6.132,360,740-779,85-95,<=20,GA,REFINANCE,INVESTOR,SFR,DeltaHome,2023
LN103609,2023-11,242900.0,6.119,180,740-779,75-85,20-35,CA,PURCHASE,SECOND_HOME,SFR,AlphaServ,2023
LN103610,2023-06,130200.0,6.273,360,680-739,<=60,20-35,GA,REFINANCE,OWNER,CONDO,DeltaHome,2023
LN103611,2023-11,292700.0,6.613,360,680-739,75-85,20-35,MI,REFINANCE,OWNER,SFR,BetaLoan,2023
LN103612,2023-08,287700.0,5.748,180,780+,75-85,<=20,WA,REFINANCE,OWNER,CONDO,EagleTrust,2023
LN103613,2021-10,171100.0,3.747,360,740-779,60-75,>43,NC,PURCHASE,SECOND_HOME,SFR,BetaLoan,2021
LN103614,2024-02,138800.0,7.51,360,<620,60-75,20-35,NY,REFINANCE,OWNER,SFR,AlphaServ,2024
LN103615,2023-01,227800.0,4.961,360,780+,75-85,>43,PA,PURCHASE,SECOND_HOME,SFR,BetaLoan,2023
LN103616,2021-09,342400.0,3.808,360,740-779,60-75,<=20,CA,REFINANCE,OWNER,MULTI_2_4,BetaLoan,2021
LN103617,2022-12,307900.0,5.625,360,680-739,85-95,20-35,NY,PURCHASE,OWNER,SFR,BetaLoan,2022
LN103618,2023-01,171700.0,5.936,360,680-739,<=60,>43,NC,PURCHASE,OWNER,MULTI_2_4,DeltaHome,2023
LN103619,2021-10,271500.0,3.718,360,740-779,>95,35-43,FL,REFINANCE,OWNER,SFR,CasaMortgage,2021
LN103620,2024-12,380500.0,6.814,360,620-679,75-85,<=20,CA,PURCHASE,INVESTOR,SFR,EagleTrust,2024
LN103621,2022-04,150600.0,4.344,360,740-779,>95,>43,CA,REFINANCE,OWNER,CONDO,CasaMortgage,2022
LN103622,2022-08,262600.0,4.73,360,740-779,85-95,20-35,TX,PURCHASE,OWNER,CONDO,CasaMortgage,2022
LN103623,2023-01,466400.0,6.049,360,620-679,60-75,20-35,PA,PURCHASE,INVESTOR,SFR,AlphaServ,2023
LN103624,2024-05,143800.0,5.982,360,780+,60-75,35-43,NC,PURCHASE,OWNER,MULTI_2_4,CasaMortgage,2024
LN103625,2024-02,429300.0,6.601,360,620-679,<=60,35-43,MI,PURCHASE,OWNER,SFR,CasaMortgage,2024
LN103626,2024-03,528900.0,6.414,360,680-739,85-95,35-43,AZ,REFINANCE,OWNER,SFR,AlphaServ,2024
LN103627,2022-04,231000.0,4.458,360,740-779,60-75,<=20,FL,PURCHASE,OWNER,SFR,AlphaServ,2022
LN103628,2024-06,218700.0,6.32,360,680-739,85-95,20-35,MI,CASHOUT_REFI,OWNER,SFR,AlphaServ,2024
LN103629,2024-05,406300.0,6.405,360,680-739,85-95,20-35,FL,REFINANCE,OWNER,SFR,CasaMortgage,2024
LN103630,2023-02,234700.0,5.591,360,740-779,75-85,20-35,MI,CASHOUT_REFI,OWNER,TOWNHOUSE,CasaMortgage,2023
LN103631,2023-05,88500.0,5.85,360,780+,85-95,<=20,NC,REFINANCE,OWNER,SFR,BetaLoan,2023
LN103632,2021-08,244200.0,3.56,360,740-779,85-95,35-43,WA,PURCHASE,OWNER,CONDO,AlphaServ,2021
LN103633,2024-02,315400.0,6.163,240,740-779,85-95,>43,MI,PURCHASE,OWNER,SFR,AlphaServ,2024
LN103634,2024-11,356100.0,7.163,360,620-679,<=60,>43,CA,REFINANCE,SECOND_HOME,SFR,BetaLoan,2024
LN103635,2023-02,171700.0,5.97,180,680-739,60-75,35-43,NC,REFINANCE,OWNER,SFR,BetaLoan,2023
LN103636,2023-05,226100.0,6.343,180,680-739,75-85,20-35,CA,REFINANCE,OWNER,SFR,CasaMortgage,2023
LN103637,2023-03,396200.0,6.754,360,<620,60-75,20-35,OH,PURCHASE,OWNER,CONDO,DeltaHome,2023
LN103638,2021-10,248500.0,3.758,180,740-779,75-85,>43,CA,REFINANCE,OWNER,SFR,CasaMortgage,2021
LN103639,2023-09,128300.0,6.639,360,680-739,>95,<=20,IL,REFINANCE,SECOND_HOME,CONDO,BetaLoan,2023
LN103640,2024-01,445500.0,7.032,360,620-679,75-85,20-35,MI,PURCHASE,SECOND_HOME,SFR,BetaLoan,2024
LN103641,2024-09,231800.0,7.069,360,620-679,60-75,20-35,FL,REFINANCE,SECOND_HOME,SFR,BetaLoan,2024
LN103642,2024-10,417100.0,7.069,360,620-679,60-75,35-43,CA,PURCHASE,OWNER,SFR,CasaMortgage,2024
LN103643,2023-03,136200.0,6.2,360,680-739,>95,>43,FL,PURCHASE,OWNER,SFR,CasaMortgage,2023
LN103644,2024-11,241700.0,6.45,360,680-739,60-75,20-35,TX,PURCHASE,OWNER,SFR,AlphaServ,2024
LN103645,2023-05,321100.0,5.727,360,740-779,60-75,20-35,TX,CASHOUT_REFI,OWNER,SFR,DeltaHome,2023
LN103646,2023-09,245400.0,6.731,360,620-679,75-85,35-43,NC,REFINANCE,OWNER,SFR,DeltaHome,2023
LN103647,2023-08,149900.0,6.737,360,620-679,75-85,35-43,NC,PURCHASE,OWNER,SFR,EagleTrust,2023
LN103648,2024-12,87200.0,5.785,360,740-779,75-85,20-35,IL,CASHOUT_REFI,OWNER,SFR,DeltaHome,2024
LN103649,2024-01,506600.0,7.555,360,<620,75-85,35-43,TX,REFINANCE,OWNER,SFR,AlphaServ,2024
LN103650,2021-12,285400.0,4.452,360,680-739,75-85,>43,IL,REFINANCE,SECOND_HOME,SFR,BetaLoan,2021
LN103651,2021-10,431500.0,4.195,360,680-739,<=60,>43,WA,CASHOUT_REFI,INVESTOR,SFR,AlphaServ,2021
LN103652,2022-12,387700.0,5.283,360,740-779,75-85,20-35,NY,REFINANCE,OWNER,CONDO,DeltaHome,2022
LN103653,2023-04,333900.0,5.658,360,780+,85-95,<=20,NY,PURCHASE,OWNER,CONDO,DeltaHome,2023
LN103654,2023-11,220900.0,5.919,180,740-779,75-85,>43,IL,PURCHASE,OWNER,CONDO,BetaLoan,2023
LN103655,2023-03,318200.0,5.224,240,780+,>95,>43,TX,PURCHASE,INVESTOR,SFR,AlphaServ,2023
LN103656,2023-04,486300.0,5.946,360,780+,60-75,<=20,TX,PURCHASE,OWNER,CONDO,BetaLoan,2023
LN103657,2024-09,265000.0,6.596,180,620-679,75-85,<=20,NC,PURCHASE,OWNER,SFR,AlphaServ,2024
LN103658,2022-09,600600.0,5.843,360,620-679,85-95,20-35,TX,PURCHASE,OWNER,TOWNHOUSE,AlphaServ,2022
LN103659,2023-03,130000.0,6.295,360,680-739,75-85,35-43,GA,PURCHASE,OWNER,SFR,AlphaServ,2023
LN103660,2023-06,123900.0,6.29,360,680-739,<=60,20-35,NY,PURCHASE,OWNER,SFR,AlphaServ,2023
LN103661,2023-02,398200.0,5.927,360,680-739,75-85,20-35,FL,PURCHASE,OWNER,SFR,DeltaHome,2023
LN103662,2024-11,176600.0,6.948,360,620-679,>95,35-43,OH,REFINANCE,OWNER,SFR,AlphaServ,2024
LN103663,2024-11,640200.0,6.53,360,620-679,75-85,20-35,TX,REFINANCE,OWNER,TOWNHOUSE,AlphaServ,2024
LN103664,2023-04,465900.0,6.024,360,680-739,<=60,>43,FL,REFINANCE,OWNER,SFR,AlphaServ,2023
LN103665,2023-01,521500.0,5.781,360,740-779,<=60,20-35,IL,PURCHASE,INVESTOR,SFR,BetaLoan,2023
LN103666,2023-07,380000.0,6.077,360,740-779,75-85,20-35,GA,REFINANCE,OWNER,CONDO,AlphaServ,2023
LN103667,2022-02,168600.0,3.919,360,780+,60-75,>43,PA,PURCHASE,INVESTOR,SFR,AlphaServ,2022
LN103668,2022-12,121000.0,6.114,360,620-679,85-95,<=20,PA,PURCHASE,SECOND_HOME,SFR,DeltaHome,2022
LN103669,2022-04,500300.0,4.52,360,680-739,>95,<=20,IL,PURCHASE,OWNER,CONDO,CasaMortgage,2022
LN103670,2022-01,130000.0,3.642,360,780+,>95,20-35,CA,REFINANCE,OWNER,SFR,AlphaServ,2022
LN103671,2021-10,520800.0,4.041,360,740-779,60-75,20-35,TX,PURCHASE,OWNER,SFR,BetaLoan,2021
LN103672,2023-07,345000.0,5.887,360,740-779,75-85,20-35,CA,CASHOUT_REFI,OWNER,SFR,BetaLoan,2023
LN103673,2021-07,246600.0,4.455,360,680-739,60-75,>43,TX,PURCHASE,OWNER,SFR,BetaLoan,2021
LN103674,2023-10,311400.0,7.337,360,<620,<=60,>43,CA,PURCHASE,OWNER,MULTI_2_4,AlphaServ,2023
LN103675,2023-01,314700.0,5.39,360,780+,75-85,<=20,NC,REFINANCE,OWNER,MULTI_2_4,BetaLoan,2023
LN103676,2022-10,233000.0,5.434,360,740-779,60-75,<=20,OH,PURCHASE,OWNER,SFR,DeltaHome,2022
LN103677,2024-03,484800.0,6.676,360,680-739,<=60,20-35,CA,CASHOUT_REFI,OWNER,SFR,CasaMortgage,2024
LN103678,2023-05,477400.0,5.972,360,680-739,85-95,>43,GA,REFINANCE,OWNER,SFR,AlphaServ,2023
LN103679,2024-01,273800.0,6.46,360,680-739,85-95,20-35,PA,REFINANCE,OWNER,TOWNHOUSE,DeltaHome,2024
LN103680,2023-12,194900.0,6.638,360,620-679,>95,20-35,CA,CASHOUT_REFI,OWNER,TOWNHOUSE,BetaLoan,2023
LN103681,2021-08,459400.0,3.75,360,740-779,60-75,20-35,CA,PURCHASE,SECOND_HOME,SFR,CasaMortgage,2021
LN103682,2022-04,102700.0,4.459,360,680-739,85-95,>43,IL,PURCHASE,OWNER,CONDO,BetaLoan,2022
LN103683,2023-06,311700.0,7.151,360,<620,75-85,<=20,CA,PURCHASE,OWNER,SFR,DeltaHome,2023
LN103684,2024-11,356000.0,6.764,360,680-739,<=60,20-35,CA,REFINANCE,OWNER,SFR,CasaMortgage,2024
LN103685,2022-01,175800.0,4.169,360,780+,75-85,<=20,OH,REFINANCE,OWNER,SFR,CasaMortgage,2022
LN103686,2021-11,395600.0,3.909,360,680-739,75-85,35-43,OH,PURCHASE,OWNER,CONDO,DeltaHome,2021
LN103687,2024-10,252200.0,6.22,360,680-739,75-85,20-35,PA,PURCHASE,INVESTOR,CONDO,DeltaHome,2024
LN103688,2024-11,199700.0,6.529,360,680-739,85-95,20-35,CA,REFINANCE,INVESTOR,SFR,BetaLoan,2024
LN103689,2022-02,393700.0,4.109,360,740-779,60-75,<=20,AZ,REFINANCE,OWNER,SFR,CasaMortgage,2022
LN103690,2022-11,156600.0,5.023,360,740-779,>95,<=20,CA,PURCHASE,OWNER,SFR,BetaLoan,2022
LN103691,2023-09,377400.0,5.909,360,780+,<=60,<=20,FL,PURCHASE,OWNER,TOWNHOUSE,CasaMortgage,2023
LN103692,2022-03,104600.0,4.933,360,620-679,85-95,35-43,CA,PURCHASE,OWNER,SFR,AlphaServ,2022
LN103693,2022-08,290300.0,4.589,360,780+,>95,35-43,TX,PURCHASE,OWNER,SFR,CasaMortgage,2022
LN103694,2022-11,260300.0,5.287,360,780+,75-85,<=20,PA,PURCHASE,SECOND_HOME,CONDO,DeltaHome,2022
LN103695,2023-09,200200.0,6.642,360,680-739,85-95,20-35,CA,REFINANCE,OWNER,TOWNHOUSE,BetaLoan,2023
LN103696,2022-07,304200.0,4.687,360,740-779,85-95,20-35,TX,PURCHASE,OWNER,SFR,CasaMortgage,2022
LN103697,2022-12,246300.0,6.322,360,620-679,<=60,<=20,GA,REFINANCE,OWNER,TOWNHOUSE,AlphaServ,2022
LN103698,2022-07,410300.0,5.174,360,680-739,85-95,35-43,CA,PURCHASE,OWNER,SFR,DeltaHome,2022
LN103699,2024-02,328400.0,6.995,360,620-679,75-85,20-35,GA,REFINANCE,OWNER,SFR,BetaLoan,2024
LN103700,2022-01,312900.0,4.791,360,<620,<=60,35-43,AZ,PURCHASE,SECOND_HOME,TOWNHOUSE,BetaLoan,2022
LN103701,2022-04,291100.0,3.882,360,780+,75-85,35-43,CA,PURCHASE,OWNER,SFR,AlphaServ,2022
LN103702,2022-05,206400.0,5.079,360,620-679,<=60,>43,CA,PURCHASE,SECOND_HOME,MULTI_2_4,AlphaServ,2022
LN103703,2024-09,222800.0,6.641,240,680-739,60-75,35-43,NY,REFINANCE,INVESTOR,TOWNHOUSE,AlphaServ,2024
LN103704,2024-10,285400.0,6.692,360,620-679,>95,<=20,PA,REFINANCE,OWNER,SFR,BetaLoan,2024
LN103705,2023-04,236100.0,6.329,180,680-739,>95,<=20,WA,REFINANCE,OWNER,CONDO,AlphaServ,2023
LN103706,2022-01,420900.0,4.621,180,680-739,85-95,20-35,PA,PURCHASE,OWNER,CONDO,CasaMortgage,2022
LN103707,2024-02,266200.0,7.058,360,620-679,60-75,<=20,GA,REFINANCE,OWNER,SFR,AlphaServ,2024
LN103708,2023-03,302300.0,5.829,360,740-779,75-85,20-35,NY,CASHOUT_REFI,INVESTOR,SFR,CasaMortgage,2023
LN103709,2024-06,135800.0,6.222,360,780+,<=60,>43,MI,PURCHASE,OWNER,TOWNHOUSE,BetaLoan,2024
LN103710,2022-10,390200.0,5.499,360,680-739,60-75,20-35,MI,PURCHASE,INVESTOR,SFR,AlphaServ,2022
LN103711,2024-12,196500.0,5.996,360,780+,85-95,35-43,TX,PURCHASE,OWNER,SFR,BetaLoan,2024
LN103712,2024-04,159700.0,6.565,360,680-739,75-85,20-35,NC,REFINANCE,OWNER,SFR,BetaLoan,2024
LN103713,2022-04,535400.0,4.507,360,740-779,75-85,<=20,MI,CASHOUT_REFI,OWNER,SFR,AlphaServ,2022
LN103714,2024-01,349400.0,7.121,360,620-679,<=60,<=20,AZ,REFINANCE,OWNER,SFR,BetaLoan,2024
LN103715,2022-07,396200.0,5.66,360,<620,>95,<=20,NC,PURCHASE,OWNER,SFR,CasaMortgage,2022
LN103716,2022-09,313200.0,4.781,360,780+,60-75,20-35,NC,REFINANCE,OWNER,CONDO,CasaMortgage,2022
LN103717,2022-05,244800.0,4.545,360,740-779,75-85,>43,AZ,PURCHASE,OWNER,MULTI_2_4,DeltaHome,2022
LN103718,2023-11,225100.0,6.248,360,680-739,60-75,35-43,TX,PURCHASE,OWNER,SFR,CasaMortgage,2023
LN103719,2022-06,362400.0,4.695,360,740-779,60-75,<=20,OH,PURCHASE,SECOND_HOME,CONDO,BetaLoan,2022
LN103720,2023-09,424900.0,6.416,360,680-739,75-85,<=20,AZ,CASHOUT_REFI,OWNER,SFR,AlphaServ,2023
LN103721,2023-07,247500.0,6.405,360,740-779,75-85,>43,GA,REFINANCE,OWNER,TOWNHOUSE,BetaLoan,2023
LN103722,2024-02,648600.0,7.109,180,620-679,75-85,<=20,WA,PURCHASE,INVESTOR,SFR,EagleTrust,2024
LN103723,2024-12,233600.0,6.003,360,780+,<=60,20-35,CA,PURCHASE,OWNER,SFR,EagleTrust,2024
LN103724,2021-07,136300.0,4.132,360,680-739,>95,35-43,TX,CASHOUT_REFI,OWNER,SFR,CasaMortgage,2021
LN103725,2024-12,117600.0,7.407,180,<620,85-95,20-35,TX,REFINANCE,OWNER,CONDO,AlphaServ,2024
LN103726,2021-11,119400.0,3.644,240,740-779,85-95,20-35,CA,PURCHASE,OWNER,SFR,AlphaServ,2021
LN103727,2023-05,211900.0,6.607,360,620-679,60-75,35-43,GA,CASHOUT_REFI,OWNER,SFR,EagleTrust,2023
LN103728,2022-09,229900.0,4.492,360,780+,>95,20-35,NY,REFINANCE,OWNER,SFR,DeltaHome,2022
LN103729,2023-09,347000.0,6.094,180,740-779,85-95,20-35,TX,PURCHASE,OWNER,CONDO,BetaLoan,2023
LN103730,2024-01,252000.0,6.99,360,620-679,75-85,<=20,NC,REFINANCE,OWNER,SFR,BetaLoan,2024
LN103731,2024-07,373100.0,6.763,360,620-679,<=60,>43,NC,REFINANCE,OWNER,SFR,AlphaServ,2024
LN103732,2022-11,260500.0,5.052,360,780+,60-75,20-35,CA,PURCHASE,OWNER,SFR,BetaLoan,2022
LN103733,2024-10,256800.0,6.806,360,680-739,85-95,<=20,NY,PURCHASE,OWNER,SFR,CasaMortgage,2024
LN103734,2022-08,196800.0,4.553,360,780+,60-75,20-35,NC,REFINANCE,OWNER,SFR,AlphaServ,2022
LN103735,2022-03,484200.0,4.767,360,620-679,85-95,20-35,CA,PURCHASE,OWNER,SFR,BetaLoan,2022
LN103736,2022-10,128100.0,5.129,360,780+,85-95,>43,MI,REFINANCE,INVESTOR,SFR,BetaLoan,2022
LN103737,2023-05,292300.0,6.258,360,680-739,85-95,<=20,GA,CASHOUT_REFI,SECOND_HOME,MULTI_2_4,DeltaHome,2023
LN103738,2023-11,235200.0,6.214,360,740-779,75-85,20-35,NC,REFINANCE,OWNER,SFR,CasaMortgage,2023
LN103739,2024-05,362900.0,7.092,180,620-679,>95,35-43,TX,REFINANCE,SECOND_HOME,CONDO,EagleTrust,2024
LN103740,2022-04,252900.0,5.574,360,<620,60-75,20-35,MI,REFINANCE,INVESTOR,SFR,BetaLoan,2022
LN103741,2022-07,256200.0,4.376,360,780+,85-95,20-35,TX,PURCHASE,OWNER,SFR,AlphaServ,2022
LN103742,2024-10,226400.0,5.832,360,780+,75-85,35-43,PA,PURCHASE,SECOND_HOME,SFR,DeltaHome,2024
LN103743,2023-01,477800.0,6.146,360,680-739,60-75,35-43,TX,REFINANCE,SECOND_HOME,SFR,BetaLoan,2023
LN103744,2022-05,255500.0,4.345,360,780+,60-75,20-35,TX,PURCHASE,OWNER,SFR,CasaMortgage,2022
LN103745,2024-12,619300.0,7.169,360,620-679,85-95,20-35,NC,REFINANCE,OWNER,TOWNHOUSE,CasaMortgage,2024
LN103746,2023-01,288500.0,6.179,360,620-679,75-85,20-35,FL,PURCHASE,OWNER,MULTI_2_4,CasaMortgage,2023
LN103747,2024-12,257800.0,7.61,360,<620,<=60,>43,FL,REFINANCE,OWNER,TOWNHOUSE,DeltaHome,2024
LN103748,2024-09,239100.0,6.418,240,680-739,<=60,35-43,CA,REFINANCE,OWNER,SFR,AlphaServ,2024
LN103749,2024-09,329000.0,7.176,360,<620,85-95,20-35,PA,REFINANCE,OWNER,SFR,AlphaServ,2024
LN103750,2023-07,195900.0,6.439,360,680-739,60-75,35-43,NY,PURCHASE,OWNER,CONDO,BetaLoan,2023
LN103751,2024-04,272600.0,7.664,360,<620,60-75,20-35,NY,REFINANCE,OWNER,SFR,BetaLoan,2024
LN103752,2024-11,256200.0,6.405,360,740-779,85-95,20-35,TX,CASHOUT_REFI,OWNER,SFR,DeltaHome,2024
LN103753,2022-06,295500.0,4.461,360,780+,60-75,35-43,OH,PURCHASE,OWNER,SFR,DeltaHome,2022
LN103754,2021-08,298800.0,3.663,180,740-779,<=60,20-35,OH,REFINANCE,OWNER,SFR,CasaMortgage,2021
LN103755,2022-08,305900.0,5.622,360,620-679,75-85,20-35,CA,PURCHASE,OWNER,SFR,DeltaHome,2022
LN103756,2023-09,266400.0,6.22,180,740-779,75-85,<=20,CA,PURCHASE,INVESTOR,SFR,CasaMortgage,2023
LN103757,2023-05,517100.0,6.607,360,620-679,75-85,35-43,GA,PURCHASE,OWNER,SFR,AlphaServ,2023
LN103758,2021-10,308700.0,3.79,360,740-779,<=60,35-43,FL,PURCHASE,OWNER,SFR,CasaMortgage,2021
LN103759,2023-06,824600.0,5.789,360,740-779,75-85,35-43,WA,REFINANCE,OWNER,SFR,CasaMortgage,2023
LN103760,2022-02,261000.0,4.483,360,680-739,60-75,<=20,TX,REFINANCE,OWNER,SFR,CasaMortgage,2022
LN103761,2023-04,393000.0,6.58,360,620-679,75-85,>43,CA,PURCHASE,OWNER,SFR,DeltaHome,2023
LN103762,2023-07,184100.0,5.59,360,780+,<=60,<=20,CA,PURCHASE,OWNER,SFR,AlphaServ,2023
LN103763,2023-09,479400.0,6.303,360,780+,60-75,35-43,NC,REFINANCE,OWNER,CONDO,AlphaServ,2023
LN103764,2022-12,185900.0,5.141,360,740-779,75-85,20-35,FL,PURCHASE,OWNER,SFR,CasaMortgage,2022
LN103765,2022-12,313400.0,5.078,360,780+,<=60,20-35,TX,REFINANCE,OWNER,SFR,AlphaServ,2022
LN103766,2023-11,226600.0,6.066,360,780+,>95,>43,CA,REFINANCE,SECOND_HOME,CONDO,AlphaServ,2023
LN103767,2024-02,312800.0,7.048,360,620-679,>95,20-35,CA,PURCHASE,INVESTOR,SFR,EagleTrust,2024
LN103768,2024-04,229700.0,6.147,360,740-779,60-75,<=20,TX,CASHOUT_REFI,OWNER,SFR,EagleTrust,2024
LN103769,2022-09,178900.0,5.122,360,680-739,85-95,20-35,NY,PURCHASE,OWNER,SFR,BetaLoan,2022
LN103770,2022-12,225900.0,5.68,360,680-739,75-85,20-35,GA,CASHOUT_REFI,OWNER,SFR,AlphaServ,2022
LN103771,2022-08,510800.0,5.547,180,620-679,60-75,35-43,CA,PURCHASE,INVESTOR,SFR,DeltaHome,2022
LN103772,2023-05,315000.0,5.976,360,780+,75-85,20-35,FL,CASHOUT_REFI,OWNER,MULTI_2_4,DeltaHome,2023
LN103773,2021-12,142900.0,3.795,360,740-779,>95,<=20,WA,REFINANCE,OWNER,SFR,BetaLoan,2021
LN103774,2023-01,417900.0,5.835,360,680-739,<=60,20-35,NC,CASHOUT_REFI,SECOND_HOME,SFR,DeltaHome,2023
LN103775,2022-02,170900.0,4.417,240,680-739,75-85,35-43,WA,REFINANCE,OWNER,CONDO,AlphaServ,2022
LN103776,2023-05,356700.0,6.287,180,680-739,75-85,20-35,CA,CASHOUT_REFI,OWNER,TOWNHOUSE,BetaLoan,2023
LN103777,2024-06,327400.0,6.243,360,740-779,60-75,35-43,NY,PURCHASE,OWNER,SFR,AlphaServ,2024
LN103778,2024-12,336800.0,6.177,240,780+,75-85,20-35,TX,REFINANCE,OWNER,SFR,DeltaHome,2024
LN103779,2023-01,587700.0,5.944,360,680-739,>95,20-35,WA,PURCHASE,OWNER,SFR,BetaLoan,2023
LN103780,2021-09,175800.0,4.36,360,680-739,<=60,>43,AZ,REFINANCE,OWNER,SFR,AlphaServ,2021
LN103781,2022-04,336000.0,4.367,360,740-779,60-75,20-35,OH,PURCHASE,INVESTOR,SFR,AlphaServ,2022
LN103782,2021-11,449900.0,4.223,360,680-739,60-75,20-35,FL,REFINANCE,OWNER,SFR,AlphaServ,2021
LN103783,2024-02,191100.0,6.507,360,680-739,85-95,>43,OH,PURCHASE,OWNER,SFR,AlphaServ,2024
LN103784,2024-12,182500.0,7.119,360,<620,75-85,<=20,AZ,PURCHASE,OWNER,SFR,BetaLoan,2024
LN103785,2023-06,224300.0,6.759,360,620-679,75-85,20-35,OH,CASHOUT_REFI,OWNER,CONDO,AlphaServ,2023
LN103786,2022-02,295400.0,4.526,360,680-739,85-95,20-35,MI,CASHOUT_REFI,OWNER,CONDO,DeltaHome,2022
LN103787,2021-07,135300.0,3.652,360,780+,>95,<=20,NC,CASHOUT_REFI,OWNER,CONDO,BetaLoan,2021
LN103788,2024-11,327100.0,6.844,360,620-679,60-75,35-43,CA,PURCHASE,OWNER,CONDO,DeltaHome,2024
LN103789,2022-08,135400.0,5.342,180,620-679,85-95,20-35,MI,CASHOUT_REFI,OWNER,TOWNHOUSE,DeltaHome,2022
LN103790,2021-11,456800.0,3.779,360,740-779,60-75,>43,TX,PURCHASE,OWNER,SFR,CasaMortgage,2021
LN103791,2022-02,321600.0,3.986,360,780+,60-75,20-35,AZ,CASHOUT_REFI,OWNER,CONDO,AlphaServ,2022
LN103792,2022-05,603700.0,4.959,360,680-739,60-75,<=20,FL,PURCHASE,OWNER,TOWNHOUSE,BetaLoan,2022
LN103793,2023-10,344900.0,7.105,360,<620,75-85,20-35,OH,REFINANCE,OWNER,SFR,EagleTrust,2023
LN103794,2024-08,222500.0,6.566,360,740-779,85-95,35-43,FL,PURCHASE,SECOND_HOME,SFR,DeltaHome,2024
LN103795,2022-06,178200.0,4.504,360,680-739,75-85,20-35,CA,PURCHASE,OWNER,CONDO,BetaLoan,2022
LN103796,2023-11,284200.0,6.551,360,740-779,75-85,20-35,MI,REFINANCE,OWNER,SFR,BetaLoan,2023
LN103797,2021-09,251800.0,3.938,360,680-739,<=60,20-35,NC,PURCHASE,OWNER,SFR,BetaLoan,2021
LN103798,2021-07,435300.0,5.215,360,<620,<=60,20-35,AZ,REFINANCE,OWNER,CONDO,DeltaHome,2021
LN103799,2021-09,168100.0,4.044,360,680-739,>95,20-35,OH,PURCHASE,OWNER,SFR,EagleTrust,2021
LN103800,2024-09,633700.0,6.514,360,740-779,85-95,>43,TX,PURCHASE,OWNER,SFR,CasaMortgage,2024
LN103801,2023-07,453000.0,5.938,240,680-739,75-85,<=20,TX,PURCHASE,OWNER,CONDO,EagleTrust,2023
LN103802,2024-04,232900.0,7.1,360,620-679,60-75,<=20,NY,PURCHASE,OWNER,SFR,DeltaHome,2024
LN103803,2021-07,573200.0,4.237,240,680-739,<=60,20-35,FL,PURCHASE,OWNER,SFR,DeltaHome,2021
LN103804,2021-07,179400.0,3.808,360,740-779,>95,20-35,NY,REFINANCE,OWNER,SFR,BetaLoan,2021
LN103805,2024-06,280000.0,7.601,360,<620,<=60,35-43,TX,PURCHASE,OWNER,SFR,BetaLoan,2024
LN103806,2021-11,143700.0,4.115,360,740-779,60-75,>43,WA,PURCHASE,SECOND_HOME,CONDO,BetaLoan,2021
LN103807,2022-01,585900.0,4.099,360,740-779,85-95,35-43,CA,PURCHASE,OWNER,TOWNHOUSE,BetaLoan,2022
LN103808,2023-04,121600.0,6.057,360,680-739,>95,35-43,NC,REFINANCE,SECOND_HOME,SFR,CasaMortgage,2023
LN103809,2023-08,133500.0,5.675,360,780+,<=60,35-43,OH,PURCHASE,INVESTOR,SFR,BetaLoan,2023
LN103810,2022-04,191800.0,4.316,180,780+,85-95,<=20,OH,REFINANCE,SECOND_HOME,CONDO,AlphaServ,2022
LN103811,2023-01,462800.0,6.024,360,680-739,60-75,<=20,GA,REFINANCE,OWNER,SFR,BetaLoan,2023
LN103812,2023-11,392300.0,7.55,360,<620,85-95,35-43,AZ,PURCHASE,OWNER,CONDO,BetaLoan,2023
LN103813,2023-01,269700.0,5.966,360,680-739,<=60,>43,NC,CASHOUT_REFI,INVESTOR,TOWNHOUSE,BetaLoan,2023
LN103814,2022-11,403700.0,6.018,360,620-679,85-95,35-43,TX,REFINANCE,OWNER,SFR,AlphaServ,2022
LN103815,2021-10,242300.0,4.096,360,680-739,85-95,35-43,TX,REFINANCE,OWNER,SFR,CasaMortgage,2021
LN103816,2023-01,308700.0,5.534,360,780+,>95,<=20,PA,PURCHASE,OWNER,SFR,EagleTrust,2023
LN103817,2024-04,536700.0,6.213,360,740-779,75-85,35-43,IL,REFINANCE,OWNER,SFR,AlphaServ,2024
LN103818,2023-09,228400.0,6.48,360,680-739,85-95,35-43,NC,REFINANCE,OWNER,SFR,DeltaHome,2023
LN103819,2024-08,180800.0,6.68,360,680-739,75-85,>43,FL,PURCHASE,OWNER,SFR,AlphaServ,2024
LN103820,2021-12,315400.0,5.445,360,<620,75-85,35-43,NC,CASHOUT_REFI,OWNER,SFR,AlphaServ,2021
LN103821,2021-07,356200.0,3.533,180,680-739,<=60,<=20,NY,REFINANCE,OWNER,SFR,CasaMortgage,2021
LN103822,2023-06,268300.0,7.355,360,<620,85-95,35-43,IL,REFINANCE,SECOND_HOME,CONDO,DeltaHome,2023
LN103823,2022-02,400900.0,3.872,360,780+,75-85,20-35,AZ,CASHOUT_REFI,SECOND_HOME,SFR,DeltaHome,2022
LN103824,2023-07,233100.0,5.952,360,780+,75-85,20-35,IL,PURCHASE,OWNER,SFR,AlphaServ,2023
LN103825,2024-08,270300.0,6.643,360,620-679,75-85,35-43,TX,REFINANCE,OWNER,CONDO,AlphaServ,2024
LN103826,2022-09,302100.0,4.864,360,740-779,85-95,>43,OH,PURCHASE,OWNER,SFR,DeltaHome,2022
LN103827,2023-06,290500.0,6.209,360,740-779,75-85,35-43,CA,CASHOUT_REFI,OWNER,SFR,AlphaServ,2023
LN103828,2023-11,527500.0,6.439,360,740-779,75-85,<=20,TX,REFINANCE,INVESTOR,SFR,AlphaServ,2023
LN103829,2022-01,301400.0,4.334,360,680-739,75-85,<=20,GA,REFINANCE,OWNER,SFR,DeltaHome,2022
LN103830,2024-08,222600.0,7.288,360,620-679,75-85,20-35,CA,PURCHASE,INVESTOR,TOWNHOUSE,AlphaServ,2024
LN103831,2022-03,323700.0,4.246,360,740-779,75-85,35-43,NY,PURCHASE,OWNER,SFR,BetaLoan,2022
LN103832,2024-04,401900.0,7.56,360,<620,85-95,35-43,OH,REFINANCE,SECOND_HOME,SFR,EagleTrust,2024
LN103833,2023-10,361600.0,6.047,360,740-779,85-95,20-35,TX,PURCHASE,OWNER,SFR,CasaMortgage,2023
LN103834,2021-12,352700.0,4.613,360,620-679,75-85,20-35,TX,PURCHASE,OWNER,SFR,BetaLoan,2021
LN103835,2024-01,130100.0,6.346,360,740-779,60-75,35-43,GA,REFINANCE,SECOND_HOME,SFR,BetaLoan,2024
LN103836,2022-03,83100.0,3.629,360,780+,60-75,<=20,WA,PURCHASE,OWNER,SFR,BetaLoan,2022
LN103837,2023-08,453100.0,6.832,360,620-679,85-95,20-35,FL,REFINANCE,OWNER,SFR,DeltaHome,2023
LN103838,2024-11,311000.0,6.601,360,680-739,>95,35-43,TX,REFINANCE,OWNER,SFR,CasaMortgage,2024
LN103839,2024-11,252800.0,6.223,360,740-779,60-75,20-35,WA,REFINANCE,OWNER,SFR,DeltaHome,2024
LN103840,2024-07,348900.0,7.252,240,620-679,>95,20-35,PA,PURCHASE,OWNER,SFR,EagleTrust,2024
LN103841,2023-03,607600.0,5.662,360,740-779,60-75,35-43,WA,PURCHASE,INVESTOR,SFR,BetaLoan,2023
LN103842,2023-06,482200.0,5.956,360,740-779,>95,<=20,CA,PURCHASE,OWNER,SFR,AlphaServ,2023
LN103843,2022-07,393600.0,4.95,360,680-739,>95,20-35,WA,PURCHASE,OWNER,SFR,DeltaHome,2022
LN103844,2024-09,171300.0,6.212,360,740-779,75-85,>43,PA,REFINANCE,OWNER,CONDO,AlphaServ,2024
LN103845,2023-03,181600.0,6.02,360,680-739,>95,<=20,FL,PURCHASE,OWNER,TOWNHOUSE,AlphaServ,2023
LN103846,2024-03,87200.0,6.495,360,680-739,75-85,>43,GA,CASHOUT_REFI,OWNER,TOWNHOUSE,BetaLoan,2024
LN103847,2022-10,339400.0,6.04,360,620-679,60-75,20-35,TX,PURCHASE,OWNER,SFR,EagleTrust,2022
LN103848,2024-02,420400.0,7.737,360,<620,85-95,20-35,NY,CASHOUT_REFI,OWNER,SFR,CasaMortgage,2024
LN103849,2022-04,436100.0,5.758,360,<620,<=60,<=20,GA,PURCHASE,OWNER,SFR,CasaMortgage,2022
LN103850,2024-01,345900.0,6.2,360,780+,60-75,35-43,CA,REFINANCE,SECOND_HOME,TOWNHOUSE,AlphaServ,2024
LN103851,2021-08,238200.0,3.417,360,780+,60-75,>43,WA,CASHOUT_REFI,SECOND_HOME,CONDO,BetaLoan,2021
LN103852,2021-11,198000.0,3.918,180,740-779,75-85,20-35,AZ,PURCHASE,OWNER,SFR,AlphaServ,2021
LN103853,2022-09,176100.0,6.074,360,620-679,85-95,>43,PA,CASHOUT_REFI,OWNER,CONDO,AlphaServ,2022
LN103854,2023-03,237200.0,6.01,360,680-739,85-95,35-43,CA,PURCHASE,OWNER,SFR,CasaMortgage,2023
LN103855,2023-12,164400.0,6.323,360,740-779,85-95,>43,GA,PURCHASE,OWNER,SFR,AlphaServ,2023
LN103856,2022-10,562500.0,4.868,360,740-779,85-95,35-43,AZ,CASHOUT_REFI,OWNER,TOWNHOUSE,DeltaHome,2022
LN103857,2021-07,142000.0,4.556,240,620-679,85-95,35-43,CA,PURCHASE,OWNER,TOWNHOUSE,CasaMortgage,2021
LN103858,2022-08,233600.0,4.537,180,780+,>95,>43,GA,PURCHASE,OWNER,CONDO,BetaLoan,2022
LN103859,2023-01,106800.0,6.182,360,620-679,60-75,35-43,TX,PURCHASE,OWNER,SFR,BetaLoan,2023
LN103860,2023-05,291700.0,6.13,360,620-679,85-95,35-43,NC,CASHOUT_REFI,OWNER,SFR,BetaLoan,2023
LN103861,2023-10,255000.0,5.987,360,780+,<=60,20-35,GA,REFINANCE,OWNER,SFR,BetaLoan,2023
LN103862,2022-05,217400.0,4.928,360,680-739,<=60,<=20,AZ,PURCHASE,OWNER,SFR,CasaMortgage,2022
LN103863,2023-08,167800.0,6.583,360,680-739,60-75,35-43,IL,PURCHASE,OWNER,SFR,CasaMortgage,2023
LN103864,2023-09,255500.0,6.389,360,680-739,<=60,20-35,MI,PURCHASE,OWNER,SFR,BetaLoan,2023
LN103865,2024-03,199800.0,6.235,360,780+,>95,20-35,TX,REFINANCE,SECOND_HOME,SFR,EagleTrust,2024
LN103866,2023-04,240000.0,6.716,360,620-679,75-85,35-43,GA,PURCHASE,OWNER,TOWNHOUSE,BetaLoan,2023
LN103867,2024-05,615900.0,6.165,360,740-779,>95,35-43,AZ,PURCHASE,OWNER,SFR,CasaMortgage,2024
LN103868,2022-04,275800.0,4.826,180,680-739,75-85,>43,NC,REFINANCE,INVESTOR,SFR,BetaLoan,2022
LN103869,2023-12,324400.0,6.893,180,620-679,85-95,20-35,AZ,PURCHASE,OWNER,SFR,AlphaServ,2023
LN103870,2021-08,207100.0,3.854,240,680-739,60-75,20-35,GA,PURCHASE,OWNER,CONDO,EagleTrust,2021
LN103871,2021-11,179300.0,4.107,360,680-739,>95,20-35,OH,REFINANCE,OWNER,SFR,DeltaHome,2021
LN103872,2024-07,252600.0,7.033,360,620-679,<=60,>43,AZ,REFINANCE,OWNER,SFR,AlphaServ,2024
LN103873,2023-02,787600.0,5.674,240,680-739,85-95,20-35,FL,PURCHASE,INVESTOR,SFR,BetaLoan,2023
LN103874,2023-09,224300.0,5.789,240,740-779,>95,>43,MI,REFINANCE,INVESTOR,SFR,DeltaHome,2023
LN103875,2023-08,300300.0,6.185,360,740-779,85-95,20-35,NC,REFINANCE,OWNER,CONDO,CasaMortgage,2023
LN103876,2023-12,175800.0,6.316,360,740-779,85-95,20-35,PA,REFINANCE,INVESTOR,SFR,CasaMortgage,2023
LN103877,2022-05,73900.0,4.218,240,780+,60-75,35-43,IL,REFINANCE,OWNER,CONDO,DeltaHome,2022
LN103878,2022-02,178900.0,4.469,360,680-739,75-85,35-43,IL,PURCHASE,OWNER,TOWNHOUSE,BetaLoan,2022
LN103879,2021-08,745100.0,4.21,360,680-739,<=60,20-35,CA,REFINANCE,OWNER,SFR,DeltaHome,2021
LN103880,2024-07,333700.0,6.285,360,680-739,60-75,20-35,WA,PURCHASE,OWNER,SFR,EagleTrust,2024
LN103881,2022-04,534100.0,3.868,360,740-779,<=60,20-35,NY,PURCHASE,OWNER,MULTI_2_4,AlphaServ,2022
LN103882,2023-07,218300.0,6.907,360,620-679,85-95,35-43,OH,PURCHASE,OWNER,MULTI_2_4,EagleTrust,2023
LN103883,2023-02,88400.0,6.011,360,680-739,>95,<=20,TX,CASHOUT_REFI,SECOND_HOME,SFR,EagleTrust,2023
LN103884,2022-01,155000.0,4.863,360,620-679,85-95,<=20,GA,REFINANCE,OWNER,SFR,BetaLoan,2022
LN103885,2022-12,305200.0,5.555,360,680-739,85-95,<=20,FL,REFINANCE,SECOND_HOME,SFR,DeltaHome,2022
LN103886,2021-10,284100.0,3.711,360,780+,75-85,20-35,OH,REFINANCE,OWNER,SFR,AlphaServ,2021
LN103887,2022-02,254100.0,4.342,360,740-779,60-75,35-43,NC,PURCHASE,OWNER,SFR,CasaMortgage,2022
LN103888,2021-12,201100.0,4.331,360,680-739,85-95,35-43,GA,PURCHASE,OWNER,CONDO,BetaLoan,2021
LN103889,2024-05,389600.0,6.508,180,680-739,60-75,>43,CA,PURCHASE,OWNER,SFR,BetaLoan,2024
LN103890,2023-06,203700.0,6.037,180,740-779,75-85,35-43,PA,PURCHASE,INVESTOR,CONDO,EagleTrust,2023
LN103891,2024-09,293200.0,6.806,360,680-739,>95,20-35,OH,CASHOUT_REFI,OWNER,SFR,CasaMortgage,2024
LN103892,2023-01,278700.0,5.857,360,680-739,60-75,20-35,TX,PURCHASE,OWNER,SFR,DeltaHome,2023
LN103893,2022-03,216200.0,4.042,360,740-779,60-75,>43,FL,REFINANCE,OWNER,SFR,AlphaServ,2022
LN103894,2023-08,171700.0,7.622,360,<620,<=60,<=20,PA,PURCHASE,INVESTOR,SFR,CasaMortgage,2023
LN103895,2024-10,210600.0,6.49,360,680-739,85-95,20-35,WA,PURCHASE,OWNER,SFR,AlphaServ,2024
LN103896,2023-05,593100.0,6.099,360,680-739,60-75,20-35,PA,PURCHASE,OWNER,SFR,AlphaServ,2023
LN103897,2021-07,421100.0,3.645,360,740-779,75-85,>43,AZ,CASHOUT_REFI,INVESTOR,CONDO,DeltaHome,2021
LN103898,2022-07,404000.0,4.61,240,780+,60-75,20-35,IL,PURCHASE,OWNER,SFR,CasaMortgage,2022
LN103899,2024-09,179200.0,6.155,240,740-779,85-95,<=20,NY,PURCHASE,OWNER,SFR,AlphaServ,2024
LN103900,2023-04,133700.0,5.846,360,680-739,85-95,35-43,PA,PURCHASE,OWNER,SFR,BetaLoan,2023
LN103901,2024-10,418100.0,7.025,180,620-679,60-75,35-43,NY,PURCHASE,OWNER,SFR,CasaMortgage,2024
LN103902,2023-04,383500.0,5.879,360,740-779,85-95,20-35,NC,REFINANCE,OWNER,SFR,DeltaHome,2023
LN103903,2021-07,271500.0,3.574,360,780+,60-75,20-35,GA,CASHOUT_REFI,OWNER,MULTI_2_4,AlphaServ,2021
LN103904,2024-07,216000.0,5.906,360,780+,60-75,20-35,CA,PURCHASE,OWNER,SFR,AlphaServ,2024
LN103905,2024-03,132100.0,6.22,360,740-779,75-85,20-35,FL,PURCHASE,OWNER,SFR,CasaMortgage,2024
LN103906,2024-01,377100.0,7.049,360,620-679,60-75,20-35,TX,REFINANCE,OWNER,SFR,BetaLoan,2024
LN103907,2024-11,435300.0,6.238,360,740-779,>95,<=20,CA,PURCHASE,OWNER,SFR,CasaMortgage,2024
LN103908,2022-03,188000.0,4.102,360,780+,85-95,35-43,NY,PURCHASE,OWNER,CONDO,AlphaServ,2022
LN103909,2024-09,181100.0,6.539,360,740-779,85-95,20-35,TX,PURCHASE,INVESTOR,CONDO,CasaMortgage,2024
LN103910,2022-04,446200.0,4.397,360,740-779,<=60,35-43,CA,REFINANCE,OWNER,SFR,AlphaServ,2022
LN103911,2024-11,191200.0,6.609,240,680-739,85-95,20-35,TX,CASHOUT_REFI,OWNER,CONDO,BetaLoan,2024
LN103912,2022-03,568400.0,4.077,240,740-779,75-85,<=20,GA,PURCHASE,OWNER,SFR,EagleTrust,2022
LN103913,2023-06,243000.0,6.092,360,680-739,<=60,35-43,PA,PURCHASE,OWNER,CONDO,AlphaServ,2023
LN103914,2024-04,214500.0,7.622,180,<620,85-95,20-35,IL,REFINANCE,OWNER,CONDO,AlphaServ,2024
LN103915,2021-10,260500.0,3.591,360,780+,85-95,20-35,GA,PURCHASE,OWNER,SFR,CasaMortgage,2021
LN103916,2021-09,214500.0,3.315,240,780+,>95,>43,GA,PURCHASE,OWNER,SFR,AlphaServ,2021
LN103917,2024-06,423700.0,6.387,360,740-779,>95,>43,GA,PURCHASE,OWNER,CONDO,CasaMortgage,2024
LN103918,2021-09,380300.0,4.317,360,680-739,<=60,35-43,WA,PURCHASE,OWNER,CONDO,CasaMortgage,2021
LN103919,2023-08,416500.0,6.623,360,620-679,85-95,20-35,GA,PURCHASE,SECOND_HOME,SFR,DeltaHome,2023
LN103920,2024-10,277300.0,6.636,360,620-679,>95,35-43,OH,PURCHASE,INVESTOR,CONDO,AlphaServ,2024
LN103921,2023-08,207900.0,6.171,360,780+,85-95,20-35,PA,CASHOUT_REFI,SECOND_HOME,SFR,EagleTrust,2023
LN103922,2023-03,254200.0,5.983,360,740-779,60-75,20-35,GA,PURCHASE,OWNER,SFR,CasaMortgage,2023
LN103923,2022-12,210800.0,5.389,360,780+,75-85,20-35,NY,REFINANCE,OWNER,CONDO,DeltaHome,2022
LN103924,2023-09,493800.0,6.31,360,680-739,<=60,35-43,MI,REFINANCE,OWNER,SFR,BetaLoan,2023
LN103925,2023-07,400700.0,6.308,360,680-739,<=60,20-35,TX,CASHOUT_REFI,OWNER,MULTI_2_4,AlphaServ,2023
LN103926,2023-04,245000.0,5.916,360,740-779,>95,>43,NC,REFINANCE,SECOND_HOME,SFR,DeltaHome,2023
LN103927,2022-01,168200.0,4.93,360,620-679,>95,20-35,MI,REFINANCE,OWNER,TOWNHOUSE,BetaLoan,2022
LN103928,2023-10,510600.0,5.974,180,780+,>95,20-35,GA,PURCHASE,OWNER,SFR,BetaLoan,2023
LN103929,2024-02,271400.0,7.064,360,680-739,60-75,20-35,TX,PURCHASE,OWNER,SFR,BetaLoan,2024
LN103930,2023-12,240700.0,7.562,360,<620,75-85,35-43,IL,PURCHASE,OWNER,SFR,AlphaServ,2023
LN103931,2021-10,512600.0,5.102,360,<620,75-85,<=20,PA,REFINANCE,INVESTOR,SFR,AlphaServ,2021
LN103932,2023-12,202900.0,6.026,240,780+,75-85,20-35,NY,PURCHASE,OWNER,SFR,EagleTrust,2023
LN103933,2024-01,221100.0,6.614,360,680-739,75-85,35-43,AZ,PURCHASE,SECOND_HOME,SFR,CasaMortgage,2024
LN103934,2022-02,230100.0,4.224,360,740-779,>95,20-35,CA,PURCHASE,OWNER,CONDO,BetaLoan,2022
LN103935,2024-06,141100.0,6.1,360,740-779,85-95,20-35,GA,PURCHASE,OWNER,TOWNHOUSE,AlphaServ,2024
LN103936,2023-05,294200.0,6.012,360,680-739,85-95,35-43,TX,PURCHASE,OWNER,SFR,DeltaHome,2023
LN103937,2023-02,181100.0,5.512,360,740-779,<=60,>43,GA,REFINANCE,OWNER,CONDO,EagleTrust,2023
LN103938,2024-01,197400.0,6.015,360,780+,75-85,20-35,WA,REFINANCE,OWNER,TOWNHOUSE,AlphaServ,2024
LN103939,2023-04,185900.0,6.574,240,620-679,75-85,35-43,OH,CASHOUT_REFI,INVESTOR,SFR,CasaMortgage,2023
LN103940,2023-05,196000.0,5.847,360,740-779,75-85,20-35,NY,CASHOUT_REFI,OWNER,SFR,EagleTrust,2023
LN103941,2022-08,175000.0,5.156,360,680-739,85-95,20-35,PA,PURCHASE,OWNER,SFR,EagleTrust,2022
LN103942,2024-09,285300.0,6.711,360,620-679,60-75,20-35,IL,PURCHASE,OWNER,MULTI_2_4,CasaMortgage,2024
LN103943,2024-11,238000.0,6.741,360,680-739,<=60,>43,OH,PURCHASE,OWNER,MULTI_2_4,BetaLoan,2024
LN103944,2021-12,260800.0,3.548,360,780+,85-95,20-35,FL,CASHOUT_REFI,OWNER,CONDO,AlphaServ,2021
LN103945,2024-01,736200.0,7.528,360,<620,75-85,>43,OH,PURCHASE,SECOND_HOME,SFR,BetaLoan,2024
LN103946,2021-07,238000.0,3.877,360,680-739,75-85,20-35,NC,PURCHASE,OWNER,SFR,DeltaHome,2021
LN103947,2022-10,335100.0,5.211,360,740-779,85-95,20-35,IL,PURCHASE,OWNER,TOWNHOUSE,AlphaServ,2022
LN103948,2024-11,352700.0,7.704,360,<620,85-95,20-35,TX,PURCHASE,OWNER,SFR,AlphaServ,2024
LN103949,2022-02,248100.0,4.301,360,740-779,85-95,20-35,CA,PURCHASE,INVESTOR,SFR,DeltaHome,2022
LN103950,2022-10,288700.0,4.779,360,780+,60-75,20-35,TX,REFINANCE,OWNER,SFR,EagleTrust,2022
LN103951,2022-04,257600.0,5.095,360,620-679,75-85,20-35,PA,PURCHASE,OWNER,TOWNHOUSE,AlphaServ,2022
LN103952,2024-01,279600.0,6.908,180,620-679,75-85,35-43,WA,CASHOUT_REFI,OWNER,SFR,AlphaServ,2024
LN103953,2023-02,196000.0,5.209,360,780+,75-85,35-43,OH,CASHOUT_REFI,OWNER,SFR,BetaLoan,2023
LN103954,2023-07,204400.0,6.941,180,620-679,75-85,>43,PA,REFINANCE,OWNER,SFR,EagleTrust,2023
LN103955,2024-10,257200.0,7.867,360,<620,<=60,<=20,CA,PURCHASE,OWNER,SFR,AlphaServ,2024
LN103956,2023-04,105100.0,5.877,360,780+,60-75,35-43,PA,PURCHASE,OWNER,CONDO,AlphaServ,2023
LN103957,2024-01,500400.0,5.854,360,780+,75-85,20-35,FL,PURCHASE,INVESTOR,SFR,EagleTrust,2024
LN103958,2021-11,674900.0,4.307,360,740-779,75-85,20-35,TX,REFINANCE,OWNER,CONDO,BetaLoan,2021
LN103959,2022-04,275600.0,4.542,360,680-739,<=60,20-35,TX,PURCHASE,OWNER,SFR,CasaMortgage,2022
LN103960,2024-10,344400.0,5.974,360,780+,85-95,>43,IL,PURCHASE,OWNER,SFR,BetaLoan,2024
LN103961,2024-07,415200.0,6.461,360,680-739,60-75,20-35,OH,PURCHASE,OWNER,SFR,CasaMortgage,2024
LN103962,2023-10,140600.0,6.227,240,740-779,75-85,20-35,CA,PURCHASE,OWNER,SFR,BetaLoan,2023
LN103963,2022-10,387600.0,4.57,360,780+,85-95,20-35,FL,PURCHASE,INVESTOR,SFR,AlphaServ,2022
LN103964,2022-03,210700.0,4.073,240,740-779,85-95,20-35,NC,PURCHASE,INVESTOR,SFR,AlphaServ,2022
LN103965,2024-06,715600.0,6.812,360,680-739,60-75,<=20,MI,PURCHASE,OWNER,SFR,AlphaServ,2024
LN103966,2024-03,234500.0,7.064,360,680-739,<=60,35-43,TX,CASHOUT_REFI,OWNER,SFR,AlphaServ,2024
LN103967,2022-05,384100.0,4.369,360,680-739,60-75,20-35,TX,REFINANCE,OWNER,SFR,AlphaServ,2022
LN103968,2023-07,235600.0,6.552,360,680-739,60-75,<=20,NC,PURCHASE,OWNER,TOWNHOUSE,EagleTrust,2023
LN103969,2023-08,685900.0,6.198,360,680-739,60-75,<=20,GA,REFINANCE,OWNER,SFR,AlphaServ,2023
LN103970,2023-03,202700.0,5.967,360,680-739,75-85,20-35,IL,REFINANCE,OWNER,SFR,EagleTrust,2023
LN103971,2024-09,431200.0,6.04,360,740-779,75-85,20-35,OH,PURCHASE,OWNER,MULTI_2_4,EagleTrust,2024
LN103972,2021-12,338400.0,4.477,360,680-739,60-75,20-35,IL,REFINANCE,OWNER,SFR,BetaLoan,2021
LN103973,2022-05,306200.0,5.771,360,<620,85-95,<=20,NY,PURCHASE,OWNER,SFR,AlphaServ,2022
LN103974,2021-10,283000.0,4.201,360,680-739,<=60,<=20,MI,REFINANCE,OWNER,CONDO,EagleTrust,2021
LN103975,2023-12,189100.0,7.093,360,620-679,>95,20-35,AZ,PURCHASE,OWNER,MULTI_2_4,CasaMortgage,2023
LN103976,2023-10,79700.0,6.311,360,740-779,75-85,35-43,GA,PURCHASE,OWNER,MULTI_2_4,BetaLoan,2023
LN103977,2024-12,413900.0,6.291,360,680-739,75-85,35-43,TX,PURCHASE,OWNER,SFR,AlphaServ,2024
LN103978,2023-05,204800.0,6.287,360,680-739,60-75,20-35,WA,REFINANCE,OWNER,SFR,DeltaHome,2023
LN103979,2022-01,432100.0,3.956,360,740-779,75-85,20-35,CA,REFINANCE,OWNER,SFR,DeltaHome,2022
LN103980,2023-01,299000.0,6.594,360,<620,75-85,35-43,WA,CASHOUT_REFI,INVESTOR,SFR,AlphaServ,2023
LN103981,2021-10,438100.0,4.671,360,620-679,>95,20-35,OH,PURCHASE,OWNER,SFR,AlphaServ,2021
LN103982,2023-11,366200.0,6.269,180,780+,<=60,>43,NC,CASHOUT_REFI,OWNER,SFR,DeltaHome,2023
LN103983,2023-11,84200.0,6.515,360,680-739,75-85,35-43,NY,PURCHASE,OWNER,SFR,DeltaHome,2023
LN103984,2024-07,336600.0,6.592,360,740-779,85-95,20-35,FL,PURCHASE,OWNER,SFR,BetaLoan,2024
LN103985,2022-09,218700.0,4.741,360,780+,75-85,20-35,TX,PURCHASE,OWNER,SFR,AlphaServ,2022
LN103986,2022-08,431200.0,4.356,180,780+,75-85,20-35,CA,PURCHASE,OWNER,SFR,AlphaServ,2022
LN103987,2021-09,333000.0,4.79,240,<620,>95,20-35,FL,PURCHASE,OWNER,SFR,CasaMortgage,2021
LN103988,2022-12,334800.0,5.123,360,740-779,60-75,<=20,TX,REFINANCE,OWNER,SFR,AlphaServ,2022
LN103989,2023-02,225800.0,5.72,360,740-779,<=60,35-43,OH,PURCHASE,OWNER,CONDO,AlphaServ,2023
LN103990,2024-02,169300.0,7.335,360,620-679,>95,>43,PA,CASHOUT_REFI,OWNER,TOWNHOUSE,AlphaServ,2024
LN103991,2024-02,210100.0,6.298,360,780+,<=60,>43,CA,CASHOUT_REFI,OWNER,SFR,CasaMortgage,2024
LN103992,2021-12,113600.0,4.462,360,680-739,85-95,20-35,MI,CASHOUT_REFI,OWNER,SFR,BetaLoan,2021
LN103993,2022-06,195700.0,4.688,360,780+,<=60,>43,TX,PURCHASE,OWNER,SFR,EagleTrust,2022
LN103994,2023-04,132100.0,5.968,360,740-779,<=60,35-43,GA,PURCHASE,INVESTOR,CONDO,AlphaServ,2023
LN103995,2022-09,133700.0,5.506,360,680-739,60-75,20-35,GA,CASHOUT_REFI,OWNER,SFR,EagleTrust,2022
LN103996,2021-08,269000.0,4.513,240,620-679,85-95,>43,NC,PURCHASE,OWNER,CONDO,BetaLoan,2021
LN103997,2024-06,324600.0,5.943,360,780+,<=60,>43,CA,PURCHASE,OWNER,SFR,EagleTrust,2024
LN103998,2024-01,251600.0,6.35,360,680-739,60-75,20-35,CA,REFINANCE,OWNER,SFR,AlphaServ,2024
LN103999,2023-04,203900.0,6.974,360,<620,60-75,35-43,TX,REFINANCE,OWNER,SFR,AlphaServ,2023
LN104000,2022-08,166700.0,5.748,360,<620,<=60,35-43,WA,PURCHASE,OWNER,CONDO,BetaLoan,2022
LN104001,2024-06,221300.0,6.239,360,740-779,<=60,35-43,FL,PURCHASE,OWNER,SFR,AlphaServ,2024
LN104002,2021-08,176300.0,4.435,360,620-679,>95,20-35,GA,PURCHASE,OWNER,SFR,AlphaServ,2021
LN104003,2023-01,248100.0,5.691,180,740-779,85-95,<=20,FL,PURCHASE,OWNER,SFR,BetaLoan,2023
LN104004,2024-04,128700.0,6.276,360,740-779,60-75,>43,IL,PURCHASE,OWNER,SFR,CasaMortgage,2024
LN104005,2024-11,350000.0,7.153,360,620-679,60-75,<=20,NY,CASHOUT_REFI,OWNER,SFR,CasaMortgage,2024
LN104006,2022-05,197800.0,4.386,360,740-779,<=60,<=20,TX,REFINANCE,OWNER,SFR,AlphaServ,2022
LN104007,2023-10,302300.0,6.717,180,620-679,60-75,20-35,FL,PURCHASE,OWNER,SFR,DeltaHome,2023
LN104008,2022-02,380500.0,4.279,360,780+,60-75,20-35,TX,PURCHASE,OWNER,SFR,BetaLoan,2022
LN104009,2021-11,295800.0,3.944,240,780+,>95,20-35,TX,CASHOUT_REFI,INVESTOR,SFR,CasaMortgage,2021
LN104010,2022-09,365700.0,5.326,360,680-739,60-75,<=20,NY,REFINANCE,SECOND_HOME,SFR,AlphaServ,2022
LN104011,2024-08,100700.0,6.478,360,680-739,75-85,>43,MI,PURCHASE,OWNER,SFR,AlphaServ,2024
LN104012,2023-11,204500.0,6.941,360,680-739,85-95,20-35,TX,CASHOUT_REFI,OWNER,SFR,CasaMortgage,2023
LN104013,2023-03,419300.0,5.558,360,780+,60-75,>43,TX,CASHOUT_REFI,OWNER,SFR,AlphaServ,2023
LN104014,2022-06,321000.0,5.052,360,680-739,85-95,35-43,TX,PURCHASE,OWNER,SFR,AlphaServ,2022
LN104015,2021-12,586400.0,4.27,360,740-779,85-95,20-35,MI,REFINANCE,OWNER,SFR,EagleTrust,2021
LN104016,2022-06,549600.0,4.475,360,780+,<=60,20-35,TX,REFINANCE,OWNER,CONDO,BetaLoan,2022
LN104017,2022-01,292100.0,4.564,360,620-679,85-95,20-35,PA,CASHOUT_REFI,OWNER,SFR,DeltaHome,2022
LN104018,2022-02,227900.0,4.423,360,680-739,60-75,>43,FL,PURCHASE,OWNER,SFR,DeltaHome,2022
LN104019,2023-11,165800.0,6.839,360,620-679,<=60,35-43,FL,REFINANCE,INVESTOR,SFR,AlphaServ,2023
LN104020,2021-12,206100.0,3.995,360,740-779,85-95,35-43,FL,PURCHASE,OWNER,SFR,BetaLoan,2021
LN104021,2021-08,212400.0,4.155,360,680-739,85-95,>43,NY,PURCHASE,OWNER,SFR,CasaMortgage,2021
LN104022,2023-05,195400.0,5.659,360,780+,<=60,20-35,NY,REFINANCE,OWNER,SFR,DeltaHome,2023
LN104023,2022-07,168800.0,4.96,360,680-739,60-75,>43,NY,PURCHASE,OWNER,SFR,EagleTrust,2022
LN104024,2023-02,305800.0,6.375,360,620-679,85-95,35-43,WA,REFINANCE,OWNER,TOWNHOUSE,AlphaServ,2023
LN104025,2021-12,547700.0,3.527,180,780+,85-95,20-35,NC,PURCHASE,OWNER,SFR,CasaMortgage,2021
LN104026,2022-03,388500.0,3.99,360,780+,75-85,>43,AZ,CASHOUT_REFI,OWNER,TOWNHOUSE,BetaLoan,2022
LN104027,2023-01,220800.0,5.583,360,740-779,75-85,20-35,AZ,REFINANCE,INVESTOR,SFR,BetaLoan,2023
LN104028,2023-11,402800.0,6.262,180,740-779,75-85,20-35,NY,REFINANCE,OWNER,CONDO,AlphaServ,2023
LN104029,2022-12,298300.0,5.572,360,680-739,75-85,<=20,MI,REFINANCE,OWNER,SFR,EagleTrust,2022
LN104030,2023-05,250600.0,5.837,360,740-779,<=60,35-43,IL,REFINANCE,OWNER,SFR,CasaMortgage,2023
LN104031,2023-04,243700.0,6.773,240,<620,60-75,35-43,OH,PURCHASE,OWNER,TOWNHOUSE,CasaMortgage,2023
LN104032,2022-06,233300.0,5.152,360,620-679,75-85,20-35,NC,REFINANCE,OWNER,TOWNHOUSE,EagleTrust,2022
LN104033,2022-06,342100.0,4.055,360,780+,85-95,20-35,OH,CASHOUT_REFI,INVESTOR,CONDO,AlphaServ,2022
LN104034,2022-12,271800.0,5.364,180,740-779,85-95,<=20,IL,PURCHASE,OWNER,SFR,CasaMortgage,2022
LN104035,2021-08,183900.0,4.576,240,620-679,75-85,20-35,CA,PURCHASE,OWNER,SFR,BetaLoan,2021
LN104036,2023-11,179900.0,6.797,360,620-679,75-85,35-43,WA,PURCHASE,OWNER,SFR,BetaLoan,2023
LN104037,2023-08,292900.0,5.508,360,780+,60-75,35-43,CA,PURCHASE,OWNER,SFR,DeltaHome,2023
LN104038,2022-07,309600.0,5.578,360,620-679,85-95,<=20,CA,REFINANCE,INVESTOR,CONDO,AlphaServ,2022
LN104039,2022-10,221700.0,5.877,360,620-679,>95,<=20,CA,PURCHASE,INVESTOR,SFR,EagleTrust,2022
LN104040,2022-08,153400.0,5.403,180,620-679,85-95,<=20,GA,PURCHASE,OWNER,MULTI_2_4,BetaLoan,2022
LN104041,2023-10,448200.0,7.232,360,<620,85-95,>43,FL,PURCHASE,OWNER,SFR,BetaLoan,2023
LN104042,2024-02,407300.0,7.148,360,620-679,>95,20-35,AZ,REFINANCE,OWNER,SFR,BetaLoan,2024
LN104043,2021-11,104400.0,3.812,360,780+,60-75,20-35,OH,PURCHASE,INVESTOR,SFR,AlphaServ,2021
LN104044,2022-12,466400.0,5.834,360,680-739,75-85,<=20,MI,REFINANCE,OWNER,SFR,CasaMortgage,2022
LN104045,2021-07,232300.0,3.788,180,680-739,75-85,<=20,CA,REFINANCE,OWNER,SFR,CasaMortgage,2021
LN104046,2023-01,278000.0,5.629,360,740-779,75-85,35-43,NY,REFINANCE,OWNER,MULTI_2_4,AlphaServ,2023
LN104047,2022-05,426000.0,4.579,360,680-739,85-95,20-35,GA,CASHOUT_REFI,OWNER,MULTI_2_4,AlphaServ,2022
LN104048,2022-09,536900.0,4.745,360,740-779,60-75,35-43,TX,REFINANCE,INVESTOR,CONDO,DeltaHome,2022
LN104049,2023-02,400800.0,5.64,360,740-779,60-75,20-35,NY,PURCHASE,OWNER,SFR,BetaLoan,2023
LN104050,2022-08,284500.0,4.947,240,740-779,60-75,20-35,MI,CASHOUT_REFI,OWNER,MULTI_2_4,CasaMortgage,2022
LN104051,2022-11,137400.0,5.282,360,740-779,60-75,35-43,NC,PURCHASE,OWNER,TOWNHOUSE,BetaLoan,2022
LN104052,2024-03,102600.0,6.311,360,740-779,75-85,20-35,AZ,CASHOUT_REFI,OWNER,SFR,AlphaServ,2024
LN104053,2024-05,379000.0,6.094,360,740-779,<=60,20-35,OH,CASHOUT_REFI,OWNER,SFR,CasaMortgage,2024
LN104054,2021-07,466900.0,3.405,360,740-779,<=60,<=20,TX,PURCHASE,OWNER,SFR,AlphaServ,2021
LN104055,2022-10,176900.0,5.92,360,620-679,75-85,35-43,AZ,PURCHASE,OWNER,SFR,CasaMortgage,2022
LN104056,2024-06,226100.0,6.645,360,680-739,75-85,20-35,WA,REFINANCE,SECOND_HOME,SFR,BetaLoan,2024
LN104057,2023-05,198600.0,5.838,360,740-779,75-85,20-35,IL,PURCHASE,OWNER,SFR,BetaLoan,2023
LN104058,2022-03,196300.0,4.466,360,680-739,<=60,20-35,CA,PURCHASE,OWNER,SFR,CasaMortgage,2022
LN104059,2023-07,414000.0,5.879,360,780+,>95,<=20,TX,CASHOUT_REFI,OWNER,MULTI_2_4,CasaMortgage,2023
LN104060,2022-01,281600.0,4.295,360,680-739,<=60,35-43,MI,PURCHASE,OWNER,SFR,DeltaHome,2022
LN104061,2021-07,230200.0,4.587,360,620-679,85-95,35-43,CA,PURCHASE,SECOND_HOME,SFR,AlphaServ,2021
LN104062,2023-09,844000.0,6.095,360,780+,85-95,20-35,FL,PURCHASE,OWNER,SFR,AlphaServ,2023
LN104063,2023-04,133900.0,6.528,240,620-679,85-95,>43,FL,REFINANCE,OWNER,SFR,AlphaServ,2023
LN104064,2024-02,326600.0,6.546,360,680-739,75-85,20-35,MI,CASHOUT_REFI,OWNER,SFR,CasaMortgage,2024
LN104065,2022-09,159200.0,5.347,180,680-739,60-75,20-35,NY,CASHOUT_REFI,OWNER,SFR,AlphaServ,2022
LN104066,2024-06,237800.0,5.583,360,780+,85-95,20-35,IL,PURCHASE,OWNER,SFR,DeltaHome,2024
LN104067,2022-12,272900.0,5.695,360,680-739,75-85,35-43,NC,PURCHASE,OWNER,TOWNHOUSE,BetaLoan,2022
LN104068,2024-01,373300.0,5.983,360,740-779,85-95,<=20,MI,CASHOUT_REFI,OWNER,SFR,BetaLoan,2024
LN104069,2021-11,226900.0,4.009,360,740-779,75-85,20-35,FL,CASHOUT_REFI,OWNER,SFR,CasaMortgage,2021
LN104070,2021-11,216400.0,4.096,360,740-779,>95,>43,TX,PURCHASE,OWNER,SFR,CasaMortgage,2021
LN104071,2024-03,225100.0,5.639,360,780+,>95,>43,TX,PURCHASE,INVESTOR,SFR,AlphaServ,2024
LN104072,2024-06,157000.0,6.423,180,740-779,85-95,35-43,TX,REFINANCE,OWNER,SFR,BetaLoan,2024
LN104073,2024-10,339300.0,6.529,360,680-739,>95,<=20,CA,PURCHASE,OWNER,SFR,DeltaHome,2024
LN104074,2022-08,289700.0,4.75,180,780+,75-85,20-35,NY,REFINANCE,OWNER,SFR,CasaMortgage,2022
LN104075,2021-07,310500.0,4.24,360,680-739,60-75,20-35,TX,PURCHASE,OWNER,SFR,AlphaServ,2021
LN104076,2024-12,247400.0,7.435,360,<620,75-85,<=20,MI,REFINANCE,OWNER,SFR,EagleTrust,2024
LN104077,2023-08,234000.0,6.441,360,680-739,75-85,<=20,CA,PURCHASE,OWNER,SFR,EagleTrust,2023
LN104078,2022-05,433200.0,4.259,360,740-779,75-85,35-43,WA,PURCHASE,INVESTOR,CONDO,BetaLoan,2022
LN104079,2024-03,404300.0,6.84,360,620-679,60-75,<=20,CA,PURCHASE,OWNER,SFR,BetaLoan,2024
LN104080,2024-08,482500.0,6.944,360,680-739,75-85,20-35,FL,PURCHASE,OWNER,SFR,DeltaHome,2024
LN104081,2022-06,301800.0,5.071,360,680-739,60-75,<=20,MI,REFINANCE,INVESTOR,SFR,AlphaServ,2022
LN104082,2024-03,469200.0,6.68,240,680-739,85-95,20-35,AZ,PURCHASE,OWNER,SFR,CasaMortgage,2024
LN104083,2024-04,211700.0,7.33,180,<620,>95,35-43,CA,PURCHASE,OWNER,CONDO,CasaMortgage,2024
LN104084,2023-04,233200.0,5.708,240,780+,60-75,20-35,PA,REFINANCE,OWNER,SFR,CasaMortgage,2023
LN104085,2023-09,437000.0,6.382,360,680-739,85-95,35-43,MI,PURCHASE,OWNER,CONDO,AlphaServ,2023
LN104086,2022-06,373100.0,5.693,360,620-679,60-75,<=20,NY,REFINANCE,OWNER,CONDO,AlphaServ,2022
LN104087,2024-10,224000.0,6.797,360,680-739,75-85,20-35,GA,PURCHASE,OWNER,CONDO,BetaLoan,2024
LN104088,2024-12,159400.0,6.345,180,680-739,>95,20-35,FL,CASHOUT_REFI,OWNER,SFR,BetaLoan,2024
LN104089,2024-12,232900.0,6.363,360,680-739,<=60,20-35,FL,CASHOUT_REFI,OWNER,SFR,BetaLoan,2024
LN104090,2024-01,187600.0,6.532,360,680-739,<=60,>43,CA,PURCHASE,OWNER,SFR,CasaMortgage,2024
LN104091,2021-08,554600.0,5.226,180,<620,>95,35-43,CA,REFINANCE,OWNER,TOWNHOUSE,AlphaServ,2021
LN104092,2022-10,359300.0,5.137,360,780+,60-75,20-35,IL,REFINANCE,OWNER,MULTI_2_4,CasaMortgage,2022
LN104093,2023-01,180800.0,5.439,360,680-739,60-75,>43,CA,CASHOUT_REFI,OWNER,SFR,AlphaServ,2023
LN104094,2024-11,159500.0,7.499,360,<620,75-85,35-43,CA,CASHOUT_REFI,OWNER,SFR,BetaLoan,2024
LN104095,2023-05,179800.0,6.137,360,740-779,<=60,20-35,CA,PURCHASE,OWNER,SFR,BetaLoan,2023
LN104096,2023-05,198500.0,5.889,360,740-779,60-75,>43,GA,PURCHASE,OWNER,SFR,BetaLoan,2023
LN104097,2022-01,236800.0,4.17,360,740-779,85-95,35-43,GA,CASHOUT_REFI,OWNER,CONDO,DeltaHome,2022
LN104098,2024-04,421500.0,6.944,180,680-739,75-85,35-43,MI,PURCHASE,OWNER,TOWNHOUSE,BetaLoan,2024
LN104099,2022-09,165200.0,5.551,180,680-739,75-85,20-35,WA,PURCHASE,OWNER,SFR,CasaMortgage,2022
LN104100,2021-10,715200.0,4.267,360,680-739,85-95,<=20,WA,PURCHASE,OWNER,TOWNHOUSE,DeltaHome,2021
LN104101,2024-12,167000.0,7.456,240,<620,60-75,35-43,TX,PURCHASE,SECOND_HOME,TOWNHOUSE,BetaLoan,2024
LN104102,2022-02,135400.0,4.447,360,680-739,75-85,35-43,FL,PURCHASE,OWNER,CONDO,BetaLoan,2022
LN104103,2021-07,545700.0,3.661,180,780+,>95,35-43,OH,PURCHASE,OWNER,CONDO,BetaLoan,2021
LN104104,2021-10,462600.0,3.844,360,740-779,85-95,35-43,CA,PURCHASE,OWNER,SFR,DeltaHome,2021
LN104105,2023-02,235100.0,6.136,360,680-739,75-85,>43,TX,PURCHASE,SECOND_HOME,CONDO,AlphaServ,2023
LN104106,2021-11,303000.0,4.449,360,620-679,75-85,20-35,PA,REFINANCE,OWNER,SFR,EagleTrust,2021
LN104107,2024-06,306500.0,6.191,360,740-779,85-95,20-35,NY,REFINANCE,OWNER,CONDO,AlphaServ,2024
LN104108,2023-04,271400.0,6.072,360,680-739,75-85,20-35,IL,REFINANCE,OWNER,MULTI_2_4,DeltaHome,2023
LN104109,2022-08,142400.0,5.782,360,620-679,60-75,<=20,NC,PURCHASE,SECOND_HOME,SFR,DeltaHome,2022
LN104110,2021-07,83500.0,4.605,360,620-679,75-85,20-35,PA,REFINANCE,INVESTOR,SFR,AlphaServ,2021
LN104111,2023-03,174500.0,5.805,360,740-779,60-75,20-35,PA,PURCHASE,OWNER,SFR,CasaMortgage,2023
LN104112,2022-01,578000.0,4.134,360,740-779,>95,<=20,AZ,PURCHASE,OWNER,SFR,AlphaServ,2022
LN104113,2024-12,588300.0,7.036,360,<620,75-85,35-43,FL,PURCHASE,OWNER,SFR,AlphaServ,2024
LN104114,2022-07,226900.0,5.541,240,620-679,75-85,20-35,GA,CASHOUT_REFI,INVESTOR,CONDO,CasaMortgage,2022
LN104115,2023-02,165900.0,5.447,360,740-779,60-75,20-35,CA,PURCHASE,OWNER,TOWNHOUSE,CasaMortgage,2023
LN104116,2021-07,289300.0,3.638,360,740-779,>95,20-35,WA,PURCHASE,INVESTOR,SFR,BetaLoan,2021
LN104117,2021-12,311000.0,4.556,360,740-779,60-75,20-35,TX,PURCHASE,OWNER,SFR,DeltaHome,2021
LN104118,2022-03,334500.0,5.034,180,620-679,85-95,35-43,NY,PURCHASE,OWNER,SFR,CasaMortgage,2022
LN104119,2021-09,81900.0,3.855,180,740-779,85-95,20-35,WA,PURCHASE,INVESTOR,SFR,CasaMortgage,2021
LN104120,2024-01,1057000.0,6.028,360,780+,>95,20-35,GA,PURCHASE,OWNER,SFR,CasaMortgage,2024
LN104121,2024-10,424900.0,6.768,180,680-739,60-75,20-35,FL,PURCHASE,OWNER,TOWNHOUSE,BetaLoan,2024
LN104122,2024-12,233500.0,6.694,360,620-679,85-95,<=20,CA,PURCHASE,OWNER,SFR,AlphaServ,2024
LN104123,2022-06,184700.0,4.486,360,740-779,60-75,35-43,IL,REFINANCE,OWNER,MULTI_2_4,CasaMortgage,2022
LN104124,2024-04,398000.0,7.206,360,620-679,>95,>43,OH,REFINANCE,OWNER,CONDO,DeltaHome,2024
LN104125,2023-04,319000.0,7.04,360,<620,<=60,<=20,GA,CASHOUT_REFI,INVESTOR,CONDO,EagleTrust,2023
LN104126,2021-08,266100.0,4.16,360,680-739,75-85,20-35,TX,PURCHASE,OWNER,SFR,AlphaServ,2021
LN104127,2021-10,313700.0,3.566,360,780+,75-85,35-43,NC,PURCHASE,OWNER,SFR,CasaMortgage,2021
LN104128,2023-06,242600.0,6.4,360,680-739,85-95,35-43,FL,CASHOUT_REFI,INVESTOR,SFR,AlphaServ,2023
LN104129,2022-12,305800.0,5.106,360,780+,60-75,20-35,WA,REFINANCE,SECOND_HOME,SFR,AlphaServ,2022
LN104130,2021-07,353900.0,3.766,360,680-739,<=60,35-43,GA,PURCHASE,OWNER,MULTI_2_4,AlphaServ,2021
LN104131,2024-10,297900.0,6.721,360,680-739,85-95,>43,AZ,PURCHASE,SECOND_HOME,SFR,EagleTrust,2024
LN104132,2024-01,291000.0,7.305,240,<620,60-75,20-35,CA,REFINANCE,OWNER,SFR,CasaMortgage,2024
LN104133,2023-04,477700.0,5.611,360,740-779,60-75,35-43,AZ,CASHOUT_REFI,OWNER,SFR,BetaLoan,2023
LN104134,2024-12,124400.0,7.211,360,<620,<=60,35-43,AZ,PURCHASE,OWNER,SFR,DeltaHome,2024
LN104135,2024-11,178300.0,6.528,360,680-739,>95,<=20,IL,PURCHASE,OWNER,SFR,AlphaServ,2024
LN104136,2024-11,258300.0,6.783,360,620-679,75-85,>43,WA,REFINANCE,OWNER,SFR,BetaLoan,2024
LN104137,2022-05,183800.0,5.096,180,680-739,85-95,>43,MI,PURCHASE,OWNER,SFR,AlphaServ,2022
LN104138,2024-07,213600.0,6.789,360,680-739,85-95,35-43,WA,REFINANCE,OWNER,SFR,BetaLoan,2024
LN104139,2023-04,455700.0,7.06,360,<620,85-95,20-35,MI,PURCHASE,OWNER,SFR,AlphaServ,2023
LN104140,2024-01,238700.0,6.801,180,620-679,75-85,35-43,AZ,PURCHASE,OWNER,SFR,EagleTrust,2024
LN104141,2024-07,112100.0,6.263,360,780+,60-75,35-43,TX,REFINANCE,OWNER,SFR,AlphaServ,2024
LN104142,2022-01,211000.0,5.323,360,<620,85-95,<=20,TX,CASHOUT_REFI,OWNER,SFR,AlphaServ,2022
LN104143,2023-01,262000.0,5.701,360,680-739,75-85,20-35,IL,REFINANCE,OWNER,SFR,AlphaServ,2023
LN104144,2021-12,259900.0,4.337,360,680-739,<=60,<=20,NC,PURCHASE,OWNER,SFR,BetaLoan,2021
LN104145,2022-06,327800.0,4.927,360,680-739,85-95,20-35,TX,REFINANCE,OWNER,CONDO,AlphaServ,2022
LN104146,2022-12,316000.0,5.267,360,740-779,60-75,35-43,NY,REFINANCE,OWNER,SFR,DeltaHome,2022
LN104147,2024-06,239800.0,6.747,360,620-679,75-85,>43,TX,PURCHASE,OWNER,SFR,BetaLoan,2024
LN104148,2024-07,149200.0,6.808,360,680-739,75-85,20-35,AZ,REFINANCE,SECOND_HOME,SFR,EagleTrust,2024
LN104149,2022-11,209300.0,5.403,360,740-779,>95,35-43,MI,REFINANCE,OWNER,SFR,AlphaServ,2022
LN104150,2022-08,192900.0,5.133,360,680-739,60-75,20-35,CA,CASHOUT_REFI,OWNER,CONDO,BetaLoan,2022
LN104151,2023-05,224500.0,5.82,360,780+,60-75,20-35,CA,PURCHASE,OWNER,TOWNHOUSE,EagleTrust,2023
LN104152,2024-09,348400.0,6.226,360,780+,75-85,35-43,WA,CASHOUT_REFI,OWNER,SFR,BetaLoan,2024
LN104153,2024-12,306200.0,7.318,360,<620,>95,<=20,NY,REFINANCE,OWNER,SFR,BetaLoan,2024
LN104154,2022-04,369800.0,4.592,360,680-739,75-85,<=20,GA,PURCHASE,OWNER,CONDO,AlphaServ,2022
LN104155,2022-02,214700.0,5.166,360,620-679,75-85,20-35,WA,CASHOUT_REFI,INVESTOR,SFR,CasaMortgage,2022
LN104156,2023-12,503200.0,6.834,240,620-679,>95,>43,WA,PURCHASE,OWNER,CONDO,BetaLoan,2023
LN104157,2022-07,345500.0,5.36,360,680-739,85-95,>43,CA,CASHOUT_REFI,OWNER,CONDO,CasaMortgage,2022
LN104158,2022-03,268500.0,4.85,360,740-779,60-75,35-43,GA,PURCHASE,OWNER,CONDO,EagleTrust,2022
LN104159,2021-08,334900.0,4.141,360,680-739,60-75,20-35,WA,REFINANCE,OWNER,SFR,CasaMortgage,2021
LN104160,2022-11,188300.0,5.266,360,680-739,75-85,35-43,TX,REFINANCE,SECOND_HOME,SFR,AlphaServ,2022
LN104161,2022-11,98800.0,5.558,360,680-739,75-85,20-35,GA,CASHOUT_REFI,INVESTOR,SFR,BetaLoan,2022
LN104162,2023-06,194300.0,5.813,360,780+,<=60,20-35,MI,CASHOUT_REFI,OWNER,SFR,CasaMortgage,2023
LN104163,2022-03,357300.0,4.033,360,780+,75-85,<=20,CA,PURCHASE,INVESTOR,MULTI_2_4,CasaMortgage,2022
LN104164,2024-01,264600.0,7.707,360,<620,>95,<=20,NY,REFINANCE,OWNER,SFR,AlphaServ,2024
LN104165,2023-11,240000.0,6.141,180,740-779,85-95,>43,TX,REFINANCE,OWNER,SFR,BetaLoan,2023
LN104166,2023-02,174300.0,6.027,180,680-739,75-85,35-43,CA,PURCHASE,SECOND_HOME,SFR,BetaLoan,2023
LN104167,2022-02,105900.0,4.226,360,740-779,60-75,35-43,CA,PURCHASE,OWNER,SFR,BetaLoan,2022
LN104168,2023-04,484600.0,5.922,360,740-779,60-75,35-43,FL,REFINANCE,OWNER,SFR,EagleTrust,2023
LN104169,2023-11,232500.0,5.859,360,780+,>95,35-43,OH,PURCHASE,OWNER,SFR,EagleTrust,2023
LN104170,2022-10,210400.0,6.506,360,<620,75-85,35-43,WA,PURCHASE,OWNER,SFR,DeltaHome,2022
LN104171,2022-06,188700.0,4.711,360,680-739,60-75,35-43,WA,CASHOUT_REFI,INVESTOR,SFR,EagleTrust,2022
LN104172,2023-04,448900.0,5.715,360,780+,85-95,<=20,AZ,PURCHASE,OWNER,CONDO,EagleTrust,2023
LN104173,2022-09,379500.0,5.791,360,620-679,<=60,20-35,MI,CASHOUT_REFI,OWNER,SFR,BetaLoan,2022
LN104174,2022-11,165200.0,5.796,360,620-679,60-75,20-35,CA,PURCHASE,OWNER,SFR,BetaLoan,2022
LN104175,2022-09,431100.0,4.806,360,740-779,60-75,<=20,NY,CASHOUT_REFI,SECOND_HOME,TOWNHOUSE,AlphaServ,2022
LN104176,2022-07,239100.0,4.66,360,740-779,85-95,35-43,MI,PURCHASE,OWNER,SFR,AlphaServ,2022
LN104177,2024-01,193900.0,6.773,180,680-739,85-95,35-43,WA,PURCHASE,OWNER,SFR,AlphaServ,2024
LN104178,2023-02,223700.0,5.722,360,740-779,75-85,35-43,IL,PURCHASE,SECOND_HOME,SFR,AlphaServ,2023
LN104179,2023-02,179400.0,5.834,360,740-779,75-85,20-35,NC,REFINANCE,OWNER,SFR,AlphaServ,2023
LN104180,2023-10,140900.0,7.1,360,620-679,85-95,20-35,WA,PURCHASE,OWNER,SFR,BetaLoan,2023
LN104181,2022-10,361900.0,5.274,360,740-779,60-75,>43,GA,REFINANCE,OWNER,CONDO,CasaMortgage,2022
LN104182,2021-11,231100.0,3.927,360,740-779,<=60,>43,MI,PURCHASE,OWNER,SFR,DeltaHome,2021
LN104183,2024-06,337000.0,5.716,180,740-779,85-95,20-35,WA,REFINANCE,OWNER,CONDO,AlphaServ,2024
LN104184,2021-09,290500.0,4.656,360,620-679,85-95,>43,NC,PURCHASE,OWNER,SFR,CasaMortgage,2021
LN104185,2023-07,326700.0,7.184,360,620-679,60-75,>43,CA,PURCHASE,OWNER,SFR,BetaLoan,2023
LN104186,2022-06,101700.0,4.459,360,740-779,60-75,20-35,WA,REFINANCE,OWNER,SFR,CasaMortgage,2022
LN104187,2022-03,172800.0,4.941,360,620-679,85-95,20-35,PA,PURCHASE,OWNER,MULTI_2_4,AlphaServ,2022
LN104188,2021-08,329800.0,5.314,180,<620,60-75,>43,TX,PURCHASE,OWNER,SFR,DeltaHome,2021
LN104189,2024-08,143800.0,6.379,240,740-779,75-85,35-43,WA,REFINANCE,OWNER,TOWNHOUSE,BetaLoan,2024
LN104190,2023-01,301900.0,5.916,180,680-739,85-95,35-43,CA,PURCHASE,OWNER,CONDO,DeltaHome,2023
LN104191,2022-09,136500.0,5.225,360,680-739,75-85,>43,WA,PURCHASE,OWNER,CONDO,BetaLoan,2022
LN104192,2024-02,257100.0,7.538,360,<620,75-85,35-43,PA,CASHOUT_REFI,OWNER,SFR,EagleTrust,2024
LN104193,2021-08,526800.0,5.029,180,<620,85-95,<=20,TX,PURCHASE,INVESTOR,SFR,CasaMortgage,2021
LN104194,2023-06,361700.0,6.074,360,740-779,>95,20-35,PA,PURCHASE,OWNER,SFR,EagleTrust,2023
LN104195,2023-03,111000.0,5.844,360,680-739,85-95,>43,CA,PURCHASE,OWNER,SFR,BetaLoan,2023
LN104196,2023-06,373900.0,7.134,360,620-679,75-85,<=20,WA,PURCHASE,SECOND_HOME,SFR,AlphaServ,2023
LN104197,2021-12,579500.0,4.3,360,680-739,>95,<=20,GA,CASHOUT_REFI,OWNER,TOWNHOUSE,BetaLoan,2021
LN104198,2024-11,898700.0,6.743,360,620-679,75-85,35-43,IL,REFINANCE,OWNER,SFR,AlphaServ,2024
LN104199,2022-05,316100.0,5.041,360,620-679,<=60,35-43,WA,CASHOUT_REFI,OWNER,SFR,AlphaServ,2022
LN104200,2023-11,138100.0,6.329,360,680-739,60-75,<=20,CA,PURCHASE,OWNER,SFR,BetaLoan,2023
LN104201,2024-02,310400.0,6.541,360,680-739,60-75,20-35,IL,PURCHASE,OWNER,SFR,BetaLoan,2024
LN104202,2022-09,523500.0,5.642,240,620-679,60-75,35-43,NC,PURCHASE,OWNER,CONDO,AlphaServ,2022
LN104203,2021-12,234600.0,4.474,360,680-739,85-95,20-35,CA,PURCHASE,OWNER,TOWNHOUSE,AlphaServ,2021
LN104204,2022-07,408200.0,4.794,360,680-739,<=60,<=20,CA,PURCHASE,SECOND_HOME,SFR,CasaMortgage,2022
LN104205,2024-04,174900.0,6.353,360,680-739,75-85,>43,GA,PURCHASE,SECOND_HOME,CONDO,DeltaHome,2024
LN104206,2024-09,301800.0,7.105,360,<620,85-95,35-43,FL,PURCHASE,OWNER,SFR,AlphaServ,2024
LN104207,2024-10,83300.0,7.513,360,<620,<=60,20-35,IL,PURCHASE,INVESTOR,MULTI_2_4,AlphaServ,2024
LN104208,2022-04,166400.0,5.675,360,<620,75-85,35-43,GA,PURCHASE,OWNER,CONDO,CasaMortgage,2022
LN104209,2023-08,254500.0,5.802,360,680-739,>95,20-35,NY,REFINANCE,OWNER,SFR,CasaMortgage,2023
LN104210,2022-01,216700.0,4.146,180,740-779,<=60,20-35,TX,REFINANCE,INVESTOR,SFR,DeltaHome,2022
LN104211,2023-12,142200.0,6.825,360,620-679,60-75,>43,TX,PURCHASE,OWNER,SFR,AlphaServ,2023
LN104212,2022-12,203900.0,5.594,360,740-779,<=60,20-35,TX,REFINANCE,OWNER,CONDO,EagleTrust,2022
LN104213,2023-12,296100.0,6.599,180,740-779,85-95,35-43,NC,PURCHASE,OWNER,SFR,AlphaServ,2023
LN104214,2023-11,245500.0,7.12,360,<620,75-85,20-35,CA,PURCHASE,SECOND_HOME,SFR,AlphaServ,2023
LN104215,2024-12,262300.0,7.291,360,<620,>95,20-35,WA,REFINANCE,OWNER,SFR,BetaLoan,2024
LN104216,2023-03,354800.0,6.636,360,620-679,85-95,20-35,CA,PURCHASE,OWNER,SFR,EagleTrust,2023
LN104217,2022-09,218700.0,6.386,360,<620,75-85,20-35,FL,PURCHASE,OWNER,SFR,AlphaServ,2022
LN104218,2023-05,470500.0,6.2,360,680-739,>95,35-43,PA,PURCHASE,OWNER,SFR,CasaMortgage,2023
LN104219,2022-01,163500.0,5.437,180,<620,<=60,35-43,CA,PURCHASE,OWNER,SFR,DeltaHome,2022
LN104220,2021-11,607800.0,4.019,180,740-779,85-95,35-43,OH,REFINANCE,SECOND_HOME,SFR,EagleTrust,2021
LN104221,2023-04,421200.0,6.321,360,680-739,85-95,<=20,FL,REFINANCE,SECOND_HOME,SFR,DeltaHome,2023
LN104222,2024-05,217500.0,6.493,360,740-779,85-95,20-35,WA,PURCHASE,OWNER,SFR,AlphaServ,2024
LN104223,2023-05,224100.0,5.905,360,740-779,75-85,20-35,TX,PURCHASE,OWNER,SFR,DeltaHome,2023
LN104224,2024-03,280100.0,6.748,360,680-739,<=60,35-43,CA,PURCHASE,INVESTOR,SFR,DeltaHome,2024
LN104225,2022-02,334200.0,3.934,360,780+,85-95,>43,GA,CASHOUT_REFI,OWNER,TOWNHOUSE,EagleTrust,2022
LN104226,2023-01,417700.0,5.488,240,780+,75-85,35-43,FL,REFINANCE,OWNER,SFR,AlphaServ,2023
LN104227,2023-08,139600.0,6.282,360,680-739,85-95,20-35,AZ,PURCHASE,OWNER,SFR,BetaLoan,2023
LN104228,2022-09,310800.0,5.78,360,620-679,85-95,35-43,AZ,PURCHASE,INVESTOR,SFR,BetaLoan,2022
LN104229,2021-07,98500.0,4.137,360,680-739,75-85,<=20,MI,PURCHASE,OWNER,SFR,CasaMortgage,2021
LN104230,2021-10,235700.0,4.75,360,620-679,>95,<=20,CA,CASHOUT_REFI,OWNER,CONDO,AlphaServ,2021
LN104231,2024-09,491000.0,6.548,360,680-739,<=60,20-35,GA,CASHOUT_REFI,OWNER,SFR,AlphaServ,2024
LN104232,2023-08,134900.0,6.246,360,680-739,<=60,20-35,CA,PURCHASE,OWNER,CONDO,BetaLoan,2023
LN104233,2022-06,124300.0,4.878,360,680-739,60-75,20-35,CA,PURCHASE,OWNER,CONDO,CasaMortgage,2022
LN104234,2022-05,281900.0,4.207,360,740-779,60-75,20-35,TX,PURCHASE,OWNER,CONDO,CasaMortgage,2022
LN104235,2021-08,476600.0,4.018,360,680-739,75-85,35-43,IL,PURCHASE,OWNER,SFR,AlphaServ,2021
LN104236,2024-10,295500.0,6.265,360,680-739,60-75,<=20,NY,PURCHASE,OWNER,SFR,CasaMortgage,2024
LN104237,2021-11,108300.0,4.248,360,680-739,85-95,20-35,MI,REFINANCE,INVESTOR,SFR,BetaLoan,2021
LN104238,2024-02,119700.0,6.485,360,740-779,>95,20-35,IL,REFINANCE,OWNER,SFR,BetaLoan,2024
LN104239,2022-05,266700.0,4.638,180,740-779,85-95,20-35,TX,PURCHASE,OWNER,TOWNHOUSE,AlphaServ,2022
LN104240,2022-09,150100.0,5.894,360,<620,75-85,20-35,CA,REFINANCE,OWNER,SFR,BetaLoan,2022
LN104241,2022-06,271400.0,4.637,360,740-779,>95,<=20,OH,PURCHASE,OWNER,SFR,AlphaServ,2022
LN104242,2024-05,278800.0,7.456,360,620-679,85-95,20-35,NC,REFINANCE,OWNER,TOWNHOUSE,CasaMortgage,2024
LN104243,2021-08,204800.0,3.693,360,740-779,85-95,35-43,TX,PURCHASE,OWNER,SFR,AlphaServ,2021
LN104244,2022-09,577600.0,5.084,360,740-779,60-75,20-35,GA,PURCHASE,INVESTOR,SFR,BetaLoan,2022
LN104245,2022-06,332900.0,5.11,360,680-739,85-95,35-43,PA,REFINANCE,OWNER,SFR,AlphaServ,2022
LN104246,2022-06,440300.0,4.323,360,740-779,<=60,20-35,TX,CASHOUT_REFI,OWNER,SFR,CasaMortgage,2022
LN104247,2022-03,386300.0,4.115,360,780+,60-75,35-43,PA,PURCHASE,INVESTOR,SFR,AlphaServ,2022
LN104248,2024-09,238600.0,6.44,360,740-779,<=60,20-35,WA,REFINANCE,OWNER,SFR,BetaLoan,2024
LN104249,2022-10,233900.0,5.38,360,680-739,85-95,>43,WA,PURCHASE,OWNER,SFR,CasaMortgage,2022
LN104250,2022-12,223300.0,5.143,360,740-779,<=60,<=20,CA,REFINANCE,OWNER,SFR,EagleTrust,2022
LN104251,2022-11,346800.0,5.803,360,680-739,75-85,>43,CA,PURCHASE,OWNER,CONDO,BetaLoan,2022
LN104252,2024-12,190500.0,5.876,360,740-779,75-85,20-35,NC,REFINANCE,OWNER,TOWNHOUSE,AlphaServ,2024
LN104253,2022-09,554700.0,4.392,240,780+,60-75,35-43,NY,PURCHASE,SECOND_HOME,TOWNHOUSE,CasaMortgage,2022
LN104254,2022-09,182500.0,5.442,180,620-679,60-75,20-35,TX,PURCHASE,OWNER,SFR,BetaLoan,2022
LN104255,2022-08,281100.0,5.485,360,620-679,85-95,<=20,NY,PURCHASE,OWNER,CONDO,AlphaServ,2022
LN104256,2022-08,230200.0,4.876,360,680-739,>95,<=20,OH,PURCHASE,OWNER,CONDO,CasaMortgage,2022
LN104257,2021-10,208400.0,4.362,360,620-679,85-95,<=20,TX,PURCHASE,OWNER,MULTI_2_4,AlphaServ,2021
LN104258,2023-08,678400.0,6.288,360,680-739,85-95,20-35,CA,CASHOUT_REFI,OWNER,SFR,BetaLoan,2023
LN104259,2021-08,209500.0,4.733,360,620-679,60-75,20-35,MI,REFINANCE,OWNER,SFR,BetaLoan,2021
LN104260,2022-04,222500.0,4.436,360,740-779,<=60,20-35,NY,PURCHASE,OWNER,SFR,AlphaServ,2022
LN104261,2022-03,189300.0,4.989,360,620-679,75-85,35-43,TX,PURCHASE,OWNER,CONDO,CasaMortgage,2022
LN104262,2022-07,260000.0,5.322,360,680-739,>95,<=20,WA,PURCHASE,OWNER,SFR,DeltaHome,2022
LN104263,2024-02,243900.0,6.896,360,680-739,60-75,35-43,MI,REFINANCE,SECOND_HOME,SFR,BetaLoan,2024
LN104264,2023-08,154300.0,6.245,360,680-739,60-75,35-43,NY,REFINANCE,OWNER,SFR,BetaLoan,2023
LN104265,2024-12,210900.0,6.313,360,680-739,85-95,20-35,TX,PURCHASE,OWNER,MULTI_2_4,BetaLoan,2024
LN104266,2022-09,335800.0,4.883,180,740-779,75-85,35-43,NC,PURCHASE,INVESTOR,CONDO,CasaMortgage,2022
LN104267,2024-09,405200.0,6.114,360,780+,75-85,20-35,NC,PURCHASE,OWNER,MULTI_2_4,DeltaHome,2024
LN104268,2021-08,258000.0,4.048,240,740-779,85-95,20-35,AZ,PURCHASE,OWNER,CONDO,AlphaServ,2021
LN104269,2023-04,262100.0,6.849,360,<620,75-85,35-43,CA,PURCHASE,OWNER,SFR,AlphaServ,2023
LN104270,2024-04,217000.0,7.488,360,<620,>95,35-43,GA,REFINANCE,OWNER,SFR,CasaMortgage,2024
LN104271,2023-05,203600.0,5.703,240,780+,60-75,20-35,FL,CASHOUT_REFI,OWNER,CONDO,BetaLoan,2023
LN104272,2024-10,168800.0,6.812,180,680-739,75-85,20-35,WA,REFINANCE,OWNER,SFR,BetaLoan,2024
LN104273,2022-08,126700.0,5.024,360,740-779,<=60,20-35,CA,PURCHASE,OWNER,SFR,CasaMortgage,2022
LN104274,2021-08,186100.0,3.602,360,740-779,60-75,20-35,IL,CASHOUT_REFI,OWNER,SFR,EagleTrust,2021
LN104275,2024-03,383400.0,7.147,360,620-679,60-75,>43,NC,PURCHASE,OWNER,SFR,DeltaHome,2024
LN104276,2021-09,210900.0,4.08,360,680-739,<=60,35-43,MI,PURCHASE,INVESTOR,SFR,BetaLoan,2021
LN104277,2024-03,218400.0,6.347,360,740-779,60-75,<=20,GA,REFINANCE,OWNER,SFR,AlphaServ,2024
LN104278,2024-01,216500.0,6.04,360,740-779,75-85,20-35,IL,PURCHASE,OWNER,SFR,BetaLoan,2024
LN104279,2024-06,446900.0,6.631,360,620-679,60-75,20-35,AZ,PURCHASE,OWNER,SFR,BetaLoan,2024
LN104280,2023-03,168100.0,5.695,240,740-779,<=60,35-43,OH,REFINANCE,OWNER,CONDO,AlphaServ,2023
LN104281,2024-08,289100.0,6.802,360,620-679,75-85,<=20,IL,PURCHASE,OWNER,SFR,BetaLoan,2024
LN104282,2022-02,247500.0,3.918,360,780+,60-75,35-43,PA,PURCHASE,OWNER,TOWNHOUSE,EagleTrust,2022
LN104283,2023-01,263200.0,6.108,360,620-679,<=60,35-43,NY,PURCHASE,OWNER,SFR,BetaLoan,2023
LN104284,2021-12,284900.0,4.006,180,740-779,>95,<=20,GA,CASHOUT_REFI,OWNER,SFR,EagleTrust,2021
LN104285,2024-03,261900.0,7.042,360,620-679,75-85,<=20,FL,PURCHASE,OWNER,SFR,AlphaServ,2024
LN104286,2023-12,364700.0,6.387,360,740-779,85-95,35-43,TX,PURCHASE,OWNER,SFR,CasaMortgage,2023
LN104287,2024-04,251900.0,6.734,360,680-739,60-75,35-43,IL,PURCHASE,OWNER,SFR,AlphaServ,2024
LN104288,2024-03,559600.0,7.237,360,620-679,75-85,20-35,FL,PURCHASE,OWNER,SFR,CasaMortgage,2024
LN104289,2022-07,260400.0,4.742,360,740-779,<=60,<=20,CA,PURCHASE,OWNER,SFR,AlphaServ,2022
LN104290,2021-09,118600.0,3.406,240,780+,75-85,20-35,IL,CASHOUT_REFI,OWNER,SFR,EagleTrust,2021
LN104291,2024-10,340200.0,6.431,180,740-779,85-95,20-35,GA,REFINANCE,OWNER,SFR,AlphaServ,2024
LN104292,2023-03,304500.0,6.101,360,680-739,85-95,35-43,CA,CASHOUT_REFI,SECOND_HOME,TOWNHOUSE,CasaMortgage,2023
LN104293,2021-10,259000.0,4.023,360,740-779,75-85,20-35,OH,PURCHASE,OWNER,SFR,CasaMortgage,2021
LN104294,2024-09,227100.0,6.719,360,680-739,60-75,35-43,FL,REFINANCE,INVESTOR,MULTI_2_4,BetaLoan,2024
LN104295,2024-12,98600.0,6.445,360,680-739,85-95,20-35,CA,CASHOUT_REFI,OWNER,SFR,EagleTrust,2024
LN104296,2023-01,106300.0,5.779,360,680-739,75-85,35-43,CA,PURCHASE,OWNER,TOWNHOUSE,AlphaServ,2023
LN104297,2024-03,535700.0,6.966,180,680-739,75-85,>43,NC,PURCHASE,SECOND_HOME,SFR,AlphaServ,2024
LN104298,2021-08,196100.0,4.254,360,620-679,75-85,<=20,OH,REFINANCE,OWNER,SFR,CasaMortgage,2021
LN104299,2021-10,394200.0,4.095,360,680-739,75-85,>43,WA,REFINANCE,OWNER,SFR,BetaLoan,2021
LN104300,2022-06,124100.0,5.45,360,620-679,60-75,35-43,NC,PURCHASE,OWNER,SFR,CasaMortgage,2022
LN104301,2023-10,159400.0,6.462,360,680-739,75-85,>43,WA,REFINANCE,OWNER,SFR,CasaMortgage,2023
LN104302,2021-12,346400.0,4.593,360,620-679,<=60,20-35,FL,PURCHASE,OWNER,SFR,CasaMortgage,2021
LN104303,2021-08,243700.0,4.641,360,620-679,75-85,35-43,OH,CASHOUT_REFI,OWNER,SFR,BetaLoan,2021
LN104304,2023-11,325100.0,6.479,360,740-779,75-85,20-35,OH,REFINANCE,SECOND_HOME,SFR,AlphaServ,2023
LN104305,2024-03,253700.0,6.629,360,680-739,75-85,20-35,IL,PURCHASE,OWNER,SFR,AlphaServ,2024
LN104306,2024-02,232500.0,7.203,360,<620,60-75,>43,AZ,PURCHASE,OWNER,SFR,AlphaServ,2024
LN104307,2024-04,188000.0,6.325,360,740-779,75-85,>43,IL,REFINANCE,OWNER,SFR,EagleTrust,2024
LN104308,2024-04,149100.0,6.178,360,780+,75-85,<=20,TX,PURCHASE,OWNER,SFR,EagleTrust,2024
LN104309,2023-08,479800.0,5.728,360,780+,<=60,20-35,NC,PURCHASE,OWNER,SFR,BetaLoan,2023
LN104310,2023-04,516700.0,5.924,360,780+,60-75,>43,TX,REFINANCE,INVESTOR,SFR,CasaMortgage,2023
LN104311,2024-06,159900.0,6.202,360,780+,<=60,20-35,CA,CASHOUT_REFI,OWNER,SFR,AlphaServ,2024
LN104312,2022-09,155300.0,4.821,360,740-779,60-75,20-35,OH,PURCHASE,OWNER,SFR,CasaMortgage,2022
LN104313,2021-11,218300.0,3.838,360,780+,75-85,20-35,CA,REFINANCE,OWNER,CONDO,BetaLoan,2021
LN104314,2024-02,297500.0,6.188,360,780+,75-85,20-35,NC,CASHOUT_REFI,OWNER,TOWNHOUSE,BetaLoan,2024
LN104315,2022-06,235200.0,4.779,360,680-739,60-75,20-35,NY,PURCHASE,OWNER,SFR,AlphaServ,2022
LN104316,2024-12,319600.0,5.964,360,740-779,60-75,35-43,PA,PURCHASE,OWNER,CONDO,BetaLoan,2024
LN104317,2022-12,249700.0,5.355,360,740-779,75-85,20-35,NY,PURCHASE,OWNER,SFR,AlphaServ,2022
LN104318,2024-06,242400.0,6.186,360,740-779,<=60,35-43,NY,PURCHASE,SECOND_HOME,CONDO,AlphaServ,2024
LN104319,2021-08,756100.0,3.642,360,780+,>95,<=20,NY,PURCHASE,OWNER,SFR,BetaLoan,2021
LN104320,2023-10,201500.0,6.447,360,680-739,75-85,35-43,NC,PURCHASE,OWNER,SFR,AlphaServ,2023
LN104321,2023-01,533900.0,5.922,240,680-739,75-85,<=20,CA,PURCHASE,OWNER,SFR,AlphaServ,2023
LN104322,2023-02,489500.0,5.689,360,740-779,60-75,35-43,FL,PURCHASE,OWNER,SFR,BetaLoan,2023
LN104323,2022-06,320200.0,4.732,360,740-779,>95,35-43,TX,PURCHASE,OWNER,SFR,BetaLoan,2022
LN104324,2024-11,107300.0,6.332,360,740-779,75-85,35-43,NY,PURCHASE,OWNER,SFR,AlphaServ,2024
LN104325,2022-11,258800.0,5.261,360,780+,75-85,<=20,AZ,REFINANCE,OWNER,MULTI_2_4,EagleTrust,2022
LN104326,2024-06,202500.0,6.142,360,740-779,85-95,35-43,GA,REFINANCE,OWNER,MULTI_2_4,EagleTrust,2024
LN104327,2022-12,257600.0,5.402,360,780+,60-75,<=20,IL,REFINANCE,SECOND_HOME,SFR,AlphaServ,2022
LN104328,2021-09,158200.0,4.891,360,620-679,>95,<=20,CA,PURCHASE,SECOND_HOME,SFR,BetaLoan,2021
LN104329,2024-07,358700.0,6.32,360,780+,60-75,35-43,OH,PURCHASE,OWNER,SFR,CasaMortgage,2024
LN104330,2022-02,397600.0,5.081,360,<620,85-95,20-35,MI,REFINANCE,OWNER,SFR,AlphaServ,2022
LN104331,2022-06,432100.0,5.195,360,680-739,>95,20-35,FL,CASHOUT_REFI,OWNER,SFR,CasaMortgage,2022
LN104332,2024-07,214900.0,7.637,360,<620,75-85,>43,AZ,REFINANCE,OWNER,SFR,BetaLoan,2024
LN104333,2024-08,158500.0,6.771,360,680-739,85-95,20-35,FL,PURCHASE,OWNER,SFR,AlphaServ,2024
LN104334,2024-09,299000.0,6.42,360,680-739,<=60,35-43,TX,PURCHASE,OWNER,SFR,AlphaServ,2024
LN104335,2022-12,562500.0,5.841,360,620-679,75-85,20-35,PA,PURCHASE,OWNER,SFR,AlphaServ,2022
LN104336,2024-02,263300.0,6.858,360,680-739,60-75,20-35,OH,CASHOUT_REFI,OWNER,TOWNHOUSE,DeltaHome,2024
LN104337,2022-08,312900.0,4.773,360,740-779,60-75,20-35,IL,REFINANCE,OWNER,MULTI_2_4,BetaLoan,2022
LN104338,2024-02,229600.0,6.834,360,620-679,75-85,20-35,AZ,PURCHASE,OWNER,SFR,AlphaServ,2024
LN104339,2023-04,203500.0,5.557,360,740-779,75-85,35-43,PA,PURCHASE,OWNER,SFR,CasaMortgage,2023
LN104340,2021-09,343300.0,4.215,360,620-679,75-85,35-43,WA,PURCHASE,OWNER,CONDO,BetaLoan,2021
LN104341,2022-12,243400.0,6.107,180,620-679,60-75,20-35,NC,REFINANCE,OWNER,TOWNHOUSE,BetaLoan,2022
LN104342,2023-02,306100.0,6.513,180,620-679,75-85,35-43,OH,PURCHASE,OWNER,SFR,AlphaServ,2023
LN104343,2022-05,320700.0,4.523,180,740-779,60-75,20-35,OH,PURCHASE,OWNER,TOWNHOUSE,CasaMortgage,2022
LN104344,2022-10,298500.0,5.113,360,740-779,75-85,35-43,FL,PURCHASE,OWNER,SFR,DeltaHome,2022
LN104345,2023-04,328100.0,6.09,360,740-779,<=60,<=20,TX,CASHOUT_REFI,OWNER,SFR,BetaLoan,2023
LN104346,2021-09,173900.0,4.104,360,740-779,75-85,20-35,PA,PURCHASE,OWNER,SFR,AlphaServ,2021
LN104347,2022-01,169200.0,3.902,360,740-779,>95,20-35,CA,PURCHASE,OWNER,SFR,AlphaServ,2022
LN104348,2024-03,250400.0,6.332,360,740-779,>95,20-35,AZ,PURCHASE,OWNER,SFR,BetaLoan,2024
LN104349,2022-09,253100.0,4.823,360,780+,75-85,20-35,TX,REFINANCE,OWNER,TOWNHOUSE,DeltaHome,2022
LN104350,2023-08,201800.0,6.359,360,680-739,60-75,20-35,TX,PURCHASE,OWNER,MULTI_2_4,CasaMortgage,2023
LN104351,2023-06,284500.0,6.784,360,620-679,75-85,>43,CA,REFINANCE,OWNER,SFR,EagleTrust,2023
LN104352,2023-06,384100.0,6.968,360,620-679,75-85,<=20,FL,REFINANCE,OWNER,CONDO,BetaLoan,2023
LN104353,2022-12,435600.0,5.044,360,740-779,<=60,20-35,CA,PURCHASE,OWNER,SFR,DeltaHome,2022
LN104354,2023-03,481900.0,6.093,360,680-739,>95,<=20,TX,CASHOUT_REFI,OWNER,CONDO,DeltaHome,2023
LN104355,2024-05,141300.0,7.031,240,620-679,60-75,20-35,NC,PURCHASE,OWNER,SFR,EagleTrust,2024
LN104356,2024-11,151200.0,5.979,360,780+,75-85,20-35,NY,REFINANCE,OWNER,SFR,AlphaServ,2024
LN104357,2022-05,224100.0,4.406,360,780+,75-85,>43,CA,PURCHASE,OWNER,SFR,EagleTrust,2022
LN104358,2023-11,264600.0,6.881,360,620-679,85-95,20-35,FL,PURCHASE,OWNER,SFR,CasaMortgage,2023
LN104359,2024-11,229300.0,6.792,360,620-679,85-95,>43,CA,PURCHASE,OWNER,SFR,CasaMortgage,2024
LN104360,2021-07,199100.0,4.604,360,620-679,60-75,<=20,AZ,REFINANCE,OWNER,SFR,AlphaServ,2021
LN104361,2024-03,222600.0,6.369,360,680-739,85-95,35-43,PA,PURCHASE,OWNER,SFR,AlphaServ,2024
LN104362,2023-03,317300.0,5.424,360,780+,85-95,20-35,FL,REFINANCE,INVESTOR,SFR,EagleTrust,2023
LN104363,2024-11,140300.0,6.371,360,680-739,85-95,20-35,TX,PURCHASE,OWNER,CONDO,DeltaHome,2024
LN104364,2023-07,732700.0,7.568,360,<620,<=60,>43,CA,REFINANCE,OWNER,SFR,DeltaHome,2023
LN104365,2024-06,257700.0,6.628,360,680-739,75-85,20-35,NC,PURCHASE,OWNER,SFR,AlphaServ,2024
LN104366,2022-01,409600.0,4.521,360,620-679,85-95,20-35,CA,PURCHASE,OWNER,SFR,BetaLoan,2022
LN104367,2021-12,196600.0,4.343,360,680-739,60-75,35-43,GA,PURCHASE,OWNER,CONDO,BetaLoan,2021
LN104368,2024-09,330500.0,6.365,360,680-739,75-85,20-35,TX,REFINANCE,INVESTOR,TOWNHOUSE,AlphaServ,2024
LN104369,2023-05,267000.0,5.978,180,740-779,85-95,<=20,NC,PURCHASE,OWNER,MULTI_2_4,AlphaServ,2023
LN104370,2023-06,375300.0,6.059,360,680-739,75-85,>43,NY,PURCHASE,OWNER,SFR,AlphaServ,2023
LN104371,2022-02,233400.0,3.678,360,780+,<=60,35-43,CA,CASHOUT_REFI,OWNER,TOWNHOUSE,BetaLoan,2022
LN104372,2022-04,513100.0,5.681,360,<620,60-75,>43,TX,PURCHASE,SECOND_HOME,SFR,BetaLoan,2022
LN104373,2024-05,130400.0,6.191,180,740-779,75-85,35-43,NC,REFINANCE,OWNER,SFR,AlphaServ,2024
LN104374,2022-07,391300.0,6.15,180,<620,60-75,35-43,NC,REFINANCE,OWNER,CONDO,BetaLoan,2022
LN104375,2023-07,269300.0,5.965,360,680-739,60-75,20-35,OH,PURCHASE,OWNER,SFR,BetaLoan,2023
LN104376,2022-08,161400.0,4.764,360,780+,75-85,<=20,FL,PURCHASE,OWNER,SFR,BetaLoan,2022
LN104377,2022-06,614400.0,4.503,360,740-779,<=60,>43,GA,PURCHASE,OWNER,TOWNHOUSE,CasaMortgage,2022
LN104378,2022-01,586500.0,4.902,360,620-679,75-85,35-43,CA,REFINANCE,OWNER,SFR,AlphaServ,2022
LN104379,2024-10,100400.0,6.472,360,680-739,>95,35-43,GA,CASHOUT_REFI,OWNER,SFR,DeltaHome,2024
LN104380,2024-10,276400.0,6.358,360,740-779,75-85,35-43,MI,PURCHASE,OWNER,SFR,AlphaServ,2024
LN104381,2021-11,350700.0,3.684,360,780+,60-75,20-35,CA,PURCHASE,OWNER,SFR,BetaLoan,2021
LN104382,2022-09,311400.0,5.017,360,740-779,60-75,20-35,PA,PURCHASE,OWNER,SFR,DeltaHome,2022
LN104383,2023-06,504800.0,7.436,360,<620,75-85,<=20,AZ,PURCHASE,OWNER,SFR,CasaMortgage,2023
LN104384,2022-11,459700.0,5.586,360,680-739,75-85,35-43,WA,PURCHASE,OWNER,SFR,CasaMortgage,2022
LN104385,2024-01,287600.0,6.86,360,620-679,85-95,20-35,CA,CASHOUT_REFI,OWNER,SFR,DeltaHome,2024
LN104386,2022-05,711200.0,5.496,240,<620,75-85,<=20,AZ,PURCHASE,SECOND_HOME,CONDO,EagleTrust,2022
LN104387,2021-09,389100.0,3.921,240,740-779,75-85,20-35,CA,PURCHASE,OWNER,TOWNHOUSE,AlphaServ,2021
LN104388,2022-09,217900.0,5.202,360,740-779,75-85,20-35,FL,PURCHASE,OWNER,SFR,EagleTrust,2022
LN104389,2023-08,199100.0,7.436,360,<620,75-85,20-35,OH,CASHOUT_REFI,OWNER,SFR,EagleTrust,2023
LN104390,2022-02,446600.0,4.467,360,740-779,60-75,20-35,TX,PURCHASE,OWNER,CONDO,AlphaServ,2022
LN104391,2024-05,178600.0,6.357,360,740-779,75-85,<=20,FL,REFINANCE,OWNER,SFR,AlphaServ,2024
LN104392,2021-07,212300.0,3.659,360,740-779,60-75,20-35,AZ,REFINANCE,OWNER,TOWNHOUSE,CasaMortgage,2021
LN104393,2021-09,229200.0,4.778,240,620-679,75-85,20-35,TX,REFINANCE,OWNER,SFR,DeltaHome,2021
LN104394,2023-04,299600.0,5.902,360,680-739,75-85,20-35,OH,PURCHASE,OWNER,SFR,BetaLoan,2023
LN104395,2023-04,234000.0,6.399,360,620-679,85-95,20-35,PA,REFINANCE,OWNER,SFR,BetaLoan,2023
LN104396,2022-07,141100.0,5.438,360,620-679,60-75,>43,TX,PURCHASE,OWNER,SFR,AlphaServ,2022
LN104397,2022-05,430600.0,4.584,360,680-739,>95,20-35,WA,PURCHASE,OWNER,SFR,CasaMortgage,2022
LN104398,2021-09,212800.0,4.23,360,680-739,75-85,20-35,WA,REFINANCE,OWNER,SFR,BetaLoan,2021
LN104399,2023-10,633500.0,6.82,360,620-679,85-95,35-43,TX,REFINANCE,OWNER,CONDO,AlphaServ,2023
LN104400,2022-10,292700.0,6.03,360,620-679,75-85,20-35,IL,PURCHASE,OWNER,CONDO,EagleTrust,2022
LN104401,2021-11,451500.0,3.822,360,780+,85-95,20-35,CA,REFINANCE,OWNER,SFR,AlphaServ,2021
LN104402,2022-11,339000.0,5.617,360,740-779,85-95,35-43,WA,REFINANCE,INVESTOR,CONDO,BetaLoan,2022
LN104403,2024-10,461300.0,6.63,360,620-679,<=60,<=20,CA,CASHOUT_REFI,OWNER,SFR,DeltaHome,2024
LN104404,2022-05,329900.0,4.353,360,780+,75-85,>43,NY,REFINANCE,OWNER,SFR,CasaMortgage,2022
LN104405,2024-08,283700.0,7.007,360,620-679,>95,20-35,NC,PURCHASE,OWNER,CONDO,AlphaServ,2024
LN104406,2022-05,417500.0,4.79,360,680-739,75-85,35-43,GA,PURCHASE,OWNER,CONDO,EagleTrust,2022
LN104407,2022-02,781300.0,4.079,360,740-779,85-95,>43,GA,PURCHASE,OWNER,TOWNHOUSE,AlphaServ,2022
LN104408,2022-05,226100.0,4.827,360,680-739,85-95,35-43,CA,PURCHASE,OWNER,SFR,DeltaHome,2022
LN104409,2022-08,365000.0,5.205,360,620-679,60-75,20-35,NC,REFINANCE,OWNER,SFR,BetaLoan,2022
LN104410,2021-12,254600.0,3.936,360,680-739,85-95,20-35,MI,REFINANCE,OWNER,SFR,AlphaServ,2021
LN104411,2023-07,320500.0,6.213,360,680-739,60-75,20-35,OH,PURCHASE,OWNER,CONDO,AlphaServ,2023
LN104412,2022-09,260100.0,4.638,360,740-779,<=60,20-35,NC,REFINANCE,OWNER,SFR,AlphaServ,2022
LN104413,2024-01,96700.0,6.642,240,680-739,85-95,35-43,CA,PURCHASE,INVESTOR,CONDO,AlphaServ,2024
LN104414,2023-03,233300.0,5.87,360,680-739,85-95,20-35,TX,REFINANCE,OWNER,CONDO,DeltaHome,2023
LN104415,2023-01,400200.0,5.817,360,680-739,75-85,20-35,CA,PURCHASE,OWNER,SFR,AlphaServ,2023
LN104416,2023-02,180900.0,5.996,360,680-739,60-75,35-43,FL,REFINANCE,OWNER,TOWNHOUSE,CasaMortgage,2023
LN104417,2022-01,386300.0,4.739,240,620-679,75-85,20-35,TX,PURCHASE,OWNER,SFR,AlphaServ,2022
LN104418,2023-12,277200.0,6.169,360,780+,85-95,35-43,TX,PURCHASE,OWNER,MULTI_2_4,AlphaServ,2023
LN104419,2021-11,234200.0,3.845,360,740-779,75-85,<=20,NY,PURCHASE,SECOND_HOME,SFR,BetaLoan,2021
LN104420,2024-01,383700.0,6.557,360,680-739,60-75,35-43,GA,CASHOUT_REFI,OWNER,SFR,EagleTrust,2024
LN104421,2024-12,346800.0,6.099,360,740-779,60-75,<=20,OH,PURCHASE,OWNER,SFR,AlphaServ,2024
LN104422,2024-03,308400.0,7.661,180,<620,75-85,35-43,PA,PURCHASE,OWNER,TOWNHOUSE,CasaMortgage,2024
LN104423,2023-02,403200.0,5.7,240,680-739,60-75,20-35,NY,REFINANCE,OWNER,SFR,BetaLoan,2023
LN104424,2022-08,279700.0,5.223,180,680-739,85-95,35-43,NY,REFINANCE,OWNER,SFR,AlphaServ,2022
LN104425,2024-07,121800.0,6.866,360,680-739,<=60,20-35,CA,REFINANCE,OWNER,SFR,CasaMortgage,2024
LN104426,2022-05,215300.0,4.548,360,740-779,75-85,20-35,MI,CASHOUT_REFI,OWNER,SFR,BetaLoan,2022
LN104427,2023-03,113300.0,5.438,180,780+,85-95,35-43,GA,PURCHASE,OWNER,SFR,DeltaHome,2023
LN104428,2024-03,343100.0,7.053,360,620-679,75-85,35-43,CA,REFINANCE,OWNER,SFR,EagleTrust,2024
LN104429,2024-09,382000.0,6.845,360,620-679,85-95,<=20,TX,PURCHASE,INVESTOR,SFR,CasaMortgage,2024
LN104430,2024-09,389900.0,6.759,360,680-739,60-75,35-43,TX,CASHOUT_REFI,OWNER,SFR,AlphaServ,2024
LN104431,2021-10,318100.0,4.256,360,680-739,75-85,20-35,NY,REFINANCE,OWNER,CONDO,BetaLoan,2021
LN104432,2024-08,394600.0,7.008,360,620-679,85-95,35-43,CA,CASHOUT_REFI,OWNER,SFR,DeltaHome,2024
LN104433,2021-11,125600.0,3.983,360,780+,85-95,35-43,MI,REFINANCE,OWNER,SFR,CasaMortgage,2021
LN104434,2023-07,243200.0,6.07,360,740-779,75-85,35-43,FL,REFINANCE,OWNER,SFR,AlphaServ,2023
LN104435,2024-10,135000.0,5.78,360,780+,60-75,<=20,AZ,CASHOUT_REFI,OWNER,TOWNHOUSE,AlphaServ,2024
LN104436,2023-10,217200.0,6.904,360,620-679,60-75,20-35,TX,PURCHASE,INVESTOR,SFR,AlphaServ,2023
LN104437,2024-10,528200.0,7.393,360,<620,85-95,20-35,FL,PURCHASE,SECOND_HOME,SFR,CasaMortgage,2024
LN104438,2022-09,417500.0,5.29,360,680-739,75-85,<=20,AZ,CASHOUT_REFI,OWNER,SFR,AlphaServ,2022
LN104439,2022-08,343900.0,4.745,360,780+,60-75,35-43,TX,CASHOUT_REFI,INVESTOR,SFR,AlphaServ,2022
LN104440,2022-08,235200.0,5.681,360,620-679,75-85,35-43,PA,REFINANCE,INVESTOR,SFR,BetaLoan,2022
LN104441,2022-09,163200.0,5.499,360,620-679,<=60,35-43,CA,PURCHASE,OWNER,SFR,CasaMortgage,2022
LN104442,2023-11,277700.0,7.427,360,<620,<=60,<=20,IL,PURCHASE,SECOND_HOME,SFR,DeltaHome,2023
LN104443,2023-02,420800.0,5.605,240,740-779,>95,35-43,AZ,REFINANCE,OWNER,SFR,BetaLoan,2023
LN104444,2024-01,307000.0,6.306,360,740-779,75-85,20-35,CA,REFINANCE,OWNER,SFR,DeltaHome,2024
LN104445,2022-12,125000.0,5.477,360,740-779,60-75,20-35,CA,PURCHASE,OWNER,SFR,AlphaServ,2022
LN104446,2022-07,267600.0,5.906,180,<620,85-95,20-35,TX,PURCHASE,OWNER,CONDO,BetaLoan,2022
LN104447,2022-02,107900.0,3.929,240,740-779,>95,20-35,TX,PURCHASE,OWNER,TOWNHOUSE,BetaLoan,2022
LN104448,2023-06,366500.0,6.278,180,680-739,85-95,20-35,NY,PURCHASE,OWNER,SFR,EagleTrust,2023
LN104449,2024-08,186900.0,7.188,360,620-679,85-95,35-43,MI,REFINANCE,OWNER,TOWNHOUSE,CasaMortgage,2024
LN104450,2024-07,147200.0,6.789,360,620-679,>95,<=20,CA,PURCHASE,SECOND_HOME,SFR,CasaMortgage,2024
LN104451,2022-05,368800.0,5.008,180,680-739,60-75,20-35,OH,PURCHASE,INVESTOR,SFR,EagleTrust,2022
LN104452,2023-03,328300.0,5.741,360,680-739,85-95,20-35,NC,PURCHASE,OWNER,SFR,AlphaServ,2023
LN104453,2023-12,283400.0,6.084,360,780+,60-75,<=20,PA,REFINANCE,INVESTOR,CONDO,DeltaHome,2023
LN104454,2023-08,684400.0,6.3,360,680-739,<=60,20-35,WA,REFINANCE,INVESTOR,SFR,DeltaHome,2023
LN104455,2021-09,339700.0,4.124,360,680-739,<=60,35-43,PA,REFINANCE,OWNER,SFR,EagleTrust,2021
LN104456,2023-07,191000.0,6.188,360,740-779,60-75,20-35,CA,REFINANCE,OWNER,SFR,BetaLoan,2023
LN104457,2021-08,322400.0,3.957,180,740-779,85-95,20-35,TX,PURCHASE,OWNER,CONDO,CasaMortgage,2021
LN104458,2021-11,224400.0,5.358,360,<620,85-95,20-35,NC,CASHOUT_REFI,INVESTOR,CONDO,AlphaServ,2021
LN104459,2023-10,451400.0,5.913,240,740-779,<=60,20-35,TX,PURCHASE,OWNER,SFR,CasaMortgage,2023
LN104460,2021-11,289700.0,4.47,180,620-679,85-95,<=20,TX,PURCHASE,OWNER,SFR,BetaLoan,2021
LN104461,2022-09,302800.0,5.19,360,680-739,85-95,20-35,PA,PURCHASE,INVESTOR,SFR,AlphaServ,2022
LN104462,2023-07,133400.0,5.92,180,740-779,<=60,35-43,IL,CASHOUT_REFI,OWNER,CONDO,EagleTrust,2023
LN104463,2023-10,262400.0,6.568,240,680-739,85-95,35-43,NY,PURCHASE,INVESTOR,SFR,EagleTrust,2023
LN104464,2023-01,248900.0,5.968,360,680-739,<=60,20-35,IL,PURCHASE,OWNER,SFR,EagleTrust,2023
LN104465,2021-10,161000.0,4.238,360,620-679,60-75,20-35,TX,PURCHASE,INVESTOR,SFR,AlphaServ,2021
LN104466,2024-04,231000.0,6.399,180,680-739,75-85,20-35,CA,CASHOUT_REFI,INVESTOR,SFR,AlphaServ,2024
LN104467,2024-10,310500.0,6.911,360,620-679,>95,35-43,WA,PURCHASE,OWNER,SFR,CasaMortgage,2024
LN104468,2024-08,254800.0,6.075,360,780+,<=60,20-35,FL,PURCHASE,OWNER,SFR,AlphaServ,2024
LN104469,2024-02,135200.0,6.865,360,680-739,60-75,<=20,IL,PURCHASE,SECOND_HOME,TOWNHOUSE,CasaMortgage,2024
LN104470,2022-11,225700.0,4.847,240,780+,75-85,>43,CA,PURCHASE,OWNER,SFR,BetaLoan,2022
LN104471,2024-07,206800.0,6.489,360,680-739,85-95,<=20,CA,CASHOUT_REFI,OWNER,SFR,CasaMortgage,2024
LN104472,2023-03,278500.0,5.778,360,780+,>95,>43,CA,PURCHASE,OWNER,CONDO,BetaLoan,2023
LN104473,2021-12,265300.0,5.097,360,<620,75-85,20-35,CA,PURCHASE,OWNER,SFR,AlphaServ,2021
LN104474,2024-06,212100.0,7.124,360,620-679,85-95,20-35,GA,REFINANCE,INVESTOR,SFR,AlphaServ,2024
LN104475,2022-08,208400.0,5.967,360,<620,75-85,20-35,CA,REFINANCE,OWNER,SFR,EagleTrust,2022
LN104476,2024-10,263100.0,7.392,240,<620,60-75,35-43,NY,CASHOUT_REFI,OWNER,SFR,BetaLoan,2024
LN104477,2022-10,393700.0,5.033,360,780+,75-85,<=20,GA,PURCHASE,OWNER,SFR,BetaLoan,2022
LN104478,2024-07,289300.0,6.237,360,740-779,60-75,20-35,FL,PURCHASE,OWNER,CONDO,AlphaServ,2024
LN104479,2023-05,484300.0,5.785,240,740-779,85-95,<=20,CA,CASHOUT_REFI,INVESTOR,SFR,BetaLoan,2023
LN104480,2023-02,425000.0,6.063,360,680-739,60-75,<=20,TX,PURCHASE,OWNER,SFR,AlphaServ,2023
LN104481,2022-07,500600.0,4.552,360,740-779,60-75,35-43,CA,PURCHASE,OWNER,SFR,BetaLoan,2022
LN104482,2024-06,472500.0,6.728,360,680-739,>95,20-35,FL,CASHOUT_REFI,OWNER,SFR,CasaMortgage,2024
LN104483,2021-09,515700.0,3.561,360,780+,>95,35-43,FL,PURCHASE,OWNER,SFR,AlphaServ,2021
LN104484,2023-02,151900.0,5.472,360,740-779,75-85,35-43,NY,REFINANCE,SECOND_HOME,SFR,CasaMortgage,2023
LN104485,2022-10,341600.0,5.282,360,740-779,85-95,20-35,TX,CASHOUT_REFI,OWNER,SFR,AlphaServ,2022
LN104486,2023-05,441600.0,6.139,360,680-739,>95,35-43,TX,REFINANCE,INVESTOR,SFR,CasaMortgage,2023
LN104487,2022-05,479100.0,4.223,360,780+,<=60,20-35,GA,CASHOUT_REFI,OWNER,SFR,AlphaServ,2022
LN104488,2023-10,180400.0,7.032,360,<620,75-85,35-43,CA,REFINANCE,OWNER,SFR,BetaLoan,2023
LN104489,2022-11,343100.0,5.355,360,680-739,60-75,20-35,NY,REFINANCE,INVESTOR,SFR,AlphaServ,2022
LN104490,2022-02,264000.0,4.153,360,780+,85-95,20-35,AZ,REFINANCE,OWNER,SFR,CasaMortgage,2022
LN104491,2022-03,586100.0,4.973,180,620-679,<=60,35-43,MI,PURCHASE,OWNER,SFR,DeltaHome,2022
LN104492,2023-12,136700.0,7.151,240,620-679,85-95,35-43,FL,PURCHASE,OWNER,CONDO,CasaMortgage,2023
LN104493,2022-05,180600.0,4.742,360,680-739,60-75,<=20,OH,REFINANCE,OWNER,SFR,EagleTrust,2022
LN104494,2022-07,113000.0,5.028,360,680-739,75-85,20-35,WA,PURCHASE,INVESTOR,SFR,AlphaServ,2022
LN104495,2023-09,272400.0,6.251,360,780+,85-95,35-43,NC,PURCHASE,OWNER,SFR,BetaLoan,2023
LN104496,2022-08,707000.0,4.728,360,780+,<=60,35-43,OH,PURCHASE,INVESTOR,SFR,BetaLoan,2022
LN104497,2022-11,250200.0,5.863,360,680-739,>95,35-43,OH,PURCHASE,OWNER,SFR,BetaLoan,2022
LN104498,2022-05,267100.0,4.177,360,780+,60-75,<=20,AZ,REFINANCE,OWNER,SFR,BetaLoan,2022
LN104499,2022-09,327000.0,4.946,360,740-779,75-85,20-35,TX,CASHOUT_REFI,OWNER,CONDO,CasaMortgage,2022
LN104500,2023-12,242200.0,5.907,360,780+,85-95,>43,OH,PURCHASE,OWNER,CONDO,AlphaServ,2023
LN104501,2023-05,301000.0,6.719,360,620-679,<=60,<=20,FL,PURCHASE,OWNER,SFR,AlphaServ,2023
LN104502,2024-12,304500.0,6.325,360,680-739,75-85,35-43,IL,REFINANCE,OWNER,TOWNHOUSE,AlphaServ,2024
LN104503,2024-03,174500.0,7.793,360,<620,75-85,20-35,CA,PURCHASE,OWNER,SFR,AlphaServ,2024
LN104504,2021-07,244700.0,4.66,360,<620,75-85,35-43,MI,PURCHASE,OWNER,SFR,CasaMortgage,2021
LN104505,2022-10,356400.0,5.131,360,740-779,85-95,<=20,TX,PURCHASE,OWNER,SFR,BetaLoan,2022
LN104506,2022-07,387700.0,5.311,180,620-679,75-85,<=20,OH,PURCHASE,OWNER,SFR,AlphaServ,2022
LN104507,2023-07,457900.0,6.402,360,680-739,60-75,20-35,AZ,REFINANCE,OWNER,SFR,EagleTrust,2023
LN104508,2022-06,296800.0,4.448,360,740-779,60-75,35-43,TX,PURCHASE,OWNER,TOWNHOUSE,CasaMortgage,2022
LN104509,2024-11,299600.0,7.456,360,<620,>95,35-43,FL,REFINANCE,OWNER,TOWNHOUSE,AlphaServ,2024
LN104510,2022-07,357700.0,5.089,360,680-739,75-85,35-43,NY,REFINANCE,OWNER,SFR,AlphaServ,2022
LN104511,2023-04,195300.0,5.936,180,740-779,60-75,>43,OH,PURCHASE,OWNER,SFR,AlphaServ,2023
LN104512,2021-12,191700.0,4.108,240,780+,<=60,20-35,TX,PURCHASE,OWNER,SFR,BetaLoan,2021
LN104513,2024-09,241300.0,6.952,360,620-679,85-95,35-43,NC,PURCHASE,OWNER,SFR,AlphaServ,2024
LN104514,2024-09,143800.0,6.011,240,780+,75-85,<=20,GA,REFINANCE,OWNER,SFR,BetaLoan,2024
LN104515,2024-04,306500.0,6.262,360,740-779,60-75,<=20,CA,PURCHASE,OWNER,SFR,EagleTrust,2024
LN104516,2022-09,409300.0,4.732,180,740-779,85-95,20-35,IL,CASHOUT_REFI,OWNER,CONDO,EagleTrust,2022
LN104517,2021-09,185400.0,4.3,360,680-739,>95,>43,FL,REFINANCE,INVESTOR,CONDO,BetaLoan,2021
LN104518,2023-12,310500.0,6.072,360,740-779,85-95,35-43,FL,PURCHASE,OWNER,SFR,DeltaHome,2023
LN104519,2023-01,192300.0,5.716,360,740-779,75-85,<=20,WA,CASHOUT_REFI,INVESTOR,CONDO,AlphaServ,2023
LN104520,2024-12,161500.0,6.731,360,620-679,60-75,>43,NY,PURCHASE,OWNER,SFR,CasaMortgage,2024
LN104521,2023-12,643700.0,5.748,360,780+,60-75,35-43,CA,PURCHASE,INVESTOR,SFR,DeltaHome,2023
LN104522,2023-05,162600.0,5.288,360,780+,60-75,35-43,FL,PURCHASE,OWNER,SFR,DeltaHome,2023
LN104523,2024-12,143500.0,6.648,180,680-739,75-85,20-35,OH,REFINANCE,OWNER,SFR,CasaMortgage,2024
LN104524,2024-04,281100.0,6.529,360,740-779,60-75,20-35,IL,PURCHASE,SECOND_HOME,SFR,DeltaHome,2024
LN104525,2023-02,288000.0,6.008,360,680-739,75-85,<=20,CA,CASHOUT_REFI,INVESTOR,CONDO,AlphaServ,2023
LN104526,2021-07,344600.0,3.57,360,740-779,75-85,35-43,TX,CASHOUT_REFI,OWNER,TOWNHOUSE,BetaLoan,2021
LN104527,2021-10,628200.0,3.463,240,780+,85-95,<=20,MI,PURCHASE,OWNER,SFR,DeltaHome,2021
LN104528,2023-01,179900.0,6.644,360,<620,<=60,20-35,CA,PURCHASE,OWNER,SFR,BetaLoan,2023
LN104529,2023-06,196800.0,7.359,240,<620,85-95,20-35,TX,PURCHASE,OWNER,SFR,AlphaServ,2023
LN104530,2021-08,526500.0,4.039,360,680-739,75-85,20-35,WA,PURCHASE,OWNER,SFR,DeltaHome,2021
LN104531,2021-12,389500.0,3.527,360,780+,75-85,35-43,GA,PURCHASE,OWNER,TOWNHOUSE,CasaMortgage,2021
LN104532,2023-12,365900.0,6.388,360,680-739,>95,20-35,TX,REFINANCE,OWNER,CONDO,BetaLoan,2023
LN104533,2024-02,195700.0,6.118,360,780+,60-75,20-35,TX,PURCHASE,OWNER,SFR,BetaLoan,2024
LN104534,2021-08,423600.0,4.307,180,680-739,85-95,<=20,NY,CASHOUT_REFI,OWNER,SFR,AlphaServ,2021
LN104535,2023-04,366400.0,6.254,360,680-739,85-95,20-35,GA,CASHOUT_REFI,OWNER,CONDO,DeltaHome,2023
LN104536,2021-10,278000.0,3.522,360,780+,>95,<=20,TX,PURCHASE,OWNER,TOWNHOUSE,AlphaServ,2021
LN104537,2024-01,196200.0,6.563,360,680-739,75-85,<=20,MI,REFINANCE,OWNER,SFR,CasaMortgage,2024
LN104538,2024-06,267800.0,7.18,360,620-679,<=60,20-35,CA,PURCHASE,INVESTOR,CONDO,AlphaServ,2024
LN104539,2024-07,536000.0,7.481,360,<620,<=60,20-35,TX,PURCHASE,OWNER,CONDO,AlphaServ,2024
LN104540,2023-08,156000.0,6.522,360,620-679,85-95,>43,OH,REFINANCE,INVESTOR,SFR,BetaLoan,2023
LN104541,2023-09,178100.0,6.733,360,620-679,<=60,<=20,NC,REFINANCE,SECOND_HOME,SFR,CasaMortgage,2023
LN104542,2024-09,192400.0,6.381,360,620-679,60-75,<=20,NC,REFINANCE,OWNER,SFR,AlphaServ,2024
LN104543,2023-08,212200.0,6.167,360,740-779,>95,35-43,TX,PURCHASE,OWNER,SFR,AlphaServ,2023
LN104544,2023-01,253400.0,6.064,360,680-739,75-85,<=20,NY,PURCHASE,OWNER,SFR,BetaLoan,2023
LN104545,2024-02,392900.0,7.75,360,<620,60-75,35-43,CA,CASHOUT_REFI,INVESTOR,SFR,BetaLoan,2024
LN104546,2023-07,314200.0,6.347,360,680-739,85-95,35-43,CA,CASHOUT_REFI,OWNER,SFR,CasaMortgage,2023
LN104547,2024-06,262300.0,6.439,360,680-739,60-75,35-43,NY,REFINANCE,OWNER,SFR,BetaLoan,2024
LN104548,2023-05,289100.0,5.685,360,780+,75-85,20-35,OH,PURCHASE,OWNER,SFR,BetaLoan,2023
LN104549,2024-07,338000.0,6.618,360,680-739,60-75,<=20,PA,PURCHASE,OWNER,SFR,AlphaServ,2024
LN104550,2021-08,119800.0,4.715,360,620-679,75-85,>43,WA,PURCHASE,INVESTOR,SFR,BetaLoan,2021
LN104551,2021-08,413400.0,3.857,360,740-779,<=60,35-43,OH,REFINANCE,INVESTOR,SFR,AlphaServ,2021
LN104552,2021-11,176000.0,3.429,360,780+,85-95,35-43,PA,PURCHASE,OWNER,SFR,AlphaServ,2021
LN104553,2023-06,209100.0,6.142,180,740-779,60-75,20-35,CA,CASHOUT_REFI,OWNER,TOWNHOUSE,EagleTrust,2023
LN104554,2023-12,297500.0,5.707,360,780+,60-75,20-35,PA,CASHOUT_REFI,OWNER,SFR,AlphaServ,2023
LN104555,2022-04,246700.0,4.185,180,780+,>95,35-43,TX,CASHOUT_REFI,OWNER,SFR,CasaMortgage,2022
LN104556,2022-01,317800.0,4.37,360,740-779,85-95,<=20,NY,CASHOUT_REFI,OWNER,SFR,BetaLoan,2022
LN104557,2024-07,272100.0,5.799,240,780+,75-85,>43,CA,PURCHASE,SECOND_HOME,SFR,BetaLoan,2024
LN104558,2024-02,224100.0,7.463,360,<620,>95,>43,IL,PURCHASE,OWNER,SFR,CasaMortgage,2024
LN104559,2023-10,507800.0,5.984,240,780+,60-75,<=20,GA,REFINANCE,OWNER,SFR,BetaLoan,2023
LN104560,2023-03,351000.0,5.549,360,780+,75-85,20-35,TX,PURCHASE,OWNER,MULTI_2_4,BetaLoan,2023
LN104561,2022-12,292400.0,5.353,360,780+,>95,20-35,PA,CASHOUT_REFI,SECOND_HOME,SFR,BetaLoan,2022
LN104562,2021-07,348600.0,3.937,240,680-739,75-85,20-35,AZ,PURCHASE,OWNER,SFR,AlphaServ,2021
LN104563,2022-02,185800.0,4.273,360,740-779,60-75,20-35,OH,PURCHASE,INVESTOR,MULTI_2_4,BetaLoan,2022
LN104564,2024-08,679200.0,6.933,360,620-679,85-95,35-43,TX,REFINANCE,SECOND_HOME,CONDO,BetaLoan,2024
LN104565,2022-09,156500.0,5.021,360,740-779,<=60,20-35,NC,PURCHASE,OWNER,SFR,EagleTrust,2022
LN104566,2023-12,268600.0,6.3,360,680-739,60-75,20-35,FL,PURCHASE,OWNER,SFR,AlphaServ,2023
LN104567,2023-12,224400.0,6.445,360,740-779,85-95,20-35,TX,REFINANCE,OWNER,CONDO,CasaMortgage,2023
LN104568,2022-07,220600.0,4.751,360,740-779,<=60,20-35,FL,REFINANCE,SECOND_HOME,SFR,EagleTrust,2022
LN104569,2022-03,208100.0,4.653,240,680-739,<=60,20-35,NY,PURCHASE,OWNER,TOWNHOUSE,EagleTrust,2022
LN104570,2023-12,180400.0,7.155,360,620-679,60-75,>43,TX,PURCHASE,OWNER,CONDO,CasaMortgage,2023
LN104571,2021-10,435700.0,4.127,360,680-739,75-85,<=20,FL,REFINANCE,OWNER,SFR,BetaLoan,2021
LN104572,2023-03,148400.0,5.705,360,740-779,75-85,35-43,NY,REFINANCE,INVESTOR,SFR,CasaMortgage,2023
LN104573,2024-08,397400.0,6.261,360,680-739,85-95,20-35,MI,PURCHASE,INVESTOR,MULTI_2_4,EagleTrust,2024
LN104574,2023-12,341800.0,6.284,360,740-779,75-85,35-43,PA,REFINANCE,OWNER,SFR,BetaLoan,2023
LN104575,2024-03,215000.0,7.743,180,<620,85-95,20-35,PA,PURCHASE,OWNER,SFR,BetaLoan,2024
LN104576,2021-10,324400.0,3.869,360,740-779,<=60,20-35,TX,PURCHASE,OWNER,CONDO,AlphaServ,2021
LN104577,2022-03,237700.0,4.098,360,740-779,60-75,20-35,PA,REFINANCE,OWNER,SFR,BetaLoan,2022
LN104578,2022-06,155500.0,5.951,360,<620,>95,35-43,GA,PURCHASE,OWNER,TOWNHOUSE,AlphaServ,2022
LN104579,2022-07,156300.0,4.765,360,680-739,75-85,<=20,TX,CASHOUT_REFI,OWNER,SFR,BetaLoan,2022
LN104580,2022-03,342800.0,4.438,360,680-739,60-75,20-35,FL,CASHOUT_REFI,OWNER,SFR,CasaMortgage,2022
LN104581,2024-11,334900.0,6.802,360,620-679,>95,20-35,FL,PURCHASE,OWNER,SFR,AlphaServ,2024
LN104582,2022-01,284600.0,4.93,360,620-679,75-85,35-43,NY,PURCHASE,OWNER,TOWNHOUSE,AlphaServ,2022
LN104583,2023-12,214000.0,6.994,180,620-679,75-85,<=20,PA,REFINANCE,INVESTOR,SFR,CasaMortgage,2023
LN104584,2023-07,234300.0,7.156,360,<620,60-75,<=20,NY,REFINANCE,OWNER,SFR,AlphaServ,2023
LN104585,2023-08,220500.0,6.723,360,620-679,75-85,35-43,CA,PURCHASE,OWNER,SFR,EagleTrust,2023
LN104586,2022-04,116300.0,4.684,360,680-739,60-75,20-35,NC,PURCHASE,OWNER,SFR,EagleTrust,2022
LN104587,2022-07,262400.0,4.76,360,740-779,75-85,<=20,MI,PURCHASE,OWNER,SFR,EagleTrust,2022
LN104588,2023-08,322900.0,6.442,360,680-739,85-95,20-35,OH,PURCHASE,OWNER,SFR,AlphaServ,2023
LN104589,2022-07,263100.0,4.903,360,680-739,75-85,20-35,IL,PURCHASE,OWNER,MULTI_2_4,AlphaServ,2022
LN104590,2023-12,565900.0,6.447,180,740-779,<=60,>43,MI,PURCHASE,INVESTOR,SFR,AlphaServ,2023
LN104591,2021-08,162400.0,4.381,360,680-739,<=60,35-43,CA,PURCHASE,INVESTOR,SFR,EagleTrust,2021
LN104592,2021-10,189600.0,4.834,360,620-679,85-95,35-43,OH,REFINANCE,OWNER,SFR,DeltaHome,2021
LN104593,2024-01,271000.0,7.193,180,620-679,>95,35-43,WA,PURCHASE,OWNER,SFR,AlphaServ,2024
LN104594,2023-08,284800.0,7.244,360,620-679,<=60,20-35,MI,PURCHASE,OWNER,CONDO,AlphaServ,2023
LN104595,2021-08,108500.0,3.668,180,740-779,60-75,>43,TX,REFINANCE,OWNER,SFR,BetaLoan,2021
LN104596,2024-08,334800.0,6.469,360,680-739,75-85,<=20,AZ,REFINANCE,OWNER,MULTI_2_4,AlphaServ,2024
LN104597,2021-07,285400.0,3.81,180,680-739,85-95,35-43,TX,PURCHASE,INVESTOR,SFR,AlphaServ,2021
LN104598,2024-11,98300.0,6.481,360,680-739,>95,20-35,OH,REFINANCE,OWNER,SFR,AlphaServ,2024
LN104599,2024-01,242200.0,5.85,360,780+,85-95,35-43,GA,PURCHASE,OWNER,TOWNHOUSE,CasaMortgage,2024
LN104600,2024-12,177400.0,7.133,360,620-679,60-75,>43,CA,CASHOUT_REFI,OWNER,SFR,CasaMortgage,2024
LN104601,2024-10,208100.0,6.588,360,680-739,85-95,35-43,CA,PURCHASE,OWNER,SFR,BetaLoan,2024
LN104602,2022-08,139800.0,5.102,360,680-739,85-95,35-43,OH,PURCHASE,OWNER,SFR,AlphaServ,2022
LN104603,2024-02,307800.0,6.092,360,740-779,60-75,35-43,TX,PURCHASE,OWNER,SFR,BetaLoan,2024
LN104604,2022-03,564000.0,4.019,360,740-779,75-85,20-35,NY,PURCHASE,OWNER,SFR,CasaMortgage,2022
LN104605,2023-02,287600.0,5.553,360,740-779,60-75,20-35,NC,REFINANCE,INVESTOR,SFR,BetaLoan,2023
LN104606,2022-05,96600.0,5.461,360,620-679,60-75,20-35,GA,CASHOUT_REFI,OWNER,SFR,AlphaServ,2022
LN104607,2023-03,290300.0,6.258,360,680-739,85-95,20-35,AZ,REFINANCE,OWNER,SFR,EagleTrust,2023
LN104608,2024-07,233800.0,6.432,360,740-779,<=60,20-35,AZ,PURCHASE,OWNER,SFR,AlphaServ,2024
LN104609,2023-01,155500.0,5.44,360,680-739,85-95,<=20,AZ,REFINANCE,OWNER,CONDO,DeltaHome,2023
LN104610,2021-10,299300.0,3.663,360,780+,<=60,>43,NY,PURCHASE,OWNER,MULTI_2_4,CasaMortgage,2021
LN104611,2022-08,379200.0,5.116,360,680-739,60-75,35-43,CA,REFINANCE,OWNER,SFR,BetaLoan,2022
LN104612,2024-04,188900.0,6.478,240,680-739,75-85,<=20,GA,PURCHASE,OWNER,TOWNHOUSE,AlphaServ,2024
LN104613,2023-04,121800.0,6.155,360,680-739,<=60,35-43,AZ,PURCHASE,OWNER,SFR,CasaMortgage,2023
LN104614,2023-06,103200.0,6.138,360,680-739,85-95,35-43,MI,PURCHASE,OWNER,SFR,BetaLoan,2023
LN104615,2023-01,189200.0,5.235,360,780+,60-75,35-43,NC,CASHOUT_REFI,INVESTOR,SFR,AlphaServ,2023
LN104616,2022-07,238000.0,5.268,360,620-679,85-95,20-35,PA,PURCHASE,OWNER,SFR,DeltaHome,2022
LN104617,2023-08,202400.0,6.001,360,740-779,>95,35-43,NY,REFINANCE,SECOND_HOME,CONDO,CasaMortgage,2023
LN104618,2023-09,187700.0,5.567,360,740-779,75-85,20-35,IL,PURCHASE,OWNER,SFR,DeltaHome,2023
LN104619,2024-08,329600.0,6.297,360,740-779,<=60,35-43,TX,PURCHASE,SECOND_HOME,SFR,AlphaServ,2024
LN104620,2023-08,314400.0,6.229,360,740-779,85-95,35-43,NC,REFINANCE,INVESTOR,TOWNHOUSE,BetaLoan,2023
LN104621,2024-12,279200.0,5.851,360,780+,60-75,<=20,FL,REFINANCE,OWNER,TOWNHOUSE,BetaLoan,2024
LN104622,2024-05,368600.0,6.506,360,740-779,60-75,20-35,TX,PURCHASE,OWNER,SFR,AlphaServ,2024
LN104623,2021-10,190000.0,4.023,360,680-739,85-95,<=20,TX,REFINANCE,OWNER,SFR,DeltaHome,2021
LN104624,2022-11,156000.0,4.856,360,780+,60-75,20-35,IL,REFINANCE,SECOND_HOME,SFR,BetaLoan,2022
LN104625,2022-11,201800.0,5.265,180,780+,75-85,<=20,OH,PURCHASE,OWNER,CONDO,BetaLoan,2022
LN104626,2021-07,195600.0,4.366,360,620-679,60-75,35-43,PA,PURCHASE,SECOND_HOME,SFR,BetaLoan,2021
LN104627,2022-02,101400.0,4.196,360,740-779,85-95,20-35,AZ,PURCHASE,OWNER,SFR,EagleTrust,2022
LN104628,2024-03,199700.0,6.734,360,620-679,75-85,20-35,FL,PURCHASE,OWNER,TOWNHOUSE,BetaLoan,2024
LN104629,2022-09,419700.0,4.971,360,740-779,75-85,35-43,FL,PURCHASE,OWNER,TOWNHOUSE,EagleTrust,2022
LN104630,2022-01,366000.0,4.712,360,620-679,75-85,35-43,FL,REFINANCE,OWNER,SFR,EagleTrust,2022
LN104631,2022-07,323300.0,4.655,360,740-779,60-75,20-35,FL,REFINANCE,SECOND_HOME,TOWNHOUSE,BetaLoan,2022
LN104632,2022-06,270800.0,4.827,360,680-739,<=60,35-43,NC,PURCHASE,OWNER,SFR,CasaMortgage,2022
LN104633,2022-02,489900.0,4.187,360,740-779,85-95,35-43,GA,PURCHASE,OWNER,SFR,CasaMortgage,2022
LN104634,2021-11,158400.0,5.155,360,<620,85-95,20-35,CA,PURCHASE,OWNER,SFR,AlphaServ,2021
LN104635,2024-03,165400.0,6.39,360,740-779,85-95,<=20,OH,PURCHASE,OWNER,SFR,EagleTrust,2024
LN104636,2024-05,423300.0,6.247,360,680-739,85-95,35-43,PA,CASHOUT_REFI,OWNER,CONDO,CasaMortgage,2024
LN104637,2023-03,258400.0,6.02,240,740-779,75-85,<=20,CA,PURCHASE,OWNER,CONDO,CasaMortgage,2023
LN104638,2023-08,188700.0,6.376,240,680-739,75-85,<=20,AZ,PURCHASE,OWNER,SFR,CasaMortgage,2023
LN104639,2024-09,327200.0,6.874,360,620-679,85-95,20-35,TX,REFINANCE,OWNER,SFR,AlphaServ,2024
LN104640,2024-06,209500.0,6.663,360,680-739,<=60,>43,FL,PURCHASE,OWNER,SFR,CasaMortgage,2024
LN104641,2021-08,175100.0,3.561,360,780+,75-85,35-43,NY,REFINANCE,OWNER,TOWNHOUSE,DeltaHome,2021
LN104642,2024-11,172900.0,6.944,360,620-679,60-75,35-43,CA,PURCHASE,OWNER,CONDO,DeltaHome,2024
LN104643,2021-09,295000.0,3.765,360,740-779,60-75,20-35,CA,CASHOUT_REFI,OWNER,TOWNHOUSE,BetaLoan,2021
LN104644,2021-08,280000.0,5.097,360,<620,85-95,35-43,TX,PURCHASE,OWNER,CONDO,BetaLoan,2021
LN104645,2022-11,505100.0,4.986,240,740-779,60-75,20-35,CA,REFINANCE,INVESTOR,SFR,CasaMortgage,2022
LN104646,2024-02,224000.0,7.03,360,620-679,85-95,>43,OH,PURCHASE,OWNER,SFR,BetaLoan,2024
LN104647,2021-10,222300.0,4.088,360,680-739,>95,20-35,CA,PURCHASE,OWNER,SFR,BetaLoan,2021
LN104648,2022-07,487900.0,4.696,360,680-739,>95,35-43,CA,PURCHASE,OWNER,SFR,BetaLoan,2022
LN104649,2022-06,397700.0,5.491,360,620-679,85-95,>43,OH,PURCHASE,OWNER,SFR,EagleTrust,2022
LN104650,2022-11,272400.0,5.508,360,680-739,85-95,>43,OH,PURCHASE,OWNER,SFR,CasaMortgage,2022
LN104651,2024-12,126400.0,7.077,360,620-679,75-85,<=20,GA,PURCHASE,OWNER,CONDO,AlphaServ,2024
LN104652,2022-08,177100.0,5.291,360,680-739,85-95,20-35,IL,PURCHASE,SECOND_HOME,SFR,AlphaServ,2022
LN104653,2022-03,158800.0,3.915,360,780+,85-95,35-43,AZ,REFINANCE,OWNER,TOWNHOUSE,AlphaServ,2022
LN104654,2021-12,259500.0,4.507,360,680-739,>95,<=20,CA,REFINANCE,OWNER,CONDO,DeltaHome,2021
LN104655,2022-03,203100.0,4.006,360,780+,75-85,20-35,MI,REFINANCE,OWNER,SFR,AlphaServ,2022
LN104656,2021-12,525100.0,4.176,360,680-739,75-85,20-35,NY,REFINANCE,OWNER,SFR,BetaLoan,2021
LN104657,2023-07,125900.0,6.584,180,620-679,85-95,20-35,AZ,PURCHASE,OWNER,SFR,CasaMortgage,2023
LN104658,2022-12,151400.0,5.963,360,620-679,85-95,20-35,TX,PURCHASE,OWNER,SFR,DeltaHome,2022
LN104659,2023-03,285000.0,6.117,360,680-739,<=60,20-35,WA,REFINANCE,OWNER,SFR,BetaLoan,2023
LN104660,2024-05,322800.0,6.872,360,620-679,75-85,20-35,PA,PURCHASE,OWNER,SFR,AlphaServ,2024
LN104661,2023-07,79700.0,5.939,180,780+,75-85,20-35,TX,REFINANCE,OWNER,SFR,AlphaServ,2023
LN104662,2022-01,116900.0,3.978,360,740-779,75-85,>43,NY,PURCHASE,OWNER,SFR,AlphaServ,2022
LN104663,2022-10,226700.0,5.31,360,740-779,>95,<=20,TX,PURCHASE,OWNER,CONDO,AlphaServ,2022
LN104664,2022-08,469900.0,5.091,360,680-739,75-85,35-43,CA,REFINANCE,OWNER,TOWNHOUSE,CasaMortgage,2022
LN104665,2024-05,596900.0,6.57,360,680-739,85-95,>43,NY,PURCHASE,OWNER,SFR,AlphaServ,2024
LN104666,2022-07,211800.0,4.699,360,740-779,60-75,20-35,OH,CASHOUT_REFI,OWNER,MULTI_2_4,CasaMortgage,2022
LN104667,2021-12,236400.0,4.73,360,620-679,<=60,35-43,NY,PURCHASE,OWNER,SFR,DeltaHome,2021
LN104668,2024-01,175200.0,6.979,360,620-679,60-75,<=20,FL,PURCHASE,OWNER,SFR,BetaLoan,2024
LN104669,2022-12,339400.0,5.535,360,680-739,75-85,20-35,FL,REFINANCE,OWNER,SFR,EagleTrust,2022
LN104670,2021-11,507800.0,4.976,360,620-679,85-95,20-35,TX,REFINANCE,OWNER,SFR,BetaLoan,2021
LN104671,2023-11,449200.0,6.346,240,740-779,75-85,20-35,TX,PURCHASE,OWNER,SFR,BetaLoan,2023
LN104672,2022-03,251900.0,5.615,360,<620,75-85,>43,IL,PURCHASE,OWNER,SFR,AlphaServ,2022
LN104673,2024-07,175000.0,7.206,360,620-679,75-85,<=20,CA,PURCHASE,INVESTOR,SFR,CasaMortgage,2024
LN104674,2024-05,256200.0,6.066,360,780+,>95,20-35,PA,PURCHASE,OWNER,SFR,DeltaHome,2024
LN104675,2022-10,475100.0,5.088,240,780+,60-75,35-43,NC,PURCHASE,OWNER,SFR,AlphaServ,2022
LN104676,2023-06,213200.0,6.543,360,680-739,60-75,20-35,WA,REFINANCE,INVESTOR,CONDO,CasaMortgage,2023
LN104677,2023-06,112800.0,6.556,360,680-739,75-85,20-35,FL,PURCHASE,OWNER,SFR,BetaLoan,2023
LN104678,2023-10,217100.0,6.366,180,740-779,85-95,20-35,TX,PURCHASE,OWNER,CONDO,EagleTrust,2023
LN104679,2021-09,225100.0,4.993,360,<620,75-85,20-35,CA,REFINANCE,OWNER,SFR,AlphaServ,2021
LN104680,2022-08,112500.0,5.403,360,680-739,<=60,<=20,FL,REFINANCE,OWNER,MULTI_2_4,BetaLoan,2022
LN104681,2022-02,283300.0,4.624,180,620-679,75-85,20-35,AZ,PURCHASE,SECOND_HOME,SFR,BetaLoan,2022
LN104682,2023-12,320500.0,6.438,360,680-739,60-75,20-35,OH,REFINANCE,OWNER,MULTI_2_4,BetaLoan,2023
LN104683,2021-09,589500.0,3.217,360,780+,<=60,20-35,WA,REFINANCE,OWNER,SFR,BetaLoan,2021
LN104684,2023-04,140100.0,5.8,360,740-779,60-75,20-35,AZ,PURCHASE,OWNER,SFR,AlphaServ,2023
LN104685,2024-01,354600.0,5.998,360,780+,<=60,20-35,FL,REFINANCE,OWNER,SFR,BetaLoan,2024
LN104686,2024-10,394400.0,6.163,360,740-779,75-85,20-35,NY,PURCHASE,OWNER,TOWNHOUSE,AlphaServ,2024
LN104687,2022-07,322500.0,4.684,180,740-779,85-95,20-35,FL,CASHOUT_REFI,OWNER,CONDO,AlphaServ,2022
LN104688,2021-07,162300.0,3.563,360,740-779,<=60,20-35,MI,REFINANCE,OWNER,SFR,DeltaHome,2021
LN104689,2024-01,158100.0,6.685,360,680-739,75-85,35-43,OH,CASHOUT_REFI,OWNER,SFR,BetaLoan,2024
LN104690,2021-07,266700.0,4.02,240,680-739,75-85,20-35,CA,REFINANCE,OWNER,CONDO,DeltaHome,2021
LN104691,2021-09,265800.0,4.074,360,680-739,<=60,20-35,AZ,PURCHASE,OWNER,TOWNHOUSE,BetaLoan,2021
LN104692,2024-12,198400.0,6.254,360,680-739,85-95,20-35,MI,REFINANCE,OWNER,SFR,EagleTrust,2024
LN104693,2024-07,456500.0,6.811,180,620-679,<=60,20-35,WA,REFINANCE,OWNER,SFR,DeltaHome,2024
LN104694,2023-12,213100.0,6.385,360,680-739,>95,35-43,TX,PURCHASE,OWNER,MULTI_2_4,EagleTrust,2023
LN104695,2024-06,108900.0,7.087,360,620-679,75-85,35-43,MI,PURCHASE,OWNER,SFR,DeltaHome,2024
LN104696,2021-10,230800.0,4.376,360,740-779,60-75,<=20,GA,PURCHASE,OWNER,SFR,CasaMortgage,2021
LN104697,2021-10,316800.0,4.623,360,620-679,>95,20-35,CA,PURCHASE,OWNER,MULTI_2_4,CasaMortgage,2021
LN104698,2022-07,297700.0,5.164,360,680-739,75-85,<=20,TX,PURCHASE,SECOND_HOME,CONDO,DeltaHome,2022
LN104699,2021-07,296700.0,4.215,360,680-739,60-75,35-43,TX,REFINANCE,OWNER,SFR,BetaLoan,2021
LN104700,2024-08,500000.0,6.69,360,620-679,75-85,>43,CA,PURCHASE,OWNER,SFR,AlphaServ,2024
LN104701,2021-09,154600.0,3.84,360,780+,75-85,35-43,GA,PURCHASE,SECOND_HOME,SFR,BetaLoan,2021
LN104702,2023-05,210900.0,6.273,360,680-739,85-95,20-35,PA,REFINANCE,SECOND_HOME,SFR,DeltaHome,2023
LN104703,2024-06,511600.0,7.194,360,620-679,85-95,<=20,WA,REFINANCE,OWNER,SFR,AlphaServ,2024
LN104704,2024-01,105300.0,7.288,240,<620,>95,20-35,TX,CASHOUT_REFI,OWNER,SFR,DeltaHome,2024
LN104705,2022-04,249200.0,4.202,240,780+,>95,20-35,NC,CASHOUT_REFI,OWNER,SFR,BetaLoan,2022
LN104706,2023-02,443700.0,5.771,360,740-779,60-75,>43,CA,REFINANCE,INVESTOR,SFR,DeltaHome,2023
LN104707,2023-06,440800.0,6.284,360,680-739,>95,20-35,TX,REFINANCE,OWNER,SFR,BetaLoan,2023
LN104708,2024-03,343500.0,6.789,360,620-679,<=60,>43,PA,PURCHASE,OWNER,SFR,DeltaHome,2024
LN104709,2022-12,347500.0,5.093,360,740-779,>95,20-35,WA,REFINANCE,OWNER,CONDO,EagleTrust,2022
LN104710,2022-06,159800.0,4.519,360,780+,60-75,<=20,WA,PURCHASE,OWNER,SFR,DeltaHome,2022
LN104711,2024-04,473500.0,6.706,360,680-739,60-75,35-43,IL,CASHOUT_REFI,OWNER,MULTI_2_4,DeltaHome,2024
LN104712,2024-08,148700.0,7.358,240,<620,75-85,20-35,NC,REFINANCE,OWNER,SFR,DeltaHome,2024
LN104713,2023-03,152800.0,6.597,360,620-679,60-75,20-35,FL,REFINANCE,OWNER,TOWNHOUSE,BetaLoan,2023
LN104714,2021-08,303900.0,4.893,360,<620,85-95,<=20,NC,REFINANCE,OWNER,SFR,BetaLoan,2021
LN104715,2023-04,204500.0,5.666,360,740-779,<=60,20-35,CA,REFINANCE,OWNER,MULTI_2_4,CasaMortgage,2023
LN104716,2024-08,280100.0,6.159,360,780+,75-85,20-35,CA,REFINANCE,OWNER,CONDO,AlphaServ,2024
LN104717,2024-12,309900.0,5.681,360,780+,>95,>43,WA,PURCHASE,OWNER,SFR,BetaLoan,2024
LN104718,2022-11,568200.0,5.312,360,740-779,75-85,35-43,FL,PURCHASE,OWNER,SFR,AlphaServ,2022
LN104719,2022-01,310300.0,4.465,360,620-679,75-85,35-43,AZ,CASHOUT_REFI,OWNER,CONDO,BetaLoan,2022
LN104720,2023-07,193200.0,5.651,360,780+,>95,20-35,CA,REFINANCE,INVESTOR,SFR,CasaMortgage,2023
LN104721,2024-05,346100.0,6.934,360,620-679,<=60,<=20,PA,PURCHASE,OWNER,SFR,AlphaServ,2024
LN104722,2024-10,175600.0,7.073,360,620-679,60-75,35-43,WA,PURCHASE,OWNER,SFR,EagleTrust,2024
LN104723,2021-09,385000.0,3.464,360,740-779,<=60,<=20,CA,PURCHASE,OWNER,SFR,AlphaServ,2021
LN104724,2022-07,262800.0,6.054,360,<620,60-75,20-35,NY,CASHOUT_REFI,OWNER,SFR,AlphaServ,2022
LN104725,2023-03,305700.0,5.763,180,780+,60-75,<=20,PA,CASHOUT_REFI,OWNER,MULTI_2_4,EagleTrust,2023
LN104726,2021-11,114500.0,3.777,360,780+,75-85,20-35,CA,PURCHASE,OWNER,SFR,DeltaHome,2021
LN104727,2024-08,92700.0,6.251,360,740-779,60-75,20-35,FL,PURCHASE,OWNER,SFR,AlphaServ,2024
LN104728,2021-11,129900.0,3.928,240,740-779,85-95,20-35,TX,PURCHASE,OWNER,SFR,DeltaHome,2021
LN104729,2023-10,559900.0,6.239,360,680-739,85-95,35-43,CA,PURCHASE,OWNER,CONDO,DeltaHome,2023
LN104730,2024-09,152300.0,7.458,180,<620,75-85,20-35,CA,PURCHASE,SECOND_HOME,SFR,BetaLoan,2024
LN104731,2023-11,354900.0,6.284,360,740-779,75-85,20-35,TX,REFINANCE,OWNER,CONDO,DeltaHome,2023
LN104732,2024-03,191200.0,7.257,360,680-739,<=60,20-35,TX,REFINANCE,OWNER,SFR,BetaLoan,2024
LN104733,2022-06,229100.0,4.622,360,780+,85-95,35-43,WA,PURCHASE,SECOND_HOME,CONDO,AlphaServ,2022
LN104734,2024-05,250200.0,7.474,180,<620,75-85,<=20,CA,PURCHASE,OWNER,TOWNHOUSE,AlphaServ,2024
LN104735,2022-12,534800.0,5.526,360,680-739,85-95,>43,CA,REFINANCE,OWNER,TOWNHOUSE,BetaLoan,2022
LN104736,2021-09,332000.0,4.193,360,680-739,75-85,20-35,PA,PURCHASE,OWNER,SFR,BetaLoan,2021
LN104737,2022-10,303500.0,5.128,360,740-779,85-95,<=20,MI,PURCHASE,OWNER,SFR,CasaMortgage,2022
LN104738,2022-09,457500.0,5.065,360,740-779,60-75,20-35,IL,PURCHASE,OWNER,TOWNHOUSE,AlphaServ,2022
LN104739,2023-04,192000.0,5.456,240,780+,60-75,20-35,NY,REFINANCE,OWNER,CONDO,CasaMortgage,2023
LN104740,2022-06,412800.0,4.592,360,680-739,75-85,20-35,FL,PURCHASE,OWNER,TOWNHOUSE,CasaMortgage,2022
LN104741,2023-02,382900.0,6.015,360,680-739,75-85,<=20,WA,REFINANCE,OWNER,CONDO,CasaMortgage,2023
LN104742,2022-12,381000.0,6.518,360,<620,75-85,20-35,PA,CASHOUT_REFI,OWNER,TOWNHOUSE,CasaMortgage,2022
LN104743,2022-08,238100.0,5.556,360,620-679,85-95,20-35,TX,PURCHASE,OWNER,SFR,DeltaHome,2022
LN104744,2023-12,209700.0,6.358,360,680-739,<=60,<=20,IL,REFINANCE,INVESTOR,SFR,BetaLoan,2023
LN104745,2022-07,172600.0,4.92,360,740-779,>95,20-35,MI,REFINANCE,INVESTOR,CONDO,CasaMortgage,2022
LN104746,2024-03,177500.0,6.365,360,680-739,>95,35-43,PA,REFINANCE,OWNER,CONDO,AlphaServ,2024
LN104747,2022-05,168900.0,4.919,180,680-739,60-75,35-43,CA,PURCHASE,OWNER,SFR,DeltaHome,2022
LN104748,2024-07,301100.0,6.582,240,680-739,<=60,20-35,WA,PURCHASE,OWNER,CONDO,DeltaHome,2024
LN104749,2022-10,230300.0,4.895,360,780+,75-85,>43,PA,REFINANCE,INVESTOR,SFR,EagleTrust,2022
LN104750,2021-08,309900.0,4.523,360,620-679,<=60,<=20,IL,PURCHASE,OWNER,SFR,AlphaServ,2021
LN104751,2022-01,317900.0,4.33,360,680-739,60-75,35-43,IL,REFINANCE,OWNER,SFR,AlphaServ,2022
LN104752,2024-04,158400.0,6.246,180,740-779,75-85,>43,IL,REFINANCE,OWNER,CONDO,EagleTrust,2024
LN104753,2024-07,156300.0,6.287,180,740-779,75-85,20-35,PA,CASHOUT_REFI,INVESTOR,SFR,BetaLoan,2024
LN104754,2022-03,230300.0,3.957,360,780+,60-75,<=20,OH,REFINANCE,OWNER,SFR,CasaMortgage,2022
LN104755,2023-08,180100.0,6.87,360,620-679,>95,>43,PA,CASHOUT_REFI,OWNER,CONDO,EagleTrust,2023
LN104756,2023-07,171800.0,6.593,240,680-739,60-75,20-35,PA,CASHOUT_REFI,SECOND_HOME,TOWNHOUSE,CasaMortgage,2023
LN104757,2021-12,547500.0,4.252,180,780+,60-75,<=20,NC,PURCHASE,OWNER,SFR,AlphaServ,2021
LN104758,2023-01,128000.0,6.011,360,680-739,60-75,>43,CA,PURCHASE,SECOND_HOME,TOWNHOUSE,AlphaServ,2023
LN104759,2023-12,634400.0,6.675,240,680-739,>95,20-35,NY,PURCHASE,SECOND_HOME,SFR,BetaLoan,2023
LN104760,2024-11,290700.0,5.649,360,780+,85-95,20-35,TX,PURCHASE,OWNER,SFR,CasaMortgage,2024
LN104761,2024-06,397800.0,7.473,360,<620,<=60,20-35,CA,PURCHASE,OWNER,SFR,EagleTrust,2024
LN104762,2021-11,377300.0,3.811,240,740-779,85-95,>43,GA,REFINANCE,OWNER,CONDO,AlphaServ,2021
LN104763,2022-04,336900.0,3.877,360,780+,<=60,20-35,IL,REFINANCE,OWNER,SFR,BetaLoan,2022
LN104764,2023-01,539200.0,6.416,180,620-679,<=60,>43,CA,PURCHASE,OWNER,SFR,DeltaHome,2023
LN104765,2022-01,156800.0,3.772,360,740-779,<=60,<=20,GA,REFINANCE,OWNER,SFR,DeltaHome,2022
LN104766,2023-06,237900.0,6.152,360,680-739,85-95,35-43,TX,REFINANCE,OWNER,SFR,DeltaHome,2023
LN104767,2021-07,173900.0,3.246,360,780+,75-85,20-35,WA,REFINANCE,OWNER,SFR,DeltaHome,2021
LN104768,2021-11,119000.0,3.708,180,780+,75-85,20-35,NC,REFINANCE,OWNER,CONDO,AlphaServ,2021
LN104769,2021-08,189600.0,3.798,240,780+,<=60,20-35,CA,REFINANCE,OWNER,MULTI_2_4,BetaLoan,2021
LN104770,2022-07,592800.0,5.703,360,<620,>95,<=20,AZ,REFINANCE,OWNER,CONDO,CasaMortgage,2022
LN104771,2024-03,236100.0,6.201,360,740-779,>95,20-35,CA,PURCHASE,OWNER,SFR,AlphaServ,2024
LN104772,2022-02,623200.0,4.098,360,780+,60-75,35-43,CA,PURCHASE,OWNER,TOWNHOUSE,BetaLoan,2022
LN104773,2024-12,652500.0,6.721,360,680-739,75-85,20-35,NY,PURCHASE,OWNER,SFR,AlphaServ,2024
LN104774,2022-06,982500.0,4.595,240,740-779,85-95,35-43,CA,REFINANCE,OWNER,TOWNHOUSE,AlphaServ,2022
LN104775,2021-08,601700.0,4.77,360,<620,>95,35-43,PA,CASHOUT_REFI,OWNER,SFR,DeltaHome,2021
LN104776,2022-09,737600.0,4.742,360,780+,75-85,35-43,WA,REFINANCE,OWNER,SFR,CasaMortgage,2022
LN104777,2024-02,295500.0,7.41,360,<620,60-75,35-43,MI,REFINANCE,OWNER,CONDO,AlphaServ,2024
LN104778,2021-11,282900.0,4.125,360,680-739,60-75,20-35,FL,PURCHASE,OWNER,SFR,EagleTrust,2021
LN104779,2021-10,291500.0,3.441,360,780+,75-85,>43,FL,PURCHASE,OWNER,TOWNHOUSE,BetaLoan,2021
LN104780,2024-06,255300.0,6.23,360,780+,75-85,35-43,FL,REFINANCE,OWNER,SFR,CasaMortgage,2024
LN104781,2023-07,273000.0,5.8,360,780+,<=60,20-35,CA,CASHOUT_REFI,INVESTOR,SFR,CasaMortgage,2023
LN104782,2022-09,358100.0,4.971,360,680-739,85-95,35-43,AZ,PURCHASE,OWNER,SFR,AlphaServ,2022
LN104783,2024-02,207000.0,7.091,360,620-679,85-95,35-43,TX,PURCHASE,OWNER,SFR,DeltaHome,2024
LN104784,2024-06,137300.0,6.902,360,680-739,75-85,35-43,TX,CASHOUT_REFI,OWNER,SFR,CasaMortgage,2024
LN104785,2022-10,300600.0,5.889,360,620-679,75-85,20-35,NC,PURCHASE,OWNER,SFR,AlphaServ,2022
LN104786,2023-06,186900.0,5.615,360,780+,75-85,20-35,GA,PURCHASE,OWNER,SFR,AlphaServ,2023
LN104787,2021-07,195800.0,4.141,180,740-779,75-85,>43,WA,PURCHASE,OWNER,SFR,EagleTrust,2021
LN104788,2022-07,239400.0,5.018,360,680-739,<=60,>43,WA,CASHOUT_REFI,OWNER,SFR,EagleTrust,2022
LN104789,2023-07,215900.0,7.401,360,<620,75-85,20-35,NY,PURCHASE,OWNER,SFR,CasaMortgage,2023
LN104790,2022-03,420600.0,4.477,360,680-739,75-85,20-35,AZ,REFINANCE,SECOND_HOME,SFR,BetaLoan,2022
LN104791,2024-12,236800.0,6.077,360,740-779,>95,20-35,WA,PURCHASE,OWNER,SFR,CasaMortgage,2024
LN104792,2024-11,430300.0,6.354,360,740-779,<=60,35-43,PA,PURCHASE,OWNER,MULTI_2_4,BetaLoan,2024
LN104793,2022-05,280000.0,4.993,360,620-679,60-75,<=20,WA,PURCHASE,OWNER,SFR,DeltaHome,2022
LN104794,2022-11,245300.0,5.897,360,620-679,75-85,>43,OH,PURCHASE,SECOND_HOME,CONDO,CasaMortgage,2022
LN104795,2022-02,274100.0,4.432,240,680-739,85-95,20-35,CA,CASHOUT_REFI,OWNER,SFR,AlphaServ,2022
LN104796,2023-04,142700.0,6.772,360,620-679,75-85,20-35,PA,REFINANCE,OWNER,SFR,BetaLoan,2023
LN104797,2021-12,297200.0,3.544,360,780+,60-75,<=20,FL,CASHOUT_REFI,OWNER,SFR,CasaMortgage,2021
LN104798,2022-11,374000.0,5.467,360,740-779,75-85,20-35,AZ,REFINANCE,OWNER,SFR,EagleTrust,2022
LN104799,2023-06,398700.0,6.839,360,620-679,60-75,20-35,IL,PURCHASE,OWNER,SFR,DeltaHome,2023
LN104800,2023-08,138900.0,6.221,360,740-779,75-85,35-43,IL,PURCHASE,OWNER,SFR,BetaLoan,2023
LN104801,2023-08,128900.0,6.541,240,680-739,85-95,20-35,PA,PURCHASE,OWNER,SFR,DeltaHome,2023
LN104802,2022-04,200500.0,4.849,360,620-679,75-85,20-35,NY,PURCHASE,OWNER,SFR,CasaMortgage,2022
LN104803,2024-04,476000.0,6.35,360,680-739,75-85,20-35,CA,PURCHASE,INVESTOR,TOWNHOUSE,CasaMortgage,2024
LN104804,2023-12,281900.0,7.126,360,<620,<=60,20-35,MI,PURCHASE,OWNER,SFR,EagleTrust,2023
LN104805,2024-02,180100.0,6.516,360,680-739,75-85,20-35,FL,PURCHASE,SECOND_HOME,CONDO,CasaMortgage,2024
LN104806,2023-02,132700.0,5.5,360,780+,>95,20-35,PA,PURCHASE,OWNER,TOWNHOUSE,BetaLoan,2023
LN104807,2024-08,187600.0,5.905,360,780+,75-85,35-43,AZ,PURCHASE,OWNER,TOWNHOUSE,CasaMortgage,2024
LN104808,2022-11,182000.0,5.678,180,680-739,85-95,<=20,NY,PURCHASE,OWNER,SFR,DeltaHome,2022
LN104809,2024-04,388900.0,6.571,360,680-739,75-85,35-43,NC,PURCHASE,OWNER,SFR,CasaMortgage,2024
LN104810,2022-03,402600.0,4.947,360,620-679,85-95,<=20,CA,PURCHASE,OWNER,TOWNHOUSE,AlphaServ,2022
LN104811,2022-05,159100.0,4.576,360,740-779,60-75,<=20,MI,PURCHASE,OWNER,MULTI_2_4,AlphaServ,2022
LN104812,2023-05,358200.0,6.627,360,620-679,>95,20-35,NY,REFINANCE,SECOND_HOME,CONDO,DeltaHome,2023
LN104813,2023-06,342100.0,5.784,360,740-779,60-75,20-35,TX,CASHOUT_REFI,OWNER,SFR,BetaLoan,2023
LN104814,2024-02,150100.0,7.266,180,620-679,60-75,20-35,AZ,PURCHASE,OWNER,SFR,EagleTrust,2024
LN104815,2022-07,245800.0,4.619,360,780+,<=60,>43,NY,PURCHASE,OWNER,SFR,AlphaServ,2022
LN104816,2024-07,297600.0,5.892,360,780+,75-85,20-35,PA,PURCHASE,SECOND_HOME,SFR,CasaMortgage,2024
LN104817,2022-08,274700.0,5.12,180,680-739,75-85,20-35,NY,PURCHASE,INVESTOR,SFR,BetaLoan,2022
LN104818,2023-05,118200.0,5.956,360,740-779,75-85,>43,WA,PURCHASE,OWNER,SFR,AlphaServ,2023
LN104819,2024-10,270800.0,7.231,180,<620,60-75,20-35,NC,PURCHASE,INVESTOR,SFR,BetaLoan,2024
LN104820,2023-05,339900.0,6.066,360,740-779,75-85,35-43,GA,PURCHASE,OWNER,SFR,AlphaServ,2023
LN104821,2023-11,519600.0,6.325,360,680-739,60-75,35-43,CA,PURCHASE,OWNER,SFR,BetaLoan,2023
LN104822,2024-09,188900.0,7.772,360,<620,85-95,20-35,MI,CASHOUT_REFI,OWNER,SFR,DeltaHome,2024
LN104823,2024-11,199700.0,6.69,360,680-739,60-75,<=20,IL,PURCHASE,INVESTOR,SFR,EagleTrust,2024
LN104824,2023-03,232400.0,5.926,360,680-739,75-85,35-43,NC,PURCHASE,OWNER,SFR,CasaMortgage,2023
LN104825,2022-12,291000.0,5.513,180,680-739,60-75,20-35,PA,REFINANCE,OWNER,SFR,EagleTrust,2022
LN104826,2022-03,266600.0,4.572,360,680-739,60-75,20-35,NC,PURCHASE,OWNER,SFR,DeltaHome,2022
LN104827,2023-05,335000.0,6.874,360,<620,85-95,20-35,IL,PURCHASE,OWNER,SFR,AlphaServ,2023
LN104828,2024-09,153800.0,7.435,360,<620,>95,<=20,PA,PURCHASE,SECOND_HOME,TOWNHOUSE,AlphaServ,2024
LN104829,2023-03,305200.0,5.745,360,740-779,75-85,35-43,NC,REFINANCE,SECOND_HOME,CONDO,DeltaHome,2023
LN104830,2022-09,182800.0,5.065,180,740-779,75-85,35-43,MI,CASHOUT_REFI,OWNER,CONDO,CasaMortgage,2022
LN104831,2021-11,239300.0,5.309,360,<620,60-75,35-43,AZ,REFINANCE,OWNER,SFR,DeltaHome,2021
LN104832,2022-11,550500.0,5.726,360,680-739,75-85,20-35,CA,CASHOUT_REFI,OWNER,TOWNHOUSE,CasaMortgage,2022
LN104833,2022-04,136100.0,4.525,360,740-779,75-85,>43,IL,REFINANCE,OWNER,SFR,AlphaServ,2022
LN104834,2024-12,225100.0,6.561,360,680-739,85-95,35-43,CA,PURCHASE,OWNER,SFR,BetaLoan,2024
LN104835,2023-05,143800.0,5.754,360,780+,75-85,20-35,MI,REFINANCE,OWNER,SFR,BetaLoan,2023
LN104836,2021-12,273500.0,4.177,180,680-739,75-85,35-43,NY,REFINANCE,OWNER,SFR,CasaMortgage,2021
LN104837,2021-09,409100.0,3.776,360,680-739,>95,35-43,NC,PURCHASE,OWNER,TOWNHOUSE,AlphaServ,2021
LN104838,2024-06,275500.0,6.625,360,680-739,<=60,20-35,CA,PURCHASE,OWNER,SFR,BetaLoan,2024
LN104839,2024-10,242200.0,6.727,360,620-679,85-95,20-35,GA,PURCHASE,OWNER,SFR,AlphaServ,2024
LN104840,2024-03,464100.0,7.516,360,<620,75-85,20-35,CA,PURCHASE,OWNER,SFR,CasaMortgage,2024
LN104841,2021-12,296200.0,4.789,360,<620,<=60,<=20,FL,REFINANCE,OWNER,SFR,BetaLoan,2021
LN104842,2021-11,369100.0,3.513,360,780+,<=60,<=20,OH,REFINANCE,OWNER,SFR,CasaMortgage,2021
LN104843,2022-03,352200.0,4.81,360,620-679,75-85,20-35,NC,PURCHASE,SECOND_HOME,SFR,DeltaHome,2022
LN104844,2024-02,70000.0,7.155,360,680-739,60-75,20-35,IL,PURCHASE,SECOND_HOME,SFR,DeltaHome,2024
LN104845,2024-03,246600.0,6.461,360,680-739,85-95,35-43,NC,PURCHASE,OWNER,MULTI_2_4,EagleTrust,2024
LN104846,2024-06,157100.0,6.521,360,680-739,60-75,35-43,TX,PURCHASE,OWNER,SFR,AlphaServ,2024
LN104847,2021-11,175700.0,3.743,360,780+,60-75,20-35,GA,PURCHASE,OWNER,TOWNHOUSE,AlphaServ,2021
LN104848,2022-01,495600.0,4.211,360,740-779,85-95,20-35,NY,REFINANCE,OWNER,MULTI_2_4,AlphaServ,2022
LN104849,2024-08,215600.0,7.351,360,<620,60-75,35-43,CA,REFINANCE,OWNER,CONDO,BetaLoan,2024
LN104850,2024-10,598200.0,5.894,360,740-779,<=60,20-35,PA,PURCHASE,OWNER,SFR,BetaLoan,2024
LN104851,2024-01,135500.0,6.291,360,680-739,75-85,35-43,WA,PURCHASE,OWNER,SFR,DeltaHome,2024
LN104852,2021-11,156700.0,4.172,360,680-739,75-85,20-35,TX,CASHOUT_REFI,OWNER,CONDO,EagleTrust,2021
LN104853,2021-09,359700.0,4.105,180,740-779,75-85,>43,CA,CASHOUT_REFI,OWNER,SFR,BetaLoan,2021
LN104854,2021-09,218900.0,3.65,360,740-779,75-85,<=20,MI,REFINANCE,INVESTOR,SFR,EagleTrust,2021
LN104855,2023-12,293100.0,6.691,360,680-739,85-95,35-43,WA,PURCHASE,OWNER,CONDO,AlphaServ,2023
LN104856,2024-06,242700.0,6.009,360,780+,85-95,20-35,NY,PURCHASE,OWNER,SFR,AlphaServ,2024
LN104857,2023-09,239400.0,6.124,360,740-779,60-75,<=20,MI,PURCHASE,OWNER,CONDO,CasaMortgage,2023
LN104858,2022-06,222600.0,4.383,360,740-779,85-95,20-35,CA,PURCHASE,OWNER,SFR,BetaLoan,2022
LN104859,2024-02,276700.0,7.554,360,<620,<=60,20-35,TX,PURCHASE,OWNER,SFR,DeltaHome,2024
LN104860,2021-09,340700.0,4.235,360,680-739,75-85,20-35,CA,REFINANCE,OWNER,SFR,EagleTrust,2021
LN104861,2024-05,527800.0,6.3,360,680-739,60-75,20-35,GA,CASHOUT_REFI,OWNER,SFR,CasaMortgage,2024
LN104862,2024-08,233000.0,6.432,360,680-739,75-85,20-35,OH,REFINANCE,OWNER,CONDO,DeltaHome,2024
LN104863,2024-01,213800.0,6.55,360,680-739,<=60,20-35,GA,PURCHASE,OWNER,SFR,BetaLoan,2024
LN104864,2024-07,201800.0,6.387,360,740-779,<=60,20-35,TX,PURCHASE,SECOND_HOME,SFR,AlphaServ,2024
LN104865,2023-07,494500.0,6.789,360,680-739,60-75,<=20,CA,PURCHASE,OWNER,SFR,BetaLoan,2023
LN104866,2023-02,348200.0,5.526,360,740-779,60-75,20-35,OH,PURCHASE,OWNER,CONDO,EagleTrust,2023
LN104867,2022-08,108600.0,4.376,360,740-779,75-85,20-35,IL,PURCHASE,OWNER,CONDO,CasaMortgage,2022
LN104868,2024-09,106500.0,6.161,360,740-779,75-85,20-35,NY,PURCHASE,OWNER,SFR,CasaMortgage,2024
LN104869,2023-12,175700.0,6.315,240,740-779,60-75,20-35,NC,PURCHASE,OWNER,CONDO,EagleTrust,2023
LN104870,2022-03,283100.0,4.133,360,780+,75-85,<=20,NY,PURCHASE,OWNER,SFR,DeltaHome,2022
LN104871,2024-11,251400.0,7.385,360,<620,60-75,20-35,PA,CASHOUT_REFI,INVESTOR,SFR,CasaMortgage,2024
LN104872,2021-09,321800.0,3.638,240,740-779,<=60,<=20,MI,PURCHASE,OWNER,SFR,DeltaHome,2021
LN104873,2023-07,235900.0,5.928,360,780+,60-75,20-35,FL,CASHOUT_REFI,SECOND_HOME,SFR,BetaLoan,2023
LN104874,2022-03,478700.0,4.264,360,740-779,75-85,35-43,AZ,REFINANCE,OWNER,SFR,CasaMortgage,2022
LN104875,2023-10,361300.0,6.94,360,620-679,75-85,35-43,IL,PURCHASE,OWNER,SFR,DeltaHome,2023
LN104876,2022-12,264300.0,5.074,360,780+,85-95,20-35,IL,PURCHASE,OWNER,SFR,BetaLoan,2022
LN104877,2023-01,427400.0,6.383,360,620-679,60-75,20-35,NC,REFINANCE,OWNER,SFR,DeltaHome,2023
LN104878,2023-11,121500.0,6.562,360,680-739,75-85,20-35,WA,PURCHASE,OWNER,CONDO,CasaMortgage,2023
LN104879,2024-02,245700.0,6.968,360,620-679,75-85,20-35,CA,PURCHASE,INVESTOR,SFR,BetaLoan,2024
LN104880,2022-10,271500.0,5.626,360,680-739,85-95,35-43,TX,PURCHASE,SECOND_HOME,SFR,CasaMortgage,2022
LN104881,2024-12,334700.0,6.431,360,680-739,85-95,35-43,PA,REFINANCE,OWNER,SFR,BetaLoan,2024
LN104882,2023-03,118000.0,6.21,360,680-739,<=60,<=20,NY,PURCHASE,INVESTOR,CONDO,BetaLoan,2023
LN104883,2022-01,227000.0,3.766,360,780+,>95,35-43,PA,PURCHASE,OWNER,SFR,CasaMortgage,2022
LN104884,2021-07,305700.0,3.855,360,680-739,60-75,35-43,FL,REFINANCE,OWNER,TOWNHOUSE,AlphaServ,2021
LN104885,2022-03,316400.0,4.544,360,680-739,>95,>43,WA,PURCHASE,OWNER,SFR,CasaMortgage,2022
LN104886,2023-12,435300.0,5.683,360,780+,60-75,<=20,TX,CASHOUT_REFI,OWNER,SFR,AlphaServ,2023
LN104887,2023-05,359600.0,5.989,360,740-779,75-85,>43,WA,REFINANCE,OWNER,SFR,BetaLoan,2023
LN104888,2022-09,248400.0,5.885,360,620-679,75-85,<=20,MI,REFINANCE,SECOND_HOME,SFR,DeltaHome,2022
LN104889,2023-03,345800.0,7.385,360,<620,<=60,20-35,WA,PURCHASE,INVESTOR,SFR,CasaMortgage,2023
LN104890,2024-06,233100.0,6.785,360,680-739,85-95,20-35,TX,REFINANCE,OWNER,TOWNHOUSE,BetaLoan,2024
LN104891,2023-07,272700.0,6.187,180,780+,<=60,20-35,FL,PURCHASE,OWNER,SFR,BetaLoan,2023
LN104892,2021-09,365000.0,4.187,360,680-739,60-75,20-35,TX,PURCHASE,OWNER,TOWNHOUSE,AlphaServ,2021
LN104893,2021-09,250100.0,4.784,360,620-679,60-75,<=20,PA,REFINANCE,OWNER,MULTI_2_4,BetaLoan,2021
LN104894,2023-03,300400.0,5.784,180,740-779,>95,35-43,TX,PURCHASE,OWNER,SFR,EagleTrust,2023
LN104895,2022-11,393400.0,5.531,180,740-779,>95,20-35,IL,REFINANCE,OWNER,TOWNHOUSE,DeltaHome,2022
LN104896,2024-06,351700.0,6.212,360,680-739,75-85,35-43,TX,REFINANCE,OWNER,CONDO,AlphaServ,2024
LN104897,2023-07,444700.0,5.662,360,780+,75-85,20-35,NC,CASHOUT_REFI,OWNER,CONDO,AlphaServ,2023
LN104898,2024-02,727800.0,6.22,240,740-779,60-75,20-35,MI,PURCHASE,OWNER,SFR,AlphaServ,2024
LN104899,2023-07,350200.0,6.221,240,740-779,75-85,20-35,CA,PURCHASE,SECOND_HOME,SFR,BetaLoan,2023
LN104900,2022-09,207400.0,5.13,360,740-779,>95,35-43,NC,CASHOUT_REFI,OWNER,SFR,DeltaHome,2022
LN104901,2023-10,321400.0,6.029,180,740-779,85-95,<=20,TX,PURCHASE,OWNER,SFR,CasaMortgage,2023
LN104902,2023-09,315200.0,6.205,360,680-739,85-95,>43,WA,PURCHASE,OWNER,CONDO,AlphaServ,2023
LN104903,2024-01,336400.0,6.549,180,680-739,60-75,20-35,AZ,PURCHASE,OWNER,TOWNHOUSE,BetaLoan,2024
LN104904,2022-02,500200.0,4.069,180,740-779,85-95,35-43,TX,PURCHASE,SECOND_HOME,MULTI_2_4,AlphaServ,2022
LN104905,2023-09,119600.0,6.087,360,740-779,>95,20-35,FL,PURCHASE,OWNER,SFR,BetaLoan,2023
LN104906,2022-06,504500.0,4.842,360,680-739,>95,35-43,OH,REFINANCE,OWNER,SFR,BetaLoan,2022
LN104907,2024-04,586900.0,7.461,360,<620,75-85,35-43,PA,REFINANCE,OWNER,SFR,AlphaServ,2024
LN104908,2024-04,329600.0,6.477,360,740-779,60-75,35-43,WA,PURCHASE,OWNER,SFR,AlphaServ,2024
LN104909,2023-09,333200.0,6.322,360,740-779,>95,<=20,NY,PURCHASE,OWNER,SFR,AlphaServ,2023
LN104910,2024-10,229000.0,6.868,240,620-679,75-85,<=20,IL,PURCHASE,SECOND_HOME,SFR,AlphaServ,2024
LN104911,2023-05,256000.0,6.157,360,680-739,<=60,20-35,CA,PURCHASE,OWNER,SFR,AlphaServ,2023
LN104912,2021-08,349400.0,4.637,240,620-679,<=60,>43,FL,PURCHASE,OWNER,SFR,EagleTrust,2021
LN104913,2023-08,339500.0,5.965,360,780+,75-85,20-35,WA,PURCHASE,OWNER,SFR,CasaMortgage,2023
LN104914,2024-03,353000.0,6.464,360,740-779,85-95,20-35,WA,PURCHASE,OWNER,SFR,CasaMortgage,2024
LN104915,2021-11,338400.0,4.024,360,740-779,>95,20-35,NY,REFINANCE,OWNER,SFR,BetaLoan,2021
LN104916,2021-11,382400.0,4.228,360,680-739,>95,20-35,TX,PURCHASE,OWNER,SFR,AlphaServ,2021
LN104917,2022-06,363700.0,4.629,360,740-779,75-85,>43,OH,REFINANCE,OWNER,SFR,BetaLoan,2022
LN104918,2024-06,161000.0,6.26,360,680-739,>95,35-43,NY,PURCHASE,OWNER,TOWNHOUSE,BetaLoan,2024
LN104919,2023-05,371200.0,5.614,360,780+,60-75,20-35,MI,REFINANCE,OWNER,SFR,AlphaServ,2023
LN104920,2024-12,589100.0,7.66,360,<620,<=60,35-43,GA,REFINANCE,OWNER,SFR,DeltaHome,2024
LN104921,2024-07,252200.0,7.682,360,<620,<=60,>43,GA,PURCHASE,SECOND_HOME,CONDO,AlphaServ,2024
LN104922,2023-06,501200.0,5.954,360,740-779,85-95,35-43,FL,REFINANCE,OWNER,SFR,CasaMortgage,2023
LN104923,2023-11,168900.0,6.729,180,620-679,>95,20-35,GA,REFINANCE,OWNER,TOWNHOUSE,AlphaServ,2023
LN104924,2022-08,251900.0,4.979,360,740-779,85-95,35-43,NC,CASHOUT_REFI,OWNER,SFR,BetaLoan,2022
LN104925,2021-10,191300.0,3.531,360,740-779,>95,35-43,GA,PURCHASE,OWNER,TOWNHOUSE,CasaMortgage,2021
LN104926,2022-11,474800.0,6.062,360,620-679,75-85,35-43,NC,CASHOUT_REFI,OWNER,SFR,CasaMortgage,2022
LN104927,2023-07,534000.0,6.371,360,680-739,85-95,35-43,AZ,PURCHASE,OWNER,MULTI_2_4,EagleTrust,2023
LN104928,2022-02,244100.0,4.105,360,740-779,60-75,20-35,TX,PURCHASE,OWNER,SFR,BetaLoan,2022
LN104929,2022-04,432300.0,4.343,360,780+,85-95,20-35,CA,REFINANCE,OWNER,TOWNHOUSE,BetaLoan,2022
LN104930,2021-07,536500.0,4.223,360,680-739,85-95,20-35,CA,CASHOUT_REFI,OWNER,SFR,CasaMortgage,2021
LN104931,2024-01,251500.0,7.112,360,620-679,75-85,<=20,NC,CASHOUT_REFI,OWNER,SFR,AlphaServ,2024
LN104932,2024-08,270600.0,6.864,360,680-739,<=60,35-43,FL,PURCHASE,OWNER,SFR,BetaLoan,2024
LN104933,2024-05,355100.0,6.504,360,680-739,60-75,>43,IL,PURCHASE,OWNER,SFR,DeltaHome,2024
LN104934,2022-10,174700.0,5.043,360,740-779,85-95,<=20,CA,PURCHASE,SECOND_HOME,SFR,AlphaServ,2022
LN104935,2023-07,268200.0,6.374,360,680-739,75-85,20-35,AZ,CASHOUT_REFI,OWNER,SFR,BetaLoan,2023
LN104936,2024-11,669500.0,7.248,360,620-679,75-85,35-43,OH,CASHOUT_REFI,INVESTOR,SFR,AlphaServ,2024
LN104937,2023-07,203800.0,5.766,360,740-779,>95,<=20,CA,PURCHASE,OWNER,CONDO,EagleTrust,2023
LN104938,2022-07,374800.0,4.928,360,680-739,60-75,20-35,NY,PURCHASE,INVESTOR,SFR,DeltaHome,2022
LN104939,2022-09,323100.0,5.588,360,620-679,60-75,35-43,FL,REFINANCE,OWNER,CONDO,DeltaHome,2022
LN104940,2024-01,237100.0,6.662,360,680-739,85-95,20-35,PA,PURCHASE,INVESTOR,SFR,AlphaServ,2024
LN104941,2023-01,282000.0,5.125,360,780+,60-75,35-43,AZ,PURCHASE,INVESTOR,CONDO,BetaLoan,2023
LN104942,2024-06,561700.0,6.313,360,740-779,75-85,35-43,MI,REFINANCE,OWNER,SFR,AlphaServ,2024
LN104943,2024-07,327500.0,7.303,240,620-679,85-95,35-43,NY,PURCHASE,OWNER,SFR,EagleTrust,2024
LN104944,2021-08,351300.0,3.571,360,740-779,75-85,20-35,WA,REFINANCE,OWNER,SFR,EagleTrust,2021
LN104945,2024-01,524600.0,6.817,360,620-679,60-75,<=20,TX,CASHOUT_REFI,OWNER,SFR,CasaMortgage,2024
LN104946,2022-10,224100.0,5.462,360,680-739,<=60,<=20,GA,PURCHASE,OWNER,SFR,CasaMortgage,2022
LN104947,2023-04,159400.0,6.309,360,680-739,85-95,20-35,IL,PURCHASE,INVESTOR,SFR,AlphaServ,2023
LN104948,2022-06,565700.0,5.326,360,620-679,75-85,20-35,NY,REFINANCE,OWNER,SFR,AlphaServ,2022
LN104949,2022-10,271400.0,5.612,360,680-739,85-95,35-43,TX,PURCHASE,OWNER,SFR,DeltaHome,2022
LN104950,2022-08,381600.0,4.83,360,780+,75-85,20-35,TX,CASHOUT_REFI,SECOND_HOME,SFR,AlphaServ,2022
LN104951,2021-09,181100.0,4.329,360,620-679,60-75,35-43,PA,PURCHASE,OWNER,SFR,AlphaServ,2021
LN104952,2024-03,304000.0,6.272,360,740-779,60-75,35-43,GA,CASHOUT_REFI,OWNER,TOWNHOUSE,AlphaServ,2024
LN104953,2022-01,155800.0,3.709,360,740-779,75-85,20-35,WA,REFINANCE,OWNER,TOWNHOUSE,BetaLoan,2022
LN104954,2022-10,262700.0,5.534,360,680-739,85-95,20-35,NC,PURCHASE,OWNER,MULTI_2_4,BetaLoan,2022
LN104955,2022-03,190700.0,5.332,360,620-679,75-85,<=20,CA,REFINANCE,OWNER,SFR,AlphaServ,2022
LN104956,2022-01,172000.0,4.664,360,620-679,75-85,35-43,CA,REFINANCE,OWNER,SFR,AlphaServ,2022
LN104957,2022-10,222700.0,5.782,360,620-679,85-95,20-35,NC,PURCHASE,OWNER,MULTI_2_4,DeltaHome,2022
LN104958,2024-09,90900.0,6.441,360,680-739,60-75,20-35,TX,REFINANCE,OWNER,SFR,EagleTrust,2024
LN104959,2024-10,151500.0,6.316,360,780+,85-95,35-43,TX,PURCHASE,OWNER,TOWNHOUSE,AlphaServ,2024
LN104960,2022-11,363000.0,5.192,240,780+,75-85,20-35,NY,PURCHASE,INVESTOR,SFR,CasaMortgage,2022
LN104961,2023-04,298500.0,6.991,360,<620,85-95,20-35,MI,REFINANCE,OWNER,CONDO,BetaLoan,2023
LN104962,2024-12,157400.0,6.648,360,620-679,60-75,20-35,GA,REFINANCE,OWNER,CONDO,BetaLoan,2024
LN104963,2022-04,326600.0,5.003,360,620-679,60-75,20-35,TX,REFINANCE,OWNER,SFR,DeltaHome,2022
LN104964,2024-10,171900.0,5.856,360,780+,85-95,35-43,AZ,REFINANCE,OWNER,SFR,DeltaHome,2024
LN104965,2021-11,353200.0,4.615,240,620-679,60-75,35-43,WA,PURCHASE,OWNER,CONDO,AlphaServ,2021
LN104966,2022-04,242300.0,5.079,180,620-679,85-95,20-35,MI,PURCHASE,OWNER,SFR,DeltaHome,2022
LN104967,2022-09,220500.0,4.845,240,740-779,85-95,35-43,TX,PURCHASE,OWNER,CONDO,AlphaServ,2022
LN104968,2021-08,245000.0,4.023,360,680-739,85-95,<=20,MI,PURCHASE,OWNER,SFR,BetaLoan,2021
LN104969,2024-05,807600.0,7.181,360,620-679,75-85,20-35,IL,PURCHASE,OWNER,SFR,AlphaServ,2024
LN104970,2024-06,181400.0,6.488,360,680-739,>95,35-43,CA,CASHOUT_REFI,OWNER,SFR,CasaMortgage,2024
LN104971,2022-11,282600.0,6.261,360,620-679,>95,20-35,GA,PURCHASE,OWNER,SFR,BetaLoan,2022
LN104972,2024-06,362800.0,7.595,360,<620,60-75,35-43,WA,REFINANCE,SECOND_HOME,TOWNHOUSE,AlphaServ,2024
LN104973,2024-03,165500.0,7.56,360,<620,75-85,20-35,NY,REFINANCE,SECOND_HOME,CONDO,BetaLoan,2024
LN104974,2024-04,124600.0,7.088,360,620-679,>95,20-35,CA,PURCHASE,SECOND_HOME,SFR,AlphaServ,2024
LN104975,2024-04,194800.0,5.702,360,780+,<=60,20-35,TX,PURCHASE,OWNER,SFR,CasaMortgage,2024
LN104976,2023-07,359200.0,6.531,360,680-739,60-75,35-43,OH,PURCHASE,OWNER,SFR,CasaMortgage,2023
LN104977,2021-11,218800.0,4.145,360,740-779,>95,<=20,MI,PURCHASE,OWNER,SFR,BetaLoan,2021
LN104978,2024-09,230000.0,7.066,240,620-679,75-85,35-43,TX,PURCHASE,INVESTOR,SFR,DeltaHome,2024
LN104979,2023-08,384600.0,5.866,360,740-779,>95,<=20,TX,PURCHASE,OWNER,SFR,AlphaServ,2023
LN104980,2024-08,177600.0,6.166,360,780+,75-85,<=20,AZ,REFINANCE,OWNER,CONDO,CasaMortgage,2024
LN104981,2024-11,245300.0,6.737,360,620-679,75-85,35-43,AZ,PURCHASE,OWNER,TOWNHOUSE,CasaMortgage,2024
LN104982,2022-02,129200.0,4.082,240,780+,75-85,20-35,AZ,PURCHASE,OWNER,SFR,BetaLoan,2022
LN104983,2022-11,294900.0,5.386,360,740-779,75-85,20-35,TX,PURCHASE,OWNER,SFR,DeltaHome,2022
LN104984,2022-03,283000.0,4.182,360,740-779,>95,20-35,WA,PURCHASE,SECOND_HOME,SFR,AlphaServ,2022
LN104985,2021-09,365100.0,4.578,360,620-679,85-95,<=20,FL,PURCHASE,OWNER,CONDO,DeltaHome,2021
LN104986,2024-11,152500.0,6.579,360,680-739,>95,35-43,IL,PURCHASE,OWNER,TOWNHOUSE,BetaLoan,2024
LN104987,2024-09,234100.0,6.798,360,680-739,60-75,35-43,NY,CASHOUT_REFI,OWNER,SFR,AlphaServ,2024
LN104988,2024-10,143600.0,6.136,360,780+,>95,20-35,WA,REFINANCE,OWNER,SFR,AlphaServ,2024
LN104989,2024-08,228500.0,5.909,360,780+,85-95,35-43,TX,REFINANCE,OWNER,CONDO,AlphaServ,2024
LN104990,2023-10,497200.0,6.182,360,680-739,<=60,<=20,WA,REFINANCE,OWNER,SFR,CasaMortgage,2023
LN104991,2023-04,220900.0,5.893,360,780+,75-85,35-43,WA,PURCHASE,OWNER,SFR,CasaMortgage,2023
LN104992,2024-12,138000.0,5.759,360,780+,60-75,35-43,AZ,REFINANCE,OWNER,TOWNHOUSE,AlphaServ,2024
LN104993,2023-06,188000.0,5.792,360,740-779,60-75,>43,FL,PURCHASE,OWNER,SFR,AlphaServ,2023
LN104994,2023-09,123600.0,6.779,360,620-679,>95,35-43,FL,PURCHASE,OWNER,MULTI_2_4,AlphaServ,2023
LN104995,2022-03,142500.0,4.869,360,620-679,>95,35-43,TX,PURCHASE,OWNER,SFR,DeltaHome,2022
LN104996,2024-02,345200.0,7.205,360,<620,<=60,>43,IL,REFINANCE,OWNER,SFR,DeltaHome,2024
LN104997,2024-05,133100.0,7.516,360,<620,<=60,35-43,TX,REFINANCE,OWNER,TOWNHOUSE,AlphaServ,2024
LN104998,2023-11,293800.0,5.805,360,780+,60-75,35-43,GA,REFINANCE,OWNER,SFR,DeltaHome,2023
LN104999,2023-03,258200.0,6.522,360,620-679,85-95,20-35,PA,REFINANCE,OWNER,SFR,AlphaServ,2023
LN105000,2022-03,201000.0,4.337,360,740-779,75-85,35-43,WA,PURCHASE,OWNER,SFR,BetaLoan,2022
LN105001,2021-08,282700.0,3.992,360,740-779,75-85,35-43,NY,REFINANCE,INVESTOR,SFR,CasaMortgage,2021
LN105002,2023-09,167400.0,6.243,360,740-779,75-85,>43,NY,PURCHASE,OWNER,SFR,BetaLoan,2023
LN105003,2023-11,372600.0,7.046,360,620-679,>95,35-43,IL,PURCHASE,OWNER,SFR,AlphaServ,2023
LN105004,2024-03,186400.0,6.331,180,680-739,60-75,20-35,AZ,PURCHASE,SECOND_HOME,SFR,DeltaHome,2024
LN105005,2024-10,214500.0,6.4,360,680-739,<=60,<=20,CA,PURCHASE,OWNER,SFR,DeltaHome,2024
LN105006,2023-03,203300.0,5.723,360,740-779,75-85,20-35,FL,REFINANCE,OWNER,SFR,BetaLoan,2023
LN105007,2024-05,348100.0,7.159,360,620-679,>95,20-35,TX,REFINANCE,OWNER,SFR,AlphaServ,2024
LN105008,2024-01,326100.0,6.264,180,740-779,85-95,35-43,MI,REFINANCE,OWNER,SFR,EagleTrust,2024
LN105009,2022-06,78500.0,5.743,240,<620,85-95,20-35,FL,CASHOUT_REFI,OWNER,SFR,AlphaServ,2022
LN105010,2024-06,286200.0,6.707,360,680-739,85-95,20-35,WA,PURCHASE,OWNER,TOWNHOUSE,AlphaServ,2024
LN105011,2021-09,116400.0,3.788,360,680-739,60-75,20-35,WA,REFINANCE,OWNER,SFR,BetaLoan,2021
LN105012,2023-08,218900.0,6.631,360,620-679,85-95,35-43,AZ,PURCHASE,OWNER,SFR,BetaLoan,2023
LN105013,2024-10,243100.0,6.28,360,740-779,85-95,20-35,IL,PURCHASE,OWNER,SFR,BetaLoan,2024
LN105014,2023-10,217900.0,6.904,360,620-679,<=60,<=20,WA,REFINANCE,OWNER,SFR,AlphaServ,2023
LN105015,2024-10,319800.0,6.133,180,780+,75-85,20-35,FL,REFINANCE,OWNER,SFR,BetaLoan,2024
LN105016,2021-09,352900.0,3.681,360,780+,60-75,<=20,NY,REFINANCE,OWNER,SFR,EagleTrust,2021
LN105017,2023-05,180200.0,6.299,360,680-739,85-95,35-43,IL,PURCHASE,OWNER,SFR,DeltaHome,2023
LN105018,2024-03,177300.0,6.892,360,620-679,60-75,35-43,NC,REFINANCE,OWNER,MULTI_2_4,AlphaServ,2024
LN105019,2023-09,251200.0,7.101,360,620-679,60-75,<=20,CA,PURCHASE,OWNER,SFR,DeltaHome,2023
LN105020,2024-07,127400.0,5.904,360,780+,85-95,35-43,OH,PURCHASE,OWNER,SFR,CasaMortgage,2024
LN105021,2023-02,205900.0,5.603,360,740-779,75-85,35-43,WA,PURCHASE,INVESTOR,SFR,AlphaServ,2023
LN105022,2023-11,468200.0,7.434,360,<620,<=60,<=20,CA,PURCHASE,OWNER,SFR,DeltaHome,2023
LN105023,2022-12,129600.0,5.822,360,680-739,60-75,20-35,CA,PURCHASE,SECOND_HOME,SFR,AlphaServ,2022
LN105024,2024-07,219000.0,7.327,360,<620,85-95,20-35,WA,PURCHASE,OWNER,SFR,AlphaServ,2024
LN105025,2021-12,195500.0,3.982,360,740-779,>95,20-35,PA,PURCHASE,INVESTOR,CONDO,AlphaServ,2021
LN105026,2022-05,629300.0,4.955,360,680-739,85-95,20-35,CA,PURCHASE,OWNER,SFR,DeltaHome,2022
LN105027,2021-11,200400.0,4.633,360,620-679,<=60,>43,NY,PURCHASE,OWNER,SFR,CasaMortgage,2021
LN105028,2023-12,205700.0,6.283,180,740-779,85-95,20-35,FL,REFINANCE,OWNER,SFR,DeltaHome,2023
LN105029,2022-04,160500.0,4.584,360,680-739,75-85,>43,TX,PURCHASE,OWNER,SFR,BetaLoan,2022
LN105030,2022-08,256300.0,5.161,360,680-739,75-85,20-35,CA,PURCHASE,OWNER,CONDO,BetaLoan,2022
LN105031,2024-06,288200.0,6.596,360,680-739,60-75,20-35,TX,CASHOUT_REFI,INVESTOR,SFR,CasaMortgage,2024
LN105032,2022-10,171300.0,5.013,360,780+,60-75,35-43,GA,PURCHASE,OWNER,SFR,AlphaServ,2022
LN105033,2022-01,398300.0,4.148,360,680-739,<=60,35-43,FL,REFINANCE,OWNER,SFR,DeltaHome,2022
LN105034,2021-07,288400.0,3.536,240,780+,75-85,>43,FL,REFINANCE,OWNER,SFR,DeltaHome,2021
LN105035,2022-04,374500.0,4.678,360,680-739,60-75,<=20,TX,PURCHASE,OWNER,SFR,AlphaServ,2022
LN105036,2024-09,220200.0,6.412,360,740-779,75-85,20-35,CA,PURCHASE,OWNER,SFR,EagleTrust,2024
LN105037,2023-06,284800.0,6.82,360,620-679,75-85,<=20,OH,PURCHASE,OWNER,SFR,BetaLoan,2023
LN105038,2024-12,231900.0,6.446,180,740-779,75-85,<=20,NC,PURCHASE,OWNER,CONDO,AlphaServ,2024
LN105039,2022-04,491900.0,5.057,240,620-679,75-85,<=20,WA,PURCHASE,SECOND_HOME,CONDO,AlphaServ,2022
LN105040,2022-09,269000.0,4.565,360,780+,75-85,35-43,TX,PURCHASE,OWNER,SFR,EagleTrust,2022
LN105041,2022-01,256300.0,3.857,360,780+,60-75,<=20,TX,PURCHASE,OWNER,SFR,CasaMortgage,2022
LN105042,2022-11,207700.0,5.284,360,680-739,<=60,35-43,NC,PURCHASE,OWNER,SFR,CasaMortgage,2022
LN105043,2023-06,202400.0,6.007,360,680-739,75-85,35-43,FL,PURCHASE,OWNER,SFR,AlphaServ,2023
LN105044,2024-04,284100.0,6.488,360,680-739,75-85,20-35,IL,PURCHASE,OWNER,TOWNHOUSE,DeltaHome,2024
LN105045,2022-10,369100.0,5.481,360,680-739,75-85,20-35,NC,REFINANCE,OWNER,SFR,CasaMortgage,2022
LN105046,2024-03,187600.0,6.404,180,680-739,75-85,35-43,NY,REFINANCE,SECOND_HOME,TOWNHOUSE,BetaLoan,2024
LN105047,2023-09,270200.0,6.4,360,740-779,<=60,<=20,FL,REFINANCE,OWNER,SFR,CasaMortgage,2023
LN105048,2022-07,277300.0,5.063,360,680-739,60-75,20-35,NY,PURCHASE,INVESTOR,SFR,AlphaServ,2022
LN105049,2024-09,299900.0,7.191,360,620-679,85-95,20-35,NY,PURCHASE,OWNER,SFR,BetaLoan,2024
LN105050,2023-01,118400.0,5.644,360,780+,75-85,20-35,CA,PURCHASE,OWNER,SFR,AlphaServ,2023
LN105051,2022-01,168400.0,4.948,360,620-679,75-85,20-35,TX,REFINANCE,OWNER,SFR,AlphaServ,2022
LN105052,2024-11,138000.0,6.437,360,680-739,<=60,20-35,GA,PURCHASE,OWNER,SFR,EagleTrust,2024
LN105053,2024-09,259100.0,7.279,360,<620,85-95,20-35,CA,REFINANCE,OWNER,CONDO,AlphaServ,2024
LN105054,2021-09,170200.0,4.362,180,620-679,60-75,35-43,TX,REFINANCE,OWNER,SFR,AlphaServ,2021
LN105055,2024-08,204200.0,7.508,360,<620,75-85,35-43,NY,PURCHASE,OWNER,CONDO,AlphaServ,2024
LN105056,2024-10,149100.0,6.868,360,620-679,75-85,20-35,NY,PURCHASE,OWNER,SFR,BetaLoan,2024
LN105057,2024-05,212900.0,6.417,180,680-739,75-85,<=20,CA,PURCHASE,OWNER,TOWNHOUSE,AlphaServ,2024
LN105058,2022-05,153900.0,4.875,360,680-739,85-95,<=20,AZ,REFINANCE,OWNER,SFR,CasaMortgage,2022
LN105059,2023-09,359000.0,6.252,240,740-779,<=60,20-35,CA,PURCHASE,OWNER,CONDO,BetaLoan,2023
LN105060,2023-05,316700.0,5.761,360,740-779,<=60,20-35,AZ,PURCHASE,OWNER,SFR,BetaLoan,2023
LN105061,2023-09,273100.0,6.76,360,620-679,<=60,35-43,WA,PURCHASE,INVESTOR,SFR,DeltaHome,2023
LN105062,2023-08,222800.0,7.05,360,<620,>95,<=20,TX,REFINANCE,OWNER,SFR,AlphaServ,2023
LN105063,2023-09,102000.0,6.175,240,740-779,>95,35-43,CA,CASHOUT_REFI,SECOND_HOME,SFR,AlphaServ,2023
LN105064,2023-04,207700.0,5.762,360,740-779,85-95,20-35,CA,PURCHASE,OWNER,SFR,AlphaServ,2023
LN105065,2023-12,181200.0,6.73,360,680-739,75-85,20-35,PA,PURCHASE,OWNER,SFR,DeltaHome,2023
LN105066,2023-05,285300.0,6.624,240,620-679,<=60,35-43,WA,PURCHASE,OWNER,SFR,BetaLoan,2023
LN105067,2021-07,337300.0,3.622,360,740-779,85-95,35-43,OH,PURCHASE,OWNER,SFR,EagleTrust,2021
LN105068,2021-08,295400.0,4.995,180,<620,60-75,20-35,WA,PURCHASE,OWNER,MULTI_2_4,AlphaServ,2021
LN105069,2024-11,450600.0,6.468,360,680-739,60-75,<=20,MI,CASHOUT_REFI,OWNER,SFR,BetaLoan,2024
LN105070,2024-09,197700.0,7.328,360,<620,85-95,20-35,OH,CASHOUT_REFI,SECOND_HOME,TOWNHOUSE,AlphaServ,2024
LN105071,2023-07,194000.0,6.032,360,740-779,60-75,35-43,AZ,REFINANCE,OWNER,SFR,EagleTrust,2023
LN105072,2022-02,407200.0,4.211,360,680-739,85-95,20-35,IL,PURCHASE,SECOND_HOME,CONDO,BetaLoan,2022
LN105073,2024-03,275100.0,6.318,240,740-779,85-95,20-35,NY,PURCHASE,OWNER,TOWNHOUSE,AlphaServ,2024
LN105074,2022-01,228400.0,5.305,360,<620,85-95,20-35,NC,PURCHASE,OWNER,SFR,AlphaServ,2022
LN105075,2022-10,585900.0,5.626,360,680-739,85-95,35-43,MI,REFINANCE,OWNER,SFR,BetaLoan,2022
LN105076,2022-08,331000.0,5.585,360,620-679,60-75,20-35,FL,PURCHASE,OWNER,SFR,AlphaServ,2022
LN105077,2021-07,234300.0,3.577,360,740-779,75-85,20-35,IL,PURCHASE,OWNER,MULTI_2_4,AlphaServ,2021
LN105078,2024-04,187500.0,6.945,240,<620,85-95,35-43,TX,CASHOUT_REFI,OWNER,SFR,AlphaServ,2024
LN105079,2023-04,463700.0,6.841,360,<620,85-95,35-43,CA,CASHOUT_REFI,OWNER,SFR,BetaLoan,2023
LN105080,2022-08,280200.0,4.913,360,740-779,85-95,35-43,FL,PURCHASE,SECOND_HOME,SFR,AlphaServ,2022
LN105081,2023-04,258100.0,7.26,360,<620,>95,<=20,IL,REFINANCE,OWNER,CONDO,BetaLoan,2023
LN105082,2021-07,346000.0,4.474,360,620-679,85-95,20-35,CA,CASHOUT_REFI,OWNER,SFR,BetaLoan,2021
LN105083,2023-01,379300.0,5.179,240,780+,>95,35-43,TX,CASHOUT_REFI,OWNER,SFR,AlphaServ,2023
LN105084,2023-04,326900.0,5.884,360,740-779,60-75,35-43,CA,REFINANCE,OWNER,SFR,CasaMortgage,2023
LN105085,2022-09,379900.0,4.361,360,780+,>95,20-35,AZ,PURCHASE,OWNER,CONDO,BetaLoan,2022
LN105086,2024-05,312700.0,7.008,360,620-679,>95,20-35,NC,REFINANCE,OWNER,SFR,CasaMortgage,2024
LN105087,2022-05,327600.0,4.873,360,680-739,<=60,>43,CA,PURCHASE,OWNER,CONDO,CasaMortgage,2022
LN105088,2021-12,183600.0,3.853,360,740-779,75-85,20-35,GA,PURCHASE,SECOND_HOME,SFR,CasaMortgage,2021
LN105089,2023-05,576500.0,6.801,360,620-679,75-85,>43,IL,CASHOUT_REFI,OWNER,TOWNHOUSE,CasaMortgage,2023
LN105090,2024-08,146500.0,6.536,360,740-779,85-95,20-35,OH,REFINANCE,OWNER,SFR,AlphaServ,2024
LN105091,2022-10,293400.0,5.94,360,620-679,<=60,35-43,PA,CASHOUT_REFI,OWNER,TOWNHOUSE,EagleTrust,2022
LN105092,2021-08,139900.0,3.66,360,780+,75-85,<=20,IL,PURCHASE,OWNER,SFR,DeltaHome,2021
LN105093,2024-11,244200.0,5.897,360,680-739,75-85,20-35,FL,REFINANCE,OWNER,TOWNHOUSE,DeltaHome,2024
LN105094,2023-01,197400.0,5.885,360,680-739,75-85,>43,MI,REFINANCE,INVESTOR,SFR,AlphaServ,2023
LN105095,2022-02,271300.0,4.627,360,680-739,>95,35-43,CA,PURCHASE,OWNER,SFR,CasaMortgage,2022
LN105096,2023-08,297700.0,6.793,360,620-679,75-85,20-35,AZ,CASHOUT_REFI,OWNER,MULTI_2_4,EagleTrust,2023
LN105097,2022-08,166000.0,5.307,360,680-739,75-85,20-35,WA,REFINANCE,INVESTOR,SFR,EagleTrust,2022
LN105098,2024-10,251900.0,6.273,360,740-779,85-95,<=20,FL,REFINANCE,OWNER,SFR,BetaLoan,2024
LN105099,2022-07,477900.0,5.031,360,680-739,<=60,35-43,MI,CASHOUT_REFI,OWNER,SFR,DeltaHome,2022
LN105100,2023-06,141400.0,6.386,360,680-739,60-75,<=20,AZ,REFINANCE,INVESTOR,SFR,BetaLoan,2023
LN105101,2023-05,173800.0,6.593,180,620-679,60-75,20-35,AZ,PURCHASE,OWNER,SFR,AlphaServ,2023
LN105102,2022-05,376000.0,4.33,360,740-779,>95,20-35,CA,PURCHASE,OWNER,SFR,EagleTrust,2022
LN105103,2023-03,264300.0,6.005,180,680-739,85-95,35-43,TX,REFINANCE,OWNER,CONDO,BetaLoan,2023
LN105104,2021-11,273200.0,4.57,360,620-679,75-85,20-35,IL,PURCHASE,OWNER,TOWNHOUSE,AlphaServ,2021
LN105105,2023-10,404300.0,6.066,360,780+,60-75,>43,OH,REFINANCE,SECOND_HOME,SFR,DeltaHome,2023
LN105106,2024-02,178600.0,6.426,360,680-739,75-85,35-43,FL,PURCHASE,OWNER,MULTI_2_4,CasaMortgage,2024
LN105107,2024-10,202100.0,6.757,360,680-739,75-85,>43,CA,REFINANCE,SECOND_HOME,SFR,BetaLoan,2024
LN105108,2022-08,191100.0,4.718,360,780+,75-85,20-35,NY,REFINANCE,OWNER,CONDO,DeltaHome,2022
LN105109,2022-06,218200.0,5.108,360,680-739,60-75,20-35,FL,REFINANCE,SECOND_HOME,CONDO,AlphaServ,2022
LN105110,2023-06,466400.0,5.754,360,780+,<=60,>43,NY,REFINANCE,OWNER,SFR,CasaMortgage,2023
LN105111,2023-12,118700.0,6.015,180,740-779,>95,<=20,TX,PURCHASE,OWNER,SFR,AlphaServ,2023
LN105112,2024-12,149100.0,6.273,360,680-739,75-85,>43,NY,PURCHASE,OWNER,SFR,CasaMortgage,2024
LN105113,2021-08,138100.0,4.377,360,620-679,60-75,<=20,OH,REFINANCE,OWNER,SFR,BetaLoan,2021
LN105114,2022-05,479600.0,5.477,180,<620,>95,35-43,FL,REFINANCE,OWNER,SFR,CasaMortgage,2022
LN105115,2022-06,193600.0,4.61,360,680-739,75-85,35-43,TX,PURCHASE,OWNER,SFR,CasaMortgage,2022
LN105116,2022-05,220400.0,5.702,360,<620,85-95,35-43,NY,PURCHASE,OWNER,SFR,CasaMortgage,2022
LN105117,2023-02,123400.0,6.907,360,<620,60-75,35-43,TX,REFINANCE,OWNER,CONDO,CasaMortgage,2023
LN105118,2024-07,226800.0,6.554,360,680-739,>95,<=20,CA,PURCHASE,OWNER,SFR,CasaMortgage,2024
LN105119,2021-08,377000.0,4.046,360,740-779,<=60,20-35,GA,PURCHASE,INVESTOR,TOWNHOUSE,EagleTrust,2021
LN105120,2024-05,286000.0,6.999,360,620-679,>95,20-35,GA,PURCHASE,OWNER,SFR,BetaLoan,2024
LN105121,2023-08,243200.0,6.056,240,740-779,85-95,>43,FL,PURCHASE,OWNER,SFR,DeltaHome,2023
LN105122,2023-08,126200.0,5.862,360,780+,60-75,20-35,WA,PURCHASE,OWNER,SFR,AlphaServ,2023
LN105123,2023-11,220200.0,6.364,360,740-779,60-75,<=20,MI,REFINANCE,OWNER,CONDO,EagleTrust,2023
LN105124,2021-11,272700.0,3.688,360,740-779,85-95,20-35,AZ,CASHOUT_REFI,OWNER,SFR,DeltaHome,2021
LN105125,2024-02,163400.0,5.957,240,740-779,<=60,35-43,IL,PURCHASE,OWNER,SFR,AlphaServ,2024
LN105126,2022-05,342700.0,5.206,360,620-679,<=60,>43,IL,PURCHASE,OWNER,SFR,DeltaHome,2022
LN105127,2023-04,380100.0,6.182,360,680-739,85-95,>43,NC,CASHOUT_REFI,INVESTOR,SFR,CasaMortgage,2023
LN105128,2023-11,201200.0,6.135,360,780+,<=60,<=20,OH,CASHOUT_REFI,OWNER,MULTI_2_4,BetaLoan,2023
LN105129,2023-08,353800.0,6.111,360,740-779,75-85,35-43,GA,PURCHASE,SECOND_HOME,MULTI_2_4,AlphaServ,2023
LN105130,2022-08,243000.0,5.177,360,740-779,75-85,20-35,NY,REFINANCE,OWNER,SFR,CasaMortgage,2022
LN105131,2022-11,427700.0,5.224,360,780+,<=60,35-43,CA,PURCHASE,SECOND_HOME,SFR,BetaLoan,2022
LN105132,2023-03,637500.0,6.036,360,620-679,60-75,35-43,PA,REFINANCE,OWNER,SFR,DeltaHome,2023
LN105133,2021-08,156000.0,3.847,360,680-739,<=60,20-35,NY,CASHOUT_REFI,OWNER,SFR,BetaLoan,2021
LN105134,2024-01,360900.0,6.236,360,680-739,>95,20-35,GA,PURCHASE,OWNER,CONDO,BetaLoan,2024
LN105135,2021-11,459200.0,5.148,360,<620,60-75,20-35,FL,PURCHASE,OWNER,SFR,BetaLoan,2021
LN105136,2023-02,164900.0,5.68,360,740-779,85-95,20-35,IL,PURCHASE,OWNER,SFR,AlphaServ,2023
LN105137,2023-10,197000.0,6.506,360,740-779,85-95,20-35,GA,PURCHASE,OWNER,SFR,BetaLoan,2023
LN105138,2021-10,196100.0,3.746,360,740-779,85-95,20-35,OH,PURCHASE,INVESTOR,SFR,EagleTrust,2021
LN105139,2024-12,240400.0,6.733,180,620-679,60-75,20-35,CA,PURCHASE,OWNER,SFR,AlphaServ,2024
LN105140,2022-10,217400.0,5.185,360,740-779,60-75,20-35,TX,PURCHASE,OWNER,SFR,CasaMortgage,2022
LN105141,2021-07,233500.0,4.275,360,620-679,75-85,20-35,TX,CASHOUT_REFI,SECOND_HOME,SFR,BetaLoan,2021
LN105142,2023-10,372200.0,5.952,360,780+,85-95,35-43,OH,CASHOUT_REFI,SECOND_HOME,TOWNHOUSE,AlphaServ,2023
LN105143,2023-06,108800.0,6.866,360,620-679,85-95,>43,NY,PURCHASE,INVESTOR,CONDO,CasaMortgage,2023
LN105144,2023-09,164700.0,6.1,180,780+,<=60,20-35,TX,REFINANCE,OWNER,SFR,BetaLoan,2023
LN105145,2024-02,345100.0,6.779,240,680-739,85-95,35-43,CA,REFINANCE,OWNER,SFR,EagleTrust,2024
LN105146,2023-02,327300.0,5.711,360,680-739,<=60,>43,MI,REFINANCE,OWNER,SFR,BetaLoan,2023
LN105147,2024-05,158500.0,6.705,360,680-739,75-85,20-35,CA,REFINANCE,OWNER,MULTI_2_4,BetaLoan,2024
LN105148,2022-10,328400.0,5.841,360,620-679,75-85,35-43,NY,REFINANCE,OWNER,SFR,EagleTrust,2022
LN105149,2023-05,463700.0,6.654,360,680-739,<=60,>43,NY,PURCHASE,OWNER,SFR,AlphaServ,2023
LN105150,2022-01,249700.0,4.0,360,780+,>95,35-43,NY,REFINANCE,INVESTOR,SFR,EagleTrust,2022
LN105151,2023-09,162200.0,6.162,360,740-779,75-85,<=20,CA,PURCHASE,OWNER,SFR,DeltaHome,2023
LN105152,2022-05,378400.0,5.353,360,620-679,60-75,20-35,NC,REFINANCE,OWNER,SFR,BetaLoan,2022
LN105153,2023-12,554200.0,6.358,360,740-779,<=60,20-35,TX,CASHOUT_REFI,OWNER,TOWNHOUSE,BetaLoan,2023
LN105154,2024-04,171300.0,6.44,360,740-779,85-95,35-43,GA,REFINANCE,OWNER,CONDO,AlphaServ,2024
LN105155,2024-07,259800.0,6.387,360,740-779,85-95,35-43,FL,CASHOUT_REFI,OWNER,CONDO,EagleTrust,2024
LN105156,2024-10,416900.0,6.48,180,680-739,<=60,<=20,IL,REFINANCE,OWNER,CONDO,CasaMortgage,2024
LN105157,2021-12,268900.0,5.128,360,<620,60-75,20-35,NY,REFINANCE,INVESTOR,SFR,BetaLoan,2021
LN105158,2021-12,116300.0,3.924,360,780+,75-85,20-35,WA,PURCHASE,OWNER,SFR,CasaMortgage,2021
LN105159,2024-09,311600.0,6.456,360,680-739,75-85,35-43,FL,PURCHASE,OWNER,SFR,DeltaHome,2024
LN105160,2022-10,164300.0,5.472,360,680-739,60-75,20-35,CA,CASHOUT_REFI,OWNER,CONDO,AlphaServ,2022
LN105161,2021-08,144100.0,3.886,360,740-779,75-85,20-35,FL,REFINANCE,OWNER,SFR,BetaLoan,2021
LN105162,2022-07,117300.0,4.922,360,680-739,75-85,20-35,IL,PURCHASE,OWNER,SFR,DeltaHome,2022
LN105163,2024-06,436100.0,6.384,360,740-779,60-75,<=20,CA,PURCHASE,OWNER,MULTI_2_4,DeltaHome,2024
LN105164,2022-09,175300.0,6.207,360,<620,75-85,35-43,AZ,PURCHASE,OWNER,SFR,CasaMortgage,2022
LN105165,2021-10,296600.0,3.813,360,740-779,<=60,20-35,TX,REFINANCE,OWNER,SFR,CasaMortgage,2021
LN105166,2024-01,331200.0,6.214,360,780+,<=60,20-35,WA,PURCHASE,OWNER,SFR,BetaLoan,2024
LN105167,2022-03,274500.0,3.823,360,780+,>95,35-43,NY,PURCHASE,OWNER,SFR,AlphaServ,2022
LN105168,2022-09,291700.0,4.574,180,780+,<=60,20-35,OH,REFINANCE,INVESTOR,TOWNHOUSE,CasaMortgage,2022
LN105169,2021-07,303000.0,3.571,240,780+,<=60,20-35,NC,PURCHASE,OWNER,SFR,CasaMortgage,2021
LN105170,2023-08,271600.0,6.215,360,680-739,85-95,>43,CA,PURCHASE,INVESTOR,CONDO,BetaLoan,2023
LN105171,2023-01,181300.0,5.565,360,780+,>95,35-43,NY,PURCHASE,OWNER,SFR,EagleTrust,2023
LN105172,2024-07,174200.0,6.037,360,780+,85-95,20-35,FL,PURCHASE,OWNER,SFR,AlphaServ,2024
LN105173,2022-09,243500.0,5.05,180,680-739,<=60,35-43,TX,REFINANCE,OWNER,MULTI_2_4,BetaLoan,2022
LN105174,2022-03,241200.0,4.521,240,680-739,75-85,20-35,GA,PURCHASE,OWNER,SFR,CasaMortgage,2022
LN105175,2022-01,309600.0,5.093,360,620-679,85-95,35-43,TX,REFINANCE,OWNER,SFR,EagleTrust,2022
LN105176,2022-03,419000.0,4.091,360,740-779,85-95,35-43,OH,REFINANCE,OWNER,SFR,AlphaServ,2022
LN105177,2023-01,298000.0,5.421,360,740-779,<=60,<=20,NY,REFINANCE,OWNER,SFR,AlphaServ,2023
LN105178,2021-10,177200.0,4.281,360,680-739,75-85,35-43,WA,PURCHASE,OWNER,SFR,BetaLoan,2021
LN105179,2022-11,95700.0,5.83,360,680-739,60-75,20-35,AZ,CASHOUT_REFI,OWNER,TOWNHOUSE,CasaMortgage,2022
LN105180,2024-06,180600.0,6.423,360,680-739,75-85,20-35,CA,PURCHASE,OWNER,CONDO,BetaLoan,2024
LN105181,2024-03,139400.0,7.362,360,<620,60-75,20-35,PA,PURCHASE,OWNER,SFR,BetaLoan,2024
LN105182,2023-09,183800.0,5.683,360,780+,75-85,>43,TX,PURCHASE,OWNER,SFR,AlphaServ,2023
LN105183,2024-08,284700.0,6.981,360,620-679,75-85,20-35,IL,CASHOUT_REFI,OWNER,SFR,EagleTrust,2024
LN105184,2024-03,265100.0,7.043,360,620-679,85-95,35-43,PA,PURCHASE,OWNER,SFR,AlphaServ,2024
LN105185,2023-10,589000.0,7.563,240,<620,>95,20-35,FL,REFINANCE,OWNER,MULTI_2_4,AlphaServ,2023
LN105186,2024-07,317200.0,6.372,360,740-779,85-95,20-35,NC,CASHOUT_REFI,OWNER,SFR,BetaLoan,2024
LN105187,2021-12,602700.0,3.817,360,780+,60-75,35-43,TX,REFINANCE,OWNER,MULTI_2_4,AlphaServ,2021
LN105188,2024-05,352200.0,7.552,360,<620,85-95,20-35,AZ,PURCHASE,OWNER,SFR,EagleTrust,2024
LN105189,2022-07,416100.0,5.532,360,620-679,60-75,>43,NY,PURCHASE,OWNER,SFR,CasaMortgage,2022
LN105190,2024-01,217200.0,6.361,360,680-739,<=60,35-43,TX,PURCHASE,OWNER,TOWNHOUSE,CasaMortgage,2024
LN105191,2024-09,157400.0,7.015,180,620-679,75-85,>43,CA,PURCHASE,OWNER,SFR,AlphaServ,2024
LN105192,2023-03,208600.0,5.452,360,740-779,85-95,<=20,GA,PURCHASE,INVESTOR,SFR,BetaLoan,2023
LN105193,2021-10,253900.0,5.286,360,<620,60-75,20-35,NC,PURCHASE,OWNER,SFR,AlphaServ,2021
LN105194,2022-10,192400.0,5.765,360,680-739,60-75,20-35,NC,REFINANCE,OWNER,CONDO,AlphaServ,2022
LN105195,2022-12,162700.0,5.603,360,680-739,<=60,>43,IL,REFINANCE,SECOND_HOME,SFR,BetaLoan,2022
LN105196,2024-10,307900.0,6.606,360,680-739,75-85,<=20,NY,PURCHASE,OWNER,SFR,BetaLoan,2024
LN105197,2024-10,162400.0,6.694,360,680-739,85-95,35-43,GA,PURCHASE,OWNER,CONDO,CasaMortgage,2024
LN105198,2023-06,128000.0,6.981,360,620-679,75-85,35-43,CA,REFINANCE,SECOND_HOME,SFR,BetaLoan,2023
LN105199,2024-10,154100.0,6.925,360,620-679,75-85,35-43,TX,CASHOUT_REFI,OWNER,SFR,EagleTrust,2024
LN105200,2023-01,229700.0,6.605,360,<620,85-95,>43,TX,REFINANCE,OWNER,TOWNHOUSE,BetaLoan,2023
LN105201,2022-12,163400.0,6.193,360,620-679,75-85,35-43,MI,CASHOUT_REFI,OWNER,SFR,BetaLoan,2022
LN105202,2024-06,230400.0,6.34,360,780+,75-85,20-35,NY,REFINANCE,OWNER,SFR,AlphaServ,2024
LN105203,2023-11,334400.0,6.544,180,680-739,75-85,35-43,CA,CASHOUT_REFI,OWNER,SFR,CasaMortgage,2023
LN105204,2023-04,330500.0,6.389,360,680-739,85-95,20-35,AZ,CASHOUT_REFI,OWNER,SFR,DeltaHome,2023
LN105205,2023-02,189600.0,6.529,180,620-679,85-95,35-43,NY,REFINANCE,OWNER,MULTI_2_4,EagleTrust,2023
LN105206,2023-12,141900.0,6.387,360,740-779,<=60,20-35,CA,REFINANCE,OWNER,SFR,AlphaServ,2023
LN105207,2024-02,197000.0,6.083,360,780+,85-95,35-43,NY,PURCHASE,OWNER,SFR,AlphaServ,2024
LN105208,2023-03,342800.0,5.707,360,740-779,75-85,20-35,WA,CASHOUT_REFI,OWNER,SFR,EagleTrust,2023
LN105209,2021-08,380800.0,4.104,360,740-779,>95,35-43,PA,REFINANCE,OWNER,MULTI_2_4,BetaLoan,2021
LN105210,2021-11,299200.0,3.778,360,740-779,75-85,20-35,OH,CASHOUT_REFI,OWNER,SFR,CasaMortgage,2021
LN105211,2022-01,438300.0,4.464,180,680-739,75-85,35-43,MI,PURCHASE,OWNER,SFR,EagleTrust,2022
LN105212,2023-02,555800.0,5.527,240,780+,60-75,<=20,IL,PURCHASE,OWNER,SFR,AlphaServ,2023
LN105213,2023-08,205400.0,6.179,360,740-779,75-85,<=20,PA,PURCHASE,OWNER,SFR,AlphaServ,2023
LN105214,2024-04,498300.0,7.308,360,<620,75-85,>43,PA,CASHOUT_REFI,OWNER,SFR,DeltaHome,2024
LN105215,2022-04,227000.0,4.667,360,680-739,85-95,35-43,FL,REFINANCE,OWNER,SFR,CasaMortgage,2022
LN105216,2024-04,403900.0,6.907,360,620-679,85-95,<=20,NY,REFINANCE,OWNER,SFR,BetaLoan,2024
LN105217,2023-10,351100.0,7.066,240,620-679,75-85,20-35,TX,PURCHASE,OWNER,SFR,EagleTrust,2023
LN105218,2021-09,104900.0,3.679,240,780+,85-95,35-43,NC,PURCHASE,INVESTOR,MULTI_2_4,CasaMortgage,2021
LN105219,2022-09,165200.0,6.467,240,<620,85-95,20-35,CA,CASHOUT_REFI,OWNER,SFR,AlphaServ,2022
LN105220,2022-07,147300.0,4.983,360,740-779,>95,20-35,IL,PURCHASE,OWNER,CONDO,AlphaServ,2022
LN105221,2024-08,114500.0,6.012,360,780+,60-75,35-43,WA,PURCHASE,OWNER,TOWNHOUSE,DeltaHome,2024
LN105222,2024-09,379200.0,6.827,240,680-739,60-75,<=20,IL,CASHOUT_REFI,OWNER,SFR,EagleTrust,2024
LN105223,2024-05,647500.0,6.894,360,620-679,>95,35-43,CA,PURCHASE,OWNER,SFR,AlphaServ,2024
LN105224,2023-05,227300.0,6.168,360,740-779,75-85,20-35,CA,PURCHASE,OWNER,CONDO,AlphaServ,2023
LN105225,2023-03,374900.0,5.54,360,740-779,75-85,35-43,WA,PURCHASE,OWNER,MULTI_2_4,AlphaServ,2023
LN105226,2022-08,497900.0,5.829,360,620-679,75-85,20-35,NC,PURCHASE,OWNER,SFR,AlphaServ,2022
LN105227,2024-03,280300.0,6.871,360,620-679,<=60,<=20,NC,CASHOUT_REFI,OWNER,SFR,AlphaServ,2024
LN105228,2021-10,252400.0,3.819,240,740-779,60-75,>43,FL,CASHOUT_REFI,OWNER,SFR,EagleTrust,2021
LN105229,2022-06,228500.0,4.361,360,780+,60-75,35-43,IL,PURCHASE,INVESTOR,CONDO,AlphaServ,2022
LN105230,2021-12,325100.0,4.19,180,680-739,75-85,>43,OH,PURCHASE,INVESTOR,SFR,AlphaServ,2021
LN105231,2023-03,378400.0,6.296,360,680-739,75-85,35-43,MI,PURCHASE,OWNER,SFR,EagleTrust,2023
LN105232,2022-07,314200.0,4.217,360,780+,75-85,<=20,IL,PURCHASE,SECOND_HOME,SFR,AlphaServ,2022
LN105233,2022-03,309400.0,5.041,360,620-679,<=60,35-43,FL,REFINANCE,OWNER,SFR,AlphaServ,2022
LN105234,2022-10,249400.0,6.448,360,<620,<=60,20-35,OH,PURCHASE,OWNER,SFR,BetaLoan,2022
LN105235,2024-07,124600.0,6.406,360,680-739,75-85,20-35,NC,PURCHASE,OWNER,CONDO,AlphaServ,2024
LN105236,2023-06,382300.0,7.119,360,<620,60-75,20-35,CA,PURCHASE,OWNER,SFR,BetaLoan,2023
LN105237,2024-05,143200.0,6.825,360,620-679,85-95,20-35,IL,PURCHASE,OWNER,CONDO,BetaLoan,2024
LN105238,2024-09,337300.0,6.51,360,680-739,75-85,<=20,FL,PURCHASE,OWNER,TOWNHOUSE,CasaMortgage,2024
LN105239,2024-08,358600.0,6.747,360,680-739,60-75,<=20,AZ,PURCHASE,OWNER,TOWNHOUSE,AlphaServ,2024
LN105240,2022-09,152800.0,5.232,360,680-739,75-85,35-43,NY,CASHOUT_REFI,OWNER,SFR,DeltaHome,2022
LN105241,2024-07,194200.0,6.646,360,680-739,75-85,>43,GA,REFINANCE,OWNER,SFR,BetaLoan,2024
LN105242,2024-09,663100.0,6.549,180,680-739,<=60,20-35,NY,PURCHASE,OWNER,MULTI_2_4,EagleTrust,2024
LN105243,2024-11,246300.0,6.885,360,680-739,85-95,<=20,PA,PURCHASE,OWNER,CONDO,DeltaHome,2024
LN105244,2022-09,147400.0,5.023,180,740-779,<=60,20-35,AZ,REFINANCE,OWNER,TOWNHOUSE,AlphaServ,2022
LN105245,2022-04,366000.0,4.199,360,740-779,75-85,35-43,CA,PURCHASE,OWNER,TOWNHOUSE,DeltaHome,2022
LN105246,2023-07,180300.0,6.106,360,740-779,60-75,20-35,CA,PURCHASE,OWNER,SFR,AlphaServ,2023
LN105247,2024-10,107600.0,6.173,360,780+,75-85,35-43,NC,REFINANCE,OWNER,SFR,AlphaServ,2024
LN105248,2024-08,322500.0,6.186,360,740-779,85-95,20-35,GA,CASHOUT_REFI,OWNER,CONDO,AlphaServ,2024
LN105249,2023-06,169000.0,6.932,360,620-679,85-95,35-43,OH,PURCHASE,SECOND_HOME,CONDO,DeltaHome,2023
LN105250,2022-01,294900.0,3.579,180,780+,75-85,35-43,NY,PURCHASE,SECOND_HOME,SFR,BetaLoan,2022
LN105251,2022-12,177100.0,5.13,180,780+,60-75,20-35,MI,PURCHASE,OWNER,TOWNHOUSE,BetaLoan,2022
LN105252,2023-12,350900.0,6.557,360,680-739,85-95,>43,NC,REFINANCE,OWNER,SFR,DeltaHome,2023
LN105253,2023-06,277200.0,7.376,240,<620,75-85,20-35,NY,PURCHASE,OWNER,TOWNHOUSE,EagleTrust,2023
LN105254,2022-09,79600.0,5.254,360,740-779,75-85,20-35,FL,PURCHASE,INVESTOR,SFR,DeltaHome,2022
LN105255,2022-09,303100.0,5.55,240,680-739,75-85,20-35,WA,PURCHASE,OWNER,SFR,EagleTrust,2022
LN105256,2021-09,224000.0,3.862,240,740-779,75-85,20-35,NY,PURCHASE,OWNER,MULTI_2_4,AlphaServ,2021
LN105257,2022-07,482900.0,5.227,360,680-739,85-95,>43,TX,CASHOUT_REFI,OWNER,SFR,BetaLoan,2022
LN105258,2023-11,304900.0,7.549,360,<620,75-85,20-35,WA,CASHOUT_REFI,SECOND_HOME,SFR,AlphaServ,2023
LN105259,2022-05,358700.0,5.191,180,620-679,85-95,>43,NC,REFINANCE,OWNER,SFR,CasaMortgage,2022
LN105260,2024-12,185400.0,5.905,360,780+,85-95,35-43,OH,CASHOUT_REFI,INVESTOR,SFR,EagleTrust,2024
LN105261,2021-10,178900.0,5.122,360,<620,75-85,35-43,MI,PURCHASE,OWNER,CONDO,EagleTrust,2021
LN105262,2023-07,252300.0,6.29,360,740-779,60-75,20-35,TX,REFINANCE,OWNER,CONDO,CasaMortgage,2023
LN105263,2023-03,217000.0,6.066,360,680-739,<=60,<=20,OH,REFINANCE,OWNER,SFR,DeltaHome,2023
LN105264,2024-05,466100.0,6.536,360,680-739,60-75,35-43,TX,PURCHASE,OWNER,SFR,DeltaHome,2024
LN105265,2024-08,238200.0,6.792,360,680-739,60-75,20-35,PA,REFINANCE,OWNER,SFR,BetaLoan,2024
LN105266,2023-05,147100.0,6.548,240,620-679,<=60,>43,CA,PURCHASE,OWNER,SFR,CasaMortgage,2023
LN105267,2023-09,175900.0,6.261,360,740-779,85-95,20-35,TX,PURCHASE,OWNER,SFR,DeltaHome,2023
LN105268,2023-12,394100.0,6.324,360,740-779,60-75,20-35,TX,CASHOUT_REFI,SECOND_HOME,SFR,BetaLoan,2023
LN105269,2023-04,236700.0,6.707,360,620-679,<=60,>43,NY,PURCHASE,SECOND_HOME,MULTI_2_4,BetaLoan,2023
LN105270,2022-02,231100.0,4.599,360,680-739,75-85,35-43,CA,CASHOUT_REFI,OWNER,SFR,DeltaHome,2022
LN105271,2023-01,411300.0,5.651,360,740-779,85-95,20-35,OH,REFINANCE,INVESTOR,CONDO,DeltaHome,2023
LN105272,2022-05,169100.0,4.41,360,740-779,60-75,35-43,NC,PURCHASE,OWNER,SFR,DeltaHome,2022
LN105273,2023-02,93400.0,5.853,360,680-739,>95,20-35,CA,REFINANCE,OWNER,SFR,BetaLoan,2023
LN105274,2023-08,173900.0,6.174,360,740-779,85-95,20-35,AZ,PURCHASE,OWNER,TOWNHOUSE,BetaLoan,2023
LN105275,2022-03,284600.0,4.991,360,620-679,85-95,20-35,PA,PURCHASE,OWNER,SFR,AlphaServ,2022
LN105276,2022-05,228100.0,5.614,360,620-679,85-95,>43,CA,PURCHASE,OWNER,SFR,BetaLoan,2022
LN105277,2024-05,126500.0,6.669,360,680-739,85-95,>43,CA,PURCHASE,OWNER,SFR,AlphaServ,2024
LN105278,2022-10,403200.0,5.156,180,740-779,75-85,35-43,OH,PURCHASE,OWNER,CONDO,AlphaServ,2022
LN105279,2022-03,274700.0,4.147,360,740-779,85-95,20-35,FL,PURCHASE,SECOND_HOME,TOWNHOUSE,DeltaHome,2022
LN105280,2023-12,304100.0,6.771,360,620-679,60-75,35-43,IL,CASHOUT_REFI,OWNER,SFR,CasaMortgage,2023
LN105281,2024-01,308300.0,6.302,360,680-739,60-75,20-35,OH,CASHOUT_REFI,OWNER,TOWNHOUSE,AlphaServ,2024
LN105282,2024-05,142300.0,6.412,180,680-739,>95,20-35,GA,PURCHASE,INVESTOR,SFR,AlphaServ,2024
LN105283,2024-02,292500.0,6.936,360,620-679,75-85,35-43,NC,PURCHASE,INVESTOR,SFR,BetaLoan,2024
LN105284,2024-12,384000.0,6.67,360,680-739,<=60,<=20,PA,CASHOUT_REFI,OWNER,TOWNHOUSE,BetaLoan,2024
LN105285,2023-07,426400.0,6.139,360,740-779,60-75,<=20,GA,PURCHASE,OWNER,SFR,DeltaHome,2023
LN105286,2022-07,353100.0,5.248,360,620-679,75-85,35-43,CA,CASHOUT_REFI,OWNER,SFR,AlphaServ,2022
LN105287,2024-07,321600.0,6.886,360,620-679,85-95,35-43,CA,REFINANCE,OWNER,SFR,AlphaServ,2024
LN105288,2022-06,116800.0,5.273,360,620-679,85-95,20-35,GA,REFINANCE,OWNER,CONDO,DeltaHome,2022
LN105289,2022-07,253500.0,4.462,360,780+,<=60,35-43,NC,PURCHASE,INVESTOR,SFR,BetaLoan,2022
LN105290,2024-05,166000.0,6.851,360,620-679,<=60,>43,MI,PURCHASE,OWNER,SFR,AlphaServ,2024
LN105291,2024-08,454500.0,7.041,360,<620,<=60,<=20,IL,REFINANCE,OWNER,CONDO,CasaMortgage,2024
LN105292,2022-09,424500.0,6.009,360,<620,85-95,35-43,GA,PURCHASE,INVESTOR,SFR,EagleTrust,2022
LN105293,2024-01,166400.0,7.292,360,<620,75-85,20-35,WA,CASHOUT_REFI,INVESTOR,SFR,EagleTrust,2024
LN105294,2024-09,250000.0,7.174,360,620-679,85-95,20-35,FL,PURCHASE,OWNER,CONDO,BetaLoan,2024
LN105295,2024-04,285500.0,6.855,360,680-739,75-85,<=20,TX,REFINANCE,OWNER,CONDO,AlphaServ,2024
LN105296,2021-07,382800.0,4.623,240,<620,<=60,20-35,WA,REFINANCE,INVESTOR,SFR,AlphaServ,2021
LN105297,2023-10,120100.0,6.634,360,680-739,60-75,35-43,AZ,PURCHASE,SECOND_HOME,SFR,BetaLoan,2023
LN105298,2022-02,94400.0,5.574,360,<620,60-75,20-35,CA,REFINANCE,SECOND_HOME,SFR,DeltaHome,2022
LN105299,2024-06,259700.0,6.463,360,680-739,85-95,<=20,NY,CASHOUT_REFI,OWNER,TOWNHOUSE,DeltaHome,2024
LN105300,2021-09,81700.0,4.74,360,<620,75-85,20-35,NC,CASHOUT_REFI,OWNER,CONDO,EagleTrust,2021
LN105301,2024-12,274100.0,6.79,360,680-739,>95,35-43,TX,PURCHASE,OWNER,CONDO,BetaLoan,2024
LN105302,2022-02,333200.0,4.12,360,740-779,60-75,20-35,CA,REFINANCE,OWNER,CONDO,CasaMortgage,2022
LN105303,2022-12,445200.0,5.637,180,740-779,>95,<=20,CA,REFINANCE,OWNER,SFR,BetaLoan,2022
LN105304,2022-04,192900.0,5.068,180,620-679,60-75,>43,OH,REFINANCE,INVESTOR,SFR,BetaLoan,2022
LN105305,2024-05,274500.0,6.57,360,740-779,60-75,20-35,TX,CASHOUT_REFI,OWNER,SFR,CasaMortgage,2024
LN105306,2022-11,342200.0,5.359,360,740-779,<=60,35-43,TX,PURCHASE,OWNER,CONDO,AlphaServ,2022
LN105307,2024-02,150400.0,7.423,360,<620,60-75,<=20,CA,REFINANCE,OWNER,MULTI_2_4,DeltaHome,2024
LN105308,2021-09,385300.0,4.046,180,680-739,60-75,20-35,NC,PURCHASE,OWNER,SFR,CasaMortgage,2021
LN105309,2023-02,288800.0,5.542,240,740-779,60-75,20-35,PA,REFINANCE,OWNER,TOWNHOUSE,BetaLoan,2023
LN105310,2024-09,194400.0,6.932,360,620-679,75-85,35-43,NC,PURCHASE,OWNER,SFR,BetaLoan,2024
LN105311,2024-09,272000.0,6.556,360,680-739,85-95,35-43,CA,PURCHASE,OWNER,SFR,EagleTrust,2024
LN105312,2022-03,239700.0,4.314,360,740-779,85-95,20-35,WA,REFINANCE,OWNER,SFR,AlphaServ,2022
LN105313,2022-11,362600.0,6.405,180,<620,85-95,35-43,WA,PURCHASE,OWNER,SFR,CasaMortgage,2022
LN105314,2022-12,217000.0,5.524,360,780+,85-95,35-43,TX,PURCHASE,INVESTOR,CONDO,BetaLoan,2022
LN105315,2023-06,282700.0,6.991,360,620-679,>95,20-35,WA,PURCHASE,OWNER,SFR,CasaMortgage,2023
LN105316,2023-05,193000.0,7.179,360,<620,<=60,20-35,NY,PURCHASE,OWNER,CONDO,BetaLoan,2023
LN105317,2021-11,167400.0,5.468,240,<620,>95,20-35,CA,REFINANCE,OWNER,TOWNHOUSE,BetaLoan,2021
LN105318,2024-03,275700.0,6.861,360,680-739,75-85,<=20,OH,PURCHASE,OWNER,SFR,AlphaServ,2024
LN105319,2022-04,170500.0,4.101,360,780+,75-85,35-43,IL,PURCHASE,OWNER,SFR,AlphaServ,2022
LN105320,2022-08,366000.0,4.947,180,740-779,75-85,35-43,PA,PURCHASE,OWNER,SFR,DeltaHome,2022
LN105321,2024-06,333200.0,6.093,240,780+,<=60,35-43,FL,PURCHASE,OWNER,CONDO,DeltaHome,2024
LN105322,2023-11,180900.0,6.791,360,680-739,60-75,35-43,MI,PURCHASE,OWNER,MULTI_2_4,EagleTrust,2023
LN105323,2022-11,281000.0,5.422,360,680-739,75-85,35-43,MI,PURCHASE,OWNER,SFR,CasaMortgage,2022
LN105324,2024-09,180500.0,6.315,360,680-739,85-95,35-43,CA,PURCHASE,SECOND_HOME,TOWNHOUSE,BetaLoan,2024
LN105325,2022-11,124000.0,6.474,360,<620,85-95,>43,NC,REFINANCE,OWNER,MULTI_2_4,DeltaHome,2022
LN105326,2023-06,195100.0,5.648,240,780+,60-75,35-43,IL,REFINANCE,OWNER,SFR,EagleTrust,2023
LN105327,2022-05,249500.0,4.622,360,680-739,60-75,35-43,TX,PURCHASE,INVESTOR,SFR,AlphaServ,2022
LN105328,2022-02,322800.0,4.424,360,680-739,75-85,35-43,NY,PURCHASE,OWNER,CONDO,BetaLoan,2022
LN105329,2023-03,273000.0,5.973,360,680-739,60-75,20-35,PA,CASHOUT_REFI,OWNER,MULTI_2_4,BetaLoan,2023
LN105330,2023-06,384000.0,5.949,360,740-779,60-75,20-35,NC,CASHOUT_REFI,OWNER,SFR,BetaLoan,2023
LN105331,2024-04,164100.0,6.967,360,620-679,75-85,35-43,GA,REFINANCE,OWNER,SFR,CasaMortgage,2024
LN105332,2022-11,215500.0,5.328,360,740-779,85-95,<=20,CA,PURCHASE,OWNER,CONDO,EagleTrust,2022
LN105333,2024-08,535000.0,6.168,180,740-779,60-75,20-35,GA,CASHOUT_REFI,OWNER,SFR,EagleTrust,2024
LN105334,2023-08,107000.0,5.817,360,780+,<=60,<=20,MI,PURCHASE,OWNER,SFR,AlphaServ,2023
LN105335,2021-09,208300.0,5.193,360,<620,<=60,20-35,WA,PURCHASE,OWNER,SFR,CasaMortgage,2021
LN105336,2024-02,157600.0,7.202,360,620-679,75-85,20-35,MI,PURCHASE,OWNER,SFR,AlphaServ,2024
LN105337,2023-07,233800.0,6.687,180,680-739,60-75,20-35,CA,PURCHASE,OWNER,SFR,BetaLoan,2023
LN105338,2022-11,209900.0,5.085,180,780+,75-85,35-43,WA,CASHOUT_REFI,OWNER,SFR,BetaLoan,2022
LN105339,2023-02,334700.0,5.651,360,780+,85-95,35-43,MI,PURCHASE,OWNER,SFR,EagleTrust,2023
LN105340,2022-07,286400.0,4.67,360,740-779,60-75,20-35,CA,CASHOUT_REFI,OWNER,MULTI_2_4,BetaLoan,2022
LN105341,2023-08,141800.0,6.901,180,620-679,60-75,<=20,NC,PURCHASE,OWNER,SFR,CasaMortgage,2023
LN105342,2023-06,195900.0,6.72,360,620-679,<=60,20-35,FL,PURCHASE,OWNER,TOWNHOUSE,CasaMortgage,2023
LN105343,2023-01,255200.0,5.847,360,740-779,>95,20-35,GA,CASHOUT_REFI,OWNER,SFR,BetaLoan,2023
LN105344,2022-06,356000.0,5.182,360,620-679,75-85,35-43,FL,PURCHASE,OWNER,SFR,CasaMortgage,2022
LN105345,2022-11,762900.0,5.43,240,680-739,85-95,35-43,NC,REFINANCE,OWNER,SFR,BetaLoan,2022
LN105346,2023-03,350200.0,5.56,360,780+,85-95,<=20,TX,PURCHASE,OWNER,SFR,BetaLoan,2023
LN105347,2023-02,161800.0,5.6,360,680-739,>95,20-35,PA,PURCHASE,INVESTOR,SFR,BetaLoan,2023
LN105348,2022-07,244700.0,5.037,180,680-739,85-95,>43,CA,REFINANCE,OWNER,TOWNHOUSE,AlphaServ,2022
LN105349,2023-07,276900.0,6.822,360,<620,60-75,>43,CA,PURCHASE,OWNER,CONDO,AlphaServ,2023
LN105350,2022-04,202100.0,4.896,360,620-679,75-85,35-43,CA,CASHOUT_REFI,OWNER,SFR,BetaLoan,2022
LN105351,2023-04,315400.0,5.844,360,740-779,>95,20-35,NY,PURCHASE,OWNER,SFR,EagleTrust,2023
LN105352,2021-12,91800.0,4.001,360,680-739,75-85,<=20,GA,PURCHASE,OWNER,SFR,BetaLoan,2021
LN105353,2023-02,327400.0,6.392,360,620-679,85-95,20-35,IL,REFINANCE,OWNER,SFR,DeltaHome,2023
LN105354,2024-03,206000.0,7.105,360,<620,>95,20-35,IL,PURCHASE,OWNER,SFR,AlphaServ,2024
LN105355,2024-05,243000.0,7.491,360,<620,75-85,35-43,PA,PURCHASE,OWNER,CONDO,BetaLoan,2024
LN105356,2023-12,493600.0,6.386,360,740-779,85-95,<=20,OH,PURCHASE,INVESTOR,SFR,AlphaServ,2023
LN105357,2024-02,144700.0,6.798,360,680-739,75-85,>43,IL,REFINANCE,OWNER,SFR,BetaLoan,2024
LN105358,2021-09,288600.0,4.408,360,680-739,60-75,35-43,NY,PURCHASE,OWNER,SFR,CasaMortgage,2021
LN105359,2022-09,364900.0,5.141,240,680-739,60-75,>43,WA,REFINANCE,OWNER,CONDO,BetaLoan,2022
LN105360,2023-10,275600.0,6.825,360,620-679,75-85,35-43,TX,CASHOUT_REFI,OWNER,SFR,AlphaServ,2023
LN105361,2024-04,123500.0,6.478,360,680-739,>95,20-35,CA,PURCHASE,OWNER,SFR,AlphaServ,2024
LN105362,2023-07,468700.0,7.416,360,<620,>95,35-43,IL,PURCHASE,OWNER,SFR,BetaLoan,2023
LN105363,2024-06,232100.0,6.139,180,780+,60-75,35-43,NC,PURCHASE,OWNER,TOWNHOUSE,CasaMortgage,2024
LN105364,2022-06,201300.0,5.79,360,<620,85-95,20-35,CA,REFINANCE,INVESTOR,CONDO,BetaLoan,2022
LN105365,2022-01,222000.0,4.359,360,680-739,<=60,<=20,PA,REFINANCE,OWNER,SFR,EagleTrust,2022
LN105366,2021-10,214900.0,5.182,360,<620,75-85,20-35,FL,CASHOUT_REFI,OWNER,SFR,AlphaServ,2021
LN105367,2023-07,149400.0,5.908,360,740-779,>95,20-35,GA,CASHOUT_REFI,OWNER,CONDO,EagleTrust,2023
LN105368,2023-10,274900.0,7.041,360,620-679,>95,35-43,TX,PURCHASE,OWNER,SFR,DeltaHome,2023
LN105369,2022-06,195100.0,4.451,360,780+,75-85,20-35,AZ,PURCHASE,SECOND_HOME,SFR,DeltaHome,2022
LN105370,2024-03,345200.0,7.685,360,<620,75-85,20-35,FL,PURCHASE,SECOND_HOME,TOWNHOUSE,CasaMortgage,2024
LN105371,2024-02,322200.0,6.223,360,740-779,75-85,35-43,TX,REFINANCE,OWNER,CONDO,AlphaServ,2024
LN105372,2022-10,530500.0,5.148,360,740-779,85-95,35-43,CA,PURCHASE,OWNER,SFR,DeltaHome,2022
LN105373,2022-05,232100.0,5.365,360,620-679,60-75,20-35,FL,REFINANCE,OWNER,SFR,AlphaServ,2022
LN105374,2024-02,177800.0,6.78,360,620-679,<=60,35-43,FL,PURCHASE,OWNER,SFR,BetaLoan,2024
LN105375,2023-11,131700.0,6.748,360,680-739,85-95,>43,CA,PURCHASE,OWNER,SFR,AlphaServ,2023
LN105376,2022-02,684900.0,3.907,360,780+,<=60,20-35,OH,REFINANCE,OWNER,SFR,BetaLoan,2022
LN105377,2022-05,343800.0,4.409,360,780+,85-95,20-35,NY,PURCHASE,OWNER,SFR,AlphaServ,2022
LN105378,2023-03,186900.0,6.597,360,620-679,75-85,<=20,IL,CASHOUT_REFI,OWNER,SFR,DeltaHome,2023
LN105379,2023-04,546800.0,6.112,360,680-739,<=60,35-43,CA,REFINANCE,OWNER,SFR,CasaMortgage,2023
LN105380,2022-01,469900.0,4.776,360,620-679,60-75,35-43,NY,REFINANCE,SECOND_HOME,SFR,CasaMortgage,2022
LN105381,2024-10,139000.0,7.204,360,<620,<=60,<=20,WA,PURCHASE,OWNER,SFR,CasaMortgage,2024
LN105382,2022-11,181800.0,4.953,360,740-779,60-75,35-43,FL,PURCHASE,OWNER,TOWNHOUSE,BetaLoan,2022
LN105383,2022-11,240500.0,5.595,360,680-739,75-85,<=20,MI,REFINANCE,OWNER,SFR,CasaMortgage,2022
LN105384,2021-09,157700.0,4.744,360,620-679,75-85,35-43,CA,CASHOUT_REFI,OWNER,SFR,CasaMortgage,2021
LN105385,2024-07,244400.0,6.262,360,740-779,75-85,20-35,CA,REFINANCE,OWNER,MULTI_2_4,CasaMortgage,2024
LN105386,2022-04,351600.0,3.979,360,740-779,85-95,20-35,WA,CASHOUT_REFI,OWNER,SFR,CasaMortgage,2022
LN105387,2024-12,137600.0,6.11,360,740-779,85-95,>43,GA,REFINANCE,OWNER,SFR,AlphaServ,2024
LN105388,2023-03,291200.0,6.861,360,<620,85-95,35-43,GA,PURCHASE,OWNER,TOWNHOUSE,BetaLoan,2023
LN105389,2024-07,431800.0,6.031,240,780+,75-85,<=20,NY,PURCHASE,OWNER,SFR,CasaMortgage,2024
LN105390,2022-02,305600.0,3.97,240,740-779,85-95,35-43,MI,PURCHASE,OWNER,SFR,AlphaServ,2022
LN105391,2022-01,246700.0,4.24,180,680-739,60-75,20-35,AZ,PURCHASE,INVESTOR,SFR,AlphaServ,2022
LN105392,2024-04,189000.0,7.233,360,<620,60-75,>43,CA,PURCHASE,INVESTOR,CONDO,CasaMortgage,2024
LN105393,2024-05,371000.0,6.474,360,780+,60-75,<=20,TX,PURCHASE,OWNER,MULTI_2_4,AlphaServ,2024
LN105394,2023-05,150300.0,6.528,360,680-739,85-95,20-35,PA,REFINANCE,OWNER,SFR,BetaLoan,2023
LN105395,2021-08,284700.0,3.421,360,780+,75-85,20-35,CA,PURCHASE,OWNER,TOWNHOUSE,AlphaServ,2021
LN105396,2024-10,258200.0,6.557,240,680-739,>95,20-35,FL,PURCHASE,OWNER,SFR,AlphaServ,2024
LN105397,2022-11,423600.0,5.168,360,740-779,<=60,20-35,CA,PURCHASE,OWNER,TOWNHOUSE,DeltaHome,2022
LN105398,2024-10,196400.0,6.219,180,740-779,75-85,20-35,NY,REFINANCE,SECOND_HOME,MULTI_2_4,DeltaHome,2024
LN105399,2024-07,204000.0,6.166,360,780+,60-75,35-43,NY,PURCHASE,OWNER,TOWNHOUSE,BetaLoan,2024
LN105400,2024-06,146000.0,7.036,360,620-679,85-95,<=20,TX,PURCHASE,OWNER,SFR,BetaLoan,2024
LN105401,2023-11,310800.0,7.106,180,620-679,75-85,35-43,CA,REFINANCE,OWNER,SFR,BetaLoan,2023
LN105402,2023-11,210900.0,6.137,180,740-779,75-85,<=20,NY,PURCHASE,OWNER,SFR,AlphaServ,2023
LN105403,2023-05,173200.0,6.23,360,680-739,75-85,35-43,IL,PURCHASE,OWNER,SFR,BetaLoan,2023
LN105404,2021-08,180800.0,3.349,360,740-779,<=60,35-43,NC,REFINANCE,OWNER,SFR,EagleTrust,2021
LN105405,2022-11,325000.0,5.305,360,740-779,85-95,35-43,NC,CASHOUT_REFI,OWNER,SFR,DeltaHome,2022
LN105406,2024-01,155400.0,6.197,360,680-739,85-95,20-35,CA,REFINANCE,OWNER,SFR,AlphaServ,2024
LN105407,2024-05,161700.0,6.076,360,740-779,75-85,35-43,NY,PURCHASE,OWNER,CONDO,BetaLoan,2024
LN105408,2023-06,382100.0,6.529,240,680-739,60-75,35-43,PA,REFINANCE,OWNER,SFR,AlphaServ,2023
LN105409,2023-12,236900.0,6.284,360,780+,85-95,>43,OH,REFINANCE,OWNER,SFR,CasaMortgage,2023
LN105410,2021-07,392400.0,4.279,180,620-679,85-95,<=20,PA,CASHOUT_REFI,OWNER,SFR,BetaLoan,2021
LN105411,2023-02,217100.0,5.955,360,740-779,>95,35-43,WA,PURCHASE,OWNER,SFR,DeltaHome,2023
LN105412,2023-04,255100.0,5.775,360,780+,<=60,35-43,FL,CASHOUT_REFI,OWNER,SFR,CasaMortgage,2023
LN105413,2024-08,273800.0,7.07,360,620-679,>95,>43,CA,REFINANCE,INVESTOR,SFR,BetaLoan,2024
LN105414,2022-08,476500.0,4.951,360,680-739,85-95,20-35,CA,REFINANCE,OWNER,MULTI_2_4,BetaLoan,2022
LN105415,2022-04,459400.0,4.981,360,680-739,60-75,20-35,CA,REFINANCE,OWNER,SFR,AlphaServ,2022
LN105416,2022-09,428900.0,5.131,360,740-779,85-95,35-43,NC,PURCHASE,OWNER,SFR,BetaLoan,2022
LN105417,2022-02,192300.0,4.311,240,680-739,60-75,20-35,CA,PURCHASE,OWNER,TOWNHOUSE,EagleTrust,2022
LN105418,2023-06,163700.0,6.282,360,620-679,60-75,35-43,WA,PURCHASE,INVESTOR,SFR,CasaMortgage,2023
LN105419,2023-09,359500.0,5.751,360,780+,75-85,20-35,GA,PURCHASE,SECOND_HOME,SFR,BetaLoan,2023
LN105420,2024-04,474300.0,7.031,360,620-679,<=60,>43,WA,PURCHASE,OWNER,SFR,BetaLoan,2024
LN105421,2024-11,430700.0,6.485,360,680-739,<=60,20-35,OH,CASHOUT_REFI,SECOND_HOME,CONDO,CasaMortgage,2024
LN105422,2021-10,256800.0,4.149,360,740-779,85-95,20-35,TX,PURCHASE,OWNER,SFR,EagleTrust,2021
LN105423,2022-05,354200.0,5.476,360,<620,>95,35-43,TX,REFINANCE,OWNER,SFR,BetaLoan,2022
LN105424,2022-07,357000.0,5.479,360,620-679,<=60,<=20,MI,PURCHASE,OWNER,SFR,CasaMortgage,2022
LN105425,2022-05,272900.0,4.456,360,780+,<=60,<=20,CA,REFINANCE,OWNER,SFR,EagleTrust,2022
LN105426,2024-05,278300.0,6.367,240,680-739,<=60,35-43,AZ,PURCHASE,OWNER,SFR,CasaMortgage,2024
LN105427,2021-12,266800.0,5.307,360,<620,<=60,20-35,CA,PURCHASE,OWNER,CONDO,CasaMortgage,2021
LN105428,2021-08,179000.0,3.791,360,740-779,>95,<=20,GA,PURCHASE,SECOND_HOME,SFR,DeltaHome,2021
LN105429,2024-07,187500.0,6.495,180,680-739,75-85,20-35,NY,CASHOUT_REFI,OWNER,MULTI_2_4,BetaLoan,2024
LN105430,2024-11,186200.0,7.028,180,<620,85-95,20-35,GA,PURCHASE,OWNER,SFR,AlphaServ,2024
LN105431,2022-04,124300.0,4.435,360,740-779,75-85,>43,MI,REFINANCE,INVESTOR,SFR,BetaLoan,2022
LN105432,2022-08,272200.0,5.039,360,680-739,>95,35-43,CA,PURCHASE,OWNER,CONDO,AlphaServ,2022
LN105433,2023-04,250600.0,6.476,360,620-679,75-85,>43,WA,PURCHASE,INVESTOR,SFR,DeltaHome,2023
LN105434,2023-05,359600.0,5.979,360,780+,>95,35-43,OH,CASHOUT_REFI,OWNER,SFR,DeltaHome,2023
LN105435,2024-12,450100.0,6.889,360,620-679,75-85,>43,NY,REFINANCE,OWNER,SFR,DeltaHome,2024
LN105436,2022-11,463200.0,5.62,360,680-739,>95,20-35,WA,PURCHASE,OWNER,SFR,BetaLoan,2022
LN105437,2021-07,483300.0,4.412,360,680-739,75-85,35-43,PA,CASHOUT_REFI,OWNER,SFR,DeltaHome,2021
LN105438,2022-12,181600.0,5.438,360,740-779,85-95,>43,TX,PURCHASE,OWNER,TOWNHOUSE,CasaMortgage,2022
LN105439,2023-06,134000.0,5.856,180,740-779,60-75,35-43,CA,REFINANCE,SECOND_HOME,SFR,AlphaServ,2023
LN105440,2023-04,388000.0,5.872,360,780+,85-95,>43,AZ,PURCHASE,OWNER,SFR,AlphaServ,2023
LN105441,2023-04,475400.0,6.557,360,620-679,75-85,35-43,OH,CASHOUT_REFI,OWNER,CONDO,DeltaHome,2023
LN105442,2024-09,514100.0,6.175,360,740-779,75-85,<=20,IL,CASHOUT_REFI,OWNER,SFR,DeltaHome,2024
LN105443,2024-04,317500.0,6.441,360,680-739,75-85,20-35,CA,PURCHASE,INVESTOR,SFR,CasaMortgage,2024
LN105444,2022-05,103900.0,4.716,360,680-739,60-75,20-35,OH,REFINANCE,OWNER,TOWNHOUSE,AlphaServ,2022
LN105445,2022-09,300900.0,6.37,240,<620,>95,35-43,TX,CASHOUT_REFI,OWNER,TOWNHOUSE,EagleTrust,2022
LN105446,2023-11,327700.0,6.128,180,740-779,75-85,>43,TX,REFINANCE,OWNER,SFR,DeltaHome,2023
LN105447,2022-12,448400.0,6.137,360,620-679,60-75,20-35,NY,REFINANCE,OWNER,SFR,CasaMortgage,2022
LN105448,2022-12,485700.0,5.256,360,740-779,85-95,<=20,CA,REFINANCE,SECOND_HOME,SFR,DeltaHome,2022
LN105449,2022-02,384400.0,4.71,360,680-739,85-95,20-35,OH,PURCHASE,OWNER,SFR,AlphaServ,2022
LN105450,2022-05,196000.0,5.42,360,<620,<=60,20-35,GA,PURCHASE,OWNER,SFR,DeltaHome,2022
LN105451,2024-02,160600.0,5.911,180,780+,60-75,20-35,NC,PURCHASE,OWNER,SFR,DeltaHome,2024
LN105452,2024-06,324600.0,6.183,360,740-779,75-85,>43,CA,PURCHASE,OWNER,SFR,CasaMortgage,2024
LN105453,2024-03,178700.0,6.352,360,680-739,85-95,20-35,TX,PURCHASE,OWNER,SFR,EagleTrust,2024
LN105454,2022-07,495700.0,4.818,360,740-779,60-75,35-43,MI,PURCHASE,OWNER,SFR,AlphaServ,2022
LN105455,2021-12,118500.0,4.42,180,680-739,60-75,35-43,OH,PURCHASE,INVESTOR,SFR,AlphaServ,2021
LN105456,2022-01,329400.0,4.187,360,740-779,85-95,35-43,CA,PURCHASE,OWNER,SFR,EagleTrust,2022
LN105457,2022-11,294700.0,6.1,360,620-679,60-75,<=20,NC,PURCHASE,SECOND_HOME,SFR,DeltaHome,2022
LN105458,2023-04,232600.0,5.876,360,680-739,85-95,20-35,NY,PURCHASE,OWNER,TOWNHOUSE,AlphaServ,2023
LN105459,2024-08,168300.0,7.03,360,620-679,85-95,20-35,TX,REFINANCE,OWNER,TOWNHOUSE,EagleTrust,2024
LN105460,2024-08,100900.0,6.831,180,680-739,85-95,20-35,MI,CASHOUT_REFI,INVESTOR,SFR,AlphaServ,2024
LN105461,2021-07,201000.0,3.999,180,680-739,60-75,<=20,FL,REFINANCE,OWNER,SFR,BetaLoan,2021
LN105462,2023-12,202600.0,7.147,360,620-679,60-75,20-35,NY,CASHOUT_REFI,OWNER,SFR,AlphaServ,2023
LN105463,2022-07,421000.0,4.495,360,780+,75-85,35-43,PA,CASHOUT_REFI,OWNER,SFR,EagleTrust,2022
LN105464,2022-03,179500.0,5.426,240,<620,60-75,20-35,CA,REFINANCE,OWNER,SFR,EagleTrust,2022
LN105465,2023-06,312900.0,6.982,360,<620,60-75,35-43,OH,REFINANCE,SECOND_HOME,SFR,AlphaServ,2023
LN105466,2021-08,142700.0,4.008,360,680-739,75-85,20-35,CA,REFINANCE,OWNER,TOWNHOUSE,DeltaHome,2021
LN105467,2022-09,316800.0,5.231,240,740-779,75-85,<=20,WA,PURCHASE,OWNER,SFR,AlphaServ,2022
LN105468,2023-06,93200.0,6.585,360,620-679,60-75,20-35,FL,PURCHASE,OWNER,SFR,EagleTrust,2023
LN105469,2022-06,655300.0,5.233,360,680-739,60-75,20-35,AZ,PURCHASE,OWNER,SFR,EagleTrust,2022
LN105470,2023-07,239600.0,6.033,360,740-779,60-75,20-35,FL,PURCHASE,INVESTOR,SFR,DeltaHome,2023
LN105471,2023-02,72600.0,6.589,360,620-679,85-95,35-43,PA,PURCHASE,OWNER,SFR,AlphaServ,2023
LN105472,2024-04,184800.0,6.105,360,780+,60-75,20-35,MI,PURCHASE,SECOND_HOME,MULTI_2_4,AlphaServ,2024
LN105473,2022-02,172100.0,4.037,360,680-739,85-95,<=20,TX,REFINANCE,OWNER,SFR,BetaLoan,2022
LN105474,2021-09,190000.0,3.702,360,740-779,85-95,20-35,GA,PURCHASE,OWNER,SFR,BetaLoan,2021
LN105475,2023-05,216600.0,6.497,360,620-679,85-95,<=20,TX,REFINANCE,INVESTOR,SFR,BetaLoan,2023
LN105476,2022-05,189400.0,4.344,360,740-779,>95,35-43,CA,PURCHASE,INVESTOR,SFR,CasaMortgage,2022
LN105477,2023-12,176800.0,5.827,360,780+,>95,35-43,FL,PURCHASE,SECOND_HOME,MULTI_2_4,AlphaServ,2023
LN105478,2021-10,151500.0,4.402,360,620-679,60-75,35-43,NC,PURCHASE,OWNER,SFR,CasaMortgage,2021
LN105479,2023-07,369500.0,6.872,360,620-679,60-75,35-43,TX,REFINANCE,OWNER,CONDO,AlphaServ,2023
LN105480,2024-12,438200.0,7.368,360,620-679,85-95,20-35,GA,PURCHASE,OWNER,SFR,AlphaServ,2024
LN105481,2021-10,227600.0,5.116,240,<620,85-95,<=20,MI,CASHOUT_REFI,OWNER,MULTI_2_4,CasaMortgage,2021
LN105482,2022-07,253200.0,4.461,360,780+,<=60,20-35,FL,REFINANCE,OWNER,SFR,CasaMortgage,2022
LN105483,2024-06,153800.0,6.157,360,680-739,>95,35-43,CA,REFINANCE,OWNER,SFR,AlphaServ,2024
LN105484,2023-05,263500.0,6.284,360,740-779,85-95,35-43,OH,PURCHASE,OWNER,MULTI_2_4,BetaLoan,2023
LN105485,2022-02,283100.0,4.146,360,780+,85-95,35-43,CA,CASHOUT_REFI,OWNER,SFR,DeltaHome,2022
LN105486,2022-03,231300.0,3.966,360,780+,60-75,35-43,CA,PURCHASE,OWNER,SFR,CasaMortgage,2022
LN105487,2024-03,305100.0,6.353,180,740-779,75-85,35-43,CA,REFINANCE,OWNER,TOWNHOUSE,BetaLoan,2024
LN105488,2024-07,293300.0,6.91,360,620-679,75-85,35-43,TX,PURCHASE,SECOND_HOME,SFR,BetaLoan,2024
LN105489,2022-10,158800.0,5.227,180,680-739,60-75,>43,NC,REFINANCE,OWNER,CONDO,AlphaServ,2022
LN105490,2023-02,436600.0,5.874,360,680-739,60-75,<=20,FL,CASHOUT_REFI,OWNER,SFR,BetaLoan,2023
LN105491,2024-03,232500.0,7.152,360,620-679,<=60,<=20,AZ,PURCHASE,OWNER,MULTI_2_4,DeltaHome,2024
LN105492,2022-02,542500.0,4.52,360,680-739,85-95,20-35,MI,PURCHASE,OWNER,CONDO,DeltaHome,2022
LN105493,2022-03,308400.0,4.909,360,620-679,75-85,20-35,WA,REFINANCE,OWNER,SFR,AlphaServ,2022
LN105494,2024-03,619700.0,7.114,360,620-679,75-85,20-35,GA,REFINANCE,OWNER,CONDO,CasaMortgage,2024
LN105495,2022-02,433200.0,4.396,360,680-739,60-75,35-43,CA,PURCHASE,OWNER,CONDO,AlphaServ,2022
LN105496,2024-03,282700.0,7.221,360,620-679,>95,20-35,CA,PURCHASE,INVESTOR,TOWNHOUSE,CasaMortgage,2024
LN105497,2023-03,184400.0,6.262,180,620-679,>95,20-35,TX,CASHOUT_REFI,OWNER,SFR,DeltaHome,2023
LN105498,2024-12,186100.0,6.83,360,620-679,85-95,<=20,NC,CASHOUT_REFI,OWNER,CONDO,EagleTrust,2024
LN105499,2021-08,324400.0,4.236,360,680-739,60-75,20-35,GA,PURCHASE,SECOND_HOME,MULTI_2_4,AlphaServ,2021
LN105500,2024-10,272200.0,6.377,360,740-779,60-75,35-43,TX,REFINANCE,OWNER,SFR,AlphaServ,2024
LN105501,2022-04,195800.0,4.232,360,740-779,75-85,20-35,NC,PURCHASE,OWNER,SFR,BetaLoan,2022
LN105502,2021-08,371300.0,4.336,360,620-679,85-95,20-35,TX,PURCHASE,OWNER,SFR,AlphaServ,2021
LN105503,2024-01,259700.0,7.565,360,<620,>95,20-35,GA,PURCHASE,OWNER,CONDO,BetaLoan,2024
LN105504,2023-05,372300.0,6.485,360,680-739,<=60,>43,FL,PURCHASE,OWNER,SFR,AlphaServ,2023
LN105505,2024-06,164600.0,7.164,360,620-679,60-75,<=20,TX,PURCHASE,INVESTOR,CONDO,DeltaHome,2024
LN105506,2021-11,400200.0,4.021,360,680-739,75-85,20-35,IL,REFINANCE,OWNER,TOWNHOUSE,CasaMortgage,2021
LN105507,2021-10,319800.0,3.558,360,780+,60-75,<=20,WA,PURCHASE,INVESTOR,SFR,BetaLoan,2021
LN105508,2023-06,437500.0,6.504,360,620-679,85-95,20-35,GA,REFINANCE,OWNER,SFR,CasaMortgage,2023
LN105509,2024-08,396300.0,7.238,360,620-679,75-85,35-43,FL,REFINANCE,OWNER,TOWNHOUSE,BetaLoan,2024
LN105510,2022-12,245700.0,5.396,180,740-779,85-95,20-35,IL,PURCHASE,INVESTOR,SFR,CasaMortgage,2022
LN105511,2024-04,236900.0,6.547,360,680-739,60-75,20-35,NY,PURCHASE,OWNER,SFR,BetaLoan,2024
LN105512,2024-09,569400.0,7.517,360,<620,75-85,>43,CA,PURCHASE,INVESTOR,SFR,BetaLoan,2024
LN105513,2024-07,224000.0,7.08,360,620-679,75-85,20-35,NC,REFINANCE,OWNER,CONDO,AlphaServ,2024
LN105514,2023-04,357500.0,5.573,360,780+,85-95,20-35,TX,PURCHASE,OWNER,SFR,BetaLoan,2023
LN105515,2023-12,215000.0,7.004,360,620-679,85-95,>43,OH,REFINANCE,OWNER,SFR,BetaLoan,2023
LN105516,2023-05,110400.0,5.945,360,740-779,85-95,20-35,CA,REFINANCE,INVESTOR,SFR,BetaLoan,2023
LN105517,2023-11,146900.0,6.524,360,740-779,75-85,<=20,MI,REFINANCE,OWNER,SFR,EagleTrust,2023
LN105518,2023-06,306400.0,6.306,360,680-739,60-75,<=20,CA,PURCHASE,OWNER,CONDO,AlphaServ,2023
LN105519,2023-05,349900.0,6.0,360,740-779,85-95,>43,FL,CASHOUT_REFI,OWNER,SFR,BetaLoan,2023
LN105520,2023-01,306900.0,6.118,360,620-679,>95,>43,NY,PURCHASE,OWNER,MULTI_2_4,CasaMortgage,2023
LN105521,2023-10,427500.0,6.387,360,680-739,60-75,20-35,MI,PURCHASE,OWNER,SFR,AlphaServ,2023
LN105522,2024-02,304400.0,7.07,360,620-679,60-75,35-43,WA,REFINANCE,OWNER,SFR,BetaLoan,2024
LN105523,2024-09,180100.0,5.904,360,780+,<=60,<=20,TX,CASHOUT_REFI,OWNER,SFR,CasaMortgage,2024
LN105524,2023-08,333500.0,6.876,360,620-679,85-95,20-35,CA,REFINANCE,OWNER,SFR,EagleTrust,2023
LN105525,2021-11,275500.0,4.591,360,620-679,75-85,>43,GA,REFINANCE,OWNER,SFR,BetaLoan,2021
LN105526,2023-07,197000.0,5.973,240,780+,<=60,20-35,TX,REFINANCE,OWNER,SFR,CasaMortgage,2023
LN105527,2022-08,315700.0,5.208,180,620-679,60-75,20-35,CA,REFINANCE,SECOND_HOME,TOWNHOUSE,DeltaHome,2022
LN105528,2021-08,264500.0,3.853,360,780+,85-95,20-35,TX,PURCHASE,OWNER,SFR,BetaLoan,2021
LN105529,2021-10,194400.0,3.582,360,740-779,75-85,35-43,TX,PURCHASE,OWNER,SFR,BetaLoan,2021
LN105530,2023-07,235600.0,6.385,360,740-779,60-75,35-43,OH,PURCHASE,OWNER,SFR,DeltaHome,2023
LN105531,2024-10,482200.0,6.261,360,740-779,75-85,35-43,NY,REFINANCE,OWNER,SFR,CasaMortgage,2024
LN105532,2023-04,475200.0,5.937,360,740-779,<=60,35-43,FL,PURCHASE,OWNER,SFR,AlphaServ,2023
LN105533,2023-01,277800.0,6.223,240,620-679,<=60,35-43,FL,PURCHASE,INVESTOR,SFR,DeltaHome,2023
LN105534,2021-10,261900.0,3.694,360,780+,60-75,>43,TX,PURCHASE,OWNER,SFR,BetaLoan,2021
LN105535,2023-11,133900.0,5.857,180,780+,60-75,35-43,PA,REFINANCE,OWNER,SFR,CasaMortgage,2023
LN105536,2021-09,553300.0,3.745,360,780+,<=60,20-35,IL,REFINANCE,OWNER,MULTI_2_4,BetaLoan,2021
LN105537,2024-06,406900.0,6.682,360,680-739,<=60,>43,PA,REFINANCE,OWNER,SFR,BetaLoan,2024
LN105538,2024-05,358000.0,6.681,240,680-739,60-75,20-35,WA,PURCHASE,OWNER,CONDO,BetaLoan,2024
LN105539,2024-12,91700.0,6.764,360,680-739,85-95,20-35,IL,PURCHASE,OWNER,SFR,AlphaServ,2024
LN105540,2022-06,260000.0,5.54,360,<620,85-95,35-43,AZ,REFINANCE,OWNER,SFR,BetaLoan,2022
LN105541,2022-01,241100.0,4.385,360,680-739,60-75,>43,TX,PURCHASE,OWNER,SFR,AlphaServ,2022
LN105542,2022-07,347100.0,4.456,360,740-779,75-85,20-35,FL,PURCHASE,OWNER,SFR,CasaMortgage,2022
LN105543,2024-04,208400.0,6.813,240,680-739,60-75,20-35,GA,CASHOUT_REFI,OWNER,SFR,EagleTrust,2024
LN105544,2022-04,230000.0,4.785,360,680-739,85-95,35-43,TX,PURCHASE,OWNER,CONDO,DeltaHome,2022
LN105545,2024-08,337300.0,6.541,360,680-739,60-75,20-35,OH,PURCHASE,OWNER,MULTI_2_4,EagleTrust,2024
LN105546,2022-01,180200.0,4.23,240,740-779,<=60,20-35,AZ,PURCHASE,OWNER,SFR,BetaLoan,2022
LN105547,2021-09,197100.0,4.223,360,680-739,75-85,<=20,WA,PURCHASE,OWNER,CONDO,AlphaServ,2021
LN105548,2022-04,278500.0,3.886,240,780+,60-75,20-35,OH,PURCHASE,OWNER,SFR,AlphaServ,2022
LN105549,2024-02,466200.0,6.405,360,740-779,60-75,20-35,NC,PURCHASE,OWNER,TOWNHOUSE,BetaLoan,2024
LN105550,2023-08,367300.0,7.162,180,<620,60-75,20-35,GA,PURCHASE,SECOND_HOME,SFR,BetaLoan,2023
LN105551,2022-09,414100.0,6.228,360,<620,85-95,35-43,NY,CASHOUT_REFI,OWNER,SFR,BetaLoan,2022
LN105552,2023-10,262600.0,6.367,180,740-779,<=60,<=20,FL,REFINANCE,OWNER,CONDO,DeltaHome,2023
LN105553,2023-10,500200.0,6.507,180,680-739,60-75,<=20,GA,PURCHASE,OWNER,TOWNHOUSE,AlphaServ,2023
LN105554,2023-06,116600.0,5.788,360,780+,85-95,20-35,FL,CASHOUT_REFI,OWNER,TOWNHOUSE,AlphaServ,2023
LN105555,2023-04,634100.0,6.8,360,620-679,60-75,<=20,MI,REFINANCE,INVESTOR,CONDO,EagleTrust,2023
LN105556,2021-11,672200.0,5.166,360,<620,60-75,>43,CA,PURCHASE,SECOND_HOME,SFR,CasaMortgage,2021
LN105557,2022-05,313500.0,4.722,360,680-739,75-85,20-35,NC,PURCHASE,OWNER,SFR,BetaLoan,2022
LN105558,2023-05,371200.0,5.642,360,740-779,<=60,35-43,IL,PURCHASE,OWNER,SFR,AlphaServ,2023
LN105559,2021-12,250900.0,3.802,360,780+,85-95,20-35,CA,REFINANCE,INVESTOR,MULTI_2_4,BetaLoan,2021
LN105560,2023-02,232300.0,5.572,360,780+,60-75,>43,PA,REFINANCE,OWNER,SFR,DeltaHome,2023
LN105561,2021-11,193900.0,4.503,360,680-739,<=60,20-35,OH,REFINANCE,SECOND_HOME,SFR,EagleTrust,2021
LN105562,2024-04,249700.0,6.021,360,740-779,85-95,>43,NC,PURCHASE,SECOND_HOME,CONDO,AlphaServ,2024
LN105563,2021-11,327800.0,5.215,360,<620,85-95,20-35,CA,PURCHASE,INVESTOR,SFR,DeltaHome,2021
LN105564,2021-10,308300.0,4.003,360,740-779,85-95,35-43,CA,PURCHASE,INVESTOR,TOWNHOUSE,AlphaServ,2021
LN105565,2023-09,624000.0,5.884,360,780+,60-75,<=20,AZ,REFINANCE,OWNER,CONDO,DeltaHome,2023
LN105566,2022-04,267000.0,4.952,360,680-739,75-85,20-35,IL,PURCHASE,OWNER,SFR,DeltaHome,2022
LN105567,2022-09,130600.0,4.649,180,780+,>95,20-35,FL,PURCHASE,OWNER,CONDO,BetaLoan,2022
LN105568,2022-08,535000.0,5.89,360,620-679,75-85,35-43,IL,PURCHASE,OWNER,SFR,CasaMortgage,2022
LN105569,2022-04,147400.0,5.078,240,620-679,>95,20-35,FL,REFINANCE,OWNER,SFR,EagleTrust,2022
LN105570,2024-02,198400.0,6.726,360,680-739,85-95,35-43,WA,REFINANCE,SECOND_HOME,MULTI_2_4,CasaMortgage,2024
LN105571,2023-12,288500.0,5.98,360,780+,85-95,20-35,TX,PURCHASE,OWNER,SFR,CasaMortgage,2023
LN105572,2022-05,308000.0,4.492,360,680-739,60-75,<=20,OH,PURCHASE,OWNER,SFR,AlphaServ,2022
LN105573,2023-11,133200.0,6.21,360,740-779,>95,35-43,FL,REFINANCE,OWNER,CONDO,AlphaServ,2023
LN105574,2023-12,182400.0,7.07,360,620-679,85-95,20-35,TX,REFINANCE,OWNER,SFR,AlphaServ,2023
LN105575,2023-05,131100.0,5.83,360,740-779,85-95,20-35,NC,PURCHASE,OWNER,SFR,AlphaServ,2023
LN105576,2023-07,337700.0,6.312,180,680-739,>95,>43,CA,REFINANCE,OWNER,SFR,AlphaServ,2023
LN105577,2024-10,434700.0,6.963,180,620-679,85-95,<=20,TX,REFINANCE,OWNER,TOWNHOUSE,DeltaHome,2024
LN105578,2023-02,147300.0,5.372,360,740-779,75-85,35-43,IL,PURCHASE,OWNER,TOWNHOUSE,AlphaServ,2023
LN105579,2022-11,399500.0,5.225,360,740-779,75-85,<=20,NY,REFINANCE,OWNER,CONDO,DeltaHome,2022
LN105580,2023-05,388000.0,6.265,360,680-739,85-95,35-43,AZ,PURCHASE,OWNER,SFR,EagleTrust,2023
LN105581,2024-06,189700.0,6.906,360,620-679,85-95,20-35,GA,REFINANCE,OWNER,SFR,BetaLoan,2024
LN105582,2023-12,104600.0,7.177,240,620-679,75-85,35-43,CA,REFINANCE,OWNER,MULTI_2_4,AlphaServ,2023
LN105583,2021-10,157600.0,3.72,360,780+,75-85,35-43,CA,PURCHASE,OWNER,SFR,DeltaHome,2021
LN105584,2023-02,195300.0,5.262,360,740-779,85-95,<=20,OH,PURCHASE,OWNER,SFR,EagleTrust,2023
LN105585,2024-02,510800.0,6.195,360,740-779,<=60,20-35,TX,REFINANCE,OWNER,SFR,AlphaServ,2024
LN105586,2022-04,242000.0,4.228,360,740-779,85-95,20-35,TX,REFINANCE,OWNER,SFR,BetaLoan,2022
LN105587,2024-12,162300.0,6.041,180,740-779,75-85,35-43,WA,PURCHASE,OWNER,SFR,DeltaHome,2024
LN105588,2024-04,272800.0,7.279,360,620-679,85-95,20-35,NC,PURCHASE,OWNER,SFR,AlphaServ,2024
LN105589,2024-06,142500.0,6.714,180,680-739,60-75,20-35,FL,PURCHASE,INVESTOR,SFR,BetaLoan,2024
LN105590,2021-10,321700.0,3.811,360,740-779,75-85,20-35,CA,PURCHASE,OWNER,SFR,AlphaServ,2021
LN105591,2023-07,164400.0,6.678,360,620-679,<=60,20-35,MI,CASHOUT_REFI,OWNER,SFR,DeltaHome,2023
LN105592,2023-05,175500.0,6.57,360,620-679,75-85,20-35,OH,REFINANCE,OWNER,SFR,AlphaServ,2023
LN105593,2023-09,302200.0,6.055,360,740-779,85-95,>43,FL,PURCHASE,SECOND_HOME,TOWNHOUSE,CasaMortgage,2023
LN105594,2024-06,561100.0,6.176,180,740-779,75-85,>43,IL,CASHOUT_REFI,OWNER,CONDO,CasaMortgage,2024
LN105595,2022-09,686300.0,5.091,360,740-779,75-85,20-35,AZ,PURCHASE,OWNER,SFR,EagleTrust,2022
LN105596,2023-05,159900.0,6.756,360,<620,60-75,>43,CA,CASHOUT_REFI,OWNER,SFR,AlphaServ,2023
LN105597,2023-11,195200.0,6.122,360,780+,75-85,35-43,NC,CASHOUT_REFI,OWNER,TOWNHOUSE,BetaLoan,2023
LN105598,2024-02,321900.0,7.213,360,<620,85-95,20-35,PA,PURCHASE,OWNER,SFR,DeltaHome,2024
LN105599,2024-03,431900.0,7.089,360,620-679,85-95,20-35,IL,CASHOUT_REFI,OWNER,SFR,BetaLoan,2024
LN105600,2022-09,96400.0,4.992,360,780+,<=60,20-35,WA,REFINANCE,INVESTOR,SFR,EagleTrust,2022
LN105601,2024-12,265500.0,6.007,180,740-779,75-85,35-43,TX,PURCHASE,OWNER,SFR,AlphaServ,2024
LN105602,2021-07,205000.0,3.429,360,780+,85-95,>43,NC,PURCHASE,OWNER,SFR,BetaLoan,2021
LN105603,2023-03,107400.0,5.926,360,740-779,75-85,35-43,NY,PURCHASE,OWNER,SFR,DeltaHome,2023
LN105604,2023-08,139800.0,6.059,360,740-779,75-85,35-43,FL,REFINANCE,SECOND_HOME,SFR,BetaLoan,2023
LN105605,2021-09,197700.0,3.992,360,680-739,>95,35-43,GA,PURCHASE,OWNER,MULTI_2_4,AlphaServ,2021
LN105606,2023-01,262100.0,5.701,360,680-739,85-95,20-35,GA,PURCHASE,OWNER,TOWNHOUSE,AlphaServ,2023
LN105607,2023-08,401800.0,6.351,360,780+,<=60,20-35,FL,PURCHASE,OWNER,CONDO,DeltaHome,2023
LN105608,2023-08,299400.0,5.826,180,780+,75-85,20-35,FL,PURCHASE,OWNER,TOWNHOUSE,AlphaServ,2023
LN105609,2021-11,391000.0,4.325,360,680-739,75-85,35-43,IL,PURCHASE,SECOND_HOME,CONDO,AlphaServ,2021
LN105610,2022-06,258300.0,5.009,360,680-739,85-95,35-43,WA,PURCHASE,OWNER,SFR,BetaLoan,2022
LN105611,2022-05,185900.0,5.05,360,680-739,60-75,<=20,MI,REFINANCE,OWNER,CONDO,EagleTrust,2022
LN105612,2023-09,235000.0,6.808,360,680-739,<=60,<=20,FL,PURCHASE,OWNER,MULTI_2_4,CasaMortgage,2023
LN105613,2022-08,349100.0,4.322,360,780+,75-85,20-35,FL,REFINANCE,OWNER,SFR,BetaLoan,2022
LN105614,2023-07,406200.0,7.523,360,<620,75-85,35-43,AZ,PURCHASE,OWNER,CONDO,EagleTrust,2023
LN105615,2024-01,238800.0,6.598,360,680-739,60-75,20-35,MI,PURCHASE,SECOND_HOME,CONDO,AlphaServ,2024
LN105616,2024-04,168000.0,5.918,360,780+,>95,20-35,GA,CASHOUT_REFI,OWNER,SFR,AlphaServ,2024
LN105617,2022-02,296900.0,4.63,240,680-739,60-75,>43,NC,PURCHASE,OWNER,SFR,BetaLoan,2022
LN105618,2024-08,316500.0,6.421,360,680-739,<=60,35-43,CA,PURCHASE,OWNER,CONDO,CasaMortgage,2024
LN105619,2022-01,444500.0,4.603,360,680-739,<=60,20-35,CA,PURCHASE,OWNER,SFR,DeltaHome,2022
LN105620,2021-07,188100.0,4.892,360,<620,60-75,35-43,FL,PURCHASE,OWNER,SFR,CasaMortgage,2021
LN105621,2021-08,189000.0,4.687,360,620-679,<=60,20-35,IL,PURCHASE,OWNER,SFR,CasaMortgage,2021
LN105622,2022-03,358700.0,5.082,360,620-679,75-85,35-43,NC,CASHOUT_REFI,OWNER,SFR,CasaMortgage,2022
LN105623,2024-07,212500.0,7.277,360,<620,<=60,20-35,MI,PURCHASE,OWNER,SFR,AlphaServ,2024
LN105624,2022-03,208500.0,4.694,180,620-679,75-85,20-35,AZ,REFINANCE,OWNER,SFR,DeltaHome,2022
LN105625,2023-12,448800.0,6.584,360,680-739,75-85,35-43,TX,PURCHASE,OWNER,SFR,CasaMortgage,2023
LN105626,2022-12,137700.0,6.52,360,<620,75-85,20-35,MI,PURCHASE,OWNER,MULTI_2_4,BetaLoan,2022
LN105627,2021-08,643900.0,3.713,360,780+,>95,35-43,WA,REFINANCE,OWNER,TOWNHOUSE,CasaMortgage,2021
LN105628,2023-01,193700.0,6.189,360,620-679,>95,20-35,TX,REFINANCE,OWNER,SFR,AlphaServ,2023
LN105629,2021-08,377000.0,3.937,360,680-739,75-85,<=20,CA,PURCHASE,OWNER,SFR,CasaMortgage,2021
LN105630,2023-02,243100.0,5.508,180,780+,60-75,>43,AZ,PURCHASE,OWNER,SFR,AlphaServ,2023
LN105631,2023-06,288400.0,6.326,360,620-679,85-95,20-35,CA,PURCHASE,OWNER,SFR,BetaLoan,2023
LN105632,2023-04,226800.0,5.905,240,680-739,60-75,20-35,NC,CASHOUT_REFI,OWNER,SFR,DeltaHome,2023
LN105633,2022-06,375300.0,4.205,360,780+,85-95,20-35,NY,REFINANCE,OWNER,SFR,AlphaServ,2022
LN105634,2024-03,218300.0,6.166,360,680-739,75-85,20-35,FL,CASHOUT_REFI,OWNER,SFR,BetaLoan,2024
LN105635,2023-08,197200.0,6.881,360,620-679,60-75,35-43,WA,PURCHASE,OWNER,SFR,CasaMortgage,2023
LN105636,2022-05,577200.0,4.314,360,740-779,75-85,20-35,FL,PURCHASE,SECOND_HOME,SFR,CasaMortgage,2022
LN105637,2023-01,258600.0,5.573,360,740-779,85-95,>43,NY,REFINANCE,OWNER,CONDO,AlphaServ,2023
LN105638,2021-11,188300.0,4.368,360,680-739,75-85,20-35,CA,CASHOUT_REFI,OWNER,SFR,BetaLoan,2021
LN105639,2024-09,130500.0,7.696,360,<620,85-95,20-35,TX,REFINANCE,OWNER,TOWNHOUSE,AlphaServ,2024
LN105640,2024-02,591000.0,7.631,240,<620,85-95,20-35,FL,PURCHASE,OWNER,SFR,DeltaHome,2024
LN105641,2022-07,199100.0,4.235,360,780+,75-85,<=20,GA,PURCHASE,OWNER,SFR,DeltaHome,2022
LN105642,2023-11,645500.0,6.366,180,680-739,60-75,<=20,CA,CASHOUT_REFI,SECOND_HOME,TOWNHOUSE,BetaLoan,2023
LN105643,2023-11,305400.0,6.616,180,620-679,75-85,20-35,FL,REFINANCE,OWNER,MULTI_2_4,EagleTrust,2023
LN105644,2023-08,272200.0,6.25,360,680-739,<=60,<=20,FL,CASHOUT_REFI,OWNER,CONDO,AlphaServ,2023
LN105645,2021-09,275500.0,3.897,360,780+,75-85,35-43,MI,REFINANCE,OWNER,SFR,CasaMortgage,2021
LN105646,2024-07,691900.0,7.548,360,<620,<=60,35-43,TX,PURCHASE,OWNER,SFR,AlphaServ,2024
LN105647,2024-11,95200.0,7.602,360,<620,>95,20-35,AZ,PURCHASE,OWNER,SFR,BetaLoan,2024
LN105648,2024-11,281100.0,6.283,360,680-739,85-95,20-35,WA,PURCHASE,OWNER,SFR,AlphaServ,2024
LN105649,2024-12,226500.0,6.458,240,680-739,60-75,35-43,TX,PURCHASE,INVESTOR,SFR,AlphaServ,2024
LN105650,2024-10,231900.0,6.655,360,680-739,85-95,<=20,FL,REFINANCE,OWNER,TOWNHOUSE,BetaLoan,2024
LN105651,2024-02,273000.0,5.906,360,780+,85-95,20-35,NC,PURCHASE,OWNER,SFR,CasaMortgage,2024
LN105652,2021-09,226400.0,4.993,360,<620,85-95,>43,TX,PURCHASE,OWNER,SFR,BetaLoan,2021
LN105653,2023-02,277800.0,6.116,360,680-739,60-75,20-35,PA,PURCHASE,INVESTOR,CONDO,EagleTrust,2023
LN105654,2022-05,252600.0,4.948,360,680-739,75-85,<=20,WA,CASHOUT_REFI,OWNER,SFR,DeltaHome,2022
LN105655,2022-04,141300.0,4.748,240,680-739,75-85,20-35,GA,REFINANCE,OWNER,SFR,AlphaServ,2022
LN105656,2024-05,303000.0,6.597,360,680-739,60-75,20-35,TX,PURCHASE,OWNER,SFR,AlphaServ,2024
LN105657,2024-05,352300.0,6.324,360,740-779,75-85,35-43,CA,REFINANCE,OWNER,SFR,EagleTrust,2024
LN105658,2023-04,200000.0,5.943,360,680-739,60-75,20-35,NY,CASHOUT_REFI,OWNER,CONDO,BetaLoan,2023
LN105659,2024-01,591600.0,6.611,360,740-779,85-95,20-35,TX,REFINANCE,OWNER,SFR,EagleTrust,2024
LN105660,2021-12,465600.0,4.465,360,620-679,>95,20-35,MI,PURCHASE,OWNER,SFR,AlphaServ,2021
LN105661,2022-04,373200.0,4.586,360,740-779,60-75,35-43,IL,PURCHASE,OWNER,SFR,EagleTrust,2022
LN105662,2024-07,371100.0,6.648,360,620-679,60-75,20-35,GA,REFINANCE,OWNER,SFR,CasaMortgage,2024
LN105663,2023-01,258700.0,5.782,360,680-739,60-75,20-35,GA,PURCHASE,OWNER,SFR,BetaLoan,2023
LN105664,2023-05,426600.0,6.695,360,620-679,85-95,<=20,CA,PURCHASE,OWNER,CONDO,AlphaServ,2023
LN105665,2023-02,517500.0,5.314,360,780+,60-75,<=20,NC,PURCHASE,INVESTOR,CONDO,BetaLoan,2023
LN105666,2022-03,367200.0,3.777,360,780+,85-95,>43,PA,PURCHASE,OWNER,SFR,CasaMortgage,2022
LN105667,2024-05,197500.0,6.156,360,740-779,85-95,20-35,IL,PURCHASE,OWNER,SFR,AlphaServ,2024
LN105668,2024-02,250700.0,6.042,360,780+,60-75,<=20,OH,PURCHASE,OWNER,MULTI_2_4,DeltaHome,2024
LN105669,2023-11,330400.0,6.959,360,620-679,85-95,>43,CA,PURCHASE,SECOND_HOME,SFR,DeltaHome,2023
LN105670,2022-09,372100.0,5.278,360,680-739,75-85,>43,GA,REFINANCE,OWNER,CONDO,CasaMortgage,2022
LN105671,2023-10,246500.0,6.52,360,680-739,60-75,20-35,WA,CASHOUT_REFI,OWNER,SFR,BetaLoan,2023
LN105672,2024-11,197800.0,6.083,180,780+,85-95,20-35,NC,PURCHASE,OWNER,SFR,EagleTrust,2024
LN105673,2023-10,520700.0,7.019,360,620-679,75-85,>43,CA,REFINANCE,OWNER,SFR,BetaLoan,2023
LN105674,2023-03,157500.0,6.367,360,620-679,<=60,<=20,FL,PURCHASE,OWNER,CONDO,CasaMortgage,2023
LN105675,2022-06,167100.0,4.653,240,740-779,75-85,20-35,WA,REFINANCE,OWNER,SFR,BetaLoan,2022
LN105676,2023-04,140500.0,6.332,360,620-679,75-85,20-35,GA,PURCHASE,OWNER,CONDO,BetaLoan,2023
LN105677,2022-10,166900.0,4.849,360,740-779,75-85,35-43,FL,CASHOUT_REFI,OWNER,SFR,EagleTrust,2022
LN105678,2023-08,447400.0,6.332,360,680-739,60-75,20-35,GA,PURCHASE,OWNER,SFR,AlphaServ,2023
LN105679,2021-08,454200.0,4.352,360,740-779,85-95,20-35,TX,PURCHASE,OWNER,SFR,CasaMortgage,2021
LN105680,2022-02,246900.0,3.951,360,780+,60-75,35-43,AZ,REFINANCE,OWNER,SFR,AlphaServ,2022
LN105681,2024-04,319100.0,6.754,360,680-739,75-85,35-43,NY,REFINANCE,SECOND_HOME,SFR,CasaMortgage,2024
LN105682,2022-10,254000.0,6.053,240,620-679,60-75,<=20,TX,PURCHASE,OWNER,SFR,DeltaHome,2022
LN105683,2023-01,149300.0,6.675,360,<620,75-85,<=20,CA,PURCHASE,OWNER,SFR,BetaLoan,2023
LN105684,2023-05,692600.0,7.395,360,<620,85-95,35-43,CA,REFINANCE,OWNER,TOWNHOUSE,BetaLoan,2023
LN105685,2023-01,473800.0,6.32,360,620-679,<=60,20-35,GA,CASHOUT_REFI,SECOND_HOME,SFR,BetaLoan,2023
LN105686,2024-02,299400.0,6.784,360,680-739,<=60,35-43,NC,REFINANCE,OWNER,TOWNHOUSE,BetaLoan,2024
LN105687,2022-05,173700.0,4.803,360,680-739,85-95,<=20,GA,PURCHASE,OWNER,SFR,BetaLoan,2022
LN105688,2024-02,230700.0,7.033,360,620-679,60-75,35-43,FL,CASHOUT_REFI,OWNER,CONDO,AlphaServ,2024
LN105689,2022-03,186900.0,5.205,360,620-679,60-75,20-35,MI,REFINANCE,OWNER,SFR,CasaMortgage,2022
LN105690,2022-10,266700.0,4.851,360,780+,75-85,20-35,PA,REFINANCE,OWNER,CONDO,DeltaHome,2022
LN105691,2023-07,293500.0,6.822,360,620-679,75-85,<=20,GA,PURCHASE,OWNER,SFR,CasaMortgage,2023
LN105692,2024-08,218900.0,7.001,360,620-679,<=60,20-35,GA,PURCHASE,OWNER,SFR,CasaMortgage,2024
LN105693,2022-04,132700.0,4.678,360,680-739,85-95,20-35,TX,PURCHASE,OWNER,SFR,BetaLoan,2022
LN105694,2023-07,666300.0,7.388,360,<620,60-75,20-35,PA,REFINANCE,OWNER,SFR,BetaLoan,2023
LN105695,2021-09,284000.0,3.694,360,780+,85-95,35-43,CA,PURCHASE,OWNER,SFR,DeltaHome,2021
LN105696,2021-10,313500.0,4.569,360,620-679,85-95,35-43,PA,REFINANCE,OWNER,SFR,AlphaServ,2021
LN105697,2024-03,211100.0,6.603,360,740-779,60-75,20-35,NY,PURCHASE,OWNER,SFR,BetaLoan,2024
LN105698,2024-01,126400.0,6.645,180,680-739,85-95,35-43,CA,REFINANCE,OWNER,CONDO,BetaLoan,2024
LN105699,2022-10,245900.0,5.027,360,740-779,85-95,<=20,CA,PURCHASE,OWNER,SFR,CasaMortgage,2022
LN105700,2023-09,220700.0,6.166,360,740-779,>95,35-43,WA,CASHOUT_REFI,OWNER,SFR,CasaMortgage,2023
LN105701,2022-10,351300.0,5.143,180,740-779,85-95,20-35,OH,REFINANCE,OWNER,SFR,AlphaServ,2022
LN105702,2022-06,383700.0,4.796,360,680-739,75-85,20-35,NY,REFINANCE,SECOND_HOME,TOWNHOUSE,AlphaServ,2022
LN105703,2023-01,360100.0,5.754,240,680-739,75-85,35-43,AZ,PURCHASE,OWNER,SFR,AlphaServ,2023
LN105704,2022-08,398200.0,4.843,360,740-779,85-95,>43,IL,PURCHASE,OWNER,SFR,CasaMortgage,2022
LN105705,2024-05,574700.0,6.697,360,680-739,85-95,20-35,PA,REFINANCE,OWNER,SFR,CasaMortgage,2024
LN105706,2022-12,304200.0,5.506,360,680-739,75-85,35-43,PA,REFINANCE,OWNER,SFR,AlphaServ,2022
LN105707,2022-08,418600.0,5.665,360,620-679,85-95,20-35,MI,REFINANCE,OWNER,SFR,CasaMortgage,2022
LN105708,2023-05,318800.0,6.592,240,620-679,60-75,20-35,CA,PURCHASE,OWNER,SFR,DeltaHome,2023
LN105709,2024-02,108600.0,6.794,360,620-679,>95,20-35,WA,REFINANCE,OWNER,SFR,AlphaServ,2024
LN105710,2022-06,238100.0,5.887,360,<620,60-75,20-35,GA,REFINANCE,OWNER,MULTI_2_4,AlphaServ,2022
LN105711,2024-10,172700.0,6.606,240,680-739,<=60,20-35,NY,REFINANCE,OWNER,SFR,AlphaServ,2024
LN105712,2023-02,283300.0,6.951,360,<620,60-75,35-43,MI,PURCHASE,OWNER,SFR,CasaMortgage,2023
LN105713,2023-10,178800.0,6.4,360,740-779,>95,20-35,CA,REFINANCE,OWNER,MULTI_2_4,DeltaHome,2023
LN105714,2024-11,335200.0,6.556,360,740-779,85-95,20-35,TX,REFINANCE,SECOND_HOME,MULTI_2_4,AlphaServ,2024
LN105715,2023-01,396900.0,5.548,360,740-779,75-85,20-35,NC,REFINANCE,OWNER,SFR,DeltaHome,2023
LN105716,2022-03,438700.0,4.202,360,740-779,>95,20-35,GA,REFINANCE,SECOND_HOME,SFR,BetaLoan,2022
LN105717,2024-02,529000.0,7.468,360,<620,60-75,20-35,IL,PURCHASE,OWNER,SFR,DeltaHome,2024
LN105718,2021-07,120100.0,4.9,360,<620,60-75,20-35,NC,REFINANCE,OWNER,SFR,DeltaHome,2021
LN105719,2023-02,148800.0,5.551,360,740-779,<=60,20-35,WA,REFINANCE,OWNER,CONDO,CasaMortgage,2023
LN105720,2024-12,953100.0,6.201,180,740-779,75-85,35-43,CA,REFINANCE,OWNER,SFR,AlphaServ,2024
LN105721,2022-12,402000.0,5.136,360,740-779,75-85,35-43,FL,PURCHASE,OWNER,CONDO,AlphaServ,2022
LN105722,2023-11,282400.0,6.383,360,740-779,60-75,20-35,FL,REFINANCE,OWNER,CONDO,AlphaServ,2023
LN105723,2023-05,259000.0,5.995,180,740-779,<=60,<=20,WA,PURCHASE,OWNER,SFR,BetaLoan,2023
LN105724,2022-04,248800.0,4.629,360,740-779,75-85,20-35,TX,PURCHASE,OWNER,CONDO,DeltaHome,2022
LN105725,2022-08,106900.0,4.709,360,740-779,60-75,20-35,FL,PURCHASE,OWNER,SFR,CasaMortgage,2022
LN105726,2023-04,180300.0,6.106,360,740-779,75-85,20-35,AZ,REFINANCE,INVESTOR,MULTI_2_4,BetaLoan,2023
LN105727,2021-11,242700.0,5.308,360,<620,75-85,20-35,NC,PURCHASE,INVESTOR,SFR,AlphaServ,2021
LN105728,2022-12,185000.0,6.44,360,<620,60-75,<=20,CA,REFINANCE,OWNER,CONDO,AlphaServ,2022
LN105729,2022-12,196200.0,5.514,360,680-739,<=60,20-35,WA,CASHOUT_REFI,OWNER,SFR,EagleTrust,2022
LN105730,2024-06,807300.0,6.666,240,680-739,75-85,20-35,CA,REFINANCE,OWNER,SFR,CasaMortgage,2024
LN105731,2021-12,227900.0,4.106,360,740-779,85-95,>43,IL,REFINANCE,OWNER,SFR,EagleTrust,2021
LN105732,2024-06,289300.0,7.147,180,620-679,75-85,35-43,TX,PURCHASE,OWNER,SFR,BetaLoan,2024
LN105733,2022-12,284700.0,5.598,360,680-739,75-85,>43,GA,PURCHASE,OWNER,SFR,AlphaServ,2022
LN105734,2023-10,332800.0,6.634,360,740-779,>95,35-43,FL,PURCHASE,OWNER,SFR,DeltaHome,2023
LN105735,2023-06,205900.0,6.502,360,620-679,85-95,>43,PA,CASHOUT_REFI,OWNER,SFR,EagleTrust,2023
LN105736,2022-07,447400.0,4.738,360,780+,60-75,20-35,OH,REFINANCE,OWNER,CONDO,BetaLoan,2022
LN105737,2024-10,311600.0,6.639,360,620-679,85-95,20-35,FL,PURCHASE,OWNER,SFR,AlphaServ,2024
LN105738,2022-04,143000.0,4.516,240,680-739,75-85,35-43,PA,CASHOUT_REFI,OWNER,SFR,CasaMortgage,2022
LN105739,2021-08,243200.0,4.257,360,680-739,75-85,20-35,MI,REFINANCE,SECOND_HOME,SFR,DeltaHome,2021
LN105740,2024-02,236200.0,7.306,240,620-679,85-95,20-35,IL,REFINANCE,OWNER,SFR,DeltaHome,2024
LN105741,2023-09,231400.0,7.566,360,<620,75-85,35-43,IL,PURCHASE,OWNER,SFR,DeltaHome,2023
LN105742,2024-08,321000.0,6.958,360,620-679,85-95,>43,IL,REFINANCE,OWNER,SFR,EagleTrust,2024
LN105743,2023-02,339600.0,5.742,360,680-739,60-75,20-35,OH,PURCHASE,OWNER,SFR,BetaLoan,2023
LN105744,2021-07,322100.0,4.294,360,680-739,75-85,20-35,PA,PURCHASE,OWNER,CONDO,CasaMortgage,2021
LN105745,2021-07,297300.0,3.733,360,740-779,<=60,<=20,CA,PURCHASE,OWNER,SFR,CasaMortgage,2021
LN105746,2023-01,265300.0,6.996,360,<620,85-95,<=20,NY,REFINANCE,OWNER,SFR,BetaLoan,2023
LN105747,2022-05,97000.0,4.978,240,680-739,60-75,35-43,MI,REFINANCE,OWNER,SFR,DeltaHome,2022
LN105748,2024-09,362200.0,7.567,180,<620,75-85,20-35,WA,PURCHASE,OWNER,CONDO,AlphaServ,2024
LN105749,2021-11,318000.0,3.592,360,780+,85-95,20-35,CA,PURCHASE,OWNER,SFR,CasaMortgage,2021
LN105750,2024-07,163900.0,6.164,360,740-779,60-75,35-43,CA,PURCHASE,INVESTOR,CONDO,BetaLoan,2024
LN105751,2022-04,289600.0,4.266,360,780+,<=60,20-35,PA,PURCHASE,OWNER,TOWNHOUSE,AlphaServ,2022
LN105752,2021-12,341700.0,3.831,360,780+,75-85,35-43,WA,CASHOUT_REFI,OWNER,SFR,AlphaServ,2021
LN105753,2022-06,432400.0,5.238,360,680-739,75-85,35-43,NC,REFINANCE,OWNER,SFR,AlphaServ,2022
LN105754,2022-01,321100.0,4.187,360,740-779,<=60,35-43,OH,PURCHASE,OWNER,SFR,AlphaServ,2022
LN105755,2022-11,295000.0,5.678,180,680-739,60-75,>43,TX,REFINANCE,OWNER,CONDO,CasaMortgage,2022
LN105756,2022-08,390800.0,4.947,360,780+,60-75,>43,WA,REFINANCE,OWNER,SFR,BetaLoan,2022
LN105757,2023-05,222400.0,6.12,360,680-739,60-75,<=20,NC,PURCHASE,OWNER,SFR,DeltaHome,2023
LN105758,2023-05,307200.0,6.329,360,680-739,85-95,20-35,NC,REFINANCE,OWNER,TOWNHOUSE,EagleTrust,2023
LN105759,2021-07,193000.0,3.415,240,780+,60-75,>43,AZ,PURCHASE,SECOND_HOME,SFR,AlphaServ,2021
LN105760,2021-12,420700.0,3.967,360,780+,75-85,35-43,AZ,PURCHASE,OWNER,SFR,BetaLoan,2021
LN105761,2022-01,123700.0,4.164,360,780+,60-75,20-35,CA,REFINANCE,OWNER,SFR,AlphaServ,2022
LN105762,2022-03,368600.0,5.492,360,<620,>95,35-43,CA,CASHOUT_REFI,OWNER,SFR,CasaMortgage,2022
LN105763,2021-10,257300.0,4.285,180,620-679,85-95,35-43,TX,PURCHASE,OWNER,SFR,DeltaHome,2021
LN105764,2022-08,394100.0,5.352,360,680-739,75-85,20-35,AZ,REFINANCE,SECOND_HOME,SFR,AlphaServ,2022
LN105765,2023-06,179600.0,6.581,360,680-739,85-95,20-35,OH,REFINANCE,OWNER,TOWNHOUSE,DeltaHome,2023
LN105766,2022-07,265800.0,4.9,360,680-739,60-75,35-43,GA,CASHOUT_REFI,SECOND_HOME,SFR,AlphaServ,2022
LN105767,2022-08,262300.0,5.05,360,680-739,<=60,35-43,FL,PURCHASE,INVESTOR,CONDO,CasaMortgage,2022
LN105768,2023-02,310300.0,5.832,360,740-779,75-85,>43,NY,PURCHASE,OWNER,CONDO,DeltaHome,2023
LN105769,2023-06,159300.0,6.543,240,620-679,75-85,35-43,FL,PURCHASE,OWNER,SFR,EagleTrust,2023
LN105770,2022-08,339900.0,4.67,360,740-779,60-75,20-35,WA,PURCHASE,OWNER,SFR,BetaLoan,2022
LN105771,2022-04,111200.0,4.001,360,780+,75-85,20-35,NY,CASHOUT_REFI,OWNER,SFR,AlphaServ,2022
LN105772,2022-12,189000.0,5.337,360,740-779,85-95,20-35,PA,PURCHASE,OWNER,SFR,BetaLoan,2022
LN105773,2021-08,126300.0,4.238,360,680-739,85-95,20-35,CA,CASHOUT_REFI,INVESTOR,TOWNHOUSE,BetaLoan,2021
LN105774,2023-03,370500.0,6.489,360,620-679,85-95,35-43,FL,PURCHASE,INVESTOR,SFR,CasaMortgage,2023
LN105775,2024-10,305600.0,7.63,360,<620,75-85,<=20,TX,PURCHASE,OWNER,SFR,CasaMortgage,2024
LN105776,2022-11,313400.0,5.389,360,740-779,75-85,20-35,FL,PURCHASE,OWNER,SFR,AlphaServ,2022
LN105777,2021-11,495300.0,4.487,360,680-739,75-85,35-43,GA,REFINANCE,SECOND_HOME,SFR,AlphaServ,2021
LN105778,2023-12,221400.0,7.653,180,<620,60-75,35-43,CA,PURCHASE,SECOND_HOME,SFR,EagleTrust,2023
LN105779,2021-12,335800.0,3.608,360,780+,85-95,20-35,OH,CASHOUT_REFI,OWNER,SFR,BetaLoan,2021
LN105780,2022-03,262900.0,4.196,180,740-779,<=60,<=20,CA,PURCHASE,OWNER,SFR,CasaMortgage,2022
LN105781,2022-01,245500.0,4.111,360,780+,85-95,20-35,WA,CASHOUT_REFI,OWNER,SFR,AlphaServ,2022
LN105782,2024-08,459500.0,6.667,360,680-739,60-75,20-35,CA,PURCHASE,OWNER,SFR,AlphaServ,2024
LN105783,2024-12,651400.0,5.911,360,780+,60-75,35-43,MI,REFINANCE,OWNER,SFR,BetaLoan,2024
LN105784,2023-06,210200.0,6.643,180,620-679,60-75,20-35,PA,PURCHASE,OWNER,CONDO,BetaLoan,2023
LN105785,2023-08,371500.0,6.982,360,620-679,85-95,20-35,WA,REFINANCE,OWNER,CONDO,AlphaServ,2023
LN105786,2023-10,294700.0,5.942,240,780+,60-75,35-43,GA,REFINANCE,OWNER,SFR,DeltaHome,2023
LN105787,2023-08,296300.0,6.13,360,780+,75-85,20-35,GA,PURCHASE,OWNER,CONDO,EagleTrust,2023
LN105788,2023-05,285300.0,6.2,360,680-739,60-75,35-43,OH,PURCHASE,SECOND_HOME,SFR,AlphaServ,2023
LN105789,2024-12,219700.0,7.672,360,<620,75-85,<=20,MI,PURCHASE,OWNER,SFR,CasaMortgage,2024
LN105790,2024-01,50900.0,7.192,180,620-679,75-85,20-35,AZ,REFINANCE,OWNER,CONDO,AlphaServ,2024
LN105791,2021-10,509200.0,3.785,360,740-779,>95,20-35,IL,REFINANCE,OWNER,SFR,AlphaServ,2021
LN105792,2022-11,186700.0,5.223,360,780+,60-75,20-35,NC,PURCHASE,OWNER,SFR,AlphaServ,2022
LN105793,2024-11,229000.0,6.683,360,620-679,60-75,20-35,WA,PURCHASE,OWNER,SFR,AlphaServ,2024
LN105794,2022-11,231200.0,6.492,360,<620,60-75,20-35,CA,PURCHASE,OWNER,SFR,BetaLoan,2022
LN105795,2022-03,179400.0,4.25,180,740-779,75-85,35-43,OH,REFINANCE,OWNER,SFR,AlphaServ,2022
LN105796,2024-07,284400.0,5.993,360,740-779,85-95,<=20,CA,PURCHASE,OWNER,SFR,AlphaServ,2024
LN105797,2023-09,250200.0,6.146,240,680-739,60-75,20-35,NY,PURCHASE,OWNER,SFR,AlphaServ,2023
LN105798,2023-06,184900.0,6.218,360,740-779,>95,<=20,NC,REFINANCE,INVESTOR,MULTI_2_4,CasaMortgage,2023
LN105799,2022-12,273000.0,5.202,360,780+,<=60,20-35,NY,PURCHASE,OWNER,SFR,EagleTrust,2022
LN105800,2021-12,251500.0,4.727,360,620-679,85-95,20-35,CA,PURCHASE,OWNER,SFR,AlphaServ,2021
LN105801,2022-11,387500.0,5.224,360,740-779,85-95,20-35,PA,PURCHASE,INVESTOR,SFR,AlphaServ,2022
LN105802,2023-01,139600.0,5.759,360,740-779,>95,<=20,TX,CASHOUT_REFI,OWNER,SFR,AlphaServ,2023
LN105803,2024-10,177700.0,6.278,360,680-739,75-85,>43,IL,PURCHASE,OWNER,CONDO,EagleTrust,2024
LN105804,2022-07,353800.0,4.676,360,780+,85-95,20-35,CA,REFINANCE,INVESTOR,TOWNHOUSE,DeltaHome,2022
LN105805,2022-01,191400.0,4.427,240,740-779,<=60,35-43,WA,REFINANCE,OWNER,SFR,BetaLoan,2022
LN105806,2022-12,170000.0,5.563,360,680-739,75-85,35-43,NY,REFINANCE,OWNER,SFR,AlphaServ,2022
LN105807,2024-12,195700.0,7.221,360,<620,85-95,<=20,PA,REFINANCE,OWNER,SFR,BetaLoan,2024
LN105808,2023-03,243900.0,5.82,180,740-779,<=60,20-35,NY,CASHOUT_REFI,OWNER,TOWNHOUSE,AlphaServ,2023
LN105809,2022-10,244300.0,5.956,360,620-679,85-95,20-35,FL,PURCHASE,OWNER,SFR,AlphaServ,2022
LN105810,2023-11,232200.0,7.198,360,<620,60-75,<=20,TX,REFINANCE,OWNER,MULTI_2_4,BetaLoan,2023
LN105811,2023-10,160700.0,6.434,360,680-739,60-75,<=20,NY,PURCHASE,OWNER,CONDO,CasaMortgage,2023
LN105812,2022-07,361500.0,4.997,180,740-779,75-85,20-35,AZ,PURCHASE,OWNER,SFR,DeltaHome,2022
LN105813,2024-11,463600.0,6.368,360,780+,<=60,20-35,GA,CASHOUT_REFI,OWNER,SFR,AlphaServ,2024
LN105814,2023-07,108000.0,6.033,360,740-779,75-85,20-35,CA,CASHOUT_REFI,OWNER,MULTI_2_4,BetaLoan,2023
LN105815,2021-09,126900.0,3.657,360,780+,>95,20-35,OH,REFINANCE,OWNER,SFR,CasaMortgage,2021
LN105816,2022-12,400800.0,5.765,360,680-739,<=60,20-35,IL,PURCHASE,INVESTOR,TOWNHOUSE,EagleTrust,2022
LN105817,2024-09,517300.0,6.067,360,680-739,60-75,20-35,NC,REFINANCE,OWNER,SFR,EagleTrust,2024
LN105818,2022-11,97900.0,4.94,360,780+,<=60,35-43,MI,CASHOUT_REFI,INVESTOR,MULTI_2_4,BetaLoan,2022
LN105819,2023-06,368400.0,6.291,360,680-739,75-85,<=20,OH,CASHOUT_REFI,SECOND_HOME,SFR,BetaLoan,2023
LN105820,2023-08,533400.0,6.538,360,740-779,85-95,35-43,AZ,CASHOUT_REFI,OWNER,CONDO,EagleTrust,2023
LN105821,2023-12,173200.0,6.63,360,680-739,>95,35-43,GA,PURCHASE,OWNER,SFR,CasaMortgage,2023
LN105822,2024-07,519600.0,7.257,240,620-679,60-75,20-35,FL,PURCHASE,SECOND_HOME,SFR,AlphaServ,2024
LN105823,2022-01,235600.0,4.036,360,740-779,60-75,20-35,FL,PURCHASE,OWNER,SFR,CasaMortgage,2022
LN105824,2023-04,294100.0,6.625,360,620-679,<=60,20-35,PA,PURCHASE,OWNER,SFR,BetaLoan,2023
LN105825,2023-05,184700.0,6.954,360,<620,60-75,20-35,TX,PURCHASE,SECOND_HOME,CONDO,DeltaHome,2023
LN105826,2022-01,400500.0,4.504,180,620-679,75-85,<=20,CA,PURCHASE,OWNER,TOWNHOUSE,EagleTrust,2022
LN105827,2023-11,371600.0,6.725,240,620-679,>95,20-35,MI,REFINANCE,OWNER,CONDO,BetaLoan,2023
LN105828,2021-11,554700.0,4.153,360,680-739,60-75,35-43,NY,REFINANCE,OWNER,TOWNHOUSE,BetaLoan,2021
LN105829,2023-02,488100.0,5.427,360,780+,85-95,20-35,TX,REFINANCE,OWNER,SFR,BetaLoan,2023
LN105830,2022-08,254200.0,5.043,360,680-739,75-85,>43,PA,PURCHASE,OWNER,SFR,BetaLoan,2022
LN105831,2022-01,1033800.0,3.444,360,780+,85-95,>43,TX,PURCHASE,OWNER,SFR,BetaLoan,2022
LN105832,2024-05,468800.0,6.721,360,680-739,85-95,20-35,NC,CASHOUT_REFI,OWNER,TOWNHOUSE,CasaMortgage,2024
LN105833,2022-05,325500.0,5.504,360,<620,85-95,35-43,FL,CASHOUT_REFI,SECOND_HOME,SFR,AlphaServ,2022
LN105834,2022-05,163000.0,5.159,360,620-679,75-85,<=20,NC,CASHOUT_REFI,OWNER,TOWNHOUSE,DeltaHome,2022
LN105835,2024-06,128200.0,5.953,360,780+,60-75,35-43,MI,CASHOUT_REFI,INVESTOR,TOWNHOUSE,DeltaHome,2024
LN105836,2024-07,133200.0,6.758,240,680-739,60-75,35-43,CA,PURCHASE,SECOND_HOME,SFR,AlphaServ,2024
LN105837,2021-08,167700.0,3.26,240,780+,60-75,20-35,PA,REFINANCE,OWNER,CONDO,AlphaServ,2021
LN105838,2022-06,474400.0,5.036,360,680-739,75-85,20-35,GA,PURCHASE,OWNER,TOWNHOUSE,CasaMortgage,2022
LN105839,2023-12,317800.0,6.152,360,740-779,>95,20-35,PA,PURCHASE,INVESTOR,SFR,EagleTrust,2023
LN105840,2024-03,193700.0,6.216,240,740-779,75-85,20-35,CA,PURCHASE,OWNER,CONDO,AlphaServ,2024
LN105841,2024-12,240100.0,5.979,360,780+,75-85,20-35,MI,REFINANCE,OWNER,SFR,DeltaHome,2024
LN105842,2023-06,227300.0,7.164,360,<620,60-75,>43,WA,PURCHASE,OWNER,SFR,EagleTrust,2023
LN105843,2021-07,365900.0,3.788,360,780+,75-85,20-35,NC,PURCHASE,OWNER,SFR,DeltaHome,2021
LN105844,2024-07,171900.0,6.688,360,680-739,60-75,20-35,AZ,CASHOUT_REFI,OWNER,SFR,CasaMortgage,2024
LN105845,2022-01,298700.0,4.086,360,780+,<=60,20-35,NY,PURCHASE,OWNER,TOWNHOUSE,EagleTrust,2022
LN105846,2021-12,292200.0,4.363,360,680-739,<=60,35-43,NC,REFINANCE,OWNER,SFR,AlphaServ,2021
LN105847,2023-11,174200.0,6.18,360,740-779,85-95,20-35,OH,REFINANCE,SECOND_HOME,SFR,DeltaHome,2023
LN105848,2023-08,521600.0,6.37,360,680-739,75-85,<=20,FL,PURCHASE,OWNER,TOWNHOUSE,CasaMortgage,2023
LN105849,2021-09,223500.0,3.321,180,780+,>95,35-43,GA,PURCHASE,OWNER,CONDO,BetaLoan,2021
LN105850,2022-02,163300.0,4.771,360,680-739,75-85,<=20,FL,PURCHASE,OWNER,SFR,DeltaHome,2022
LN105851,2023-07,374700.0,6.314,360,680-739,85-95,20-35,WA,REFINANCE,OWNER,CONDO,CasaMortgage,2023
LN105852,2022-05,261600.0,4.123,360,740-779,85-95,20-35,MI,REFINANCE,OWNER,SFR,DeltaHome,2022
LN105853,2023-11,306800.0,6.019,360,740-779,85-95,35-43,AZ,PURCHASE,OWNER,SFR,AlphaServ,2023
LN105854,2022-12,149800.0,5.399,180,680-739,60-75,35-43,GA,REFINANCE,OWNER,MULTI_2_4,CasaMortgage,2022
LN105855,2023-07,367900.0,5.907,360,740-779,60-75,35-43,PA,PURCHASE,OWNER,SFR,BetaLoan,2023
LN105856,2023-02,678500.0,6.02,360,680-739,60-75,35-43,FL,REFINANCE,SECOND_HOME,SFR,CasaMortgage,2023
LN105857,2022-10,144600.0,4.742,180,740-779,75-85,20-35,GA,REFINANCE,OWNER,TOWNHOUSE,CasaMortgage,2022
LN105858,2022-09,299400.0,5.212,360,740-779,60-75,35-43,FL,REFINANCE,OWNER,SFR,CasaMortgage,2022
LN105859,2023-12,179300.0,6.115,360,740-779,75-85,35-43,OH,PURCHASE,OWNER,SFR,DeltaHome,2023
LN105860,2023-04,856300.0,5.58,360,780+,60-75,35-43,CA,REFINANCE,OWNER,SFR,AlphaServ,2023
LN105861,2023-07,445900.0,6.323,360,680-739,>95,35-43,MI,PURCHASE,OWNER,CONDO,CasaMortgage,2023
LN105862,2023-07,289800.0,6.539,360,620-679,85-95,<=20,NY,PURCHASE,OWNER,SFR,BetaLoan,2023
LN105863,2022-03,146900.0,4.351,360,740-779,85-95,20-35,WA,PURCHASE,INVESTOR,CONDO,CasaMortgage,2022
LN105864,2024-09,163800.0,7.188,360,<620,85-95,35-43,PA,PURCHASE,OWNER,CONDO,BetaLoan,2024
LN105865,2023-06,357100.0,6.951,360,620-679,<=60,<=20,GA,PURCHASE,OWNER,SFR,AlphaServ,2023
LN105866,2024-01,138300.0,6.056,360,740-779,<=60,<=20,TX,CASHOUT_REFI,OWNER,CONDO,AlphaServ,2024
LN105867,2024-08,140200.0,6.551,360,680-739,75-85,>43,GA,PURCHASE,OWNER,SFR,BetaLoan,2024
LN105868,2024-09,256300.0,6.419,240,680-739,>95,>43,MI,CASHOUT_REFI,OWNER,MULTI_2_4,BetaLoan,2024
LN105869,2023-11,271000.0,6.2,360,780+,<=60,20-35,IL,PURCHASE,OWNER,TOWNHOUSE,CasaMortgage,2023
LN105870,2024-04,302900.0,6.772,360,620-679,75-85,<=20,OH,REFINANCE,OWNER,SFR,BetaLoan,2024
LN105871,2023-02,209400.0,7.073,360,<620,85-95,20-35,AZ,PURCHASE,OWNER,SFR,AlphaServ,2023
LN105872,2024-01,386200.0,7.834,360,<620,60-75,<=20,CA,CASHOUT_REFI,OWNER,SFR,AlphaServ,2024
LN105873,2022-08,173200.0,5.285,360,620-679,>95,<=20,IL,PURCHASE,OWNER,CONDO,CasaMortgage,2022
LN105874,2023-12,338400.0,5.888,360,740-779,>95,20-35,PA,PURCHASE,OWNER,SFR,AlphaServ,2023
LN105875,2021-10,281100.0,3.805,360,740-779,<=60,35-43,NY,PURCHASE,OWNER,SFR,AlphaServ,2021
LN105876,2024-09,334500.0,6.569,360,680-739,75-85,20-35,AZ,REFINANCE,OWNER,SFR,AlphaServ,2024
LN105877,2022-05,434500.0,5.102,360,620-679,60-75,<=20,OH,CASHOUT_REFI,OWNER,CONDO,AlphaServ,2022
LN105878,2023-10,208000.0,6.423,360,680-739,75-85,35-43,NY,REFINANCE,OWNER,SFR,DeltaHome,2023
LN105879,2021-07,189600.0,5.06,360,<620,85-95,<=20,WA,PURCHASE,OWNER,SFR,AlphaServ,2021
LN105880,2022-01,119400.0,4.11,360,740-779,<=60,>43,TX,CASHOUT_REFI,OWNER,TOWNHOUSE,AlphaServ,2022
LN105881,2024-12,102900.0,6.183,360,680-739,>95,20-35,FL,PURCHASE,OWNER,MULTI_2_4,AlphaServ,2024
LN105882,2024-06,235800.0,7.346,360,<620,>95,20-35,TX,PURCHASE,OWNER,SFR,DeltaHome,2024
LN105883,2022-04,243200.0,4.568,360,740-779,85-95,20-35,WA,PURCHASE,OWNER,CONDO,DeltaHome,2022
LN105884,2021-12,156600.0,4.003,360,740-779,60-75,<=20,CA,REFINANCE,OWNER,SFR,CasaMortgage,2021
LN105885,2024-05,172500.0,6.974,360,620-679,60-75,<=20,CA,REFINANCE,OWNER,TOWNHOUSE,CasaMortgage,2024
LN105886,2024-12,506600.0,6.244,180,680-739,75-85,>43,TX,REFINANCE,OWNER,TOWNHOUSE,DeltaHome,2024
LN105887,2022-02,378600.0,4.266,360,740-779,60-75,35-43,GA,PURCHASE,OWNER,SFR,BetaLoan,2022
LN105888,2023-10,144700.0,6.875,360,620-679,<=60,>43,TX,PURCHASE,OWNER,CONDO,BetaLoan,2023
LN105889,2022-06,209200.0,5.269,240,620-679,<=60,35-43,FL,PURCHASE,OWNER,SFR,AlphaServ,2022
LN105890,2024-02,306400.0,6.444,360,740-779,85-95,<=20,OH,CASHOUT_REFI,SECOND_HOME,SFR,AlphaServ,2024
LN105891,2022-12,192500.0,4.998,360,780+,<=60,>43,GA,PURCHASE,OWNER,SFR,BetaLoan,2022
LN105892,2021-12,177400.0,4.189,360,740-779,60-75,35-43,OH,CASHOUT_REFI,OWNER,TOWNHOUSE,BetaLoan,2021
LN105893,2022-08,219200.0,4.895,360,740-779,85-95,20-35,GA,PURCHASE,INVESTOR,SFR,AlphaServ,2022
LN105894,2023-05,417000.0,6.116,360,740-779,60-75,35-43,NC,REFINANCE,OWNER,CONDO,AlphaServ,2023
LN105895,2024-04,434400.0,6.532,360,680-739,60-75,20-35,AZ,REFINANCE,SECOND_HOME,SFR,DeltaHome,2024
LN105896,2021-07,183300.0,5.172,180,<620,<=60,35-43,NC,REFINANCE,OWNER,SFR,DeltaHome,2021
LN105897,2024-11,314000.0,5.996,360,680-739,<=60,35-43,NC,REFINANCE,SECOND_HOME,SFR,DeltaHome,2024
LN105898,2023-10,254500.0,5.731,360,780+,60-75,>43,NY,PURCHASE,INVESTOR,SFR,CasaMortgage,2023
LN105899,2024-07,162200.0,6.109,360,740-779,<=60,35-43,WA,PURCHASE,OWNER,SFR,AlphaServ,2024
LN105900,2024-10,223300.0,5.892,360,780+,75-85,>43,PA,PURCHASE,OWNER,SFR,CasaMortgage,2024
LN105901,2022-01,144500.0,4.949,360,620-679,<=60,20-35,OH,REFINANCE,SECOND_HOME,CONDO,CasaMortgage,2022
LN105902,2021-10,430800.0,3.81,240,680-739,60-75,20-35,NY,PURCHASE,OWNER,TOWNHOUSE,AlphaServ,2021
LN105903,2024-03,513300.0,6.739,180,680-739,85-95,35-43,CA,REFINANCE,OWNER,CONDO,AlphaServ,2024
LN105904,2022-02,212200.0,4.831,360,620-679,75-85,20-35,WA,REFINANCE,OWNER,TOWNHOUSE,AlphaServ,2022
LN105905,2022-01,190600.0,4.548,240,620-679,75-85,<=20,CA,PURCHASE,OWNER,SFR,DeltaHome,2022
LN105906,2023-02,410300.0,5.942,360,740-779,>95,20-35,IL,PURCHASE,OWNER,SFR,CasaMortgage,2023
LN105907,2024-09,441200.0,6.305,360,680-739,85-95,20-35,FL,PURCHASE,OWNER,CONDO,CasaMortgage,2024
LN105908,2024-04,154600.0,6.746,360,680-739,75-85,20-35,FL,PURCHASE,OWNER,SFR,EagleTrust,2024
LN105909,2023-04,238800.0,6.362,180,680-739,75-85,35-43,NY,PURCHASE,OWNER,SFR,BetaLoan,2023
LN105910,2022-03,248600.0,4.192,360,680-739,<=60,>43,OH,PURCHASE,INVESTOR,CONDO,BetaLoan,2022
LN105911,2022-09,180400.0,5.993,240,<620,75-85,20-35,CA,PURCHASE,OWNER,SFR,BetaLoan,2022
LN105912,2023-11,303700.0,7.153,360,620-679,75-85,35-43,CA,PURCHASE,OWNER,SFR,BetaLoan,2023
LN105913,2022-01,186300.0,4.383,360,680-739,>95,<=20,GA,PURCHASE,OWNER,CONDO,AlphaServ,2022
LN105914,2023-05,200200.0,6.329,360,680-739,>95,20-35,NC,PURCHASE,INVESTOR,SFR,AlphaServ,2023
LN105915,2021-07,243900.0,3.555,360,780+,<=60,35-43,NC,CASHOUT_REFI,SECOND_HOME,CONDO,BetaLoan,2021
LN105916,2022-08,130600.0,5.282,360,680-739,>95,>43,WA,REFINANCE,OWNER,MULTI_2_4,AlphaServ,2022
LN105917,2022-05,101200.0,4.933,360,620-679,85-95,20-35,CA,PURCHASE,SECOND_HOME,CONDO,AlphaServ,2022
LN105918,2023-11,385900.0,7.545,360,<620,85-95,35-43,IL,REFINANCE,OWNER,CONDO,CasaMortgage,2023
LN105919,2024-09,182900.0,6.22,360,740-779,>95,35-43,NY,REFINANCE,OWNER,SFR,AlphaServ,2024
LN105920,2022-01,667100.0,4.715,360,620-679,60-75,<=20,TX,PURCHASE,OWNER,SFR,AlphaServ,2022
LN105921,2024-04,619900.0,6.741,360,620-679,75-85,20-35,AZ,REFINANCE,OWNER,CONDO,BetaLoan,2024
LN105922,2023-10,203200.0,6.201,360,680-739,85-95,35-43,CA,CASHOUT_REFI,OWNER,SFR,AlphaServ,2023
LN105923,2024-11,731300.0,6.88,360,620-679,<=60,<=20,IL,CASHOUT_REFI,OWNER,CONDO,CasaMortgage,2024
LN105924,2024-09,389200.0,6.772,240,680-739,85-95,35-43,TX,PURCHASE,OWNER,SFR,BetaLoan,2024
LN105925,2021-11,190900.0,4.253,180,680-739,85-95,20-35,NY,PURCHASE,SECOND_HOME,SFR,AlphaServ,2021
LN105926,2024-02,79900.0,7.295,360,<620,85-95,20-35,MI,PURCHASE,OWNER,SFR,AlphaServ,2024
LN105927,2023-07,347900.0,6.013,240,740-779,60-75,20-35,NC,PURCHASE,INVESTOR,SFR,AlphaServ,2023
LN105928,2021-11,258900.0,4.167,360,680-739,85-95,20-35,NC,CASHOUT_REFI,OWNER,SFR,DeltaHome,2021
LN105929,2022-05,309900.0,4.302,360,740-779,<=60,20-35,TX,CASHOUT_REFI,OWNER,SFR,BetaLoan,2022
LN105930,2024-09,230300.0,7.526,240,<620,85-95,35-43,CA,REFINANCE,SECOND_HOME,SFR,CasaMortgage,2024
LN105931,2023-05,152600.0,5.736,360,740-779,75-85,35-43,NC,PURCHASE,OWNER,SFR,DeltaHome,2023
LN105932,2022-09,210600.0,5.16,360,680-739,75-85,20-35,CA,PURCHASE,OWNER,SFR,DeltaHome,2022
LN105933,2022-08,350800.0,4.946,360,680-739,85-95,35-43,NY,PURCHASE,OWNER,CONDO,DeltaHome,2022
LN105934,2024-06,217600.0,6.848,360,620-679,75-85,20-35,PA,REFINANCE,OWNER,SFR,AlphaServ,2024
LN105935,2022-06,217000.0,4.652,360,780+,75-85,<=20,NY,PURCHASE,OWNER,SFR,CasaMortgage,2022
LN105936,2022-01,128800.0,4.627,360,620-679,75-85,20-35,IL,REFINANCE,OWNER,SFR,AlphaServ,2022
LN105937,2023-07,265900.0,5.76,360,780+,75-85,<=20,WA,CASHOUT_REFI,OWNER,SFR,CasaMortgage,2023
LN105938,2024-12,154800.0,6.123,240,780+,85-95,<=20,AZ,PURCHASE,OWNER,SFR,BetaLoan,2024
LN105939,2022-02,385900.0,4.625,180,680-739,85-95,35-43,CA,CASHOUT_REFI,OWNER,SFR,EagleTrust,2022
LN105940,2022-05,183400.0,4.661,360,680-739,<=60,>43,PA,PURCHASE,OWNER,SFR,BetaLoan,2022
LN105941,2023-02,223400.0,6.156,180,680-739,60-75,20-35,IL,PURCHASE,OWNER,TOWNHOUSE,DeltaHome,2023
LN105942,2022-03,675900.0,3.855,360,780+,75-85,20-35,MI,PURCHASE,OWNER,SFR,AlphaServ,2022
LN105943,2023-10,222400.0,6.305,360,740-779,<=60,35-43,FL,PURCHASE,OWNER,SFR,AlphaServ,2023
LN105944,2022-05,209300.0,4.739,360,680-739,85-95,35-43,WA,REFINANCE,OWNER,CONDO,DeltaHome,2022
LN105945,2021-12,332200.0,5.26,360,<620,75-85,20-35,MI,REFINANCE,OWNER,SFR,CasaMortgage,2021
LN105946,2022-05,114300.0,4.362,360,780+,<=60,35-43,NY,REFINANCE,OWNER,CONDO,AlphaServ,2022
LN105947,2024-10,448100.0,7.421,360,<620,75-85,>43,FL,PURCHASE,OWNER,CONDO,AlphaServ,2024
LN105948,2024-10,399200.0,7.527,360,<620,60-75,<=20,TX,REFINANCE,OWNER,SFR,DeltaHome,2024
LN105949,2023-04,323200.0,6.27,240,680-739,85-95,20-35,TX,REFINANCE,INVESTOR,SFR,BetaLoan,2023
LN105950,2022-11,55800.0,5.269,360,680-739,60-75,35-43,NY,PURCHASE,OWNER,SFR,CasaMortgage,2022
LN105951,2024-05,227100.0,5.932,360,780+,<=60,<=20,FL,PURCHASE,OWNER,SFR,AlphaServ,2024
LN105952,2022-03,143900.0,4.398,360,740-779,<=60,20-35,GA,REFINANCE,SECOND_HOME,SFR,AlphaServ,2022
LN105953,2023-10,423300.0,6.538,360,620-679,75-85,35-43,GA,CASHOUT_REFI,OWNER,SFR,DeltaHome,2023
LN105954,2023-11,409900.0,6.311,360,680-739,85-95,35-43,TX,REFINANCE,OWNER,SFR,BetaLoan,2023
LN105955,2023-12,303900.0,6.517,360,740-779,75-85,35-43,TX,CASHOUT_REFI,OWNER,TOWNHOUSE,CasaMortgage,2023
LN105956,2022-04,148500.0,4.572,240,680-739,<=60,35-43,CA,PURCHASE,OWNER,SFR,AlphaServ,2022
LN105957,2024-01,500000.0,6.995,360,620-679,75-85,20-35,NY,REFINANCE,OWNER,SFR,AlphaServ,2024
LN105958,2023-08,226800.0,6.476,360,680-739,75-85,35-43,IL,PURCHASE,OWNER,SFR,BetaLoan,2023
LN105959,2024-07,575200.0,6.663,360,680-739,85-95,35-43,CA,PURCHASE,OWNER,CONDO,BetaLoan,2024
LN105960,2022-02,287600.0,3.849,360,780+,60-75,35-43,CA,PURCHASE,OWNER,TOWNHOUSE,EagleTrust,2022
LN105961,2023-08,320600.0,6.039,360,740-779,85-95,20-35,TX,REFINANCE,OWNER,SFR,AlphaServ,2023
LN105962,2024-05,207500.0,7.878,360,<620,75-85,35-43,IL,REFINANCE,OWNER,TOWNHOUSE,CasaMortgage,2024
LN105963,2022-06,480800.0,4.341,180,740-779,75-85,35-43,WA,REFINANCE,OWNER,TOWNHOUSE,DeltaHome,2022
LN105964,2024-02,335600.0,6.85,360,620-679,75-85,20-35,AZ,REFINANCE,OWNER,SFR,BetaLoan,2024
LN105965,2021-11,488600.0,3.512,360,780+,<=60,20-35,NY,PURCHASE,OWNER,SFR,CasaMortgage,2021
LN105966,2024-01,276500.0,6.524,360,680-739,60-75,20-35,OH,PURCHASE,OWNER,MULTI_2_4,DeltaHome,2024
LN105967,2023-08,249900.0,6.636,360,620-679,85-95,20-35,OH,PURCHASE,OWNER,CONDO,AlphaServ,2023
LN105968,2022-03,333600.0,4.763,180,680-739,75-85,<=20,FL,PURCHASE,OWNER,CONDO,DeltaHome,2022
LN105969,2021-09,488500.0,4.805,360,620-679,75-85,20-35,PA,PURCHASE,SECOND_HOME,SFR,EagleTrust,2021
LN105970,2024-02,403300.0,6.967,360,620-679,75-85,<=20,FL,CASHOUT_REFI,OWNER,SFR,BetaLoan,2024
LN105971,2022-05,271600.0,4.271,180,740-779,<=60,<=20,NY,CASHOUT_REFI,OWNER,SFR,AlphaServ,2022
LN105972,2023-03,110700.0,6.065,360,740-779,60-75,20-35,AZ,CASHOUT_REFI,OWNER,SFR,EagleTrust,2023
LN105973,2021-09,367600.0,3.483,360,780+,75-85,35-43,FL,PURCHASE,OWNER,SFR,AlphaServ,2021
LN105974,2024-11,133600.0,6.549,180,680-739,<=60,35-43,IL,REFINANCE,OWNER,SFR,AlphaServ,2024
LN105975,2023-06,259300.0,7.252,360,<620,>95,35-43,AZ,CASHOUT_REFI,OWNER,CONDO,BetaLoan,2023
LN105976,2024-10,242300.0,6.357,360,680-739,<=60,20-35,FL,PURCHASE,OWNER,CONDO,CasaMortgage,2024
LN105977,2022-01,134900.0,4.281,360,680-739,85-95,35-43,WA,PURCHASE,OWNER,MULTI_2_4,EagleTrust,2022
LN105978,2022-03,301800.0,5.268,180,620-679,60-75,35-43,TX,PURCHASE,OWNER,CONDO,BetaLoan,2022
LN105979,2023-08,673000.0,5.951,180,780+,85-95,35-43,NC,REFINANCE,OWNER,MULTI_2_4,DeltaHome,2023
LN105980,2023-08,221800.0,5.99,360,780+,85-95,35-43,CA,REFINANCE,INVESTOR,SFR,AlphaServ,2023
LN105981,2024-04,360300.0,7.635,360,<620,60-75,20-35,OH,CASHOUT_REFI,OWNER,TOWNHOUSE,CasaMortgage,2024
LN105982,2024-09,736800.0,6.331,360,740-779,75-85,20-35,CA,PURCHASE,OWNER,CONDO,AlphaServ,2024
LN105983,2024-05,376300.0,6.772,360,680-739,>95,35-43,GA,PURCHASE,OWNER,SFR,DeltaHome,2024
LN105984,2021-12,191000.0,4.381,180,680-739,75-85,<=20,GA,REFINANCE,OWNER,SFR,BetaLoan,2021
LN105985,2022-08,284000.0,4.822,240,740-779,<=60,20-35,NY,PURCHASE,OWNER,SFR,CasaMortgage,2022
LN105986,2024-09,316900.0,8.023,240,<620,85-95,20-35,AZ,CASHOUT_REFI,OWNER,SFR,BetaLoan,2024
LN105987,2023-06,486600.0,7.08,360,<620,60-75,20-35,AZ,REFINANCE,OWNER,SFR,CasaMortgage,2023
LN105988,2024-07,440800.0,6.012,360,780+,60-75,>43,NC,REFINANCE,OWNER,SFR,CasaMortgage,2024
LN105989,2023-06,73400.0,6.237,360,740-779,85-95,35-43,NC,PURCHASE,OWNER,CONDO,AlphaServ,2023
LN105990,2021-09,173600.0,4.663,360,620-679,>95,<=20,CA,REFINANCE,OWNER,SFR,AlphaServ,2021
LN105991,2023-02,247300.0,5.86,360,680-739,<=60,20-35,FL,CASHOUT_REFI,INVESTOR,SFR,AlphaServ,2023
LN105992,2024-05,161600.0,6.005,360,780+,75-85,35-43,TX,REFINANCE,OWNER,SFR,BetaLoan,2024
LN105993,2023-10,48300.0,6.487,360,680-739,60-75,35-43,NY,REFINANCE,OWNER,MULTI_2_4,AlphaServ,2023
LN105994,2021-12,184100.0,3.843,360,780+,85-95,20-35,CA,REFINANCE,OWNER,SFR,EagleTrust,2021
LN105995,2022-03,254800.0,4.038,360,780+,85-95,<=20,FL,PURCHASE,OWNER,SFR,AlphaServ,2022
LN105996,2024-06,201500.0,6.898,360,620-679,>95,>43,OH,PURCHASE,OWNER,SFR,BetaLoan,2024
LN105997,2024-12,163000.0,6.307,240,740-779,<=60,20-35,TX,CASHOUT_REFI,SECOND_HOME,SFR,AlphaServ,2024
LN105998,2024-02,260100.0,6.589,360,680-739,<=60,<=20,CA,PURCHASE,SECOND_HOME,SFR,BetaLoan,2024
LN105999,2021-11,297900.0,4.083,360,740-779,75-85,<=20,NC,PURCHASE,INVESTOR,TOWNHOUSE,EagleTrust,2021
LN106000,2023-09,206700.0,6.479,360,680-739,60-75,35-43,TX,CASHOUT_REFI,OWNER,SFR,CasaMortgage,2023
LN106001,2024-05,473200.0,7.223,360,<620,<=60,35-43,IL,REFINANCE,OWNER,SFR,BetaLoan,2024
LN106002,2023-09,262000.0,6.941,360,620-679,60-75,20-35,PA,REFINANCE,SECOND_HOME,SFR,CasaMortgage,2023
LN106003,2023-07,172400.0,6.231,360,740-779,85-95,20-35,FL,PURCHASE,OWNER,MULTI_2_4,BetaLoan,2023
LN106004,2023-02,153900.0,5.71,360,740-779,85-95,>43,CA,REFINANCE,OWNER,SFR,AlphaServ,2023
LN106005,2022-05,231900.0,4.176,360,740-779,85-95,20-35,MI,PURCHASE,OWNER,SFR,AlphaServ,2022
LN106006,2022-06,421300.0,4.638,360,740-779,<=60,20-35,NC,PURCHASE,OWNER,TOWNHOUSE,BetaLoan,2022
LN106007,2024-02,176200.0,7.397,240,<620,85-95,20-35,GA,PURCHASE,OWNER,MULTI_2_4,CasaMortgage,2024
LN106008,2021-09,333700.0,5.039,360,<620,75-85,20-35,OH,PURCHASE,OWNER,MULTI_2_4,AlphaServ,2021
LN106009,2021-10,266300.0,3.964,360,740-779,60-75,>43,MI,PURCHASE,INVESTOR,SFR,BetaLoan,2021
LN106010,2022-11,625900.0,5.527,180,680-739,75-85,<=20,FL,PURCHASE,OWNER,SFR,AlphaServ,2022
LN106011,2024-03,304300.0,6.406,360,740-779,85-95,<=20,FL,PURCHASE,OWNER,SFR,CasaMortgage,2024
LN106012,2023-10,186400.0,6.98,180,620-679,<=60,<=20,GA,REFINANCE,OWNER,CONDO,AlphaServ,2023
LN106013,2023-07,355500.0,6.422,360,680-739,85-95,20-35,TX,PURCHASE,OWNER,SFR,BetaLoan,2023
LN106014,2023-05,361000.0,5.659,360,780+,75-85,20-35,GA,PURCHASE,OWNER,SFR,BetaLoan,2023
LN106015,2021-11,213500.0,4.809,360,620-679,75-85,>43,PA,CASHOUT_REFI,OWNER,SFR,BetaLoan,2021
LN106016,2022-08,151200.0,6.321,180,<620,85-95,<=20,IL,REFINANCE,OWNER,CONDO,CasaMortgage,2022
LN106017,2021-10,324900.0,3.874,360,740-779,85-95,<=20,CA,REFINANCE,OWNER,SFR,AlphaServ,2021
LN106018,2024-02,262700.0,6.498,180,680-739,75-85,20-35,GA,REFINANCE,OWNER,MULTI_2_4,DeltaHome,2024
LN106019,2024-02,129000.0,6.012,360,780+,60-75,>43,PA,PURCHASE,INVESTOR,SFR,BetaLoan,2024
LN106020,2022-05,286200.0,4.409,360,780+,75-85,>43,TX,REFINANCE,OWNER,TOWNHOUSE,BetaLoan,2022
LN106021,2022-07,191600.0,4.74,360,740-779,85-95,>43,GA,CASHOUT_REFI,SECOND_HOME,MULTI_2_4,AlphaServ,2022
LN106022,2022-08,129100.0,6.016,360,<620,>95,<=20,TX,PURCHASE,SECOND_HOME,SFR,AlphaServ,2022
LN106023,2024-08,217800.0,6.449,360,680-739,85-95,35-43,PA,REFINANCE,OWNER,SFR,CasaMortgage,2024
LN106024,2023-03,454700.0,5.62,360,780+,85-95,35-43,TX,REFINANCE,OWNER,MULTI_2_4,BetaLoan,2023
LN106025,2024-03,439600.0,6.707,240,680-739,85-95,<=20,GA,PURCHASE,SECOND_HOME,SFR,BetaLoan,2024
LN106026,2023-01,390800.0,5.317,360,780+,85-95,35-43,OH,PURCHASE,SECOND_HOME,SFR,BetaLoan,2023
LN106027,2023-12,288100.0,6.302,180,740-779,60-75,35-43,FL,PURCHASE,INVESTOR,SFR,CasaMortgage,2023
LN106028,2023-05,333700.0,6.716,180,620-679,75-85,35-43,AZ,CASHOUT_REFI,OWNER,SFR,BetaLoan,2023
LN106029,2022-06,266800.0,5.057,360,680-739,75-85,20-35,AZ,CASHOUT_REFI,OWNER,SFR,BetaLoan,2022
LN106030,2024-07,155200.0,6.136,360,740-779,75-85,20-35,FL,PURCHASE,OWNER,TOWNHOUSE,EagleTrust,2024
LN106031,2023-12,169800.0,7.324,180,<620,75-85,20-35,FL,PURCHASE,OWNER,SFR,CasaMortgage,2023
LN106032,2024-03,194200.0,6.924,360,620-679,>95,<=20,GA,CASHOUT_REFI,OWNER,SFR,AlphaServ,2024
LN106033,2024-10,479600.0,6.252,360,740-779,85-95,<=20,FL,REFINANCE,INVESTOR,TOWNHOUSE,AlphaServ,2024
LN106034,2022-05,414400.0,5.083,360,620-679,85-95,35-43,FL,REFINANCE,OWNER,TOWNHOUSE,BetaLoan,2022
LN106035,2021-10,157000.0,4.128,360,680-739,85-95,<=20,CA,PURCHASE,OWNER,SFR,AlphaServ,2021
LN106036,2023-07,261500.0,6.191,360,740-779,85-95,<=20,CA,PURCHASE,SECOND_HOME,SFR,AlphaServ,2023
LN106037,2022-08,213000.0,4.598,360,740-779,85-95,20-35,GA,PURCHASE,OWNER,SFR,CasaMortgage,2022
LN106038,2023-01,238000.0,5.687,360,680-739,60-75,<=20,FL,REFINANCE,OWNER,SFR,BetaLoan,2023
LN106039,2022-04,200500.0,4.029,360,780+,85-95,20-35,CA,CASHOUT_REFI,OWNER,SFR,DeltaHome,2022
LN106040,2022-11,480500.0,5.299,360,780+,60-75,35-43,WA,REFINANCE,OWNER,CONDO,AlphaServ,2022
LN106041,2022-11,253100.0,5.588,360,680-739,85-95,35-43,FL,PURCHASE,OWNER,SFR,CasaMortgage,2022
LN106042,2022-09,281300.0,5.739,360,620-679,<=60,<=20,TX,PURCHASE,OWNER,SFR,CasaMortgage,2022
LN106043,2024-02,282400.0,6.135,180,740-779,75-85,20-35,IL,CASHOUT_REFI,INVESTOR,SFR,DeltaHome,2024
LN106044,2023-07,160700.0,6.672,360,620-679,60-75,<=20,PA,PURCHASE,OWNER,SFR,DeltaHome,2023
LN106045,2023-02,268000.0,4.981,360,780+,85-95,20-35,AZ,PURCHASE,SECOND_HOME,SFR,EagleTrust,2023
LN106046,2021-11,411700.0,3.942,360,740-779,85-95,35-43,FL,PURCHASE,OWNER,SFR,AlphaServ,2021
LN106047,2023-06,495200.0,6.176,360,680-739,<=60,>43,MI,REFINANCE,OWNER,SFR,BetaLoan,2023
LN106048,2022-02,152300.0,4.16,360,680-739,<=60,20-35,IL,PURCHASE,SECOND_HOME,SFR,EagleTrust,2022
LN106049,2022-08,128900.0,5.212,360,680-739,>95,35-43,OH,PURCHASE,OWNER,SFR,DeltaHome,2022
LN106050,2022-12,262500.0,5.036,360,780+,60-75,20-35,NY,REFINANCE,OWNER,SFR,DeltaHome,2022
LN106051,2021-12,420500.0,4.711,180,620-679,85-95,35-43,TX,REFINANCE,SECOND_HOME,TOWNHOUSE,CasaMortgage,2021
LN106052,2022-11,300100.0,5.124,180,780+,85-95,20-35,PA,PURCHASE,OWNER,CONDO,EagleTrust,2022
LN106053,2022-06,346700.0,6.288,240,<620,85-95,20-35,OH,PURCHASE,OWNER,SFR,BetaLoan,2022
LN106054,2024-06,138400.0,6.227,360,740-779,<=60,35-43,NY,PURCHASE,OWNER,CONDO,BetaLoan,2024
LN106055,2024-07,197300.0,6.125,360,780+,85-95,35-43,NC,PURCHASE,OWNER,SFR,EagleTrust,2024
LN106056,2021-07,95000.0,4.048,360,680-739,>95,>43,NY,PURCHASE,OWNER,MULTI_2_4,BetaLoan,2021
LN106057,2023-08,239400.0,7.174,360,<620,60-75,20-35,PA,PURCHASE,OWNER,CONDO,EagleTrust,2023
LN106058,2023-09,96400.0,6.193,360,740-779,85-95,>43,CA,PURCHASE,SECOND_HOME,SFR,BetaLoan,2023
LN106059,2022-10,465000.0,5.074,360,780+,60-75,35-43,CA,REFINANCE,OWNER,CONDO,CasaMortgage,2022
LN106060,2023-02,513800.0,6.04,360,680-739,>95,20-35,OH,REFINANCE,OWNER,SFR,BetaLoan,2023
LN106061,2024-04,271900.0,6.723,360,680-739,60-75,20-35,TX,CASHOUT_REFI,OWNER,SFR,CasaMortgage,2024
LN106062,2022-10,129200.0,4.992,360,740-779,60-75,>43,CA,REFINANCE,OWNER,SFR,EagleTrust,2022
LN106063,2021-09,302300.0,4.543,360,620-679,60-75,20-35,CA,REFINANCE,OWNER,SFR,CasaMortgage,2021
LN106064,2022-10,589300.0,4.849,180,740-779,>95,20-35,MI,CASHOUT_REFI,INVESTOR,TOWNHOUSE,DeltaHome,2022
LN106065,2022-05,316200.0,4.453,360,680-739,75-85,<=20,WA,PURCHASE,OWNER,SFR,BetaLoan,2022
LN106066,2022-11,435100.0,6.278,360,620-679,60-75,20-35,GA,PURCHASE,OWNER,SFR,AlphaServ,2022
LN106067,2022-04,205200.0,4.17,360,780+,<=60,20-35,MI,PURCHASE,OWNER,SFR,EagleTrust,2022
LN106068,2022-01,172500.0,4.48,360,680-739,85-95,<=20,PA,REFINANCE,OWNER,SFR,EagleTrust,2022
LN106069,2024-12,247200.0,6.105,360,780+,<=60,35-43,PA,PURCHASE,OWNER,CONDO,AlphaServ,2024
LN106070,2021-12,107300.0,3.988,360,740-779,75-85,20-35,FL,PURCHASE,OWNER,SFR,DeltaHome,2021
LN106071,2023-12,707000.0,6.79,360,680-739,75-85,<=20,CA,PURCHASE,OWNER,SFR,CasaMortgage,2023
LN106072,2024-01,271800.0,6.544,180,680-739,85-95,20-35,GA,PURCHASE,OWNER,SFR,BetaLoan,2024
LN106073,2023-08,377000.0,6.024,360,680-739,85-95,<=20,WA,PURCHASE,OWNER,SFR,AlphaServ,2023
LN106074,2024-09,207400.0,6.296,360,740-779,85-95,20-35,AZ,CASHOUT_REFI,OWNER,TOWNHOUSE,DeltaHome,2024
LN106075,2021-07,127500.0,3.925,180,740-779,<=60,20-35,CA,PURCHASE,OWNER,SFR,EagleTrust,2021
LN106076,2022-07,484900.0,4.466,360,740-779,75-85,>43,AZ,PURCHASE,OWNER,CONDO,AlphaServ,2022
LN106077,2022-02,153900.0,4.399,360,680-739,<=60,35-43,CA,CASHOUT_REFI,OWNER,SFR,AlphaServ,2022
LN106078,2023-07,298600.0,6.558,360,680-739,75-85,35-43,OH,REFINANCE,OWNER,SFR,BetaLoan,2023
LN106079,2023-09,311600.0,7.017,360,620-679,75-85,20-35,PA,CASHOUT_REFI,OWNER,SFR,EagleTrust,2023
LN106080,2024-08,263900.0,6.256,360,740-779,75-85,35-43,NY,CASHOUT_REFI,OWNER,MULTI_2_4,DeltaHome,2024
LN106081,2022-10,179300.0,5.297,240,680-739,>95,35-43,NC,PURCHASE,INVESTOR,SFR,BetaLoan,2022
LN106082,2022-04,238600.0,4.648,360,680-739,>95,>43,TX,PURCHASE,OWNER,SFR,DeltaHome,2022
LN106083,2024-09,166500.0,6.607,360,680-739,60-75,35-43,WA,REFINANCE,OWNER,SFR,AlphaServ,2024
LN106084,2023-11,367400.0,6.658,360,680-739,85-95,>43,CA,PURCHASE,OWNER,SFR,CasaMortgage,2023
LN106085,2024-03,330100.0,6.267,360,740-779,85-95,35-43,GA,PURCHASE,OWNER,SFR,CasaMortgage,2024
LN106086,2023-01,252800.0,5.807,360,740-779,>95,>43,CA,REFINANCE,OWNER,SFR,AlphaServ,2023
LN106087,2023-01,197600.0,5.369,360,780+,<=60,20-35,CA,PURCHASE,SECOND_HOME,SFR,AlphaServ,2023
LN106088,2022-11,658900.0,5.908,240,620-679,75-85,20-35,TX,PURCHASE,OWNER,CONDO,AlphaServ,2022
LN106089,2024-02,142100.0,6.483,360,680-739,75-85,20-35,CA,REFINANCE,INVESTOR,SFR,EagleTrust,2024
LN106090,2022-03,127400.0,5.29,180,<620,60-75,>43,TX,PURCHASE,OWNER,SFR,BetaLoan,2022
LN106091,2024-11,246000.0,6.403,360,740-779,75-85,>43,CA,PURCHASE,OWNER,TOWNHOUSE,BetaLoan,2024
LN106092,2022-02,227300.0,4.113,180,740-779,60-75,>43,AZ,REFINANCE,OWNER,SFR,BetaLoan,2022
LN106093,2023-02,418300.0,5.427,360,680-739,<=60,20-35,CA,PURCHASE,OWNER,CONDO,EagleTrust,2023
LN106094,2022-08,341400.0,4.786,360,740-779,85-95,35-43,GA,CASHOUT_REFI,OWNER,SFR,AlphaServ,2022
LN106095,2023-09,258700.0,6.678,360,680-739,<=60,20-35,NC,PURCHASE,OWNER,SFR,EagleTrust,2023
LN106096,2023-11,319700.0,6.841,240,620-679,60-75,35-43,PA,PURCHASE,OWNER,SFR,CasaMortgage,2023
LN106097,2024-09,317100.0,6.321,240,680-739,75-85,20-35,FL,CASHOUT_REFI,OWNER,SFR,BetaLoan,2024
LN106098,2024-04,657800.0,7.412,180,<620,75-85,20-35,TX,PURCHASE,OWNER,SFR,BetaLoan,2024
LN106099,2022-05,286100.0,4.369,240,780+,85-95,20-35,CA,CASHOUT_REFI,OWNER,SFR,AlphaServ,2022
LN106100,2022-03,187900.0,4.199,360,740-779,>95,20-35,CA,REFINANCE,INVESTOR,SFR,DeltaHome,2022
LN106101,2024-08,279100.0,6.11,360,740-779,75-85,20-35,IL,PURCHASE,OWNER,CONDO,BetaLoan,2024
LN106102,2023-03,78600.0,5.65,360,780+,<=60,35-43,OH,REFINANCE,INVESTOR,SFR,AlphaServ,2023
LN106103,2021-11,251500.0,4.136,360,740-779,<=60,20-35,MI,PURCHASE,OWNER,SFR,CasaMortgage,2021
LN106104,2024-05,417400.0,6.862,360,680-739,75-85,35-43,PA,CASHOUT_REFI,INVESTOR,CONDO,BetaLoan,2024
LN106105,2023-10,334700.0,6.929,360,620-679,75-85,<=20,PA,CASHOUT_REFI,OWNER,SFR,BetaLoan,2023
LN106106,2021-08,292000.0,4.056,360,680-739,>95,<=20,CA,PURCHASE,OWNER,SFR,AlphaServ,2021
LN106107,2024-03,341900.0,6.17,360,780+,75-85,20-35,MI,CASHOUT_REFI,INVESTOR,SFR,CasaMortgage,2024
LN106108,2023-08,419400.0,6.136,360,780+,75-85,20-35,CA,PURCHASE,SECOND_HOME,MULTI_2_4,CasaMortgage,2023
LN106109,2023-08,484700.0,6.297,360,740-779,85-95,35-43,AZ,REFINANCE,OWNER,SFR,EagleTrust,2023
LN106110,2024-07,312200.0,6.976,360,620-679,85-95,35-43,IL,PURCHASE,OWNER,SFR,AlphaServ,2024
LN106111,2023-03,221400.0,6.274,360,620-679,85-95,35-43,GA,PURCHASE,OWNER,SFR,EagleTrust,2023
LN106112,2023-02,90100.0,5.485,360,780+,75-85,35-43,GA,PURCHASE,OWNER,SFR,BetaLoan,2023
LN106113,2023-08,396400.0,6.809,360,620-679,60-75,35-43,OH,PURCHASE,OWNER,SFR,AlphaServ,2023
LN106114,2022-03,321900.0,4.325,360,740-779,75-85,35-43,IL,PURCHASE,OWNER,SFR,DeltaHome,2022
LN106115,2022-01,273400.0,4.169,360,680-739,<=60,20-35,AZ,PURCHASE,OWNER,SFR,BetaLoan,2022
LN106116,2024-06,187300.0,6.879,360,620-679,75-85,<=20,FL,CASHOUT_REFI,OWNER,MULTI_2_4,AlphaServ,2024
LN106117,2022-04,394100.0,4.507,360,740-779,85-95,35-43,MI,REFINANCE,SECOND_HOME,CONDO,AlphaServ,2022
LN106118,2023-04,227300.0,5.673,180,780+,75-85,20-35,FL,PURCHASE,OWNER,CONDO,EagleTrust,2023
LN106119,2022-06,251300.0,4.376,180,740-779,<=60,>43,CA,PURCHASE,OWNER,TOWNHOUSE,CasaMortgage,2022
LN106120,2022-04,248900.0,4.884,360,680-739,<=60,>43,FL,CASHOUT_REFI,OWNER,SFR,EagleTrust,2022
LN106121,2023-08,312500.0,6.358,360,680-739,85-95,20-35,CA,REFINANCE,OWNER,SFR,DeltaHome,2023
LN106122,2024-04,152200.0,6.167,360,780+,60-75,>43,NY,PURCHASE,INVESTOR,MULTI_2_4,CasaMortgage,2024
LN106123,2023-01,328800.0,5.439,180,740-779,75-85,<=20,CA,PURCHASE,OWNER,SFR,AlphaServ,2023
LN106124,2021-12,184500.0,4.342,240,680-739,85-95,35-43,MI,CASHOUT_REFI,OWNER,SFR,BetaLoan,2021
LN106125,2022-05,187500.0,4.699,360,740-779,60-75,35-43,OH,PURCHASE,OWNER,MULTI_2_4,AlphaServ,2022
LN106126,2022-01,380200.0,5.003,360,620-679,85-95,35-43,CA,PURCHASE,OWNER,SFR,AlphaServ,2022
LN106127,2024-08,163100.0,7.758,360,<620,<=60,20-35,GA,CASHOUT_REFI,OWNER,SFR,BetaLoan,2024
LN106128,2022-08,379900.0,4.57,180,780+,85-95,20-35,WA,REFINANCE,OWNER,SFR,BetaLoan,2022
LN106129,2022-10,267200.0,5.251,360,740-779,<=60,<=20,CA,CASHOUT_REFI,OWNER,SFR,EagleTrust,2022
LN106130,2021-09,121600.0,4.228,360,620-679,60-75,20-35,FL,PURCHASE,OWNER,SFR,AlphaServ,2021
LN106131,2023-01,471700.0,5.886,360,680-739,60-75,20-35,AZ,CASHOUT_REFI,OWNER,SFR,AlphaServ,2023
LN106132,2024-09,293500.0,6.397,360,780+,85-95,20-35,CA,CASHOUT_REFI,OWNER,SFR,CasaMortgage,2024
LN106133,2022-12,304800.0,5.185,360,740-779,75-85,35-43,AZ,REFINANCE,OWNER,SFR,AlphaServ,2022
LN106134,2023-10,401600.0,6.044,360,740-779,85-95,20-35,WA,CASHOUT_REFI,OWNER,SFR,CasaMortgage,2023
LN106135,2022-02,501100.0,5.324,360,<620,75-85,<=20,NY,PURCHASE,OWNER,SFR,DeltaHome,2022
LN106136,2022-01,279400.0,3.823,180,780+,85-95,<=20,IL,PURCHASE,INVESTOR,CONDO,AlphaServ,2022
LN106137,2024-01,337000.0,6.218,360,780+,75-85,>43,WA,REFINANCE,INVESTOR,SFR,AlphaServ,2024
LN106138,2021-09,301700.0,4.266,180,680-739,75-85,35-43,CA,REFINANCE,OWNER,SFR,EagleTrust,2021
LN106139,2023-01,218800.0,5.462,360,680-739,75-85,20-35,FL,REFINANCE,OWNER,TOWNHOUSE,DeltaHome,2023
LN106140,2022-08,125200.0,4.669,360,740-779,60-75,20-35,CA,CASHOUT_REFI,INVESTOR,SFR,AlphaServ,2022
LN106141,2021-07,281200.0,3.53,360,780+,>95,<=20,MI,PURCHASE,OWNER,MULTI_2_4,BetaLoan,2021
LN106142,2023-05,474700.0,5.821,360,740-779,>95,20-35,GA,REFINANCE,OWNER,SFR,AlphaServ,2023
LN106143,2024-11,331900.0,6.086,360,780+,<=60,35-43,PA,PURCHASE,INVESTOR,MULTI_2_4,DeltaHome,2024
LN106144,2021-09,157900.0,3.904,360,740-779,>95,<=20,TX,REFINANCE,OWNER,SFR,AlphaServ,2021
LN106145,2024-05,418300.0,6.598,360,620-679,60-75,<=20,OH,REFINANCE,OWNER,SFR,DeltaHome,2024
LN106146,2023-05,222100.0,6.169,360,680-739,85-95,20-35,NC,CASHOUT_REFI,OWNER,SFR,AlphaServ,2023
LN106147,2024-01,99600.0,6.118,360,740-779,85-95,35-43,FL,CASHOUT_REFI,OWNER,TOWNHOUSE,AlphaServ,2024
LN106148,2021-11,403600.0,4.253,360,680-739,60-75,20-35,AZ,REFINANCE,OWNER,SFR,AlphaServ,2021
LN106149,2024-07,166800.0,7.114,360,620-679,<=60,35-43,TX,PURCHASE,OWNER,SFR,BetaLoan,2024
LN106150,2021-07,568800.0,3.721,360,740-779,85-95,>43,CA,REFINANCE,OWNER,SFR,DeltaHome,2021
LN106151,2024-09,427800.0,6.336,360,680-739,75-85,>43,FL,REFINANCE,OWNER,SFR,AlphaServ,2024
LN106152,2023-10,230400.0,6.435,360,740-779,75-85,20-35,MI,PURCHASE,SECOND_HOME,SFR,AlphaServ,2023
LN106153,2022-09,313900.0,5.558,360,620-679,85-95,20-35,NC,PURCHASE,OWNER,SFR,CasaMortgage,2022
LN106154,2021-07,759800.0,3.966,180,680-739,60-75,20-35,AZ,CASHOUT_REFI,OWNER,SFR,AlphaServ,2021
LN106155,2023-08,400300.0,6.073,180,680-739,<=60,>43,GA,PURCHASE,OWNER,SFR,BetaLoan,2023
LN106156,2021-10,284100.0,3.975,360,740-779,>95,35-43,AZ,CASHOUT_REFI,OWNER,SFR,BetaLoan,2021
LN106157,2023-08,936700.0,6.118,360,740-779,85-95,>43,OH,PURCHASE,OWNER,SFR,BetaLoan,2023
LN106158,2024-03,269100.0,6.686,360,680-739,75-85,20-35,AZ,CASHOUT_REFI,OWNER,SFR,CasaMortgage,2024
LN106159,2022-06,331600.0,4.747,360,680-739,60-75,<=20,AZ,REFINANCE,SECOND_HOME,SFR,AlphaServ,2022
LN106160,2022-05,167500.0,5.285,180,620-679,>95,20-35,IL,REFINANCE,OWNER,SFR,BetaLoan,2022
LN106161,2022-04,120100.0,4.608,360,740-779,60-75,>43,CA,REFINANCE,OWNER,SFR,BetaLoan,2022
LN106162,2022-04,224200.0,3.741,360,780+,60-75,<=20,WA,PURCHASE,SECOND_HOME,SFR,BetaLoan,2022
LN106163,2021-11,259700.0,4.014,360,740-779,60-75,35-43,IL,REFINANCE,OWNER,SFR,CasaMortgage,2021
LN106164,2022-05,296000.0,4.905,360,620-679,85-95,20-35,MI,PURCHASE,INVESTOR,SFR,AlphaServ,2022
LN106165,2023-10,134700.0,6.279,360,740-779,60-75,20-35,NY,PURCHASE,OWNER,SFR,AlphaServ,2023
LN106166,2022-07,343600.0,5.216,360,680-739,60-75,20-35,FL,CASHOUT_REFI,OWNER,SFR,AlphaServ,2022
LN106167,2024-03,175700.0,7.311,360,<620,75-85,20-35,FL,CASHOUT_REFI,OWNER,SFR,BetaLoan,2024
LN106168,2024-05,335700.0,6.858,360,620-679,75-85,>43,FL,CASHOUT_REFI,OWNER,SFR,AlphaServ,2024
LN106169,2024-02,388800.0,7.512,360,<620,60-75,20-35,OH,REFINANCE,SECOND_HOME,SFR,AlphaServ,2024
LN106170,2023-05,213600.0,6.624,360,620-679,75-85,35-43,PA,REFINANCE,OWNER,SFR,DeltaHome,2023
LN106171,2022-08,165400.0,4.614,360,740-779,75-85,<=20,OH,CASHOUT_REFI,OWNER,SFR,EagleTrust,2022
LN106172,2024-10,511300.0,6.845,360,620-679,60-75,20-35,IL,REFINANCE,OWNER,CONDO,AlphaServ,2024
LN106173,2022-03,378100.0,4.109,180,740-779,<=60,<=20,FL,PURCHASE,OWNER,SFR,AlphaServ,2022
LN106174,2023-02,273300.0,5.405,360,780+,>95,20-35,IL,REFINANCE,OWNER,CONDO,BetaLoan,2023
LN106175,2023-02,494200.0,5.962,360,740-779,85-95,20-35,TX,PURCHASE,OWNER,CONDO,EagleTrust,2023
LN106176,2024-02,265000.0,6.615,360,680-739,<=60,20-35,MI,PURCHASE,SECOND_HOME,SFR,BetaLoan,2024
LN106177,2023-05,193100.0,5.734,360,740-779,60-75,<=20,MI,REFINANCE,OWNER,SFR,BetaLoan,2023
LN106178,2024-04,162600.0,7.552,180,<620,<=60,35-43,TX,CASHOUT_REFI,INVESTOR,SFR,DeltaHome,2024
LN106179,2024-09,243200.0,6.521,360,680-739,75-85,35-43,OH,PURCHASE,OWNER,SFR,DeltaHome,2024
LN106180,2022-11,361200.0,5.835,360,680-739,85-95,>43,FL,REFINANCE,INVESTOR,TOWNHOUSE,DeltaHome,2022
LN106181,2024-07,477100.0,6.214,360,740-779,<=60,35-43,WA,PURCHASE,INVESTOR,CONDO,AlphaServ,2024
LN106182,2022-02,258000.0,4.099,360,740-779,>95,20-35,FL,REFINANCE,OWNER,SFR,CasaMortgage,2022
LN106183,2024-09,440600.0,6.468,180,740-779,60-75,20-35,PA,REFINANCE,OWNER,SFR,AlphaServ,2024
LN106184,2022-02,231800.0,4.001,360,740-779,60-75,>43,NC,REFINANCE,OWNER,TOWNHOUSE,BetaLoan,2022
LN106185,2024-06,179600.0,6.387,360,680-739,<=60,20-35,WA,PURCHASE,OWNER,SFR,DeltaHome,2024
LN106186,2022-11,141800.0,5.125,360,780+,60-75,20-35,NC,PURCHASE,OWNER,SFR,DeltaHome,2022
LN106187,2024-11,203200.0,6.254,360,740-779,85-95,20-35,GA,PURCHASE,OWNER,SFR,CasaMortgage,2024
LN106188,2021-12,144200.0,4.058,360,680-739,75-85,20-35,IL,REFINANCE,INVESTOR,SFR,DeltaHome,2021
LN106189,2023-02,630500.0,5.088,360,780+,85-95,35-43,IL,PURCHASE,OWNER,SFR,AlphaServ,2023
LN106190,2024-08,311000.0,6.341,360,740-779,60-75,20-35,CA,PURCHASE,OWNER,SFR,DeltaHome,2024
LN106191,2021-08,244500.0,4.15,360,680-739,60-75,<=20,WA,REFINANCE,OWNER,SFR,DeltaHome,2021
LN106192,2022-06,554000.0,5.889,360,<620,75-85,35-43,OH,PURCHASE,OWNER,TOWNHOUSE,CasaMortgage,2022
LN106193,2021-10,142100.0,4.761,360,620-679,75-85,35-43,OH,PURCHASE,OWNER,SFR,AlphaServ,2021
LN106194,2022-08,240000.0,4.878,360,740-779,<=60,>43,TX,PURCHASE,OWNER,SFR,AlphaServ,2022
LN106195,2022-11,627700.0,5.948,180,620-679,<=60,35-43,NY,CASHOUT_REFI,OWNER,SFR,AlphaServ,2022
LN106196,2023-08,239200.0,6.545,180,680-739,>95,20-35,TX,CASHOUT_REFI,OWNER,SFR,CasaMortgage,2023
LN106197,2022-05,767600.0,4.486,180,740-779,85-95,20-35,TX,PURCHASE,INVESTOR,SFR,AlphaServ,2022
LN106198,2022-01,363500.0,3.601,360,780+,<=60,20-35,OH,REFINANCE,INVESTOR,SFR,AlphaServ,2022
LN106199,2022-02,459400.0,3.996,240,780+,85-95,20-35,TX,PURCHASE,OWNER,SFR,CasaMortgage,2022
LN106200,2024-10,465400.0,6.365,180,740-779,60-75,>43,GA,PURCHASE,OWNER,SFR,BetaLoan,2024
LN106201,2024-11,255400.0,6.359,240,680-739,85-95,35-43,FL,PURCHASE,OWNER,CONDO,BetaLoan,2024
LN106202,2022-04,204900.0,5.361,180,620-679,>95,20-35,FL,PURCHASE,OWNER,MULTI_2_4,CasaMortgage,2022
LN106203,2022-03,242300.0,4.191,360,740-779,<=60,20-35,NC,REFINANCE,INVESTOR,SFR,AlphaServ,2022
LN106204,2021-09,163700.0,4.726,360,620-679,>95,>43,NC,PURCHASE,INVESTOR,SFR,EagleTrust,2021
LN106205,2024-11,247800.0,6.346,360,680-739,60-75,20-35,NY,PURCHASE,OWNER,SFR,CasaMortgage,2024
LN106206,2023-12,254700.0,6.202,180,780+,60-75,20-35,WA,PURCHASE,OWNER,TOWNHOUSE,DeltaHome,2023
LN106207,2024-02,545900.0,6.835,360,680-739,75-85,20-35,FL,PURCHASE,OWNER,CONDO,BetaLoan,2024
LN106208,2022-07,333400.0,4.579,360,740-779,85-95,20-35,NC,CASHOUT_REFI,OWNER,CONDO,CasaMortgage,2022
LN106209,2023-09,739100.0,6.213,240,740-779,60-75,20-35,MI,PURCHASE,OWNER,TOWNHOUSE,DeltaHome,2023
LN106210,2021-09,96600.0,3.59,360,780+,<=60,35-43,TX,PURCHASE,OWNER,SFR,AlphaServ,2021
LN106211,2023-11,147600.0,6.344,360,680-739,60-75,20-35,IL,PURCHASE,OWNER,TOWNHOUSE,BetaLoan,2023
LN106212,2023-07,217500.0,6.382,360,680-739,60-75,20-35,CA,PURCHASE,OWNER,TOWNHOUSE,AlphaServ,2023
LN106213,2022-08,499600.0,5.502,360,620-679,60-75,20-35,FL,REFINANCE,OWNER,CONDO,DeltaHome,2022
LN106214,2023-12,243000.0,6.206,360,740-779,60-75,20-35,TX,REFINANCE,OWNER,SFR,EagleTrust,2023
LN106215,2023-10,131900.0,6.288,180,680-739,>95,20-35,MI,REFINANCE,OWNER,TOWNHOUSE,EagleTrust,2023
LN106216,2023-01,228600.0,5.985,180,680-739,85-95,20-35,TX,PURCHASE,OWNER,SFR,EagleTrust,2023
LN106217,2022-02,148900.0,4.078,360,740-779,>95,20-35,CA,CASHOUT_REFI,OWNER,SFR,BetaLoan,2022
LN106218,2021-07,136300.0,4.907,360,<620,<=60,<=20,CA,PURCHASE,OWNER,SFR,BetaLoan,2021
LN106219,2024-10,627500.0,6.36,360,680-739,<=60,>43,MI,PURCHASE,OWNER,SFR,BetaLoan,2024
LN106220,2022-06,217900.0,5.486,360,620-679,75-85,20-35,CA,CASHOUT_REFI,INVESTOR,CONDO,BetaLoan,2022
LN106221,2022-07,275900.0,4.788,360,680-739,75-85,35-43,GA,PURCHASE,SECOND_HOME,SFR,AlphaServ,2022
LN106222,2023-11,244800.0,7.14,180,<620,75-85,>43,TX,CASHOUT_REFI,OWNER,SFR,CasaMortgage,2023
LN106223,2022-05,227900.0,5.193,360,620-679,<=60,<=20,TX,REFINANCE,OWNER,SFR,DeltaHome,2022
LN106224,2022-10,174900.0,4.85,240,780+,85-95,<=20,PA,PURCHASE,OWNER,SFR,BetaLoan,2022
LN106225,2023-12,222000.0,6.166,360,780+,75-85,20-35,NC,REFINANCE,OWNER,SFR,DeltaHome,2023
LN106226,2023-08,297100.0,6.395,360,740-779,60-75,>43,GA,CASHOUT_REFI,INVESTOR,SFR,BetaLoan,2023
LN106227,2023-10,483300.0,6.429,180,740-779,75-85,20-35,AZ,REFINANCE,OWNER,CONDO,CasaMortgage,2023
LN106228,2021-07,391000.0,3.933,180,740-779,<=60,20-35,AZ,PURCHASE,OWNER,SFR,AlphaServ,2021
LN106229,2023-01,147500.0,5.167,360,780+,60-75,<=20,PA,REFINANCE,OWNER,SFR,CasaMortgage,2023
LN106230,2023-02,398300.0,6.134,360,680-739,>95,<=20,CA,PURCHASE,OWNER,SFR,AlphaServ,2023
LN106231,2023-09,316100.0,7.279,240,<620,75-85,20-35,TX,PURCHASE,OWNER,SFR,DeltaHome,2023
LN106232,2022-01,192700.0,3.865,180,740-779,<=60,35-43,WA,PURCHASE,OWNER,SFR,AlphaServ,2022
LN106233,2022-01,277000.0,3.968,360,780+,60-75,20-35,OH,REFINANCE,OWNER,SFR,AlphaServ,2022
LN106234,2024-03,330200.0,6.919,360,620-679,60-75,20-35,OH,PURCHASE,INVESTOR,SFR,DeltaHome,2024
LN106235,2023-11,260700.0,6.5,360,680-739,>95,35-43,IL,REFINANCE,OWNER,SFR,BetaLoan,2023
LN106236,2024-05,316800.0,7.126,360,620-679,85-95,35-43,NC,PURCHASE,OWNER,SFR,AlphaServ,2024
LN106237,2022-06,173100.0,5.032,360,680-739,75-85,20-35,OH,PURCHASE,OWNER,SFR,AlphaServ,2022
LN106238,2024-12,625800.0,6.14,360,740-779,>95,35-43,CA,PURCHASE,OWNER,SFR,BetaLoan,2024
LN106239,2022-06,107100.0,4.917,360,680-739,60-75,35-43,CA,REFINANCE,OWNER,SFR,DeltaHome,2022
LN106240,2023-10,331100.0,6.164,240,780+,85-95,20-35,FL,PURCHASE,OWNER,MULTI_2_4,BetaLoan,2023
LN106241,2022-01,301100.0,3.94,180,740-779,75-85,<=20,AZ,CASHOUT_REFI,OWNER,TOWNHOUSE,AlphaServ,2022
LN106242,2024-09,340900.0,7.182,360,<620,85-95,20-35,NY,PURCHASE,OWNER,SFR,BetaLoan,2024
LN106243,2022-08,185600.0,4.772,360,740-779,>95,<=20,AZ,REFINANCE,INVESTOR,CONDO,BetaLoan,2022
LN106244,2024-04,432000.0,6.244,180,740-779,75-85,<=20,OH,REFINANCE,OWNER,TOWNHOUSE,AlphaServ,2024
LN106245,2022-08,243100.0,5.136,360,680-739,60-75,35-43,AZ,REFINANCE,OWNER,SFR,BetaLoan,2022
LN106246,2024-04,149700.0,7.01,360,680-739,60-75,35-43,AZ,REFINANCE,INVESTOR,SFR,AlphaServ,2024
LN106247,2023-02,156000.0,5.315,360,780+,60-75,35-43,FL,PURCHASE,OWNER,SFR,CasaMortgage,2023
LN106248,2021-09,270000.0,4.103,360,680-739,60-75,35-43,OH,PURCHASE,OWNER,TOWNHOUSE,AlphaServ,2021
LN106249,2022-02,124400.0,4.699,360,620-679,75-85,>43,NC,PURCHASE,OWNER,SFR,AlphaServ,2022
LN106250,2023-11,573900.0,6.571,360,680-739,75-85,35-43,CA,CASHOUT_REFI,OWNER,SFR,AlphaServ,2023
LN106251,2022-03,409200.0,4.642,360,680-739,<=60,>43,CA,PURCHASE,OWNER,SFR,DeltaHome,2022
LN106252,2022-06,580800.0,4.726,360,740-779,>95,>43,NC,CASHOUT_REFI,OWNER,SFR,EagleTrust,2022
LN106253,2023-05,553800.0,6.673,360,620-679,<=60,20-35,AZ,REFINANCE,INVESTOR,SFR,AlphaServ,2023
LN106254,2022-05,217900.0,4.485,360,740-779,<=60,>43,FL,CASHOUT_REFI,OWNER,SFR,BetaLoan,2022
LN106255,2021-12,172600.0,3.861,360,680-739,<=60,>43,NY,PURCHASE,OWNER,SFR,EagleTrust,2021
LN106256,2023-09,76500.0,6.089,360,780+,>95,20-35,AZ,PURCHASE,SECOND_HOME,SFR,EagleTrust,2023
LN106257,2023-11,212600.0,6.776,360,680-739,75-85,35-43,TX,PURCHASE,OWNER,SFR,AlphaServ,2023
LN106258,2024-01,565000.0,5.932,360,780+,60-75,20-35,AZ,PURCHASE,OWNER,SFR,CasaMortgage,2024
LN106259,2024-10,175900.0,5.892,240,780+,<=60,20-35,CA,CASHOUT_REFI,OWNER,SFR,BetaLoan,2024
LN106260,2021-12,232200.0,4.5,360,620-679,60-75,35-43,TX,CASHOUT_REFI,OWNER,SFR,BetaLoan,2021
LN106261,2022-12,198900.0,5.519,360,740-779,>95,<=20,CA,PURCHASE,OWNER,SFR,DeltaHome,2022
LN106262,2022-04,302200.0,4.85,360,620-679,75-85,35-43,CA,REFINANCE,OWNER,SFR,AlphaServ,2022
LN106263,2024-08,455300.0,6.261,180,740-779,60-75,20-35,TX,REFINANCE,OWNER,SFR,DeltaHome,2024
LN106264,2023-05,127700.0,5.66,360,740-779,60-75,<=20,GA,PURCHASE,OWNER,SFR,AlphaServ,2023
LN106265,2021-11,139200.0,4.309,360,680-739,<=60,35-43,TX,PURCHASE,OWNER,SFR,AlphaServ,2021
LN106266,2023-12,498300.0,6.875,360,620-679,75-85,>43,WA,CASHOUT_REFI,OWNER,TOWNHOUSE,CasaMortgage,2023
LN106267,2021-08,355000.0,4.132,360,680-739,75-85,<=20,FL,CASHOUT_REFI,OWNER,SFR,EagleTrust,2021
LN106268,2022-06,227100.0,4.438,360,740-779,85-95,20-35,IL,CASHOUT_REFI,OWNER,SFR,BetaLoan,2022
LN106269,2024-01,550300.0,6.144,360,740-779,60-75,<=20,GA,REFINANCE,INVESTOR,SFR,EagleTrust,2024
LN106270,2023-04,138100.0,6.941,360,<620,<=60,20-35,CA,PURCHASE,OWNER,MULTI_2_4,CasaMortgage,2023
LN106271,2024-02,388100.0,6.834,360,620-679,75-85,20-35,NC,REFINANCE,INVESTOR,MULTI_2_4,CasaMortgage,2024
LN106272,2023-06,247500.0,6.138,360,680-739,85-95,20-35,CA,PURCHASE,SECOND_HOME,SFR,AlphaServ,2023
LN106273,2024-06,335400.0,6.371,180,680-739,75-85,35-43,PA,CASHOUT_REFI,OWNER,SFR,AlphaServ,2024
LN106274,2023-06,87200.0,6.785,180,620-679,85-95,20-35,IL,PURCHASE,OWNER,SFR,CasaMortgage,2023
LN106275,2021-09,227000.0,4.187,360,680-739,85-95,35-43,CA,PURCHASE,OWNER,CONDO,AlphaServ,2021
LN106276,2021-09,355600.0,3.557,360,780+,>95,20-35,NC,REFINANCE,OWNER,SFR,EagleTrust,2021
LN106277,2024-03,248100.0,6.733,360,680-739,60-75,>43,CA,PURCHASE,OWNER,SFR,AlphaServ,2024
LN106278,2021-08,449000.0,4.06,360,740-779,>95,20-35,WA,PURCHASE,OWNER,SFR,BetaLoan,2021
LN106279,2022-10,442300.0,5.312,360,680-739,85-95,<=20,NY,PURCHASE,SECOND_HOME,SFR,AlphaServ,2022
LN106280,2021-07,165800.0,4.098,240,680-739,75-85,<=20,NY,PURCHASE,OWNER,SFR,BetaLoan,2021
LN106281,2022-07,369800.0,4.761,360,740-779,75-85,20-35,FL,PURCHASE,OWNER,SFR,AlphaServ,2022
LN106282,2023-07,163300.0,6.647,180,620-679,<=60,>43,NY,PURCHASE,OWNER,CONDO,DeltaHome,2023
LN106283,2022-02,261500.0,4.62,360,620-679,75-85,20-35,MI,REFINANCE,OWNER,SFR,AlphaServ,2022
LN106284,2023-02,342900.0,5.887,360,780+,85-95,20-35,IL,PURCHASE,OWNER,SFR,BetaLoan,2023
LN106285,2024-12,175300.0,6.257,360,740-779,>95,35-43,GA,PURCHASE,OWNER,CONDO,DeltaHome,2024
LN106286,2021-09,363700.0,3.838,360,740-779,75-85,20-35,CA,PURCHASE,OWNER,SFR,DeltaHome,2021
LN106287,2021-09,203300.0,4.592,360,620-679,>95,35-43,PA,REFINANCE,OWNER,SFR,EagleTrust,2021
LN106288,2022-06,196600.0,6.229,360,<620,60-75,20-35,IL,PURCHASE,OWNER,SFR,AlphaServ,2022
LN106289,2024-05,350800.0,6.965,240,620-679,>95,35-43,IL,PURCHASE,OWNER,TOWNHOUSE,AlphaServ,2024
LN106290,2022-12,175200.0,5.216,360,780+,75-85,>43,TX,REFINANCE,OWNER,SFR,AlphaServ,2022
LN106291,2023-09,171300.0,6.171,360,740-779,85-95,20-35,CA,CASHOUT_REFI,INVESTOR,SFR,EagleTrust,2023
LN106292,2021-08,407800.0,4.29,360,680-739,75-85,<=20,FL,PURCHASE,OWNER,SFR,EagleTrust,2021
LN106293,2024-01,268000.0,6.121,360,780+,>95,35-43,PA,PURCHASE,OWNER,SFR,CasaMortgage,2024
LN106294,2021-09,132700.0,4.254,360,620-679,<=60,35-43,OH,PURCHASE,OWNER,SFR,CasaMortgage,2021
LN106295,2023-12,375100.0,6.236,360,680-739,75-85,35-43,TX,CASHOUT_REFI,INVESTOR,TOWNHOUSE,BetaLoan,2023
LN106296,2022-01,212600.0,4.957,360,620-679,85-95,20-35,OH,REFINANCE,OWNER,MULTI_2_4,EagleTrust,2022
LN106297,2024-07,135800.0,7.039,180,620-679,60-75,<=20,FL,REFINANCE,OWNER,CONDO,AlphaServ,2024
LN106298,2022-07,82600.0,4.464,360,780+,75-85,35-43,TX,PURCHASE,OWNER,SFR,DeltaHome,2022
LN106299,2022-02,383300.0,3.811,360,780+,75-85,<=20,NC,PURCHASE,SECOND_HOME,SFR,BetaLoan,2022
LN106300,2022-09,173300.0,6.014,360,620-679,85-95,20-35,TX,CASHOUT_REFI,OWNER,SFR,BetaLoan,2022
LN106301,2021-07,145800.0,4.502,360,620-679,>95,20-35,OH,PURCHASE,OWNER,SFR,CasaMortgage,2021
LN106302,2022-01,340400.0,4.164,360,740-779,60-75,20-35,NC,PURCHASE,SECOND_HOME,MULTI_2_4,BetaLoan,2022
LN106303,2023-08,366800.0,7.463,360,<620,85-95,35-43,CA,CASHOUT_REFI,OWNER,SFR,DeltaHome,2023
LN106304,2022-07,179100.0,5.101,240,680-739,75-85,20-35,NC,PURCHASE,OWNER,CONDO,AlphaServ,2022
LN106305,2022-09,384900.0,4.92,360,740-779,85-95,20-35,CA,PURCHASE,INVESTOR,SFR,AlphaServ,2022
LN106306,2024-04,643500.0,6.966,360,620-679,60-75,>43,PA,PURCHASE,OWNER,CONDO,CasaMortgage,2024
LN106307,2021-12,467900.0,4.414,360,680-739,60-75,20-35,TX,REFINANCE,INVESTOR,CONDO,DeltaHome,2021
LN106308,2022-11,436300.0,6.136,360,620-679,75-85,35-43,CA,CASHOUT_REFI,OWNER,SFR,BetaLoan,2022
LN106309,2022-02,294000.0,4.144,360,780+,<=60,35-43,CA,REFINANCE,OWNER,SFR,CasaMortgage,2022
LN106310,2023-03,209000.0,5.907,180,680-739,85-95,35-43,NY,CASHOUT_REFI,OWNER,SFR,BetaLoan,2023
LN106311,2022-08,248900.0,4.893,360,740-779,60-75,<=20,FL,PURCHASE,OWNER,SFR,DeltaHome,2022
LN106312,2021-08,311200.0,3.949,360,680-739,>95,<=20,IL,REFINANCE,OWNER,SFR,CasaMortgage,2021
LN106313,2021-09,144900.0,3.811,360,740-779,85-95,20-35,PA,REFINANCE,OWNER,CONDO,EagleTrust,2021
LN106314,2024-06,180600.0,7.455,360,<620,75-85,<=20,CA,PURCHASE,OWNER,SFR,CasaMortgage,2024
LN106315,2021-09,134300.0,5.031,360,<620,85-95,20-35,TX,REFINANCE,OWNER,SFR,CasaMortgage,2021
LN106316,2024-03,283700.0,6.463,360,740-779,>95,20-35,CA,PURCHASE,SECOND_HOME,SFR,BetaLoan,2024
LN106317,2024-09,265000.0,6.115,360,740-779,85-95,<=20,GA,REFINANCE,OWNER,SFR,BetaLoan,2024
LN106318,2023-02,190300.0,6.299,360,680-739,75-85,20-35,GA,REFINANCE,OWNER,CONDO,AlphaServ,2023
LN106319,2022-08,369200.0,5.385,360,680-739,75-85,20-35,PA,PURCHASE,OWNER,SFR,BetaLoan,2022
LN106320,2024-03,159500.0,5.807,360,780+,85-95,<=20,NC,PURCHASE,OWNER,SFR,AlphaServ,2024
LN106321,2024-12,187100.0,7.45,360,<620,85-95,35-43,NC,CASHOUT_REFI,OWNER,TOWNHOUSE,EagleTrust,2024
LN106322,2021-12,362700.0,4.487,360,620-679,75-85,>43,TX,REFINANCE,OWNER,TOWNHOUSE,DeltaHome,2021
LN106323,2024-11,387700.0,6.586,240,680-739,75-85,35-43,PA,PURCHASE,OWNER,SFR,BetaLoan,2024
LN106324,2024-10,178400.0,6.689,240,620-679,60-75,>43,CA,PURCHASE,OWNER,SFR,AlphaServ,2024
LN106325,2021-12,283300.0,4.204,360,740-779,85-95,<=20,NC,REFINANCE,OWNER,CONDO,BetaLoan,2021
LN106326,2021-09,179800.0,4.048,360,740-779,85-95,35-43,PA,PURCHASE,OWNER,SFR,EagleTrust,2021
LN106327,2024-01,233600.0,6.486,360,680-739,<=60,20-35,TX,PURCHASE,INVESTOR,SFR,AlphaServ,2024
LN106328,2021-10,272300.0,3.908,360,740-779,<=60,20-35,FL,PURCHASE,OWNER,SFR,EagleTrust,2021
LN106329,2023-08,328500.0,6.184,360,680-739,>95,35-43,TX,PURCHASE,OWNER,CONDO,AlphaServ,2023
LN106330,2021-09,294500.0,3.73,360,740-779,60-75,35-43,PA,CASHOUT_REFI,OWNER,CONDO,CasaMortgage,2021
LN106331,2023-12,288600.0,7.421,360,<620,85-95,<=20,NY,PURCHASE,OWNER,SFR,DeltaHome,2023
LN106332,2022-04,157100.0,4.367,360,680-739,75-85,20-35,FL,REFINANCE,OWNER,SFR,CasaMortgage,2022
LN106333,2021-11,304000.0,4.224,360,740-779,75-85,35-43,IL,REFINANCE,OWNER,SFR,AlphaServ,2021
LN106334,2021-09,327100.0,4.154,360,680-739,<=60,20-35,NC,PURCHASE,INVESTOR,SFR,EagleTrust,2021
LN106335,2022-02,348000.0,5.574,360,<620,<=60,20-35,GA,PURCHASE,OWNER,SFR,DeltaHome,2022
LN106336,2023-05,184600.0,6.191,360,680-739,75-85,<=20,NC,PURCHASE,OWNER,SFR,AlphaServ,2023
LN106337,2021-10,385400.0,3.749,360,740-779,60-75,<=20,WA,PURCHASE,OWNER,SFR,BetaLoan,2021
LN106338,2024-04,141100.0,7.516,180,<620,85-95,20-35,TX,PURCHASE,OWNER,SFR,CasaMortgage,2024
LN106339,2023-08,210300.0,6.283,360,740-779,>95,20-35,TX,CASHOUT_REFI,OWNER,SFR,CasaMortgage,2023
LN106340,2022-07,225500.0,4.597,360,740-779,85-95,20-35,GA,REFINANCE,OWNER,SFR,BetaLoan,2022
LN106341,2024-12,144600.0,6.537,360,680-739,75-85,35-43,CA,PURCHASE,OWNER,SFR,DeltaHome,2024
LN106342,2023-10,224000.0,6.787,360,620-679,75-85,35-43,GA,PURCHASE,SECOND_HOME,SFR,AlphaServ,2023
LN106343,2023-11,282000.0,5.84,240,740-779,60-75,20-35,WA,PURCHASE,OWNER,SFR,BetaLoan,2023
LN106344,2022-02,112200.0,4.784,180,620-679,85-95,20-35,NY,REFINANCE,SECOND_HOME,SFR,BetaLoan,2022
LN106345,2023-12,213700.0,6.072,240,780+,75-85,35-43,TX,CASHOUT_REFI,OWNER,SFR,AlphaServ,2023
LN106346,2023-06,116200.0,5.996,360,740-779,85-95,>43,WA,PURCHASE,OWNER,SFR,AlphaServ,2023
LN106347,2024-12,639700.0,7.339,240,<620,75-85,>43,NY,REFINANCE,OWNER,SFR,EagleTrust,2024
LN106348,2023-03,280900.0,5.762,180,740-779,60-75,35-43,CA,PURCHASE,SECOND_HOME,SFR,BetaLoan,2023
LN106349,2023-11,270100.0,6.408,240,680-739,75-85,>43,NY,REFINANCE,OWNER,CONDO,CasaMortgage,2023
LN106350,2022-09,283300.0,5.384,360,680-739,85-95,<=20,CA,CASHOUT_REFI,OWNER,SFR,EagleTrust,2022
LN106351,2021-08,335000.0,4.008,360,680-739,85-95,<=20,CA,PURCHASE,INVESTOR,SFR,EagleTrust,2021
LN106352,2021-12,396400.0,4.139,360,740-779,60-75,<=20,CA,CASHOUT_REFI,OWNER,SFR,DeltaHome,2021
LN106353,2024-07,126300.0,6.04,360,740-779,85-95,20-35,NY,PURCHASE,INVESTOR,SFR,CasaMortgage,2024
LN106354,2024-02,460300.0,6.097,360,780+,60-75,20-35,NY,PURCHASE,SECOND_HOME,TOWNHOUSE,AlphaServ,2024
LN106355,2022-10,447100.0,5.522,360,680-739,>95,20-35,NC,CASHOUT_REFI,OWNER,SFR,AlphaServ,2022
LN106356,2023-12,247700.0,6.472,360,740-779,75-85,<=20,OH,PURCHASE,OWNER,MULTI_2_4,AlphaServ,2023
LN106357,2021-07,242000.0,3.658,360,740-779,85-95,20-35,PA,PURCHASE,OWNER,SFR,BetaLoan,2021
LN106358,2021-08,63200.0,3.998,360,740-779,75-85,>43,AZ,PURCHASE,OWNER,MULTI_2_4,AlphaServ,2021
LN106359,2023-04,145800.0,6.217,180,680-739,>95,35-43,TX,PURCHASE,SECOND_HOME,SFR,DeltaHome,2023
LN106360,2023-09,322400.0,6.765,360,680-739,85-95,20-35,CA,PURCHASE,OWNER,TOWNHOUSE,EagleTrust,2023
LN106361,2024-10,438100.0,5.976,360,740-779,60-75,<=20,NC,CASHOUT_REFI,OWNER,TOWNHOUSE,CasaMortgage,2024
LN106362,2024-02,354300.0,7.023,180,620-679,75-85,20-35,CA,REFINANCE,OWNER,SFR,CasaMortgage,2024
LN106363,2022-05,246700.0,5.154,360,620-679,60-75,20-35,NY,PURCHASE,OWNER,MULTI_2_4,BetaLoan,2022
LN106364,2024-05,607200.0,6.626,360,680-739,85-95,20-35,CA,REFINANCE,OWNER,SFR,AlphaServ,2024
LN106365,2023-03,401200.0,6.2,360,680-739,85-95,35-43,NY,PURCHASE,OWNER,SFR,DeltaHome,2023
LN106366,2024-05,213800.0,7.748,360,<620,75-85,>43,NY,PURCHASE,SECOND_HOME,SFR,AlphaServ,2024
LN106367,2022-02,681400.0,5.406,360,<620,60-75,<=20,PA,PURCHASE,OWNER,SFR,CasaMortgage,2022
LN106368,2021-08,155900.0,3.497,180,740-779,85-95,<=20,GA,PURCHASE,OWNER,SFR,AlphaServ,2021
LN106369,2021-09,131600.0,3.557,360,780+,85-95,<=20,NY,PURCHASE,OWNER,SFR,DeltaHome,2021
LN106370,2024-12,211200.0,7.056,240,680-739,75-85,35-43,IL,REFINANCE,OWNER,SFR,CasaMortgage,2024
LN106371,2021-10,181400.0,4.4,360,620-679,85-95,<=20,OH,PURCHASE,OWNER,SFR,AlphaServ,2021
LN106372,2024-10,216600.0,6.273,360,740-779,60-75,35-43,TX,PURCHASE,OWNER,SFR,DeltaHome,2024
LN106373,2024-01,365500.0,7.096,180,620-679,60-75,20-35,MI,REFINANCE,OWNER,SFR,DeltaHome,2024
LN106374,2022-01,251400.0,4.042,360,780+,>95,20-35,IL,REFINANCE,SECOND_HOME,SFR,BetaLoan,2022
LN106375,2024-07,254300.0,6.478,360,680-739,85-95,35-43,GA,CASHOUT_REFI,OWNER,SFR,BetaLoan,2024
LN106376,2022-01,262100.0,5.023,360,620-679,<=60,20-35,CA,CASHOUT_REFI,OWNER,SFR,AlphaServ,2022
LN106377,2022-01,90200.0,4.583,240,680-739,75-85,35-43,CA,PURCHASE,OWNER,CONDO,BetaLoan,2022
LN106378,2023-07,129100.0,6.434,240,680-739,75-85,<=20,OH,PURCHASE,OWNER,SFR,CasaMortgage,2023
LN106379,2022-07,214600.0,4.551,240,740-779,60-75,35-43,MI,PURCHASE,OWNER,MULTI_2_4,AlphaServ,2022
LN106380,2022-07,174700.0,5.315,360,620-679,>95,>43,FL,PURCHASE,OWNER,SFR,BetaLoan,2022
LN106381,2022-03,230000.0,3.921,240,780+,<=60,<=20,WA,CASHOUT_REFI,OWNER,SFR,BetaLoan,2022
LN106382,2023-08,480200.0,6.064,180,740-779,60-75,20-35,PA,REFINANCE,OWNER,TOWNHOUSE,CasaMortgage,2023
LN106383,2021-08,246800.0,3.833,360,780+,85-95,35-43,IL,PURCHASE,OWNER,SFR,BetaLoan,2021
LN106384,2022-05,140800.0,4.312,360,780+,<=60,<=20,GA,CASHOUT_REFI,OWNER,SFR,EagleTrust,2022
LN106385,2023-06,178600.0,6.803,360,620-679,60-75,20-35,OH,PURCHASE,OWNER,SFR,DeltaHome,2023
LN106386,2023-03,551100.0,6.07,360,680-739,75-85,20-35,FL,REFINANCE,OWNER,SFR,BetaLoan,2023
LN106387,2023-12,508700.0,6.319,240,780+,60-75,35-43,CA,REFINANCE,OWNER,SFR,CasaMortgage,2023
LN106388,2022-04,333700.0,4.363,360,680-739,75-85,20-35,PA,PURCHASE,SECOND_HOME,SFR,BetaLoan,2022
LN106389,2023-10,126400.0,6.71,360,<620,75-85,20-35,IL,PURCHASE,OWNER,SFR,BetaLoan,2023
LN106390,2024-02,293000.0,6.969,360,620-679,>95,35-43,PA,PURCHASE,OWNER,SFR,CasaMortgage,2024
LN106391,2022-11,303400.0,5.962,360,620-679,85-95,35-43,FL,PURCHASE,OWNER,SFR,AlphaServ,2022
LN106392,2022-05,258200.0,4.249,240,780+,<=60,20-35,CA,PURCHASE,OWNER,SFR,DeltaHome,2022
LN106393,2023-06,197500.0,6.165,360,680-739,75-85,<=20,CA,REFINANCE,OWNER,SFR,CasaMortgage,2023
LN106394,2023-07,216800.0,5.816,180,740-779,75-85,20-35,CA,PURCHASE,INVESTOR,SFR,BetaLoan,2023
LN106395,2021-10,191400.0,3.649,360,780+,60-75,>43,NC,CASHOUT_REFI,SECOND_HOME,SFR,BetaLoan,2021
LN106396,2023-06,152500.0,6.222,360,680-739,60-75,20-35,CA,REFINANCE,OWNER,CONDO,DeltaHome,2023
LN106397,2022-01,472000.0,4.102,360,740-779,75-85,20-35,PA,PURCHASE,OWNER,SFR,BetaLoan,2022
LN106398,2023-06,379700.0,7.313,360,<620,75-85,20-35,NC,PURCHASE,SECOND_HOME,SFR,AlphaServ,2023
LN106399,2024-10,224500.0,7.648,180,<620,>95,20-35,FL,PURCHASE,OWNER,SFR,AlphaServ,2024
LN106400,2023-05,299100.0,6.765,360,620-679,60-75,20-35,IL,REFINANCE,OWNER,SFR,DeltaHome,2023
LN106401,2024-02,304200.0,6.972,360,620-679,<=60,20-35,WA,PURCHASE,OWNER,SFR,BetaLoan,2024
LN106402,2022-08,732600.0,5.232,360,680-739,85-95,20-35,CA,CASHOUT_REFI,OWNER,SFR,CasaMortgage,2022
LN106403,2024-09,378000.0,6.346,180,680-739,85-95,20-35,FL,REFINANCE,OWNER,SFR,EagleTrust,2024
LN106404,2024-05,371600.0,6.843,360,620-679,75-85,35-43,NY,PURCHASE,OWNER,SFR,AlphaServ,2024
LN106405,2024-09,259700.0,7.765,360,<620,85-95,35-43,WA,REFINANCE,INVESTOR,SFR,CasaMortgage,2024
LN106406,2024-02,209900.0,6.765,360,680-739,85-95,35-43,WA,CASHOUT_REFI,OWNER,CONDO,BetaLoan,2024
LN106407,2023-10,475500.0,7.125,360,<620,60-75,20-35,PA,CASHOUT_REFI,SECOND_HOME,SFR,AlphaServ,2023
LN106408,2023-05,342300.0,5.792,360,740-779,75-85,>43,NY,CASHOUT_REFI,OWNER,SFR,BetaLoan,2023
LN106409,2024-09,175700.0,6.392,360,780+,85-95,<=20,AZ,REFINANCE,OWNER,SFR,AlphaServ,2024
LN106410,2024-06,313100.0,6.154,360,740-779,60-75,35-43,IL,PURCHASE,INVESTOR,TOWNHOUSE,AlphaServ,2024
LN106411,2022-12,372100.0,5.066,360,740-779,>95,35-43,GA,REFINANCE,INVESTOR,CONDO,DeltaHome,2022
LN106412,2021-10,99400.0,3.779,360,740-779,>95,20-35,AZ,REFINANCE,OWNER,TOWNHOUSE,BetaLoan,2021
LN106413,2021-07,168500.0,3.664,360,740-779,75-85,<=20,TX,REFINANCE,INVESTOR,CONDO,AlphaServ,2021
LN106414,2022-04,300500.0,4.351,360,780+,<=60,35-43,PA,CASHOUT_REFI,INVESTOR,SFR,DeltaHome,2022
LN106415,2021-09,107400.0,3.782,240,780+,>95,20-35,NY,PURCHASE,OWNER,SFR,EagleTrust,2021
LN106416,2022-03,115300.0,4.458,360,680-739,75-85,>43,AZ,PURCHASE,OWNER,SFR,BetaLoan,2022
LN106417,2021-11,226000.0,3.92,360,740-779,<=60,35-43,OH,PURCHASE,OWNER,MULTI_2_4,BetaLoan,2021
LN106418,2024-12,318400.0,6.246,360,740-779,85-95,>43,TX,CASHOUT_REFI,OWNER,CONDO,DeltaHome,2024
LN106419,2021-11,325100.0,5.263,360,<620,85-95,35-43,MI,PURCHASE,OWNER,SFR,AlphaServ,2021
LN106420,2023-09,520300.0,6.393,360,680-739,<=60,20-35,CA,PURCHASE,OWNER,SFR,CasaMortgage,2023
LN106421,2022-09,264900.0,5.052,360,740-779,60-75,>43,CA,PURCHASE,SECOND_HOME,MULTI_2_4,AlphaServ,2022
LN106422,2022-02,215800.0,4.411,360,740-779,85-95,35-43,CA,REFINANCE,OWNER,SFR,DeltaHome,2022
LN106423,2023-12,141700.0,6.527,360,680-739,>95,<=20,PA,CASHOUT_REFI,OWNER,TOWNHOUSE,DeltaHome,2023
LN106424,2024-11,214700.0,6.948,360,620-679,75-85,20-35,AZ,PURCHASE,INVESTOR,SFR,DeltaHome,2024
LN106425,2024-04,350900.0,7.112,360,620-679,<=60,<=20,OH,REFINANCE,OWNER,SFR,EagleTrust,2024
LN106426,2024-11,358200.0,6.42,360,680-739,60-75,>43,TX,PURCHASE,SECOND_HOME,SFR,DeltaHome,2024
LN106427,2023-07,287500.0,5.703,360,780+,75-85,35-43,NY,PURCHASE,OWNER,SFR,AlphaServ,2023
LN106428,2023-11,326500.0,6.1,360,780+,60-75,20-35,TX,PURCHASE,OWNER,SFR,CasaMortgage,2023
LN106429,2022-01,453300.0,4.475,360,680-739,75-85,>43,CA,REFINANCE,OWNER,SFR,EagleTrust,2022
LN106430,2024-06,264000.0,6.987,360,620-679,<=60,20-35,PA,CASHOUT_REFI,OWNER,SFR,AlphaServ,2024
LN106431,2024-02,472300.0,6.173,360,740-779,85-95,20-35,TX,REFINANCE,OWNER,SFR,AlphaServ,2024
LN106432,2022-05,184100.0,4.384,360,740-779,85-95,20-35,CA,REFINANCE,OWNER,SFR,CasaMortgage,2022
LN106433,2022-09,247000.0,5.347,180,680-739,85-95,<=20,CA,PURCHASE,OWNER,SFR,CasaMortgage,2022
LN106434,2023-08,205600.0,6.204,360,680-739,60-75,<=20,AZ,CASHOUT_REFI,OWNER,SFR,BetaLoan,2023
LN106435,2021-07,364700.0,4.649,360,620-679,75-85,20-35,FL,CASHOUT_REFI,INVESTOR,TOWNHOUSE,AlphaServ,2021
LN106436,2024-05,161700.0,6.586,360,740-779,60-75,<=20,GA,REFINANCE,INVESTOR,SFR,DeltaHome,2024
LN106437,2022-06,220800.0,4.322,360,740-779,75-85,>43,CA,REFINANCE,OWNER,SFR,BetaLoan,2022
LN106438,2021-10,110500.0,4.279,180,680-739,85-95,20-35,IL,REFINANCE,OWNER,TOWNHOUSE,EagleTrust,2021
LN106439,2022-08,333500.0,4.803,360,780+,85-95,20-35,MI,PURCHASE,OWNER,SFR,CasaMortgage,2022
LN106440,2024-06,447300.0,6.759,360,680-739,85-95,<=20,CA,PURCHASE,OWNER,CONDO,DeltaHome,2024
LN106441,2022-06,384500.0,4.095,360,780+,60-75,20-35,FL,CASHOUT_REFI,OWNER,SFR,AlphaServ,2022
LN106442,2023-05,367900.0,6.169,180,680-739,75-85,35-43,FL,REFINANCE,OWNER,SFR,CasaMortgage,2023
LN106443,2024-05,372400.0,6.502,360,680-739,60-75,>43,AZ,REFINANCE,OWNER,MULTI_2_4,EagleTrust,2024
LN106444,2021-08,349700.0,3.55,360,780+,75-85,20-35,GA,PURCHASE,OWNER,SFR,AlphaServ,2021
LN106445,2024-02,336500.0,5.865,360,780+,60-75,<=20,PA,PURCHASE,OWNER,SFR,CasaMortgage,2024
LN106446,2022-07,346500.0,4.834,360,780+,85-95,<=20,FL,PURCHASE,INVESTOR,CONDO,BetaLoan,2022
LN106447,2023-12,190000.0,6.332,360,740-779,>95,20-35,OH,PURCHASE,OWNER,SFR,AlphaServ,2023
LN106448,2022-02,233300.0,4.271,360,680-739,60-75,<=20,IL,CASHOUT_REFI,OWNER,SFR,DeltaHome,2022
LN106449,2021-12,263400.0,4.598,360,620-679,85-95,<=20,TX,CASHOUT_REFI,OWNER,SFR,BetaLoan,2021
LN106450,2024-04,219500.0,6.855,180,680-739,85-95,35-43,NY,CASHOUT_REFI,OWNER,SFR,BetaLoan,2024
LN106451,2024-04,126100.0,6.085,240,780+,75-85,35-43,TX,PURCHASE,OWNER,SFR,DeltaHome,2024
LN106452,2024-12,146400.0,7.125,360,620-679,75-85,20-35,CA,REFINANCE,OWNER,SFR,AlphaServ,2024
LN106453,2023-11,283100.0,6.35,360,740-779,60-75,20-35,WA,PURCHASE,OWNER,SFR,CasaMortgage,2023
LN106454,2023-02,383700.0,5.201,360,780+,60-75,35-43,WA,PURCHASE,INVESTOR,SFR,AlphaServ,2023
LN106455,2022-03,256300.0,3.87,360,780+,<=60,<=20,PA,PURCHASE,SECOND_HOME,SFR,EagleTrust,2022
LN106456,2022-07,885700.0,4.312,360,780+,85-95,35-43,TX,REFINANCE,OWNER,SFR,DeltaHome,2022
LN106457,2023-10,168700.0,6.582,180,680-739,60-75,20-35,CA,PURCHASE,OWNER,SFR,CasaMortgage,2023
LN106458,2022-09,311800.0,5.643,360,680-739,75-85,20-35,TX,PURCHASE,OWNER,SFR,BetaLoan,2022
LN106459,2023-03,456400.0,5.582,180,780+,85-95,20-35,AZ,PURCHASE,OWNER,SFR,DeltaHome,2023
LN106460,2022-02,412300.0,4.834,360,620-679,85-95,35-43,CA,PURCHASE,INVESTOR,SFR,CasaMortgage,2022
LN106461,2023-01,342800.0,6.328,360,620-679,60-75,20-35,TX,CASHOUT_REFI,INVESTOR,SFR,BetaLoan,2023
LN106462,2022-04,413200.0,4.139,240,780+,85-95,35-43,NC,PURCHASE,SECOND_HOME,SFR,AlphaServ,2022
LN106463,2021-11,261700.0,3.873,360,740-779,60-75,20-35,IL,REFINANCE,OWNER,SFR,DeltaHome,2021
LN106464,2021-12,539400.0,4.332,360,680-739,85-95,20-35,GA,PURCHASE,OWNER,SFR,CasaMortgage,2021
LN106465,2023-04,454700.0,6.681,360,620-679,<=60,>43,OH,PURCHASE,OWNER,TOWNHOUSE,BetaLoan,2023
LN106466,2022-10,173900.0,5.347,180,680-739,60-75,20-35,OH,PURCHASE,OWNER,MULTI_2_4,BetaLoan,2022
LN106467,2021-11,295000.0,3.554,360,780+,>95,20-35,AZ,CASHOUT_REFI,OWNER,SFR,CasaMortgage,2021
LN106468,2023-04,127200.0,6.015,180,740-779,60-75,35-43,TX,CASHOUT_REFI,OWNER,TOWNHOUSE,CasaMortgage,2023
LN106469,2022-01,506300.0,3.971,360,680-739,60-75,>43,CA,CASHOUT_REFI,OWNER,SFR,EagleTrust,2022
LN106470,2021-07,282400.0,3.822,360,680-739,60-75,35-43,NY,PURCHASE,OWNER,SFR,AlphaServ,2021
LN106471,2021-12,468300.0,3.799,360,780+,60-75,35-43,OH,REFINANCE,OWNER,SFR,CasaMortgage,2021
LN106472,2023-01,243000.0,5.491,360,780+,85-95,35-43,IL,CASHOUT_REFI,OWNER,SFR,BetaLoan,2023
LN106473,2024-11,110700.0,6.56,180,680-739,60-75,>43,OH,PURCHASE,OWNER,TOWNHOUSE,AlphaServ,2024
LN106474,2022-05,836400.0,4.365,360,740-779,<=60,>43,IL,PURCHASE,OWNER,TOWNHOUSE,DeltaHome,2022
LN106475,2022-06,270800.0,5.037,360,680-739,85-95,<=20,IL,PURCHASE,INVESTOR,TOWNHOUSE,BetaLoan,2022
LN106476,2022-05,162700.0,4.627,360,680-739,60-75,35-43,WA,CASHOUT_REFI,INVESTOR,SFR,BetaLoan,2022
LN106477,2022-09,427500.0,5.819,180,620-679,<=60,20-35,CA,PURCHASE,OWNER,CONDO,AlphaServ,2022
LN106478,2024-01,638000.0,6.491,360,680-739,<=60,20-35,WA,PURCHASE,OWNER,SFR,CasaMortgage,2024
LN106479,2022-08,233000.0,4.646,360,740-779,85-95,35-43,OH,REFINANCE,OWNER,SFR,BetaLoan,2022
LN106480,2023-10,244100.0,6.626,360,680-739,75-85,<=20,CA,PURCHASE,OWNER,SFR,BetaLoan,2023
LN106481,2024-08,284100.0,7.267,360,620-679,75-85,35-43,CA,PURCHASE,OWNER,SFR,CasaMortgage,2024
LN106482,2024-10,154800.0,6.876,360,620-679,75-85,20-35,OH,PURCHASE,OWNER,SFR,CasaMortgage,2024
LN106483,2023-06,187100.0,6.879,360,620-679,75-85,35-43,NC,REFINANCE,OWNER,SFR,EagleTrust,2023
LN106484,2023-12,569100.0,5.896,360,740-779,85-95,20-35,IL,PURCHASE,OWNER,SFR,BetaLoan,2023
LN106485,2024-09,240500.0,6.721,360,620-679,>95,<=20,NY,REFINANCE,OWNER,CONDO,EagleTrust,2024
LN106486,2024-04,175100.0,7.325,360,<620,75-85,20-35,TX,PURCHASE,OWNER,SFR,BetaLoan,2024
LN106487,2022-07,208300.0,4.491,360,780+,85-95,35-43,GA,PURCHASE,OWNER,TOWNHOUSE,AlphaServ,2022
LN106488,2021-12,413600.0,4.78,360,620-679,<=60,35-43,AZ,REFINANCE,SECOND_HOME,CONDO,CasaMortgage,2021
LN106489,2021-11,104900.0,3.51,360,780+,75-85,35-43,NY,REFINANCE,INVESTOR,SFR,BetaLoan,2021
LN106490,2024-08,286200.0,6.411,360,680-739,75-85,35-43,NC,REFINANCE,OWNER,SFR,DeltaHome,2024
LN106491,2023-06,773000.0,6.142,240,740-779,60-75,<=20,CA,PURCHASE,INVESTOR,SFR,BetaLoan,2023
LN106492,2022-07,636700.0,4.566,360,740-779,60-75,<=20,NY,CASHOUT_REFI,SECOND_HOME,SFR,AlphaServ,2022
LN106493,2022-09,330400.0,5.943,360,620-679,<=60,20-35,MI,REFINANCE,OWNER,MULTI_2_4,CasaMortgage,2022
LN106494,2022-06,461600.0,4.255,360,780+,60-75,20-35,PA,PURCHASE,OWNER,SFR,BetaLoan,2022
LN106495,2024-04,459600.0,6.505,360,740-779,85-95,20-35,OH,PURCHASE,OWNER,TOWNHOUSE,CasaMortgage,2024
LN106496,2023-08,241200.0,6.556,180,680-739,<=60,20-35,OH,PURCHASE,OWNER,CONDO,AlphaServ,2023
LN106497,2024-07,387000.0,6.303,360,740-779,75-85,20-35,CA,REFINANCE,OWNER,CONDO,BetaLoan,2024
LN106498,2022-07,570800.0,5.057,360,680-739,<=60,20-35,FL,PURCHASE,SECOND_HOME,SFR,BetaLoan,2022
LN106499,2023-02,144500.0,5.463,360,780+,75-85,35-43,GA,REFINANCE,OWNER,CONDO,BetaLoan,2023
LN106500,2021-12,330900.0,4.195,180,740-779,60-75,>43,MI,CASHOUT_REFI,OWNER,SFR,EagleTrust,2021
LN106501,2024-11,300300.0,7.025,360,<620,60-75,35-43,CA,REFINANCE,OWNER,TOWNHOUSE,BetaLoan,2024
LN106502,2023-04,267400.0,5.577,360,780+,75-85,20-35,WA,PURCHASE,OWNER,SFR,CasaMortgage,2023
LN106503,2023-06,256900.0,5.828,240,780+,60-75,20-35,WA,CASHOUT_REFI,OWNER,SFR,DeltaHome,2023
LN106504,2022-12,283300.0,5.618,360,740-779,60-75,<=20,TX,REFINANCE,SECOND_HOME,SFR,AlphaServ,2022
LN106505,2022-06,294200.0,5.183,360,620-679,75-85,20-35,CA,PURCHASE,OWNER,CONDO,EagleTrust,2022
LN106506,2024-10,422300.0,5.866,180,740-779,>95,20-35,FL,PURCHASE,OWNER,MULTI_2_4,BetaLoan,2024
LN106507,2023-03,316300.0,5.291,360,740-779,75-85,>43,WA,PURCHASE,INVESTOR,SFR,DeltaHome,2023
LN106508,2023-11,235600.0,6.536,180,680-739,75-85,20-35,NY,PURCHASE,INVESTOR,SFR,CasaMortgage,2023
LN106509,2021-08,174900.0,3.351,360,780+,75-85,20-35,FL,PURCHASE,OWNER,CONDO,DeltaHome,2021
LN106510,2022-06,206400.0,4.544,360,740-779,75-85,<=20,AZ,REFINANCE,OWNER,SFR,BetaLoan,2022
LN106511,2024-04,287100.0,6.067,360,740-779,75-85,20-35,CA,PURCHASE,OWNER,SFR,DeltaHome,2024
LN106512,2021-10,185800.0,3.809,360,740-779,75-85,>43,WA,REFINANCE,OWNER,MULTI_2_4,EagleTrust,2021
LN106513,2021-11,390700.0,4.58,360,680-739,75-85,20-35,PA,REFINANCE,OWNER,SFR,AlphaServ,2021
LN106514,2024-05,309800.0,6.327,360,780+,85-95,20-35,NY,CASHOUT_REFI,OWNER,TOWNHOUSE,CasaMortgage,2024
LN106515,2022-07,427000.0,4.715,360,740-779,75-85,<=20,MI,PURCHASE,INVESTOR,SFR,AlphaServ,2022
LN106516,2022-06,191500.0,4.836,360,680-739,<=60,20-35,MI,PURCHASE,OWNER,SFR,CasaMortgage,2022
LN106517,2023-06,175600.0,6.133,360,680-739,75-85,20-35,OH,CASHOUT_REFI,INVESTOR,SFR,EagleTrust,2023
LN106518,2022-03,425600.0,5.043,360,620-679,85-95,<=20,MI,CASHOUT_REFI,OWNER,SFR,CasaMortgage,2022
LN106519,2021-08,270600.0,3.723,180,740-779,85-95,35-43,IL,REFINANCE,OWNER,SFR,CasaMortgage,2021
LN106520,2021-07,233000.0,4.297,180,680-739,60-75,<=20,PA,PURCHASE,OWNER,SFR,DeltaHome,2021
LN106521,2021-10,349500.0,3.694,240,780+,75-85,<=20,MI,CASHOUT_REFI,OWNER,SFR,CasaMortgage,2021
LN106522,2022-01,343700.0,3.893,240,780+,>95,20-35,AZ,REFINANCE,OWNER,CONDO,AlphaServ,2022
LN106523,2023-12,145100.0,5.946,360,740-779,<=60,<=20,MI,PURCHASE,OWNER,SFR,CasaMortgage,2023
LN106524,2022-07,476000.0,5.314,360,620-679,75-85,35-43,AZ,REFINANCE,OWNER,SFR,EagleTrust,2022
LN106525,2021-10,212200.0,4.209,360,740-779,60-75,20-35,TX,PURCHASE,OWNER,SFR,CasaMortgage,2021
LN106526,2021-07,548500.0,4.677,180,<620,85-95,35-43,TX,PURCHASE,OWNER,SFR,AlphaServ,2021
LN106527,2023-03,140100.0,5.499,360,780+,60-75,20-35,NY,REFINANCE,OWNER,SFR,DeltaHome,2023
LN106528,2024-06,294400.0,6.554,180,680-739,85-95,20-35,TX,REFINANCE,OWNER,CONDO,EagleTrust,2024
LN106529,2022-09,234800.0,4.839,180,780+,60-75,20-35,AZ,CASHOUT_REFI,OWNER,CONDO,AlphaServ,2022
LN106530,2021-09,104900.0,4.195,360,680-739,<=60,35-43,TX,PURCHASE,OWNER,SFR,BetaLoan,2021
LN106531,2022-04,343200.0,4.547,240,680-739,<=60,20-35,NY,PURCHASE,OWNER,SFR,AlphaServ,2022
LN106532,2023-03,107400.0,5.698,360,780+,60-75,35-43,IL,REFINANCE,INVESTOR,SFR,EagleTrust,2023
LN106533,2022-02,223900.0,4.333,360,680-739,85-95,20-35,AZ,REFINANCE,SECOND_HOME,SFR,CasaMortgage,2022
LN106534,2024-12,419500.0,6.29,360,740-779,60-75,35-43,TX,CASHOUT_REFI,SECOND_HOME,CONDO,BetaLoan,2024
LN106535,2024-03,201100.0,5.809,180,780+,<=60,20-35,WA,PURCHASE,OWNER,SFR,AlphaServ,2024
LN106536,2022-09,170000.0,5.152,360,680-739,85-95,35-43,FL,PURCHASE,OWNER,SFR,CasaMortgage,2022
LN106537,2024-10,365900.0,6.265,360,680-739,60-75,20-35,TX,PURCHASE,OWNER,TOWNHOUSE,EagleTrust,2024
LN106538,2022-08,228100.0,5.199,360,680-739,75-85,>43,TX,PURCHASE,SECOND_HOME,SFR,BetaLoan,2022
LN106539,2021-12,212700.0,3.843,360,780+,<=60,35-43,AZ,REFINANCE,OWNER,SFR,EagleTrust,2021
LN106540,2024-10,453000.0,5.965,360,780+,>95,20-35,CA,PURCHASE,OWNER,SFR,CasaMortgage,2024
LN106541,2024-11,151000.0,6.961,360,620-679,75-85,35-43,CA,REFINANCE,OWNER,TOWNHOUSE,CasaMortgage,2024
LN106542,2022-08,207600.0,4.636,240,740-779,<=60,<=20,FL,REFINANCE,OWNER,SFR,AlphaServ,2022
LN106543,2023-07,377000.0,6.574,360,680-739,75-85,>43,OH,PURCHASE,OWNER,SFR,AlphaServ,2023
LN106544,2022-02,146600.0,4.304,360,740-779,60-75,20-35,FL,CASHOUT_REFI,OWNER,SFR,CasaMortgage,2022
LN106545,2023-09,567400.0,5.981,180,740-779,60-75,20-35,TX,PURCHASE,SECOND_HOME,CONDO,AlphaServ,2023
LN106546,2023-11,231500.0,5.803,180,780+,75-85,<=20,FL,PURCHASE,SECOND_HOME,SFR,CasaMortgage,2023
LN106547,2023-12,378300.0,6.454,360,680-739,75-85,35-43,NC,PURCHASE,OWNER,CONDO,BetaLoan,2023
LN106548,2023-06,378000.0,6.331,360,680-739,75-85,>43,NY,PURCHASE,OWNER,SFR,CasaMortgage,2023
LN106549,2023-12,238300.0,6.964,360,620-679,60-75,20-35,OH,CASHOUT_REFI,OWNER,SFR,CasaMortgage,2023
LN106550,2023-06,205800.0,6.498,360,620-679,85-95,20-35,WA,REFINANCE,SECOND_HOME,CONDO,AlphaServ,2023
LN106551,2024-05,250400.0,6.917,360,620-679,<=60,35-43,MI,PURCHASE,OWNER,SFR,DeltaHome,2024
LN106552,2022-02,351800.0,4.003,360,780+,85-95,20-35,PA,PURCHASE,OWNER,SFR,DeltaHome,2022
LN106553,2023-03,163800.0,5.968,360,680-739,60-75,>43,FL,PURCHASE,OWNER,SFR,AlphaServ,2023
LN106554,2022-12,148500.0,5.716,360,680-739,75-85,20-35,IL,PURCHASE,OWNER,TOWNHOUSE,BetaLoan,2022
LN106555,2023-05,497800.0,6.096,360,740-779,75-85,20-35,FL,PURCHASE,OWNER,SFR,AlphaServ,2023
LN106556,2021-12,183400.0,4.575,360,620-679,75-85,<=20,IL,PURCHASE,INVESTOR,CONDO,AlphaServ,2021
LN106557,2022-08,299300.0,5.712,360,620-679,85-95,>43,CA,REFINANCE,OWNER,SFR,AlphaServ,2022
LN106558,2024-11,233000.0,6.007,180,780+,75-85,20-35,IL,REFINANCE,OWNER,CONDO,DeltaHome,2024
LN106559,2021-11,237700.0,4.603,360,620-679,85-95,>43,IL,CASHOUT_REFI,OWNER,CONDO,CasaMortgage,2021
LN106560,2023-09,485900.0,6.209,360,680-739,>95,20-35,OH,PURCHASE,OWNER,MULTI_2_4,BetaLoan,2023
LN106561,2023-10,245700.0,6.331,360,740-779,>95,20-35,TX,PURCHASE,OWNER,SFR,AlphaServ,2023
LN106562,2023-02,217400.0,6.693,360,620-679,60-75,<=20,TX,REFINANCE,OWNER,SFR,AlphaServ,2023
LN106563,2021-08,226100.0,3.902,360,680-739,<=60,35-43,FL,CASHOUT_REFI,OWNER,TOWNHOUSE,AlphaServ,2021
LN106564,2021-08,203500.0,4.321,360,620-679,85-95,<=20,OH,PURCHASE,SECOND_HOME,SFR,BetaLoan,2021
LN106565,2022-06,188800.0,5.168,360,680-739,60-75,20-35,FL,PURCHASE,OWNER,SFR,DeltaHome,2022
LN106566,2021-11,203900.0,3.847,240,780+,85-95,35-43,NC,REFINANCE,OWNER,CONDO,AlphaServ,2021
LN106567,2021-10,539500.0,4.055,360,680-739,<=60,<=20,OH,PURCHASE,OWNER,SFR,AlphaServ,2021
LN106568,2022-01,351600.0,4.672,360,680-739,85-95,35-43,CA,REFINANCE,SECOND_HOME,CONDO,AlphaServ,2022
LN106569,2022-03,218500.0,4.465,360,680-739,<=60,35-43,TX,CASHOUT_REFI,OWNER,MULTI_2_4,DeltaHome,2022
LN106570,2024-06,397000.0,6.106,360,780+,85-95,20-35,GA,CASHOUT_REFI,OWNER,CONDO,AlphaServ,2024
LN106571,2023-09,125000.0,6.921,360,620-679,75-85,35-43,OH,PURCHASE,OWNER,CONDO,AlphaServ,2023
LN106572,2021-08,474000.0,3.73,360,780+,60-75,<=20,FL,REFINANCE,OWNER,CONDO,BetaLoan,2021
LN106573,2023-09,457200.0,6.54,360,680-739,75-85,20-35,TX,PURCHASE,OWNER,SFR,BetaLoan,2023
LN106574,2021-12,698300.0,4.169,360,780+,75-85,35-43,AZ,REFINANCE,OWNER,SFR,BetaLoan,2021
LN106575,2022-12,402400.0,5.954,360,680-739,85-95,<=20,NY,REFINANCE,OWNER,MULTI_2_4,DeltaHome,2022
LN106576,2021-08,310800.0,4.776,360,620-679,75-85,>43,TX,PURCHASE,OWNER,SFR,CasaMortgage,2021
LN106577,2021-10,456300.0,4.06,180,680-739,75-85,20-35,NC,PURCHASE,OWNER,SFR,AlphaServ,2021
LN106578,2021-12,192600.0,4.755,360,620-679,60-75,<=20,TX,REFINANCE,OWNER,SFR,BetaLoan,2021
LN106579,2023-01,213600.0,5.834,180,740-779,85-95,20-35,TX,PURCHASE,OWNER,SFR,DeltaHome,2023
LN106580,2023-02,248000.0,5.574,360,740-779,<=60,20-35,PA,PURCHASE,OWNER,SFR,AlphaServ,2023
LN106581,2022-09,472600.0,4.93,180,740-779,>95,>43,AZ,PURCHASE,OWNER,SFR,DeltaHome,2022
LN106582,2023-09,173700.0,7.027,360,620-679,75-85,35-43,IL,CASHOUT_REFI,OWNER,TOWNHOUSE,BetaLoan,2023
LN106583,2024-01,165600.0,6.357,360,740-779,85-95,20-35,GA,REFINANCE,OWNER,SFR,BetaLoan,2024
LN106584,2024-01,283900.0,6.969,360,620-679,85-95,>43,FL,REFINANCE,OWNER,CONDO,AlphaServ,2024
LN106585,2023-07,352500.0,5.911,360,780+,60-75,20-35,GA,PURCHASE,OWNER,TOWNHOUSE,BetaLoan,2023
LN106586,2023-05,186000.0,5.599,180,740-779,60-75,20-35,NC,PURCHASE,SECOND_HOME,MULTI_2_4,AlphaServ,2023
LN106587,2023-03,345100.0,5.69,180,740-779,60-75,35-43,NC,CASHOUT_REFI,OWNER,SFR,CasaMortgage,2023
LN106588,2022-04,472500.0,4.0,360,780+,60-75,20-35,CA,PURCHASE,OWNER,SFR,AlphaServ,2022
LN106589,2023-03,438100.0,6.039,240,740-779,<=60,20-35,CA,REFINANCE,OWNER,CONDO,DeltaHome,2023
LN106590,2021-07,299200.0,4.028,180,680-739,85-95,35-43,NC,PURCHASE,OWNER,TOWNHOUSE,AlphaServ,2021
LN106591,2024-11,245100.0,6.938,360,620-679,75-85,20-35,OH,PURCHASE,INVESTOR,SFR,BetaLoan,2024
LN106592,2022-10,557400.0,5.337,360,740-779,75-85,20-35,WA,PURCHASE,OWNER,SFR,CasaMortgage,2022
LN106593,2024-02,257000.0,7.267,180,620-679,75-85,35-43,CA,REFINANCE,OWNER,SFR,DeltaHome,2024
LN106594,2024-11,389700.0,7.471,360,<620,<=60,20-35,WA,REFINANCE,OWNER,SFR,AlphaServ,2024
LN106595,2023-03,616100.0,5.597,240,740-779,75-85,35-43,CA,REFINANCE,OWNER,CONDO,EagleTrust,2023
LN106596,2024-07,371700.0,7.396,360,<620,60-75,35-43,CA,PURCHASE,INVESTOR,TOWNHOUSE,EagleTrust,2024
LN106597,2023-03,163000.0,5.803,180,740-779,85-95,20-35,AZ,CASHOUT_REFI,OWNER,SFR,BetaLoan,2023
LN106598,2021-12,146200.0,4.755,360,620-679,85-95,20-35,IL,REFINANCE,OWNER,MULTI_2_4,BetaLoan,2021
LN106599,2021-08,223300.0,3.948,360,680-739,60-75,35-43,FL,REFINANCE,OWNER,CONDO,BetaLoan,2021
LN106600,2021-12,351300.0,3.426,360,780+,85-95,20-35,OH,PURCHASE,INVESTOR,SFR,BetaLoan,2021
LN106601,2024-10,311800.0,7.156,180,<620,75-85,20-35,FL,REFINANCE,OWNER,SFR,DeltaHome,2024
LN106602,2023-02,689100.0,5.432,360,740-779,<=60,<=20,WA,REFINANCE,OWNER,SFR,BetaLoan,2023
LN106603,2022-08,310400.0,4.821,360,740-779,<=60,20-35,MI,PURCHASE,OWNER,SFR,DeltaHome,2022
LN106604,2023-01,220300.0,5.274,360,780+,60-75,20-35,GA,PURCHASE,OWNER,SFR,BetaLoan,2023
LN106605,2022-05,153300.0,4.869,360,620-679,85-95,35-43,FL,REFINANCE,OWNER,TOWNHOUSE,CasaMortgage,2022
LN106606,2024-07,434200.0,6.251,360,740-779,85-95,20-35,CA,REFINANCE,OWNER,SFR,CasaMortgage,2024
LN106607,2024-12,254600.0,6.795,360,680-739,75-85,20-35,MI,PURCHASE,INVESTOR,TOWNHOUSE,BetaLoan,2024
LN106608,2021-10,129600.0,4.243,360,680-739,<=60,>43,CA,CASHOUT_REFI,OWNER,SFR,EagleTrust,2021
LN106609,2024-01,257800.0,7.333,360,620-679,60-75,20-35,CA,CASHOUT_REFI,OWNER,SFR,BetaLoan,2024
LN106610,2022-09,163100.0,5.301,360,680-739,75-85,<=20,OH,REFINANCE,OWNER,CONDO,BetaLoan,2022
LN106611,2021-08,210800.0,4.089,360,680-739,60-75,>43,MI,PURCHASE,OWNER,MULTI_2_4,AlphaServ,2021
LN106612,2024-09,256000.0,7.519,360,<620,75-85,20-35,NY,PURCHASE,OWNER,SFR,DeltaHome,2024
LN106613,2021-09,169800.0,4.461,360,680-739,<=60,20-35,OH,CASHOUT_REFI,SECOND_HOME,SFR,CasaMortgage,2021
LN106614,2022-03,205000.0,4.531,360,740-779,<=60,35-43,WA,PURCHASE,OWNER,SFR,AlphaServ,2022
LN106615,2021-08,182600.0,4.23,240,680-739,75-85,20-35,FL,PURCHASE,OWNER,TOWNHOUSE,BetaLoan,2021
LN106616,2023-02,184800.0,6.423,360,620-679,60-75,20-35,CA,PURCHASE,OWNER,SFR,BetaLoan,2023
LN106617,2023-08,162200.0,6.261,360,680-739,85-95,35-43,TX,PURCHASE,SECOND_HOME,SFR,DeltaHome,2023
LN106618,2022-08,205400.0,4.919,360,680-739,85-95,20-35,NY,REFINANCE,OWNER,SFR,DeltaHome,2022
LN106619,2021-10,170700.0,3.799,360,740-779,75-85,>43,MI,CASHOUT_REFI,OWNER,SFR,BetaLoan,2021
LN106620,2021-11,332400.0,4.009,360,780+,>95,20-35,NY,PURCHASE,OWNER,SFR,DeltaHome,2021
LN106621,2024-10,279400.0,6.869,360,680-739,75-85,35-43,OH,REFINANCE,INVESTOR,SFR,CasaMortgage,2024
LN106622,2024-04,437000.0,6.313,180,680-739,85-95,20-35,OH,REFINANCE,OWNER,TOWNHOUSE,AlphaServ,2024
LN106623,2024-10,596600.0,7.691,360,<620,75-85,20-35,IL,REFINANCE,OWNER,SFR,AlphaServ,2024
LN106624,2023-05,346200.0,6.056,180,780+,85-95,20-35,CA,PURCHASE,OWNER,SFR,BetaLoan,2023
LN106625,2023-05,312500.0,6.452,240,680-739,75-85,20-35,CA,REFINANCE,OWNER,CONDO,AlphaServ,2023
LN106626,2024-04,356200.0,6.921,360,620-679,75-85,<=20,TX,REFINANCE,OWNER,SFR,DeltaHome,2024
LN106627,2023-08,314900.0,6.963,360,620-679,60-75,35-43,TX,PURCHASE,OWNER,SFR,AlphaServ,2023
LN106628,2023-01,261100.0,5.953,360,620-679,75-85,35-43,TX,CASHOUT_REFI,OWNER,TOWNHOUSE,AlphaServ,2023
LN106629,2022-07,251900.0,4.471,360,740-779,60-75,<=20,TX,PURCHASE,OWNER,SFR,DeltaHome,2022
LN106630,2023-03,161200.0,6.901,360,620-679,>95,35-43,GA,REFINANCE,OWNER,SFR,AlphaServ,2023
LN106631,2021-09,372300.0,4.051,360,680-739,75-85,20-35,NY,REFINANCE,OWNER,SFR,AlphaServ,2021
LN106632,2022-03,251700.0,4.743,360,620-679,60-75,20-35,TX,REFINANCE,OWNER,SFR,CasaMortgage,2022
LN106633,2024-01,490100.0,6.009,360,780+,75-85,20-35,TX,PURCHASE,OWNER,SFR,AlphaServ,2024
LN106634,2024-07,385300.0,6.631,360,740-779,85-95,35-43,CA,REFINANCE,OWNER,MULTI_2_4,BetaLoan,2024
LN106635,2021-11,192600.0,3.944,240,780+,85-95,20-35,NC,PURCHASE,OWNER,SFR,BetaLoan,2021
LN106636,2021-11,447300.0,3.615,360,780+,75-85,<=20,IL,PURCHASE,OWNER,SFR,EagleTrust,2021
LN106637,2021-10,80600.0,3.668,240,780+,<=60,20-35,GA,PURCHASE,OWNER,SFR,AlphaServ,2021
LN106638,2024-04,608400.0,6.693,360,680-739,85-95,20-35,FL,REFINANCE,OWNER,TOWNHOUSE,AlphaServ,2024
LN106639,2022-08,139800.0,5.683,360,620-679,>95,20-35,CA,REFINANCE,OWNER,CONDO,DeltaHome,2022
LN106640,2022-08,319000.0,5.254,360,680-739,85-95,<=20,PA,PURCHASE,OWNER,SFR,BetaLoan,2022
LN106641,2021-07,309400.0,3.892,360,680-739,85-95,20-35,CA,PURCHASE,SECOND_HOME,SFR,CasaMortgage,2021
LN106642,2024-11,423200.0,6.184,360,740-779,<=60,<=20,FL,CASHOUT_REFI,OWNER,SFR,AlphaServ,2024
LN106643,2023-01,220200.0,6.534,360,<620,>95,20-35,OH,PURCHASE,OWNER,SFR,EagleTrust,2023
LN106644,2024-04,97200.0,7.177,360,620-679,<=60,20-35,GA,PURCHASE,OWNER,SFR,CasaMortgage,2024
LN106645,2023-12,220300.0,6.239,360,740-779,60-75,>43,IL,CASHOUT_REFI,OWNER,CONDO,CasaMortgage,2023
LN106646,2021-12,231300.0,4.76,360,620-679,75-85,<=20,MI,PURCHASE,OWNER,TOWNHOUSE,CasaMortgage,2021
LN106647,2024-04,101500.0,7.386,360,<620,75-85,<=20,IL,PURCHASE,OWNER,TOWNHOUSE,BetaLoan,2024
LN106648,2023-06,260500.0,6.818,360,620-679,85-95,20-35,PA,PURCHASE,OWNER,SFR,BetaLoan,2023
LN106649,2023-08,157300.0,6.24,360,740-779,75-85,35-43,TX,REFINANCE,OWNER,SFR,BetaLoan,2023
LN106650,2022-03,341800.0,4.694,360,620-679,<=60,35-43,IL,REFINANCE,OWNER,SFR,DeltaHome,2022
LN106651,2024-06,228500.0,7.147,180,620-679,75-85,20-35,CA,PURCHASE,OWNER,SFR,AlphaServ,2024
LN106652,2024-10,616900.0,6.743,360,620-679,85-95,<=20,OH,REFINANCE,OWNER,SFR,AlphaServ,2024
LN106653,2022-12,227500.0,5.288,180,740-779,85-95,>43,NY,PURCHASE,OWNER,SFR,DeltaHome,2022
LN106654,2021-10,309800.0,4.748,360,620-679,60-75,20-35,NC,PURCHASE,OWNER,SFR,AlphaServ,2021
LN106655,2024-06,231900.0,7.388,180,<620,60-75,35-43,MI,REFINANCE,OWNER,SFR,EagleTrust,2024
LN106656,2024-08,122900.0,6.108,360,780+,<=60,20-35,NY,CASHOUT_REFI,INVESTOR,SFR,CasaMortgage,2024
LN106657,2023-04,232800.0,5.631,360,780+,85-95,35-43,GA,REFINANCE,OWNER,CONDO,AlphaServ,2023
LN106658,2023-07,358300.0,6.507,360,620-679,75-85,35-43,NC,REFINANCE,OWNER,SFR,AlphaServ,2023
LN106659,2022-04,334700.0,4.911,360,680-739,75-85,<=20,PA,REFINANCE,OWNER,SFR,AlphaServ,2022
LN106660,2021-09,223700.0,4.793,360,620-679,60-75,<=20,CA,PURCHASE,SECOND_HOME,SFR,AlphaServ,2021
LN106661,2024-10,132500.0,6.335,360,740-779,85-95,<=20,OH,REFINANCE,SECOND_HOME,TOWNHOUSE,BetaLoan,2024
LN106662,2023-03,341100.0,6.4,360,620-679,85-95,35-43,AZ,REFINANCE,OWNER,SFR,DeltaHome,2023
LN106663,2022-06,308300.0,4.413,360,780+,75-85,20-35,FL,REFINANCE,OWNER,SFR,AlphaServ,2022
LN106664,2023-12,373100.0,6.298,360,780+,<=60,20-35,GA,REFINANCE,OWNER,CONDO,AlphaServ,2023
LN106665,2021-08,225600.0,3.704,360,740-779,75-85,20-35,FL,PURCHASE,SECOND_HOME,SFR,AlphaServ,2021
LN106666,2021-10,119600.0,5.007,360,<620,85-95,35-43,PA,REFINANCE,OWNER,SFR,AlphaServ,2021
LN106667,2022-05,324500.0,4.232,360,780+,75-85,20-35,MI,REFINANCE,OWNER,TOWNHOUSE,AlphaServ,2022
LN106668,2023-01,254200.0,5.143,360,740-779,85-95,20-35,WA,PURCHASE,OWNER,SFR,BetaLoan,2023
LN106669,2022-10,477500.0,5.27,360,740-779,60-75,20-35,NC,PURCHASE,INVESTOR,SFR,CasaMortgage,2022
LN106670,2022-02,258600.0,5.394,360,<620,60-75,<=20,IL,PURCHASE,OWNER,SFR,AlphaServ,2022
LN106671,2022-09,250100.0,5.154,360,740-779,<=60,<=20,OH,PURCHASE,OWNER,SFR,AlphaServ,2022
LN106672,2022-09,308000.0,4.92,360,740-779,60-75,>43,MI,REFINANCE,SECOND_HOME,SFR,AlphaServ,2022
LN106673,2023-05,195100.0,5.472,360,780+,60-75,>43,NC,PURCHASE,OWNER,TOWNHOUSE,EagleTrust,2023
LN106674,2023-06,190900.0,6.03,360,740-779,75-85,35-43,CA,REFINANCE,OWNER,SFR,CasaMortgage,2023
LN106675,2024-08,244200.0,6.38,240,680-739,75-85,20-35,FL,CASHOUT_REFI,INVESTOR,SFR,AlphaServ,2024
LN106676,2024-04,168700.0,6.711,360,680-739,85-95,<=20,NC,PURCHASE,OWNER,SFR,AlphaServ,2024
LN106677,2022-07,230200.0,4.847,360,740-779,75-85,20-35,CA,REFINANCE,OWNER,SFR,AlphaServ,2022
LN106678,2024-08,611000.0,6.474,360,780+,60-75,<=20,GA,PURCHASE,OWNER,SFR,CasaMortgage,2024
LN106679,2023-04,408100.0,6.103,360,740-779,<=60,>43,PA,PURCHASE,OWNER,SFR,EagleTrust,2023
LN106680,2022-02,293200.0,4.909,360,620-679,60-75,35-43,FL,REFINANCE,OWNER,CONDO,AlphaServ,2022
LN106681,2022-09,513100.0,6.16,360,<620,85-95,>43,TX,PURCHASE,OWNER,SFR,DeltaHome,2022
LN106682,2024-02,176100.0,6.752,360,680-739,75-85,35-43,PA,REFINANCE,OWNER,SFR,DeltaHome,2024
LN106683,2024-05,782900.0,6.365,360,740-779,75-85,20-35,IL,REFINANCE,INVESTOR,SFR,CasaMortgage,2024
LN106684,2022-10,207500.0,6.261,360,<620,85-95,20-35,PA,PURCHASE,SECOND_HOME,TOWNHOUSE,BetaLoan,2022
LN106685,2022-01,628900.0,4.005,360,680-739,60-75,35-43,CA,PURCHASE,OWNER,CONDO,EagleTrust,2022
LN106686,2022-03,627600.0,4.468,240,780+,75-85,20-35,TX,CASHOUT_REFI,OWNER,SFR,CasaMortgage,2022
LN106687,2021-11,116000.0,4.432,180,680-739,60-75,35-43,CA,CASHOUT_REFI,OWNER,SFR,BetaLoan,2021
LN106688,2023-12,494000.0,7.076,360,620-679,60-75,20-35,NY,PURCHASE,OWNER,SFR,CasaMortgage,2023
LN106689,2023-04,224600.0,6.161,360,680-739,60-75,20-35,AZ,CASHOUT_REFI,OWNER,SFR,DeltaHome,2023
LN106690,2023-01,197700.0,6.179,360,680-739,85-95,20-35,GA,CASHOUT_REFI,OWNER,CONDO,AlphaServ,2023
LN106691,2023-11,323200.0,7.095,360,620-679,85-95,20-35,CA,PURCHASE,OWNER,SFR,DeltaHome,2023
LN106692,2024-05,162200.0,6.36,360,680-739,60-75,20-35,CA,PURCHASE,OWNER,SFR,DeltaHome,2024
LN106693,2024-04,319900.0,6.563,360,680-739,75-85,<=20,NC,PURCHASE,OWNER,SFR,BetaLoan,2024
LN106694,2021-12,167100.0,4.139,360,740-779,85-95,20-35,CA,PURCHASE,OWNER,SFR,AlphaServ,2021
LN106695,2023-07,276400.0,6.286,360,740-779,85-95,20-35,TX,PURCHASE,OWNER,SFR,DeltaHome,2023
LN106696,2024-08,465500.0,7.437,180,<620,85-95,<=20,NC,PURCHASE,OWNER,CONDO,DeltaHome,2024
LN106697,2024-03,303700.0,7.278,360,620-679,75-85,35-43,TX,REFINANCE,INVESTOR,TOWNHOUSE,CasaMortgage,2024
LN106698,2022-08,217100.0,5.327,360,620-679,60-75,20-35,IL,PURCHASE,OWNER,SFR,CasaMortgage,2022
LN106699,2022-11,325700.0,5.935,240,620-679,85-95,35-43,NY,PURCHASE,OWNER,CONDO,DeltaHome,2022
LN106700,2024-08,135500.0,6.25,360,740-779,<=60,<=20,FL,CASHOUT_REFI,OWNER,TOWNHOUSE,AlphaServ,2024
LN106701,2021-08,175000.0,4.67,360,620-679,75-85,35-43,TX,REFINANCE,OWNER,SFR,AlphaServ,2021
LN106702,2023-05,210300.0,6.168,360,740-779,<=60,20-35,NY,REFINANCE,OWNER,CONDO,DeltaHome,2023
LN106703,2021-11,363700.0,4.87,360,620-679,75-85,35-43,TX,PURCHASE,OWNER,CONDO,AlphaServ,2021
LN106704,2024-08,306400.0,7.239,360,<620,75-85,20-35,WA,REFINANCE,OWNER,CONDO,BetaLoan,2024
LN106705,2021-08,324800.0,4.525,360,620-679,<=60,20-35,FL,PURCHASE,OWNER,SFR,DeltaHome,2021
LN106706,2021-07,252100.0,3.79,240,680-739,75-85,35-43,NC,PURCHASE,OWNER,SFR,BetaLoan,2021
LN106707,2022-08,179000.0,4.873,360,740-779,60-75,20-35,FL,REFINANCE,OWNER,SFR,BetaLoan,2022
LN106708,2022-03,498600.0,4.554,360,740-779,85-95,20-35,TX,PURCHASE,OWNER,CONDO,AlphaServ,2022
LN106709,2023-03,186500.0,6.821,360,620-679,>95,20-35,IL,PURCHASE,OWNER,CONDO,AlphaServ,2023
LN106710,2022-07,308200.0,4.816,360,740-779,60-75,35-43,NC,REFINANCE,OWNER,SFR,CasaMortgage,2022
LN106711,2022-09,242700.0,5.058,180,740-779,<=60,35-43,CA,PURCHASE,OWNER,CONDO,EagleTrust,2022
LN106712,2023-06,328800.0,6.274,360,680-739,85-95,>43,TX,PURCHASE,OWNER,SFR,AlphaServ,2023
LN106713,2023-06,194400.0,7.202,360,<620,85-95,<=20,MI,PURCHASE,OWNER,SFR,EagleTrust,2023
LN106714,2024-10,409900.0,7.215,360,620-679,85-95,<=20,FL,CASHOUT_REFI,SECOND_HOME,SFR,AlphaServ,2024
LN106715,2023-03,474600.0,6.3,360,620-679,60-75,20-35,PA,CASHOUT_REFI,INVESTOR,SFR,DeltaHome,2023
LN106716,2023-06,398800.0,5.757,240,780+,<=60,35-43,CA,PURCHASE,INVESTOR,SFR,DeltaHome,2023
LN106717,2023-11,274000.0,6.537,360,680-739,>95,<=20,PA,PURCHASE,OWNER,SFR,AlphaServ,2023
LN106718,2022-02,209900.0,4.331,360,680-739,75-85,20-35,GA,PURCHASE,OWNER,SFR,BetaLoan,2022
LN106719,2023-11,908900.0,6.324,360,740-779,60-75,>43,TX,REFINANCE,OWNER,SFR,AlphaServ,2023
LN106720,2024-07,163400.0,7.278,360,620-679,85-95,20-35,CA,PURCHASE,OWNER,TOWNHOUSE,EagleTrust,2024
LN106721,2022-08,379500.0,4.977,360,740-779,85-95,20-35,AZ,CASHOUT_REFI,OWNER,SFR,AlphaServ,2022
LN106722,2022-02,296500.0,5.231,360,<620,<=60,20-35,FL,PURCHASE,OWNER,TOWNHOUSE,BetaLoan,2022
LN106723,2022-09,248200.0,5.167,360,680-739,>95,<=20,TX,PURCHASE,OWNER,CONDO,BetaLoan,2022
LN106724,2022-06,277400.0,5.065,360,620-679,75-85,20-35,TX,PURCHASE,OWNER,TOWNHOUSE,BetaLoan,2022
LN106725,2023-07,202900.0,6.744,360,620-679,60-75,<=20,FL,PURCHASE,INVESTOR,CONDO,CasaMortgage,2023
LN106726,2024-07,309300.0,6.846,360,620-679,<=60,20-35,IL,PURCHASE,OWNER,SFR,BetaLoan,2024
LN106727,2023-08,294400.0,6.16,360,740-779,75-85,20-35,IL,PURCHASE,INVESTOR,SFR,DeltaHome,2023
LN106728,2021-12,851700.0,3.872,360,740-779,75-85,20-35,PA,CASHOUT_REFI,OWNER,SFR,AlphaServ,2021
LN106729,2022-08,413300.0,4.608,240,740-779,<=60,20-35,TX,REFINANCE,OWNER,SFR,DeltaHome,2022
LN106730,2023-11,321900.0,7.08,240,<620,75-85,>43,MI,REFINANCE,OWNER,SFR,CasaMortgage,2023
LN106731,2022-08,330700.0,4.773,360,780+,75-85,20-35,AZ,PURCHASE,OWNER,CONDO,EagleTrust,2022
LN106732,2023-07,584100.0,7.012,360,<620,75-85,20-35,CA,PURCHASE,OWNER,SFR,DeltaHome,2023
LN106733,2023-12,164900.0,6.143,360,780+,>95,35-43,MI,CASHOUT_REFI,OWNER,SFR,DeltaHome,2023
LN106734,2022-08,235100.0,4.743,360,740-779,60-75,35-43,TX,PURCHASE,OWNER,SFR,BetaLoan,2022
LN106735,2023-10,108200.0,6.245,360,740-779,85-95,20-35,NY,REFINANCE,INVESTOR,CONDO,AlphaServ,2023
LN106736,2022-11,328200.0,5.567,360,680-739,60-75,20-35,CA,CASHOUT_REFI,OWNER,SFR,EagleTrust,2022
LN106737,2021-12,373900.0,4.024,360,740-779,60-75,35-43,FL,REFINANCE,OWNER,SFR,AlphaServ,2021
LN106738,2022-10,163100.0,5.311,360,740-779,60-75,35-43,CA,PURCHASE,OWNER,CONDO,AlphaServ,2022
LN106739,2023-01,486900.0,6.103,180,620-679,>95,20-35,TX,PURCHASE,INVESTOR,SFR,DeltaHome,2023
LN106740,2021-07,184700.0,4.028,360,740-779,<=60,20-35,CA,PURCHASE,OWNER,SFR,DeltaHome,2021
LN106741,2024-08,218800.0,7.621,360,<620,60-75,<=20,WA,PURCHASE,OWNER,SFR,EagleTrust,2024
LN106742,2023-05,269400.0,6.166,360,680-739,60-75,<=20,AZ,REFINANCE,OWNER,SFR,CasaMortgage,2023
LN106743,2021-08,523000.0,3.752,360,740-779,75-85,<=20,GA,CASHOUT_REFI,OWNER,SFR,DeltaHome,2021
LN106744,2024-07,173500.0,6.315,360,740-779,60-75,20-35,FL,REFINANCE,OWNER,CONDO,AlphaServ,2024
LN106745,2024-06,291000.0,6.524,240,680-739,<=60,>43,WA,PURCHASE,OWNER,SFR,CasaMortgage,2024
LN106746,2021-07,361700.0,4.147,360,620-679,75-85,35-43,WA,PURCHASE,OWNER,MULTI_2_4,EagleTrust,2021
LN106747,2022-01,329700.0,4.193,360,680-739,85-95,<=20,MI,PURCHASE,OWNER,SFR,EagleTrust,2022
LN106748,2022-10,335200.0,5.662,360,620-679,85-95,<=20,NC,CASHOUT_REFI,OWNER,SFR,DeltaHome,2022
LN106749,2023-04,359600.0,6.108,240,680-739,>95,20-35,FL,PURCHASE,OWNER,SFR,CasaMortgage,2023
LN106750,2024-01,198900.0,6.353,360,680-739,60-75,20-35,AZ,PURCHASE,OWNER,SFR,BetaLoan,2024
LN106751,2022-12,545500.0,5.556,360,740-779,<=60,35-43,IL,CASHOUT_REFI,OWNER,SFR,AlphaServ,2022
LN106752,2023-08,242800.0,6.838,360,620-679,<=60,>43,GA,CASHOUT_REFI,OWNER,SFR,AlphaServ,2023
LN106753,2021-07,228700.0,4.385,360,620-679,85-95,20-35,TX,PURCHASE,INVESTOR,SFR,AlphaServ,2021
LN106754,2023-10,468100.0,6.35,360,680-739,85-95,<=20,CA,CASHOUT_REFI,SECOND_HOME,CONDO,AlphaServ,2023
LN106755,2024-09,192200.0,7.471,360,<620,75-85,>43,WA,PURCHASE,OWNER,CONDO,CasaMortgage,2024
LN106756,2023-05,294800.0,6.796,360,620-679,75-85,20-35,GA,REFINANCE,OWNER,SFR,AlphaServ,2023
LN106757,2023-02,184400.0,5.607,360,680-739,75-85,20-35,NC,PURCHASE,OWNER,CONDO,AlphaServ,2023
LN106758,2022-07,793100.0,4.753,240,680-739,75-85,35-43,CA,PURCHASE,OWNER,CONDO,BetaLoan,2022
LN106759,2024-11,721400.0,6.737,360,620-679,60-75,20-35,NY,REFINANCE,OWNER,SFR,CasaMortgage,2024
LN106760,2021-08,242900.0,3.557,360,740-779,75-85,20-35,FL,PURCHASE,INVESTOR,SFR,DeltaHome,2021
LN106761,2022-07,322500.0,4.262,360,780+,60-75,35-43,PA,CASHOUT_REFI,OWNER,SFR,BetaLoan,2022
LN106762,2021-12,255800.0,4.298,360,680-739,<=60,20-35,IL,PURCHASE,SECOND_HOME,CONDO,BetaLoan,2021
LN106763,2024-07,218200.0,6.987,180,620-679,60-75,<=20,NY,PURCHASE,OWNER,SFR,BetaLoan,2024
LN106764,2023-03,269400.0,6.882,240,<620,>95,20-35,CA,REFINANCE,INVESTOR,CONDO,CasaMortgage,2023
LN106765,2024-09,250600.0,7.503,360,<620,>95,<=20,NY,REFINANCE,OWNER,SFR,BetaLoan,2024
LN106766,2023-10,128800.0,6.183,360,740-779,85-95,35-43,FL,PURCHASE,OWNER,SFR,CasaMortgage,2023
LN106767,2023-06,287300.0,5.862,360,740-779,85-95,>43,MI,REFINANCE,OWNER,TOWNHOUSE,BetaLoan,2023
LN106768,2023-04,250400.0,6.966,360,<620,<=60,>43,PA,PURCHASE,INVESTOR,CONDO,AlphaServ,2023
LN106769,2022-03,293800.0,4.986,360,620-679,<=60,<=20,FL,PURCHASE,INVESTOR,SFR,DeltaHome,2022
LN106770,2023-06,246500.0,6.08,360,680-739,<=60,>43,NY,PURCHASE,INVESTOR,SFR,AlphaServ,2023
LN106771,2023-11,217000.0,6.581,360,680-739,<=60,<=20,WA,PURCHASE,OWNER,SFR,DeltaHome,2023
LN106772,2024-11,378400.0,5.445,360,780+,85-95,20-35,FL,PURCHASE,OWNER,SFR,CasaMortgage,2024
LN106773,2023-06,324500.0,6.693,360,620-679,<=60,<=20,GA,REFINANCE,OWNER,SFR,DeltaHome,2023
LN106774,2024-10,478400.0,7.504,360,<620,>95,35-43,CA,PURCHASE,OWNER,SFR,AlphaServ,2024
LN106775,2024-10,318900.0,6.773,180,620-679,75-85,20-35,NY,PURCHASE,OWNER,TOWNHOUSE,AlphaServ,2024
LN106776,2023-04,233500.0,6.736,360,620-679,60-75,35-43,TX,PURCHASE,OWNER,CONDO,BetaLoan,2023
LN106777,2023-01,336900.0,6.437,180,620-679,85-95,35-43,TX,REFINANCE,OWNER,SFR,DeltaHome,2023
LN106778,2021-12,104700.0,4.335,360,680-739,85-95,20-35,TX,REFINANCE,OWNER,TOWNHOUSE,AlphaServ,2021
LN106779,2022-06,657800.0,5.183,360,680-739,75-85,35-43,IL,REFINANCE,OWNER,SFR,CasaMortgage,2022
LN106780,2024-07,288800.0,7.35,360,<620,<=60,20-35,FL,REFINANCE,OWNER,CONDO,DeltaHome,2024
LN106781,2021-12,682200.0,4.156,360,740-779,75-85,<=20,PA,PURCHASE,SECOND_HOME,SFR,AlphaServ,2021
LN106782,2022-11,172600.0,5.83,240,680-739,75-85,20-35,NY,PURCHASE,INVESTOR,SFR,AlphaServ,2022
LN106783,2023-12,154400.0,7.248,360,<620,85-95,35-43,CA,REFINANCE,OWNER,SFR,BetaLoan,2023
LN106784,2022-05,300900.0,4.282,240,780+,60-75,<=20,NY,PURCHASE,OWNER,SFR,AlphaServ,2022
LN106785,2024-11,300500.0,6.657,360,620-679,85-95,35-43,CA,REFINANCE,INVESTOR,MULTI_2_4,AlphaServ,2024
LN106786,2023-10,297200.0,6.148,360,780+,60-75,20-35,CA,REFINANCE,OWNER,MULTI_2_4,AlphaServ,2023
LN106787,2021-08,277500.0,3.894,360,780+,>95,35-43,CA,PURCHASE,OWNER,SFR,BetaLoan,2021
LN106788,2022-05,192400.0,4.669,360,680-739,<=60,<=20,MI,CASHOUT_REFI,OWNER,MULTI_2_4,BetaLoan,2022
LN106789,2024-02,130800.0,6.981,360,620-679,85-95,20-35,NY,CASHOUT_REFI,OWNER,MULTI_2_4,EagleTrust,2024
LN106790,2024-07,289900.0,6.202,240,740-779,<=60,20-35,CA,PURCHASE,SECOND_HOME,SFR,BetaLoan,2024
LN106791,2024-09,143300.0,7.416,360,620-679,85-95,20-35,IL,REFINANCE,OWNER,SFR,CasaMortgage,2024
LN106792,2024-06,137400.0,6.838,360,620-679,85-95,20-35,TX,CASHOUT_REFI,OWNER,SFR,BetaLoan,2024
LN106793,2021-10,215100.0,4.015,360,680-739,60-75,20-35,NC,REFINANCE,OWNER,SFR,AlphaServ,2021
LN106794,2024-01,309800.0,6.673,360,680-739,<=60,20-35,WA,CASHOUT_REFI,OWNER,SFR,BetaLoan,2024
LN106795,2021-11,624400.0,3.718,360,780+,>95,<=20,TX,PURCHASE,OWNER,SFR,BetaLoan,2021
LN106796,2021-10,396600.0,4.331,240,740-779,>95,<=20,TX,CASHOUT_REFI,OWNER,CONDO,EagleTrust,2021
LN106797,2023-12,486500.0,6.411,360,780+,85-95,>43,NC,REFINANCE,OWNER,SFR,DeltaHome,2023
LN106798,2023-03,342500.0,5.861,360,740-779,75-85,<=20,GA,PURCHASE,OWNER,SFR,AlphaServ,2023
LN106799,2023-10,301100.0,6.366,360,740-779,<=60,20-35,PA,PURCHASE,OWNER,SFR,AlphaServ,2023
LN106800,2024-06,788300.0,6.733,180,680-739,75-85,20-35,GA,REFINANCE,INVESTOR,TOWNHOUSE,CasaMortgage,2024
LN106801,2021-09,140700.0,3.821,360,780+,85-95,35-43,TX,PURCHASE,OWNER,SFR,CasaMortgage,2021
LN106802,2023-05,211900.0,5.821,360,780+,60-75,20-35,PA,PURCHASE,OWNER,SFR,BetaLoan,2023
LN106803,2024-06,219500.0,6.12,180,740-779,<=60,20-35,TX,PURCHASE,OWNER,SFR,CasaMortgage,2024
LN106804,2023-01,381600.0,5.383,240,740-779,>95,>43,CA,PURCHASE,SECOND_HOME,CONDO,CasaMortgage,2023
LN106805,2023-04,164300.0,6.019,360,740-779,85-95,>43,WA,PURCHASE,INVESTOR,SFR,CasaMortgage,2023
LN106806,2023-03,359900.0,6.36,360,620-679,85-95,<=20,OH,PURCHASE,OWNER,SFR,AlphaServ,2023
LN106807,2024-09,331300.0,6.509,360,740-779,>95,35-43,FL,PURCHASE,OWNER,SFR,AlphaServ,2024
LN106808,2021-09,368100.0,5.164,360,<620,75-85,>43,TX,PURCHASE,OWNER,SFR,AlphaServ,2021
LN106809,2024-07,365100.0,6.781,360,620-679,60-75,>43,CA,REFINANCE,OWNER,CONDO,BetaLoan,2024
LN106810,2024-05,510000.0,6.398,360,680-739,>95,20-35,OH,PURCHASE,INVESTOR,SFR,BetaLoan,2024
LN106811,2024-05,249700.0,6.369,360,680-739,>95,35-43,AZ,CASHOUT_REFI,OWNER,SFR,AlphaServ,2024
LN106812,2022-12,324000.0,5.548,360,740-779,<=60,20-35,NC,CASHOUT_REFI,OWNER,SFR,CasaMortgage,2022
LN106813,2023-04,183200.0,6.754,360,620-679,60-75,35-43,MI,CASHOUT_REFI,OWNER,CONDO,AlphaServ,2023
LN106814,2022-10,165400.0,5.769,360,620-679,60-75,20-35,OH,PURCHASE,OWNER,TOWNHOUSE,AlphaServ,2022
LN106815,2022-05,564800.0,5.167,360,620-679,<=60,35-43,CA,CASHOUT_REFI,OWNER,SFR,BetaLoan,2022
LN106816,2024-07,177100.0,7.052,360,620-679,60-75,>43,NY,REFINANCE,OWNER,SFR,CasaMortgage,2024
LN106817,2023-04,340600.0,7.202,180,<620,<=60,<=20,CA,PURCHASE,INVESTOR,SFR,CasaMortgage,2023
LN106818,2024-01,324200.0,6.21,360,740-779,85-95,20-35,CA,CASHOUT_REFI,OWNER,MULTI_2_4,BetaLoan,2024
LN106819,2021-11,433100.0,4.712,240,620-679,<=60,20-35,TX,PURCHASE,OWNER,SFR,DeltaHome,2021
LN106820,2024-04,121000.0,6.99,360,620-679,85-95,20-35,AZ,REFINANCE,OWNER,TOWNHOUSE,BetaLoan,2024
LN106821,2023-10,381200.0,6.217,360,680-739,75-85,20-35,TX,PURCHASE,OWNER,MULTI_2_4,DeltaHome,2023
LN106822,2024-12,248700.0,6.741,360,680-739,60-75,35-43,NY,PURCHASE,OWNER,TOWNHOUSE,AlphaServ,2024
LN106823,2021-12,194900.0,3.854,180,780+,85-95,35-43,AZ,REFINANCE,OWNER,SFR,BetaLoan,2021
LN106824,2023-05,228000.0,6.593,360,620-679,75-85,35-43,NC,REFINANCE,OWNER,SFR,CasaMortgage,2023
LN106825,2023-04,407000.0,6.008,360,680-739,85-95,<=20,CA,REFINANCE,OWNER,SFR,BetaLoan,2023
LN106826,2023-05,354700.0,5.8,360,740-779,85-95,<=20,IL,PURCHASE,OWNER,SFR,BetaLoan,2023
LN106827,2021-09,241000.0,4.773,360,<620,85-95,35-43,MI,CASHOUT_REFI,OWNER,SFR,AlphaServ,2021
LN106828,2023-02,152900.0,5.244,360,780+,85-95,20-35,NY,PURCHASE,OWNER,TOWNHOUSE,BetaLoan,2023
LN106829,2022-07,157800.0,4.355,360,780+,85-95,35-43,TX,PURCHASE,OWNER,CONDO,AlphaServ,2022
LN106830,2023-08,358200.0,6.016,360,740-779,60-75,<=20,GA,PURCHASE,SECOND_HOME,CONDO,BetaLoan,2023
LN106831,2022-04,143600.0,4.391,360,780+,75-85,35-43,NY,PURCHASE,OWNER,CONDO,AlphaServ,2022
LN106832,2023-01,242000.0,5.938,360,680-739,75-85,<=20,IL,REFINANCE,OWNER,SFR,BetaLoan,2023
LN106833,2023-09,853000.0,6.295,360,680-739,>95,35-43,CA,PURCHASE,OWNER,SFR,EagleTrust,2023
LN106834,2021-09,313900.0,4.246,180,620-679,75-85,<=20,AZ,PURCHASE,OWNER,CONDO,BetaLoan,2021
LN106835,2024-04,356500.0,7.338,360,<620,60-75,<=20,AZ,PURCHASE,OWNER,SFR,CasaMortgage,2024
LN106836,2024-01,158300.0,7.233,360,620-679,75-85,20-35,FL,PURCHASE,OWNER,SFR,BetaLoan,2024
LN106837,2021-09,146900.0,4.252,180,680-739,75-85,20-35,FL,PURCHASE,OWNER,SFR,AlphaServ,2021
LN106838,2021-09,365200.0,4.1,240,680-739,75-85,>43,TX,CASHOUT_REFI,OWNER,SFR,AlphaServ,2021
LN106839,2024-06,224800.0,6.998,360,620-679,75-85,20-35,OH,CASHOUT_REFI,OWNER,SFR,BetaLoan,2024
LN106840,2022-06,432800.0,4.798,360,740-779,>95,20-35,TX,CASHOUT_REFI,OWNER,TOWNHOUSE,BetaLoan,2022
LN106841,2024-07,272200.0,6.991,360,620-679,60-75,<=20,GA,REFINANCE,OWNER,SFR,CasaMortgage,2024
LN106842,2023-03,1264700.0,6.458,360,680-739,>95,20-35,WA,CASHOUT_REFI,OWNER,SFR,CasaMortgage,2023
LN106843,2022-09,206400.0,5.714,360,620-679,85-95,<=20,TX,PURCHASE,OWNER,SFR,BetaLoan,2022
LN106844,2022-06,304100.0,4.424,360,740-779,60-75,35-43,TX,PURCHASE,OWNER,SFR,BetaLoan,2022
LN106845,2023-10,178600.0,6.134,360,680-739,60-75,>43,CA,CASHOUT_REFI,OWNER,CONDO,AlphaServ,2023
LN106846,2021-11,424800.0,4.013,360,740-779,>95,20-35,FL,REFINANCE,OWNER,SFR,CasaMortgage,2021
LN106847,2022-11,325500.0,6.438,360,<620,85-95,35-43,AZ,PURCHASE,INVESTOR,SFR,DeltaHome,2022
LN106848,2022-09,173200.0,5.131,360,680-739,60-75,>43,CA,PURCHASE,OWNER,SFR,CasaMortgage,2022
LN106849,2022-01,231500.0,3.995,360,780+,75-85,>43,GA,PURCHASE,OWNER,SFR,AlphaServ,2022
LN106850,2022-09,495000.0,6.248,180,<620,60-75,35-43,NY,PURCHASE,INVESTOR,SFR,DeltaHome,2022
LN106851,2023-05,469000.0,6.144,360,680-739,75-85,35-43,FL,REFINANCE,OWNER,CONDO,CasaMortgage,2023
LN106852,2023-11,141300.0,7.484,360,<620,60-75,20-35,TX,PURCHASE,OWNER,MULTI_2_4,CasaMortgage,2023
LN106853,2021-10,216500.0,4.555,360,620-679,60-75,20-35,PA,PURCHASE,OWNER,SFR,CasaMortgage,2021
LN106854,2024-07,606000.0,6.761,360,680-739,75-85,35-43,PA,PURCHASE,SECOND_HOME,SFR,BetaLoan,2024
LN106855,2024-07,247600.0,7.011,360,620-679,75-85,20-35,CA,REFINANCE,OWNER,SFR,BetaLoan,2024
LN106856,2023-12,290000.0,6.485,360,680-739,60-75,20-35,OH,REFINANCE,OWNER,SFR,BetaLoan,2023
LN106857,2024-09,423800.0,6.292,360,780+,85-95,20-35,NY,PURCHASE,OWNER,CONDO,CasaMortgage,2024
LN106858,2022-12,146600.0,5.915,240,620-679,85-95,<=20,CA,PURCHASE,OWNER,CONDO,BetaLoan,2022
LN106859,2024-05,174900.0,7.251,360,<620,75-85,20-35,FL,PURCHASE,OWNER,SFR,BetaLoan,2024
LN106860,2024-01,230800.0,6.165,360,740-779,>95,35-43,TX,REFINANCE,OWNER,TOWNHOUSE,AlphaServ,2024
LN106861,2023-06,459100.0,5.978,360,680-739,85-95,35-43,MI,PURCHASE,OWNER,SFR,CasaMortgage,2023
LN106862,2022-02,422500.0,3.677,360,780+,<=60,35-43,NY,REFINANCE,OWNER,SFR,BetaLoan,2022
LN106863,2023-06,369100.0,6.257,360,680-739,<=60,35-43,MI,PURCHASE,OWNER,MULTI_2_4,AlphaServ,2023
LN106864,2024-08,250800.0,6.594,180,680-739,75-85,<=20,WA,CASHOUT_REFI,OWNER,SFR,DeltaHome,2024
LN106865,2024-12,443900.0,5.947,360,780+,85-95,<=20,NY,REFINANCE,OWNER,SFR,BetaLoan,2024
LN106866,2023-01,249300.0,6.322,360,620-679,>95,<=20,OH,REFINANCE,OWNER,SFR,CasaMortgage,2023
LN106867,2022-05,346300.0,4.384,360,740-779,<=60,>43,WA,PURCHASE,OWNER,SFR,CasaMortgage,2022
LN106868,2024-02,402500.0,6.246,360,680-739,60-75,35-43,TX,PURCHASE,OWNER,SFR,CasaMortgage,2024
LN106869,2021-10,573000.0,4.014,360,740-779,85-95,20-35,CA,PURCHASE,OWNER,CONDO,AlphaServ,2021
LN106870,2022-01,260300.0,4.755,360,620-679,85-95,20-35,IL,PURCHASE,OWNER,SFR,AlphaServ,2022
LN106871,2023-06,226800.0,6.425,360,680-739,75-85,>43,IL,PURCHASE,INVESTOR,CONDO,DeltaHome,2023
LN106872,2024-12,478200.0,7.508,360,<620,75-85,<=20,AZ,REFINANCE,OWNER,SFR,DeltaHome,2024
LN106873,2022-08,495000.0,4.855,360,780+,85-95,<=20,NY,CASHOUT_REFI,OWNER,SFR,AlphaServ,2022
LN106874,2023-01,209100.0,6.572,360,<620,75-85,35-43,NY,PURCHASE,OWNER,MULTI_2_4,CasaMortgage,2023
LN106875,2022-08,162400.0,5.846,360,<620,85-95,20-35,IL,CASHOUT_REFI,OWNER,TOWNHOUSE,AlphaServ,2022
LN106876,2023-01,462100.0,5.315,360,780+,>95,>43,NY,PURCHASE,INVESTOR,SFR,DeltaHome,2023
LN106877,2021-07,127500.0,4.034,360,680-739,60-75,35-43,AZ,PURCHASE,OWNER,SFR,BetaLoan,2021
LN106878,2023-07,124600.0,6.287,360,740-779,60-75,>43,GA,PURCHASE,INVESTOR,SFR,AlphaServ,2023
LN106879,2023-08,236600.0,6.508,360,680-739,>95,35-43,MI,PURCHASE,OWNER,SFR,AlphaServ,2023
LN106880,2022-08,267300.0,4.887,360,740-779,75-85,>43,CA,REFINANCE,OWNER,SFR,CasaMortgage,2022
LN106881,2022-06,158400.0,5.073,360,620-679,<=60,35-43,AZ,PURCHASE,SECOND_HOME,SFR,CasaMortgage,2022
LN106882,2024-02,282000.0,6.46,360,680-739,75-85,20-35,WA,PURCHASE,OWNER,SFR,CasaMortgage,2024
LN106883,2022-02,287800.0,4.163,360,680-739,75-85,20-35,WA,REFINANCE,INVESTOR,SFR,EagleTrust,2022
LN106884,2021-08,205600.0,3.946,240,680-739,60-75,>43,WA,PURCHASE,INVESTOR,SFR,BetaLoan,2021
LN106885,2021-08,637300.0,4.527,360,620-679,85-95,<=20,NC,PURCHASE,OWNER,SFR,CasaMortgage,2021
LN106886,2024-08,309700.0,7.065,360,620-679,60-75,20-35,NC,REFINANCE,SECOND_HOME,SFR,BetaLoan,2024
LN106887,2022-10,424100.0,5.255,360,740-779,<=60,20-35,CA,PURCHASE,INVESTOR,SFR,CasaMortgage,2022
LN106888,2021-11,132500.0,4.771,240,620-679,60-75,35-43,FL,REFINANCE,OWNER,SFR,AlphaServ,2021
LN106889,2024-07,132000.0,7.097,360,620-679,75-85,35-43,MI,REFINANCE,SECOND_HOME,CONDO,EagleTrust,2024
LN106890,2022-01,314000.0,4.262,360,680-739,85-95,20-35,FL,REFINANCE,OWNER,SFR,DeltaHome,2022
LN106891,2022-09,588100.0,5.162,360,680-739,75-85,35-43,GA,PURCHASE,OWNER,CONDO,EagleTrust,2022
LN106892,2021-07,162000.0,3.995,360,740-779,85-95,20-35,OH,CASHOUT_REFI,OWNER,MULTI_2_4,CasaMortgage,2021
LN106893,2023-11,272300.0,6.459,180,680-739,<=60,20-35,OH,PURCHASE,INVESTOR,TOWNHOUSE,CasaMortgage,2023
LN106894,2023-12,146400.0,5.991,360,780+,60-75,35-43,FL,PURCHASE,OWNER,SFR,AlphaServ,2023
LN106895,2024-02,184700.0,6.566,240,680-739,75-85,<=20,AZ,REFINANCE,OWNER,TOWNHOUSE,BetaLoan,2024
LN106896,2022-06,278400.0,4.124,360,780+,85-95,35-43,TX,CASHOUT_REFI,OWNER,TOWNHOUSE,AlphaServ,2022
LN106897,2022-08,204500.0,4.827,360,740-779,75-85,>43,MI,REFINANCE,OWNER,SFR,EagleTrust,2022
LN106898,2024-10,141800.0,6.666,360,620-679,85-95,<=20,CA,REFINANCE,OWNER,MULTI_2_4,CasaMortgage,2024
LN106899,2024-05,140400.0,6.217,360,780+,60-75,20-35,PA,CASHOUT_REFI,SECOND_HOME,MULTI_2_4,AlphaServ,2024
LN106900,2021-08,109200.0,3.714,360,740-779,>95,<=20,MI,PURCHASE,OWNER,CONDO,CasaMortgage,2021
LN106901,2023-12,316300.0,6.149,360,740-779,85-95,35-43,WA,PURCHASE,INVESTOR,SFR,CasaMortgage,2023
LN106902,2024-05,334000.0,6.659,240,620-679,>95,<=20,CA,REFINANCE,OWNER,MULTI_2_4,EagleTrust,2024
LN106903,2023-06,333300.0,6.757,240,620-679,60-75,20-35,PA,PURCHASE,OWNER,SFR,CasaMortgage,2023
LN106904,2023-09,169500.0,6.591,360,740-779,<=60,20-35,FL,PURCHASE,OWNER,CONDO,DeltaHome,2023
LN106905,2021-07,401400.0,3.958,360,680-739,75-85,35-43,TX,REFINANCE,OWNER,TOWNHOUSE,DeltaHome,2021
LN106906,2021-08,350800.0,3.785,360,740-779,75-85,35-43,TX,PURCHASE,OWNER,SFR,CasaMortgage,2021
LN106907,2021-08,256100.0,4.378,180,680-739,85-95,20-35,NC,CASHOUT_REFI,SECOND_HOME,SFR,AlphaServ,2021
LN106908,2022-01,237900.0,4.797,360,680-739,<=60,20-35,WA,REFINANCE,SECOND_HOME,SFR,BetaLoan,2022
LN106909,2024-12,190600.0,6.677,360,620-679,75-85,35-43,GA,REFINANCE,OWNER,MULTI_2_4,DeltaHome,2024
LN106910,2023-09,278300.0,7.079,360,620-679,60-75,20-35,TX,PURCHASE,INVESTOR,CONDO,DeltaHome,2023
LN106911,2024-03,528500.0,6.998,180,<620,75-85,20-35,NY,CASHOUT_REFI,SECOND_HOME,SFR,AlphaServ,2024
LN106912,2022-07,425900.0,4.157,360,740-779,60-75,<=20,TX,CASHOUT_REFI,OWNER,SFR,AlphaServ,2022
LN106913,2024-10,227500.0,6.226,180,680-739,>95,20-35,CA,REFINANCE,OWNER,CONDO,DeltaHome,2024
LN106914,2022-03,325300.0,3.981,360,780+,60-75,20-35,MI,PURCHASE,OWNER,SFR,AlphaServ,2022
LN106915,2024-08,155500.0,5.924,360,740-779,75-85,20-35,CA,PURCHASE,OWNER,MULTI_2_4,BetaLoan,2024
LN106916,2021-08,354500.0,4.029,360,740-779,<=60,35-43,GA,PURCHASE,OWNER,SFR,EagleTrust,2021
LN106917,2021-07,175600.0,4.068,360,680-739,60-75,>43,NY,PURCHASE,OWNER,SFR,CasaMortgage,2021
LN106918,2021-10,348200.0,3.991,360,740-779,75-85,20-35,CA,PURCHASE,INVESTOR,MULTI_2_4,AlphaServ,2021
LN106919,2024-04,971000.0,6.04,360,780+,<=60,20-35,FL,PURCHASE,SECOND_HOME,CONDO,EagleTrust,2024
LN106920,2022-05,197500.0,4.361,360,740-779,75-85,35-43,CA,CASHOUT_REFI,OWNER,SFR,AlphaServ,2022
LN106921,2023-01,951000.0,6.216,360,620-679,60-75,20-35,GA,REFINANCE,OWNER,SFR,DeltaHome,2023
LN106922,2023-02,318300.0,5.996,360,740-779,85-95,20-35,GA,REFINANCE,OWNER,TOWNHOUSE,AlphaServ,2023
LN106923,2024-04,182200.0,7.539,360,<620,85-95,20-35,AZ,REFINANCE,INVESTOR,TOWNHOUSE,AlphaServ,2024
LN106924,2022-09,178400.0,6.229,360,<620,85-95,20-35,FL,PURCHASE,OWNER,SFR,AlphaServ,2022
LN106925,2021-07,739900.0,3.571,360,740-779,<=60,<=20,TX,CASHOUT_REFI,OWNER,SFR,CasaMortgage,2021
LN106926,2022-11,318600.0,4.895,360,780+,75-85,<=20,IL,REFINANCE,INVESTOR,CONDO,CasaMortgage,2022
LN106927,2022-07,197800.0,5.301,360,620-679,<=60,20-35,PA,PURCHASE,OWNER,SFR,CasaMortgage,2022
LN106928,2024-01,232900.0,7.584,360,<620,75-85,>43,OH,REFINANCE,OWNER,SFR,AlphaServ,2024
LN106929,2024-02,309900.0,6.146,360,780+,85-95,20-35,WA,REFINANCE,OWNER,SFR,EagleTrust,2024
LN106930,2021-10,254300.0,4.224,360,620-679,<=60,<=20,CA,REFINANCE,OWNER,CONDO,AlphaServ,2021
LN106931,2024-04,298200.0,7.583,360,<620,60-75,35-43,NC,PURCHASE,OWNER,SFR,BetaLoan,2024
LN106932,2021-09,567000.0,3.962,360,740-779,85-95,>43,GA,REFINANCE,INVESTOR,SFR,AlphaServ,2021
LN106933,2023-09,153600.0,6.067,360,780+,75-85,<=20,TX,PURCHASE,OWNER,MULTI_2_4,BetaLoan,2023
LN106934,2022-11,341200.0,5.678,180,680-739,60-75,35-43,TX,REFINANCE,OWNER,SFR,EagleTrust,2022
LN106935,2022-07,247000.0,5.131,360,680-739,>95,<=20,NY,REFINANCE,OWNER,CONDO,BetaLoan,2022
LN106936,2023-03,203900.0,6.116,360,680-739,60-75,<=20,FL,REFINANCE,OWNER,SFR,BetaLoan,2023
LN106937,2022-08,413500.0,5.32,360,620-679,85-95,>43,FL,REFINANCE,OWNER,SFR,AlphaServ,2022
LN106938,2024-04,132200.0,6.477,360,740-779,60-75,35-43,NC,CASHOUT_REFI,OWNER,SFR,DeltaHome,2024
LN106939,2024-11,88000.0,6.533,360,740-779,>95,20-35,CA,PURCHASE,OWNER,CONDO,CasaMortgage,2024
LN106940,2024-05,282400.0,7.232,360,620-679,85-95,<=20,MI,PURCHASE,OWNER,SFR,BetaLoan,2024
LN106941,2023-01,239900.0,5.88,360,680-739,60-75,20-35,IL,REFINANCE,OWNER,CONDO,BetaLoan,2023
LN106942,2023-04,138900.0,6.131,360,680-739,>95,<=20,TX,REFINANCE,OWNER,SFR,CasaMortgage,2023
LN106943,2023-01,118200.0,6.618,360,<620,<=60,20-35,GA,REFINANCE,OWNER,SFR,EagleTrust,2023
LN106944,2024-04,608500.0,6.665,360,620-679,85-95,35-43,FL,CASHOUT_REFI,OWNER,SFR,BetaLoan,2024
LN106945,2023-06,314400.0,7.374,360,<620,85-95,20-35,CA,PURCHASE,OWNER,SFR,AlphaServ,2023
LN106946,2023-02,257500.0,5.379,180,740-779,60-75,35-43,OH,REFINANCE,INVESTOR,SFR,BetaLoan,2023
LN106947,2022-12,685500.0,6.043,360,620-679,75-85,<=20,FL,PURCHASE,OWNER,MULTI_2_4,AlphaServ,2022
LN106948,2022-10,404300.0,5.071,180,740-779,<=60,35-43,FL,REFINANCE,OWNER,SFR,CasaMortgage,2022
LN106949,2023-06,565900.0,6.526,360,680-739,75-85,>43,IL,PURCHASE,OWNER,SFR,AlphaServ,2023
LN106950,2023-11,150100.0,6.148,360,780+,75-85,>43,IL,PURCHASE,OWNER,SFR,BetaLoan,2023
LN106951,2023-01,147600.0,5.22,360,780+,75-85,<=20,NC,CASHOUT_REFI,OWNER,SFR,AlphaServ,2023
LN106952,2024-04,336900.0,6.982,360,620-679,85-95,<=20,IL,REFINANCE,OWNER,SFR,AlphaServ,2024
LN106953,2024-05,307600.0,7.467,360,<620,>95,20-35,OH,REFINANCE,OWNER,SFR,BetaLoan,2024
LN106954,2023-01,447900.0,5.643,360,740-779,75-85,20-35,OH,PURCHASE,OWNER,SFR,DeltaHome,2023
LN106955,2024-09,122500.0,7.286,360,<620,85-95,35-43,AZ,PURCHASE,OWNER,MULTI_2_4,CasaMortgage,2024
LN106956,2022-02,350300.0,4.907,360,620-679,60-75,20-35,CA,PURCHASE,OWNER,SFR,DeltaHome,2022
LN106957,2024-10,398400.0,7.411,360,<620,>95,20-35,GA,PURCHASE,INVESTOR,SFR,BetaLoan,2024
LN106958,2022-07,389000.0,4.965,360,780+,85-95,20-35,CA,REFINANCE,OWNER,SFR,AlphaServ,2022
LN106959,2023-06,212600.0,7.058,360,<620,>95,>43,TX,REFINANCE,INVESTOR,SFR,AlphaServ,2023
LN106960,2022-06,322300.0,5.112,360,680-739,85-95,<=20,MI,PURCHASE,OWNER,SFR,AlphaServ,2022
LN106961,2023-01,180000.0,5.755,360,680-739,60-75,>43,FL,PURCHASE,OWNER,SFR,BetaLoan,2023
LN106962,2022-09,223700.0,4.983,360,740-779,60-75,>43,CA,CASHOUT_REFI,OWNER,SFR,AlphaServ,2022
LN106963,2023-12,159600.0,6.798,360,680-739,75-85,<=20,IL,PURCHASE,SECOND_HOME,CONDO,DeltaHome,2023
LN106964,2021-10,181400.0,3.778,360,780+,<=60,35-43,NY,PURCHASE,OWNER,TOWNHOUSE,CasaMortgage,2021
LN106965,2024-06,229000.0,6.282,360,740-779,75-85,20-35,AZ,PURCHASE,OWNER,SFR,BetaLoan,2024
LN106966,2024-08,204700.0,6.52,240,680-739,60-75,20-35,WA,PURCHASE,INVESTOR,CONDO,CasaMortgage,2024
LN106967,2023-06,181400.0,6.55,360,680-739,85-95,20-35,TX,PURCHASE,OWNER,SFR,BetaLoan,2023
LN106968,2023-05,142200.0,5.863,360,740-779,75-85,>43,PA,PURCHASE,OWNER,SFR,AlphaServ,2023
LN106969,2023-12,616900.0,6.189,360,740-779,60-75,20-35,IL,REFINANCE,OWNER,SFR,CasaMortgage,2023
LN106970,2022-03,203800.0,4.426,360,680-739,85-95,20-35,OH,PURCHASE,OWNER,SFR,CasaMortgage,2022
LN106971,2024-02,296100.0,7.313,240,620-679,60-75,20-35,CA,PURCHASE,OWNER,CONDO,BetaLoan,2024
LN106972,2022-04,115700.0,5.327,240,<620,60-75,20-35,PA,REFINANCE,OWNER,SFR,AlphaServ,2022
LN106973,2023-11,470200.0,6.981,360,620-679,75-85,<=20,GA,PURCHASE,OWNER,SFR,BetaLoan,2023
LN106974,2022-07,275200.0,5.984,360,<620,60-75,20-35,WA,REFINANCE,OWNER,CONDO,AlphaServ,2022
LN106975,2024-02,209000.0,7.272,360,<620,60-75,<=20,MI,PURCHASE,OWNER,SFR,EagleTrust,2024
LN106976,2024-04,209900.0,6.954,180,620-679,60-75,20-35,IL,PURCHASE,OWNER,SFR,BetaLoan,2024
LN106977,2022-03,377500.0,3.981,360,780+,<=60,35-43,PA,PURCHASE,OWNER,SFR,DeltaHome,2022
LN106978,2023-08,67600.0,6.007,180,740-779,60-75,35-43,FL,REFINANCE,OWNER,CONDO,CasaMortgage,2023
LN106979,2023-03,176200.0,5.57,180,780+,75-85,20-35,PA,PURCHASE,OWNER,SFR,DeltaHome,2023
LN106980,2022-07,241900.0,4.78,180,740-779,85-95,35-43,CA,CASHOUT_REFI,OWNER,TOWNHOUSE,BetaLoan,2022
LN106981,2023-07,240700.0,6.011,360,740-779,60-75,20-35,FL,PURCHASE,INVESTOR,SFR,CasaMortgage,2023
LN106982,2024-12,788100.0,7.756,180,<620,60-75,<=20,PA,REFINANCE,SECOND_HOME,TOWNHOUSE,BetaLoan,2024
LN106983,2021-07,219300.0,3.642,360,740-779,<=60,>43,CA,REFINANCE,OWNER,SFR,EagleTrust,2021
LN106984,2024-11,398600.0,6.97,360,620-679,<=60,35-43,PA,CASHOUT_REFI,OWNER,TOWNHOUSE,AlphaServ,2024
LN106985,2024-06,576800.0,6.623,360,680-739,60-75,20-35,CA,PURCHASE,OWNER,SFR,BetaLoan,2024
LN106986,2023-05,345200.0,5.837,360,780+,75-85,<=20,GA,PURCHASE,OWNER,SFR,CasaMortgage,2023
LN106987,2023-08,188500.0,5.954,360,780+,85-95,<=20,GA,CASHOUT_REFI,OWNER,SFR,AlphaServ,2023
LN106988,2022-10,143200.0,5.689,360,620-679,85-95,20-35,CA,PURCHASE,OWNER,SFR,DeltaHome,2022
LN106989,2021-12,357000.0,4.115,360,740-779,>95,35-43,PA,REFINANCE,INVESTOR,CONDO,DeltaHome,2021
LN106990,2023-07,535100.0,6.766,360,620-679,>95,35-43,CA,CASHOUT_REFI,OWNER,TOWNHOUSE,AlphaServ,2023
LN106991,2024-05,326300.0,7.681,360,<620,<=60,<=20,PA,CASHOUT_REFI,OWNER,SFR,EagleTrust,2024
LN106992,2022-04,444700.0,5.694,360,<620,<=60,35-43,WA,REFINANCE,OWNER,SFR,CasaMortgage,2022
LN106993,2024-01,819400.0,7.082,360,620-679,75-85,20-35,NC,PURCHASE,OWNER,SFR,CasaMortgage,2024
LN106994,2024-02,372100.0,6.456,360,740-779,75-85,<=20,WA,REFINANCE,INVESTOR,TOWNHOUSE,BetaLoan,2024
LN106995,2024-02,155500.0,6.886,360,620-679,75-85,35-43,GA,REFINANCE,OWNER,SFR,CasaMortgage,2024
LN106996,2022-09,261200.0,6.217,360,<620,75-85,20-35,WA,PURCHASE,OWNER,SFR,AlphaServ,2022
LN106997,2022-11,472900.0,5.276,360,780+,>95,35-43,MI,REFINANCE,OWNER,SFR,AlphaServ,2022
LN106998,2022-12,228200.0,5.75,360,680-739,75-85,<=20,NC,CASHOUT_REFI,OWNER,SFR,CasaMortgage,2022
LN106999,2024-06,502600.0,6.463,360,680-739,>95,<=20,WA,REFINANCE,OWNER,SFR,EagleTrust,2024
LN107000,2024-08,247700.0,6.397,360,680-739,>95,20-35,IL,PURCHASE,OWNER,CONDO,AlphaServ,2024
LN107001,2022-12,296700.0,5.847,360,680-739,75-85,20-35,IL,REFINANCE,OWNER,SFR,CasaMortgage,2022
LN107002,2024-11,218000.0,6.424,240,680-739,<=60,20-35,PA,PURCHASE,OWNER,TOWNHOUSE,AlphaServ,2024
LN107003,2023-06,274200.0,5.991,360,740-779,60-75,35-43,NC,REFINANCE,OWNER,CONDO,BetaLoan,2023
LN107004,2022-11,280900.0,5.33,360,780+,60-75,35-43,CA,PURCHASE,OWNER,SFR,AlphaServ,2022
LN107005,2021-07,123800.0,3.909,360,680-739,85-95,35-43,FL,REFINANCE,OWNER,SFR,AlphaServ,2021
LN107006,2023-08,209200.0,6.629,360,680-739,>95,<=20,OH,PURCHASE,OWNER,SFR,EagleTrust,2023
LN107007,2023-10,146500.0,7.218,360,<620,60-75,20-35,CA,PURCHASE,OWNER,SFR,CasaMortgage,2023
LN107008,2024-11,212500.0,6.439,180,740-779,<=60,20-35,IL,PURCHASE,OWNER,CONDO,CasaMortgage,2024
LN107009,2024-01,178500.0,7.004,360,620-679,85-95,20-35,TX,REFINANCE,OWNER,SFR,CasaMortgage,2024
LN107010,2021-08,402400.0,3.786,360,680-739,75-85,20-35,TX,CASHOUT_REFI,OWNER,SFR,AlphaServ,2021
LN107011,2023-06,404500.0,5.581,360,780+,85-95,>43,AZ,PURCHASE,INVESTOR,TOWNHOUSE,BetaLoan,2023
LN107012,2024-02,328400.0,6.433,180,680-739,60-75,<=20,FL,REFINANCE,OWNER,SFR,EagleTrust,2024
LN107013,2023-03,144300.0,6.474,360,620-679,60-75,>43,AZ,REFINANCE,SECOND_HOME,SFR,CasaMortgage,2023
LN107014,2023-01,244200.0,6.034,360,680-739,60-75,35-43,OH,REFINANCE,OWNER,SFR,BetaLoan,2023
LN107015,2024-05,139200.0,7.074,360,620-679,<=60,20-35,AZ,CASHOUT_REFI,OWNER,TOWNHOUSE,AlphaServ,2024
LN107016,2023-08,238900.0,5.761,360,780+,75-85,<=20,NC,CASHOUT_REFI,OWNER,SFR,AlphaServ,2023
LN107017,2023-11,341600.0,6.789,360,680-739,<=60,20-35,NY,CASHOUT_REFI,INVESTOR,CONDO,DeltaHome,2023
LN107018,2023-02,398900.0,6.335,360,620-679,75-85,<=20,CA,PURCHASE,OWNER,SFR,CasaMortgage,2023
LN107019,2022-06,315800.0,4.427,360,740-779,85-95,>43,AZ,PURCHASE,OWNER,SFR,BetaLoan,2022
LN107020,2023-04,449700.0,6.123,180,680-739,<=60,20-35,NC,PURCHASE,OWNER,SFR,DeltaHome,2023
LN107021,2024-11,286900.0,7.425,360,<620,85-95,20-35,CA,PURCHASE,OWNER,SFR,AlphaServ,2024
LN107022,2023-08,229800.0,5.762,360,780+,<=60,35-43,WA,PURCHASE,INVESTOR,SFR,DeltaHome,2023
LN107023,2023-12,378200.0,7.625,240,<620,75-85,<=20,IL,REFINANCE,OWNER,SFR,BetaLoan,2023
LN107024,2021-12,383800.0,3.732,360,780+,60-75,20-35,CA,CASHOUT_REFI,OWNER,CONDO,DeltaHome,2021
LN107025,2024-12,201600.0,6.046,360,740-779,85-95,35-43,FL,REFINANCE,INVESTOR,CONDO,DeltaHome,2024
LN107026,2022-05,302700.0,5.778,360,<620,<=60,20-35,PA,REFINANCE,OWNER,TOWNHOUSE,BetaLoan,2022
LN107027,2024-11,223600.0,6.295,360,740-779,75-85,<=20,NY,PURCHASE,OWNER,TOWNHOUSE,AlphaServ,2024
LN107028,2023-01,103400.0,5.673,360,740-779,>95,20-35,PA,CASHOUT_REFI,OWNER,TOWNHOUSE,DeltaHome,2023
LN107029,2024-09,311200.0,6.705,360,680-739,<=60,20-35,NY,PURCHASE,OWNER,CONDO,DeltaHome,2024
LN107030,2024-08,142600.0,6.464,360,680-739,85-95,20-35,CA,PURCHASE,INVESTOR,SFR,AlphaServ,2024
LN107031,2024-02,295900.0,7.466,360,<620,85-95,20-35,TX,CASHOUT_REFI,OWNER,SFR,BetaLoan,2024
LN107032,2024-09,127900.0,7.063,360,<620,60-75,20-35,AZ,REFINANCE,OWNER,SFR,BetaLoan,2024
LN107033,2023-08,184600.0,6.14,240,740-779,<=60,20-35,TX,PURCHASE,OWNER,TOWNHOUSE,CasaMortgage,2023
LN107034,2024-06,210000.0,7.545,360,<620,85-95,20-35,WA,REFINANCE,INVESTOR,SFR,DeltaHome,2024
LN107035,2022-02,438400.0,4.817,360,620-679,>95,20-35,FL,REFINANCE,INVESTOR,SFR,CasaMortgage,2022
LN107036,2021-09,200800.0,3.96,360,680-739,<=60,20-35,WA,CASHOUT_REFI,OWNER,SFR,EagleTrust,2021
LN107037,2023-05,157400.0,6.817,180,620-679,85-95,20-35,CA,PURCHASE,OWNER,SFR,AlphaServ,2023
LN107038,2024-05,300700.0,6.086,360,740-779,85-95,<=20,OH,PURCHASE,OWNER,TOWNHOUSE,BetaLoan,2024
LN107039,2024-03,231500.0,6.568,360,740-779,75-85,35-43,CA,REFINANCE,OWNER,TOWNHOUSE,BetaLoan,2024
LN107040,2023-05,364300.0,5.454,360,780+,85-95,<=20,TX,CASHOUT_REFI,SECOND_HOME,SFR,AlphaServ,2023
LN107041,2023-04,161900.0,6.996,360,<620,<=60,20-35,PA,PURCHASE,OWNER,CONDO,BetaLoan,2023
LN107042,2023-08,280700.0,6.005,360,680-739,75-85,35-43,TX,REFINANCE,OWNER,SFR,AlphaServ,2023
LN107043,2024-07,775500.0,6.158,240,740-779,>95,>43,AZ,PURCHASE,INVESTOR,SFR,BetaLoan,2024
LN107044,2024-06,229200.0,7.045,360,620-679,85-95,>43,OH,PURCHASE,OWNER,SFR,BetaLoan,2024
LN107045,2021-11,277600.0,3.99,360,740-779,60-75,20-35,NC,REFINANCE,OWNER,SFR,CasaMortgage,2021
LN107046,2023-08,120900.0,6.072,180,740-779,75-85,20-35,FL,REFINANCE,INVESTOR,SFR,BetaLoan,2023
LN107047,2022-10,173900.0,5.348,240,680-739,60-75,35-43,WA,REFINANCE,OWNER,SFR,AlphaServ,2022
LN107048,2024-04,313900.0,7.428,360,620-679,60-75,35-43,PA,PURCHASE,OWNER,SFR,BetaLoan,2024
LN107049,2023-04,220000.0,5.829,180,740-779,60-75,>43,AZ,REFINANCE,OWNER,TOWNHOUSE,CasaMortgage,2023
LN107050,2024-12,336500.0,7.905,360,<620,60-75,20-35,CA,PURCHASE,SECOND_HOME,CONDO,DeltaHome,2024
LN107051,2023-01,309000.0,5.607,360,780+,75-85,20-35,TX,PURCHASE,OWNER,SFR,AlphaServ,2023
LN107052,2023-11,141100.0,6.108,360,740-779,60-75,<=20,PA,PURCHASE,OWNER,SFR,CasaMortgage,2023
LN107053,2021-11,403100.0,4.546,360,620-679,85-95,20-35,GA,PURCHASE,OWNER,SFR,DeltaHome,2021
LN107054,2024-10,145900.0,6.539,180,740-779,85-95,35-43,NY,PURCHASE,OWNER,MULTI_2_4,CasaMortgage,2024
LN107055,2022-01,180900.0,4.12,360,680-739,75-85,>43,IL,PURCHASE,OWNER,SFR,AlphaServ,2022
LN107056,2022-10,283000.0,6.091,360,620-679,60-75,20-35,NY,PURCHASE,OWNER,TOWNHOUSE,BetaLoan,2022
LN107057,2024-06,516700.0,6.081,180,780+,>95,<=20,OH,PURCHASE,OWNER,CONDO,BetaLoan,2024
LN107058,2024-11,162500.0,5.776,360,740-779,<=60,20-35,IL,REFINANCE,INVESTOR,CONDO,AlphaServ,2024
LN107059,2023-03,272800.0,5.546,360,740-779,75-85,<=20,NY,PURCHASE,OWNER,CONDO,BetaLoan,2023
LN107060,2023-03,273800.0,5.507,360,780+,60-75,>43,FL,PURCHASE,OWNER,SFR,CasaMortgage,2023
LN107061,2021-09,343100.0,4.04,360,680-739,>95,<=20,NY,CASHOUT_REFI,OWNER,SFR,BetaLoan,2021
LN107062,2024-12,434900.0,6.365,360,680-739,60-75,<=20,TX,REFINANCE,OWNER,SFR,AlphaServ,2024
LN107063,2021-07,212800.0,4.194,360,620-679,>95,20-35,TX,PURCHASE,OWNER,SFR,DeltaHome,2021
LN107064,2021-08,402500.0,4.487,360,620-679,>95,20-35,NC,PURCHASE,OWNER,CONDO,BetaLoan,2021
LN107065,2023-02,464500.0,6.221,180,680-739,>95,35-43,WA,PURCHASE,OWNER,SFR,BetaLoan,2023
LN107066,2021-07,569700.0,4.331,360,680-739,85-95,20-35,TX,CASHOUT_REFI,OWNER,SFR,AlphaServ,2021
LN107067,2022-01,319900.0,4.288,360,740-779,85-95,>43,AZ,REFINANCE,OWNER,SFR,DeltaHome,2022
LN107068,2023-09,274000.0,6.429,360,680-739,>95,20-35,GA,REFINANCE,OWNER,SFR,AlphaServ,2023
LN107069,2023-12,206200.0,6.472,180,740-779,60-75,<=20,WA,PURCHASE,OWNER,SFR,CasaMortgage,2023
LN107070,2022-07,132400.0,4.24,360,780+,85-95,<=20,NY,PURCHASE,OWNER,SFR,DeltaHome,2022
LN107071,2024-04,225200.0,6.213,360,780+,<=60,20-35,NC,CASHOUT_REFI,OWNER,SFR,AlphaServ,2024
LN107072,2023-08,268500.0,6.702,360,680-739,60-75,20-35,OH,PURCHASE,OWNER,SFR,BetaLoan,2023
LN107073,2022-04,243000.0,4.287,360,780+,75-85,20-35,WA,PURCHASE,OWNER,SFR,EagleTrust,2022
LN107074,2023-12,334000.0,5.961,360,740-779,>95,<=20,CA,PURCHASE,OWNER,SFR,BetaLoan,2023
LN107075,2023-07,132700.0,7.101,360,<620,60-75,<=20,CA,REFINANCE,OWNER,SFR,CasaMortgage,2023
LN107076,2024-05,235200.0,6.887,360,620-679,75-85,<=20,PA,PURCHASE,OWNER,MULTI_2_4,DeltaHome,2024
LN107077,2022-01,626300.0,4.576,360,620-679,75-85,35-43,CA,PURCHASE,OWNER,SFR,DeltaHome,2022
LN107078,2022-04,399500.0,4.294,360,740-779,85-95,35-43,AZ,PURCHASE,OWNER,SFR,BetaLoan,2022
LN107079,2022-07,336800.0,5.005,360,680-739,<=60,<=20,CA,PURCHASE,SECOND_HOME,SFR,DeltaHome,2022
LN107080,2022-09,304300.0,5.258,360,680-739,75-85,20-35,CA,CASHOUT_REFI,INVESTOR,SFR,BetaLoan,2022
LN107081,2024-08,216500.0,6.121,360,740-779,75-85,>43,FL,PURCHASE,OWNER,CONDO,DeltaHome,2024
LN107082,2024-01,115900.0,7.172,360,620-679,>95,<=20,NC,REFINANCE,OWNER,SFR,DeltaHome,2024
LN107083,2023-05,313500.0,6.194,360,680-739,>95,20-35,OH,PURCHASE,OWNER,SFR,CasaMortgage,2023
LN107084,2023-05,84800.0,5.471,360,780+,60-75,20-35,AZ,REFINANCE,INVESTOR,TOWNHOUSE,CasaMortgage,2023
LN107085,2024-08,220500.0,6.003,360,780+,60-75,20-35,GA,PURCHASE,OWNER,SFR,CasaMortgage,2024
LN107086,2023-01,254800.0,5.43,360,740-779,85-95,<=20,OH,PURCHASE,OWNER,SFR,AlphaServ,2023
LN107087,2022-04,208700.0,4.725,360,620-679,75-85,>43,OH,REFINANCE,OWNER,SFR,BetaLoan,2022
LN107088,2021-12,678100.0,4.628,360,620-679,85-95,35-43,NY,PURCHASE,OWNER,SFR,AlphaServ,2021
LN107089,2022-08,580100.0,5.791,360,620-679,85-95,35-43,GA,REFINANCE,OWNER,SFR,AlphaServ,2022
LN107090,2023-10,406300.0,6.452,360,680-739,<=60,>43,WA,REFINANCE,OWNER,SFR,BetaLoan,2023
LN107091,2023-02,168300.0,6.312,360,620-679,85-95,20-35,WA,PURCHASE,OWNER,SFR,AlphaServ,2023
LN107092,2022-12,606000.0,5.306,360,780+,60-75,>43,CA,PURCHASE,OWNER,CONDO,BetaLoan,2022
LN107093,2023-03,337200.0,5.643,360,740-779,>95,>43,NY,PURCHASE,OWNER,TOWNHOUSE,CasaMortgage,2023
LN107094,2024-11,167100.0,6.327,360,680-739,75-85,20-35,OH,PURCHASE,OWNER,MULTI_2_4,BetaLoan,2024
LN107095,2024-12,259000.0,7.021,360,620-679,85-95,>43,NC,PURCHASE,INVESTOR,TOWNHOUSE,CasaMortgage,2024
LN107096,2022-01,392900.0,4.366,360,680-739,60-75,35-43,FL,REFINANCE,OWNER,SFR,CasaMortgage,2022
LN107097,2021-11,195000.0,3.925,360,680-739,75-85,20-35,WA,REFINANCE,OWNER,SFR,CasaMortgage,2021
LN107098,2022-05,271900.0,4.541,360,740-779,<=60,20-35,NY,CASHOUT_REFI,INVESTOR,SFR,CasaMortgage,2022
LN107099,2024-06,294300.0,7.558,360,<620,85-95,35-43,FL,PURCHASE,OWNER,MULTI_2_4,BetaLoan,2024
LN107100,2023-02,155500.0,5.131,240,780+,>95,20-35,MI,PURCHASE,OWNER,SFR,CasaMortgage,2023
LN107101,2024-07,226000.0,7.064,360,<620,85-95,20-35,OH,REFINANCE,OWNER,CONDO,AlphaServ,2024
LN107102,2023-10,160900.0,6.378,360,680-739,85-95,<=20,AZ,PURCHASE,OWNER,SFR,DeltaHome,2023
LN107103,2023-06,377300.0,6.257,360,780+,<=60,<=20,CA,REFINANCE,OWNER,MULTI_2_4,DeltaHome,2023
LN107104,2022-06,169600.0,5.719,360,620-679,>95,<=20,CA,PURCHASE,OWNER,SFR,DeltaHome,2022
LN107105,2022-09,291100.0,5.972,360,620-679,60-75,20-35,WA,PURCHASE,SECOND_HOME,SFR,EagleTrust,2022
LN107106,2022-01,136500.0,3.934,240,740-779,75-85,<=20,NY,PURCHASE,OWNER,CONDO,BetaLoan,2022
LN107107,2023-04,153300.0,5.995,360,680-739,60-75,<=20,TX,PURCHASE,OWNER,SFR,BetaLoan,2023
LN107108,2022-06,150000.0,5.058,360,620-679,85-95,>43,MI,PURCHASE,SECOND_HOME,SFR,BetaLoan,2022
LN107109,2022-07,224100.0,5.701,360,<620,60-75,20-35,WA,REFINANCE,OWNER,MULTI_2_4,DeltaHome,2022
LN107110,2021-08,276800.0,5.105,360,<620,75-85,>43,WA,PURCHASE,OWNER,SFR,AlphaServ,2021
LN107111,2024-04,300800.0,6.915,180,680-739,<=60,20-35,WA,REFINANCE,OWNER,SFR,CasaMortgage,2024
LN107112,2024-10,115000.0,6.902,360,620-679,75-85,20-35,CA,REFINANCE,OWNER,TOWNHOUSE,CasaMortgage,2024
LN107113,2023-03,236600.0,5.652,360,740-779,60-75,35-43,PA,PURCHASE,OWNER,SFR,AlphaServ,2023
LN107114,2023-05,182100.0,5.561,360,780+,>95,>43,CA,PURCHASE,OWNER,TOWNHOUSE,AlphaServ,2023
LN107115,2024-09,324600.0,6.929,360,620-679,85-95,35-43,FL,CASHOUT_REFI,OWNER,TOWNHOUSE,AlphaServ,2024
LN107116,2023-04,226300.0,5.989,180,680-739,>95,>43,TX,PURCHASE,INVESTOR,SFR,CasaMortgage,2023
LN107117,2023-09,246100.0,6.607,360,620-679,75-85,<=20,FL,PURCHASE,OWNER,SFR,DeltaHome,2023
LN107118,2022-12,182500.0,5.74,360,680-739,85-95,20-35,TX,REFINANCE,OWNER,SFR,AlphaServ,2022
LN107119,2023-04,554600.0,6.399,360,620-679,75-85,>43,AZ,PURCHASE,INVESTOR,SFR,EagleTrust,2023
LN107120,2023-04,143300.0,5.75,360,740-779,>95,20-35,WA,PURCHASE,OWNER,SFR,AlphaServ,2023
LN107121,2023-12,213200.0,6.556,360,680-739,60-75,<=20,TX,PURCHASE,OWNER,TOWNHOUSE,AlphaServ,2023
LN107122,2023-08,267900.0,6.043,360,680-739,60-75,<=20,CA,PURCHASE,INVESTOR,TOWNHOUSE,DeltaHome,2023
LN107123,2023-04,228000.0,5.568,360,740-779,60-75,35-43,TX,REFINANCE,OWNER,SFR,EagleTrust,2023
LN107124,2021-10,181000.0,3.703,360,780+,75-85,<=20,OH,PURCHASE,SECOND_HOME,SFR,AlphaServ,2021
LN107125,2024-08,113000.0,6.774,240,620-679,85-95,20-35,AZ,PURCHASE,OWNER,SFR,AlphaServ,2024
LN107126,2024-08,187000.0,6.992,180,620-679,60-75,20-35,MI,CASHOUT_REFI,OWNER,CONDO,AlphaServ,2024
LN107127,2022-02,165800.0,3.822,360,780+,75-85,20-35,NY,PURCHASE,SECOND_HOME,SFR,AlphaServ,2022
LN107128,2022-07,543400.0,5.074,360,680-739,60-75,20-35,WA,REFINANCE,INVESTOR,SFR,BetaLoan,2022
LN107129,2024-11,707200.0,6.235,360,680-739,<=60,<=20,OH,REFINANCE,OWNER,SFR,CasaMortgage,2024
LN107130,2022-08,249500.0,4.711,360,740-779,>95,35-43,MI,PURCHASE,OWNER,SFR,AlphaServ,2022
LN107131,2024-05,135700.0,6.893,360,680-739,85-95,<=20,IL,REFINANCE,OWNER,CONDO,BetaLoan,2024
LN107132,2024-04,355800.0,7.069,360,620-679,>95,35-43,GA,REFINANCE,OWNER,MULTI_2_4,BetaLoan,2024
LN107133,2024-07,164100.0,7.161,360,620-679,75-85,20-35,FL,PURCHASE,OWNER,SFR,EagleTrust,2024
LN107134,2021-07,199400.0,4.062,180,680-739,85-95,20-35,CA,CASHOUT_REFI,OWNER,SFR,CasaMortgage,2021
LN107135,2023-03,192300.0,5.822,360,680-739,75-85,35-43,GA,PURCHASE,OWNER,SFR,BetaLoan,2023
LN107136,2023-06,203800.0,5.867,240,740-779,75-85,20-35,FL,PURCHASE,OWNER,SFR,AlphaServ,2023
LN107137,2024-06,217600.0,6.184,360,740-779,<=60,<=20,OH,REFINANCE,INVESTOR,CONDO,DeltaHome,2024
LN107138,2022-04,141300.0,4.036,360,780+,<=60,20-35,GA,REFINANCE,OWNER,SFR,AlphaServ,2022
LN107139,2022-07,186100.0,4.759,360,780+,60-75,20-35,NY,PURCHASE,INVESTOR,SFR,CasaMortgage,2022
LN107140,2022-02,403900.0,4.113,360,740-779,85-95,<=20,CA,REFINANCE,OWNER,SFR,CasaMortgage,2022
LN107141,2024-03,251400.0,7.246,360,<620,85-95,35-43,PA,REFINANCE,INVESTOR,SFR,DeltaHome,2024
LN107142,2024-12,270100.0,6.372,360,680-739,75-85,20-35,TX,PURCHASE,OWNER,SFR,CasaMortgage,2024
LN107143,2021-12,93500.0,4.07,360,740-779,60-75,20-35,CA,PURCHASE,OWNER,TOWNHOUSE,BetaLoan,2021
LN107144,2022-04,391000.0,4.08,360,740-779,85-95,<=20,FL,PURCHASE,INVESTOR,SFR,AlphaServ,2022
LN107145,2022-07,187500.0,5.619,360,620-679,<=60,<=20,CA,REFINANCE,OWNER,SFR,AlphaServ,2022
LN107146,2024-08,423300.0,6.845,180,680-739,85-95,20-35,FL,CASHOUT_REFI,OWNER,MULTI_2_4,CasaMortgage,2024
LN107147,2023-01,273600.0,5.679,360,680-739,75-85,20-35,MI,PURCHASE,OWNER,SFR,BetaLoan,2023
LN107148,2022-06,198200.0,4.987,360,680-739,85-95,<=20,MI,PURCHASE,OWNER,SFR,BetaLoan,2022
LN107149,2022-08,120000.0,4.83,360,780+,60-75,20-35,NY,CASHOUT_REFI,OWNER,CONDO,BetaLoan,2022
LN107150,2023-08,679200.0,6.231,360,680-739,60-75,20-35,TX,PURCHASE,OWNER,SFR,DeltaHome,2023
LN107151,2022-11,366400.0,5.5,360,680-739,75-85,>43,WA,REFINANCE,OWNER,SFR,AlphaServ,2022
LN107152,2021-12,376400.0,3.947,360,740-779,75-85,20-35,PA,PURCHASE,INVESTOR,SFR,AlphaServ,2021
LN107153,2024-05,578700.0,6.671,180,680-739,<=60,35-43,CA,REFINANCE,OWNER,SFR,AlphaServ,2024
LN107154,2022-12,282300.0,6.369,360,620-679,75-85,20-35,GA,PURCHASE,OWNER,SFR,BetaLoan,2022
LN107155,2022-05,469100.0,4.42,360,740-779,<=60,20-35,WA,REFINANCE,OWNER,SFR,AlphaServ,2022
LN107156,2024-01,205800.0,6.697,360,620-679,>95,20-35,AZ,PURCHASE,OWNER,SFR,AlphaServ,2024
LN107157,2024-02,355700.0,6.267,360,680-739,75-85,20-35,NY,PURCHASE,OWNER,CONDO,AlphaServ,2024
LN107158,2022-01,192200.0,4.63,360,620-679,75-85,35-43,GA,REFINANCE,OWNER,SFR,BetaLoan,2022
LN107159,2021-10,203500.0,3.625,360,780+,75-85,>43,GA,CASHOUT_REFI,INVESTOR,SFR,BetaLoan,2021
LN107160,2021-08,266600.0,4.006,360,740-779,85-95,20-35,NC,REFINANCE,OWNER,SFR,EagleTrust,2021
LN107161,2024-03,144300.0,6.281,360,680-739,<=60,<=20,WA,PURCHASE,OWNER,SFR,CasaMortgage,2024
LN107162,2023-09,296000.0,6.424,360,680-739,85-95,35-43,IL,PURCHASE,INVESTOR,CONDO,DeltaHome,2023
LN107163,2024-04,221800.0,6.866,360,680-739,>95,<=20,CA,PURCHASE,INVESTOR,SFR,CasaMortgage,2024
LN107164,2023-09,104400.0,6.228,360,740-779,75-85,35-43,NC,CASHOUT_REFI,OWNER,TOWNHOUSE,BetaLoan,2023
LN107165,2022-11,207700.0,5.049,180,740-779,<=60,35-43,WA,PURCHASE,SECOND_HOME,SFR,DeltaHome,2022
LN107166,2023-07,218500.0,6.089,360,740-779,60-75,35-43,AZ,REFINANCE,INVESTOR,SFR,DeltaHome,2023
LN107167,2024-01,374700.0,6.058,180,780+,>95,<=20,CA,REFINANCE,OWNER,SFR,AlphaServ,2024
LN107168,2022-11,290200.0,5.794,360,680-739,<=60,20-35,AZ,REFINANCE,OWNER,SFR,AlphaServ,2022
LN107169,2024-09,489600.0,6.692,240,680-739,<=60,20-35,CA,REFINANCE,OWNER,SFR,EagleTrust,2024
LN107170,2024-08,322600.0,6.626,360,680-739,>95,20-35,WA,PURCHASE,OWNER,SFR,DeltaHome,2024
LN107171,2024-04,198900.0,6.695,360,680-739,85-95,35-43,MI,PURCHASE,OWNER,SFR,BetaLoan,2024
LN107172,2024-12,248600.0,6.493,180,680-739,75-85,20-35,CA,PURCHASE,OWNER,TOWNHOUSE,CasaMortgage,2024
LN107173,2022-11,218200.0,5.129,360,740-779,<=60,20-35,CA,PURCHASE,OWNER,SFR,DeltaHome,2022
LN107174,2021-11,317900.0,5.254,360,<620,75-85,20-35,TX,PURCHASE,OWNER,SFR,BetaLoan,2021
LN107175,2023-03,262200.0,6.32,360,620-679,85-95,20-35,TX,CASHOUT_REFI,SECOND_HOME,SFR,AlphaServ,2023
LN107176,2024-02,192400.0,7.042,360,620-679,60-75,20-35,CA,PURCHASE,OWNER,SFR,CasaMortgage,2024
LN107177,2024-03,256200.0,6.213,360,780+,60-75,20-35,AZ,PURCHASE,OWNER,TOWNHOUSE,AlphaServ,2024
LN107178,2022-11,314100.0,5.34,360,680-739,>95,20-35,CA,PURCHASE,OWNER,SFR,AlphaServ,2022
LN107179,2022-07,162300.0,4.973,360,680-739,85-95,35-43,WA,PURCHASE,OWNER,CONDO,BetaLoan,2022
LN107180,2023-01,294400.0,6.101,360,680-739,75-85,35-43,TX,PURCHASE,OWNER,SFR,DeltaHome,2023
LN107181,2024-04,125400.0,6.833,360,680-739,>95,<=20,OH,REFINANCE,SECOND_HOME,SFR,AlphaServ,2024
LN107182,2021-09,419800.0,3.7,360,780+,75-85,20-35,NC,REFINANCE,OWNER,SFR,AlphaServ,2021
LN107183,2022-08,323600.0,4.617,360,780+,>95,35-43,FL,REFINANCE,OWNER,SFR,BetaLoan,2022
LN107184,2022-04,531400.0,4.093,360,780+,<=60,35-43,NY,CASHOUT_REFI,OWNER,CONDO,AlphaServ,2022
LN107185,2024-04,154400.0,6.171,360,740-779,75-85,20-35,MI,PURCHASE,OWNER,TOWNHOUSE,AlphaServ,2024
LN107186,2023-02,425100.0,6.322,360,620-679,85-95,20-35,CA,REFINANCE,INVESTOR,SFR,BetaLoan,2023
LN107187,2021-10,388900.0,4.401,360,680-739,75-85,35-43,FL,REFINANCE,OWNER,SFR,DeltaHome,2021
LN107188,2022-05,235200.0,4.344,240,740-779,60-75,20-35,MI,REFINANCE,OWNER,SFR,CasaMortgage,2022
LN107189,2021-08,215500.0,3.553,360,740-779,85-95,20-35,FL,PURCHASE,OWNER,CONDO,BetaLoan,2021
LN107190,2023-02,156600.0,6.511,360,620-679,75-85,<=20,CA,PURCHASE,OWNER,SFR,EagleTrust,2023
LN107191,2024-12,139300.0,6.118,180,740-779,60-75,35-43,TX,PURCHASE,OWNER,SFR,AlphaServ,2024
LN107192,2023-06,182000.0,6.511,360,620-679,75-85,20-35,NC,PURCHASE,OWNER,TOWNHOUSE,BetaLoan,2023
LN107193,2024-07,145100.0,6.989,360,620-679,85-95,20-35,WA,REFINANCE,OWNER,CONDO,CasaMortgage,2024
LN107194,2024-02,523400.0,6.915,180,620-679,75-85,35-43,TX,PURCHASE,OWNER,SFR,EagleTrust,2024
LN107195,2024-08,129800.0,6.281,360,740-779,75-85,20-35,IL,CASHOUT_REFI,OWNER,CONDO,DeltaHome,2024
LN107196,2022-08,272900.0,4.936,240,740-779,60-75,20-35,TX,CASHOUT_REFI,OWNER,SFR,BetaLoan,2022
LN107197,2024-10,310500.0,6.599,360,680-739,<=60,20-35,AZ,PURCHASE,OWNER,SFR,BetaLoan,2024
LN107198,2022-05,299800.0,4.536,360,740-779,85-95,35-43,AZ,CASHOUT_REFI,OWNER,SFR,BetaLoan,2022
LN107199,2023-01,311900.0,5.541,240,740-779,85-95,>43,NY,PURCHASE,OWNER,SFR,BetaLoan,2023
LN107200,2023-11,390800.0,6.194,360,680-739,75-85,>43,CA,PURCHASE,OWNER,SFR,BetaLoan,2023
LN107201,2022-07,208800.0,4.724,360,740-779,75-85,35-43,GA,CASHOUT_REFI,OWNER,MULTI_2_4,AlphaServ,2022
LN107202,2022-06,265500.0,5.045,360,620-679,<=60,35-43,GA,PURCHASE,OWNER,SFR,AlphaServ,2022
LN107203,2021-12,223700.0,4.152,360,680-739,75-85,35-43,GA,PURCHASE,OWNER,SFR,AlphaServ,2021
LN107204,2021-07,458700.0,4.318,360,620-679,75-85,20-35,FL,PURCHASE,OWNER,SFR,AlphaServ,2021
LN107205,2023-04,656700.0,6.232,360,680-739,75-85,>43,CA,REFINANCE,OWNER,SFR,AlphaServ,2023
LN107206,2024-12,149200.0,6.158,180,680-739,60-75,20-35,CA,PURCHASE,SECOND_HOME,CONDO,CasaMortgage,2024
LN107207,2022-04,102300.0,5.502,360,<620,<=60,20-35,MI,REFINANCE,OWNER,SFR,DeltaHome,2022
LN107208,2023-01,329800.0,5.798,360,680-739,>95,<=20,OH,REFINANCE,OWNER,SFR,DeltaHome,2023
LN107209,2024-10,413200.0,6.672,360,680-739,75-85,20-35,TX,CASHOUT_REFI,OWNER,SFR,BetaLoan,2024
LN107210,2024-03,615800.0,6.599,360,680-739,85-95,20-35,AZ,CASHOUT_REFI,INVESTOR,SFR,AlphaServ,2024
LN107211,2021-07,355800.0,5.043,360,<620,85-95,20-35,AZ,PURCHASE,OWNER,SFR,AlphaServ,2021
LN107212,2023-04,478400.0,6.549,180,620-679,85-95,20-35,PA,REFINANCE,OWNER,SFR,DeltaHome,2023
LN107213,2022-01,538800.0,4.663,360,680-739,60-75,>43,GA,CASHOUT_REFI,OWNER,CONDO,DeltaHome,2022
LN107214,2022-05,493400.0,4.174,360,780+,<=60,35-43,GA,PURCHASE,OWNER,SFR,EagleTrust,2022
LN107215,2022-05,379500.0,4.672,360,780+,75-85,20-35,OH,CASHOUT_REFI,OWNER,CONDO,EagleTrust,2022
LN107216,2023-08,143300.0,6.3,360,680-739,75-85,35-43,TX,REFINANCE,OWNER,SFR,DeltaHome,2023
LN107217,2022-03,254300.0,4.373,180,740-779,<=60,20-35,NC,CASHOUT_REFI,OWNER,SFR,BetaLoan,2022
LN107218,2022-05,292100.0,4.728,360,740-779,75-85,20-35,IL,PURCHASE,OWNER,SFR,BetaLoan,2022
LN107219,2022-04,244000.0,4.105,360,780+,60-75,>43,OH,PURCHASE,OWNER,MULTI_2_4,DeltaHome,2022
LN107220,2022-09,250900.0,5.672,180,620-679,<=60,<=20,NC,CASHOUT_REFI,OWNER,SFR,DeltaHome,2022
LN107221,2023-10,516700.0,6.242,360,680-739,>95,35-43,FL,PURCHASE,OWNER,SFR,BetaLoan,2023
LN107222,2022-11,181600.0,5.872,360,740-779,75-85,20-35,NC,CASHOUT_REFI,OWNER,CONDO,CasaMortgage,2022
LN107223,2022-08,365700.0,5.109,360,680-739,60-75,>43,TX,PURCHASE,OWNER,SFR,AlphaServ,2022
LN107224,2023-04,294300.0,7.288,360,<620,<=60,35-43,PA,PURCHASE,OWNER,SFR,AlphaServ,2023
LN107225,2023-08,173500.0,7.177,360,<620,>95,20-35,WA,REFINANCE,OWNER,SFR,BetaLoan,2023
LN107226,2021-07,157200.0,3.798,180,680-739,>95,<=20,OH,CASHOUT_REFI,INVESTOR,SFR,EagleTrust,2021
LN107227,2024-08,118700.0,6.16,360,740-779,60-75,20-35,NY,PURCHASE,OWNER,MULTI_2_4,CasaMortgage,2024
LN107228,2024-09,317600.0,6.292,360,740-779,75-85,<=20,FL,REFINANCE,OWNER,SFR,DeltaHome,2024
LN107229,2023-08,248100.0,6.829,360,620-679,75-85,35-43,AZ,PURCHASE,OWNER,SFR,BetaLoan,2023
LN107230,2023-07,176000.0,5.736,360,780+,<=60,35-43,FL,PURCHASE,OWNER,SFR,AlphaServ,2023
LN107231,2023-12,109700.0,6.465,360,680-739,75-85,20-35,PA,REFINANCE,OWNER,TOWNHOUSE,BetaLoan,2023
LN107232,2023-01,310100.0,5.35,360,780+,60-75,20-35,NY,REFINANCE,OWNER,CONDO,BetaLoan,2023
LN107233,2022-10,236100.0,5.691,180,620-679,60-75,20-35,AZ,CASHOUT_REFI,OWNER,SFR,CasaMortgage,2022
LN107234,2022-09,185100.0,4.709,180,780+,75-85,35-43,NY,PURCHASE,OWNER,SFR,EagleTrust,2022
LN107235,2022-01,165400.0,3.669,360,780+,60-75,20-35,OH,PURCHASE,OWNER,SFR,BetaLoan,2022
LN107236,2024-06,229300.0,6.438,360,740-779,75-85,35-43,CA,REFINANCE,SECOND_HOME,SFR,DeltaHome,2024
LN107237,2022-08,315400.0,4.618,180,740-779,60-75,35-43,WA,PURCHASE,OWNER,SFR,DeltaHome,2022
LN107238,2022-06,220000.0,4.832,180,680-739,75-85,20-35,OH,REFINANCE,OWNER,CONDO,AlphaServ,2022
LN107239,2024-11,149500.0,6.315,360,740-779,>95,20-35,GA,PURCHASE,OWNER,SFR,DeltaHome,2024
LN107240,2023-04,248700.0,5.95,360,740-779,75-85,20-35,CA,REFINANCE,INVESTOR,SFR,EagleTrust,2023
LN107241,2023-09,408600.0,6.252,360,680-739,75-85,>43,NC,PURCHASE,INVESTOR,SFR,DeltaHome,2023
LN107242,2022-05,259900.0,4.406,360,780+,75-85,<=20,NY,REFINANCE,OWNER,TOWNHOUSE,BetaLoan,2022
LN107243,2022-06,263200.0,4.974,360,680-739,85-95,20-35,NY,PURCHASE,OWNER,SFR,CasaMortgage,2022
LN107244,2024-01,220500.0,6.69,180,680-739,85-95,20-35,IL,PURCHASE,OWNER,SFR,CasaMortgage,2024
LN107245,2023-01,171000.0,5.309,360,780+,<=60,20-35,OH,PURCHASE,OWNER,SFR,DeltaHome,2023
LN107246,2022-01,168500.0,4.449,360,680-739,<=60,20-35,PA,PURCHASE,OWNER,SFR,CasaMortgage,2022
LN107247,2024-06,120800.0,7.108,240,620-679,75-85,20-35,FL,PURCHASE,OWNER,SFR,EagleTrust,2024
LN107248,2022-11,434300.0,6.021,360,680-739,85-95,20-35,AZ,PURCHASE,OWNER,CONDO,DeltaHome,2022
LN107249,2023-11,314300.0,5.918,180,740-779,<=60,35-43,CA,PURCHASE,INVESTOR,SFR,AlphaServ,2023
LN107250,2022-09,264900.0,4.873,360,780+,75-85,35-43,OH,PURCHASE,OWNER,SFR,EagleTrust,2022
LN107251,2023-06,291600.0,6.83,360,620-679,75-85,>43,NC,PURCHASE,OWNER,CONDO,CasaMortgage,2023
LN107252,2024-03,297400.0,6.65,360,680-739,75-85,20-35,WA,PURCHASE,OWNER,SFR,EagleTrust,2024
LN107253,2024-08,183400.0,6.765,360,680-739,85-95,20-35,NY,REFINANCE,INVESTOR,CONDO,BetaLoan,2024
LN107254,2022-03,220500.0,4.421,360,740-779,60-75,20-35,NC,PURCHASE,OWNER,SFR,DeltaHome,2022
LN107255,2023-11,206200.0,6.293,360,740-779,75-85,20-35,MI,PURCHASE,OWNER,SFR,EagleTrust,2023
LN107256,2024-09,790300.0,6.05,360,780+,85-95,20-35,PA,PURCHASE,SECOND_HOME,SFR,DeltaHome,2024
LN107257,2023-09,404000.0,6.09,360,680-739,>95,<=20,AZ,PURCHASE,OWNER,MULTI_2_4,DeltaHome,2023
LN107258,2022-01,275300.0,4.761,240,680-739,75-85,20-35,FL,REFINANCE,OWNER,SFR,AlphaServ,2022
LN107259,2022-02,472000.0,3.739,360,740-779,60-75,<=20,PA,REFINANCE,OWNER,TOWNHOUSE,AlphaServ,2022
LN107260,2022-03,445900.0,4.668,180,680-739,85-95,20-35,WA,PURCHASE,OWNER,SFR,DeltaHome,2022
LN107261,2021-11,137100.0,4.305,180,680-739,85-95,35-43,IL,PURCHASE,OWNER,MULTI_2_4,CasaMortgage,2021
LN107262,2024-02,230900.0,7.258,360,<620,75-85,>43,NC,PURCHASE,OWNER,SFR,CasaMortgage,2024
LN107263,2024-11,253400.0,7.341,360,620-679,60-75,35-43,FL,CASHOUT_REFI,OWNER,SFR,BetaLoan,2024
LN107264,2023-04,336100.0,5.817,180,780+,60-75,20-35,TX,PURCHASE,OWNER,SFR,AlphaServ,2023
LN107265,2023-08,230800.0,7.381,180,<620,85-95,20-35,TX,PURCHASE,OWNER,SFR,CasaMortgage,2023
LN107266,2024-03,244200.0,6.375,360,680-739,75-85,35-43,CA,REFINANCE,OWNER,SFR,BetaLoan,2024
LN107267,2022-12,207400.0,5.696,360,740-779,<=60,35-43,OH,PURCHASE,OWNER,SFR,CasaMortgage,2022
LN107268,2023-02,409200.0,7.147,240,<620,75-85,35-43,PA,PURCHASE,OWNER,SFR,AlphaServ,2023
LN107269,2023-07,133300.0,6.804,360,620-679,>95,<=20,FL,REFINANCE,OWNER,SFR,BetaLoan,2023
LN107270,2022-07,210600.0,5.368,360,680-739,<=60,35-43,CA,PURCHASE,OWNER,TOWNHOUSE,BetaLoan,2022
LN107271,2021-09,111300.0,4.184,240,680-739,75-85,20-35,FL,PURCHASE,OWNER,TOWNHOUSE,BetaLoan,2021
LN107272,2023-06,160600.0,6.383,360,680-739,>95,20-35,MI,PURCHASE,OWNER,SFR,AlphaServ,2023
LN107273,2024-05,294400.0,6.605,360,680-739,>95,>43,NY,REFINANCE,OWNER,TOWNHOUSE,CasaMortgage,2024
LN107274,2021-10,296900.0,4.726,360,620-679,60-75,>43,MI,PURCHASE,OWNER,SFR,AlphaServ,2021
LN107275,2022-04,221700.0,5.665,360,<620,60-75,20-35,TX,PURCHASE,SECOND_HOME,CONDO,EagleTrust,2022
LN107276,2022-06,423300.0,5.706,360,<620,75-85,35-43,GA,PURCHASE,OWNER,SFR,CasaMortgage,2022
LN107277,2024-04,469500.0,6.805,360,620-679,60-75,20-35,NC,PURCHASE,OWNER,SFR,DeltaHome,2024
LN107278,2023-04,247400.0,6.116,360,680-739,75-85,<=20,PA,PURCHASE,INVESTOR,CONDO,BetaLoan,2023
LN107279,2023-05,285700.0,5.865,360,780+,75-85,35-43,NC,PURCHASE,OWNER,SFR,BetaLoan,2023
LN107280,2023-10,208200.0,7.372,360,<620,85-95,35-43,AZ,REFINANCE,OWNER,SFR,AlphaServ,2023
LN107281,2022-06,338400.0,4.729,360,680-739,75-85,20-35,CA,REFINANCE,OWNER,CONDO,BetaLoan,2022
LN107282,2023-12,149100.0,6.245,360,740-779,85-95,35-43,OH,PURCHASE,INVESTOR,SFR,EagleTrust,2023
LN107283,2021-08,572700.0,3.587,360,740-779,85-95,<=20,NY,PURCHASE,OWNER,SFR,EagleTrust,2021
LN107284,2021-11,426300.0,3.838,360,740-779,75-85,20-35,WA,REFINANCE,OWNER,CONDO,EagleTrust,2021
LN107285,2024-05,148800.0,7.181,240,<620,<=60,>43,OH,PURCHASE,OWNER,SFR,DeltaHome,2024
LN107286,2023-10,179000.0,6.224,360,740-779,85-95,35-43,NC,REFINANCE,INVESTOR,SFR,AlphaServ,2023
LN107287,2022-02,308500.0,4.599,360,680-739,85-95,20-35,AZ,PURCHASE,OWNER,SFR,CasaMortgage,2022
LN107288,2023-01,219200.0,5.54,360,740-779,60-75,20-35,CA,REFINANCE,INVESTOR,CONDO,BetaLoan,2023
LN107289,2021-09,326100.0,4.608,180,620-679,60-75,35-43,FL,PURCHASE,SECOND_HOME,SFR,BetaLoan,2021
LN107290,2023-11,217100.0,6.26,180,740-779,75-85,>43,FL,PURCHASE,SECOND_HOME,CONDO,BetaLoan,2023
LN107291,2024-02,506900.0,6.676,360,680-739,<=60,20-35,CA,REFINANCE,OWNER,SFR,AlphaServ,2024
LN107292,2022-06,256200.0,4.702,240,740-779,85-95,<=20,OH,PURCHASE,OWNER,SFR,AlphaServ,2022
LN107293,2022-09,758600.0,5.814,360,620-679,60-75,20-35,FL,PURCHASE,OWNER,TOWNHOUSE,AlphaServ,2022
LN107294,2022-04,334800.0,4.562,360,740-779,75-85,20-35,TX,PURCHASE,OWNER,SFR,BetaLoan,2022
LN107295,2022-11,139100.0,4.987,360,740-779,60-75,20-35,CA,PURCHASE,OWNER,SFR,CasaMortgage,2022
LN107296,2022-06,652700.0,5.033,360,680-739,75-85,35-43,CA,REFINANCE,INVESTOR,MULTI_2_4,DeltaHome,2022
LN107297,2022-05,418500.0,4.729,360,680-739,85-95,20-35,NY,PURCHASE,OWNER,SFR,AlphaServ,2022
LN107298,2023-01,302900.0,6.145,360,620-679,60-75,>43,GA,PURCHASE,SECOND_HOME,SFR,AlphaServ,2023
LN107299,2024-07,341500.0,6.646,180,620-679,<=60,20-35,TX,PURCHASE,OWNER,SFR,CasaMortgage,2024
LN107300,2024-03,149500.0,6.012,360,740-779,<=60,35-43,AZ,REFINANCE,OWNER,CONDO,DeltaHome,2024
LN107301,2022-07,113300.0,4.933,360,680-739,<=60,>43,TX,CASHOUT_REFI,OWNER,SFR,AlphaServ,2022
LN107302,2024-10,250500.0,6.098,360,740-779,75-85,20-35,TX,CASHOUT_REFI,OWNER,SFR,DeltaHome,2024
LN107303,2022-03,474700.0,4.427,180,740-779,<=60,20-35,FL,CASHOUT_REFI,OWNER,SFR,CasaMortgage,2022
LN107304,2024-09,305000.0,6.7,360,680-739,75-85,>43,CA,CASHOUT_REFI,OWNER,SFR,BetaLoan,2024
LN107305,2022-07,550800.0,4.994,360,740-779,85-95,20-35,WA,CASHOUT_REFI,OWNER,SFR,CasaMortgage,2022
LN107306,2023-05,462600.0,5.9,360,740-779,85-95,20-35,NC,PURCHASE,OWNER,SFR,BetaLoan,2023
LN107307,2022-03,257600.0,4.666,360,680-739,60-75,<=20,FL,REFINANCE,OWNER,SFR,BetaLoan,2022
LN107308,2024-03,434800.0,6.714,240,620-679,85-95,20-35,WA,PURCHASE,OWNER,MULTI_2_4,BetaLoan,2024
LN107309,2022-08,506400.0,5.091,360,780+,>95,20-35,GA,CASHOUT_REFI,SECOND_HOME,CONDO,AlphaServ,2022
LN107310,2024-07,246200.0,6.418,180,780+,75-85,35-43,MI,PURCHASE,OWNER,SFR,BetaLoan,2024
LN107311,2021-10,231800.0,4.03,360,680-739,85-95,>43,FL,REFINANCE,OWNER,SFR,DeltaHome,2021
LN107312,2023-04,271900.0,5.932,360,780+,75-85,20-35,TX,PURCHASE,INVESTOR,SFR,BetaLoan,2023
LN107313,2022-01,86200.0,3.663,360,780+,<=60,20-35,NY,REFINANCE,INVESTOR,SFR,AlphaServ,2022
LN107314,2024-08,289600.0,6.462,360,680-739,>95,20-35,NY,REFINANCE,OWNER,TOWNHOUSE,BetaLoan,2024
LN107315,2022-12,353000.0,5.409,360,740-779,>95,<=20,WA,PURCHASE,INVESTOR,CONDO,AlphaServ,2022
LN107316,2023-11,272400.0,6.071,360,740-779,60-75,<=20,CA,CASHOUT_REFI,INVESTOR,CONDO,CasaMortgage,2023
LN107317,2024-07,298100.0,7.104,360,620-679,60-75,20-35,CA,PURCHASE,OWNER,SFR,DeltaHome,2024
LN107318,2023-05,250300.0,7.332,360,<620,<=60,<=20,GA,REFINANCE,OWNER,SFR,BetaLoan,2023
LN107319,2021-09,103900.0,3.877,360,680-739,75-85,<=20,OH,CASHOUT_REFI,OWNER,CONDO,AlphaServ,2021
LN107320,2022-04,539400.0,4.374,180,740-779,>95,<=20,OH,REFINANCE,OWNER,SFR,EagleTrust,2022
LN107321,2022-03,216300.0,4.37,360,680-739,<=60,20-35,NY,PURCHASE,OWNER,TOWNHOUSE,DeltaHome,2022
LN107322,2024-09,193300.0,6.317,180,740-779,75-85,35-43,FL,PURCHASE,OWNER,SFR,EagleTrust,2024
LN107323,2024-09,470300.0,6.621,360,680-739,85-95,20-35,CA,REFINANCE,OWNER,SFR,DeltaHome,2024
LN107324,2023-03,396500.0,5.636,360,740-779,60-75,>43,MI,PURCHASE,OWNER,SFR,DeltaHome,2023
LN107325,2024-08,288600.0,6.954,360,620-679,75-85,>43,NY,PURCHASE,OWNER,CONDO,EagleTrust,2024
LN107326,2022-05,360800.0,4.787,360,680-739,75-85,35-43,AZ,PURCHASE,OWNER,SFR,AlphaServ,2022
LN107327,2023-11,151800.0,6.806,360,620-679,<=60,20-35,IL,PURCHASE,OWNER,SFR,EagleTrust,2023
LN107328,2022-11,246100.0,5.674,180,620-679,75-85,20-35,AZ,PURCHASE,SECOND_HOME,SFR,AlphaServ,2022
LN107329,2022-05,457100.0,5.308,360,620-679,<=60,20-35,AZ,CASHOUT_REFI,SECOND_HOME,SFR,EagleTrust,2022
LN107330,2022-05,188200.0,5.306,180,620-679,85-95,20-35,OH,REFINANCE,OWNER,SFR,DeltaHome,2022
LN107331,2022-12,162900.0,6.237,360,620-679,60-75,<=20,MI,CASHOUT_REFI,OWNER,TOWNHOUSE,CasaMortgage,2022
LN107332,2022-09,264400.0,4.821,240,740-779,85-95,20-35,CA,REFINANCE,OWNER,TOWNHOUSE,AlphaServ,2022
LN107333,2022-03,267200.0,4.506,360,680-739,75-85,35-43,CA,REFINANCE,OWNER,SFR,BetaLoan,2022
LN107334,2022-09,341600.0,5.006,180,680-739,>95,35-43,NC,PURCHASE,OWNER,TOWNHOUSE,AlphaServ,2022
LN107335,2021-12,137300.0,4.173,360,780+,85-95,20-35,CA,REFINANCE,OWNER,TOWNHOUSE,AlphaServ,2021
LN107336,2024-11,81000.0,6.284,360,680-739,85-95,20-35,NC,PURCHASE,OWNER,SFR,EagleTrust,2024
LN107337,2022-10,386400.0,5.164,360,780+,60-75,20-35,TX,PURCHASE,OWNER,TOWNHOUSE,BetaLoan,2022
LN107338,2021-11,156800.0,3.794,360,740-779,75-85,35-43,TX,PURCHASE,OWNER,SFR,EagleTrust,2021
LN107339,2023-07,194000.0,7.317,360,<620,85-95,35-43,FL,REFINANCE,OWNER,CONDO,CasaMortgage,2023
LN107340,2024-08,95600.0,6.037,360,780+,85-95,35-43,AZ,REFINANCE,OWNER,SFR,AlphaServ,2024
LN107341,2022-10,404500.0,4.87,360,780+,85-95,20-35,NC,PURCHASE,OWNER,SFR,BetaLoan,2022
LN107342,2024-06,298800.0,6.675,360,680-739,<=60,20-35,MI,CASHOUT_REFI,OWNER,CONDO,BetaLoan,2024
LN107343,2023-08,293500.0,6.316,360,680-739,<=60,20-35,MI,CASHOUT_REFI,OWNER,CONDO,BetaLoan,2023
LN107344,2024-02,292600.0,6.297,360,680-739,<=60,<=20,PA,REFINANCE,OWNER,CONDO,CasaMortgage,2024
LN107345,2022-07,101000.0,4.994,360,680-739,<=60,20-35,TX,REFINANCE,OWNER,CONDO,AlphaServ,2022
LN107346,2021-08,163800.0,3.994,360,740-779,85-95,35-43,WA,REFINANCE,OWNER,SFR,BetaLoan,2021
LN107347,2022-09,208300.0,5.303,360,680-739,75-85,35-43,NY,PURCHASE,OWNER,SFR,EagleTrust,2022
LN107348,2024-09,182200.0,6.798,360,620-679,75-85,20-35,OH,PURCHASE,OWNER,SFR,BetaLoan,2024
LN107349,2024-04,225900.0,8.0,360,<620,<=60,20-35,PA,PURCHASE,OWNER,TOWNHOUSE,BetaLoan,2024
LN107350,2024-03,285200.0,7.499,360,<620,85-95,20-35,PA,CASHOUT_REFI,OWNER,CONDO,BetaLoan,2024
LN107351,2024-07,401500.0,6.841,180,620-679,<=60,20-35,IL,REFINANCE,OWNER,CONDO,AlphaServ,2024
LN107352,2022-10,131100.0,5.826,360,680-739,60-75,20-35,OH,PURCHASE,OWNER,SFR,BetaLoan,2022
LN107353,2022-08,254200.0,4.348,360,780+,85-95,20-35,NY,PURCHASE,OWNER,SFR,AlphaServ,2022
LN107354,2024-09,351600.0,6.8,240,620-679,85-95,<=20,CA,PURCHASE,OWNER,SFR,AlphaServ,2024
LN107355,2023-07,168400.0,6.546,360,680-739,<=60,20-35,GA,PURCHASE,OWNER,TOWNHOUSE,DeltaHome,2023
LN107356,2022-07,234000.0,5.253,180,620-679,<=60,<=20,NC,REFINANCE,OWNER,SFR,CasaMortgage,2022
LN107357,2022-06,314900.0,5.024,180,680-739,75-85,<=20,IL,REFINANCE,OWNER,TOWNHOUSE,AlphaServ,2022
LN107358,2024-07,256500.0,6.749,240,680-739,75-85,20-35,CA,REFINANCE,OWNER,CONDO,AlphaServ,2024
LN107359,2021-09,345700.0,4.505,180,680-739,60-75,35-43,OH,REFINANCE,OWNER,TOWNHOUSE,EagleTrust,2021
LN107360,2021-09,266400.0,3.824,360,780+,75-85,20-35,CA,CASHOUT_REFI,OWNER,SFR,EagleTrust,2021
LN107361,2024-01,221800.0,5.99,360,780+,60-75,<=20,NY,PURCHASE,OWNER,MULTI_2_4,BetaLoan,2024
LN107362,2021-07,150600.0,3.428,180,780+,75-85,20-35,MI,PURCHASE,OWNER,SFR,CasaMortgage,2021
LN107363,2022-02,285300.0,3.964,360,740-779,85-95,20-35,TX,REFINANCE,OWNER,SFR,AlphaServ,2022
LN107364,2024-12,267000.0,6.694,360,620-679,85-95,35-43,AZ,CASHOUT_REFI,OWNER,SFR,BetaLoan,2024
LN107365,2022-12,163300.0,5.478,240,740-779,60-75,35-43,NC,PURCHASE,OWNER,TOWNHOUSE,BetaLoan,2022
LN107366,2024-01,331700.0,6.653,360,620-679,<=60,35-43,TX,PURCHASE,OWNER,CONDO,AlphaServ,2024
LN107367,2023-03,451600.0,5.779,240,740-779,<=60,35-43,TX,PURCHASE,OWNER,CONDO,AlphaServ,2023
LN107368,2021-10,189700.0,4.232,360,620-679,60-75,35-43,CA,CASHOUT_REFI,SECOND_HOME,TOWNHOUSE,CasaMortgage,2021
LN107369,2022-02,184000.0,4.9,360,620-679,60-75,20-35,AZ,PURCHASE,OWNER,MULTI_2_4,AlphaServ,2022
LN107370,2024-02,181000.0,7.389,360,<620,<=60,35-43,CA,PURCHASE,OWNER,CONDO,BetaLoan,2024
LN107371,2021-10,119900.0,3.993,180,740-779,85-95,20-35,GA,CASHOUT_REFI,OWNER,CONDO,EagleTrust,2021
LN107372,2023-07,629100.0,5.576,240,740-779,85-95,20-35,MI,CASHOUT_REFI,OWNER,SFR,CasaMortgage,2023
LN107373,2022-09,208600.0,6.37,360,<620,85-95,35-43,TX,PURCHASE,OWNER,SFR,AlphaServ,2022
LN107374,2022-10,173500.0,5.441,180,680-739,60-75,35-43,NY,PURCHASE,OWNER,SFR,AlphaServ,2022
LN107375,2024-10,153700.0,6.863,360,620-679,85-95,20-35,FL,PURCHASE,SECOND_HOME,SFR,AlphaServ,2024
LN107376,2023-08,214400.0,6.21,360,740-779,75-85,>43,PA,PURCHASE,OWNER,CONDO,DeltaHome,2023
LN107377,2023-08,186700.0,7.396,360,<620,85-95,20-35,WA,PURCHASE,OWNER,MULTI_2_4,DeltaHome,2023
LN107378,2022-09,487500.0,5.952,240,<620,<=60,20-35,WA,PURCHASE,OWNER,SFR,BetaLoan,2022
LN107379,2022-11,145500.0,5.304,360,740-779,85-95,20-35,CA,REFINANCE,OWNER,CONDO,AlphaServ,2022
LN107380,2023-11,127700.0,6.36,360,740-779,60-75,35-43,NC,PURCHASE,OWNER,SFR,CasaMortgage,2023
LN107381,2021-08,327200.0,3.307,360,780+,60-75,>43,OH,REFINANCE,OWNER,CONDO,DeltaHome,2021
LN107382,2022-04,243200.0,4.39,360,740-779,75-85,35-43,WA,PURCHASE,OWNER,SFR,BetaLoan,2022
LN107383,2023-08,230900.0,6.132,360,780+,60-75,20-35,OH,PURCHASE,OWNER,CONDO,AlphaServ,2023
LN107384,2023-09,328400.0,6.491,240,680-739,>95,20-35,NY,PURCHASE,OWNER,SFR,CasaMortgage,2023
LN107385,2021-10,271400.0,4.095,360,680-739,75-85,20-35,NY,PURCHASE,OWNER,SFR,BetaLoan,2021
LN107386,2024-04,249900.0,5.856,360,780+,85-95,35-43,PA,PURCHASE,OWNER,MULTI_2_4,EagleTrust,2024
LN107387,2023-05,135600.0,6.429,360,620-679,>95,>43,NC,PURCHASE,OWNER,SFR,DeltaHome,2023
LN107388,2022-04,120500.0,4.28,360,740-779,75-85,35-43,CA,PURCHASE,OWNER,SFR,BetaLoan,2022
LN107389,2024-02,186200.0,7.627,360,<620,85-95,20-35,WA,PURCHASE,OWNER,SFR,AlphaServ,2024
LN107390,2024-12,156700.0,6.602,360,680-739,>95,20-35,NC,PURCHASE,OWNER,SFR,EagleTrust,2024
LN107391,2022-12,288100.0,6.035,360,620-679,60-75,20-35,CA,PURCHASE,INVESTOR,SFR,EagleTrust,2022
LN107392,2022-06,113600.0,4.443,240,740-779,60-75,20-35,IL,REFINANCE,OWNER,SFR,BetaLoan,2022
LN107393,2022-07,208700.0,4.613,360,740-779,75-85,>43,TX,REFINANCE,OWNER,CONDO,AlphaServ,2022
LN107394,2023-07,236100.0,7.47,360,<620,75-85,20-35,OH,PURCHASE,OWNER,SFR,CasaMortgage,2023
LN107395,2021-08,250700.0,4.219,360,620-679,85-95,35-43,OH,CASHOUT_REFI,OWNER,SFR,AlphaServ,2021
LN107396,2023-03,305400.0,6.053,360,680-739,60-75,20-35,WA,PURCHASE,OWNER,SFR,CasaMortgage,2023
LN107397,2021-08,220400.0,4.395,360,620-679,85-95,35-43,CA,REFINANCE,SECOND_HOME,SFR,AlphaServ,2021
LN107398,2021-08,189000.0,4.208,240,680-739,75-85,>43,NY,PURCHASE,INVESTOR,SFR,CasaMortgage,2021
LN107399,2023-01,446900.0,5.286,360,780+,60-75,20-35,TX,PURCHASE,OWNER,TOWNHOUSE,EagleTrust,2023
LN107400,2024-02,221000.0,7.253,360,<620,85-95,35-43,CA,PURCHASE,SECOND_HOME,SFR,BetaLoan,2024
LN107401,2024-08,483400.0,6.86,180,680-739,85-95,<=20,MI,PURCHASE,OWNER,TOWNHOUSE,EagleTrust,2024
LN107402,2021-10,220500.0,4.21,240,680-739,60-75,<=20,MI,REFINANCE,OWNER,TOWNHOUSE,CasaMortgage,2021
LN107403,2022-05,253400.0,4.789,240,680-739,75-85,20-35,WA,PURCHASE,SECOND_HOME,SFR,CasaMortgage,2022
LN107404,2022-12,239800.0,5.447,180,680-739,85-95,20-35,OH,CASHOUT_REFI,OWNER,SFR,DeltaHome,2022
LN107405,2023-07,283200.0,5.995,360,740-779,75-85,35-43,TX,PURCHASE,OWNER,SFR,EagleTrust,2023
LN107406,2024-12,211300.0,6.354,360,680-739,60-75,20-35,FL,PURCHASE,OWNER,SFR,DeltaHome,2024
LN107407,2023-11,266500.0,6.203,360,740-779,85-95,<=20,GA,PURCHASE,OWNER,SFR,EagleTrust,2023
LN107408,2023-05,508300.0,5.88,360,680-739,60-75,35-43,GA,CASHOUT_REFI,SECOND_HOME,SFR,AlphaServ,2023
LN107409,2021-09,409200.0,3.847,360,740-779,60-75,35-43,CA,PURCHASE,OWNER,TOWNHOUSE,AlphaServ,2021
LN107410,2021-10,410500.0,3.82,360,780+,85-95,>43,AZ,PURCHASE,OWNER,SFR,AlphaServ,2021
LN107411,2022-01,139500.0,3.762,240,780+,75-85,20-35,AZ,REFINANCE,INVESTOR,CONDO,EagleTrust,2022
LN107412,2023-10,150100.0,6.038,360,780+,75-85,20-35,MI,PURCHASE,OWNER,CONDO,EagleTrust,2023
LN107413,2022-08,281500.0,4.964,360,680-739,75-85,20-35,TX,PURCHASE,SECOND_HOME,SFR,DeltaHome,2022
LN107414,2022-05,361100.0,4.562,360,780+,60-75,>43,FL,PURCHASE,OWNER,SFR,DeltaHome,2022
LN107415,2023-11,202100.0,6.036,360,740-779,<=60,20-35,NC,CASHOUT_REFI,OWNER,SFR,BetaLoan,2023
LN107416,2024-05,186500.0,6.261,360,740-779,>95,>43,FL,REFINANCE,INVESTOR,CONDO,AlphaServ,2024
LN107417,2023-01,477900.0,5.377,360,740-779,<=60,>43,NY,PURCHASE,INVESTOR,CONDO,CasaMortgage,2023
LN107418,2024-08,347500.0,5.906,360,780+,<=60,20-35,GA,REFINANCE,OWNER,TOWNHOUSE,BetaLoan,2024
LN107419,2024-01,410900.0,6.85,360,680-739,85-95,20-35,CA,PURCHASE,OWNER,SFR,BetaLoan,2024
LN107420,2024-01,209300.0,6.53,360,740-779,85-95,20-35,CA,CASHOUT_REFI,OWNER,SFR,BetaLoan,2024
LN107421,2024-07,202000.0,6.198,360,740-779,85-95,20-35,CA,PURCHASE,OWNER,SFR,AlphaServ,2024
LN107422,2022-02,391200.0,4.764,360,740-779,60-75,>43,TX,PURCHASE,OWNER,SFR,BetaLoan,2022
LN107423,2024-02,226800.0,6.481,360,740-779,60-75,<=20,IL,CASHOUT_REFI,OWNER,SFR,EagleTrust,2024
LN107424,2024-11,193900.0,7.102,360,620-679,>95,35-43,PA,PURCHASE,OWNER,SFR,AlphaServ,2024
LN107425,2024-12,169200.0,6.892,360,620-679,85-95,20-35,TX,CASHOUT_REFI,INVESTOR,SFR,CasaMortgage,2024
LN107426,2023-07,202800.0,6.573,360,680-739,85-95,35-43,FL,REFINANCE,OWNER,MULTI_2_4,CasaMortgage,2023
LN107427,2024-02,378400.0,6.306,360,740-779,75-85,20-35,CA,PURCHASE,OWNER,SFR,BetaLoan,2024
LN107428,2024-08,129400.0,6.102,360,740-779,85-95,20-35,IL,PURCHASE,OWNER,SFR,AlphaServ,2024
LN107429,2024-06,338800.0,6.294,360,740-779,>95,35-43,CA,REFINANCE,OWNER,SFR,AlphaServ,2024
LN107430,2024-08,185600.0,6.2,360,740-779,60-75,20-35,FL,REFINANCE,OWNER,TOWNHOUSE,BetaLoan,2024
LN107431,2024-05,232200.0,6.379,360,680-739,60-75,>43,PA,PURCHASE,OWNER,SFR,BetaLoan,2024
LN107432,2022-11,239000.0,6.155,360,620-679,<=60,35-43,WA,PURCHASE,OWNER,CONDO,AlphaServ,2022
LN107433,2024-01,231100.0,6.601,360,680-739,85-95,<=20,FL,REFINANCE,OWNER,SFR,EagleTrust,2024
LN107434,2022-12,224300.0,5.192,360,780+,60-75,20-35,FL,PURCHASE,INVESTOR,SFR,AlphaServ,2022
LN107435,2024-04,209000.0,6.916,360,680-739,60-75,20-35,MI,REFINANCE,OWNER,SFR,AlphaServ,2024
LN107436,2024-05,197400.0,6.133,360,780+,75-85,20-35,NC,PURCHASE,OWNER,TOWNHOUSE,CasaMortgage,2024
LN107437,2024-10,462300.0,6.269,360,780+,85-95,20-35,FL,CASHOUT_REFI,INVESTOR,SFR,DeltaHome,2024
LN107438,2023-07,258100.0,6.172,180,680-739,75-85,20-35,AZ,REFINANCE,SECOND_HOME,SFR,BetaLoan,2023
LN107439,2023-02,241200.0,5.503,360,740-779,>95,35-43,NY,PURCHASE,OWNER,CONDO,BetaLoan,2023
LN107440,2022-01,191000.0,4.37,240,680-739,60-75,>43,WA,CASHOUT_REFI,INVESTOR,TOWNHOUSE,CasaMortgage,2022
LN107441,2023-09,212400.0,6.478,360,680-739,75-85,<=20,AZ,CASHOUT_REFI,OWNER,SFR,DeltaHome,2023
LN107442,2023-06,191300.0,6.753,240,620-679,75-85,35-43,WA,CASHOUT_REFI,INVESTOR,MULTI_2_4,BetaLoan,2023
LN107443,2023-04,360200.0,6.725,180,620-679,75-85,20-35,CA,PURCHASE,OWNER,TOWNHOUSE,CasaMortgage,2023
LN107444,2023-11,181800.0,7.58,360,620-679,75-85,20-35,TX,PURCHASE,OWNER,SFR,DeltaHome,2023
LN107445,2024-06,92900.0,6.311,360,680-739,75-85,20-35,FL,PURCHASE,OWNER,SFR,CasaMortgage,2024
LN107446,2022-01,262000.0,4.66,360,620-679,85-95,20-35,MI,CASHOUT_REFI,OWNER,SFR,AlphaServ,2022
LN107447,2023-01,225100.0,5.903,360,680-739,85-95,20-35,FL,REFINANCE,OWNER,SFR,AlphaServ,2023
LN107448,2024-01,196100.0,6.924,180,680-739,>95,35-43,TX,PURCHASE,OWNER,SFR,DeltaHome,2024
LN107449,2024-05,384700.0,6.563,360,680-739,>95,20-35,FL,PURCHASE,OWNER,SFR,BetaLoan,2024
LN107450,2024-03,74600.0,6.293,240,740-779,75-85,35-43,FL,CASHOUT_REFI,OWNER,TOWNHOUSE,AlphaServ,2024
LN107451,2024-04,518800.0,6.529,360,680-739,85-95,<=20,PA,PURCHASE,OWNER,SFR,AlphaServ,2024
LN107452,2024-06,410300.0,7.596,180,<620,75-85,20-35,WA,REFINANCE,OWNER,SFR,AlphaServ,2024
LN107453,2024-11,192400.0,6.018,180,780+,75-85,<=20,FL,PURCHASE,OWNER,SFR,BetaLoan,2024
LN107454,2023-08,208400.0,6.062,360,780+,<=60,<=20,CA,PURCHASE,OWNER,SFR,CasaMortgage,2023
LN107455,2022-05,320300.0,4.688,360,740-779,60-75,20-35,NC,PURCHASE,OWNER,SFR,BetaLoan,2022
LN107456,2023-06,324200.0,5.931,360,740-779,>95,<=20,IL,PURCHASE,OWNER,SFR,BetaLoan,2023
LN107457,2023-12,191900.0,7.125,360,620-679,85-95,35-43,NY,PURCHASE,OWNER,SFR,AlphaServ,2023
LN107458,2021-11,123300.0,3.798,360,740-779,<=60,20-35,FL,PURCHASE,INVESTOR,SFR,BetaLoan,2021
LN107459,2024-02,660800.0,7.026,360,620-679,75-85,35-43,IL,PURCHASE,OWNER,SFR,AlphaServ,2024
LN107460,2023-05,392500.0,6.106,360,680-739,60-75,<=20,CA,CASHOUT_REFI,SECOND_HOME,SFR,BetaLoan,2023
LN107461,2024-10,273900.0,6.648,360,620-679,85-95,20-35,GA,REFINANCE,OWNER,CONDO,AlphaServ,2024
LN107462,2022-03,276300.0,4.413,360,740-779,<=60,20-35,AZ,PURCHASE,INVESTOR,SFR,CasaMortgage,2022
LN107463,2024-09,337600.0,6.783,360,620-679,75-85,<=20,AZ,PURCHASE,OWNER,CONDO,CasaMortgage,2024
LN107464,2023-01,356300.0,6.097,240,620-679,85-95,<=20,NC,PURCHASE,OWNER,SFR,DeltaHome,2023
LN107465,2023-07,99800.0,6.697,360,620-679,75-85,<=20,NY,PURCHASE,INVESTOR,SFR,AlphaServ,2023
LN107466,2023-10,218000.0,6.54,360,740-779,60-75,>43,AZ,REFINANCE,OWNER,SFR,CasaMortgage,2023
LN107467,2023-07,208000.0,6.654,360,680-739,85-95,20-35,GA,REFINANCE,OWNER,SFR,DeltaHome,2023
LN107468,2024-08,237400.0,6.281,360,680-739,85-95,<=20,IL,REFINANCE,OWNER,SFR,EagleTrust,2024
LN107469,2022-02,361100.0,4.231,360,680-739,60-75,20-35,FL,PURCHASE,OWNER,SFR,AlphaServ,2022
LN107470,2024-01,114100.0,6.61,360,740-779,60-75,>43,MI,PURCHASE,OWNER,SFR,CasaMortgage,2024
LN107471,2024-11,139100.0,7.317,360,620-679,85-95,20-35,MI,PURCHASE,SECOND_HOME,MULTI_2_4,AlphaServ,2024
LN107472,2022-04,187800.0,4.239,180,780+,60-75,20-35,OH,PURCHASE,OWNER,SFR,AlphaServ,2022
LN107473,2022-05,273600.0,4.793,360,680-739,60-75,>43,FL,PURCHASE,OWNER,SFR,CasaMortgage,2022
LN107474,2023-02,371200.0,6.335,360,620-679,75-85,35-43,NY,PURCHASE,OWNER,SFR,DeltaHome,2023
LN107475,2024-01,531800.0,6.933,360,620-679,75-85,20-35,GA,PURCHASE,OWNER,SFR,BetaLoan,2024
LN107476,2024-11,224400.0,7.199,360,<620,85-95,20-35,TX,PURCHASE,OWNER,SFR,DeltaHome,2024
LN107477,2024-04,370900.0,6.752,180,680-739,>95,20-35,IL,CASHOUT_REFI,OWNER,SFR,CasaMortgage,2024
LN107478,2024-04,351400.0,6.833,360,620-679,85-95,35-43,CA,PURCHASE,OWNER,SFR,BetaLoan,2024
LN107479,2023-01,325700.0,5.449,360,780+,<=60,35-43,PA,REFINANCE,OWNER,SFR,AlphaServ,2023
LN107480,2023-10,252500.0,6.504,240,680-739,60-75,20-35,NY,CASHOUT_REFI,OWNER,CONDO,CasaMortgage,2023
LN107481,2022-03,213200.0,5.145,360,620-679,60-75,<=20,NY,CASHOUT_REFI,OWNER,SFR,DeltaHome,2022
LN107482,2023-02,158000.0,5.822,360,680-739,85-95,<=20,AZ,REFINANCE,INVESTOR,SFR,AlphaServ,2023
LN107483,2022-02,153400.0,4.624,360,620-679,75-85,35-43,NY,REFINANCE,OWNER,SFR,BetaLoan,2022
LN107484,2021-08,298400.0,4.312,360,620-679,>95,35-43,IL,PURCHASE,OWNER,SFR,AlphaServ,2021
LN107485,2024-06,249100.0,6.998,360,620-679,75-85,20-35,FL,PURCHASE,OWNER,SFR,AlphaServ,2024
LN107486,2024-04,211700.0,7.475,360,<620,<=60,20-35,PA,PURCHASE,SECOND_HOME,SFR,AlphaServ,2024
LN107487,2023-04,344300.0,6.313,360,620-679,75-85,35-43,NY,REFINANCE,OWNER,SFR,DeltaHome,2023
LN107488,2021-07,233200.0,3.465,360,780+,60-75,35-43,IL,PURCHASE,OWNER,SFR,CasaMortgage,2021
LN107489,2021-10,169200.0,3.893,240,740-779,60-75,20-35,IL,PURCHASE,OWNER,MULTI_2_4,EagleTrust,2021
LN107490,2021-11,226400.0,3.861,360,780+,60-75,>43,NC,PURCHASE,OWNER,SFR,BetaLoan,2021
LN107491,2024-01,369300.0,6.969,360,620-679,60-75,<=20,OH,PURCHASE,OWNER,SFR,EagleTrust,2024
LN107492,2022-03,161000.0,4.174,360,780+,60-75,20-35,NY,CASHOUT_REFI,OWNER,SFR,AlphaServ,2022
LN107493,2022-05,280500.0,4.776,360,680-739,75-85,20-35,GA,REFINANCE,OWNER,TOWNHOUSE,DeltaHome,2022
LN107494,2024-07,249000.0,7.003,360,620-679,85-95,35-43,GA,PURCHASE,OWNER,SFR,AlphaServ,2024
LN107495,2024-07,181300.0,6.385,360,740-779,85-95,20-35,NC,CASHOUT_REFI,INVESTOR,SFR,AlphaServ,2024
LN107496,2024-03,223700.0,7.282,360,<620,60-75,20-35,IL,REFINANCE,INVESTOR,CONDO,DeltaHome,2024
LN107497,2022-08,125800.0,5.5,360,680-739,75-85,20-35,WA,REFINANCE,SECOND_HOME,TOWNHOUSE,EagleTrust,2022
LN107498,2023-07,268200.0,6.076,360,740-779,85-95,20-35,OH,REFINANCE,SECOND_HOME,SFR,CasaMortgage,2023
LN107499,2022-03,138100.0,4.232,360,740-779,>95,20-35,MI,REFINANCE,INVESTOR,SFR,DeltaHome,2022
LN107500,2024-07,413600.0,6.639,360,680-739,85-95,<=20,IL,CASHOUT_REFI,OWNER,CONDO,AlphaServ,2024
LN107501,2021-10,244900.0,4.384,360,680-739,75-85,20-35,FL,PURCHASE,OWNER,SFR,DeltaHome,2021
LN107502,2024-02,197300.0,7.562,360,<620,85-95,>43,IL,REFINANCE,OWNER,TOWNHOUSE,AlphaServ,2024
LN107503,2023-04,430300.0,5.759,180,780+,85-95,20-35,OH,PURCHASE,OWNER,TOWNHOUSE,EagleTrust,2023
LN107504,2024-02,160400.0,7.003,240,620-679,<=60,20-35,FL,CASHOUT_REFI,OWNER,TOWNHOUSE,BetaLoan,2024
LN107505,2023-01,182300.0,6.036,360,620-679,<=60,20-35,MI,REFINANCE,OWNER,SFR,DeltaHome,2023
LN107506,2022-01,112100.0,4.303,360,620-679,>95,35-43,NY,PURCHASE,OWNER,TOWNHOUSE,CasaMortgage,2022
LN107507,2024-02,460100.0,6.236,360,780+,>95,20-35,GA,REFINANCE,SECOND_HOME,CONDO,AlphaServ,2024
LN107508,2023-09,592900.0,6.342,360,740-779,75-85,35-43,FL,PURCHASE,SECOND_HOME,SFR,AlphaServ,2023
LN107509,2023-02,120200.0,5.73,360,680-739,85-95,35-43,IL,PURCHASE,INVESTOR,CONDO,CasaMortgage,2023
LN107510,2022-10,176800.0,4.702,360,780+,60-75,20-35,FL,REFINANCE,OWNER,TOWNHOUSE,AlphaServ,2022
LN107511,2022-09,263400.0,5.989,360,<620,85-95,>43,NY,PURCHASE,OWNER,SFR,DeltaHome,2022
LN107512,2023-03,202400.0,5.435,360,780+,75-85,35-43,NC,REFINANCE,OWNER,SFR,DeltaHome,2023
LN107513,2022-05,251700.0,5.496,360,<620,60-75,35-43,CA,REFINANCE,OWNER,SFR,AlphaServ,2022
LN107514,2022-06,242100.0,4.906,360,680-739,75-85,35-43,TX,CASHOUT_REFI,OWNER,SFR,CasaMortgage,2022
LN107515,2022-06,306600.0,5.812,360,<620,75-85,20-35,FL,CASHOUT_REFI,OWNER,SFR,EagleTrust,2022
LN107516,2021-07,165600.0,3.558,360,780+,>95,35-43,TX,PURCHASE,SECOND_HOME,SFR,BetaLoan,2021
LN107517,2024-09,278400.0,5.962,360,780+,85-95,35-43,TX,PURCHASE,SECOND_HOME,SFR,DeltaHome,2024
LN107518,2022-04,154500.0,4.177,180,740-779,60-75,>43,PA,PURCHASE,OWNER,CONDO,AlphaServ,2022
LN107519,2022-01,212100.0,4.491,360,620-679,60-75,>43,TX,PURCHASE,OWNER,SFR,CasaMortgage,2022
LN107520,2022-01,116800.0,4.253,360,680-739,60-75,20-35,GA,PURCHASE,SECOND_HOME,SFR,AlphaServ,2022
LN107521,2024-12,212800.0,6.595,180,680-739,<=60,35-43,NY,PURCHASE,OWNER,TOWNHOUSE,AlphaServ,2024
LN107522,2023-03,197300.0,5.744,360,680-739,75-85,20-35,TX,CASHOUT_REFI,OWNER,TOWNHOUSE,BetaLoan,2023
LN107523,2022-08,390300.0,6.033,360,<620,75-85,35-43,FL,REFINANCE,OWNER,SFR,EagleTrust,2022
LN107524,2022-11,248500.0,5.071,360,740-779,<=60,35-43,CA,REFINANCE,OWNER,SFR,CasaMortgage,2022
LN107525,2021-10,269700.0,3.63,360,740-779,>95,>43,CA,PURCHASE,SECOND_HOME,SFR,EagleTrust,2021
LN107526,2022-08,252700.0,4.82,180,780+,85-95,35-43,FL,PURCHASE,SECOND_HOME,SFR,CasaMortgage,2022
LN107527,2022-05,97900.0,4.975,180,680-739,60-75,35-43,MI,PURCHASE,OWNER,TOWNHOUSE,DeltaHome,2022
LN107528,2024-04,103900.0,7.078,360,620-679,85-95,<=20,NY,PURCHASE,OWNER,SFR,DeltaHome,2024
LN107529,2021-09,221100.0,3.905,360,680-739,60-75,35-43,OH,REFINANCE,OWNER,SFR,BetaLoan,2021
LN107530,2022-12,289300.0,6.244,360,620-679,75-85,20-35,CA,CASHOUT_REFI,OWNER,TOWNHOUSE,DeltaHome,2022
LN107531,2024-04,229600.0,6.723,240,680-739,75-85,20-35,AZ,REFINANCE,OWNER,SFR,DeltaHome,2024
LN107532,2024-06,173000.0,6.648,360,740-779,<=60,20-35,FL,CASHOUT_REFI,INVESTOR,SFR,CasaMortgage,2024
LN107533,2023-04,229100.0,6.435,360,620-679,75-85,20-35,TX,PURCHASE,INVESTOR,SFR,CasaMortgage,2023
LN107534,2022-04,220300.0,4.707,360,680-739,>95,35-43,FL,PURCHASE,OWNER,SFR,AlphaServ,2022
LN107535,2022-09,362400.0,4.626,360,780+,85-95,20-35,WA,PURCHASE,INVESTOR,SFR,EagleTrust,2022
LN107536,2022-04,353400.0,4.298,360,680-739,75-85,20-35,GA,PURCHASE,OWNER,SFR,AlphaServ,2022
LN107537,2023-10,199000.0,6.155,360,680-739,85-95,35-43,CA,PURCHASE,OWNER,SFR,BetaLoan,2023
LN107538,2022-07,249600.0,4.721,240,740-779,85-95,<=20,TX,REFINANCE,OWNER,MULTI_2_4,AlphaServ,2022
LN107539,2023-09,289000.0,6.014,360,740-779,85-95,20-35,MI,PURCHASE,OWNER,SFR,AlphaServ,2023
LN107540,2023-10,309000.0,7.479,180,<620,<=60,20-35,PA,CASHOUT_REFI,OWNER,TOWNHOUSE,AlphaServ,2023
LN107541,2024-10,537000.0,6.352,360,740-779,<=60,<=20,CA,PURCHASE,OWNER,SFR,CasaMortgage,2024
LN107542,2022-10,252000.0,4.93,360,780+,85-95,35-43,FL,REFINANCE,OWNER,MULTI_2_4,AlphaServ,2022
LN107543,2024-11,431900.0,7.132,180,<620,>95,35-43,CA,REFINANCE,OWNER,CONDO,DeltaHome,2024
LN107544,2022-11,151400.0,5.787,360,620-679,75-85,35-43,CA,REFINANCE,OWNER,SFR,AlphaServ,2022
LN107545,2023-11,191600.0,6.26,360,740-779,>95,20-35,CA,PURCHASE,OWNER,TOWNHOUSE,AlphaServ,2023
LN107546,2023-10,97600.0,6.247,360,740-779,85-95,20-35,NY,PURCHASE,OWNER,SFR,AlphaServ,2023
LN107547,2024-05,273200.0,6.656,360,680-739,<=60,35-43,CA,PURCHASE,OWNER,TOWNHOUSE,AlphaServ,2024
LN107548,2023-02,341600.0,6.09,360,680-739,>95,35-43,NC,PURCHASE,OWNER,SFR,AlphaServ,2023
LN107549,2024-04,80800.0,6.248,360,740-779,85-95,20-35,NY,PURCHASE,OWNER,SFR,DeltaHome,2024
LN107550,2022-09,277800.0,5.326,360,680-739,75-85,20-35,NY,PURCHASE,OWNER,TOWNHOUSE,DeltaHome,2022
LN107551,2023-03,335000.0,6.54,180,620-679,85-95,20-35,WA,REFINANCE,OWNER,SFR,BetaLoan,2023
LN107552,2023-03,326500.0,6.613,360,620-679,60-75,<=20,FL,CASHOUT_REFI,OWNER,SFR,AlphaServ,2023
LN107553,2023-12,149000.0,6.54,360,680-739,75-85,<=20,CA,PURCHASE,OWNER,SFR,CasaMortgage,2023
LN107554,2023-08,361500.0,5.896,360,780+,75-85,35-43,NY,PURCHASE,OWNER,SFR,CasaMortgage,2023
LN107555,2021-10,256300.0,4.223,360,680-739,75-85,20-35,IL,PURCHASE,SECOND_HOME,SFR,EagleTrust,2021
LN107556,2024-04,333000.0,7.0,180,620-679,75-85,35-43,IL,PURCHASE,OWNER,SFR,EagleTrust,2024
LN107557,2024-02,241200.0,6.027,360,780+,<=60,20-35,IL,PURCHASE,OWNER,SFR,AlphaServ,2024
LN107558,2021-11,303000.0,4.108,360,680-739,<=60,20-35,FL,REFINANCE,OWNER,CONDO,DeltaHome,2021
LN107559,2024-11,420500.0,6.203,360,680-739,<=60,35-43,OH,PURCHASE,INVESTOR,MULTI_2_4,BetaLoan,2024
LN107560,2023-10,232900.0,6.983,360,620-679,75-85,20-35,AZ,PURCHASE,INVESTOR,SFR,EagleTrust,2023
LN107561,2021-10,290100.0,3.952,360,740-779,75-85,>43,FL,CASHOUT_REFI,INVESTOR,SFR,CasaMortgage,2021
LN107562,2023-03,447900.0,5.787,360,740-779,75-85,20-35,OH,REFINANCE,OWNER,SFR,BetaLoan,2023
LN107563,2024-06,240400.0,6.364,360,740-779,75-85,35-43,PA,PURCHASE,OWNER,SFR,CasaMortgage,2024
LN107564,2022-06,153800.0,4.851,360,680-739,<=60,20-35,NY,PURCHASE,OWNER,CONDO,AlphaServ,2022
LN107565,2024-10,346000.0,6.873,360,680-739,85-95,20-35,CA,CASHOUT_REFI,OWNER,TOWNHOUSE,CasaMortgage,2024
LN107566,2022-12,486800.0,6.255,360,620-679,85-95,20-35,NY,CASHOUT_REFI,OWNER,SFR,AlphaServ,2022
LN107567,2022-04,455900.0,4.492,360,780+,85-95,20-35,IL,REFINANCE,OWNER,SFR,BetaLoan,2022
LN107568,2022-09,352100.0,5.57,360,620-679,<=60,20-35,PA,PURCHASE,OWNER,CONDO,AlphaServ,2022
LN107569,2023-05,88900.0,5.906,180,740-779,75-85,20-35,PA,REFINANCE,OWNER,CONDO,BetaLoan,2023
LN107570,2023-11,191700.0,6.208,180,740-779,75-85,35-43,MI,PURCHASE,OWNER,SFR,DeltaHome,2023
LN107571,2024-09,196200.0,7.218,240,620-679,85-95,20-35,NY,PURCHASE,OWNER,SFR,CasaMortgage,2024
LN107572,2022-03,260500.0,4.165,180,680-739,<=60,<=20,TX,PURCHASE,OWNER,SFR,AlphaServ,2022
LN107573,2024-11,545600.0,7.524,360,<620,85-95,20-35,NY,PURCHASE,INVESTOR,SFR,CasaMortgage,2024
LN107574,2023-05,157000.0,6.256,360,680-739,>95,>43,FL,PURCHASE,OWNER,SFR,CasaMortgage,2023
LN107575,2021-12,700100.0,3.985,180,780+,85-95,<=20,WA,REFINANCE,OWNER,SFR,AlphaServ,2021
LN107576,2024-09,214900.0,6.467,360,680-739,85-95,35-43,CA,REFINANCE,OWNER,TOWNHOUSE,BetaLoan,2024
LN107577,2022-09,180800.0,4.487,360,780+,<=60,20-35,IL,CASHOUT_REFI,OWNER,SFR,AlphaServ,2022
LN107578,2023-09,373400.0,7.201,360,620-679,75-85,20-35,NY,CASHOUT_REFI,OWNER,SFR,BetaLoan,2023
LN107579,2023-12,386900.0,6.551,360,680-739,60-75,20-35,MI,REFINANCE,INVESTOR,SFR,BetaLoan,2023
LN107580,2021-07,342000.0,3.733,360,780+,75-85,>43,OH,PURCHASE,OWNER,MULTI_2_4,DeltaHome,2021
LN107581,2022-04,180500.0,4.098,240,780+,85-95,20-35,CA,PURCHASE,OWNER,SFR,BetaLoan,2022
LN107582,2023-11,319900.0,6.734,360,680-739,85-95,20-35,NC,PURCHASE,SECOND_HOME,TOWNHOUSE,AlphaServ,2023
LN107583,2022-08,160300.0,5.0,360,740-779,>95,35-43,IL,REFINANCE,OWNER,SFR,AlphaServ,2022
LN107584,2021-07,178300.0,3.781,360,780+,>95,<=20,GA,PURCHASE,OWNER,SFR,AlphaServ,2021
LN107585,2021-07,244600.0,3.701,240,740-779,60-75,>43,CA,REFINANCE,OWNER,SFR,BetaLoan,2021
LN107586,2024-05,176500.0,6.848,360,680-739,>95,20-35,IL,PURCHASE,OWNER,SFR,DeltaHome,2024
LN107587,2022-01,409900.0,4.866,360,620-679,85-95,>43,IL,REFINANCE,OWNER,SFR,BetaLoan,2022
LN107588,2021-11,196800.0,4.808,360,<620,85-95,35-43,CA,REFINANCE,OWNER,TOWNHOUSE,BetaLoan,2021
LN107589,2023-06,231100.0,6.246,360,740-779,60-75,20-35,GA,PURCHASE,OWNER,SFR,DeltaHome,2023
LN107590,2021-11,171800.0,4.338,360,680-739,60-75,>43,AZ,CASHOUT_REFI,OWNER,SFR,BetaLoan,2021
LN107591,2023-10,407100.0,6.845,180,620-679,75-85,>43,CA,PURCHASE,OWNER,SFR,CasaMortgage,2023
LN107592,2023-05,189100.0,6.204,360,680-739,<=60,35-43,TX,PURCHASE,OWNER,CONDO,AlphaServ,2023
LN107593,2023-10,426700.0,6.318,360,680-739,60-75,20-35,FL,REFINANCE,INVESTOR,MULTI_2_4,BetaLoan,2023
LN107594,2023-03,412900.0,6.078,240,680-739,<=60,35-43,OH,PURCHASE,OWNER,TOWNHOUSE,BetaLoan,2023
LN107595,2024-03,208800.0,6.698,240,680-739,75-85,<=20,MI,REFINANCE,OWNER,SFR,BetaLoan,2024
LN107596,2023-10,258700.0,6.519,360,680-739,75-85,>43,GA,PURCHASE,OWNER,SFR,DeltaHome,2023
LN107597,2022-12,206200.0,6.149,360,620-679,<=60,20-35,IL,PURCHASE,OWNER,TOWNHOUSE,CasaMortgage,2022
LN107598,2021-07,326300.0,3.463,360,780+,85-95,35-43,WA,PURCHASE,SECOND_HOME,CONDO,DeltaHome,2021
LN107599,2022-06,233900.0,4.427,360,740-779,<=60,35-43,FL,CASHOUT_REFI,OWNER,SFR,EagleTrust,2022
LN107600,2021-12,211500.0,4.704,180,620-679,75-85,>43,MI,PURCHASE,OWNER,TOWNHOUSE,BetaLoan,2021
LN107601,2021-07,260600.0,4.108,360,680-739,75-85,35-43,PA,PURCHASE,OWNER,SFR,CasaMortgage,2021
LN107602,2022-06,125200.0,4.819,240,680-739,75-85,35-43,CA,CASHOUT_REFI,OWNER,SFR,DeltaHome,2022
LN107603,2022-03,246700.0,4.334,360,740-779,60-75,35-43,CA,CASHOUT_REFI,OWNER,SFR,BetaLoan,2022
LN107604,2021-10,341900.0,4.036,360,740-779,85-95,20-35,WA,CASHOUT_REFI,OWNER,TOWNHOUSE,AlphaServ,2021
LN107605,2022-08,271600.0,5.036,360,740-779,60-75,<=20,FL,PURCHASE,OWNER,TOWNHOUSE,DeltaHome,2022
LN107606,2023-04,391700.0,5.757,360,740-779,60-75,>43,GA,REFINANCE,OWNER,TOWNHOUSE,CasaMortgage,2023
LN107607,2022-02,215400.0,4.555,360,620-679,75-85,20-35,CA,PURCHASE,OWNER,SFR,AlphaServ,2022
LN107608,2022-06,207600.0,4.97,180,680-739,<=60,35-43,MI,REFINANCE,OWNER,SFR,CasaMortgage,2022
LN107609,2021-07,154400.0,4.909,180,<620,>95,20-35,FL,PURCHASE,OWNER,SFR,AlphaServ,2021
LN107610,2021-09,212700.0,4.138,240,680-739,75-85,20-35,OH,PURCHASE,SECOND_HOME,SFR,BetaLoan,2021
LN107611,2022-01,618300.0,4.284,360,680-739,60-75,20-35,CA,CASHOUT_REFI,OWNER,SFR,CasaMortgage,2022
LN107612,2023-02,288900.0,5.94,360,740-779,85-95,>43,CA,PURCHASE,OWNER,SFR,DeltaHome,2023
LN107613,2023-10,196100.0,6.823,360,620-679,85-95,20-35,PA,PURCHASE,OWNER,MULTI_2_4,BetaLoan,2023
LN107614,2024-04,162300.0,6.94,360,680-739,75-85,20-35,OH,REFINANCE,OWNER,SFR,AlphaServ,2024
LN107615,2023-09,124300.0,6.601,360,680-739,>95,<=20,MI,REFINANCE,INVESTOR,SFR,DeltaHome,2023
LN107616,2023-08,175700.0,6.605,360,680-739,75-85,20-35,TX,PURCHASE,OWNER,SFR,CasaMortgage,2023
LN107617,2024-10,359200.0,6.225,180,740-779,60-75,20-35,FL,REFINANCE,OWNER,SFR,CasaMortgage,2024
LN107618,2022-05,210600.0,5.519,360,<620,85-95,<=20,PA,CASHOUT_REFI,OWNER,CONDO,BetaLoan,2022
LN107619,2024-04,165800.0,7.129,360,620-679,>95,35-43,OH,REFINANCE,OWNER,SFR,AlphaServ,2024
LN107620,2024-10,174300.0,6.61,360,680-739,60-75,35-43,GA,PURCHASE,OWNER,CONDO,CasaMortgage,2024
LN107621,2023-06,341900.0,5.909,360,740-779,<=60,35-43,TX,REFINANCE,OWNER,SFR,DeltaHome,2023
LN107622,2024-06,246100.0,7.13,360,620-679,75-85,35-43,OH,PURCHASE,OWNER,SFR,BetaLoan,2024
LN107623,2021-12,192500.0,3.903,360,780+,85-95,<=20,NC,PURCHASE,INVESTOR,SFR,CasaMortgage,2021
LN107624,2024-07,222200.0,5.785,360,780+,60-75,35-43,TX,PURCHASE,OWNER,TOWNHOUSE,AlphaServ,2024
LN107625,2023-06,688800.0,6.111,360,740-779,>95,35-43,FL,PURCHASE,OWNER,SFR,CasaMortgage,2023
LN107626,2022-04,441900.0,4.827,360,680-739,60-75,35-43,CA,PURCHASE,OWNER,SFR,DeltaHome,2022
LN107627,2021-09,494300.0,3.559,360,740-779,85-95,35-43,WA,PURCHASE,OWNER,SFR,BetaLoan,2021
LN107628,2024-01,116000.0,7.825,360,<620,85-95,35-43,AZ,PURCHASE,OWNER,SFR,AlphaServ,2024
LN107629,2023-01,238500.0,5.584,240,780+,60-75,35-43,CA,CASHOUT_REFI,OWNER,SFR,BetaLoan,2023
LN107630,2022-08,191000.0,4.851,360,680-739,75-85,35-43,PA,PURCHASE,INVESTOR,SFR,CasaMortgage,2022
LN107631,2022-11,326000.0,5.911,360,620-679,<=60,20-35,OH,CASHOUT_REFI,OWNER,SFR,AlphaServ,2022
LN107632,2024-12,411200.0,6.734,360,620-679,75-85,<=20,WA,PURCHASE,OWNER,SFR,AlphaServ,2024
LN107633,2022-12,295600.0,5.194,360,740-779,75-85,35-43,IL,PURCHASE,INVESTOR,TOWNHOUSE,AlphaServ,2022
LN107634,2021-10,172400.0,3.736,360,780+,85-95,35-43,TX,CASHOUT_REFI,OWNER,SFR,DeltaHome,2021
LN107635,2022-06,189600.0,4.919,360,680-739,75-85,35-43,PA,PURCHASE,OWNER,SFR,BetaLoan,2022
LN107636,2022-01,337500.0,4.207,240,680-739,60-75,20-35,WA,REFINANCE,INVESTOR,SFR,CasaMortgage,2022
LN107637,2023-11,352900.0,6.086,360,740-779,<=60,<=20,OH,REFINANCE,OWNER,CONDO,CasaMortgage,2023
LN107638,2024-04,272000.0,6.305,360,740-779,<=60,35-43,NY,REFINANCE,OWNER,SFR,AlphaServ,2024
LN107639,2024-06,270600.0,6.376,360,740-779,75-85,<=20,MI,PURCHASE,INVESTOR,SFR,DeltaHome,2024
LN107640,2023-09,261100.0,6.312,360,680-739,>95,20-35,CA,PURCHASE,OWNER,SFR,AlphaServ,2023
LN107641,2024-03,288100.0,6.61,360,680-739,85-95,20-35,PA,PURCHASE,OWNER,SFR,EagleTrust,2024
LN107642,2022-12,352300.0,5.307,360,780+,75-85,<=20,PA,PURCHASE,INVESTOR,CONDO,BetaLoan,2022
LN107643,2023-09,338900.0,7.026,180,620-679,>95,20-35,FL,PURCHASE,OWNER,SFR,BetaLoan,2023
LN107644,2021-11,258000.0,4.287,360,680-739,60-75,<=20,CA,REFINANCE,INVESTOR,CONDO,CasaMortgage,2021
LN107645,2023-05,249700.0,7.156,360,<620,>95,20-35,CA,REFINANCE,OWNER,SFR,AlphaServ,2023
LN107646,2023-06,245400.0,6.257,360,680-739,60-75,>43,WA,PURCHASE,OWNER,SFR,BetaLoan,2023
LN107647,2021-08,179700.0,3.72,180,740-779,60-75,20-35,MI,REFINANCE,INVESTOR,CONDO,AlphaServ,2021
LN107648,2023-06,178600.0,6.732,360,620-679,85-95,>43,FL,REFINANCE,SECOND_HOME,SFR,DeltaHome,2023
LN107649,2024-01,326000.0,6.59,360,680-739,75-85,20-35,AZ,PURCHASE,OWNER,SFR,EagleTrust,2024
LN107650,2022-10,185200.0,6.414,360,<620,85-95,35-43,AZ,CASHOUT_REFI,OWNER,SFR,BetaLoan,2022
LN107651,2023-05,368200.0,5.59,360,780+,85-95,<=20,AZ,PURCHASE,SECOND_HOME,SFR,DeltaHome,2023
LN107652,2022-07,249400.0,4.639,360,780+,60-75,20-35,IL,PURCHASE,OWNER,SFR,CasaMortgage,2022
LN107653,2022-06,369100.0,4.619,360,680-739,<=60,20-35,PA,PURCHASE,OWNER,SFR,BetaLoan,2022
LN107654,2021-12,340000.0,4.12,360,740-779,75-85,<=20,CA,CASHOUT_REFI,OWNER,SFR,AlphaServ,2021
LN107655,2022-08,373000.0,5.522,360,620-679,75-85,>43,CA,REFINANCE,INVESTOR,SFR,CasaMortgage,2022
LN107656,2024-04,206000.0,6.099,360,740-779,75-85,20-35,GA,PURCHASE,OWNER,SFR,AlphaServ,2024
LN107657,2024-10,306800.0,6.045,180,740-779,60-75,20-35,CA,PURCHASE,OWNER,SFR,CasaMortgage,2024
LN107658,2023-09,355800.0,6.959,360,620-679,60-75,20-35,CA,PURCHASE,OWNER,SFR,AlphaServ,2023
LN107659,2023-09,127000.0,5.983,360,780+,75-85,20-35,CA,CASHOUT_REFI,OWNER,SFR,DeltaHome,2023
LN107660,2023-08,548900.0,7.353,240,<620,<=60,>43,NY,PURCHASE,OWNER,SFR,DeltaHome,2023
LN107661,2023-02,707600.0,5.612,360,740-779,75-85,35-43,IL,PURCHASE,OWNER,CONDO,BetaLoan,2023
LN107662,2022-12,390900.0,6.034,360,620-679,<=60,<=20,AZ,PURCHASE,OWNER,SFR,CasaMortgage,2022
LN107663,2023-09,366800.0,6.182,360,740-779,85-95,20-35,NY,REFINANCE,SECOND_HOME,CONDO,BetaLoan,2023
LN107664,2024-03,332700.0,7.491,180,<620,75-85,<=20,IL,PURCHASE,OWNER,SFR,DeltaHome,2024
LN107665,2022-12,220700.0,5.97,360,620-679,60-75,35-43,PA,CASHOUT_REFI,OWNER,CONDO,DeltaHome,2022
LN107666,2023-06,242900.0,5.998,360,680-739,85-95,20-35,PA,CASHOUT_REFI,OWNER,TOWNHOUSE,CasaMortgage,2023
LN107667,2023-02,394000.0,5.32,360,780+,75-85,>43,FL,PURCHASE,INVESTOR,SFR,AlphaServ,2023
LN107668,2022-06,164700.0,4.92,360,680-739,75-85,>43,NC,REFINANCE,OWNER,SFR,BetaLoan,2022
LN107669,2022-07,158400.0,4.872,360,740-779,60-75,<=20,AZ,PURCHASE,OWNER,MULTI_2_4,CasaMortgage,2022
LN107670,2021-10,213500.0,3.819,360,680-739,75-85,<=20,PA,PURCHASE,OWNER,SFR,EagleTrust,2021
LN107671,2023-01,342900.0,5.24,360,780+,85-95,>43,FL,PURCHASE,OWNER,SFR,EagleTrust,2023
LN107672,2023-12,172900.0,6.591,360,680-739,60-75,20-35,NC,REFINANCE,OWNER,SFR,DeltaHome,2023
LN107673,2023-11,230600.0,6.55,360,680-739,75-85,20-35,NC,PURCHASE,INVESTOR,SFR,AlphaServ,2023
LN107674,2024-12,243300.0,6.004,360,780+,60-75,20-35,TX,REFINANCE,OWNER,SFR,BetaLoan,2024
LN107675,2021-08,161900.0,3.999,180,680-739,75-85,20-35,GA,REFINANCE,OWNER,SFR,EagleTrust,2021
LN107676,2024-02,85100.0,6.447,360,680-739,75-85,35-43,CA,CASHOUT_REFI,OWNER,MULTI_2_4,BetaLoan,2024
LN107677,2024-04,160800.0,6.183,360,780+,<=60,>43,TX,REFINANCE,OWNER,SFR,CasaMortgage,2024
LN107678,2023-01,287000.0,5.872,240,680-739,<=60,35-43,CA,REFINANCE,OWNER,SFR,DeltaHome,2023
LN107679,2022-06,317700.0,4.878,360,680-739,75-85,20-35,CA,PURCHASE,OWNER,SFR,AlphaServ,2022
LN107680,2022-09,318800.0,5.659,360,680-739,75-85,20-35,CA,CASHOUT_REFI,OWNER,SFR,AlphaServ,2022
LN107681,2023-11,335800.0,6.447,180,740-779,>95,>43,WA,PURCHASE,OWNER,SFR,EagleTrust,2023
LN107682,2024-07,192600.0,6.183,360,780+,85-95,20-35,TX,PURCHASE,OWNER,TOWNHOUSE,DeltaHome,2024
LN107683,2023-09,174900.0,6.327,180,740-779,85-95,20-35,CA,REFINANCE,OWNER,CONDO,BetaLoan,2023
LN107684,2023-04,302200.0,5.961,240,740-779,>95,<=20,MI,CASHOUT_REFI,OWNER,SFR,EagleTrust,2023
LN107685,2023-10,232100.0,6.449,360,680-739,<=60,>43,GA,PURCHASE,INVESTOR,SFR,CasaMortgage,2023
LN107686,2021-09,383900.0,4.832,360,<620,85-95,20-35,GA,CASHOUT_REFI,OWNER,SFR,AlphaServ,2021
LN107687,2023-08,303000.0,6.989,360,620-679,>95,>43,AZ,PURCHASE,OWNER,SFR,BetaLoan,2023
LN107688,2021-08,454800.0,4.491,360,620-679,75-85,<=20,GA,REFINANCE,OWNER,CONDO,DeltaHome,2021
LN107689,2024-11,207000.0,7.585,360,<620,75-85,20-35,GA,REFINANCE,INVESTOR,TOWNHOUSE,BetaLoan,2024
LN107690,2024-08,412700.0,6.731,360,680-739,60-75,20-35,NY,REFINANCE,OWNER,SFR,AlphaServ,2024
LN107691,2023-04,637700.0,6.274,240,620-679,<=60,20-35,OH,CASHOUT_REFI,OWNER,CONDO,BetaLoan,2023
LN107692,2022-10,261500.0,5.952,180,620-679,60-75,>43,MI,PURCHASE,OWNER,SFR,AlphaServ,2022
LN107693,2024-01,319600.0,6.885,360,680-739,<=60,20-35,FL,REFINANCE,OWNER,SFR,AlphaServ,2024
LN107694,2023-09,167900.0,6.828,360,620-679,75-85,35-43,CA,PURCHASE,OWNER,SFR,CasaMortgage,2023
LN107695,2023-12,381700.0,7.016,240,620-679,75-85,35-43,NY,REFINANCE,INVESTOR,SFR,CasaMortgage,2023
LN107696,2023-04,424200.0,6.732,360,620-679,<=60,20-35,FL,CASHOUT_REFI,OWNER,CONDO,BetaLoan,2023
LN107697,2022-04,204300.0,4.79,360,620-679,60-75,20-35,TX,PURCHASE,INVESTOR,SFR,CasaMortgage,2022
LN107698,2021-10,332300.0,3.813,180,680-739,<=60,35-43,NC,PURCHASE,OWNER,CONDO,BetaLoan,2021
LN107699,2022-06,289600.0,4.564,360,740-779,>95,35-43,PA,REFINANCE,INVESTOR,SFR,AlphaServ,2022
LN107700,2023-05,304300.0,5.445,360,780+,85-95,20-35,CA,PURCHASE,OWNER,CONDO,CasaMortgage,2023
LN107701,2022-12,367800.0,5.65,360,740-779,<=60,35-43,IL,PURCHASE,INVESTOR,SFR,CasaMortgage,2022
LN107702,2023-04,322400.0,5.999,360,740-779,85-95,20-35,FL,REFINANCE,INVESTOR,SFR,CasaMortgage,2023
LN107703,2022-06,239800.0,4.626,240,780+,85-95,>43,OH,PURCHASE,OWNER,CONDO,CasaMortgage,2022
LN107704,2024-10,371400.0,6.54,180,680-739,85-95,35-43,CA,CASHOUT_REFI,OWNER,CONDO,AlphaServ,2024
LN107705,2022-10,421000.0,5.341,360,740-779,85-95,20-35,WA,PURCHASE,OWNER,CONDO,AlphaServ,2022
LN107706,2024-06,198900.0,6.618,360,680-739,75-85,20-35,CA,PURCHASE,OWNER,CONDO,BetaLoan,2024
LN107707,2022-11,255000.0,5.648,360,680-739,60-75,>43,PA,REFINANCE,INVESTOR,SFR,AlphaServ,2022
LN107708,2023-01,115200.0,6.217,360,680-739,85-95,>43,TX,PURCHASE,OWNER,SFR,AlphaServ,2023
LN107709,2023-08,331900.0,6.59,240,620-679,85-95,20-35,MI,REFINANCE,OWNER,SFR,DeltaHome,2023
LN107710,2022-06,442600.0,4.905,180,740-779,60-75,<=20,FL,PURCHASE,OWNER,CONDO,CasaMortgage,2022
LN107711,2022-04,227300.0,5.215,360,<620,75-85,<=20,MI,REFINANCE,OWNER,SFR,AlphaServ,2022
LN107712,2022-10,271000.0,5.136,360,740-779,75-85,20-35,AZ,PURCHASE,OWNER,SFR,DeltaHome,2022
LN107713,2024-04,231200.0,6.404,360,740-779,75-85,20-35,WA,REFINANCE,OWNER,SFR,BetaLoan,2024
LN107714,2022-01,214800.0,4.282,360,680-739,75-85,20-35,PA,PURCHASE,OWNER,SFR,DeltaHome,2022
LN107715,2023-01,283400.0,6.783,360,<620,<=60,<=20,NY,CASHOUT_REFI,OWNER,SFR,BetaLoan,2023
LN107716,2023-11,179300.0,6.595,360,680-739,75-85,20-35,NY,PURCHASE,OWNER,SFR,BetaLoan,2023
LN107717,2023-12,229600.0,6.665,360,680-739,60-75,>43,WA,PURCHASE,OWNER,SFR,CasaMortgage,2023
LN107718,2023-01,169900.0,5.295,360,780+,<=60,20-35,AZ,PURCHASE,OWNER,SFR,BetaLoan,2023
LN107719,2021-10,332700.0,3.757,360,740-779,75-85,35-43,IL,PURCHASE,OWNER,SFR,CasaMortgage,2021
LN107720,2021-07,284300.0,3.795,360,740-779,60-75,<=20,NY,PURCHASE,OWNER,SFR,CasaMortgage,2021
LN107721,2023-02,210200.0,5.888,360,680-739,75-85,35-43,CA,PURCHASE,OWNER,SFR,CasaMortgage,2023
LN107722,2024-05,259500.0,6.309,360,740-779,<=60,>43,FL,REFINANCE,OWNER,SFR,DeltaHome,2024
LN107723,2021-08,231100.0,3.738,360,740-779,75-85,20-35,IL,REFINANCE,OWNER,SFR,CasaMortgage,2021
LN107724,2024-08,427100.0,7.519,360,<620,60-75,35-43,PA,PURCHASE,SECOND_HOME,CONDO,EagleTrust,2024
LN107725,2023-11,209300.0,6.82,360,620-679,<=60,<=20,FL,PURCHASE,OWNER,SFR,EagleTrust,2023
LN107726,2021-07,339700.0,4.875,360,<620,85-95,20-35,FL,PURCHASE,OWNER,SFR,AlphaServ,2021
LN107727,2022-09,185800.0,5.1,360,680-739,75-85,<=20,CA,PURCHASE,OWNER,SFR,CasaMortgage,2022
LN107728,2022-04,368200.0,4.181,240,780+,75-85,20-35,CA,PURCHASE,OWNER,SFR,CasaMortgage,2022
LN107729,2024-10,407100.0,6.386,360,680-739,75-85,20-35,PA,PURCHASE,OWNER,SFR,AlphaServ,2024
LN107730,2023-06,415800.0,6.355,360,680-739,60-75,35-43,TX,PURCHASE,OWNER,SFR,BetaLoan,2023
LN107731,2022-08,494800.0,4.844,360,780+,<=60,20-35,WA,REFINANCE,OWNER,CONDO,AlphaServ,2022
LN107732,2022-06,291200.0,5.574,360,620-679,60-75,35-43,CA,PURCHASE,OWNER,SFR,BetaLoan,2022
LN107733,2023-06,445600.0,7.18,360,<620,85-95,20-35,PA,REFINANCE,OWNER,SFR,DeltaHome,2023
LN107734,2021-07,530100.0,4.06,360,780+,75-85,20-35,CA,REFINANCE,SECOND_HOME,CONDO,AlphaServ,2021
LN107735,2022-05,154100.0,4.379,360,780+,85-95,20-35,GA,REFINANCE,OWNER,SFR,EagleTrust,2022
LN107736,2022-01,194600.0,4.093,360,740-779,>95,35-43,MI,PURCHASE,OWNER,SFR,DeltaHome,2022
LN107737,2023-09,130200.0,7.21,360,620-679,60-75,>43,TX,PURCHASE,OWNER,SFR,CasaMortgage,2023
LN107738,2023-11,411500.0,5.87,360,780+,>95,35-43,OH,CASHOUT_REFI,OWNER,SFR,EagleTrust,2023
LN107739,2023-02,129500.0,5.643,360,740-779,85-95,20-35,MI,REFINANCE,OWNER,SFR,AlphaServ,2023
LN107740,2021-12,114600.0,3.944,360,740-779,75-85,>43,TX,PURCHASE,OWNER,SFR,BetaLoan,2021
LN107741,2022-10,155800.0,5.607,360,620-679,75-85,20-35,IL,REFINANCE,SECOND_HOME,SFR,AlphaServ,2022
LN107742,2024-06,116700.0,6.78,360,680-739,75-85,>43,OH,REFINANCE,OWNER,SFR,AlphaServ,2024
LN107743,2022-03,288500.0,4.101,360,780+,<=60,20-35,MI,CASHOUT_REFI,OWNER,SFR,DeltaHome,2022
LN107744,2022-01,156700.0,3.991,240,780+,<=60,20-35,FL,PURCHASE,OWNER,SFR,BetaLoan,2022
LN107745,2021-11,119300.0,4.051,360,740-779,60-75,20-35,GA,REFINANCE,OWNER,CONDO,EagleTrust,2021
LN107746,2024-05,250500.0,6.3,360,680-739,60-75,20-35,WA,PURCHASE,OWNER,TOWNHOUSE,BetaLoan,2024
LN107747,2021-12,257200.0,4.212,360,740-779,<=60,20-35,NC,REFINANCE,OWNER,TOWNHOUSE,EagleTrust,2021
LN107748,2023-07,110000.0,6.227,180,680-739,<=60,<=20,CA,PURCHASE,OWNER,SFR,CasaMortgage,2023
LN107749,2024-12,185100.0,6.671,360,680-739,>95,20-35,CA,REFINANCE,OWNER,SFR,BetaLoan,2024
LN107750,2023-09,246800.0,6.636,360,620-679,60-75,20-35,NY,REFINANCE,OWNER,SFR,CasaMortgage,2023
LN107751,2022-12,217400.0,6.173,360,620-679,>95,35-43,NY,REFINANCE,OWNER,SFR,DeltaHome,2022
LN107752,2022-03,220100.0,4.135,360,740-779,75-85,>43,FL,REFINANCE,OWNER,CONDO,AlphaServ,2022
LN107753,2021-07,433900.0,5.002,360,<620,60-75,>43,NY,PURCHASE,SECOND_HOME,SFR,BetaLoan,2021
LN107754,2022-01,670600.0,5.243,360,<620,60-75,20-35,WA,PURCHASE,OWNER,SFR,AlphaServ,2022
LN107755,2024-11,221700.0,6.076,180,780+,60-75,20-35,PA,PURCHASE,SECOND_HOME,TOWNHOUSE,CasaMortgage,2024
LN107756,2022-01,140800.0,4.03,240,740-779,60-75,35-43,CA,PURCHASE,INVESTOR,SFR,AlphaServ,2022
LN107757,2021-07,229700.0,4.875,360,<620,60-75,35-43,NY,CASHOUT_REFI,OWNER,TOWNHOUSE,BetaLoan,2021
LN107758,2024-05,278600.0,7.23,360,620-679,85-95,35-43,NC,REFINANCE,SECOND_HOME,SFR,AlphaServ,2024
LN107759,2022-12,249200.0,5.633,360,740-779,60-75,35-43,TX,PURCHASE,SECOND_HOME,SFR,AlphaServ,2022
LN107760,2022-09,336000.0,5.642,360,680-739,75-85,20-35,CA,PURCHASE,OWNER,SFR,CasaMortgage,2022
LN107761,2024-01,690600.0,6.582,360,680-739,75-85,35-43,WA,PURCHASE,SECOND_HOME,TOWNHOUSE,AlphaServ,2024
LN107762,2023-04,118100.0,6.13,360,680-739,75-85,35-43,MI,REFINANCE,OWNER,SFR,AlphaServ,2023
LN107763,2024-09,203200.0,6.987,180,620-679,>95,<=20,AZ,REFINANCE,OWNER,SFR,BetaLoan,2024
LN107764,2023-02,510700.0,5.53,360,740-779,75-85,20-35,MI,REFINANCE,OWNER,SFR,BetaLoan,2023
LN107765,2023-12,201800.0,6.738,360,620-679,60-75,20-35,NC,CASHOUT_REFI,INVESTOR,SFR,BetaLoan,2023
LN107766,2024-07,364100.0,6.505,360,680-739,>95,20-35,MI,PURCHASE,OWNER,SFR,BetaLoan,2024
LN107767,2023-02,339100.0,6.221,360,620-679,>95,35-43,IL,REFINANCE,OWNER,SFR,BetaLoan,2023
LN107768,2022-06,445300.0,5.901,360,<620,85-95,35-43,TX,PURCHASE,OWNER,SFR,AlphaServ,2022
LN107769,2024-11,603800.0,7.072,360,620-679,85-95,>43,CA,REFINANCE,OWNER,SFR,BetaLoan,2024
LN107770,2022-04,296500.0,3.809,360,780+,75-85,>43,OH,PURCHASE,SECOND_HOME,TOWNHOUSE,AlphaServ,2022
LN107771,2021-08,116400.0,4.359,360,620-679,75-85,20-35,TX,REFINANCE,OWNER,CONDO,AlphaServ,2021
LN107772,2023-07,186200.0,6.441,360,680-739,60-75,<=20,PA,REFINANCE,OWNER,CONDO,DeltaHome,2023
LN107773,2024-12,682600.0,7.429,360,<620,75-85,<=20,OH,PURCHASE,OWNER,CONDO,CasaMortgage,2024
LN107774,2021-10,135100.0,3.85,360,740-779,85-95,>43,WA,PURCHASE,OWNER,SFR,BetaLoan,2021
LN107775,2024-06,319200.0,6.567,360,680-739,60-75,20-35,NY,REFINANCE,OWNER,MULTI_2_4,BetaLoan,2024
LN107776,2024-05,82300.0,6.174,360,780+,75-85,20-35,NY,PURCHASE,OWNER,MULTI_2_4,BetaLoan,2024
LN107777,2024-10,139000.0,6.628,360,680-739,85-95,35-43,TX,PURCHASE,OWNER,SFR,DeltaHome,2024
LN107778,2022-12,380500.0,5.48,360,680-739,60-75,<=20,FL,REFINANCE,OWNER,TOWNHOUSE,EagleTrust,2022
LN107779,2022-05,259400.0,4.154,360,740-779,75-85,35-43,IL,REFINANCE,OWNER,SFR,BetaLoan,2022
LN107780,2023-04,215500.0,7.037,360,<620,85-95,35-43,CA,PURCHASE,OWNER,CONDO,CasaMortgage,2023
LN107781,2021-12,176900.0,3.936,360,780+,<=60,35-43,PA,PURCHASE,INVESTOR,SFR,AlphaServ,2021
LN107782,2024-06,103900.0,6.029,360,780+,60-75,20-35,CA,REFINANCE,OWNER,TOWNHOUSE,CasaMortgage,2024
LN107783,2023-10,348700.0,6.897,360,680-739,<=60,<=20,AZ,PURCHASE,OWNER,TOWNHOUSE,EagleTrust,2023
LN107784,2023-03,224700.0,5.907,360,740-779,<=60,20-35,NY,PURCHASE,SECOND_HOME,CONDO,AlphaServ,2023
LN107785,2023-04,128700.0,6.468,360,620-679,75-85,20-35,NY,REFINANCE,OWNER,SFR,AlphaServ,2023
LN107786,2023-12,258700.0,6.249,360,680-739,85-95,20-35,WA,PURCHASE,OWNER,SFR,DeltaHome,2023
LN107787,2023-04,331600.0,5.983,360,740-779,75-85,<=20,NC,CASHOUT_REFI,OWNER,SFR,BetaLoan,2023
LN107788,2024-06,233200.0,5.958,360,780+,75-85,20-35,TX,PURCHASE,OWNER,TOWNHOUSE,CasaMortgage,2024
LN107789,2024-09,268900.0,6.871,360,620-679,60-75,20-35,FL,REFINANCE,OWNER,SFR,BetaLoan,2024
LN107790,2024-10,259700.0,6.116,360,740-779,85-95,20-35,CA,REFINANCE,SECOND_HOME,SFR,AlphaServ,2024
LN107791,2023-09,185700.0,5.938,180,740-779,60-75,20-35,GA,REFINANCE,OWNER,SFR,BetaLoan,2023
LN107792,2024-02,261600.0,6.898,360,620-679,85-95,20-35,GA,REFINANCE,OWNER,TOWNHOUSE,AlphaServ,2024
LN107793,2022-08,355300.0,4.769,240,740-779,<=60,35-43,AZ,PURCHASE,OWNER,TOWNHOUSE,BetaLoan,2022
LN107794,2021-08,406600.0,3.647,360,740-779,85-95,<=20,FL,CASHOUT_REFI,INVESTOR,TOWNHOUSE,AlphaServ,2021
LN107795,2022-11,364300.0,5.166,360,740-779,75-85,20-35,CA,REFINANCE,SECOND_HOME,SFR,DeltaHome,2022
LN107796,2024-07,188400.0,6.42,360,780+,>95,35-43,TX,CASHOUT_REFI,OWNER,TOWNHOUSE,AlphaServ,2024
LN107797,2021-12,339900.0,5.33,360,<620,75-85,35-43,WA,PURCHASE,SECOND_HOME,MULTI_2_4,CasaMortgage,2021
LN107798,2023-05,314700.0,6.604,360,620-679,85-95,>43,WA,REFINANCE,OWNER,TOWNHOUSE,EagleTrust,2023
LN107799,2022-03,185500.0,4.642,360,620-679,75-85,35-43,FL,REFINANCE,OWNER,SFR,EagleTrust,2022
LN107800,2023-01,207100.0,6.329,360,620-679,<=60,35-43,IL,CASHOUT_REFI,OWNER,SFR,CasaMortgage,2023
LN107801,2022-01,346600.0,4.701,360,680-739,85-95,35-43,PA,PURCHASE,OWNER,CONDO,BetaLoan,2022
LN107802,2024-01,474300.0,6.584,360,740-779,60-75,>43,IL,REFINANCE,OWNER,SFR,BetaLoan,2024
LN107803,2024-05,113000.0,6.58,360,680-739,85-95,35-43,WA,PURCHASE,OWNER,SFR,BetaLoan,2024
LN107804,2024-02,533900.0,6.65,360,680-739,60-75,35-43,PA,REFINANCE,OWNER,SFR,DeltaHome,2024
LN107805,2023-12,431000.0,6.354,360,680-739,85-95,35-43,MI,REFINANCE,OWNER,TOWNHOUSE,CasaMortgage,2023
LN107806,2022-04,279200.0,4.701,240,680-739,75-85,20-35,GA,CASHOUT_REFI,INVESTOR,SFR,DeltaHome,2022
LN107807,2023-05,229000.0,5.851,360,780+,75-85,>43,TX,PURCHASE,OWNER,SFR,AlphaServ,2023
LN107808,2021-11,304300.0,4.025,360,740-779,85-95,<=20,TX,REFINANCE,OWNER,SFR,EagleTrust,2021
LN107809,2022-10,191300.0,5.651,360,680-739,85-95,20-35,PA,CASHOUT_REFI,OWNER,SFR,CasaMortgage,2022
LN107810,2023-04,235600.0,5.763,240,780+,85-95,<=20,TX,REFINANCE,OWNER,SFR,EagleTrust,2023
LN107811,2023-11,131400.0,6.235,360,680-739,75-85,35-43,TX,PURCHASE,OWNER,SFR,DeltaHome,2023
LN107812,2021-11,116600.0,4.565,360,620-679,75-85,20-35,PA,PURCHASE,OWNER,SFR,CasaMortgage,2021
LN107813,2024-05,729100.0,6.783,360,680-739,85-95,35-43,CA,REFINANCE,OWNER,SFR,AlphaServ,2024
LN107814,2023-02,262600.0,5.352,360,740-779,60-75,20-35,NC,CASHOUT_REFI,OWNER,SFR,AlphaServ,2023
LN107815,2024-08,279800.0,6.996,360,620-679,60-75,20-35,GA,PURCHASE,OWNER,SFR,AlphaServ,2024
LN107816,2023-05,251700.0,5.651,360,780+,85-95,>43,CA,PURCHASE,OWNER,SFR,BetaLoan,2023
LN107817,2023-05,175900.0,6.004,360,680-739,75-85,20-35,TX,PURCHASE,OWNER,SFR,DeltaHome,2023
LN107818,2023-12,222300.0,6.723,360,680-739,>95,35-43,FL,PURCHASE,OWNER,SFR,AlphaServ,2023
LN107819,2024-05,265900.0,6.163,360,740-779,>95,35-43,TX,PURCHASE,SECOND_HOME,SFR,EagleTrust,2024
LN107820,2022-01,233600.0,4.752,360,680-739,85-95,20-35,TX,REFINANCE,OWNER,SFR,CasaMortgage,2022
LN107821,2023-04,182000.0,6.106,180,680-739,75-85,20-35,PA,PURCHASE,OWNER,SFR,CasaMortgage,2023
LN107822,2021-08,316700.0,4.687,360,620-679,85-95,<=20,AZ,PURCHASE,OWNER,SFR,EagleTrust,2021
LN107823,2023-02,277800.0,6.248,180,680-739,60-75,20-35,TX,CASHOUT_REFI,OWNER,SFR,BetaLoan,2023
LN107824,2024-05,304600.0,6.663,360,680-739,<=60,35-43,OH,CASHOUT_REFI,OWNER,SFR,AlphaServ,2024
LN107825,2024-07,350600.0,7.01,360,620-679,85-95,<=20,NY,PURCHASE,OWNER,MULTI_2_4,BetaLoan,2024
LN107826,2022-06,236400.0,4.73,360,740-779,85-95,<=20,FL,PURCHASE,OWNER,SFR,BetaLoan,2022
LN107827,2022-11,236600.0,6.274,360,620-679,<=60,35-43,WA,PURCHASE,OWNER,SFR,EagleTrust,2022
LN107828,2023-06,497400.0,6.758,360,620-679,85-95,35-43,CA,CASHOUT_REFI,OWNER,SFR,AlphaServ,2023
LN107829,2022-11,166900.0,5.15,360,740-779,85-95,20-35,WA,CASHOUT_REFI,OWNER,MULTI_2_4,BetaLoan,2022
LN107830,2022-02,109800.0,4.195,360,680-739,60-75,20-35,FL,PURCHASE,OWNER,MULTI_2_4,CasaMortgage,2022
LN107831,2022-07,327700.0,4.786,360,740-779,<=60,20-35,OH,CASHOUT_REFI,OWNER,SFR,CasaMortgage,2022
LN107832,2022-11,192300.0,5.094,360,740-779,85-95,<=20,WA,PURCHASE,OWNER,TOWNHOUSE,DeltaHome,2022
LN107833,2023-04,157200.0,6.311,360,680-739,<=60,20-35,GA,REFINANCE,OWNER,SFR,EagleTrust,2023
LN107834,2024-09,380200.0,7.695,360,<620,60-75,35-43,MI,CASHOUT_REFI,OWNER,SFR,CasaMortgage,2024
LN107835,2023-05,239200.0,6.332,360,680-739,75-85,35-43,CA,PURCHASE,OWNER,CONDO,DeltaHome,2023
LN107836,2022-11,144600.0,5.965,360,620-679,85-95,20-35,OH,PURCHASE,OWNER,SFR,EagleTrust,2022
LN107837,2023-10,609700.0,6.609,360,680-739,85-95,<=20,FL,REFINANCE,SECOND_HOME,SFR,AlphaServ,2023
LN107838,2024-03,123600.0,6.302,360,740-779,85-95,20-35,NY,PURCHASE,SECOND_HOME,TOWNHOUSE,CasaMortgage,2024
LN107839,2023-01,245500.0,5.484,360,740-779,85-95,35-43,TX,CASHOUT_REFI,OWNER,SFR,BetaLoan,2023
LN107840,2023-03,109100.0,5.972,360,680-739,85-95,35-43,GA,PURCHASE,OWNER,SFR,DeltaHome,2023
LN107841,2022-04,288300.0,4.174,360,780+,75-85,35-43,OH,REFINANCE,SECOND_HOME,CONDO,AlphaServ,2022
LN107842,2024-07,191300.0,7.498,180,<620,60-75,20-35,CA,PURCHASE,OWNER,CONDO,DeltaHome,2024
LN107843,2024-07,369000.0,6.319,360,780+,75-85,<=20,NC,CASHOUT_REFI,OWNER,SFR,BetaLoan,2024
LN107844,2022-02,253300.0,4.257,360,740-779,75-85,>43,FL,REFINANCE,OWNER,SFR,BetaLoan,2022
LN107845,2022-09,468700.0,5.062,240,680-739,<=60,20-35,OH,PURCHASE,OWNER,TOWNHOUSE,CasaMortgage,2022
LN107846,2022-06,210400.0,5.382,360,620-679,75-85,<=20,PA,PURCHASE,OWNER,SFR,BetaLoan,2022
LN107847,2024-09,124000.0,6.985,360,620-679,60-75,20-35,NY,PURCHASE,INVESTOR,SFR,DeltaHome,2024
LN107848,2021-09,284000.0,3.685,360,780+,<=60,35-43,GA,REFINANCE,OWNER,TOWNHOUSE,DeltaHome,2021
LN107849,2022-03,227800.0,4.904,360,620-679,75-85,20-35,PA,REFINANCE,OWNER,SFR,AlphaServ,2022
LN107850,2022-08,112600.0,4.667,360,780+,60-75,35-43,GA,REFINANCE,OWNER,SFR,AlphaServ,2022
LN107851,2023-06,158700.0,6.597,360,680-739,60-75,20-35,WA,REFINANCE,OWNER,SFR,CasaMortgage,2023
LN107852,2022-05,183200.0,4.703,360,680-739,85-95,35-43,CA,REFINANCE,OWNER,TOWNHOUSE,BetaLoan,2022
LN107853,2023-05,514000.0,5.813,360,740-779,85-95,35-43,FL,CASHOUT_REFI,OWNER,CONDO,AlphaServ,2023
LN107854,2024-02,350900.0,6.862,360,620-679,85-95,35-43,NC,PURCHASE,OWNER,SFR,BetaLoan,2024
LN107855,2024-05,218300.0,6.413,360,680-739,60-75,<=20,IL,REFINANCE,OWNER,CONDO,AlphaServ,2024
LN107856,2021-11,315500.0,3.843,360,780+,75-85,20-35,TX,PURCHASE,OWNER,TOWNHOUSE,AlphaServ,2021
LN107857,2021-12,102000.0,4.909,360,620-679,85-95,35-43,FL,PURCHASE,OWNER,CONDO,AlphaServ,2021
LN107858,2021-10,198000.0,3.573,240,780+,60-75,20-35,NC,PURCHASE,OWNER,MULTI_2_4,DeltaHome,2021
LN107859,2024-09,305700.0,6.164,360,780+,<=60,20-35,MI,CASHOUT_REFI,OWNER,MULTI_2_4,DeltaHome,2024
LN107860,2023-10,275000.0,7.585,360,<620,75-85,>43,GA,REFINANCE,OWNER,SFR,DeltaHome,2023
LN107861,2023-05,200200.0,6.268,360,680-739,75-85,35-43,AZ,CASHOUT_REFI,OWNER,SFR,AlphaServ,2023
LN107862,2024-04,250900.0,7.006,360,620-679,60-75,>43,IL,PURCHASE,OWNER,MULTI_2_4,CasaMortgage,2024
LN107863,2023-07,297200.0,5.944,360,740-779,60-75,20-35,PA,PURCHASE,OWNER,TOWNHOUSE,CasaMortgage,2023
LN107864,2022-04,254200.0,4.265,360,780+,75-85,<=20,CA,PURCHASE,OWNER,SFR,CasaMortgage,2022
LN107865,2023-04,376000.0,5.602,360,780+,75-85,<=20,WA,PURCHASE,INVESTOR,SFR,AlphaServ,2023
LN107866,2023-12,294600.0,6.162,360,780+,75-85,35-43,AZ,CASHOUT_REFI,OWNER,SFR,AlphaServ,2023
LN107867,2021-08,321300.0,4.402,360,620-679,>95,35-43,AZ,PURCHASE,OWNER,SFR,AlphaServ,2021
LN107868,2023-08,551900.0,6.474,360,680-739,<=60,20-35,AZ,CASHOUT_REFI,OWNER,SFR,AlphaServ,2023
LN107869,2023-03,370400.0,6.647,360,620-679,85-95,20-35,PA,PURCHASE,OWNER,CONDO,CasaMortgage,2023
LN107870,2021-09,558700.0,3.72,360,780+,60-75,35-43,CA,PURCHASE,OWNER,SFR,BetaLoan,2021
LN107871,2022-06,188600.0,5.178,240,620-679,85-95,20-35,AZ,PURCHASE,OWNER,SFR,BetaLoan,2022
LN107872,2023-01,124700.0,6.034,360,620-679,85-95,<=20,TX,PURCHASE,OWNER,SFR,CasaMortgage,2023
LN107873,2022-09,239600.0,6.213,360,<620,75-85,>43,PA,REFINANCE,OWNER,SFR,BetaLoan,2022
LN107874,2022-07,230600.0,5.673,360,620-679,75-85,20-35,OH,CASHOUT_REFI,SECOND_HOME,SFR,BetaLoan,2022
LN107875,2023-10,492200.0,7.04,360,620-679,85-95,35-43,FL,CASHOUT_REFI,INVESTOR,CONDO,EagleTrust,2023
LN107876,2022-11,153500.0,6.832,360,<620,85-95,>43,FL,PURCHASE,INVESTOR,MULTI_2_4,CasaMortgage,2022
LN107877,2023-03,246300.0,6.044,360,780+,<=60,35-43,TX,PURCHASE,OWNER,TOWNHOUSE,CasaMortgage,2023
LN107878,2024-04,306300.0,6.285,360,740-779,60-75,20-35,NC,PURCHASE,OWNER,SFR,AlphaServ,2024
LN107879,2021-10,267000.0,4.694,180,620-679,85-95,35-43,NC,PURCHASE,OWNER,SFR,CasaMortgage,2021
LN107880,2022-10,236300.0,5.139,360,740-779,75-85,35-43,NY,PURCHASE,OWNER,SFR,BetaLoan,2022
LN107881,2021-10,299900.0,4.081,180,680-739,<=60,>43,NY,PURCHASE,OWNER,SFR,EagleTrust,2021
LN107882,2024-09,414800.0,6.347,360,740-779,>95,<=20,TX,PURCHASE,OWNER,SFR,CasaMortgage,2024
LN107883,2022-02,509400.0,4.5,240,680-739,>95,35-43,NY,CASHOUT_REFI,OWNER,SFR,DeltaHome,2022
LN107884,2024-05,259000.0,6.596,360,680-739,75-85,35-43,GA,REFINANCE,OWNER,SFR,CasaMortgage,2024
LN107885,2022-03,176800.0,4.485,360,680-739,75-85,20-35,GA,REFINANCE,OWNER,SFR,BetaLoan,2022
LN107886,2022-08,509200.0,5.585,180,620-679,60-75,35-43,CA,PURCHASE,OWNER,CONDO,CasaMortgage,2022
LN107887,2023-08,157200.0,6.05,360,740-779,75-85,20-35,NC,PURCHASE,OWNER,SFR,EagleTrust,2023
LN107888,2024-05,571400.0,6.28,360,740-779,>95,<=20,WA,PURCHASE,OWNER,SFR,BetaLoan,2024
LN107889,2022-02,467400.0,3.955,240,740-779,60-75,<=20,PA,PURCHASE,OWNER,CONDO,AlphaServ,2022
LN107890,2022-03,498900.0,4.402,360,680-739,60-75,20-35,CA,CASHOUT_REFI,OWNER,SFR,BetaLoan,2022
LN107891,2024-08,347500.0,6.487,360,680-739,85-95,<=20,PA,REFINANCE,OWNER,SFR,DeltaHome,2024
LN107892,2022-08,98700.0,4.896,360,740-779,75-85,20-35,CA,PURCHASE,OWNER,SFR,AlphaServ,2022
LN107893,2022-03,159900.0,5.463,360,<620,>95,20-35,CA,REFINANCE,OWNER,TOWNHOUSE,EagleTrust,2022
LN107894,2024-02,293100.0,7.381,360,<620,60-75,<=20,TX,CASHOUT_REFI,OWNER,SFR,CasaMortgage,2024
LN107895,2021-10,188300.0,4.089,180,680-739,<=60,20-35,IL,PURCHASE,OWNER,SFR,CasaMortgage,2021
LN107896,2024-07,221500.0,7.032,360,620-679,>95,35-43,PA,CASHOUT_REFI,OWNER,SFR,AlphaServ,2024
LN107897,2024-07,336300.0,6.909,360,620-679,60-75,20-35,PA,PURCHASE,OWNER,CONDO,BetaLoan,2024
LN107898,2024-06,236500.0,7.33,360,<620,85-95,35-43,FL,PURCHASE,OWNER,SFR,AlphaServ,2024
LN107899,2022-07,147500.0,4.846,360,740-779,<=60,35-43,IL,CASHOUT_REFI,OWNER,CONDO,CasaMortgage,2022
LN107900,2021-11,380200.0,3.689,360,740-779,85-95,35-43,TX,PURCHASE,INVESTOR,SFR,AlphaServ,2021
LN107901,2022-12,321800.0,5.22,240,740-779,60-75,35-43,WA,REFINANCE,OWNER,SFR,BetaLoan,2022
LN107902,2022-09,228200.0,5.202,360,740-779,85-95,35-43,TX,PURCHASE,OWNER,SFR,BetaLoan,2022
LN107903,2024-11,351500.0,6.315,360,680-739,>95,20-35,TX,PURCHASE,OWNER,SFR,BetaLoan,2024
LN107904,2023-09,266400.0,6.23,360,780+,<=60,20-35,WA,CASHOUT_REFI,OWNER,SFR,CasaMortgage,2023
LN107905,2024-10,464700.0,6.039,240,740-779,60-75,<=20,TX,PURCHASE,OWNER,MULTI_2_4,EagleTrust,2024
LN107906,2024-02,273200.0,6.414,180,680-739,85-95,>43,TX,PURCHASE,OWNER,CONDO,EagleTrust,2024
LN107907,2024-01,463100.0,6.784,360,620-679,>95,35-43,WA,PURCHASE,OWNER,SFR,CasaMortgage,2024
LN107908,2021-11,109800.0,3.698,360,740-779,60-75,35-43,CA,CASHOUT_REFI,INVESTOR,SFR,AlphaServ,2021
LN107909,2021-09,313800.0,4.085,360,740-779,>95,35-43,CA,CASHOUT_REFI,OWNER,CONDO,AlphaServ,2021
LN107910,2021-08,213400.0,4.01,360,740-779,85-95,20-35,NY,PURCHASE,OWNER,MULTI_2_4,EagleTrust,2021
LN107911,2023-07,173400.0,5.812,360,740-779,85-95,<=20,FL,PURCHASE,OWNER,SFR,CasaMortgage,2023
LN107912,2022-03,429900.0,4.332,180,780+,75-85,20-35,AZ,REFINANCE,OWNER,SFR,CasaMortgage,2022
LN107913,2024-12,380800.0,5.775,360,780+,75-85,20-35,NC,CASHOUT_REFI,OWNER,TOWNHOUSE,AlphaServ,2024
LN107914,2021-12,103500.0,4.531,360,740-779,85-95,35-43,OH,REFINANCE,OWNER,SFR,EagleTrust,2021
LN107915,2024-10,352200.0,6.022,360,780+,85-95,35-43,CA,REFINANCE,OWNER,TOWNHOUSE,AlphaServ,2024
LN107916,2023-11,333500.0,5.921,360,780+,60-75,20-35,TX,PURCHASE,OWNER,SFR,BetaLoan,2023
LN107917,2021-11,184400.0,5.224,360,<620,75-85,20-35,AZ,PURCHASE,OWNER,TOWNHOUSE,BetaLoan,2021
LN107918,2021-09,175300.0,3.675,360,740-779,85-95,35-43,TX,REFINANCE,OWNER,SFR,BetaLoan,2021
LN107919,2022-11,124800.0,5.722,360,620-679,75-85,35-43,CA,PURCHASE,SECOND_HOME,CONDO,BetaLoan,2022
LN107920,2022-09,219300.0,5.222,360,680-739,75-85,35-43,TX,PURCHASE,OWNER,SFR,AlphaServ,2022
LN107921,2022-08,235700.0,5.175,360,680-739,60-75,20-35,MI,CASHOUT_REFI,OWNER,CONDO,AlphaServ,2022
LN107922,2023-05,365400.0,5.838,360,680-739,60-75,20-35,PA,REFINANCE,OWNER,SFR,AlphaServ,2023
LN107923,2021-12,288100.0,5.036,180,<620,<=60,20-35,FL,PURCHASE,INVESTOR,SFR,AlphaServ,2021
LN107924,2021-12,158400.0,5.049,360,620-679,75-85,20-35,TX,PURCHASE,OWNER,SFR,BetaLoan,2021
LN107925,2023-12,284200.0,7.452,360,<620,75-85,20-35,PA,PURCHASE,OWNER,SFR,AlphaServ,2023
LN107926,2024-12,227700.0,6.064,360,680-739,85-95,20-35,TX,PURCHASE,OWNER,SFR,BetaLoan,2024
LN107927,2022-06,167600.0,4.393,180,780+,<=60,35-43,FL,PURCHASE,OWNER,MULTI_2_4,AlphaServ,2022
LN107928,2024-10,124800.0,6.112,360,780+,60-75,20-35,NY,PURCHASE,OWNER,CONDO,BetaLoan,2024
LN107929,2022-09,338100.0,5.297,360,680-739,85-95,<=20,NY,CASHOUT_REFI,INVESTOR,SFR,CasaMortgage,2022
LN107930,2022-09,312000.0,5.441,180,680-739,<=60,20-35,CA,PURCHASE,OWNER,MULTI_2_4,BetaLoan,2022
LN107931,2021-10,327900.0,3.628,360,780+,>95,20-35,PA,PURCHASE,OWNER,CONDO,BetaLoan,2021
LN107932,2022-12,183900.0,6.29,360,620-679,75-85,35-43,TX,PURCHASE,OWNER,SFR,EagleTrust,2022
LN107933,2023-03,275700.0,5.548,360,780+,>95,35-43,FL,PURCHASE,OWNER,MULTI_2_4,BetaLoan,2023
LN107934,2023-10,137500.0,6.219,360,740-779,85-95,20-35,GA,REFINANCE,OWNER,SFR,BetaLoan,2023
LN107935,2022-01,163700.0,4.433,360,680-739,>95,20-35,PA,REFINANCE,OWNER,SFR,CasaMortgage,2022
LN107936,2022-02,259200.0,4.979,360,620-679,85-95,20-35,OH,PURCHASE,OWNER,SFR,AlphaServ,2022
LN107937,2023-01,287200.0,6.795,360,<620,60-75,35-43,FL,REFINANCE,OWNER,MULTI_2_4,BetaLoan,2023
LN107938,2021-09,122600.0,3.999,360,680-739,85-95,35-43,CA,PURCHASE,OWNER,SFR,AlphaServ,2021
LN107939,2022-01,158600.0,4.659,360,680-739,60-75,20-35,IL,PURCHASE,OWNER,SFR,AlphaServ,2022
LN107940,2023-09,216500.0,5.82,360,780+,75-85,35-43,OH,PURCHASE,OWNER,SFR,DeltaHome,2023
LN107941,2024-11,392900.0,6.367,360,680-739,60-75,<=20,FL,PURCHASE,INVESTOR,CONDO,AlphaServ,2024
LN107942,2023-07,177000.0,6.012,360,680-739,85-95,>43,GA,PURCHASE,OWNER,SFR,BetaLoan,2023
LN107943,2022-01,271900.0,4.724,240,620-679,85-95,35-43,MI,PURCHASE,INVESTOR,SFR,CasaMortgage,2022
LN107944,2024-12,285100.0,6.405,360,680-739,85-95,<=20,CA,REFINANCE,OWNER,SFR,EagleTrust,2024
LN107945,2023-04,228100.0,6.556,180,620-679,60-75,35-43,PA,PURCHASE,OWNER,SFR,CasaMortgage,2023
LN107946,2024-01,288000.0,6.423,360,680-739,>95,20-35,OH,PURCHASE,OWNER,SFR,DeltaHome,2024
LN107947,2022-03,139400.0,4.545,360,740-779,85-95,>43,FL,PURCHASE,OWNER,SFR,AlphaServ,2022
LN107948,2023-07,190000.0,5.957,360,740-779,75-85,20-35,NC,PURCHASE,OWNER,SFR,AlphaServ,2023
LN107949,2021-10,486700.0,4.074,360,680-739,<=60,35-43,NC,PURCHASE,OWNER,SFR,BetaLoan,2021
LN107950,2023-09,502400.0,6.448,360,680-739,60-75,20-35,MI,PURCHASE,SECOND_HOME,SFR,CasaMortgage,2023
LN107951,2022-03,373000.0,4.115,360,780+,<=60,20-35,NY,CASHOUT_REFI,SECOND_HOME,SFR,BetaLoan,2022
LN107952,2024-09,418800.0,6.485,360,740-779,75-85,35-43,OH,PURCHASE,OWNER,SFR,CasaMortgage,2024
LN107953,2021-09,112200.0,3.927,180,740-779,<=60,35-43,IL,REFINANCE,OWNER,TOWNHOUSE,CasaMortgage,2021
LN107954,2023-10,166600.0,6.589,180,680-739,75-85,20-35,FL,REFINANCE,OWNER,SFR,CasaMortgage,2023
LN107955,2021-12,221900.0,3.819,360,780+,85-95,>43,CA,CASHOUT_REFI,OWNER,SFR,DeltaHome,2021
LN107956,2023-11,756900.0,6.781,360,620-679,75-85,>43,AZ,PURCHASE,OWNER,SFR,AlphaServ,2023
LN107957,2023-03,221700.0,5.939,360,680-739,85-95,35-43,CA,PURCHASE,OWNER,SFR,BetaLoan,2023
LN107958,2024-11,356900.0,5.824,360,740-779,60-75,<=20,GA,PURCHASE,OWNER,SFR,DeltaHome,2024
LN107959,2023-10,302600.0,6.842,180,620-679,75-85,>43,NY,REFINANCE,OWNER,SFR,BetaLoan,2023
LN107960,2022-10,299600.0,5.254,360,740-779,>95,20-35,PA,PURCHASE,OWNER,SFR,DeltaHome,2022
LN107961,2021-10,252600.0,4.133,360,680-739,60-75,20-35,IL,PURCHASE,OWNER,TOWNHOUSE,AlphaServ,2021
LN107962,2023-08,148700.0,6.893,360,620-679,75-85,>43,TX,CASHOUT_REFI,OWNER,SFR,BetaLoan,2023
LN107963,2023-01,75700.0,7.073,360,<620,>95,20-35,CA,PURCHASE,OWNER,SFR,DeltaHome,2023
LN107964,2021-09,454400.0,3.652,360,780+,75-85,20-35,NY,PURCHASE,OWNER,SFR,CasaMortgage,2021
LN107965,2023-07,193400.0,6.166,360,740-779,85-95,35-43,OH,CASHOUT_REFI,OWNER,MULTI_2_4,AlphaServ,2023
LN107966,2022-03,110200.0,4.569,180,680-739,>95,<=20,GA,REFINANCE,OWNER,CONDO,CasaMortgage,2022
LN107967,2022-04,310900.0,4.906,360,620-679,60-75,<=20,PA,CASHOUT_REFI,OWNER,SFR,BetaLoan,2022
LN107968,2021-07,308200.0,4.422,360,620-679,85-95,20-35,FL,PURCHASE,OWNER,SFR,EagleTrust,2021
LN107969,2022-10,360600.0,5.643,360,620-679,75-85,35-43,MI,PURCHASE,OWNER,CONDO,CasaMortgage,2022
LN107970,2022-04,421700.0,4.506,360,740-779,>95,20-35,TX,PURCHASE,OWNER,SFR,BetaLoan,2022
LN107971,2021-10,168800.0,4.747,360,620-679,75-85,20-35,AZ,REFINANCE,OWNER,SFR,BetaLoan,2021
LN107972,2023-01,172200.0,6.214,180,620-679,85-95,>43,CA,CASHOUT_REFI,OWNER,SFR,AlphaServ,2023
LN107973,2022-04,221100.0,5.871,360,<620,60-75,35-43,PA,CASHOUT_REFI,SECOND_HOME,CONDO,CasaMortgage,2022
LN107974,2021-12,369400.0,3.956,360,740-779,75-85,35-43,TX,REFINANCE,OWNER,CONDO,DeltaHome,2021
LN107975,2023-02,99100.0,5.803,360,740-779,85-95,20-35,GA,REFINANCE,OWNER,CONDO,CasaMortgage,2023
LN107976,2021-09,270400.0,3.788,360,740-779,>95,35-43,OH,PURCHASE,INVESTOR,SFR,CasaMortgage,2021
LN107977,2024-12,388300.0,6.575,360,680-739,60-75,20-35,OH,PURCHASE,OWNER,SFR,AlphaServ,2024
LN107978,2023-02,381100.0,5.195,240,780+,<=60,>43,WA,PURCHASE,OWNER,SFR,AlphaServ,2023
LN107979,2024-12,351100.0,6.406,240,680-739,>95,20-35,OH,REFINANCE,OWNER,SFR,EagleTrust,2024
LN107980,2024-08,411800.0,6.295,360,740-779,75-85,35-43,TX,CASHOUT_REFI,OWNER,SFR,BetaLoan,2024
LN107981,2024-12,74100.0,6.648,240,680-739,<=60,>43,NY,REFINANCE,OWNER,SFR,DeltaHome,2024
LN107982,2023-05,527600.0,6.636,360,620-679,75-85,20-35,CA,PURCHASE,OWNER,SFR,DeltaHome,2023
LN107983,2022-12,296200.0,5.653,360,740-779,>95,20-35,FL,PURCHASE,OWNER,SFR,AlphaServ,2022
LN107984,2024-01,465400.0,6.508,360,680-739,>95,<=20,FL,PURCHASE,OWNER,SFR,DeltaHome,2024
LN107985,2021-10,150500.0,3.713,360,740-779,60-75,20-35,GA,PURCHASE,OWNER,MULTI_2_4,AlphaServ,2021
LN107986,2024-06,115900.0,7.338,360,620-679,85-95,20-35,AZ,CASHOUT_REFI,INVESTOR,SFR,DeltaHome,2024
LN107987,2022-08,570300.0,4.887,360,680-739,75-85,<=20,FL,REFINANCE,OWNER,SFR,AlphaServ,2022
LN107988,2021-07,168200.0,3.428,180,780+,75-85,<=20,PA,PURCHASE,OWNER,CONDO,DeltaHome,2021
LN107989,2022-04,221900.0,5.051,360,620-679,85-95,20-35,AZ,PURCHASE,SECOND_HOME,SFR,BetaLoan,2022
LN107990,2022-05,323600.0,5.615,180,<620,60-75,20-35,GA,PURCHASE,INVESTOR,SFR,BetaLoan,2022
LN107991,2021-07,361400.0,4.483,360,620-679,75-85,35-43,NC,PURCHASE,OWNER,SFR,CasaMortgage,2021
LN107992,2023-11,414700.0,6.546,360,680-739,60-75,20-35,MI,PURCHASE,SECOND_HOME,CONDO,DeltaHome,2023
LN107993,2021-10,282200.0,4.075,360,780+,60-75,<=20,FL,PURCHASE,OWNER,TOWNHOUSE,AlphaServ,2021
LN107994,2024-06,158800.0,6.558,360,680-739,60-75,<=20,WA,PURCHASE,OWNER,SFR,EagleTrust,2024
LN107995,2023-02,350800.0,5.511,360,780+,>95,20-35,NY,PURCHASE,OWNER,SFR,DeltaHome,2023
LN107996,2024-01,353300.0,6.582,180,680-739,75-85,<=20,CA,PURCHASE,OWNER,TOWNHOUSE,BetaLoan,2024
LN107997,2022-09,112800.0,4.862,360,680-739,85-95,20-35,NC,PURCHASE,INVESTOR,SFR,AlphaServ,2022
LN107998,2021-12,483300.0,4.481,360,620-679,60-75,20-35,FL,PURCHASE,OWNER,SFR,AlphaServ,2021
LN107999,2022-02,83400.0,4.456,360,620-679,85-95,20-35,CA,REFINANCE,INVESTOR,SFR,CasaMortgage,2022
LN108000,2023-10,406600.0,5.996,180,740-779,75-85,20-35,TX,REFINANCE,OWNER,SFR,DeltaHome,2023
LN108001,2024-01,191900.0,7.437,180,<620,>95,35-43,FL,PURCHASE,OWNER,SFR,EagleTrust,2024
LN108002,2022-06,350600.0,5.442,360,620-679,60-75,>43,TX,CASHOUT_REFI,OWNER,SFR,BetaLoan,2022
LN108003,2022-09,321100.0,5.036,360,780+,75-85,35-43,CA,REFINANCE,OWNER,SFR,AlphaServ,2022
LN108004,2024-10,251000.0,6.995,180,680-739,60-75,20-35,TX,REFINANCE,OWNER,TOWNHOUSE,CasaMortgage,2024
LN108005,2024-06,312700.0,7.512,360,<620,<=60,20-35,GA,PURCHASE,OWNER,SFR,BetaLoan,2024
LN108006,2022-12,245500.0,5.407,360,740-779,75-85,35-43,CA,CASHOUT_REFI,OWNER,MULTI_2_4,CasaMortgage,2022
LN108007,2022-05,352000.0,4.502,180,680-739,85-95,20-35,MI,PURCHASE,OWNER,TOWNHOUSE,BetaLoan,2022
LN108008,2022-07,682400.0,4.337,360,780+,60-75,<=20,PA,REFINANCE,OWNER,SFR,CasaMortgage,2022
LN108009,2023-05,139600.0,6.067,360,740-779,85-95,35-43,NC,PURCHASE,OWNER,SFR,AlphaServ,2023
LN108010,2023-06,60800.0,7.541,360,<620,85-95,20-35,TX,CASHOUT_REFI,OWNER,SFR,AlphaServ,2023
LN108011,2022-02,211700.0,5.099,360,620-679,75-85,20-35,OH,REFINANCE,OWNER,SFR,AlphaServ,2022
LN108012,2021-09,205300.0,4.416,360,620-679,85-95,35-43,CA,REFINANCE,OWNER,SFR,EagleTrust,2021
LN108013,2023-03,215400.0,5.536,360,740-779,75-85,>43,WA,PURCHASE,SECOND_HOME,SFR,DeltaHome,2023
LN108014,2024-04,168200.0,6.27,360,680-739,>95,>43,CA,REFINANCE,OWNER,MULTI_2_4,DeltaHome,2024
LN108015,2022-01,378000.0,4.05,360,740-779,85-95,>43,TX,PURCHASE,OWNER,MULTI_2_4,CasaMortgage,2022
LN108016,2022-12,137100.0,6.053,360,680-739,85-95,20-35,CA,PURCHASE,OWNER,CONDO,BetaLoan,2022
LN108017,2022-01,312700.0,4.272,360,680-739,60-75,20-35,WA,PURCHASE,OWNER,SFR,AlphaServ,2022
LN108018,2022-05,340200.0,5.047,180,620-679,85-95,<=20,CA,REFINANCE,OWNER,TOWNHOUSE,CasaMortgage,2022
LN108019,2023-08,294300.0,6.763,360,620-679,>95,20-35,CA,PURCHASE,OWNER,MULTI_2_4,BetaLoan,2023
LN108020,2022-07,317800.0,4.967,240,680-739,60-75,35-43,CA,REFINANCE,OWNER,TOWNHOUSE,CasaMortgage,2022
LN108021,2022-06,391300.0,4.9,360,680-739,75-85,<=20,AZ,PURCHASE,OWNER,SFR,BetaLoan,2022
LN108022,2024-12,261500.0,5.535,360,780+,85-95,20-35,NY,PURCHASE,OWNER,SFR,AlphaServ,2024
LN108023,2022-02,218400.0,4.669,360,620-679,75-85,>43,WA,CASHOUT_REFI,OWNER,SFR,CasaMortgage,2022
LN108024,2022-02,317700.0,4.077,180,740-779,75-85,20-35,WA,CASHOUT_REFI,OWNER,SFR,EagleTrust,2022
LN108025,2024-10,334400.0,6.989,360,620-679,85-95,20-35,NC,REFINANCE,OWNER,SFR,BetaLoan,2024
LN108026,2023-06,380900.0,5.89,240,740-779,85-95,>43,TX,PURCHASE,OWNER,SFR,AlphaServ,2023
LN108027,2021-08,118100.0,5.025,180,<620,60-75,20-35,WA,PURCHASE,OWNER,CONDO,CasaMortgage,2021
LN108028,2022-12,235000.0,5.287,360,740-779,75-85,35-43,NY,PURCHASE,OWNER,SFR,BetaLoan,2022
LN108029,2023-06,158000.0,6.844,240,620-679,75-85,20-35,IL,PURCHASE,OWNER,SFR,CasaMortgage,2023
LN108030,2022-05,328500.0,5.219,240,620-679,60-75,20-35,GA,PURCHASE,OWNER,SFR,DeltaHome,2022
LN108031,2023-06,354000.0,6.327,360,680-739,<=60,20-35,NC,PURCHASE,INVESTOR,SFR,AlphaServ,2023
LN108032,2023-10,225600.0,6.638,360,680-739,85-95,<=20,WA,PURCHASE,OWNER,SFR,AlphaServ,2023
LN108033,2022-05,183800.0,4.867,360,680-739,85-95,20-35,WA,PURCHASE,INVESTOR,SFR,BetaLoan,2022
LN108034,2024-05,333900.0,6.896,360,620-679,>95,35-43,NY,REFINANCE,INVESTOR,SFR,AlphaServ,2024
LN108035,2023-02,240400.0,5.295,360,780+,>95,20-35,CA,CASHOUT_REFI,SECOND_HOME,SFR,AlphaServ,2023
LN108036,2024-11,485000.0,7.161,360,620-679,>95,20-35,AZ,PURCHASE,OWNER,SFR,BetaLoan,2024
LN108037,2021-10,566800.0,4.526,360,680-739,<=60,20-35,CA,PURCHASE,OWNER,SFR,BetaLoan,2021
LN108038,2022-08,400400.0,4.868,360,780+,75-85,35-43,OH,PURCHASE,OWNER,SFR,BetaLoan,2022
LN108039,2024-01,283400.0,6.776,360,680-739,<=60,20-35,TX,PURCHASE,OWNER,CONDO,CasaMortgage,2024
LN108040,2024-08,580400.0,6.796,180,620-679,85-95,<=20,FL,REFINANCE,OWNER,CONDO,EagleTrust,2024
LN108041,2022-04,284500.0,4.622,240,680-739,>95,>43,IL,PURCHASE,INVESTOR,SFR,EagleTrust,2022
LN108042,2024-12,205700.0,7.34,240,<620,<=60,>43,NC,REFINANCE,OWNER,MULTI_2_4,BetaLoan,2024
LN108043,2022-03,188400.0,4.487,360,680-739,75-85,20-35,WA,PURCHASE,SECOND_HOME,SFR,CasaMortgage,2022
LN108044,2022-12,186000.0,5.56,360,680-739,75-85,20-35,AZ,PURCHASE,OWNER,SFR,BetaLoan,2022
LN108045,2022-08,254500.0,4.921,360,740-779,60-75,20-35,IL,CASHOUT_REFI,OWNER,SFR,CasaMortgage,2022
LN108046,2022-12,314400.0,5.27,360,780+,85-95,20-35,FL,CASHOUT_REFI,OWNER,TOWNHOUSE,BetaLoan,2022
LN108047,2024-08,135000.0,6.818,360,620-679,75-85,>43,OH,REFINANCE,OWNER,SFR,AlphaServ,2024
LN108048,2024-01,208600.0,7.339,360,<620,75-85,20-35,FL,CASHOUT_REFI,OWNER,SFR,BetaLoan,2024
LN108049,2024-04,280900.0,6.637,180,680-739,>95,<=20,NY,CASHOUT_REFI,OWNER,SFR,EagleTrust,2024
LN108050,2022-05,341000.0,4.761,360,680-739,60-75,20-35,AZ,PURCHASE,OWNER,SFR,AlphaServ,2022
LN108051,2024-10,252300.0,6.838,360,620-679,75-85,<=20,IL,REFINANCE,OWNER,CONDO,DeltaHome,2024
LN108052,2023-01,284900.0,5.494,360,740-779,85-95,20-35,CA,REFINANCE,OWNER,SFR,AlphaServ,2023
LN108053,2023-10,146200.0,6.261,360,680-739,75-85,20-35,NC,PURCHASE,OWNER,SFR,CasaMortgage,2023
LN108054,2023-12,169300.0,6.173,180,780+,75-85,>43,FL,PURCHASE,OWNER,SFR,BetaLoan,2023
LN108055,2023-10,248400.0,6.426,240,680-739,75-85,20-35,TX,REFINANCE,OWNER,CONDO,CasaMortgage,2023
LN108056,2023-08,321200.0,6.737,360,620-679,60-75,35-43,MI,PURCHASE,OWNER,SFR,DeltaHome,2023
LN108057,2023-03,283300.0,6.136,360,680-739,60-75,<=20,TX,REFINANCE,OWNER,TOWNHOUSE,AlphaServ,2023
LN108058,2023-10,174200.0,6.386,180,740-779,85-95,35-43,GA,PURCHASE,INVESTOR,SFR,CasaMortgage,2023
LN108059,2024-09,229500.0,6.968,360,620-679,60-75,20-35,PA,PURCHASE,OWNER,SFR,AlphaServ,2024
LN108060,2022-11,504000.0,5.463,360,680-739,>95,20-35,FL,PURCHASE,OWNER,CONDO,EagleTrust,2022
LN108061,2023-04,326100.0,6.216,360,680-739,<=60,<=20,IL,CASHOUT_REFI,OWNER,SFR,BetaLoan,2023
LN108062,2022-02,237200.0,4.164,240,740-779,85-95,35-43,OH,CASHOUT_REFI,OWNER,SFR,AlphaServ,2022
LN108063,2022-09,160900.0,4.856,360,780+,>95,<=20,GA,CASHOUT_REFI,OWNER,MULTI_2_4,CasaMortgage,2022
LN108064,2024-03,185200.0,7.143,360,620-679,<=60,35-43,WA,REFINANCE,SECOND_HOME,SFR,CasaMortgage,2024
LN108065,2023-09,256000.0,6.829,180,620-679,75-85,20-35,AZ,REFINANCE,OWNER,SFR,BetaLoan,2023
LN108066,2022-03,289000.0,4.732,360,680-739,85-95,35-43,TX,PURCHASE,OWNER,SFR,EagleTrust,2022
LN108067,2023-05,329200.0,6.123,360,680-739,75-85,>43,OH,PURCHASE,INVESTOR,MULTI_2_4,EagleTrust,2023
LN108068,2024-05,303900.0,5.981,360,780+,85-95,20-35,CA,PURCHASE,OWNER,SFR,BetaLoan,2024
LN108069,2021-12,216100.0,4.458,360,680-739,<=60,35-43,CA,PURCHASE,OWNER,SFR,CasaMortgage,2021
LN108070,2021-09,202800.0,3.912,360,740-779,>95,20-35,FL,REFINANCE,OWNER,SFR,AlphaServ,2021
LN108071,2022-11,641200.0,5.047,360,780+,75-85,20-35,FL,PURCHASE,OWNER,SFR,BetaLoan,2022
LN108072,2023-10,198700.0,6.195,240,740-779,60-75,<=20,OH,CASHOUT_REFI,OWNER,SFR,DeltaHome,2023
LN108073,2022-08,142700.0,5.506,360,620-679,75-85,20-35,GA,CASHOUT_REFI,OWNER,SFR,AlphaServ,2022
LN108074,2024-05,122100.0,6.568,360,680-739,60-75,35-43,NY,PURCHASE,SECOND_HOME,CONDO,AlphaServ,2024
LN108075,2024-06,217700.0,6.38,360,680-739,75-85,20-35,PA,PURCHASE,INVESTOR,CONDO,CasaMortgage,2024
LN108076,2023-05,389600.0,6.088,360,680-739,60-75,<=20,PA,REFINANCE,OWNER,SFR,BetaLoan,2023
LN108077,2022-10,197000.0,4.911,360,780+,85-95,20-35,NC,REFINANCE,OWNER,SFR,DeltaHome,2022
LN108078,2021-08,496300.0,3.811,360,680-739,75-85,35-43,FL,REFINANCE,OWNER,SFR,EagleTrust,2021
LN108079,2024-05,254400.0,6.215,180,680-739,75-85,>43,TX,REFINANCE,OWNER,TOWNHOUSE,BetaLoan,2024
LN108080,2024-08,420500.0,6.693,360,620-679,>95,35-43,CA,REFINANCE,OWNER,CONDO,EagleTrust,2024
LN108081,2023-01,181500.0,6.443,360,620-679,>95,35-43,TX,CASHOUT_REFI,OWNER,SFR,CasaMortgage,2023
LN108082,2023-04,182800.0,6.189,360,740-779,85-95,>43,WA,PURCHASE,INVESTOR,TOWNHOUSE,BetaLoan,2023
LN108083,2024-02,265900.0,6.337,360,740-779,<=60,35-43,NY,CASHOUT_REFI,OWNER,MULTI_2_4,BetaLoan,2024
LN108084,2023-12,317200.0,6.221,360,740-779,>95,20-35,NY,REFINANCE,OWNER,CONDO,EagleTrust,2023
LN108085,2021-12,235500.0,4.503,360,680-739,60-75,20-35,IL,PURCHASE,OWNER,TOWNHOUSE,AlphaServ,2021
LN108086,2023-11,291200.0,7.231,360,<620,75-85,>43,GA,PURCHASE,OWNER,TOWNHOUSE,BetaLoan,2023
LN108087,2024-09,332600.0,6.622,360,680-739,>95,<=20,AZ,CASHOUT_REFI,OWNER,SFR,BetaLoan,2024
LN108088,2024-02,134700.0,6.643,180,680-739,<=60,20-35,CA,PURCHASE,INVESTOR,SFR,BetaLoan,2024
LN108089,2023-03,218900.0,5.704,360,740-779,<=60,35-43,PA,REFINANCE,OWNER,CONDO,CasaMortgage,2023
LN108090,2023-04,202100.0,5.51,360,740-779,75-85,<=20,NY,PURCHASE,OWNER,SFR,AlphaServ,2023
LN108091,2022-05,206600.0,4.468,360,780+,75-85,35-43,TX,REFINANCE,SECOND_HOME,SFR,CasaMortgage,2022
LN108092,2023-10,306500.0,6.095,360,740-779,75-85,35-43,OH,PURCHASE,OWNER,SFR,EagleTrust,2023
LN108093,2022-05,203400.0,4.641,360,680-739,85-95,20-35,OH,PURCHASE,OWNER,TOWNHOUSE,BetaLoan,2022
LN108094,2022-09,103500.0,4.728,360,740-779,85-95,35-43,CA,PURCHASE,SECOND_HOME,SFR,BetaLoan,2022
LN108095,2022-06,229500.0,4.698,360,740-779,>95,<=20,CA,PURCHASE,SECOND_HOME,SFR,AlphaServ,2022
LN108096,2022-09,158100.0,4.866,360,780+,<=60,>43,GA,PURCHASE,OWNER,TOWNHOUSE,CasaMortgage,2022
LN108097,2022-10,319100.0,5.536,360,680-739,85-95,<=20,NC,PURCHASE,INVESTOR,SFR,CasaMortgage,2022
LN108098,2021-10,366800.0,3.797,360,740-779,85-95,<=20,GA,PURCHASE,SECOND_HOME,SFR,CasaMortgage,2021
LN108099,2024-01,95900.0,6.518,360,680-739,60-75,20-35,FL,REFINANCE,INVESTOR,SFR,EagleTrust,2024
LN108100,2023-01,180200.0,5.405,360,740-779,75-85,35-43,OH,REFINANCE,OWNER,SFR,BetaLoan,2023
LN108101,2024-10,299200.0,6.09,360,780+,<=60,35-43,AZ,PURCHASE,OWNER,TOWNHOUSE,CasaMortgage,2024
LN108102,2022-02,135400.0,3.951,360,780+,<=60,20-35,AZ,REFINANCE,INVESTOR,SFR,EagleTrust,2022
LN108103,2023-11,363000.0,6.871,360,620-679,<=60,35-43,TX,REFINANCE,OWNER,SFR,CasaMortgage,2023
LN108104,2022-02,409300.0,4.63,360,620-679,85-95,35-43,CA,REFINANCE,OWNER,SFR,CasaMortgage,2022
LN108105,2023-05,237300.0,5.869,360,740-779,75-85,35-43,GA,CASHOUT_REFI,OWNER,SFR,CasaMortgage,2023
LN108106,2023-03,180200.0,5.483,360,740-779,<=60,<=20,TX,CASHOUT_REFI,OWNER,MULTI_2_4,AlphaServ,2023
LN108107,2023-01,90200.0,5.217,360,780+,75-85,>43,PA,REFINANCE,OWNER,CONDO,AlphaServ,2023
LN108108,2023-10,368200.0,6.349,360,680-739,<=60,>43,FL,REFINANCE,OWNER,SFR,AlphaServ,2023
LN108109,2024-05,628500.0,6.261,360,740-779,60-75,>43,CA,PURCHASE,OWNER,SFR,CasaMortgage,2024
LN108110,2022-08,572700.0,4.907,180,740-779,>95,20-35,PA,PURCHASE,INVESTOR,SFR,BetaLoan,2022
LN108111,2024-06,233800.0,6.971,360,620-679,75-85,>43,TX,REFINANCE,OWNER,TOWNHOUSE,DeltaHome,2024
LN108112,2022-02,156100.0,4.745,360,620-679,85-95,<=20,CA,REFINANCE,OWNER,SFR,AlphaServ,2022
LN108113,2022-07,372100.0,4.675,360,740-779,60-75,<=20,PA,REFINANCE,OWNER,SFR,CasaMortgage,2022
LN108114,2022-08,241100.0,5.587,180,620-679,<=60,20-35,CA,REFINANCE,OWNER,SFR,AlphaServ,2022
LN108115,2024-11,316500.0,6.299,360,740-779,85-95,>43,NY,REFINANCE,OWNER,SFR,BetaLoan,2024
LN108116,2021-11,292500.0,4.475,360,680-739,60-75,>43,NY,PURCHASE,OWNER,CONDO,DeltaHome,2021
LN108117,2022-11,266200.0,6.003,240,680-739,60-75,20-35,CA,CASHOUT_REFI,OWNER,SFR,BetaLoan,2022
LN108118,2022-12,405500.0,5.968,360,680-739,85-95,35-43,CA,CASHOUT_REFI,INVESTOR,SFR,BetaLoan,2022
LN108119,2024-04,412300.0,6.101,360,780+,75-85,20-35,CA,PURCHASE,OWNER,CONDO,DeltaHome,2024
LN108120,2023-03,201800.0,5.582,360,740-779,>95,<=20,NY,REFINANCE,OWNER,SFR,AlphaServ,2023
LN108121,2024-11,168500.0,6.157,360,740-779,>95,35-43,WA,CASHOUT_REFI,OWNER,SFR,AlphaServ,2024
LN108122,2024-02,82900.0,6.323,360,740-779,60-75,<=20,NC,REFINANCE,OWNER,SFR,DeltaHome,2024
LN108123,2023-12,218400.0,6.177,180,740-779,60-75,35-43,NC,PURCHASE,OWNER,CONDO,BetaLoan,2023
LN108124,2024-02,156100.0,6.028,360,780+,75-85,20-35,GA,CASHOUT_REFI,OWNER,TOWNHOUSE,DeltaHome,2024
LN108125,2022-01,308200.0,4.186,360,740-779,60-75,20-35,MI,REFINANCE,OWNER,SFR,DeltaHome,2022
LN108126,2023-01,219400.0,5.795,360,680-739,75-85,35-43,IL,REFINANCE,OWNER,MULTI_2_4,DeltaHome,2023
LN108127,2023-07,230400.0,6.419,180,680-739,60-75,20-35,WA,PURCHASE,OWNER,SFR,EagleTrust,2023
LN108128,2022-03,367800.0,4.507,360,680-739,85-95,35-43,GA,REFINANCE,OWNER,TOWNHOUSE,BetaLoan,2022
LN108129,2021-11,305200.0,3.572,360,740-779,>95,35-43,GA,CASHOUT_REFI,OWNER,SFR,AlphaServ,2021
LN108130,2021-12,242200.0,3.935,360,680-739,60-75,20-35,CA,PURCHASE,OWNER,SFR,BetaLoan,2021
LN108131,2024-04,545200.0,6.371,180,740-779,<=60,35-43,MI,REFINANCE,OWNER,SFR,DeltaHome,2024
LN108132,2023-10,355800.0,5.982,180,780+,>95,<=20,FL,REFINANCE,INVESTOR,SFR,CasaMortgage,2023
LN108133,2022-06,211700.0,4.917,240,680-739,60-75,35-43,MI,PURCHASE,OWNER,SFR,CasaMortgage,2022
LN108134,2024-01,216000.0,7.522,360,<620,60-75,20-35,PA,REFINANCE,OWNER,SFR,AlphaServ,2024
LN108135,2023-12,363900.0,6.292,360,740-779,60-75,20-35,CA,CASHOUT_REFI,OWNER,SFR,CasaMortgage,2023
LN108136,2024-05,279600.0,7.495,360,<620,60-75,20-35,NY,PURCHASE,OWNER,SFR,CasaMortgage,2024
LN108137,2024-09,154100.0,6.498,360,740-779,60-75,>43,AZ,REFINANCE,OWNER,TOWNHOUSE,DeltaHome,2024
LN108138,2024-08,381800.0,6.621,360,680-739,60-75,20-35,CA,PURCHASE,OWNER,SFR,DeltaHome,2024
LN108139,2022-02,449400.0,4.497,360,680-739,<=60,>43,MI,PURCHASE,OWNER,SFR,BetaLoan,2022
LN108140,2024-03,434400.0,6.504,240,680-739,85-95,20-35,FL,PURCHASE,OWNER,SFR,AlphaServ,2024
LN108141,2022-11,511100.0,5.367,360,680-739,60-75,20-35,IL,REFINANCE,SECOND_HOME,SFR,AlphaServ,2022
LN108142,2022-11,647700.0,5.966,360,680-739,85-95,35-43,AZ,CASHOUT_REFI,OWNER,SFR,AlphaServ,2022
LN108143,2023-10,556000.0,6.645,360,680-739,75-85,35-43,GA,REFINANCE,OWNER,SFR,EagleTrust,2023
LN108144,2023-08,297500.0,6.46,360,680-739,75-85,20-35,NY,PURCHASE,OWNER,SFR,BetaLoan,2023
LN108145,2022-12,232400.0,5.165,360,780+,>95,<=20,NC,PURCHASE,INVESTOR,SFR,AlphaServ,2022
LN108146,2024-12,112000.0,7.507,180,<620,75-85,35-43,TX,PURCHASE,OWNER,SFR,EagleTrust,2024
LN108147,2022-02,256500.0,4.362,360,680-739,60-75,35-43,CA,PURCHASE,OWNER,SFR,CasaMortgage,2022
LN108148,2021-11,322400.0,4.76,360,620-679,75-85,35-43,GA,REFINANCE,OWNER,SFR,BetaLoan,2021
LN108149,2021-08,260300.0,4.362,360,680-739,60-75,35-43,PA,CASHOUT_REFI,OWNER,CONDO,AlphaServ,2021
LN108150,2024-05,109100.0,7.49,360,<620,60-75,20-35,NC,CASHOUT_REFI,OWNER,SFR,AlphaServ,2024
LN108151,2022-12,224400.0,5.686,360,740-779,>95,20-35,IL,PURCHASE,OWNER,SFR,BetaLoan,2022
LN108152,2023-01,341300.0,6.183,360,620-679,85-95,35-43,CA,PURCHASE,OWNER,SFR,DeltaHome,2023
LN108153,2023-10,160900.0,5.877,360,740-779,75-85,<=20,CA,REFINANCE,OWNER,SFR,CasaMortgage,2023
LN108154,2023-01,275000.0,5.979,360,680-739,75-85,35-43,TX,REFINANCE,OWNER,SFR,AlphaServ,2023
LN108155,2023-07,310000.0,6.344,360,680-739,75-85,<=20,WA,PURCHASE,OWNER,SFR,AlphaServ,2023
LN108156,2021-09,422100.0,4.682,360,620-679,<=60,35-43,IL,CASHOUT_REFI,OWNER,SFR,CasaMortgage,2021
LN108157,2022-01,551700.0,3.869,360,740-779,60-75,<=20,PA,REFINANCE,OWNER,SFR,BetaLoan,2022
LN108158,2024-10,215300.0,5.96,360,780+,75-85,35-43,CA,PURCHASE,OWNER,SFR,CasaMortgage,2024
LN108159,2023-01,277300.0,6.473,360,620-679,60-75,20-35,IL,REFINANCE,OWNER,CONDO,EagleTrust,2023
LN108160,2022-02,281200.0,4.007,360,780+,60-75,>43,TX,PURCHASE,OWNER,MULTI_2_4,CasaMortgage,2022
LN108161,2022-10,341900.0,5.709,360,680-739,75-85,35-43,WA,REFINANCE,OWNER,MULTI_2_4,CasaMortgage,2022
LN108162,2022-09,325100.0,5.187,360,680-739,75-85,20-35,TX,CASHOUT_REFI,OWNER,CONDO,DeltaHome,2022
LN108163,2022-06,484700.0,5.017,360,740-779,60-75,<=20,CA,CASHOUT_REFI,OWNER,SFR,BetaLoan,2022
LN108164,2022-07,89400.0,5.833,360,620-679,>95,35-43,TX,PURCHASE,OWNER,CONDO,CasaMortgage,2022
LN108165,2024-01,308100.0,6.709,360,680-739,85-95,20-35,CA,PURCHASE,OWNER,SFR,DeltaHome,2024
LN108166,2021-11,317900.0,5.161,360,<620,75-85,35-43,FL,REFINANCE,OWNER,SFR,DeltaHome,2021
LN108167,2022-08,229600.0,4.938,360,740-779,60-75,35-43,WA,PURCHASE,OWNER,SFR,BetaLoan,2022
LN108168,2023-02,92200.0,6.134,240,680-739,75-85,35-43,WA,REFINANCE,SECOND_HOME,SFR,BetaLoan,2023
LN108169,2023-05,248300.0,5.773,360,780+,85-95,20-35,OH,REFINANCE,OWNER,SFR,AlphaServ,2023
LN108170,2024-07,185400.0,6.932,360,620-679,75-85,<=20,PA,PURCHASE,OWNER,CONDO,DeltaHome,2024
LN108171,2024-09,543100.0,5.883,360,780+,75-85,20-35,NY,PURCHASE,OWNER,SFR,CasaMortgage,2024
LN108172,2022-07,302200.0,5.033,360,620-679,60-75,20-35,AZ,PURCHASE,OWNER,SFR,CasaMortgage,2022
LN108173,2023-05,178400.0,5.874,180,740-779,60-75,35-43,TX,CASHOUT_REFI,OWNER,SFR,AlphaServ,2023
LN108174,2021-07,101300.0,3.69,360,680-739,85-95,20-35,NY,PURCHASE,OWNER,SFR,BetaLoan,2021
LN108175,2023-08,333000.0,6.788,360,620-679,<=60,20-35,CA,CASHOUT_REFI,OWNER,SFR,AlphaServ,2023
LN108176,2022-01,349200.0,5.051,360,620-679,75-85,20-35,WA,REFINANCE,OWNER,SFR,BetaLoan,2022
LN108177,2021-10,231600.0,3.867,360,740-779,85-95,20-35,FL,PURCHASE,OWNER,SFR,EagleTrust,2021
LN108178,2023-11,334900.0,6.759,360,620-679,<=60,35-43,TX,PURCHASE,OWNER,SFR,CasaMortgage,2023
LN108179,2022-02,218200.0,4.062,180,740-779,>95,<=20,TX,REFINANCE,OWNER,SFR,CasaMortgage,2022
LN108180,2023-03,412600.0,5.404,360,780+,85-95,<=20,IL,PURCHASE,SECOND_HOME,SFR,CasaMortgage,2023
LN108181,2021-11,399000.0,4.54,240,680-739,85-95,20-35,IL,PURCHASE,OWNER,TOWNHOUSE,CasaMortgage,2021
LN108182,2024-02,122100.0,7.369,360,<620,85-95,20-35,NC,PURCHASE,OWNER,SFR,EagleTrust,2024
LN108183,2024-03,136200.0,6.675,360,620-679,85-95,35-43,PA,PURCHASE,OWNER,TOWNHOUSE,EagleTrust,2024
LN108184,2023-07,636700.0,7.221,360,620-679,60-75,35-43,NC,CASHOUT_REFI,OWNER,TOWNHOUSE,AlphaServ,2023
LN108185,2024-06,388300.0,6.567,360,680-739,85-95,35-43,IL,CASHOUT_REFI,INVESTOR,TOWNHOUSE,AlphaServ,2024
LN108186,2023-01,144600.0,5.373,360,740-779,60-75,>43,OH,REFINANCE,INVESTOR,SFR,AlphaServ,2023
LN108187,2022-02,125900.0,4.455,360,680-739,85-95,<=20,WA,PURCHASE,OWNER,CONDO,EagleTrust,2022
LN108188,2022-01,280300.0,4.728,360,620-679,75-85,20-35,NY,PURCHASE,OWNER,SFR,DeltaHome,2022
LN108189,2022-04,152700.0,4.437,360,740-779,85-95,<=20,FL,PURCHASE,OWNER,SFR,EagleTrust,2022
LN108190,2022-03,221300.0,4.519,360,680-739,60-75,35-43,GA,REFINANCE,OWNER,SFR,AlphaServ,2022
LN108191,2022-08,249900.0,4.475,180,740-779,60-75,20-35,NC,REFINANCE,OWNER,SFR,CasaMortgage,2022
LN108192,2022-04,245100.0,4.121,240,780+,85-95,20-35,WA,PURCHASE,OWNER,CONDO,AlphaServ,2022
LN108193,2023-07,423800.0,6.522,360,680-739,75-85,20-35,FL,PURCHASE,OWNER,SFR,AlphaServ,2023
LN108194,2022-01,582800.0,4.274,360,680-739,75-85,>43,IL,CASHOUT_REFI,OWNER,SFR,DeltaHome,2022
LN108195,2023-09,205800.0,6.292,360,740-779,85-95,<=20,GA,PURCHASE,INVESTOR,CONDO,CasaMortgage,2023
LN108196,2022-09,153500.0,5.17,360,740-779,60-75,20-35,NC,REFINANCE,OWNER,SFR,BetaLoan,2022
LN108197,2023-11,304100.0,6.441,360,740-779,60-75,20-35,CA,REFINANCE,OWNER,SFR,AlphaServ,2023
LN108198,2023-04,531900.0,5.658,360,740-779,60-75,20-35,AZ,REFINANCE,OWNER,SFR,AlphaServ,2023
LN108199,2024-09,212900.0,6.4,180,680-739,>95,35-43,TX,PURCHASE,OWNER,CONDO,BetaLoan,2024
LN108200,2023-01,374200.0,5.835,360,680-739,<=60,35-43,TX,CASHOUT_REFI,SECOND_HOME,SFR,BetaLoan,2023
LN108201,2022-07,175100.0,4.397,360,740-779,60-75,35-43,NC,REFINANCE,OWNER,SFR,AlphaServ,2022
LN108202,2023-07,257700.0,5.868,360,740-779,>95,35-43,TX,REFINANCE,OWNER,SFR,AlphaServ,2023
LN108203,2023-10,151300.0,6.252,360,740-779,85-95,20-35,CA,REFINANCE,OWNER,SFR,CasaMortgage,2023
LN108204,2023-01,256500.0,5.456,360,680-739,85-95,35-43,WA,PURCHASE,OWNER,CONDO,CasaMortgage,2023
LN108205,2023-06,242200.0,5.477,360,780+,75-85,35-43,GA,PURCHASE,OWNER,SFR,BetaLoan,2023
LN108206,2023-02,335600.0,6.438,360,620-679,85-95,35-43,WA,REFINANCE,OWNER,SFR,BetaLoan,2023
LN108207,2022-07,568100.0,5.132,180,620-679,>95,20-35,CA,PURCHASE,OWNER,CONDO,DeltaHome,2022
LN108208,2022-08,214300.0,5.645,360,680-739,>95,<=20,CA,REFINANCE,OWNER,SFR,AlphaServ,2022
LN108209,2024-09,103800.0,6.784,360,620-679,75-85,35-43,TX,PURCHASE,SECOND_HOME,SFR,AlphaServ,2024
LN108210,2023-11,233100.0,6.034,360,740-779,85-95,>43,CA,REFINANCE,OWNER,TOWNHOUSE,BetaLoan,2023
LN108211,2021-11,292100.0,4.378,360,620-679,85-95,>43,NY,REFINANCE,OWNER,SFR,AlphaServ,2021
LN108212,2024-11,279500.0,6.516,360,680-739,85-95,<=20,WA,REFINANCE,OWNER,SFR,AlphaServ,2024
LN108213,2023-12,237800.0,6.514,360,680-739,85-95,20-35,FL,REFINANCE,INVESTOR,SFR,BetaLoan,2023
LN108214,2021-09,498600.0,4.599,360,620-679,60-75,35-43,NC,PURCHASE,SECOND_HOME,SFR,AlphaServ,2021
LN108215,2024-01,271400.0,6.924,360,620-679,85-95,20-35,GA,CASHOUT_REFI,SECOND_HOME,SFR,AlphaServ,2024
LN108216,2023-07,243500.0,6.524,360,680-739,75-85,20-35,CA,PURCHASE,OWNER,TOWNHOUSE,CasaMortgage,2023
LN108217,2024-09,179900.0,6.222,360,740-779,60-75,>43,TX,CASHOUT_REFI,INVESTOR,CONDO,CasaMortgage,2024
LN108218,2023-03,116300.0,5.979,360,680-739,<=60,20-35,GA,REFINANCE,OWNER,SFR,AlphaServ,2023
LN108219,2023-04,296000.0,6.581,360,620-679,60-75,20-35,CA,PURCHASE,OWNER,CONDO,AlphaServ,2023
LN108220,2022-08,285100.0,4.803,360,680-739,75-85,<=20,NY,PURCHASE,OWNER,SFR,BetaLoan,2022
LN108221,2022-08,158500.0,5.354,360,620-679,60-75,20-35,NC,CASHOUT_REFI,OWNER,SFR,AlphaServ,2022
LN108222,2023-08,250200.0,7.618,360,<620,85-95,20-35,FL,PURCHASE,OWNER,TOWNHOUSE,EagleTrust,2023
LN108223,2024-05,239300.0,5.779,360,780+,>95,>43,FL,PURCHASE,OWNER,SFR,AlphaServ,2024
LN108224,2024-08,192700.0,7.638,360,<620,<=60,35-43,NC,PURCHASE,INVESTOR,TOWNHOUSE,CasaMortgage,2024
LN108225,2024-03,178600.0,7.062,180,<620,<=60,<=20,NY,CASHOUT_REFI,INVESTOR,SFR,AlphaServ,2024
LN108226,2023-08,306300.0,5.621,360,780+,60-75,35-43,OH,PURCHASE,OWNER,TOWNHOUSE,BetaLoan,2023
LN108227,2023-04,230600.0,5.698,360,740-779,85-95,<=20,TX,PURCHASE,OWNER,SFR,AlphaServ,2023
LN108228,2022-09,195600.0,5.371,360,680-739,60-75,<=20,MI,PURCHASE,OWNER,SFR,AlphaServ,2022
LN108229,2024-03,173200.0,6.565,240,680-739,60-75,20-35,OH,REFINANCE,INVESTOR,SFR,AlphaServ,2024
LN108230,2022-08,240700.0,4.725,360,780+,60-75,20-35,WA,PURCHASE,OWNER,SFR,CasaMortgage,2022
LN108231,2022-06,386900.0,5.19,180,620-679,60-75,20-35,MI,PURCHASE,OWNER,SFR,AlphaServ,2022
LN108232,2024-07,280100.0,6.959,360,620-679,85-95,20-35,OH,PURCHASE,OWNER,SFR,BetaLoan,2024
LN108233,2023-07,229400.0,5.862,360,780+,85-95,>43,GA,REFINANCE,OWNER,SFR,AlphaServ,2023
LN108234,2022-09,293300.0,5.164,360,740-779,60-75,35-43,FL,PURCHASE,SECOND_HOME,SFR,CasaMortgage,2022
LN108235,2024-07,471600.0,6.4,360,780+,75-85,20-35,NY,REFINANCE,OWNER,CONDO,AlphaServ,2024
LN108236,2024-11,318300.0,6.724,360,620-679,75-85,>43,NC,REFINANCE,OWNER,SFR,CasaMortgage,2024
LN108237,2022-08,287000.0,4.625,360,780+,>95,<=20,IL,REFINANCE,OWNER,SFR,CasaMortgage,2022
LN108238,2023-04,340200.0,6.066,360,680-739,85-95,<=20,WA,PURCHASE,OWNER,SFR,AlphaServ,2023
LN108239,2023-03,237700.0,5.801,360,740-779,85-95,20-35,OH,PURCHASE,INVESTOR,TOWNHOUSE,CasaMortgage,2023
LN108240,2023-12,277300.0,6.301,360,780+,>95,20-35,CA,CASHOUT_REFI,OWNER,SFR,AlphaServ,2023
LN108241,2024-10,204800.0,6.96,360,620-679,75-85,<=20,CA,PURCHASE,OWNER,SFR,AlphaServ,2024
LN108242,2023-06,127000.0,6.593,360,620-679,<=60,20-35,CA,CASHOUT_REFI,OWNER,SFR,AlphaServ,2023
LN108243,2024-04,297800.0,6.784,360,680-739,85-95,20-35,AZ,PURCHASE,OWNER,SFR,EagleTrust,2024
LN108244,2023-08,298300.0,5.868,360,780+,<=60,20-35,FL,REFINANCE,SECOND_HOME,SFR,AlphaServ,2023
LN108245,2024-08,224300.0,7.453,360,<620,75-85,<=20,PA,PURCHASE,OWNER,SFR,DeltaHome,2024
LN108246,2022-11,406800.0,5.181,180,780+,85-95,35-43,NY,REFINANCE,OWNER,MULTI_2_4,BetaLoan,2022
LN108247,2022-11,184500.0,5.335,240,680-739,75-85,20-35,AZ,PURCHASE,INVESTOR,SFR,DeltaHome,2022
LN108248,2022-12,115000.0,5.455,360,680-739,60-75,35-43,IL,REFINANCE,OWNER,SFR,DeltaHome,2022
LN108249,2024-12,186500.0,6.712,360,620-679,75-85,20-35,PA,PURCHASE,OWNER,SFR,AlphaServ,2024
LN108250,2023-08,127600.0,5.862,360,780+,60-75,35-43,NC,PURCHASE,OWNER,TOWNHOUSE,BetaLoan,2023
LN108251,2022-01,297200.0,4.955,360,620-679,<=60,>43,TX,PURCHASE,OWNER,TOWNHOUSE,AlphaServ,2022
LN108252,2021-08,182000.0,3.671,360,740-779,75-85,20-35,OH,CASHOUT_REFI,SECOND_HOME,SFR,BetaLoan,2021
LN108253,2023-04,397600.0,6.45,180,620-679,<=60,35-43,TX,REFINANCE,INVESTOR,SFR,EagleTrust,2023
LN108254,2024-04,393800.0,6.133,360,780+,>95,35-43,TX,PURCHASE,OWNER,SFR,BetaLoan,2024
LN108255,2023-03,168300.0,5.581,360,740-779,75-85,20-35,FL,PURCHASE,OWNER,MULTI_2_4,AlphaServ,2023
LN108256,2023-06,177400.0,6.613,360,620-679,85-95,20-35,FL,CASHOUT_REFI,OWNER,SFR,BetaLoan,2023
LN108257,2024-04,324600.0,6.995,360,620-679,>95,20-35,IL,PURCHASE,SECOND_HOME,CONDO,CasaMortgage,2024
LN108258,2023-04,396700.0,6.246,360,680-739,75-85,35-43,GA,PURCHASE,OWNER,TOWNHOUSE,BetaLoan,2023
LN108259,2024-09,103200.0,6.737,360,680-739,75-85,20-35,WA,PURCHASE,SECOND_HOME,SFR,BetaLoan,2024
LN108260,2023-09,289700.0,6.132,360,740-779,85-95,35-43,IL,PURCHASE,OWNER,SFR,DeltaHome,2023
LN108261,2024-01,94900.0,6.519,360,680-739,<=60,<=20,MI,CASHOUT_REFI,OWNER,CONDO,BetaLoan,2024
LN108262,2024-03,199400.0,6.558,360,680-739,75-85,<=20,IL,REFINANCE,OWNER,SFR,DeltaHome,2024
LN108263,2023-09,417500.0,6.197,180,740-779,60-75,20-35,NY,PURCHASE,SECOND_HOME,SFR,DeltaHome,2023
LN108264,2021-09,988900.0,4.397,360,680-739,85-95,20-35,NY,REFINANCE,INVESTOR,SFR,DeltaHome,2021
LN108265,2022-12,229200.0,6.499,360,620-679,85-95,35-43,AZ,REFINANCE,OWNER,MULTI_2_4,DeltaHome,2022
LN108266,2021-12,145600.0,5.03,180,620-679,75-85,<=20,CA,PURCHASE,OWNER,CONDO,CasaMortgage,2021
LN108267,2023-04,202600.0,6.336,360,680-739,75-85,20-35,FL,PURCHASE,OWNER,SFR,BetaLoan,2023
LN108268,2022-01,263000.0,3.886,360,740-779,75-85,35-43,NC,PURCHASE,OWNER,SFR,DeltaHome,2022
LN108269,2023-04,188800.0,6.583,180,620-679,75-85,>43,FL,PURCHASE,OWNER,CONDO,CasaMortgage,2023
LN108270,2022-09,168400.0,5.234,360,680-739,75-85,>43,CA,PURCHASE,INVESTOR,TOWNHOUSE,BetaLoan,2022
LN108271,2021-07,210600.0,4.036,180,680-739,>95,20-35,TX,PURCHASE,OWNER,SFR,AlphaServ,2021
LN108272,2021-12,305000.0,4.31,360,740-779,60-75,>43,CA,PURCHASE,OWNER,CONDO,BetaLoan,2021
LN108273,2023-04,236500.0,7.283,360,<620,60-75,20-35,FL,REFINANCE,OWNER,SFR,DeltaHome,2023
LN108274,2021-10,171700.0,4.332,360,680-739,60-75,<=20,FL,PURCHASE,OWNER,CONDO,AlphaServ,2021
LN108275,2024-06,188800.0,7.972,360,<620,85-95,>43,WA,REFINANCE,OWNER,CONDO,CasaMortgage,2024
LN108276,2024-02,211900.0,7.136,360,620-679,>95,<=20,PA,REFINANCE,OWNER,CONDO,BetaLoan,2024
LN108277,2023-12,162800.0,7.721,360,<620,60-75,20-35,CA,REFINANCE,OWNER,SFR,AlphaServ,2023
LN108278,2022-02,185700.0,4.554,360,680-739,75-85,<=20,CA,PURCHASE,INVESTOR,MULTI_2_4,CasaMortgage,2022
LN108279,2024-04,341000.0,6.338,360,740-779,>95,20-35,WA,PURCHASE,OWNER,SFR,EagleTrust,2024
LN108280,2023-09,230100.0,7.226,240,620-679,60-75,20-35,NC,PURCHASE,OWNER,TOWNHOUSE,AlphaServ,2023
LN108281,2022-11,116000.0,5.135,360,740-779,85-95,35-43,GA,PURCHASE,SECOND_HOME,SFR,CasaMortgage,2022
LN108282,2021-07,404800.0,3.47,360,740-779,>95,<=20,OH,PURCHASE,OWNER,SFR,AlphaServ,2021
LN108283,2023-05,307900.0,6.054,360,680-739,85-95,<=20,CA,PURCHASE,OWNER,SFR,AlphaServ,2023
LN108284,2024-04,137000.0,6.52,360,680-739,60-75,20-35,TX,REFINANCE,OWNER,SFR,AlphaServ,2024
LN108285,2021-08,216600.0,4.259,360,680-739,75-85,<=20,NY,REFINANCE,OWNER,SFR,AlphaServ,2021
LN108286,2021-09,178700.0,4.059,360,740-779,60-75,<=20,NY,PURCHASE,OWNER,CONDO,AlphaServ,2021
LN108287,2022-11,346100.0,5.135,360,740-779,<=60,20-35,WA,REFINANCE,OWNER,SFR,CasaMortgage,2022
LN108288,2023-04,215900.0,5.735,360,740-779,<=60,>43,CA,PURCHASE,OWNER,SFR,DeltaHome,2023
LN108289,2023-02,247000.0,5.866,360,680-739,<=60,35-43,CA,REFINANCE,INVESTOR,SFR,AlphaServ,2023
LN108290,2022-12,234400.0,5.416,360,740-779,>95,20-35,AZ,REFINANCE,INVESTOR,CONDO,AlphaServ,2022
LN108291,2022-05,131100.0,5.169,360,620-679,75-85,20-35,AZ,PURCHASE,OWNER,SFR,AlphaServ,2022
LN108292,2021-09,480400.0,4.199,360,680-739,60-75,>43,FL,PURCHASE,SECOND_HOME,SFR,BetaLoan,2021
LN108293,2021-08,343900.0,4.824,360,<620,75-85,35-43,FL,CASHOUT_REFI,SECOND_HOME,CONDO,BetaLoan,2021
LN108294,2021-11,182300.0,4.441,360,620-679,75-85,35-43,OH,PURCHASE,OWNER,SFR,EagleTrust,2021
LN108295,2023-11,278300.0,6.073,360,740-779,60-75,35-43,TX,PURCHASE,OWNER,SFR,AlphaServ,2023
LN108296,2024-04,395700.0,6.311,360,740-779,60-75,<=20,AZ,PURCHASE,OWNER,MULTI_2_4,BetaLoan,2024
LN108297,2023-01,261700.0,6.512,360,<620,75-85,<=20,TX,REFINANCE,OWNER,SFR,DeltaHome,2023
LN108298,2021-10,514300.0,4.017,180,680-739,85-95,20-35,CA,PURCHASE,OWNER,SFR,CasaMortgage,2021
LN108299,2022-12,948900.0,5.499,240,740-779,<=60,20-35,OH,PURCHASE,OWNER,TOWNHOUSE,CasaMortgage,2022
LN108300,2024-12,241200.0,6.259,360,780+,85-95,>43,NC,PURCHASE,OWNER,SFR,CasaMortgage,2024
LN108301,2022-05,196400.0,4.538,180,740-779,75-85,20-35,WA,PURCHASE,OWNER,CONDO,DeltaHome,2022
LN108302,2023-03,163500.0,6.255,240,620-679,75-85,35-43,GA,PURCHASE,OWNER,CONDO,BetaLoan,2023
LN108303,2023-05,94300.0,6.752,360,620-679,60-75,35-43,CA,PURCHASE,OWNER,SFR,BetaLoan,2023
LN108304,2022-08,447600.0,4.757,360,740-779,75-85,35-43,GA,REFINANCE,OWNER,SFR,AlphaServ,2022
LN108305,2023-01,217700.0,6.484,240,620-679,60-75,35-43,CA,PURCHASE,OWNER,CONDO,EagleTrust,2023
LN108306,2023-02,378500.0,5.523,360,780+,60-75,20-35,TX,CASHOUT_REFI,OWNER,SFR,EagleTrust,2023
LN108307,2023-02,414300.0,5.293,360,780+,85-95,35-43,FL,PURCHASE,OWNER,CONDO,CasaMortgage,2023
LN108308,2024-01,156900.0,6.094,360,780+,75-85,35-43,CA,PURCHASE,OWNER,TOWNHOUSE,BetaLoan,2024
LN108309,2023-07,167900.0,6.11,360,680-739,<=60,20-35,FL,PURCHASE,OWNER,SFR,CasaMortgage,2023
LN108310,2021-09,559700.0,3.864,360,740-779,60-75,<=20,MI,REFINANCE,OWNER,SFR,AlphaServ,2021
LN108311,2021-07,247300.0,3.713,360,740-779,60-75,20-35,CA,PURCHASE,INVESTOR,CONDO,CasaMortgage,2021
LN108312,2022-12,189600.0,6.985,360,<620,>95,20-35,IL,PURCHASE,OWNER,SFR,CasaMortgage,2022
LN108313,2024-09,159500.0,7.005,360,620-679,60-75,35-43,TX,CASHOUT_REFI,OWNER,SFR,CasaMortgage,2024
LN108314,2021-08,239500.0,4.504,180,620-679,75-85,<=20,OH,PURCHASE,SECOND_HOME,SFR,AlphaServ,2021
LN108315,2021-09,503100.0,3.703,360,680-739,85-95,<=20,IL,CASHOUT_REFI,OWNER,MULTI_2_4,AlphaServ,2021
LN108316,2023-11,347500.0,6.143,360,780+,60-75,20-35,TX,PURCHASE,OWNER,CONDO,AlphaServ,2023
LN108317,2023-01,277000.0,5.541,360,780+,75-85,35-43,PA,PURCHASE,SECOND_HOME,SFR,CasaMortgage,2023
LN108318,2022-04,521700.0,4.865,360,680-739,75-85,20-35,IL,REFINANCE,OWNER,SFR,BetaLoan,2022
LN108319,2022-03,478400.0,4.526,360,680-739,85-95,20-35,WA,PURCHASE,OWNER,SFR,DeltaHome,2022
LN108320,2023-10,296700.0,6.787,360,620-679,75-85,35-43,WA,PURCHASE,OWNER,SFR,EagleTrust,2023
LN108321,2023-04,890200.0,6.368,240,680-739,<=60,20-35,TX,REFINANCE,OWNER,SFR,BetaLoan,2023
LN108322,2023-09,228400.0,7.345,180,<620,60-75,20-35,AZ,REFINANCE,OWNER,SFR,BetaLoan,2023
LN108323,2022-06,418400.0,4.585,240,740-779,60-75,20-35,NC,PURCHASE,OWNER,SFR,CasaMortgage,2022
LN108324,2023-05,213900.0,5.868,360,740-779,75-85,35-43,NY,REFINANCE,OWNER,TOWNHOUSE,BetaLoan,2023
LN108325,2024-07,383200.0,5.89,180,740-779,>95,<=20,PA,PURCHASE,OWNER,SFR,BetaLoan,2024
LN108326,2022-08,228300.0,4.512,360,780+,<=60,<=20,NY,PURCHASE,INVESTOR,CONDO,AlphaServ,2022
LN108327,2022-11,314100.0,5.993,360,620-679,60-75,35-43,IL,PURCHASE,OWNER,SFR,BetaLoan,2022
LN108328,2022-01,748300.0,4.178,180,740-779,75-85,<=20,FL,CASHOUT_REFI,OWNER,SFR,EagleTrust,2022
LN108329,2023-09,391700.0,6.855,360,620-679,<=60,20-35,PA,PURCHASE,OWNER,SFR,CasaMortgage,2023
LN108330,2021-08,316300.0,4.191,360,680-739,75-85,20-35,AZ,CASHOUT_REFI,OWNER,TOWNHOUSE,EagleTrust,2021
LN108331,2022-05,180100.0,4.46,240,680-739,<=60,35-43,CA,PURCHASE,OWNER,SFR,BetaLoan,2022
LN108332,2023-12,277800.0,7.282,180,<620,85-95,35-43,OH,PURCHASE,OWNER,SFR,AlphaServ,2023
LN108333,2021-07,162200.0,4.875,360,620-679,60-75,35-43,CA,REFINANCE,OWNER,CONDO,AlphaServ,2021
LN108334,2024-12,380500.0,7.022,360,620-679,75-85,20-35,AZ,PURCHASE,OWNER,SFR,CasaMortgage,2024
LN108335,2022-11,376200.0,6.22,360,620-679,75-85,<=20,TX,PURCHASE,OWNER,SFR,DeltaHome,2022
LN108336,2022-11,235400.0,5.027,180,780+,60-75,>43,CA,PURCHASE,OWNER,TOWNHOUSE,EagleTrust,2022
LN108337,2023-05,539600.0,6.413,360,680-739,60-75,<=20,MI,PURCHASE,OWNER,SFR,AlphaServ,2023
LN108338,2023-09,506500.0,6.639,360,680-739,75-85,35-43,GA,PURCHASE,OWNER,SFR,AlphaServ,2023
LN108339,2023-02,273000.0,5.834,360,780+,85-95,<=20,NY,PURCHASE,OWNER,TOWNHOUSE,BetaLoan,2023
LN108340,2024-08,329200.0,6.664,360,680-739,75-85,20-35,GA,PURCHASE,OWNER,TOWNHOUSE,BetaLoan,2024
LN108341,2024-11,195900.0,6.335,360,680-739,75-85,35-43,MI,REFINANCE,INVESTOR,SFR,CasaMortgage,2024
LN108342,2022-03,225800.0,3.911,360,780+,75-85,20-35,TX,PURCHASE,OWNER,TOWNHOUSE,CasaMortgage,2022
LN108343,2023-12,157100.0,7.008,360,620-679,75-85,20-35,FL,CASHOUT_REFI,SECOND_HOME,SFR,CasaMortgage,2023
LN108344,2022-07,205800.0,4.954,360,620-679,85-95,<=20,IL,PURCHASE,OWNER,TOWNHOUSE,EagleTrust,2022
LN108345,2024-12,243500.0,6.569,360,680-739,<=60,<=20,GA,PURCHASE,OWNER,CONDO,DeltaHome,2024
LN108346,2022-05,120900.0,4.869,360,680-739,75-85,20-35,GA,PURCHASE,OWNER,TOWNHOUSE,BetaLoan,2022
LN108347,2022-07,330900.0,4.99,360,740-779,>95,35-43,IL,PURCHASE,OWNER,TOWNHOUSE,AlphaServ,2022
LN108348,2023-12,404300.0,7.126,360,<620,75-85,20-35,GA,PURCHASE,OWNER,SFR,DeltaHome,2023
LN108349,2024-04,254300.0,6.403,180,680-739,75-85,20-35,CA,PURCHASE,OWNER,TOWNHOUSE,AlphaServ,2024
LN108350,2021-12,75800.0,4.018,360,740-779,85-95,>43,FL,REFINANCE,SECOND_HOME,SFR,BetaLoan,2021
LN108351,2023-06,227800.0,5.792,360,780+,75-85,20-35,OH,PURCHASE,OWNER,CONDO,BetaLoan,2023
LN108352,2022-09,136300.0,5.703,360,620-679,75-85,20-35,FL,CASHOUT_REFI,OWNER,CONDO,AlphaServ,2022
LN108353,2023-08,194000.0,6.991,360,620-679,60-75,<=20,WA,CASHOUT_REFI,OWNER,TOWNHOUSE,BetaLoan,2023
LN108354,2023-06,490600.0,5.862,360,780+,<=60,35-43,WA,PURCHASE,OWNER,CONDO,AlphaServ,2023
LN108355,2024-12,85300.0,6.771,360,680-739,<=60,<=20,FL,PURCHASE,OWNER,CONDO,CasaMortgage,2024
LN108356,2024-10,176800.0,7.664,360,<620,85-95,<=20,TX,REFINANCE,OWNER,MULTI_2_4,AlphaServ,2024
LN108357,2023-10,370800.0,7.277,360,<620,75-85,<=20,TX,PURCHASE,SECOND_HOME,TOWNHOUSE,EagleTrust,2023
LN108358,2023-11,186100.0,6.283,180,740-779,>95,20-35,NY,REFINANCE,OWNER,SFR,CasaMortgage,2023
LN108359,2024-08,179800.0,6.686,360,680-739,60-75,20-35,WA,PURCHASE,OWNER,CONDO,AlphaServ,2024
LN108360,2022-02,637000.0,4.496,360,740-779,60-75,<=20,TX,CASHOUT_REFI,INVESTOR,SFR,DeltaHome,2022
LN108361,2024-01,302600.0,6.315,360,740-779,75-85,20-35,FL,PURCHASE,OWNER,SFR,EagleTrust,2024
LN108362,2024-03,388700.0,7.103,360,620-679,<=60,20-35,OH,PURCHASE,OWNER,MULTI_2_4,AlphaServ,2024
LN108363,2021-12,318900.0,4.614,360,620-679,75-85,<=20,OH,REFINANCE,OWNER,SFR,BetaLoan,2021
LN108364,2024-08,274500.0,6.683,360,680-739,<=60,<=20,GA,REFINANCE,OWNER,TOWNHOUSE,DeltaHome,2024
LN108365,2023-12,450800.0,5.862,360,780+,60-75,20-35,NC,PURCHASE,OWNER,CONDO,AlphaServ,2023
LN108366,2022-09,601600.0,5.183,360,680-739,75-85,35-43,MI,REFINANCE,INVESTOR,SFR,DeltaHome,2022
LN108367,2023-03,119700.0,5.98,360,740-779,75-85,35-43,IL,CASHOUT_REFI,OWNER,TOWNHOUSE,AlphaServ,2023
LN108368,2023-03,251200.0,6.607,360,620-679,60-75,<=20,CA,PURCHASE,SECOND_HOME,SFR,AlphaServ,2023
LN108369,2024-09,250300.0,7.214,180,620-679,60-75,<=20,NC,PURCHASE,OWNER,SFR,CasaMortgage,2024
LN108370,2024-11,210400.0,6.432,360,780+,60-75,20-35,OH,CASHOUT_REFI,OWNER,SFR,AlphaServ,2024
LN108371,2024-04,396900.0,7.674,360,<620,60-75,35-43,TX,CASHOUT_REFI,OWNER,SFR,DeltaHome,2024
LN108372,2023-10,286500.0,7.444,360,<620,>95,>43,PA,PURCHASE,OWNER,SFR,CasaMortgage,2023
LN108373,2021-11,607100.0,3.835,360,740-779,85-95,20-35,MI,PURCHASE,INVESTOR,SFR,EagleTrust,2021
LN108374,2024-09,418800.0,6.872,360,620-679,<=60,>43,NY,PURCHASE,OWNER,MULTI_2_4,AlphaServ,2024
LN108375,2021-12,471700.0,4.302,360,680-739,60-75,<=20,WA,REFINANCE,OWNER,CONDO,AlphaServ,2021
LN108376,2022-02,148800.0,4.145,360,740-779,60-75,35-43,NC,CASHOUT_REFI,SECOND_HOME,SFR,BetaLoan,2022
LN108377,2021-09,177600.0,4.691,360,620-679,60-75,35-43,AZ,PURCHASE,OWNER,TOWNHOUSE,CasaMortgage,2021
LN108378,2024-10,184300.0,6.391,360,680-739,>95,20-35,NC,CASHOUT_REFI,OWNER,TOWNHOUSE,BetaLoan,2024
LN108379,2023-03,463000.0,5.951,360,680-739,<=60,35-43,NC,PURCHASE,INVESTOR,SFR,AlphaServ,2023
LN108380,2022-04,165200.0,5.119,360,620-679,85-95,20-35,TX,PURCHASE,OWNER,MULTI_2_4,AlphaServ,2022
LN108381,2021-10,167400.0,3.615,360,740-779,85-95,35-43,NY,PURCHASE,OWNER,SFR,BetaLoan,2021
LN108382,2022-12,154100.0,5.972,240,680-739,85-95,<=20,GA,CASHOUT_REFI,OWNER,SFR,AlphaServ,2022
LN108383,2024-01,881000.0,6.429,360,740-779,75-85,<=20,PA,PURCHASE,INVESTOR,SFR,AlphaServ,2024
LN108384,2024-12,239400.0,6.033,360,780+,60-75,20-35,AZ,CASHOUT_REFI,SECOND_HOME,SFR,AlphaServ,2024
LN108385,2023-06,324000.0,5.617,360,780+,85-95,<=20,CA,REFINANCE,OWNER,SFR,CasaMortgage,2023
LN108386,2023-08,152800.0,6.391,360,680-739,85-95,<=20,NC,CASHOUT_REFI,OWNER,SFR,DeltaHome,2023
LN108387,2024-06,393000.0,7.131,360,620-679,75-85,<=20,TX,PURCHASE,OWNER,SFR,AlphaServ,2024
LN108388,2024-08,114900.0,5.971,360,780+,<=60,20-35,NC,PURCHASE,OWNER,SFR,BetaLoan,2024
LN108389,2022-06,164300.0,4.597,240,680-739,60-75,35-43,FL,PURCHASE,OWNER,CONDO,CasaMortgage,2022
LN108390,2024-12,183700.0,6.28,360,740-779,<=60,20-35,OH,PURCHASE,OWNER,SFR,DeltaHome,2024
LN108391,2023-04,281700.0,5.702,360,780+,60-75,20-35,IL,REFINANCE,INVESTOR,SFR,AlphaServ,2023
LN108392,2024-10,178600.0,6.861,360,620-679,75-85,<=20,AZ,PURCHASE,OWNER,SFR,DeltaHome,2024
LN108393,2021-11,506800.0,5.056,180,620-679,85-95,20-35,GA,PURCHASE,OWNER,SFR,BetaLoan,2021
LN108394,2021-11,320100.0,3.787,240,740-779,75-85,20-35,TX,PURCHASE,OWNER,SFR,CasaMortgage,2021
LN108395,2024-08,187200.0,6.834,180,680-739,75-85,20-35,GA,REFINANCE,OWNER,SFR,BetaLoan,2024
LN108396,2023-11,399900.0,6.65,360,680-739,85-95,20-35,GA,PURCHASE,OWNER,SFR,CasaMortgage,2023
LN108397,2022-02,213800.0,4.22,180,740-779,75-85,<=20,FL,PURCHASE,OWNER,CONDO,CasaMortgage,2022
LN108398,2024-08,195700.0,6.703,360,740-779,75-85,20-35,TX,PURCHASE,OWNER,SFR,BetaLoan,2024
LN108399,2021-11,382000.0,4.444,360,680-739,85-95,>43,AZ,PURCHASE,OWNER,CONDO,EagleTrust,2021
LN108400,2023-11,84600.0,6.81,360,620-679,60-75,35-43,CA,REFINANCE,OWNER,SFR,EagleTrust,2023
LN108401,2022-03,355300.0,4.147,360,740-779,>95,>43,CA,PURCHASE,SECOND_HOME,SFR,BetaLoan,2022
LN108402,2021-09,185200.0,3.697,360,740-779,<=60,35-43,OH,REFINANCE,OWNER,SFR,AlphaServ,2021
LN108403,2024-04,185100.0,6.16,180,780+,75-85,<=20,FL,REFINANCE,OWNER,SFR,AlphaServ,2024
LN108404,2024-06,616100.0,6.876,360,620-679,75-85,35-43,IL,PURCHASE,OWNER,SFR,AlphaServ,2024
LN108405,2021-11,201000.0,3.357,360,780+,75-85,35-43,TX,PURCHASE,OWNER,SFR,CasaMortgage,2021
LN108406,2021-10,392400.0,3.795,180,740-779,75-85,>43,FL,PURCHASE,OWNER,SFR,AlphaServ,2021
LN108407,2023-08,289400.0,6.284,360,740-779,<=60,20-35,NY,PURCHASE,OWNER,SFR,CasaMortgage,2023
LN108408,2021-08,303300.0,4.342,180,680-739,85-95,<=20,OH,REFINANCE,OWNER,CONDO,CasaMortgage,2021
LN108409,2024-02,228000.0,7.641,360,<620,60-75,35-43,CA,PURCHASE,OWNER,SFR,AlphaServ,2024
LN108410,2024-09,222700.0,6.549,360,680-739,75-85,<=20,NY,CASHOUT_REFI,INVESTOR,SFR,BetaLoan,2024
LN108411,2024-02,507700.0,7.181,360,620-679,85-95,<=20,NC,CASHOUT_REFI,OWNER,SFR,AlphaServ,2024
LN108412,2022-04,388000.0,5.008,360,680-739,75-85,20-35,NC,PURCHASE,OWNER,TOWNHOUSE,AlphaServ,2022
LN108413,2022-02,203900.0,4.052,360,780+,85-95,<=20,TX,REFINANCE,OWNER,SFR,BetaLoan,2022
LN108414,2023-11,159400.0,6.94,240,620-679,<=60,20-35,OH,PURCHASE,OWNER,SFR,AlphaServ,2023
LN108415,2021-09,196200.0,3.951,360,780+,60-75,>43,NY,PURCHASE,OWNER,SFR,AlphaServ,2021
LN108416,2023-05,397000.0,6.117,180,680-739,60-75,35-43,CA,REFINANCE,OWNER,MULTI_2_4,BetaLoan,2023
LN108417,2023-01,433800.0,5.473,180,780+,85-95,35-43,NY,PURCHASE,OWNER,SFR,AlphaServ,2023
LN108418,2024-02,327700.0,6.436,360,620-679,85-95,35-43,NC,CASHOUT_REFI,OWNER,SFR,CasaMortgage,2024
LN108419,2022-03,123300.0,4.184,360,740-779,85-95,20-35,WA,CASHOUT_REFI,SECOND_HOME,TOWNHOUSE,CasaMortgage,2022
LN108420,2024-03,358300.0,6.199,360,680-739,75-85,20-35,CA,PURCHASE,OWNER,SFR,AlphaServ,2024
LN108421,2023-12,458900.0,6.195,360,780+,60-75,35-43,NY,REFINANCE,SECOND_HOME,SFR,AlphaServ,2023
LN108422,2022-05,276000.0,5.03,180,620-679,60-75,20-35,WA,CASHOUT_REFI,OWNER,SFR,AlphaServ,2022
LN108423,2022-09,622100.0,5.823,360,620-679,75-85,20-35,IL,REFINANCE,OWNER,CONDO,CasaMortgage,2022
LN108424,2021-09,140900.0,3.534,360,780+,<=60,35-43,AZ,REFINANCE,OWNER,SFR,AlphaServ,2021
LN108425,2023-01,347400.0,6.147,360,620-679,75-85,35-43,NC,REFINANCE,OWNER,TOWNHOUSE,BetaLoan,2023
LN108426,2022-05,161300.0,4.352,180,740-779,85-95,20-35,PA,REFINANCE,OWNER,SFR,CasaMortgage,2022
LN108427,2021-11,411000.0,5.239,180,<620,60-75,35-43,MI,PURCHASE,OWNER,SFR,BetaLoan,2021
LN108428,2023-06,336300.0,7.266,240,<620,85-95,35-43,CA,PURCHASE,OWNER,SFR,AlphaServ,2023
LN108429,2023-06,574100.0,5.845,180,740-779,75-85,>43,MI,PURCHASE,OWNER,SFR,BetaLoan,2023
LN108430,2021-10,319600.0,4.169,360,680-739,<=60,35-43,CA,CASHOUT_REFI,OWNER,SFR,EagleTrust,2021
LN108431,2022-02,212800.0,4.035,360,740-779,60-75,20-35,MI,PURCHASE,OWNER,SFR,AlphaServ,2022
LN108432,2021-10,204600.0,4.099,360,680-739,75-85,35-43,NY,PURCHASE,OWNER,SFR,BetaLoan,2021
LN108433,2023-11,228100.0,6.148,180,740-779,85-95,>43,NC,PURCHASE,SECOND_HOME,SFR,BetaLoan,2023
LN108434,2022-09,202800.0,4.704,360,780+,75-85,20-35,CA,PURCHASE,OWNER,SFR,AlphaServ,2022
LN108435,2021-09,468000.0,4.263,360,680-739,60-75,35-43,CA,CASHOUT_REFI,OWNER,CONDO,CasaMortgage,2021
LN108436,2022-03,453200.0,4.676,360,680-739,<=60,20-35,CA,PURCHASE,OWNER,SFR,BetaLoan,2022
LN108437,2024-11,130200.0,6.646,180,620-679,85-95,20-35,FL,REFINANCE,OWNER,SFR,BetaLoan,2024
LN108438,2022-05,259700.0,4.431,180,740-779,60-75,20-35,TX,CASHOUT_REFI,OWNER,CONDO,AlphaServ,2022
LN108439,2023-11,262500.0,7.004,180,680-739,75-85,20-35,CA,CASHOUT_REFI,OWNER,SFR,BetaLoan,2023
LN108440,2023-02,179600.0,5.885,360,740-779,60-75,20-35,AZ,CASHOUT_REFI,INVESTOR,SFR,EagleTrust,2023
LN108441,2022-02,310900.0,4.852,180,680-739,85-95,35-43,MI,REFINANCE,OWNER,CONDO,DeltaHome,2022
LN108442,2022-07,492600.0,4.551,360,740-779,60-75,20-35,OH,PURCHASE,OWNER,SFR,AlphaServ,2022
LN108443,2021-07,381300.0,3.5,360,780+,<=60,>43,NC,REFINANCE,OWNER,SFR,CasaMortgage,2021
LN108444,2024-02,468000.0,6.441,360,680-739,75-85,<=20,FL,REFINANCE,SECOND_HOME,CONDO,BetaLoan,2024
LN108445,2022-09,184700.0,5.311,240,680-739,85-95,35-43,NC,PURCHASE,OWNER,CONDO,CasaMortgage,2022
LN108446,2023-03,259500.0,6.105,360,680-739,>95,<=20,IL,PURCHASE,INVESTOR,CONDO,EagleTrust,2023
LN108447,2022-01,180900.0,4.47,360,680-739,>95,35-43,CA,CASHOUT_REFI,INVESTOR,CONDO,AlphaServ,2022
LN108448,2024-05,284300.0,6.93,360,620-679,75-85,35-43,GA,PURCHASE,INVESTOR,SFR,CasaMortgage,2024
LN108449,2022-04,296000.0,4.041,180,780+,75-85,35-43,WA,CASHOUT_REFI,OWNER,CONDO,AlphaServ,2022
LN108450,2023-06,393100.0,6.146,180,680-739,75-85,20-35,TX,REFINANCE,OWNER,SFR,BetaLoan,2023
LN108451,2024-07,461000.0,7.473,360,<620,75-85,<=20,CA,PURCHASE,OWNER,SFR,BetaLoan,2024
LN108452,2023-12,348000.0,7.07,360,620-679,<=60,>43,MI,PURCHASE,OWNER,SFR,AlphaServ,2023
LN108453,2023-08,173300.0,6.557,240,680-739,85-95,20-35,TX,PURCHASE,OWNER,SFR,AlphaServ,2023
LN108454,2024-08,138900.0,6.32,360,780+,>95,<=20,NY,PURCHASE,OWNER,SFR,CasaMortgage,2024
LN108455,2022-02,322500.0,4.526,360,680-739,<=60,<=20,CA,PURCHASE,SECOND_HOME,SFR,AlphaServ,2022
LN108456,2024-11,501400.0,7.072,360,620-679,60-75,35-43,CA,PURCHASE,OWNER,CONDO,CasaMortgage,2024
LN108457,2023-06,252400.0,6.05,180,680-739,<=60,35-43,NC,PURCHASE,OWNER,SFR,CasaMortgage,2023
LN108458,2022-12,128400.0,5.398,360,780+,75-85,35-43,WA,PURCHASE,OWNER,SFR,BetaLoan,2022
LN108459,2022-05,652200.0,4.479,360,780+,75-85,20-35,OH,PURCHASE,OWNER,SFR,CasaMortgage,2022
LN108460,2024-02,318100.0,7.314,360,620-679,60-75,35-43,PA,CASHOUT_REFI,OWNER,SFR,BetaLoan,2024
LN108461,2024-12,275700.0,6.882,360,680-739,75-85,>43,TX,REFINANCE,INVESTOR,SFR,BetaLoan,2024
LN108462,2023-11,150900.0,6.029,360,740-779,85-95,35-43,CA,CASHOUT_REFI,OWNER,SFR,BetaLoan,2023
LN108463,2021-08,257100.0,3.968,360,740-779,60-75,20-35,FL,REFINANCE,OWNER,SFR,EagleTrust,2021
LN108464,2023-02,347700.0,5.89,360,680-739,85-95,>43,TX,PURCHASE,INVESTOR,SFR,AlphaServ,2023
LN108465,2024-01,320100.0,6.195,240,740-779,85-95,>43,GA,REFINANCE,OWNER,SFR,AlphaServ,2024
LN108466,2022-11,188000.0,5.219,360,740-779,75-85,35-43,WA,REFINANCE,OWNER,TOWNHOUSE,AlphaServ,2022
LN108467,2024-03,248800.0,6.919,360,620-679,60-75,20-35,TX,PURCHASE,OWNER,CONDO,DeltaHome,2024
LN108468,2023-12,193500.0,7.436,360,<620,>95,>43,AZ,PURCHASE,OWNER,SFR,BetaLoan,2023
LN108469,2021-09,539800.0,4.066,360,680-739,60-75,35-43,OH,PURCHASE,OWNER,SFR,CasaMortgage,2021
LN108470,2023-06,381800.0,7.294,360,<620,<=60,<=20,CA,PURCHASE,INVESTOR,SFR,AlphaServ,2023
LN108471,2022-02,201600.0,4.589,360,680-739,<=60,>43,OH,PURCHASE,SECOND_HOME,TOWNHOUSE,AlphaServ,2022
LN108472,2023-03,150900.0,5.774,180,780+,85-95,35-43,IL,CASHOUT_REFI,INVESTOR,SFR,CasaMortgage,2023
LN108473,2022-11,289200.0,5.183,360,780+,60-75,35-43,MI,REFINANCE,OWNER,MULTI_2_4,CasaMortgage,2022
LN108474,2024-04,204500.0,7.498,360,<620,75-85,20-35,MI,PURCHASE,OWNER,MULTI_2_4,BetaLoan,2024
LN108475,2024-07,211500.0,7.631,360,<620,85-95,<=20,GA,PURCHASE,OWNER,SFR,CasaMortgage,2024
LN108476,2023-02,153100.0,5.84,360,740-779,75-85,20-35,GA,PURCHASE,OWNER,TOWNHOUSE,DeltaHome,2023
LN108477,2023-05,161900.0,6.346,360,680-739,75-85,20-35,GA,PURCHASE,OWNER,SFR,AlphaServ,2023
LN108478,2023-09,274600.0,6.968,360,620-679,60-75,20-35,TX,REFINANCE,OWNER,SFR,AlphaServ,2023
LN108479,2023-10,226400.0,6.702,360,740-779,85-95,35-43,AZ,PURCHASE,OWNER,TOWNHOUSE,CasaMortgage,2023
LN108480,2023-09,785000.0,6.765,360,620-679,<=60,20-35,TX,PURCHASE,OWNER,SFR,DeltaHome,2023
LN108481,2024-03,333500.0,7.673,360,<620,60-75,20-35,OH,CASHOUT_REFI,OWNER,CONDO,DeltaHome,2024
LN108482,2024-12,152000.0,6.235,360,740-779,<=60,20-35,MI,PURCHASE,OWNER,SFR,CasaMortgage,2024
LN108483,2024-05,127900.0,6.317,360,680-739,75-85,35-43,CA,CASHOUT_REFI,OWNER,SFR,BetaLoan,2024
LN108484,2021-12,305300.0,4.0,360,680-739,60-75,35-43,NY,PURCHASE,SECOND_HOME,CONDO,AlphaServ,2021
LN108485,2023-03,213500.0,5.423,360,740-779,75-85,20-35,CA,PURCHASE,OWNER,SFR,EagleTrust,2023
LN108486,2023-02,464700.0,5.463,360,780+,60-75,20-35,TX,PURCHASE,OWNER,MULTI_2_4,CasaMortgage,2023
LN108487,2023-04,289800.0,6.765,240,<620,75-85,20-35,GA,REFINANCE,OWNER,CONDO,AlphaServ,2023
LN108488,2023-05,104600.0,5.921,360,740-779,<=60,35-43,AZ,CASHOUT_REFI,INVESTOR,SFR,BetaLoan,2023
LN108489,2024-01,161300.0,7.011,360,620-679,75-85,35-43,FL,PURCHASE,OWNER,CONDO,AlphaServ,2024
LN108490,2022-12,188400.0,5.631,360,680-739,85-95,35-43,PA,PURCHASE,SECOND_HOME,SFR,EagleTrust,2022
LN108491,2022-06,311400.0,4.857,180,680-739,60-75,35-43,IL,REFINANCE,OWNER,CONDO,BetaLoan,2022
LN108492,2023-02,158900.0,6.122,180,680-739,85-95,35-43,MI,PURCHASE,OWNER,CONDO,DeltaHome,2023
LN108493,2024-06,273400.0,6.853,240,620-679,75-85,20-35,PA,REFINANCE,OWNER,SFR,CasaMortgage,2024
LN108494,2022-08,139900.0,4.882,180,740-779,60-75,20-35,GA,PURCHASE,SECOND_HOME,SFR,BetaLoan,2022
LN108495,2021-07,256000.0,3.668,180,680-739,60-75,20-35,NY,PURCHASE,INVESTOR,SFR,EagleTrust,2021
LN108496,2024-12,301500.0,6.051,360,780+,60-75,20-35,OH,PURCHASE,OWNER,CONDO,AlphaServ,2024
LN108497,2022-03,492700.0,4.794,360,680-739,85-95,<=20,NC,PURCHASE,INVESTOR,SFR,AlphaServ,2022
LN108498,2023-08,285100.0,6.069,360,780+,60-75,<=20,PA,REFINANCE,OWNER,SFR,CasaMortgage,2023
LN108499,2024-04,176700.0,6.569,360,680-739,>95,<=20,OH,CASHOUT_REFI,OWNER,SFR,EagleTrust,2024
LN108500,2022-06,499700.0,4.828,360,680-739,85-95,20-35,AZ,PURCHASE,INVESTOR,CONDO,AlphaServ,2022
LN108501,2022-09,235100.0,5.313,360,740-779,75-85,35-43,NY,PURCHASE,OWNER,SFR,AlphaServ,2022
LN108502,2022-06,361500.0,4.717,360,740-779,>95,20-35,MI,PURCHASE,OWNER,SFR,BetaLoan,2022
LN108503,2022-01,193700.0,4.393,360,680-739,60-75,20-35,GA,CASHOUT_REFI,OWNER,SFR,EagleTrust,2022
LN108504,2022-01,265900.0,4.499,360,680-739,85-95,20-35,CA,REFINANCE,OWNER,TOWNHOUSE,DeltaHome,2022
LN108505,2022-02,178000.0,4.063,360,740-779,60-75,20-35,IL,CASHOUT_REFI,SECOND_HOME,SFR,EagleTrust,2022
LN108506,2023-02,295100.0,5.629,360,740-779,75-85,>43,MI,PURCHASE,OWNER,SFR,DeltaHome,2023
LN108507,2023-05,366500.0,6.105,360,680-739,<=60,20-35,NC,REFINANCE,OWNER,SFR,BetaLoan,2023
LN108508,2021-07,204300.0,3.93,360,740-779,85-95,35-43,OH,CASHOUT_REFI,OWNER,SFR,AlphaServ,2021
LN108509,2024-06,199200.0,6.441,360,680-739,60-75,>43,MI,PURCHASE,OWNER,CONDO,CasaMortgage,2024
LN108510,2023-11,299700.0,6.447,360,680-739,75-85,35-43,AZ,CASHOUT_REFI,OWNER,SFR,DeltaHome,2023
LN108511,2021-09,176100.0,3.915,360,740-779,>95,20-35,CA,PURCHASE,OWNER,SFR,BetaLoan,2021
LN108512,2024-06,128900.0,5.646,360,780+,<=60,20-35,TX,CASHOUT_REFI,OWNER,SFR,BetaLoan,2024
LN108513,2021-08,299200.0,3.957,180,680-739,>95,<=20,WA,PURCHASE,OWNER,MULTI_2_4,DeltaHome,2021
LN108514,2023-06,243200.0,6.539,180,620-679,75-85,35-43,TX,PURCHASE,OWNER,SFR,BetaLoan,2023
LN108515,2023-02,240900.0,6.382,360,620-679,85-95,>43,PA,PURCHASE,OWNER,SFR,CasaMortgage,2023
LN108516,2023-04,322700.0,5.878,360,740-779,75-85,35-43,OH,PURCHASE,OWNER,SFR,AlphaServ,2023
LN108517,2024-11,343600.0,6.882,360,680-739,85-95,<=20,NY,PURCHASE,OWNER,SFR,CasaMortgage,2024
LN108518,2024-09,237400.0,6.402,360,680-739,85-95,<=20,NC,PURCHASE,OWNER,SFR,CasaMortgage,2024
LN108519,2022-06,154000.0,5.02,360,620-679,75-85,20-35,MI,PURCHASE,OWNER,SFR,BetaLoan,2022
LN108520,2023-07,191500.0,6.08,360,780+,85-95,>43,TX,PURCHASE,OWNER,SFR,BetaLoan,2023
LN108521,2024-11,332100.0,6.407,360,680-739,>95,<=20,CA,PURCHASE,OWNER,CONDO,CasaMortgage,2024
LN108522,2024-01,271400.0,6.596,360,680-739,85-95,20-35,MI,REFINANCE,OWNER,SFR,EagleTrust,2024
LN108523,2024-08,199300.0,7.391,360,<620,>95,20-35,NC,PURCHASE,OWNER,CONDO,BetaLoan,2024
LN108524,2023-01,179300.0,6.341,360,620-679,85-95,<=20,CA,REFINANCE,OWNER,CONDO,AlphaServ,2023
LN108525,2022-06,337100.0,5.854,360,<620,60-75,<=20,CA,REFINANCE,OWNER,SFR,DeltaHome,2022
LN108526,2023-04,231000.0,6.077,360,680-739,85-95,<=20,GA,PURCHASE,OWNER,SFR,AlphaServ,2023
LN108527,2024-05,358200.0,6.608,240,680-739,85-95,20-35,GA,PURCHASE,OWNER,SFR,AlphaServ,2024
LN108528,2024-10,379200.0,6.86,180,620-679,<=60,20-35,MI,REFINANCE,SECOND_HOME,CONDO,AlphaServ,2024
LN108529,2023-11,221700.0,6.538,360,680-739,60-75,<=20,AZ,REFINANCE,OWNER,CONDO,CasaMortgage,2023
LN108530,2023-12,391300.0,7.372,360,<620,60-75,20-35,GA,PURCHASE,OWNER,SFR,AlphaServ,2023
LN108531,2023-04,271700.0,6.407,360,680-739,85-95,35-43,GA,PURCHASE,OWNER,SFR,BetaLoan,2023
LN108532,2022-08,287900.0,5.51,360,620-679,85-95,35-43,IL,PURCHASE,OWNER,CONDO,AlphaServ,2022
LN108533,2022-12,95300.0,6.025,360,620-679,85-95,35-43,OH,REFINANCE,OWNER,SFR,CasaMortgage,2022
LN108534,2023-03,164900.0,6.626,360,<620,<=60,20-35,WA,REFINANCE,OWNER,CONDO,BetaLoan,2023
LN108535,2024-05,169000.0,6.109,360,740-779,<=60,35-43,CA,PURCHASE,OWNER,SFR,BetaLoan,2024
LN108536,2023-06,221200.0,5.907,360,780+,60-75,<=20,OH,REFINANCE,SECOND_HOME,SFR,CasaMortgage,2023
LN108537,2024-04,268700.0,6.573,360,680-739,85-95,20-35,TX,CASHOUT_REFI,OWNER,SFR,BetaLoan,2024
LN108538,2021-08,273700.0,4.434,360,620-679,85-95,35-43,NC,REFINANCE,OWNER,SFR,DeltaHome,2021
LN108539,2024-02,290300.0,6.22,360,780+,85-95,20-35,MI,PURCHASE,OWNER,SFR,EagleTrust,2024
LN108540,2023-04,187500.0,5.88,360,780+,60-75,20-35,TX,PURCHASE,OWNER,TOWNHOUSE,BetaLoan,2023
LN108541,2024-12,348400.0,6.342,360,680-739,85-95,<=20,MI,PURCHASE,OWNER,SFR,AlphaServ,2024
LN108542,2023-02,576200.0,6.304,360,620-679,75-85,35-43,GA,CASHOUT_REFI,OWNER,SFR,BetaLoan,2023
LN108543,2023-03,217700.0,5.374,360,740-779,>95,35-43,WA,REFINANCE,INVESTOR,SFR,DeltaHome,2023
LN108544,2021-12,189300.0,3.969,360,780+,85-95,<=20,PA,PURCHASE,OWNER,SFR,AlphaServ,2021
LN108545,2024-04,187500.0,6.815,360,740-779,75-85,20-35,MI,CASHOUT_REFI,OWNER,SFR,AlphaServ,2024
LN108546,2023-12,265300.0,6.19,360,740-779,85-95,20-35,CA,REFINANCE,OWNER,SFR,EagleTrust,2023
LN108547,2024-07,201500.0,6.526,360,680-739,60-75,20-35,WA,PURCHASE,INVESTOR,CONDO,CasaMortgage,2024
LN108548,2021-10,117200.0,3.665,360,780+,85-95,20-35,MI,REFINANCE,OWNER,TOWNHOUSE,BetaLoan,2021
LN108549,2022-03,132500.0,5.491,360,<620,85-95,20-35,PA,CASHOUT_REFI,SECOND_HOME,SFR,EagleTrust,2022
LN108550,2024-07,404000.0,7.045,360,620-679,85-95,35-43,MI,REFINANCE,OWNER,SFR,BetaLoan,2024
LN108551,2021-08,454400.0,3.644,360,780+,60-75,>43,PA,PURCHASE,OWNER,CONDO,BetaLoan,2021
LN108552,2023-04,524400.0,6.294,360,620-679,85-95,<=20,GA,REFINANCE,OWNER,SFR,BetaLoan,2023
LN108553,2022-11,282600.0,5.566,360,680-739,60-75,20-35,CA,PURCHASE,OWNER,SFR,CasaMortgage,2022
LN108554,2024-10,163400.0,7.063,360,620-679,85-95,35-43,IL,PURCHASE,OWNER,SFR,CasaMortgage,2024
LN108555,2024-06,209600.0,6.787,360,620-679,>95,20-35,TX,REFINANCE,OWNER,TOWNHOUSE,AlphaServ,2024
LN108556,2024-08,130500.0,7.238,360,<620,<=60,20-35,FL,PURCHASE,INVESTOR,SFR,DeltaHome,2024
LN108557,2022-07,128200.0,4.623,360,740-779,75-85,<=20,TX,PURCHASE,OWNER,TOWNHOUSE,BetaLoan,2022
LN108558,2023-07,286300.0,6.393,360,680-739,75-85,20-35,GA,REFINANCE,OWNER,CONDO,BetaLoan,2023
LN108559,2023-12,325300.0,6.665,360,680-739,85-95,<=20,MI,PURCHASE,OWNER,TOWNHOUSE,EagleTrust,2023
LN108560,2024-11,616200.0,7.064,360,620-679,<=60,<=20,PA,PURCHASE,INVESTOR,SFR,AlphaServ,2024
LN108561,2021-07,245900.0,3.405,360,780+,>95,35-43,AZ,REFINANCE,OWNER,SFR,BetaLoan,2021
LN108562,2024-12,138500.0,6.156,360,680-739,>95,20-35,CA,CASHOUT_REFI,INVESTOR,SFR,BetaLoan,2024
LN108563,2022-09,241600.0,5.083,360,780+,85-95,>43,MI,PURCHASE,OWNER,CONDO,CasaMortgage,2022
LN108564,2021-12,224800.0,4.52,360,680-739,75-85,20-35,WA,CASHOUT_REFI,OWNER,SFR,AlphaServ,2021
LN108565,2023-08,204600.0,7.235,180,<620,75-85,<=20,MI,PURCHASE,OWNER,SFR,AlphaServ,2023
LN108566,2024-03,298000.0,6.435,360,740-779,<=60,20-35,CA,PURCHASE,OWNER,SFR,AlphaServ,2024
LN108567,2021-12,147800.0,3.848,360,780+,85-95,>43,WA,REFINANCE,SECOND_HOME,SFR,DeltaHome,2021
LN108568,2021-08,270700.0,4.961,360,<620,<=60,<=20,IL,PURCHASE,OWNER,CONDO,AlphaServ,2021
LN108569,2024-08,342200.0,6.907,360,680-739,60-75,20-35,OH,REFINANCE,OWNER,SFR,CasaMortgage,2024
LN108570,2024-10,483500.0,6.43,360,680-739,<=60,20-35,FL,REFINANCE,OWNER,SFR,AlphaServ,2024
LN108571,2022-01,293500.0,4.518,360,620-679,85-95,>43,PA,REFINANCE,OWNER,SFR,CasaMortgage,2022
LN108572,2024-08,408200.0,6.61,360,680-739,75-85,>43,AZ,REFINANCE,INVESTOR,CONDO,AlphaServ,2024
LN108573,2024-09,209000.0,6.863,360,620-679,85-95,35-43,PA,REFINANCE,OWNER,SFR,CasaMortgage,2024
LN108574,2024-12,222600.0,7.427,360,<620,<=60,20-35,TX,PURCHASE,OWNER,SFR,DeltaHome,2024
LN108575,2022-04,468100.0,4.1,360,780+,60-75,<=20,CA,PURCHASE,OWNER,SFR,EagleTrust,2022
LN108576,2023-07,137700.0,6.235,360,680-739,75-85,<=20,WA,PURCHASE,OWNER,SFR,CasaMortgage,2023
LN108577,2024-12,212900.0,6.156,360,740-779,75-85,<=20,AZ,REFINANCE,OWNER,SFR,EagleTrust,2024
LN108578,2024-08,424100.0,6.009,360,740-779,<=60,>43,PA,PURCHASE,OWNER,SFR,EagleTrust,2024
LN108579,2023-08,232100.0,5.64,360,780+,75-85,35-43,MI,PURCHASE,OWNER,CONDO,AlphaServ,2023
LN108580,2022-03,224500.0,4.502,360,680-739,75-85,20-35,CA,PURCHASE,OWNER,CONDO,BetaLoan,2022
LN108581,2021-10,226500.0,4.25,180,680-739,>95,35-43,IL,REFINANCE,OWNER,SFR,BetaLoan,2021
LN108582,2022-05,269100.0,4.466,240,680-739,75-85,<=20,CA,REFINANCE,OWNER,SFR,BetaLoan,2022
LN108583,2021-09,416100.0,3.914,360,740-779,<=60,20-35,NY,PURCHASE,OWNER,SFR,CasaMortgage,2021
LN108584,2022-03,386900.0,4.461,360,680-739,<=60,20-35,TX,REFINANCE,OWNER,SFR,BetaLoan,2022
LN108585,2021-10,256600.0,3.95,240,740-779,60-75,20-35,IL,CASHOUT_REFI,OWNER,CONDO,EagleTrust,2021
LN108586,2024-03,417300.0,7.039,180,620-679,60-75,20-35,NC,PURCHASE,SECOND_HOME,CONDO,CasaMortgage,2024
LN108587,2023-07,297700.0,6.938,360,620-679,85-95,<=20,PA,PURCHASE,OWNER,SFR,BetaLoan,2023
LN108588,2023-04,375700.0,5.618,360,780+,85-95,>43,CA,REFINANCE,OWNER,SFR,DeltaHome,2023
LN108589,2024-05,160700.0,6.009,360,740-779,<=60,>43,AZ,PURCHASE,OWNER,SFR,CasaMortgage,2024
LN108590,2022-12,558100.0,6.074,360,680-739,85-95,20-35,TX,REFINANCE,OWNER,SFR,BetaLoan,2022
LN108591,2022-11,281800.0,5.294,360,740-779,<=60,35-43,WA,PURCHASE,OWNER,SFR,DeltaHome,2022
LN108592,2022-03,74100.0,4.575,360,680-739,85-95,20-35,IL,CASHOUT_REFI,SECOND_HOME,CONDO,BetaLoan,2022
LN108593,2023-01,538600.0,5.507,240,740-779,<=60,20-35,CA,REFINANCE,OWNER,CONDO,AlphaServ,2023
LN108594,2022-02,255800.0,4.706,240,680-739,60-75,20-35,MI,REFINANCE,OWNER,CONDO,DeltaHome,2022
LN108595,2023-07,213600.0,6.142,360,680-739,85-95,<=20,CA,REFINANCE,OWNER,SFR,CasaMortgage,2023
LN108596,2024-12,194400.0,7.146,360,<620,60-75,20-35,GA,PURCHASE,SECOND_HOME,SFR,AlphaServ,2024
LN108597,2023-05,311100.0,6.501,360,620-679,<=60,35-43,MI,PURCHASE,OWNER,SFR,AlphaServ,2023
LN108598,2022-07,171100.0,4.794,360,740-779,85-95,35-43,IL,PURCHASE,OWNER,CONDO,DeltaHome,2022
LN108599,2023-11,196900.0,6.399,360,680-739,85-95,20-35,NC,REFINANCE,SECOND_HOME,SFR,AlphaServ,2023
LN108600,2024-05,199000.0,7.367,360,<620,85-95,20-35,OH,REFINANCE,OWNER,SFR,CasaMortgage,2024
LN108601,2023-02,223800.0,6.145,360,620-679,75-85,35-43,CA,PURCHASE,INVESTOR,SFR,AlphaServ,2023
LN108602,2022-05,202400.0,4.922,360,680-739,<=60,>43,NC,CASHOUT_REFI,OWNER,SFR,DeltaHome,2022
LN108603,2023-12,374700.0,6.318,360,740-779,75-85,<=20,WA,PURCHASE,OWNER,SFR,AlphaServ,2023
LN108604,2022-02,288400.0,4.597,360,680-739,85-95,20-35,FL,PURCHASE,OWNER,SFR,CasaMortgage,2022
LN108605,2024-12,304600.0,6.098,240,740-779,<=60,>43,CA,REFINANCE,OWNER,SFR,EagleTrust,2024
LN108606,2022-08,336000.0,4.647,360,780+,<=60,20-35,TX,REFINANCE,OWNER,SFR,CasaMortgage,2022
LN108607,2022-09,244800.0,5.435,360,680-739,85-95,35-43,GA,PURCHASE,OWNER,MULTI_2_4,BetaLoan,2022
LN108608,2024-01,161300.0,6.127,360,740-779,85-95,20-35,WA,REFINANCE,OWNER,SFR,BetaLoan,2024
LN108609,2021-07,575100.0,4.641,360,620-679,60-75,>43,PA,PURCHASE,INVESTOR,SFR,EagleTrust,2021
LN108610,2022-03,387500.0,4.626,360,680-739,85-95,>43,MI,PURCHASE,OWNER,SFR,CasaMortgage,2022
LN108611,2021-12,527400.0,4.929,360,620-679,60-75,20-35,FL,REFINANCE,INVESTOR,SFR,EagleTrust,2021
LN108612,2022-11,406600.0,6.645,360,<620,75-85,<=20,GA,PURCHASE,OWNER,SFR,AlphaServ,2022
LN108613,2023-06,207500.0,6.905,360,<620,85-95,20-35,NY,PURCHASE,OWNER,CONDO,DeltaHome,2023
LN108614,2022-02,88700.0,4.751,360,620-679,60-75,20-35,CA,PURCHASE,OWNER,CONDO,AlphaServ,2022
LN108615,2022-09,146800.0,4.379,360,780+,60-75,20-35,IL,PURCHASE,OWNER,CONDO,BetaLoan,2022
LN108616,2024-03,339900.0,6.246,360,680-739,75-85,20-35,OH,PURCHASE,INVESTOR,SFR,CasaMortgage,2024
LN108617,2024-10,243800.0,5.87,360,780+,60-75,20-35,PA,CASHOUT_REFI,OWNER,SFR,DeltaHome,2024
LN108618,2021-07,211300.0,4.301,360,680-739,85-95,35-43,MI,REFINANCE,OWNER,SFR,CasaMortgage,2021
LN108619,2023-09,83000.0,6.157,360,740-779,>95,<=20,NY,PURCHASE,OWNER,SFR,AlphaServ,2023
LN108620,2021-08,253700.0,4.573,360,620-679,75-85,20-35,IL,CASHOUT_REFI,OWNER,CONDO,AlphaServ,2021
LN108621,2023-04,156900.0,6.053,360,680-739,85-95,35-43,MI,CASHOUT_REFI,OWNER,SFR,DeltaHome,2023
LN108622,2024-07,184200.0,6.535,360,680-739,>95,35-43,FL,PURCHASE,OWNER,CONDO,AlphaServ,2024
LN108623,2024-04,374200.0,6.222,180,780+,85-95,20-35,FL,PURCHASE,OWNER,SFR,CasaMortgage,2024
LN108624,2022-04,160600.0,4.121,360,780+,85-95,<=20,AZ,PURCHASE,OWNER,CONDO,DeltaHome,2022
LN108625,2022-05,167700.0,5.128,360,620-679,<=60,20-35,MI,REFINANCE,OWNER,CONDO,CasaMortgage,2022
LN108626,2024-03,277500.0,6.69,360,680-739,85-95,>43,WA,PURCHASE,OWNER,CONDO,AlphaServ,2024
LN108627,2024-05,378000.0,6.41,360,680-739,60-75,20-35,AZ,REFINANCE,SECOND_HOME,SFR,DeltaHome,2024
LN108628,2022-06,212900.0,4.624,360,740-779,<=60,20-35,MI,PURCHASE,OWNER,SFR,DeltaHome,2022
LN108629,2021-07,494000.0,4.501,360,620-679,75-85,>43,TX,REFINANCE,INVESTOR,SFR,DeltaHome,2021
LN108630,2023-01,143600.0,5.211,180,740-779,60-75,<=20,IL,PURCHASE,OWNER,SFR,BetaLoan,2023
LN108631,2023-09,132700.0,5.961,240,740-779,<=60,35-43,NY,PURCHASE,OWNER,TOWNHOUSE,AlphaServ,2023
LN108632,2023-01,127700.0,5.712,360,680-739,75-85,35-43,NY,REFINANCE,OWNER,SFR,CasaMortgage,2023
LN108633,2024-10,121400.0,6.459,360,680-739,<=60,20-35,MI,CASHOUT_REFI,OWNER,SFR,CasaMortgage,2024
LN108634,2024-05,297000.0,7.591,360,<620,85-95,>43,NY,PURCHASE,OWNER,SFR,AlphaServ,2024
LN108635,2024-04,164400.0,5.936,180,780+,>95,<=20,CA,REFINANCE,INVESTOR,SFR,CasaMortgage,2024
LN108636,2021-07,135300.0,4.291,360,620-679,85-95,35-43,FL,REFINANCE,OWNER,SFR,DeltaHome,2021
LN108637,2024-06,302800.0,7.115,360,620-679,60-75,20-35,PA,REFINANCE,OWNER,TOWNHOUSE,BetaLoan,2024
LN108638,2024-02,369800.0,7.158,360,620-679,75-85,20-35,IL,REFINANCE,OWNER,SFR,BetaLoan,2024
LN108639,2022-11,409600.0,5.253,360,780+,<=60,<=20,CA,PURCHASE,OWNER,SFR,CasaMortgage,2022
LN108640,2023-07,378500.0,5.859,360,740-779,75-85,20-35,GA,PURCHASE,SECOND_HOME,SFR,CasaMortgage,2023
LN108641,2024-05,168900.0,7.337,360,<620,60-75,<=20,TX,REFINANCE,OWNER,TOWNHOUSE,CasaMortgage,2024
LN108642,2024-09,289000.0,6.659,360,620-679,75-85,20-35,CA,REFINANCE,OWNER,SFR,BetaLoan,2024
LN108643,2023-06,319200.0,5.53,360,740-779,60-75,<=20,FL,REFINANCE,OWNER,SFR,CasaMortgage,2023
LN108644,2021-08,206100.0,3.868,360,680-739,>95,20-35,MI,PURCHASE,INVESTOR,CONDO,DeltaHome,2021
LN108645,2023-08,274900.0,7.196,240,<620,60-75,<=20,CA,PURCHASE,OWNER,SFR,DeltaHome,2023
LN108646,2023-11,145300.0,6.064,180,780+,75-85,35-43,TX,REFINANCE,OWNER,SFR,BetaLoan,2023
LN108647,2021-09,192400.0,4.682,360,620-679,60-75,35-43,TX,REFINANCE,INVESTOR,SFR,CasaMortgage,2021
LN108648,2024-05,301700.0,6.584,240,680-739,75-85,35-43,PA,REFINANCE,OWNER,TOWNHOUSE,BetaLoan,2024
LN108649,2022-03,503000.0,5.204,360,620-679,>95,35-43,TX,PURCHASE,INVESTOR,CONDO,DeltaHome,2022
LN108650,2024-08,428500.0,6.119,360,740-779,60-75,<=20,OH,REFINANCE,OWNER,SFR,DeltaHome,2024
LN108651,2023-06,343700.0,6.244,360,740-779,60-75,20-35,CA,REFINANCE,OWNER,TOWNHOUSE,DeltaHome,2023
LN108652,2022-08,264600.0,5.008,360,680-739,<=60,35-43,MI,PURCHASE,OWNER,SFR,BetaLoan,2022
LN108653,2021-09,246800.0,3.919,240,740-779,75-85,20-35,TX,PURCHASE,OWNER,SFR,BetaLoan,2021
LN108654,2021-07,133100.0,3.598,360,780+,75-85,35-43,IL,PURCHASE,OWNER,SFR,DeltaHome,2021
LN108655,2024-02,175300.0,6.499,240,740-779,85-95,<=20,FL,PURCHASE,OWNER,CONDO,AlphaServ,2024
LN108656,2022-10,177900.0,5.704,360,680-739,85-95,20-35,GA,REFINANCE,OWNER,SFR,CasaMortgage,2022
LN108657,2024-06,330600.0,6.418,360,680-739,<=60,20-35,TX,PURCHASE,OWNER,SFR,AlphaServ,2024
LN108658,2022-04,390500.0,3.737,360,780+,>95,35-43,CA,PURCHASE,INVESTOR,SFR,CasaMortgage,2022
LN108659,2024-09,355600.0,7.429,360,<620,85-95,>43,IL,REFINANCE,OWNER,CONDO,BetaLoan,2024
LN108660,2024-10,434600.0,7.517,360,<620,75-85,20-35,WA,CASHOUT_REFI,OWNER,SFR,CasaMortgage,2024
LN108661,2021-11,263700.0,4.631,360,620-679,60-75,35-43,PA,REFINANCE,OWNER,SFR,AlphaServ,2021
LN108662,2023-10,164000.0,6.521,360,780+,85-95,35-43,WA,REFINANCE,OWNER,SFR,EagleTrust,2023
LN108663,2024-10,249600.0,7.045,360,620-679,75-85,>43,NY,PURCHASE,OWNER,SFR,CasaMortgage,2024
LN108664,2022-08,184200.0,5.257,360,680-739,60-75,35-43,OH,PURCHASE,SECOND_HOME,SFR,AlphaServ,2022
LN108665,2021-09,343200.0,3.599,360,740-779,<=60,20-35,MI,PURCHASE,INVESTOR,TOWNHOUSE,DeltaHome,2021
LN108666,2024-07,217200.0,6.895,240,620-679,75-85,20-35,FL,PURCHASE,OWNER,SFR,CasaMortgage,2024
LN108667,2023-02,244200.0,6.031,360,680-739,75-85,>43,CA,REFINANCE,OWNER,SFR,BetaLoan,2023
LN108668,2021-08,348800.0,4.15,360,680-739,60-75,20-35,TX,REFINANCE,OWNER,SFR,AlphaServ,2021
LN108669,2024-06,182900.0,7.014,360,620-679,>95,20-35,WA,PURCHASE,OWNER,SFR,BetaLoan,2024
LN108670,2023-11,393900.0,6.255,360,780+,60-75,35-43,MI,PURCHASE,OWNER,SFR,AlphaServ,2023
LN108671,2021-09,139200.0,4.411,360,620-679,60-75,20-35,FL,REFINANCE,OWNER,SFR,BetaLoan,2021
LN108672,2022-05,293000.0,4.344,360,780+,60-75,35-43,MI,REFINANCE,OWNER,SFR,BetaLoan,2022
LN108673,2021-07,245000.0,3.943,360,680-739,85-95,20-35,NC,REFINANCE,OWNER,SFR,DeltaHome,2021
LN108674,2024-11,370400.0,7.935,360,<620,<=60,35-43,IL,CASHOUT_REFI,INVESTOR,SFR,CasaMortgage,2024
LN108675,2021-08,137500.0,4.357,360,620-679,85-95,35-43,CA,PURCHASE,OWNER,CONDO,AlphaServ,2021
LN108676,2024-04,128200.0,6.978,360,680-739,75-85,20-35,NC,PURCHASE,OWNER,SFR,EagleTrust,2024
LN108677,2023-04,357700.0,6.101,360,680-739,60-75,>43,FL,PURCHASE,OWNER,SFR,AlphaServ,2023
LN108678,2023-07,214100.0,6.646,360,620-679,<=60,20-35,TX,PURCHASE,INVESTOR,SFR,CasaMortgage,2023
LN108679,2024-05,245000.0,6.098,360,780+,75-85,35-43,IL,PURCHASE,OWNER,TOWNHOUSE,BetaLoan,2024
LN108680,2024-08,189700.0,6.378,360,680-739,75-85,20-35,TX,REFINANCE,OWNER,TOWNHOUSE,AlphaServ,2024
LN108681,2021-12,384900.0,3.632,240,780+,<=60,20-35,NC,PURCHASE,OWNER,SFR,DeltaHome,2021
LN108682,2021-07,292000.0,4.756,360,620-679,75-85,35-43,FL,PURCHASE,OWNER,SFR,CasaMortgage,2021
LN108683,2021-12,284400.0,4.78,240,620-679,75-85,35-43,PA,PURCHASE,OWNER,SFR,BetaLoan,2021
LN108684,2023-11,150800.0,6.396,360,740-779,>95,>43,NY,REFINANCE,OWNER,TOWNHOUSE,BetaLoan,2023
LN108685,2023-06,319900.0,6.216,360,680-739,85-95,35-43,IL,REFINANCE,OWNER,SFR,DeltaHome,2023
LN108686,2021-10,163300.0,4.705,360,620-679,<=60,20-35,CA,PURCHASE,INVESTOR,SFR,DeltaHome,2021
LN108687,2022-04,189800.0,5.079,180,620-679,75-85,35-43,CA,PURCHASE,SECOND_HOME,SFR,DeltaHome,2022
LN108688,2023-05,138100.0,7.0,360,<620,<=60,>43,TX,REFINANCE,OWNER,SFR,AlphaServ,2023
LN108689,2024-01,237900.0,6.845,240,740-779,75-85,>43,FL,REFINANCE,OWNER,SFR,AlphaServ,2024
LN108690,2022-09,412100.0,5.05,360,680-739,60-75,>43,TX,PURCHASE,OWNER,SFR,AlphaServ,2022
LN108691,2024-10,282700.0,6.063,240,780+,>95,35-43,IL,PURCHASE,OWNER,SFR,BetaLoan,2024
LN108692,2024-12,209200.0,6.996,360,620-679,75-85,35-43,GA,PURCHASE,INVESTOR,SFR,AlphaServ,2024
LN108693,2024-03,268100.0,7.053,180,620-679,85-95,35-43,PA,PURCHASE,OWNER,SFR,AlphaServ,2024
LN108694,2023-02,267400.0,5.866,360,680-739,75-85,20-35,IL,PURCHASE,OWNER,MULTI_2_4,CasaMortgage,2023
LN108695,2024-07,263000.0,6.479,360,680-739,75-85,35-43,FL,PURCHASE,OWNER,MULTI_2_4,CasaMortgage,2024
LN108696,2024-01,276500.0,6.336,360,740-779,60-75,20-35,AZ,PURCHASE,OWNER,SFR,AlphaServ,2024
LN108697,2023-04,159900.0,5.513,240,780+,60-75,20-35,NY,REFINANCE,OWNER,CONDO,DeltaHome,2023
LN108698,2023-01,267800.0,6.94,360,<620,85-95,20-35,FL,PURCHASE,OWNER,CONDO,CasaMortgage,2023
LN108699,2024-05,115900.0,6.647,180,680-739,85-95,<=20,CA,REFINANCE,OWNER,TOWNHOUSE,BetaLoan,2024
LN108700,2023-06,330700.0,5.769,360,780+,60-75,35-43,TX,REFINANCE,OWNER,SFR,AlphaServ,2023
LN108701,2022-02,155400.0,5.377,180,<620,75-85,20-35,NC,CASHOUT_REFI,INVESTOR,SFR,CasaMortgage,2022
LN108702,2024-12,433600.0,6.591,360,680-739,60-75,20-35,TX,CASHOUT_REFI,INVESTOR,MULTI_2_4,DeltaHome,2024
LN108703,2021-09,84900.0,4.772,360,620-679,75-85,20-35,FL,REFINANCE,OWNER,SFR,AlphaServ,2021
LN108704,2023-12,542300.0,6.627,360,680-739,85-95,35-43,CA,REFINANCE,OWNER,SFR,AlphaServ,2023
LN108705,2023-10,122100.0,6.536,360,680-739,<=60,<=20,FL,PURCHASE,OWNER,SFR,BetaLoan,2023
LN108706,2023-07,148800.0,6.528,360,680-739,60-75,20-35,GA,CASHOUT_REFI,OWNER,MULTI_2_4,CasaMortgage,2023
LN108707,2021-09,292000.0,3.378,360,780+,85-95,20-35,TX,REFINANCE,OWNER,SFR,EagleTrust,2021
LN108708,2023-03,337200.0,5.954,360,680-739,60-75,>43,CA,PURCHASE,OWNER,SFR,BetaLoan,2023
LN108709,2024-08,224700.0,6.057,360,780+,<=60,<=20,PA,PURCHASE,SECOND_HOME,SFR,DeltaHome,2024
LN108710,2022-05,381400.0,4.312,360,740-779,60-75,>43,NC,REFINANCE,OWNER,CONDO,DeltaHome,2022
LN108711,2023-12,178400.0,6.685,240,680-739,85-95,<=20,WA,PURCHASE,OWNER,SFR,DeltaHome,2023
LN108712,2024-07,213200.0,6.601,360,680-739,>95,<=20,CA,REFINANCE,INVESTOR,SFR,CasaMortgage,2024
LN108713,2024-10,222800.0,6.345,360,680-739,85-95,>43,NC,CASHOUT_REFI,OWNER,TOWNHOUSE,EagleTrust,2024
LN108714,2023-04,200300.0,5.422,360,780+,75-85,35-43,TX,PURCHASE,INVESTOR,SFR,EagleTrust,2023
LN108715,2022-08,106900.0,5.56,360,620-679,85-95,20-35,IL,PURCHASE,SECOND_HOME,TOWNHOUSE,AlphaServ,2022
LN108716,2023-12,252400.0,6.173,360,780+,75-85,20-35,MI,CASHOUT_REFI,OWNER,SFR,BetaLoan,2023
LN108717,2023-03,242400.0,5.767,360,740-779,75-85,<=20,TX,REFINANCE,OWNER,CONDO,BetaLoan,2023
LN108718,2023-09,414600.0,6.629,360,740-779,60-75,<=20,IL,PURCHASE,OWNER,SFR,DeltaHome,2023
LN108719,2024-02,143100.0,6.553,180,680-739,60-75,<=20,TX,REFINANCE,OWNER,SFR,BetaLoan,2024
LN108720,2023-12,191400.0,6.449,360,680-739,75-85,20-35,CA,PURCHASE,OWNER,SFR,EagleTrust,2023
LN108721,2022-05,438700.0,4.704,360,740-779,>95,<=20,NC,PURCHASE,OWNER,SFR,EagleTrust,2022
LN108722,2024-02,291300.0,6.647,360,680-739,75-85,20-35,TX,CASHOUT_REFI,SECOND_HOME,MULTI_2_4,BetaLoan,2024
LN108723,2023-05,326800.0,6.869,360,620-679,>95,35-43,IL,CASHOUT_REFI,OWNER,SFR,CasaMortgage,2023
LN108724,2024-10,313000.0,6.805,360,680-739,60-75,20-35,NC,REFINANCE,OWNER,TOWNHOUSE,AlphaServ,2024
LN108725,2023-10,313700.0,6.435,360,680-739,<=60,20-35,NY,PURCHASE,SECOND_HOME,SFR,BetaLoan,2023
LN108726,2024-08,579200.0,6.478,360,680-739,>95,<=20,CA,PURCHASE,OWNER,CONDO,CasaMortgage,2024
LN108727,2024-12,266000.0,6.627,360,680-739,60-75,>43,CA,PURCHASE,OWNER,SFR,AlphaServ,2024
LN108728,2024-12,161900.0,6.749,180,620-679,75-85,<=20,NY,REFINANCE,OWNER,SFR,AlphaServ,2024
LN108729,2024-02,340300.0,6.203,360,740-779,<=60,20-35,WA,REFINANCE,OWNER,TOWNHOUSE,EagleTrust,2024
LN108730,2023-08,197800.0,6.068,180,680-739,85-95,>43,WA,REFINANCE,OWNER,SFR,CasaMortgage,2023
LN108731,2021-11,242900.0,4.207,360,680-739,<=60,20-35,NY,REFINANCE,OWNER,CONDO,CasaMortgage,2021
LN108732,2022-11,301500.0,5.542,360,740-779,>95,20-35,NY,PURCHASE,OWNER,TOWNHOUSE,DeltaHome,2022
LN108733,2023-02,176400.0,5.652,360,740-779,60-75,35-43,GA,PURCHASE,OWNER,SFR,CasaMortgage,2023
LN108734,2024-03,202900.0,6.0,360,740-779,60-75,<=20,PA,CASHOUT_REFI,OWNER,TOWNHOUSE,CasaMortgage,2024
LN108735,2023-07,316200.0,7.135,360,620-679,85-95,20-35,OH,CASHOUT_REFI,SECOND_HOME,SFR,BetaLoan,2023
LN108736,2023-01,199400.0,6.115,360,620-679,75-85,20-35,NC,REFINANCE,OWNER,SFR,BetaLoan,2023
LN108737,2022-01,395500.0,4.079,360,740-779,60-75,>43,CA,CASHOUT_REFI,SECOND_HOME,CONDO,AlphaServ,2022
LN108738,2024-01,163800.0,7.033,360,620-679,75-85,>43,AZ,REFINANCE,INVESTOR,SFR,CasaMortgage,2024
LN108739,2023-01,163500.0,6.387,360,620-679,60-75,35-43,OH,REFINANCE,OWNER,MULTI_2_4,CasaMortgage,2023
LN108740,2021-08,601800.0,4.579,360,620-679,60-75,20-35,IL,REFINANCE,SECOND_HOME,TOWNHOUSE,AlphaServ,2021
LN108741,2022-06,128200.0,4.867,360,680-739,<=60,20-35,TX,PURCHASE,OWNER,SFR,DeltaHome,2022
LN108742,2024-07,252200.0,6.092,360,780+,75-85,>43,CA,CASHOUT_REFI,OWNER,CONDO,AlphaServ,2024
LN108743,2021-11,587200.0,4.508,360,620-679,<=60,35-43,FL,PURCHASE,OWNER,SFR,CasaMortgage,2021
LN108744,2022-12,252000.0,5.52,180,680-739,85-95,<=20,AZ,PURCHASE,INVESTOR,SFR,AlphaServ,2022
LN108745,2023-04,467900.0,5.589,360,780+,85-95,>43,OH,PURCHASE,OWNER,SFR,EagleTrust,2023
LN108746,2021-10,342400.0,3.958,360,780+,60-75,>43,NY,REFINANCE,INVESTOR,SFR,AlphaServ,2021
LN108747,2022-01,254400.0,4.579,180,620-679,75-85,20-35,CA,REFINANCE,OWNER,SFR,AlphaServ,2022
LN108748,2024-10,240700.0,5.81,360,780+,75-85,35-43,CA,PURCHASE,OWNER,SFR,AlphaServ,2024
LN108749,2023-07,98400.0,6.795,360,620-679,85-95,35-43,GA,PURCHASE,OWNER,SFR,BetaLoan,2023
LN108750,2022-03,221100.0,4.432,360,740-779,75-85,20-35,WA,REFINANCE,SECOND_HOME,MULTI_2_4,CasaMortgage,2022
LN108751,2022-02,283400.0,5.233,360,<620,75-85,>43,NY,REFINANCE,OWNER,TOWNHOUSE,AlphaServ,2022
LN108752,2022-12,283300.0,5.532,360,680-739,60-75,20-35,TX,PURCHASE,OWNER,SFR,DeltaHome,2022
LN108753,2024-01,774200.0,7.039,360,620-679,75-85,20-35,FL,PURCHASE,SECOND_HOME,MULTI_2_4,AlphaServ,2024
LN108754,2024-01,289700.0,6.303,360,740-779,<=60,>43,IL,PURCHASE,OWNER,SFR,EagleTrust,2024
LN108755,2022-03,338900.0,5.721,360,<620,>95,>43,MI,REFINANCE,OWNER,SFR,BetaLoan,2022
LN108756,2024-01,431200.0,6.79,180,680-739,75-85,<=20,NY,PURCHASE,OWNER,SFR,BetaLoan,2024
LN108757,2024-08,325500.0,6.056,360,740-779,75-85,35-43,AZ,CASHOUT_REFI,OWNER,SFR,DeltaHome,2024
LN108758,2022-04,245600.0,5.367,180,<620,75-85,35-43,GA,PURCHASE,OWNER,SFR,DeltaHome,2022
LN108759,2021-08,246100.0,3.091,360,780+,<=60,35-43,CA,REFINANCE,OWNER,SFR,DeltaHome,2021
LN108760,2024-11,218000.0,6.958,180,620-679,<=60,20-35,CA,PURCHASE,OWNER,SFR,BetaLoan,2024
LN108761,2023-04,311700.0,6.406,240,620-679,60-75,>43,OH,PURCHASE,OWNER,SFR,CasaMortgage,2023
LN108762,2024-03,236400.0,7.354,360,620-679,85-95,35-43,PA,PURCHASE,OWNER,SFR,AlphaServ,2024
LN108763,2022-08,338100.0,5.07,360,680-739,75-85,35-43,OH,REFINANCE,OWNER,CONDO,CasaMortgage,2022
LN108764,2022-07,162100.0,5.364,360,620-679,60-75,20-35,PA,PURCHASE,SECOND_HOME,MULTI_2_4,BetaLoan,2022
LN108765,2022-04,272700.0,4.527,360,680-739,75-85,20-35,CA,PURCHASE,OWNER,CONDO,AlphaServ,2022
LN108766,2022-04,513200.0,4.369,360,740-779,60-75,20-35,FL,PURCHASE,INVESTOR,SFR,DeltaHome,2022
LN108767,2023-02,230700.0,6.189,360,680-739,75-85,<=20,CA,PURCHASE,OWNER,SFR,DeltaHome,2023
LN108768,2021-11,585000.0,3.854,360,680-739,60-75,>43,FL,PURCHASE,OWNER,TOWNHOUSE,AlphaServ,2021
LN108769,2024-06,274800.0,6.503,360,740-779,85-95,20-35,OH,CASHOUT_REFI,OWNER,SFR,AlphaServ,2024
LN108770,2023-04,248800.0,5.791,360,680-739,75-85,20-35,AZ,PURCHASE,OWNER,SFR,AlphaServ,2023
LN108771,2024-09,269000.0,6.515,360,680-739,75-85,20-35,IL,PURCHASE,OWNER,SFR,EagleTrust,2024
LN108772,2023-04,221900.0,5.449,360,780+,85-95,35-43,FL,REFINANCE,OWNER,SFR,AlphaServ,2023
LN108773,2022-07,104700.0,5.238,360,620-679,85-95,20-35,NC,REFINANCE,OWNER,SFR,CasaMortgage,2022
LN108774,2023-04,379300.0,5.594,360,740-779,75-85,35-43,NC,PURCHASE,OWNER,SFR,AlphaServ,2023
LN108775,2022-01,684700.0,3.941,360,780+,<=60,<=20,TX,PURCHASE,OWNER,SFR,CasaMortgage,2022
LN108776,2024-05,316900.0,6.523,360,680-739,<=60,20-35,NC,PURCHASE,OWNER,SFR,EagleTrust,2024
LN108777,2024-01,325700.0,6.169,360,780+,60-75,20-35,OH,CASHOUT_REFI,OWNER,CONDO,AlphaServ,2024
LN108778,2022-01,235100.0,4.489,360,680-739,85-95,<=20,IL,CASHOUT_REFI,OWNER,MULTI_2_4,CasaMortgage,2022
LN108779,2023-07,429800.0,6.012,360,740-779,75-85,35-43,WA,CASHOUT_REFI,OWNER,SFR,CasaMortgage,2023
LN108780,2023-05,250800.0,6.345,360,680-739,60-75,35-43,MI,PURCHASE,SECOND_HOME,CONDO,BetaLoan,2023
LN108781,2022-03,287900.0,5.461,360,<620,<=60,20-35,PA,REFINANCE,INVESTOR,SFR,DeltaHome,2022
LN108782,2021-12,126200.0,3.711,360,780+,75-85,35-43,PA,PURCHASE,OWNER,SFR,CasaMortgage,2021
LN108783,2024-02,201100.0,7.152,360,620-679,75-85,>43,GA,REFINANCE,OWNER,SFR,AlphaServ,2024
LN108784,2022-06,301100.0,4.657,360,780+,85-95,35-43,CA,PURCHASE,SECOND_HOME,SFR,AlphaServ,2022
LN108785,2023-04,383900.0,6.07,360,740-779,85-95,35-43,FL,PURCHASE,OWNER,SFR,DeltaHome,2023
LN108786,2022-05,388800.0,3.961,360,780+,60-75,20-35,MI,PURCHASE,OWNER,MULTI_2_4,AlphaServ,2022
LN108787,2023-10,125400.0,6.009,360,780+,85-95,20-35,TX,PURCHASE,OWNER,SFR,DeltaHome,2023
LN108788,2021-09,131300.0,4.067,360,740-779,75-85,20-35,WA,CASHOUT_REFI,SECOND_HOME,CONDO,AlphaServ,2021
LN108789,2022-10,332000.0,4.718,360,780+,75-85,20-35,CA,PURCHASE,SECOND_HOME,CONDO,DeltaHome,2022
LN108790,2023-05,182400.0,5.91,240,740-779,60-75,<=20,OH,REFINANCE,OWNER,SFR,AlphaServ,2023
LN108791,2023-01,381800.0,5.696,360,680-739,85-95,20-35,CA,PURCHASE,OWNER,CONDO,DeltaHome,2023
LN108792,2023-08,122600.0,6.164,360,740-779,60-75,20-35,MI,PURCHASE,INVESTOR,SFR,EagleTrust,2023
LN108793,2022-02,244200.0,5.38,360,620-679,60-75,20-35,GA,REFINANCE,OWNER,SFR,AlphaServ,2022
LN108794,2023-01,251300.0,6.729,360,<620,60-75,35-43,NY,PURCHASE,OWNER,SFR,DeltaHome,2023
LN108795,2024-02,316900.0,6.957,360,620-679,85-95,20-35,CA,REFINANCE,OWNER,CONDO,DeltaHome,2024
LN108796,2022-09,160500.0,5.7,360,680-739,85-95,20-35,NY,PURCHASE,OWNER,SFR,DeltaHome,2022
LN108797,2022-01,105300.0,4.806,360,620-679,60-75,20-35,FL,PURCHASE,OWNER,MULTI_2_4,BetaLoan,2022
LN108798,2024-06,275700.0,6.488,360,680-739,60-75,20-35,TX,REFINANCE,OWNER,SFR,DeltaHome,2024
LN108799,2024-03,323500.0,6.3,360,680-739,<=60,20-35,TX,REFINANCE,OWNER,TOWNHOUSE,EagleTrust,2024
LN108800,2023-11,401700.0,6.424,360,740-779,85-95,20-35,PA,CASHOUT_REFI,SECOND_HOME,SFR,AlphaServ,2023
LN108801,2024-04,217200.0,5.889,360,780+,75-85,<=20,FL,REFINANCE,OWNER,SFR,DeltaHome,2024
LN108802,2024-03,361900.0,6.061,360,780+,85-95,20-35,CA,PURCHASE,OWNER,CONDO,AlphaServ,2024
LN108803,2024-02,317600.0,6.164,360,780+,85-95,35-43,CA,REFINANCE,OWNER,TOWNHOUSE,AlphaServ,2024
LN108804,2023-04,462800.0,5.958,360,740-779,85-95,20-35,GA,REFINANCE,OWNER,SFR,BetaLoan,2023
LN108805,2021-07,249000.0,4.165,360,620-679,75-85,>43,FL,PURCHASE,SECOND_HOME,SFR,EagleTrust,2021
LN108806,2023-08,117200.0,5.721,360,780+,85-95,<=20,CA,REFINANCE,OWNER,SFR,CasaMortgage,2023
LN108807,2022-06,247600.0,5.331,360,620-679,75-85,20-35,CA,REFINANCE,OWNER,CONDO,EagleTrust,2022
LN108808,2024-03,265600.0,6.711,360,620-679,85-95,20-35,CA,CASHOUT_REFI,OWNER,SFR,BetaLoan,2024
LN108809,2023-02,322300.0,6.068,360,680-739,75-85,>43,NC,PURCHASE,INVESTOR,CONDO,CasaMortgage,2023
LN108810,2024-09,128100.0,6.327,360,680-739,>95,<=20,PA,REFINANCE,INVESTOR,SFR,CasaMortgage,2024
LN108811,2023-08,221800.0,6.062,360,740-779,60-75,20-35,PA,REFINANCE,OWNER,SFR,AlphaServ,2023
LN108812,2023-06,377200.0,7.108,360,<620,85-95,20-35,OH,PURCHASE,OWNER,SFR,AlphaServ,2023
LN108813,2024-09,243600.0,6.41,360,740-779,75-85,>43,NY,PURCHASE,INVESTOR,SFR,AlphaServ,2024
LN108814,2023-02,222400.0,6.251,240,620-679,>95,20-35,FL,PURCHASE,OWNER,SFR,BetaLoan,2023
LN108815,2022-10,601900.0,5.566,360,680-739,<=60,20-35,MI,PURCHASE,SECOND_HOME,TOWNHOUSE,CasaMortgage,2022
LN108816,2022-10,157700.0,5.645,360,680-739,75-85,20-35,PA,PURCHASE,OWNER,SFR,AlphaServ,2022
LN108817,2024-07,444600.0,6.986,180,620-679,60-75,35-43,WA,CASHOUT_REFI,OWNER,SFR,AlphaServ,2024
LN108818,2024-02,404200.0,6.33,360,740-779,85-95,<=20,WA,PURCHASE,OWNER,SFR,DeltaHome,2024
LN108819,2022-01,230700.0,5.144,360,<620,85-95,20-35,NC,REFINANCE,OWNER,SFR,AlphaServ,2022
LN108820,2023-03,251500.0,6.25,180,620-679,85-95,20-35,TX,PURCHASE,OWNER,SFR,CasaMortgage,2023
LN108821,2022-10,251100.0,6.107,360,<620,75-85,20-35,WA,PURCHASE,OWNER,SFR,BetaLoan,2022
LN108822,2023-10,277000.0,6.215,360,740-779,85-95,20-35,CA,REFINANCE,OWNER,SFR,AlphaServ,2023
LN108823,2021-09,195300.0,3.529,360,780+,75-85,>43,TX,CASHOUT_REFI,INVESTOR,TOWNHOUSE,CasaMortgage,2021
LN108824,2023-12,210500.0,6.329,240,740-779,60-75,20-35,PA,PURCHASE,OWNER,SFR,DeltaHome,2023
LN108825,2024-02,217500.0,6.533,180,680-739,85-95,20-35,IL,REFINANCE,OWNER,SFR,BetaLoan,2024
LN108826,2022-04,220700.0,4.062,360,780+,75-85,20-35,TX,CASHOUT_REFI,OWNER,SFR,BetaLoan,2022
LN108827,2022-01,221900.0,4.734,360,620-679,60-75,20-35,IL,PURCHASE,OWNER,SFR,AlphaServ,2022
LN108828,2023-09,93100.0,6.977,360,<620,85-95,35-43,MI,PURCHASE,OWNER,SFR,EagleTrust,2023
LN108829,2022-05,266700.0,4.932,360,680-739,<=60,35-43,TX,PURCHASE,OWNER,SFR,DeltaHome,2022
LN108830,2024-10,201300.0,6.882,180,620-679,85-95,35-43,IL,PURCHASE,OWNER,SFR,EagleTrust,2024
LN108831,2024-03,110200.0,6.525,240,680-739,75-85,>43,FL,PURCHASE,OWNER,TOWNHOUSE,CasaMortgage,2024
LN108832,2024-11,218000.0,6.809,360,680-739,75-85,<=20,NY,REFINANCE,OWNER,SFR,CasaMortgage,2024
LN108833,2023-05,215000.0,6.169,360,680-739,60-75,35-43,TX,PURCHASE,OWNER,CONDO,DeltaHome,2023
LN108834,2024-10,453100.0,6.653,240,680-739,85-95,35-43,NC,REFINANCE,OWNER,CONDO,EagleTrust,2024
LN108835,2021-07,200300.0,3.705,360,680-739,85-95,20-35,FL,PURCHASE,OWNER,SFR,EagleTrust,2021
LN108836,2022-07,344700.0,5.308,360,620-679,85-95,35-43,IL,PURCHASE,OWNER,SFR,AlphaServ,2022
LN108837,2021-07,475600.0,3.767,240,780+,75-85,<=20,PA,CASHOUT_REFI,OWNER,TOWNHOUSE,DeltaHome,2021
LN108838,2023-11,192400.0,6.385,360,740-779,75-85,20-35,CA,REFINANCE,OWNER,SFR,BetaLoan,2023
LN108839,2023-04,249900.0,7.165,360,<620,75-85,20-35,GA,PURCHASE,OWNER,SFR,DeltaHome,2023
LN108840,2022-07,555700.0,5.277,360,620-679,60-75,20-35,FL,PURCHASE,OWNER,SFR,AlphaServ,2022
LN108841,2022-07,283000.0,5.464,360,620-679,<=60,35-43,IL,PURCHASE,OWNER,SFR,BetaLoan,2022
LN108842,2023-10,302000.0,7.327,360,<620,75-85,20-35,NC,REFINANCE,OWNER,SFR,EagleTrust,2023
LN108843,2022-02,212500.0,5.416,360,<620,85-95,<=20,AZ,REFINANCE,OWNER,TOWNHOUSE,CasaMortgage,2022
LN108844,2023-04,347700.0,6.703,360,620-679,60-75,35-43,PA,REFINANCE,OWNER,SFR,AlphaServ,2023
LN108845,2023-08,250700.0,5.95,180,780+,85-95,20-35,AZ,REFINANCE,OWNER,CONDO,EagleTrust,2023
LN108846,2022-05,111900.0,4.457,360,780+,75-85,<=20,CA,PURCHASE,OWNER,SFR,AlphaServ,2022
LN108847,2022-04,217500.0,4.553,360,740-779,60-75,35-43,NY,PURCHASE,OWNER,SFR,EagleTrust,2022
LN108848,2022-09,149900.0,4.786,360,740-779,<=60,>43,PA,REFINANCE,INVESTOR,SFR,AlphaServ,2022
LN108849,2023-07,268500.0,5.713,360,740-779,75-85,20-35,PA,PURCHASE,OWNER,SFR,BetaLoan,2023
LN108850,2022-05,169000.0,4.653,360,740-779,75-85,>43,NY,PURCHASE,OWNER,TOWNHOUSE,AlphaServ,2022
LN108851,2022-10,316500.0,4.954,360,780+,<=60,>43,FL,CASHOUT_REFI,OWNER,SFR,DeltaHome,2022
LN108852,2023-05,260400.0,6.181,180,740-779,85-95,20-35,OH,PURCHASE,OWNER,SFR,CasaMortgage,2023
LN108853,2022-02,145600.0,4.216,360,740-779,>95,>43,MI,PURCHASE,OWNER,CONDO,AlphaServ,2022
LN108854,2023-06,204500.0,6.286,240,740-779,<=60,35-43,NC,PURCHASE,OWNER,SFR,DeltaHome,2023
LN108855,2021-12,337500.0,4.435,360,680-739,60-75,35-43,TX,PURCHASE,OWNER,SFR,EagleTrust,2021
LN108856,2021-12,427900.0,4.768,360,620-679,75-85,<=20,CA,PURCHASE,OWNER,SFR,EagleTrust,2021
LN108857,2022-04,170100.0,4.981,240,620-679,>95,35-43,AZ,REFINANCE,INVESTOR,SFR,AlphaServ,2022
LN108858,2022-07,155800.0,4.929,360,680-739,>95,20-35,NY,PURCHASE,OWNER,SFR,DeltaHome,2022
LN108859,2021-08,614100.0,4.173,360,620-679,>95,35-43,PA,CASHOUT_REFI,OWNER,SFR,EagleTrust,2021
LN108860,2024-11,254100.0,7.036,180,620-679,75-85,20-35,AZ,PURCHASE,OWNER,SFR,EagleTrust,2024
LN108861,2022-07,266000.0,5.774,360,<620,>95,35-43,WA,PURCHASE,OWNER,SFR,EagleTrust,2022
LN108862,2024-04,183000.0,6.953,360,620-679,60-75,>43,FL,REFINANCE,OWNER,TOWNHOUSE,DeltaHome,2024
LN108863,2024-08,281200.0,6.076,180,780+,<=60,20-35,GA,PURCHASE,OWNER,SFR,EagleTrust,2024
LN108864,2024-04,552300.0,6.903,360,620-679,85-95,20-35,OH,PURCHASE,OWNER,SFR,AlphaServ,2024
LN108865,2024-05,286200.0,7.036,240,620-679,75-85,<=20,TX,REFINANCE,OWNER,CONDO,EagleTrust,2024
LN108866,2021-11,412200.0,3.793,180,680-739,85-95,20-35,NY,PURCHASE,OWNER,SFR,DeltaHome,2021
LN108867,2022-10,258600.0,5.443,360,680-739,75-85,>43,NY,PURCHASE,OWNER,SFR,BetaLoan,2022
LN108868,2024-02,160900.0,6.706,240,680-739,85-95,35-43,TX,PURCHASE,SECOND_HOME,SFR,BetaLoan,2024
LN108869,2023-07,187700.0,5.741,360,740-779,60-75,35-43,FL,PURCHASE,SECOND_HOME,TOWNHOUSE,BetaLoan,2023
LN108870,2021-07,154400.0,4.833,360,<620,60-75,35-43,NY,CASHOUT_REFI,OWNER,SFR,CasaMortgage,2021
LN108871,2023-06,281500.0,6.551,240,680-739,85-95,20-35,MI,PURCHASE,SECOND_HOME,MULTI_2_4,AlphaServ,2023
LN108872,2024-04,442700.0,7.485,360,<620,75-85,20-35,PA,PURCHASE,INVESTOR,SFR,BetaLoan,2024
LN108873,2024-05,274400.0,6.473,360,680-739,60-75,20-35,NC,REFINANCE,OWNER,SFR,CasaMortgage,2024
LN108874,2022-11,222200.0,5.213,360,780+,60-75,<=20,PA,PURCHASE,OWNER,SFR,DeltaHome,2022
LN108875,2022-04,178900.0,3.945,360,780+,85-95,35-43,CA,CASHOUT_REFI,OWNER,SFR,BetaLoan,2022
LN108876,2022-08,299500.0,5.369,360,620-679,>95,35-43,OH,PURCHASE,SECOND_HOME,SFR,CasaMortgage,2022
LN108877,2022-07,146200.0,4.549,240,740-779,85-95,20-35,TX,PURCHASE,OWNER,MULTI_2_4,CasaMortgage,2022
LN108878,2022-09,153200.0,5.252,240,740-779,85-95,20-35,NY,REFINANCE,OWNER,CONDO,BetaLoan,2022
LN108879,2022-07,382700.0,4.333,360,780+,85-95,20-35,NC,PURCHASE,OWNER,TOWNHOUSE,CasaMortgage,2022
LN108880,2023-02,225300.0,6.331,240,620-679,60-75,35-43,WA,CASHOUT_REFI,INVESTOR,CONDO,AlphaServ,2023
LN108881,2021-08,223300.0,4.304,360,680-739,75-85,35-43,FL,REFINANCE,SECOND_HOME,TOWNHOUSE,EagleTrust,2021
LN108882,2022-06,236600.0,5.105,360,620-679,75-85,20-35,OH,PURCHASE,OWNER,SFR,AlphaServ,2022
LN108883,2022-08,353900.0,5.735,360,<620,>95,35-43,CA,PURCHASE,OWNER,TOWNHOUSE,BetaLoan,2022
LN108884,2022-01,275000.0,4.46,180,740-779,<=60,35-43,NC,PURCHASE,OWNER,CONDO,EagleTrust,2022
LN108885,2024-07,182700.0,6.618,360,680-739,>95,<=20,TX,PURCHASE,SECOND_HOME,SFR,BetaLoan,2024
LN108886,2023-11,185700.0,6.809,360,620-679,85-95,35-43,IL,PURCHASE,SECOND_HOME,CONDO,AlphaServ,2023
LN108887,2024-09,233800.0,6.238,180,740-779,<=60,20-35,FL,PURCHASE,OWNER,CONDO,DeltaHome,2024
LN108888,2023-06,292400.0,6.437,360,680-739,75-85,>43,CA,REFINANCE,OWNER,SFR,AlphaServ,2023
LN108889,2021-11,251200.0,3.446,240,780+,<=60,>43,MI,REFINANCE,SECOND_HOME,SFR,DeltaHome,2021
LN108890,2024-08,241300.0,6.196,360,740-779,75-85,20-35,GA,PURCHASE,OWNER,TOWNHOUSE,AlphaServ,2024
LN108891,2023-02,260600.0,5.593,360,780+,75-85,20-35,PA,PURCHASE,OWNER,SFR,AlphaServ,2023
LN108892,2023-11,251100.0,6.5,180,740-779,85-95,>43,WA,PURCHASE,OWNER,SFR,AlphaServ,2023
LN108893,2022-11,179700.0,6.245,360,620-679,75-85,20-35,NY,CASHOUT_REFI,SECOND_HOME,CONDO,BetaLoan,2022
LN108894,2023-03,420100.0,6.97,360,<620,85-95,20-35,MI,PURCHASE,OWNER,SFR,BetaLoan,2023
LN108895,2023-03,205500.0,5.828,360,780+,60-75,20-35,FL,REFINANCE,OWNER,CONDO,DeltaHome,2023
LN108896,2022-06,270500.0,4.978,360,620-679,85-95,<=20,NY,PURCHASE,SECOND_HOME,SFR,DeltaHome,2022
LN108897,2023-06,101000.0,6.326,360,680-739,85-95,>43,PA,REFINANCE,OWNER,MULTI_2_4,BetaLoan,2023
LN108898,2024-01,231700.0,6.088,360,680-739,75-85,20-35,AZ,PURCHASE,OWNER,CONDO,AlphaServ,2024
LN108899,2021-07,155600.0,4.723,360,620-679,60-75,35-43,FL,PURCHASE,OWNER,SFR,BetaLoan,2021
LN108900,2021-12,164300.0,4.778,360,620-679,>95,35-43,PA,PURCHASE,OWNER,SFR,DeltaHome,2021
LN108901,2024-06,759200.0,6.927,360,680-739,85-95,35-43,MI,CASHOUT_REFI,OWNER,SFR,EagleTrust,2024
LN108902,2023-06,285600.0,6.188,180,680-739,85-95,<=20,TX,PURCHASE,OWNER,SFR,AlphaServ,2023
LN108903,2024-11,443200.0,6.275,360,680-739,<=60,20-35,GA,PURCHASE,INVESTOR,CONDO,AlphaServ,2024
LN108904,2023-08,375100.0,7.461,240,<620,85-95,>43,IL,PURCHASE,OWNER,CONDO,DeltaHome,2023
LN108905,2023-10,397300.0,6.468,360,680-739,60-75,20-35,CA,REFINANCE,OWNER,SFR,BetaLoan,2023
LN108906,2024-08,233400.0,7.184,180,620-679,75-85,<=20,OH,PURCHASE,OWNER,SFR,CasaMortgage,2024
LN108907,2023-10,525900.0,6.341,180,740-779,85-95,35-43,WA,PURCHASE,OWNER,SFR,AlphaServ,2023
LN108908,2022-08,373600.0,5.504,360,620-679,75-85,35-43,MI,PURCHASE,OWNER,CONDO,BetaLoan,2022
LN108909,2023-05,260000.0,6.621,360,620-679,60-75,20-35,TX,PURCHASE,OWNER,CONDO,BetaLoan,2023
LN108910,2022-04,287400.0,4.31,360,740-779,75-85,20-35,TX,REFINANCE,OWNER,SFR,CasaMortgage,2022
LN108911,2022-09,240000.0,5.705,360,620-679,60-75,20-35,FL,PURCHASE,INVESTOR,CONDO,CasaMortgage,2022
LN108912,2023-11,261300.0,6.136,360,740-779,75-85,20-35,CA,PURCHASE,SECOND_HOME,SFR,BetaLoan,2023
LN108913,2022-01,250300.0,4.48,360,680-739,<=60,20-35,CA,CASHOUT_REFI,INVESTOR,SFR,EagleTrust,2022
LN108914,2023-11,303100.0,6.615,180,620-679,75-85,>43,NC,REFINANCE,INVESTOR,CONDO,EagleTrust,2023
LN108915,2023-07,558500.0,6.013,360,680-739,75-85,35-43,OH,CASHOUT_REFI,OWNER,SFR,AlphaServ,2023
LN108916,2022-07,148400.0,4.442,360,780+,>95,35-43,NC,PURCHASE,OWNER,SFR,BetaLoan,2022
LN108917,2021-08,426800.0,3.98,180,680-739,75-85,20-35,NC,CASHOUT_REFI,OWNER,SFR,BetaLoan,2021
LN108918,2023-12,216300.0,6.858,180,620-679,75-85,35-43,CA,REFINANCE,OWNER,CONDO,BetaLoan,2023
LN108919,2024-05,452000.0,6.827,360,680-739,>95,20-35,WA,PURCHASE,OWNER,SFR,AlphaServ,2024
LN108920,2024-01,219700.0,6.596,360,680-739,>95,35-43,WA,PURCHASE,OWNER,SFR,CasaMortgage,2024
LN108921,2022-12,307300.0,5.546,360,740-779,85-95,20-35,CA,PURCHASE,INVESTOR,SFR,AlphaServ,2022
LN108922,2023-10,237600.0,6.091,360,780+,75-85,20-35,CA,CASHOUT_REFI,SECOND_HOME,SFR,AlphaServ,2023
LN108923,2022-12,117200.0,5.978,360,680-739,60-75,20-35,PA,REFINANCE,SECOND_HOME,TOWNHOUSE,CasaMortgage,2022
LN108924,2022-10,558200.0,5.323,360,680-739,75-85,20-35,GA,REFINANCE,OWNER,CONDO,DeltaHome,2022
LN108925,2022-08,167000.0,5.263,360,680-739,85-95,20-35,WA,CASHOUT_REFI,OWNER,SFR,AlphaServ,2022
LN108926,2022-03,265100.0,4.009,240,780+,>95,35-43,TX,PURCHASE,OWNER,SFR,DeltaHome,2022
LN108927,2024-11,159000.0,6.323,360,680-739,60-75,35-43,MI,PURCHASE,SECOND_HOME,SFR,CasaMortgage,2024
LN108928,2023-10,139900.0,6.678,360,620-679,60-75,20-35,IL,PURCHASE,OWNER,SFR,BetaLoan,2023
LN108929,2022-02,232800.0,3.914,180,780+,85-95,35-43,OH,CASHOUT_REFI,OWNER,CONDO,CasaMortgage,2022
LN108930,2024-07,195400.0,6.284,360,780+,85-95,<=20,TX,REFINANCE,OWNER,SFR,BetaLoan,2024
LN108931,2022-01,150800.0,4.265,360,680-739,85-95,35-43,GA,PURCHASE,OWNER,SFR,CasaMortgage,2022
LN108932,2023-07,251200.0,6.271,360,680-739,<=60,20-35,NY,CASHOUT_REFI,OWNER,SFR,BetaLoan,2023
LN108933,2022-01,131000.0,3.945,360,740-779,85-95,35-43,TX,PURCHASE,INVESTOR,CONDO,BetaLoan,2022
LN108934,2022-10,270100.0,4.723,360,780+,75-85,35-43,PA,PURCHASE,OWNER,SFR,AlphaServ,2022
LN108935,2023-10,241000.0,6.41,360,680-739,60-75,<=20,TX,PURCHASE,OWNER,CONDO,BetaLoan,2023
LN108936,2024-12,83600.0,7.098,360,620-679,60-75,35-43,FL,PURCHASE,OWNER,SFR,BetaLoan,2024
LN108937,2024-12,201700.0,6.942,360,620-679,60-75,35-43,CA,CASHOUT_REFI,OWNER,SFR,AlphaServ,2024
LN108938,2024-08,315100.0,6.88,360,620-679,75-85,35-43,NC,PURCHASE,OWNER,TOWNHOUSE,AlphaServ,2024
LN108939,2022-04,158200.0,4.984,180,620-679,60-75,>43,FL,REFINANCE,OWNER,SFR,EagleTrust,2022
LN108940,2021-10,321400.0,3.939,360,740-779,75-85,20-35,WA,PURCHASE,SECOND_HOME,SFR,AlphaServ,2021
LN108941,2024-09,310100.0,7.359,180,<620,<=60,<=20,MI,PURCHASE,OWNER,SFR,AlphaServ,2024
LN108942,2024-09,161500.0,6.727,180,680-739,75-85,35-43,AZ,CASHOUT_REFI,OWNER,SFR,DeltaHome,2024
LN108943,2022-06,253800.0,4.615,360,780+,>95,20-35,TX,REFINANCE,OWNER,SFR,BetaLoan,2022
LN108944,2021-07,370000.0,3.852,180,680-739,85-95,35-43,GA,CASHOUT_REFI,INVESTOR,SFR,EagleTrust,2021
LN108945,2023-10,172100.0,6.443,180,680-739,<=60,35-43,AZ,PURCHASE,OWNER,SFR,AlphaServ,2023
LN108946,2021-10,232700.0,3.751,180,780+,85-95,35-43,WA,PURCHASE,OWNER,MULTI_2_4,BetaLoan,2021
LN108947,2021-08,428300.0,4.728,360,620-679,60-75,20-35,GA,PURCHASE,OWNER,CONDO,BetaLoan,2021
LN108948,2024-10,173500.0,5.578,180,780+,75-85,20-35,WA,PURCHASE,OWNER,TOWNHOUSE,BetaLoan,2024
LN108949,2023-03,313800.0,6.835,360,<620,60-75,>43,CA,PURCHASE,INVESTOR,SFR,CasaMortgage,2023
LN108950,2021-11,157100.0,3.775,360,680-739,>95,20-35,CA,PURCHASE,INVESTOR,SFR,CasaMortgage,2021
LN108951,2023-10,237400.0,6.334,360,740-779,<=60,20-35,IL,PURCHASE,OWNER,CONDO,BetaLoan,2023
LN108952,2022-10,312100.0,5.439,360,680-739,85-95,35-43,FL,PURCHASE,OWNER,SFR,AlphaServ,2022
LN108953,2023-05,86500.0,6.412,360,680-739,85-95,<=20,AZ,PURCHASE,OWNER,CONDO,EagleTrust,2023
LN108954,2024-08,200700.0,6.94,360,620-679,60-75,35-43,CA,PURCHASE,OWNER,SFR,AlphaServ,2024
LN108955,2022-04,309700.0,4.312,360,740-779,85-95,<=20,FL,PURCHASE,OWNER,SFR,BetaLoan,2022
LN108956,2023-10,282600.0,6.962,360,620-679,75-85,>43,FL,CASHOUT_REFI,OWNER,SFR,AlphaServ,2023
LN108957,2024-05,201800.0,6.319,360,740-779,85-95,20-35,NC,PURCHASE,OWNER,SFR,BetaLoan,2024
LN108958,2022-12,155300.0,5.312,240,740-779,85-95,<=20,CA,REFINANCE,INVESTOR,MULTI_2_4,AlphaServ,2022
LN108959,2024-11,338700.0,6.68,360,680-739,60-75,35-43,PA,PURCHASE,OWNER,SFR,AlphaServ,2024
LN108960,2023-01,220800.0,6.93,360,<620,<=60,35-43,WA,PURCHASE,OWNER,SFR,DeltaHome,2023
LN108961,2023-02,326200.0,6.004,360,680-739,85-95,20-35,IL,REFINANCE,OWNER,CONDO,AlphaServ,2023
LN108962,2024-08,302900.0,6.832,180,680-739,60-75,<=20,CA,REFINANCE,OWNER,SFR,AlphaServ,2024
LN108963,2023-09,208700.0,6.726,360,680-739,>95,20-35,CA,PURCHASE,OWNER,SFR,AlphaServ,2023
LN108964,2024-07,413600.0,6.487,360,680-739,60-75,35-43,TX,PURCHASE,OWNER,MULTI_2_4,DeltaHome,2024
LN108965,2024-04,195400.0,7.505,360,<620,75-85,<=20,CA,REFINANCE,OWNER,MULTI_2_4,CasaMortgage,2024
LN108966,2023-12,436100.0,7.02,360,620-679,75-85,20-35,IL,PURCHASE,OWNER,SFR,DeltaHome,2023
LN108967,2022-05,462600.0,4.179,360,740-779,75-85,20-35,NY,PURCHASE,OWNER,SFR,BetaLoan,2022
LN108968,2022-11,409400.0,5.994,180,620-679,>95,35-43,TX,PURCHASE,OWNER,SFR,CasaMortgage,2022
LN108969,2024-07,235300.0,6.97,360,620-679,60-75,35-43,PA,PURCHASE,SECOND_HOME,SFR,BetaLoan,2024
LN108970,2023-08,803100.0,5.981,360,740-779,75-85,<=20,GA,CASHOUT_REFI,INVESTOR,SFR,DeltaHome,2023
LN108971,2022-06,273300.0,4.635,360,740-779,60-75,35-43,GA,PURCHASE,INVESTOR,SFR,BetaLoan,2022
LN108972,2022-08,284500.0,5.889,360,<620,<=60,20-35,NC,PURCHASE,OWNER,SFR,AlphaServ,2022
LN108973,2024-03,252700.0,7.216,360,<620,60-75,20-35,PA,PURCHASE,OWNER,SFR,AlphaServ,2024
LN108974,2022-02,153500.0,4.022,360,680-739,75-85,<=20,NC,PURCHASE,SECOND_HOME,MULTI_2_4,CasaMortgage,2022
LN108975,2021-11,457200.0,3.622,360,740-779,75-85,35-43,CA,CASHOUT_REFI,OWNER,CONDO,AlphaServ,2021
LN108976,2024-03,197300.0,6.377,360,680-739,60-75,35-43,NY,PURCHASE,OWNER,SFR,AlphaServ,2024
LN108977,2022-07,386100.0,4.726,360,740-779,>95,20-35,IL,PURCHASE,SECOND_HOME,SFR,DeltaHome,2022
LN108978,2024-03,430100.0,6.354,360,740-779,60-75,<=20,TX,REFINANCE,INVESTOR,SFR,BetaLoan,2024
LN108979,2023-05,334900.0,5.616,240,780+,85-95,35-43,WA,REFINANCE,OWNER,SFR,AlphaServ,2023
LN108980,2024-12,187000.0,7.001,360,620-679,<=60,>43,TX,PURCHASE,INVESTOR,SFR,CasaMortgage,2024
LN108981,2023-05,218900.0,6.681,360,620-679,85-95,35-43,MI,PURCHASE,OWNER,SFR,CasaMortgage,2023
LN108982,2024-07,76500.0,6.829,240,620-679,60-75,20-35,WA,PURCHASE,OWNER,SFR,AlphaServ,2024
LN108983,2024-06,242200.0,6.825,360,620-679,75-85,35-43,TX,PURCHASE,OWNER,SFR,BetaLoan,2024
LN108984,2022-03,366300.0,4.766,360,680-739,85-95,20-35,NY,PURCHASE,INVESTOR,SFR,AlphaServ,2022
LN108985,2024-12,229400.0,6.097,240,740-779,85-95,20-35,TX,REFINANCE,OWNER,SFR,AlphaServ,2024
LN108986,2024-02,195700.0,7.297,360,620-679,60-75,<=20,PA,REFINANCE,OWNER,SFR,AlphaServ,2024
LN108987,2021-11,223200.0,4.402,360,620-679,85-95,<=20,MI,REFINANCE,INVESTOR,SFR,DeltaHome,2021
LN108988,2021-07,441100.0,4.011,360,680-739,75-85,20-35,AZ,PURCHASE,SECOND_HOME,SFR,AlphaServ,2021
LN108989,2022-06,249100.0,4.114,180,780+,<=60,35-43,CA,PURCHASE,OWNER,SFR,AlphaServ,2022
LN108990,2021-07,588900.0,4.098,360,620-679,85-95,35-43,MI,PURCHASE,SECOND_HOME,CONDO,BetaLoan,2021
LN108991,2022-10,197400.0,5.011,360,740-779,>95,>43,OH,REFINANCE,OWNER,SFR,EagleTrust,2022
LN108992,2024-12,281500.0,6.319,360,740-779,<=60,20-35,NY,PURCHASE,OWNER,CONDO,BetaLoan,2024
LN108993,2023-03,210000.0,5.929,360,680-739,85-95,35-43,AZ,REFINANCE,OWNER,SFR,BetaLoan,2023
LN108994,2021-08,649200.0,3.893,180,740-779,85-95,35-43,PA,PURCHASE,OWNER,SFR,DeltaHome,2021
LN108995,2023-03,276700.0,5.886,360,680-739,75-85,20-35,NC,REFINANCE,OWNER,SFR,BetaLoan,2023
LN108996,2022-04,665100.0,4.89,360,680-739,75-85,<=20,TX,PURCHASE,OWNER,SFR,CasaMortgage,2022
LN108997,2024-06,211300.0,6.446,360,680-739,60-75,35-43,TX,PURCHASE,OWNER,SFR,AlphaServ,2024
LN108998,2021-10,507600.0,4.838,360,620-679,60-75,<=20,CA,PURCHASE,OWNER,TOWNHOUSE,AlphaServ,2021
LN108999,2024-03,269200.0,6.3,360,740-779,75-85,>43,TX,PURCHASE,SECOND_HOME,SFR,BetaLoan,2024
