loan_id,reporting_month,prob_delinq_3m,prob_delinq_6m,prob_default_12m,prob_prepay_12m,next_state_pred,anomaly_score,exception_required_prob,exception_type_pred,top_drivers,recommended_action,confidence
LN107248,2025-07,0.0,0.0,0.0,0.0,CURRENT,0.0,0.0,NONE,,AUTO_ACCEPT,0.0
LN105257,2025-07,0.0,0.0,0.0,0.0,CURRENT,0.0,0.0,NONE,,AUTO_ACCEPT,0.0
LN105253,2025-07,0.0,0.0,0.0,0.0,CURRENT,0.0,0.0,NONE,,AUTO_ACCEPT,0.0
LN101346,2025-07,0.0,0.0,0.0,0.0,CURRENT,0.0,0.0,NONE,,AUTO_ACCEPT,0.0
LN107266,2025-07,0.0,0.0,0.0,0.0,CURRENT,0.0,0.0,NONE,,AUTO_ACCEPT,0.0
LN107190,2025-07,0.0,0.0,0.0,0.0,CURRENT,0.0,0.0,NONE,,AUTO_ACCEPT,0.0
LN101387,2025-07,0.0,0.0,0.0,0.0,CURRENT,0.0,0.0,NONE,,AUTO_ACCEPT,0.0
LN105191,2025-07,0.0,0.0,0.0,0.0,CURRENT,0.0,0.0,NONE,,AUTO_ACCEPT,0.0
LN103009,2025-07,0.0,0.0,0.0,0.0,CURRENT,0.0,0.0,NONE,,AUTO_ACCEPT,0.0
LN107396,2025-07,0.0,0.0,0.0,0.0,CURRENT,0.0,0.0,NONE,,AUTO_ACCEPT,0.0
LN101267,2025-07,0.0,0.0,0.0,0.0,CURRENT,0.0,0.0,NONE,,AUTO_ACCEPT,0.0
LN107314,2025-07,0.0,0.0,0.0,0.0,CURRENT,0.0,0.0,NONE,,AUTO_ACCEPT,0.0
LN105219,2025-07,0.0,0.0,0.0,0.0,CURRENT,0.0,0.0,NONE,,AUTO_ACCEPT,0.0
LN101547,2025-07,0.0,0.0,0.0,0.0,CURRENT,0.0,0.0,NONE,,AUTO_ACCEPT,0.0
LN105455,2025-07,0.0,0.0,0.0,0.0,CURRENT,0.0,0.0,NONE,,AUTO_ACCEPT,0.0
LN105433,2025-07,0.0,0.0,0.0,0.0,CURRENT,0.0,0.0,NONE,,AUTO_ACCEPT,0.0
LN107010,2025-07,0.0,0.0,0.0,0.0,CURRENT,0.0,0.0,NONE,,AUTO_ACCEPT,0.0
LN105494,2025-07,0.0,0.0,0.0,0.0,CURRENT,0.0,0.0,NONE,,AUTO_ACCEPT,0.0
LN107031,2025-07,0.0,0.0,0.0,0.0,CURRENT,0.0,0.0,NONE,,AUTO_ACCEPT,0.0
LN105474,2025-07,0.0,0.0,0.0,0.0,CURRENT,0.0,0.0,NONE,,AUTO_ACCEPT,0.0
LN101425,2025-07,0.0,0.0,0.0,0.0,CURRENT,0.0,0.0,NONE,,AUTO_ACCEPT,0.0
LN107108,2025-07,0.0,0.0,0.0,0.0,CURRENT,0.0,0.0,NONE,,AUTO_ACCEPT,0.0
LN105377,2025-07,0.0,0.0,0.0,0.0,CURRENT,0.0,0.0,NONE,,AUTO_ACCEPT,0.0
LN104961,2025-07,0.0,0.0,0.0,0.0,CURRENT,0.0,0.0,NONE,,AUTO_ACCEPT,0.0
LN107625,2025-07,0.0,0.0,0.0,0.0,CURRENT,0.0,0.0,NONE,,AUTO_ACCEPT,0.0
LN104911,2025-07,0.0,0.0,0.0,0.0,CURRENT,0.0,0.0,NONE,,AUTO_ACCEPT,0.0
LN100976,2025-07,0.0,0.0,0.0,0.0,CURRENT,0.0,0.0,NONE,,AUTO_ACCEPT,0.0
LN105112,2025-07,0.0,0.0,0.0,0.0,CURRENT,0.0,0.0,NONE,,AUTO_ACCEPT,0.0
LN105110,2025-07,0.0,0.0,0.0,0.0,CURRENT,0.0,0.0,NONE,,AUTO_ACCEPT,0.0
LN101092,2025-07,0.0,0.0,0.0,0.0,CURRENT,0.0,0.0,NONE,,AUTO_ACCEPT,0.0
LN107553,2025-07,0.0,0.0,0.0,0.0,CURRENT,0.0,0.0,NONE,,AUTO_ACCEPT,0.0
LN107502,2025-07,0.0,0.0,0.0,0.0,CURRENT,0.0,0.0,NONE,,AUTO_ACCEPT,0.0
LN106406,2025-07,0.0,0.0,0.0,0.0,CURRENT,0.0,0.0,NONE,,AUTO_ACCEPT,0.0
LN102066,2025-07,0.0,0.0,0.0,0.0,CURRENT,0.0,0.0,NONE,,AUTO_ACCEPT,0.0
LN105846,2025-07,0.0,0.0,0.0,0.0,CURRENT,0.0,0.0,NONE,,AUTO_ACCEPT,0.0
LN106570,2025-07,0.0,0.0,0.0,0.0,CURRENT,0.0,0.0,NONE,,AUTO_ACCEPT,0.0
LN102455,2025-07,0.0,0.0,0.0,0.0,CURRENT,0.0,0.0,NONE,,AUTO_ACCEPT,0.0
LN101975,2025-07,0.0,0.0,0.0,0.0,CURRENT,0.0,0.0,NONE,,AUTO_ACCEPT,0.0
LN105861,2025-07,0.0,0.0,0.0,0.0,CURRENT,0.0,0.0,NONE,,AUTO_ACCEPT,0.0
LN105856,2025-07,0.0,0.0,0.0,0.0,CURRENT,0.0,0.0,NONE,,AUTO_ACCEPT,0.0
LN106250,2025-07,0.0,0.0,0.0,0.0,CURRENT,0.0,0.0,NONE,,AUTO_ACCEPT,0.0
LN102172,2025-07,0.0,0.0,0.0,0.0,CURRENT,0.0,0.0,NONE,,AUTO_ACCEPT,0.0
LN106238,2025-07,0.0,0.0,0.0,0.0,CURRENT,0.0,0.0,NONE,,AUTO_ACCEPT,0.0
LN106068,2025-07,0.0,0.0,0.0,0.0,CURRENT,0.0,0.0,NONE,,AUTO_ACCEPT,0.0
LN102637,2025-07,0.0,0.0,0.0,0.0,CURRENT,0.0,0.0,NONE,,AUTO_ACCEPT,0.0
LN105622,2025-07,0.0,0.0,0.0,0.0,CURRENT,0.0,0.0,NONE,,AUTO_ACCEPT,0.0
LN101610,2025-07,0.0,0.0,0.0,0.0,CURRENT,0.0,0.0,NONE,,AUTO_ACCEPT,0.0
LN105514,2025-07,0.0,0.0,0.0,0.0,CURRENT,0.0,0.0,NONE,,AUTO_ACCEPT,0.0
LN101662,2025-07,0.0,0.0,0.0,0.0,CURRENT,0.0,0.0,NONE,,AUTO_ACCEPT,0.0
LN101860,2025-07,0.0,0.0,0.0,0.0,CURRENT,0.0,0.0,NONE,,AUTO_ACCEPT,0.0
LN102531,2025-07,0.0,0.0,0.0,0.0,CURRENT,0.0,0.0,NONE,,AUTO_ACCEPT,0.0
LN105673,2025-07,0.0,0.0,0.0,0.0,CURRENT,0.0,0.0,NONE,,AUTO_ACCEPT,0.0
LN108477,2025-07,0.0,0.0,0.0,0.0,CURRENT,0.0,0.0,NONE,,AUTO_ACCEPT,0.0
LN103643,2025-07,0.0,0.0,0.0,0.0,CURRENT,0.0,0.0,NONE,,AUTO_ACCEPT,0.0
LN108414,2025-07,0.0,0.0,0.0,0.0,CURRENT,0.0,0.0,NONE,,AUTO_ACCEPT,0.0
LN104389,2025-07,0.0,0.0,0.0,0.0,CURRENT,0.0,0.0,NONE,,AUTO_ACCEPT,0.0
LN108457,2025-07,0.0,0.0,0.0,0.0,CURRENT,0.0,0.0,NONE,,AUTO_ACCEPT,0.0
LN100334,2025-07,0.0,0.0,0.0,0.0,CURRENT,0.0,0.0,NONE,,AUTO_ACCEPT,0.0
LN100377,2025-07,0.0,0.0,0.0,0.0,CURRENT,0.0,0.0,NONE,,AUTO_ACCEPT,0.0
LN100379,2025-07,0.0,0.0,0.0,0.0,CURRENT,0.0,0.0,NONE,,AUTO_ACCEPT,0.0
LN103682,2025-07,0.0,0.0,0.0,0.0,CURRENT,0.0,0.0,NONE,,AUTO_ACCEPT,0.0
LN100550,2025-07,0.0,0.0,0.0,0.0,CURRENT,0.0,0.0,NONE,,AUTO_ACCEPT,0.0
LN103496,2025-07,0.0,0.0,0.0,0.0,CURRENT,0.0,0.0,NONE,,AUTO_ACCEPT,0.0
LN104511,2025-07,0.0,0.0,0.0,0.0,CURRENT,0.0,0.0,NONE,,AUTO_ACCEPT,0.0
LN108251,2025-07,0.0,0.0,0.0,0.0,CURRENT,0.0,0.0,NONE,,AUTO_ACCEPT,0.0
LN100482,2025-07,0.0,0.0,0.0,0.0,CURRENT,0.0,0.0,NONE,,AUTO_ACCEPT,0.0
LN108359,2025-07,0.0,0.0,0.0,0.0,CURRENT,0.0,0.0,NONE,,AUTO_ACCEPT,0.0
LN100495,2025-07,0.0,0.0,0.0,0.0,CURRENT,0.0,0.0,NONE,,AUTO_ACCEPT,0.0
LN104402,2025-07,0.0,0.0,0.0,0.0,CURRENT,0.0,0.0,NONE,,AUTO_ACCEPT,0.0
LN104015,2025-07,0.0,0.0,0.0,0.0,CURRENT,0.0,0.0,NONE,,AUTO_ACCEPT,0.0
LN108833,2025-07,0.0,0.0,0.0,0.0,CURRENT,0.0,0.0,NONE,,AUTO_ACCEPT,0.0
LN108974,2025-07,0.0,0.0,0.0,0.0,CURRENT,0.0,0.0,NONE,,AUTO_ACCEPT,0.0
LN108961,2025-07,0.0,0.0,0.0,0.0,CURRENT,0.0,0.0,NONE,,AUTO_ACCEPT,0.0
LN108666,2025-07,0.0,0.0,0.0,0.0,CURRENT,0.0,0.0,NONE,,AUTO_ACCEPT,0.0
LN100237,2025-07,0.0,0.0,0.0,0.0,CURRENT,0.0,0.0,NONE,,AUTO_ACCEPT,0.0
LN104233,2025-07,0.0,0.0,0.0,0.0,CURRENT,0.0,0.0,NONE,,AUTO_ACCEPT,0.0
LN104211,2025-07,0.0,0.0,0.0,0.0,CURRENT,0.0,0.0,NONE,,AUTO_ACCEPT,0.0
LN103825,2025-07,0.0,0.0,0.0,0.0,CURRENT,0.0,0.0,NONE,,AUTO_ACCEPT,0.0
LN100220,2025-07,0.0,0.0,0.0,0.0,CURRENT,0.0,0.0,NONE,,AUTO_ACCEPT,0.0
LN103305,2025-07,0.0,0.0,0.0,0.0,CURRENT,0.0,0.0,NONE,,AUTO_ACCEPT,0.0
LN104596,2025-07,0.0,0.0,0.0,0.0,CURRENT,0.0,0.0,NONE,,AUTO_ACCEPT,0.0
LN104746,2025-07,0.0,0.0,0.0,0.0,CURRENT,0.0,0.0,NONE,,AUTO_ACCEPT,0.0
LN100680,2025-07,0.0,0.0,0.0,0.0,CURRENT,0.0,0.0,NONE,,AUTO_ACCEPT,0.0
LN100877,2025-07,0.0,0.0,0.0,0.0,CURRENT,0.0,0.0,NONE,,AUTO_ACCEPT,0.0
LN108142,2025-07,0.0,0.0,0.0,0.0,CURRENT,0.0,0.0,NONE,,AUTO_ACCEPT,0.0
LN107923,2025-07,0.0,0.0,0.0,0.0,CURRENT,0.0,0.0,NONE,,AUTO_ACCEPT,0.0
LN104653,2025-07,0.0,0.0,0.0,0.0,CURRENT,0.0,0.0,NONE,,AUTO_ACCEPT,0.0
LN103395,2025-07,0.0,0.0,0.0,0.0,CURRENT,0.0,0.0,NONE,,AUTO_ACCEPT,0.0
LN108068,2025-07,0.0,0.0,0.0,0.0,CURRENT,0.0,0.0,NONE,,AUTO_ACCEPT,0.0
LN100741,2025-07,0.0,0.0,0.0,0.0,CURRENT,0.0,0.0,NONE,,AUTO_ACCEPT,0.0
LN104668,2025-07,0.0,0.0,0.0,0.0,CURRENT,0.0,0.0,NONE,,AUTO_ACCEPT,0.0
LN107984,2025-07,0.0,0.0,0.0,0.0,CURRENT,0.0,0.0,NONE,,AUTO_ACCEPT,0.0
LN104712,2025-07,0.0,0.0,0.0,0.0,CURRENT,0.0,0.0,NONE,,AUTO_ACCEPT,0.0
LN103263,2025-07,0.0,0.0,0.0,0.0,CURRENT,0.0,0.0,NONE,,AUTO_ACCEPT,0.0
LN103350,2025-07,0.0,0.0,0.0,0.0,CURRENT,0.0,0.0,NONE,,AUTO_ACCEPT,0.0
LN104739,2025-08,0.0,0.0,0.0,0.0,CURRENT,0.0,0.0,NONE,,AUTO_ACCEPT,0.0
LN103132,2025-08,0.0,0.0,0.0,0.0,CURRENT,0.0,0.0,NONE,,AUTO_ACCEPT,0.0
LN105830,2025-08,0.0,0.0,0.0,0.0,CURRENT,0.0,0.0,NONE,,AUTO_ACCEPT,0.0
LN105852,2025-08,0.0,0.0,0.0,0.0,CURRENT,0.0,0.0,NONE,,AUTO_ACCEPT,0.0
LN103152,2025-08,0.0,0.0,0.0,0.0,CURRENT,0.0,0.0,NONE,,AUTO_ACCEPT,0.0
LN102315,2025-08,0.0,0.0,0.0,0.0,CURRENT,0.0,0.0,NONE,,AUTO_ACCEPT,0.0
LN106059,2025-08,0.0,0.0,0.0,0.0,CURRENT,0.0,0.0,NONE,,AUTO_ACCEPT,0.0
LN106080,2025-08,0.0,0.0,0.0,0.0,CURRENT,0.0,0.0,NONE,,AUTO_ACCEPT,0.0
LN103989,2025-08,0.0,0.0,0.0,0.0,CURRENT,0.0,0.0,NONE,,AUTO_ACCEPT,0.0
LN103889,2025-08,0.0,0.0,0.0,0.0,CURRENT,0.0,0.0,NONE,,AUTO_ACCEPT,0.0
LN103890,2025-08,0.0,0.0,0.0,0.0,CURRENT,0.0,0.0,NONE,,AUTO_ACCEPT,0.0
LN103262,2025-08,0.0,0.0,0.0,0.0,CURRENT,0.0,0.0,NONE,,AUTO_ACCEPT,0.0
LN103265,2025-08,0.0,0.0,0.0,0.0,CURRENT,0.0,0.0,NONE,,AUTO_ACCEPT,0.0
LN104848,2025-08,0.0,0.0,0.0,0.0,CURRENT,0.0,0.0,NONE,,AUTO_ACCEPT,0.0
LN103276,2025-08,0.0,0.0,0.0,0.0,CURRENT,0.0,0.0,NONE,,AUTO_ACCEPT,0.0
LN104939,2025-08,0.0,0.0,0.0,0.0,CURRENT,0.0,0.0,NONE,,AUTO_ACCEPT,0.0
LN104782,2025-08,0.0,0.0,0.0,0.0,CURRENT,0.0,0.0,NONE,,AUTO_ACCEPT,0.0
LN103205,2025-08,0.0,0.0,0.0,0.0,CURRENT,0.0,0.0,NONE,,AUTO_ACCEPT,0.0
LN102369,2025-08,0.0,0.0,0.0,0.0,CURRENT,0.0,0.0,NONE,,AUTO_ACCEPT,0.0
LN102368,2025-08,0.0,0.0,0.0,0.0,CURRENT,0.0,0.0,NONE,,AUTO_ACCEPT,0.0
LN104908,2025-08,0.0,0.0,0.0,0.0,CURRENT,0.0,0.0,NONE,,AUTO_ACCEPT,0.0
LN104432,2025-08,0.0,0.0,0.0,0.0,CURRENT,0.0,0.0,NONE,,AUTO_ACCEPT,0.0
LN104612,2025-08,0.0,0.0,0.0,0.0,CURRENT,0.0,0.0,NONE,,AUTO_ACCEPT,0.0
LN104436,2025-08,0.0,0.0,0.0,0.0,CURRENT,0.0,0.0,NONE,,AUTO_ACCEPT,0.0
LN105468,2025-08,0.0,0.0,0.0,0.0,CURRENT,0.0,0.0,NONE,,AUTO_ACCEPT,0.0
LN104621,2025-08,0.0,0.0,0.0,0.0,CURRENT,0.0,0.0,NONE,,AUTO_ACCEPT,0.0
LN103432,2025-08,0.0,0.0,0.0,0.0,CURRENT,0.0,0.0,NONE,,AUTO_ACCEPT,0.0
LN103507,2025-08,0.0,0.0,0.0,0.0,CURRENT,0.0,0.0,NONE,,AUTO_ACCEPT,0.0
LN102897,2025-08,0.0,0.0,0.0,0.0,CURRENT,0.0,0.0,NONE,,AUTO_ACCEPT,0.0
LN103487,2025-08,0.0,0.0,0.0,0.0,CURRENT,0.0,0.0,NONE,,AUTO_ACCEPT,0.0
LN104473,2025-08,0.0,0.0,0.0,0.0,CURRENT,0.0,0.0,NONE,,AUTO_ACCEPT,0.0
LN103540,2025-08,0.0,0.0,0.0,0.0,CURRENT,0.0,0.0,NONE,,AUTO_ACCEPT,0.0
LN105058,2025-08,0.0,0.0,0.0,0.0,CURRENT,0.0,0.0,NONE,,AUTO_ACCEPT,0.0
LN104700,2025-08,0.0,0.0,0.0,0.0,CURRENT,0.0,0.0,NONE,,AUTO_ACCEPT,0.0
LN103383,2025-08,0.0,0.0,0.0,0.0,CURRENT,0.0,0.0,NONE,,AUTO_ACCEPT,0.0
LN103386,2025-08,0.0,0.0,0.0,0.0,CURRENT,0.0,0.0,NONE,,AUTO_ACCEPT,0.0
LN105029,2025-08,0.0,0.0,0.0,0.0,CURRENT,0.0,0.0,NONE,,AUTO_ACCEPT,0.0
LN103107,2025-08,0.0,0.0,0.0,0.0,CURRENT,0.0,0.0,NONE,,AUTO_ACCEPT,0.0
LN102717,2025-08,0.0,0.0,0.0,0.0,CURRENT,0.0,0.0,NONE,,AUTO_ACCEPT,0.0
LN101324,2025-08,0.0,0.0,0.0,0.0,CURRENT,0.0,0.0,NONE,,AUTO_ACCEPT,0.0
LN107349,2025-08,0.0,0.0,0.0,0.0,CURRENT,0.0,0.0,NONE,,AUTO_ACCEPT,0.0
LN101362,2025-08,0.0,0.0,0.0,0.0,CURRENT,0.0,0.0,NONE,,AUTO_ACCEPT,0.0
LN107233,2025-08,0.0,0.0,0.0,0.0,CURRENT,0.0,0.0,NONE,,AUTO_ACCEPT,0.0
LN101338,2025-08,0.0,0.0,0.0,0.0,CURRENT,0.0,0.0,NONE,,AUTO_ACCEPT,0.0
LN101347,2025-08,0.0,0.0,0.0,0.0,CURRENT,0.0,0.0,NONE,,AUTO_ACCEPT,0.0
LN108343,2025-08,0.0,0.0,0.0,0.0,CURRENT,0.0,0.0,NONE,,AUTO_ACCEPT,0.0
LN107444,2025-08,0.0,0.0,0.0,0.0,CURRENT,0.0,0.0,NONE,,AUTO_ACCEPT,0.0
LN107399,2025-08,0.0,0.0,0.0,0.0,CURRENT,0.0,0.0,NONE,,AUTO_ACCEPT,0.0
LN107370,2025-08,0.0,0.0,0.0,0.0,CURRENT,0.0,0.0,NONE,,AUTO_ACCEPT,0.0
LN100353,2025-08,0.0,0.0,0.0,0.0,CURRENT,0.0,0.0,NONE,,AUTO_ACCEPT,0.0
LN107048,2025-08,0.0,0.0,0.0,0.0,CURRENT,0.0,0.0,NONE,,AUTO_ACCEPT,0.0
LN101512,2025-08,0.0,0.0,0.0,0.0,CURRENT,0.0,0.0,NONE,,AUTO_ACCEPT,0.0
LN100323,2025-08,0.0,0.0,0.0,0.0,CURRENT,0.0,0.0,NONE,,AUTO_ACCEPT,0.0
LN107023,2025-08,0.0,0.0,0.0,0.0,CURRENT,0.0,0.0,NONE,,AUTO_ACCEPT,0.0
LN107003,2025-08,0.0,0.0,0.0,0.0,CURRENT,0.0,0.0,NONE,,AUTO_ACCEPT,0.0
LN107005,2025-08,0.0,0.0,0.0,0.0,CURRENT,0.0,0.0,NONE,,AUTO_ACCEPT,0.0
LN107187,2025-08,0.0,0.0,0.0,0.0,CURRENT,0.0,0.0,NONE,,AUTO_ACCEPT,0.0
LN101426,2025-08,0.0,0.0,0.0,0.0,CURRENT,0.0,0.0,NONE,,AUTO_ACCEPT,0.0
LN107216,2025-08,0.0,0.0,0.0,0.0,CURRENT,0.0,0.0,NONE,,AUTO_ACCEPT,0.0
LN107207,2025-08,0.0,0.0,0.0,0.0,CURRENT,0.0,0.0,NONE,,AUTO_ACCEPT,0.0
LN100397,2025-08,0.0,0.0,0.0,0.0,CURRENT,0.0,0.0,NONE,,AUTO_ACCEPT,0.0
LN100886,2025-08,0.0,0.0,0.0,0.0,CURRENT,0.0,0.0,NONE,,AUTO_ACCEPT,0.0
LN100857,2025-08,0.0,0.0,0.0,0.0,CURRENT,0.0,0.0,NONE,,AUTO_ACCEPT,0.0
LN107840,2025-08,0.0,0.0,0.0,0.0,CURRENT,0.0,0.0,NONE,,AUTO_ACCEPT,0.0
LN108162,2025-08,0.0,0.0,0.0,0.0,CURRENT,0.0,0.0,NONE,,AUTO_ACCEPT,0.0
LN100773,2025-08,0.0,0.0,0.0,0.0,CURRENT,0.0,0.0,NONE,,AUTO_ACCEPT,0.0
LN108112,2025-08,0.0,0.0,0.0,0.0,CURRENT,0.0,0.0,NONE,,AUTO_ACCEPT,0.0
LN107938,2025-08,0.0,0.0,0.0,0.0,CURRENT,0.0,0.0,NONE,,AUTO_ACCEPT,0.0
LN100705,2025-08,0.0,0.0,0.0,0.0,CURRENT,0.0,0.0,NONE,,AUTO_ACCEPT,0.0
LN107614,2025-08,0.0,0.0,0.0,0.0,CURRENT,0.0,0.0,NONE,,AUTO_ACCEPT,0.0
LN107530,2025-08,0.0,0.0,0.0,0.0,CURRENT,0.0,0.0,NONE,,AUTO_ACCEPT,0.0
LN101161,2025-08,0.0,0.0,0.0,0.0,CURRENT,0.0,0.0,NONE,,AUTO_ACCEPT,0.0
LN101119,2025-08,0.0,0.0,0.0,0.0,CURRENT,0.0,0.0,NONE,,AUTO_ACCEPT,0.0
LN107099,2025-08,0.0,0.0,0.0,0.0,CURRENT,0.0,0.0,NONE,,AUTO_ACCEPT,0.0
LN106528,2025-08,0.0,0.0,0.0,0.0,CURRENT,0.0,0.0,NONE,,AUTO_ACCEPT,0.0
LN108877,2025-08,0.0,0.0,0.0,0.0,CURRENT,0.0,0.0,NONE,,AUTO_ACCEPT,0.0
LN101921,2025-08,0.0,0.0,0.0,0.0,CURRENT,0.0,0.0,NONE,,AUTO_ACCEPT,0.0
LN101898,2025-08,0.0,0.0,0.0,0.0,CURRENT,0.0,0.0,NONE,,AUTO_ACCEPT,0.0
LN101912,2025-08,0.0,0.0,0.0,0.0,CURRENT,0.0,0.0,NONE,,AUTO_ACCEPT,0.0
LN106598,2025-08,0.0,0.0,0.0,0.0,CURRENT,0.0,0.0,NONE,,AUTO_ACCEPT,0.0
LN102191,2025-08,0.0,0.0,0.0,0.0,CURRENT,0.0,0.0,NONE,,AUTO_ACCEPT,0.0
LN106193,2025-08,0.0,0.0,0.0,0.0,CURRENT,0.0,0.0,NONE,,AUTO_ACCEPT,0.0
LN106394,2025-08,0.0,0.0,0.0,0.0,CURRENT,0.0,0.0,NONE,,AUTO_ACCEPT,0.0
LN100054,2025-08,0.0,0.0,0.0,0.0,CURRENT,0.0,0.0,NONE,,AUTO_ACCEPT,0.0
LN108941,2025-08,0.0,0.0,0.0,0.0,CURRENT,0.0,0.0,NONE,,AUTO_ACCEPT,0.0
LN106764,2025-08,0.0,0.0,0.0,0.0,CURRENT,0.0,0.0,NONE,,AUTO_ACCEPT,0.0
LN101710,2025-08,0.0,0.0,0.0,0.0,CURRENT,0.0,0.0,NONE,,AUTO_ACCEPT,0.0
LN106839,2025-08,0.0,0.0,0.0,0.0,CURRENT,0.0,0.0,NONE,,AUTO_ACCEPT,0.0
LN106842,2025-08,0.0,0.0,0.0,0.0,CURRENT,0.0,0.0,NONE,,AUTO_ACCEPT,0.0
LN106850,2025-08,0.0,0.0,0.0,0.0,CURRENT,0.0,0.0,NONE,,AUTO_ACCEPT,0.0
LN106720,2025-08,0.0,0.0,0.0,0.0,CURRENT,0.0,0.0,NONE,,AUTO_ACCEPT,0.0
LN101626,2025-08,0.0,0.0,0.0,0.0,CURRENT,0.0,0.0,NONE,,AUTO_ACCEPT,0.0
LN104577,2025-09,0.0,0.0,0.0,0.0,CURRENT,0.0,0.0,NONE,,AUTO_ACCEPT,0.0
LN108920,2025-09,0.0,0.0,0.0,0.0,CURRENT,0.0,0.0,NONE,,AUTO_ACCEPT,0.0
LN104640,2025-09,0.0,0.0,0.0,0.0,CURRENT,0.0,0.0,NONE,,AUTO_ACCEPT,0.0
LN104594,2025-09,0.0,0.0,0.0,0.0,CURRENT,0.0,0.0,NONE,,AUTO_ACCEPT,0.0
LN104110,2025-09,0.0,0.0,0.0,0.0,CURRENT,0.0,0.0,NONE,,AUTO_ACCEPT,0.0
LN108715,2025-09,0.0,0.0,0.0,0.0,CURRENT,0.0,0.0,NONE,,AUTO_ACCEPT,0.0
LN104435,2025-09,0.0,0.0,0.0,0.0,CURRENT,0.0,0.0,NONE,,AUTO_ACCEPT,0.0
LN104041,2025-09,0.0,0.0,0.0,0.0,CURRENT,0.0,0.0,NONE,,AUTO_ACCEPT,0.0
LN104045,2025-09,0.0,0.0,0.0,0.0,CURRENT,0.0,0.0,NONE,,AUTO_ACCEPT,0.0
LN104329,2025-09,0.0,0.0,0.0,0.0,CURRENT,0.0,0.0,NONE,,AUTO_ACCEPT,0.0
LN108513,2025-09,0.0,0.0,0.0,0.0,CURRENT,0.0,0.0,NONE,,AUTO_ACCEPT,0.0
LN108492,2025-09,0.0,0.0,0.0,0.0,CURRENT,0.0,0.0,NONE,,AUTO_ACCEPT,0.0
LN108273,2025-09,0.0,0.0,0.0,0.0,CURRENT,0.0,0.0,NONE,,AUTO_ACCEPT,0.0
LN108288,2025-09,0.0,0.0,0.0,0.0,CURRENT,0.0,0.0,NONE,,AUTO_ACCEPT,0.0
LN108686,2025-09,0.0,0.0,0.0,0.0,CURRENT,0.0,0.0,NONE,,AUTO_ACCEPT,0.0
LN108484,2025-09,0.0,0.0,0.0,0.0,CURRENT,0.0,0.0,NONE,,AUTO_ACCEPT,0.0
LN105652,2025-09,0.0,0.0,0.0,0.0,CURRENT,0.0,0.0,NONE,,AUTO_ACCEPT,0.0
LN105639,2025-09,0.0,0.0,0.0,0.0,CURRENT,0.0,0.0,NONE,,AUTO_ACCEPT,0.0
LN105766,2025-09,0.0,0.0,0.0,0.0,CURRENT,0.0,0.0,NONE,,AUTO_ACCEPT,0.0
LN106648,2025-09,0.0,0.0,0.0,0.0,CURRENT,0.0,0.0,NONE,,AUTO_ACCEPT,0.0
LN106741,2025-09,0.0,0.0,0.0,0.0,CURRENT,0.0,0.0,NONE,,AUTO_ACCEPT,0.0
LN105593,2025-09,0.0,0.0,0.0,0.0,CURRENT,0.0,0.0,NONE,,AUTO_ACCEPT,0.0
LN107012,2025-09,0.0,0.0,0.0,0.0,CURRENT,0.0,0.0,NONE,,AUTO_ACCEPT,0.0
LN106979,2025-09,0.0,0.0,0.0,0.0,CURRENT,0.0,0.0,NONE,,AUTO_ACCEPT,0.0
LN106995,2025-09,0.0,0.0,0.0,0.0,CURRENT,0.0,0.0,NONE,,AUTO_ACCEPT,0.0
LN107044,2025-09,0.0,0.0,0.0,0.0,CURRENT,0.0,0.0,NONE,,AUTO_ACCEPT,0.0
LN106884,2025-09,0.0,0.0,0.0,0.0,CURRENT,0.0,0.0,NONE,,AUTO_ACCEPT,0.0
LN106874,2025-09,0.0,0.0,0.0,0.0,CURRENT,0.0,0.0,NONE,,AUTO_ACCEPT,0.0
LN106972,2025-09,0.0,0.0,0.0,0.0,CURRENT,0.0,0.0,NONE,,AUTO_ACCEPT,0.0
LN106945,2025-09,0.0,0.0,0.0,0.0,CURRENT,0.0,0.0,NONE,,AUTO_ACCEPT,0.0
LN106931,2025-09,0.0,0.0,0.0,0.0,CURRENT,0.0,0.0,NONE,,AUTO_ACCEPT,0.0
LN105977,2025-09,0.0,0.0,0.0,0.0,CURRENT,0.0,0.0,NONE,,AUTO_ACCEPT,0.0
LN106096,2025-09,0.0,0.0,0.0,0.0,CURRENT,0.0,0.0,NONE,,AUTO_ACCEPT,0.0
LN106225,2025-09,0.0,0.0,0.0,0.0,CURRENT,0.0,0.0,NONE,,AUTO_ACCEPT,0.0
LN105786,2025-09,0.0,0.0,0.0,0.0,CURRENT,0.0,0.0,NONE,,AUTO_ACCEPT,0.0
LN106592,2025-09,0.0,0.0,0.0,0.0,CURRENT,0.0,0.0,NONE,,AUTO_ACCEPT,0.0
LN105874,2025-09,0.0,0.0,0.0,0.0,CURRENT,0.0,0.0,NONE,,AUTO_ACCEPT,0.0
LN105912,2025-09,0.0,0.0,0.0,0.0,CURRENT,0.0,0.0,NONE,,AUTO_ACCEPT,0.0
LN105899,2025-09,0.0,0.0,0.0,0.0,CURRENT,0.0,0.0,NONE,,AUTO_ACCEPT,0.0
LN107733,2025-09,0.0,0.0,0.0,0.0,CURRENT,0.0,0.0,NONE,,AUTO_ACCEPT,0.0
LN104942,2025-09,0.0,0.0,0.0,0.0,CURRENT,0.0,0.0,NONE,,AUTO_ACCEPT,0.0
LN104924,2025-09,0.0,0.0,0.0,0.0,CURRENT,0.0,0.0,NONE,,AUTO_ACCEPT,0.0
LN107797,2025-09,0.0,0.0,0.0,0.0,CURRENT,0.0,0.0,NONE,,AUTO_ACCEPT,0.0
LN105007,2025-09,0.0,0.0,0.0,0.0,CURRENT,0.0,0.0,NONE,,AUTO_ACCEPT,0.0
LN107687,2025-09,0.0,0.0,0.0,0.0,CURRENT,0.0,0.0,NONE,,AUTO_ACCEPT,0.0
LN107925,2025-09,0.0,0.0,0.0,0.0,CURRENT,0.0,0.0,NONE,,AUTO_ACCEPT,0.0
LN107939,2025-09,0.0,0.0,0.0,0.0,CURRENT,0.0,0.0,NONE,,AUTO_ACCEPT,0.0
LN105314,2025-09,0.0,0.0,0.0,0.0,CURRENT,0.0,0.0,NONE,,AUTO_ACCEPT,0.0
LN107225,2025-09,0.0,0.0,0.0,0.0,CURRENT,0.0,0.0,NONE,,AUTO_ACCEPT,0.0
LN105248,2025-09,0.0,0.0,0.0,0.0,CURRENT,0.0,0.0,NONE,,AUTO_ACCEPT,0.0
LN107290,2025-09,0.0,0.0,0.0,0.0,CURRENT,0.0,0.0,NONE,,AUTO_ACCEPT,0.0
LN107131,2025-09,0.0,0.0,0.0,0.0,CURRENT,0.0,0.0,NONE,,AUTO_ACCEPT,0.0
LN105403,2025-09,0.0,0.0,0.0,0.0,CURRENT,0.0,0.0,NONE,,AUTO_ACCEPT,0.0
LN105125,2025-09,0.0,0.0,0.0,0.0,CURRENT,0.0,0.0,NONE,,AUTO_ACCEPT,0.0
LN107447,2025-09,0.0,0.0,0.0,0.0,CURRENT,0.0,0.0,NONE,,AUTO_ACCEPT,0.0
LN106146,2025-09,0.0,0.0,0.0,0.0,CURRENT,0.0,0.0,NONE,,AUTO_ACCEPT,0.0
LN107348,2025-09,0.0,0.0,0.0,0.0,CURRENT,0.0,0.0,NONE,,AUTO_ACCEPT,0.0
LN107393,2025-09,0.0,0.0,0.0,0.0,CURRENT,0.0,0.0,NONE,,AUTO_ACCEPT,0.0
LN100992,2025-09,0.0,0.0,0.0,0.0,CURRENT,0.0,0.0,NONE,,AUTO_ACCEPT,0.0
LN101027,2025-09,0.0,0.0,0.0,0.0,CURRENT,0.0,0.0,NONE,,AUTO_ACCEPT,0.0
LN102005,2025-09,0.0,0.0,0.0,0.0,CURRENT,0.0,0.0,NONE,,AUTO_ACCEPT,0.0
LN102067,2025-09,0.0,0.0,0.0,0.0,CURRENT,0.0,0.0,NONE,,AUTO_ACCEPT,0.0
LN103599,2025-09,0.0,0.0,0.0,0.0,CURRENT,0.0,0.0,NONE,,AUTO_ACCEPT,0.0
LN100739,2025-09,0.0,0.0,0.0,0.0,CURRENT,0.0,0.0,NONE,,AUTO_ACCEPT,0.0
LN102245,2025-09,0.0,0.0,0.0,0.0,CURRENT,0.0,0.0,NONE,,AUTO_ACCEPT,0.0
LN100725,2025-09,0.0,0.0,0.0,0.0,CURRENT,0.0,0.0,NONE,,AUTO_ACCEPT,0.0
LN100765,2025-09,0.0,0.0,0.0,0.0,CURRENT,0.0,0.0,NONE,,AUTO_ACCEPT,0.0
LN100688,2025-09,0.0,0.0,0.0,0.0,CURRENT,0.0,0.0,NONE,,AUTO_ACCEPT,0.0
LN100803,2025-09,0.0,0.0,0.0,0.0,CURRENT,0.0,0.0,NONE,,AUTO_ACCEPT,0.0
LN101794,2025-09,0.0,0.0,0.0,0.0,CURRENT,0.0,0.0,NONE,,AUTO_ACCEPT,0.0
LN101769,2025-09,0.0,0.0,0.0,0.0,CURRENT,0.0,0.0,NONE,,AUTO_ACCEPT,0.0
LN103258,2025-09,0.0,0.0,0.0,0.0,CURRENT,0.0,0.0,NONE,,AUTO_ACCEPT,0.0
LN101453,2025-09,0.0,0.0,0.0,0.0,CURRENT,0.0,0.0,NONE,,AUTO_ACCEPT,0.0
LN101813,2025-09,0.0,0.0,0.0,0.0,CURRENT,0.0,0.0,NONE,,AUTO_ACCEPT,0.0
LN101705,2025-09,0.0,0.0,0.0,0.0,CURRENT,0.0,0.0,NONE,,AUTO_ACCEPT,0.0
LN101660,2025-09,0.0,0.0,0.0,0.0,CURRENT,0.0,0.0,NONE,,AUTO_ACCEPT,0.0
LN101950,2025-09,0.0,0.0,0.0,0.0,CURRENT,0.0,0.0,NONE,,AUTO_ACCEPT,0.0
LN101974,2025-09,0.0,0.0,0.0,0.0,CURRENT,0.0,0.0,NONE,,AUTO_ACCEPT,0.0
LN103382,2025-09,0.0,0.0,0.0,0.0,CURRENT,0.0,0.0,NONE,,AUTO_ACCEPT,0.0
LN101379,2025-09,0.0,0.0,0.0,0.0,CURRENT,0.0,0.0,NONE,,AUTO_ACCEPT,0.0
LN101335,2025-09,0.0,0.0,0.0,0.0,CURRENT,0.0,0.0,NONE,,AUTO_ACCEPT,0.0
LN102475,2025-09,0.0,0.0,0.0,0.0,CURRENT,0.0,0.0,NONE,,AUTO_ACCEPT,0.0
LN103820,2025-09,0.0,0.0,0.0,0.0,CURRENT,0.0,0.0,NONE,,AUTO_ACCEPT,0.0
LN103745,2025-09,0.0,0.0,0.0,0.0,CURRENT,0.0,0.0,NONE,,AUTO_ACCEPT,0.0
LN100442,2025-09,0.0,0.0,0.0,0.0,CURRENT,0.0,0.0,NONE,,AUTO_ACCEPT,0.0
LN100444,2025-09,0.0,0.0,0.0,0.0,CURRENT,0.0,0.0,NONE,,AUTO_ACCEPT,0.0
LN103774,2025-09,0.0,0.0,0.0,0.0,CURRENT,0.0,0.0,NONE,,AUTO_ACCEPT,0.0
LN103775,2025-09,0.0,0.0,0.0,0.0,CURRENT,0.0,0.0,NONE,,AUTO_ACCEPT,0.0
LN102438,2025-09,0.0,0.0,0.0,0.0,CURRENT,0.0,0.0,NONE,,AUTO_ACCEPT,0.0
LN103913,2025-09,0.0,0.0,0.0,0.0,CURRENT,0.0,0.0,NONE,,AUTO_ACCEPT,0.0
LN102541,2025-09,0.0,0.0,0.0,0.0,CURRENT,0.0,0.0,NONE,,AUTO_ACCEPT,0.0
LN100129,2025-09,0.0,0.0,0.0,0.0,CURRENT,0.0,0.0,NONE,,AUTO_ACCEPT,0.0
LN102812,2025-09,0.0,0.0,0.0,0.0,CURRENT,0.0,0.0,NONE,,AUTO_ACCEPT,0.0
LN102853,2025-09,0.0,0.0,0.0,0.0,CURRENT,0.0,0.0,NONE,,AUTO_ACCEPT,0.0
LN102333,2025-09,0.0,0.0,0.0,0.0,CURRENT,0.0,0.0,NONE,,AUTO_ACCEPT,0.0
LN100625,2025-09,0.0,0.0,0.0,0.0,CURRENT,0.0,0.0,NONE,,AUTO_ACCEPT,0.0
LN101822,2025-10,0.0,0.0,0.0,0.0,CURRENT,0.0,0.0,NONE,,AUTO_ACCEPT,0.0
LN106714,2025-10,0.0,0.0,0.0,0.0,CURRENT,0.0,0.0,NONE,,AUTO_ACCEPT,0.0
LN101810,2025-10,0.0,0.0,0.0,0.0,CURRENT,0.0,0.0,NONE,,AUTO_ACCEPT,0.0
LN106655,2025-10,0.0,0.0,0.0,0.0,CURRENT,0.0,0.0,NONE,,AUTO_ACCEPT,0.0
LN102577,2025-10,0.0,0.0,0.0,0.0,CURRENT,0.0,0.0,NONE,,AUTO_ACCEPT,0.0
LN105598,2025-10,0.0,0.0,0.0,0.0,CURRENT,0.0,0.0,NONE,,AUTO_ACCEPT,0.0
LN101766,2025-10,0.0,0.0,0.0,0.0,CURRENT,0.0,0.0,NONE,,AUTO_ACCEPT,0.0
LN105868,2025-10,0.0,0.0,0.0,0.0,CURRENT,0.0,0.0,NONE,,AUTO_ACCEPT,0.0
LN102097,2025-10,0.0,0.0,0.0,0.0,CURRENT,0.0,0.0,NONE,,AUTO_ACCEPT,0.0
LN102411,2025-10,0.0,0.0,0.0,0.0,CURRENT,0.0,0.0,NONE,,AUTO_ACCEPT,0.0
LN106583,2025-10,0.0,0.0,0.0,0.0,CURRENT,0.0,0.0,NONE,,AUTO_ACCEPT,0.0
LN106620,2025-10,0.0,0.0,0.0,0.0,CURRENT,0.0,0.0,NONE,,AUTO_ACCEPT,0.0
LN106634,2025-10,0.0,0.0,0.0,0.0,CURRENT,0.0,0.0,NONE,,AUTO_ACCEPT,0.0
LN106630,2025-10,0.0,0.0,0.0,0.0,CURRENT,0.0,0.0,NONE,,AUTO_ACCEPT,0.0
LN102353,2025-10,0.0,0.0,0.0,0.0,CURRENT,0.0,0.0,NONE,,AUTO_ACCEPT,0.0
LN102351,2025-10,0.0,0.0,0.0,0.0,CURRENT,0.0,0.0,NONE,,AUTO_ACCEPT,0.0
LN101900,2025-10,0.0,0.0,0.0,0.0,CURRENT,0.0,0.0,NONE,,AUTO_ACCEPT,0.0
LN105833,2025-10,0.0,0.0,0.0,0.0,CURRENT,0.0,0.0,NONE,,AUTO_ACCEPT,0.0
LN102372,2025-10,0.0,0.0,0.0,0.0,CURRENT,0.0,0.0,NONE,,AUTO_ACCEPT,0.0
LN102508,2025-10,0.0,0.0,0.0,0.0,CURRENT,0.0,0.0,NONE,,AUTO_ACCEPT,0.0
LN100597,2025-10,0.0,0.0,0.0,0.0,CURRENT,0.0,0.0,NONE,,AUTO_ACCEPT,0.0
LN100460,2025-10,0.0,0.0,0.0,0.0,CURRENT,0.0,0.0,NONE,,AUTO_ACCEPT,0.0
LN100504,2025-10,0.0,0.0,0.0,0.0,CURRENT,0.0,0.0,NONE,,AUTO_ACCEPT,0.0
LN108389,2025-10,0.0,0.0,0.0,0.0,CURRENT,0.0,0.0,NONE,,AUTO_ACCEPT,0.0
LN107956,2025-10,0.0,0.0,0.0,0.0,CURRENT,0.0,0.0,NONE,,AUTO_ACCEPT,0.0
LN108005,2025-10,0.0,0.0,0.0,0.0,CURRENT,0.0,0.0,NONE,,AUTO_ACCEPT,0.0
LN100784,2025-10,0.0,0.0,0.0,0.0,CURRENT,0.0,0.0,NONE,,AUTO_ACCEPT,0.0
LN108001,2025-10,0.0,0.0,0.0,0.0,CURRENT,0.0,0.0,NONE,,AUTO_ACCEPT,0.0
LN108183,2025-10,0.0,0.0,0.0,0.0,CURRENT,0.0,0.0,NONE,,AUTO_ACCEPT,0.0
LN108122,2025-10,0.0,0.0,0.0,0.0,CURRENT,0.0,0.0,NONE,,AUTO_ACCEPT,0.0
LN100181,2025-10,0.0,0.0,0.0,0.0,CURRENT,0.0,0.0,NONE,,AUTO_ACCEPT,0.0
LN108783,2025-10,0.0,0.0,0.0,0.0,CURRENT,0.0,0.0,NONE,,AUTO_ACCEPT,0.0
LN108911,2025-10,0.0,0.0,0.0,0.0,CURRENT,0.0,0.0,NONE,,AUTO_ACCEPT,0.0
LN108909,2025-10,0.0,0.0,0.0,0.0,CURRENT,0.0,0.0,NONE,,AUTO_ACCEPT,0.0
LN108908,2025-10,0.0,0.0,0.0,0.0,CURRENT,0.0,0.0,NONE,,AUTO_ACCEPT,0.0
LN100203,2025-10,0.0,0.0,0.0,0.0,CURRENT,0.0,0.0,NONE,,AUTO_ACCEPT,0.0
LN108568,2025-10,0.0,0.0,0.0,0.0,CURRENT,0.0,0.0,NONE,,AUTO_ACCEPT,0.0
LN108611,2025-10,0.0,0.0,0.0,0.0,CURRENT,0.0,0.0,NONE,,AUTO_ACCEPT,0.0
LN108589,2025-10,0.0,0.0,0.0,0.0,CURRENT,0.0,0.0,NONE,,AUTO_ACCEPT,0.0
LN100400,2025-10,0.0,0.0,0.0,0.0,CURRENT,0.0,0.0,NONE,,AUTO_ACCEPT,0.0
LN100392,2025-10,0.0,0.0,0.0,0.0,CURRENT,0.0,0.0,NONE,,AUTO_ACCEPT,0.0
LN108515,2025-10,0.0,0.0,0.0,0.0,CURRENT,0.0,0.0,NONE,,AUTO_ACCEPT,0.0
LN100257,2025-10,0.0,0.0,0.0,0.0,CURRENT,0.0,0.0,NONE,,AUTO_ACCEPT,0.0
LN100282,2025-10,0.0,0.0,0.0,0.0,CURRENT,0.0,0.0,NONE,,AUTO_ACCEPT,0.0
LN107253,2025-10,0.0,0.0,0.0,0.0,CURRENT,0.0,0.0,NONE,,AUTO_ACCEPT,0.0
LN101408,2025-10,0.0,0.0,0.0,0.0,CURRENT,0.0,0.0,NONE,,AUTO_ACCEPT,0.0
LN101279,2025-10,0.0,0.0,0.0,0.0,CURRENT,0.0,0.0,NONE,,AUTO_ACCEPT,0.0
LN101312,2025-10,0.0,0.0,0.0,0.0,CURRENT,0.0,0.0,NONE,,AUTO_ACCEPT,0.0
LN106982,2025-10,0.0,0.0,0.0,0.0,CURRENT,0.0,0.0,NONE,,AUTO_ACCEPT,0.0
LN107034,2025-10,0.0,0.0,0.0,0.0,CURRENT,0.0,0.0,NONE,,AUTO_ACCEPT,0.0
LN100955,2025-10,0.0,0.0,0.0,0.0,CURRENT,0.0,0.0,NONE,,AUTO_ACCEPT,0.0
LN101023,2025-10,0.0,0.0,0.0,0.0,CURRENT,0.0,0.0,NONE,,AUTO_ACCEPT,0.0
LN107702,2025-10,0.0,0.0,0.0,0.0,CURRENT,0.0,0.0,NONE,,AUTO_ACCEPT,0.0
LN101188,2025-10,0.0,0.0,0.0,0.0,CURRENT,0.0,0.0,NONE,,AUTO_ACCEPT,0.0
LN107428,2025-10,0.0,0.0,0.0,0.0,CURRENT,0.0,0.0,NONE,,AUTO_ACCEPT,0.0
LN107421,2025-10,0.0,0.0,0.0,0.0,CURRENT,0.0,0.0,NONE,,AUTO_ACCEPT,0.0
LN107622,2025-10,0.0,0.0,0.0,0.0,CURRENT,0.0,0.0,NONE,,AUTO_ACCEPT,0.0
LN107674,2025-10,0.0,0.0,0.0,0.0,CURRENT,0.0,0.0,NONE,,AUTO_ACCEPT,0.0
LN107563,2025-10,0.0,0.0,0.0,0.0,CURRENT,0.0,0.0,NONE,,AUTO_ACCEPT,0.0
LN107542,2025-10,0.0,0.0,0.0,0.0,CURRENT,0.0,0.0,NONE,,AUTO_ACCEPT,0.0
LN102920,2025-10,0.0,0.0,0.0,0.0,CURRENT,0.0,0.0,NONE,,AUTO_ACCEPT,0.0
LN104738,2025-10,0.0,0.0,0.0,0.0,CURRENT,0.0,0.0,NONE,,AUTO_ACCEPT,0.0
LN103660,2025-10,0.0,0.0,0.0,0.0,CURRENT,0.0,0.0,NONE,,AUTO_ACCEPT,0.0
LN102934,2025-10,0.0,0.0,0.0,0.0,CURRENT,0.0,0.0,NONE,,AUTO_ACCEPT,0.0
LN104764,2025-10,0.0,0.0,0.0,0.0,CURRENT,0.0,0.0,NONE,,AUTO_ACCEPT,0.0
LN103422,2025-10,0.0,0.0,0.0,0.0,CURRENT,0.0,0.0,NONE,,AUTO_ACCEPT,0.0
LN105381,2025-10,0.0,0.0,0.0,0.0,CURRENT,0.0,0.0,NONE,,AUTO_ACCEPT,0.0
LN104638,2025-10,0.0,0.0,0.0,0.0,CURRENT,0.0,0.0,NONE,,AUTO_ACCEPT,0.0
LN102806,2025-10,0.0,0.0,0.0,0.0,CURRENT,0.0,0.0,NONE,,AUTO_ACCEPT,0.0
LN104049,2025-10,0.0,0.0,0.0,0.0,CURRENT,0.0,0.0,NONE,,AUTO_ACCEPT,0.0
LN105350,2025-10,0.0,0.0,0.0,0.0,CURRENT,0.0,0.0,NONE,,AUTO_ACCEPT,0.0
LN104667,2025-10,0.0,0.0,0.0,0.0,CURRENT,0.0,0.0,NONE,,AUTO_ACCEPT,0.0
LN103077,2025-10,0.0,0.0,0.0,0.0,CURRENT,0.0,0.0,NONE,,AUTO_ACCEPT,0.0
LN105100,2025-10,0.0,0.0,0.0,0.0,CURRENT,0.0,0.0,NONE,,AUTO_ACCEPT,0.0
LN104142,2025-10,0.0,0.0,0.0,0.0,CURRENT,0.0,0.0,NONE,,AUTO_ACCEPT,0.0
LN104997,2025-10,0.0,0.0,0.0,0.0,CURRENT,0.0,0.0,NONE,,AUTO_ACCEPT,0.0
LN105022,2025-10,0.0,0.0,0.0,0.0,CURRENT,0.0,0.0,NONE,,AUTO_ACCEPT,0.0
LN103735,2025-10,0.0,0.0,0.0,0.0,CURRENT,0.0,0.0,NONE,,AUTO_ACCEPT,0.0
LN104962,2025-10,0.0,0.0,0.0,0.0,CURRENT,0.0,0.0,NONE,,AUTO_ACCEPT,0.0
LN105056,2025-10,0.0,0.0,0.0,0.0,CURRENT,0.0,0.0,NONE,,AUTO_ACCEPT,0.0
LN104198,2025-10,0.0,0.0,0.0,0.0,CURRENT,0.0,0.0,NONE,,AUTO_ACCEPT,0.0
LN104166,2025-10,0.0,0.0,0.0,0.0,CURRENT,0.0,0.0,NONE,,AUTO_ACCEPT,0.0
LN105166,2025-10,0.0,0.0,0.0,0.0,CURRENT,0.0,0.0,NONE,,AUTO_ACCEPT,0.0
LN105203,2025-10,0.0,0.0,0.0,0.0,CURRENT,0.0,0.0,NONE,,AUTO_ACCEPT,0.0
LN103789,2025-10,0.0,0.0,0.0,0.0,CURRENT,0.0,0.0,NONE,,AUTO_ACCEPT,0.0
LN103219,2025-10,0.0,0.0,0.0,0.0,CURRENT,0.0,0.0,NONE,,AUTO_ACCEPT,0.0
LN103244,2025-10,0.0,0.0,0.0,0.0,CURRENT,0.0,0.0,NONE,,AUTO_ACCEPT,0.0
LN102789,2025-10,0.0,0.0,0.0,0.0,CURRENT,0.0,0.0,NONE,,AUTO_ACCEPT,0.0
LN104574,2025-10,0.0,0.0,0.0,0.0,CURRENT,0.0,0.0,NONE,,AUTO_ACCEPT,0.0
LN104548,2025-10,0.0,0.0,0.0,0.0,CURRENT,0.0,0.0,NONE,,AUTO_ACCEPT,0.0
LN103918,2025-10,0.0,0.0,0.0,0.0,CURRENT,0.0,0.0,NONE,,AUTO_ACCEPT,0.0
LN104364,2025-10,0.0,0.0,0.0,0.0,CURRENT,0.0,0.0,NONE,,AUTO_ACCEPT,0.0
LN103577,2025-10,0.0,0.0,0.0,0.0,CURRENT,0.0,0.0,NONE,,AUTO_ACCEPT,0.0
LN105592,2025-10,0.0,0.0,0.0,0.0,CURRENT,0.0,0.0,NONE,,AUTO_ACCEPT,0.0
LN103536,2025-10,0.0,0.0,0.0,0.0,CURRENT,0.0,0.0,NONE,,AUTO_ACCEPT,0.0
LN102760,2025-10,0.0,0.0,0.0,0.0,CURRENT,0.0,0.0,NONE,,AUTO_ACCEPT,0.0
LN107075,2025-11,0.0,0.0,0.0,0.0,CURRENT,0.0,0.0,NONE,,AUTO_ACCEPT,0.0
LN107030,2025-11,0.0,0.0,0.0,0.0,CURRENT,0.0,0.0,NONE,,AUTO_ACCEPT,0.0
LN107894,2025-11,0.0,0.0,0.0,0.0,CURRENT,0.0,0.0,NONE,,AUTO_ACCEPT,0.0
LN104474,2025-11,0.0,0.0,0.0,0.0,CURRENT,0.0,0.0,NONE,,AUTO_ACCEPT,0.0
LN107877,2025-11,0.0,0.0,0.0,0.0,CURRENT,0.0,0.0,NONE,,AUTO_ACCEPT,0.0
LN103230,2025-11,0.0,0.0,0.0,0.0,CURRENT,0.0,0.0,NONE,,AUTO_ACCEPT,0.0
LN104491,2025-11,0.0,0.0,0.0,0.0,CURRENT,0.0,0.0,NONE,,AUTO_ACCEPT,0.0
LN103271,2025-11,0.0,0.0,0.0,0.0,CURRENT,0.0,0.0,NONE,,AUTO_ACCEPT,0.0
LN103703,2025-11,0.0,0.0,0.0,0.0,CURRENT,0.0,0.0,NONE,,AUTO_ACCEPT,0.0
LN108322,2025-11,0.0,0.0,0.0,0.0,CURRENT,0.0,0.0,NONE,,AUTO_ACCEPT,0.0
LN104831,2025-11,0.0,0.0,0.0,0.0,CURRENT,0.0,0.0,NONE,,AUTO_ACCEPT,0.0
LN104832,2025-11,0.0,0.0,0.0,0.0,CURRENT,0.0,0.0,NONE,,AUTO_ACCEPT,0.0
LN107835,2025-11,0.0,0.0,0.0,0.0,CURRENT,0.0,0.0,NONE,,AUTO_ACCEPT,0.0
LN107854,2025-11,0.0,0.0,0.0,0.0,CURRENT,0.0,0.0,NONE,,AUTO_ACCEPT,0.0
LN108347,2025-11,0.0,0.0,0.0,0.0,CURRENT,0.0,0.0,NONE,,AUTO_ACCEPT,0.0
LN104859,2025-11,0.0,0.0,0.0,0.0,CURRENT,0.0,0.0,NONE,,AUTO_ACCEPT,0.0
LN108011,2025-11,0.0,0.0,0.0,0.0,CURRENT,0.0,0.0,NONE,,AUTO_ACCEPT,0.0
LN104416,2025-11,0.0,0.0,0.0,0.0,CURRENT,0.0,0.0,NONE,,AUTO_ACCEPT,0.0
LN104207,2025-11,0.0,0.0,0.0,0.0,CURRENT,0.0,0.0,NONE,,AUTO_ACCEPT,0.0
LN106827,2025-11,0.0,0.0,0.0,0.0,CURRENT,0.0,0.0,NONE,,AUTO_ACCEPT,0.0
LN104998,2025-11,0.0,0.0,0.0,0.0,CURRENT,0.0,0.0,NONE,,AUTO_ACCEPT,0.0
LN104907,2025-11,0.0,0.0,0.0,0.0,CURRENT,0.0,0.0,NONE,,AUTO_ACCEPT,0.0
LN103541,2025-11,0.0,0.0,0.0,0.0,CURRENT,0.0,0.0,NONE,,AUTO_ACCEPT,0.0
LN103192,2025-11,0.0,0.0,0.0,0.0,CURRENT,0.0,0.0,NONE,,AUTO_ACCEPT,0.0
LN101622,2025-11,0.0,0.0,0.0,0.0,CURRENT,0.0,0.0,NONE,,AUTO_ACCEPT,0.0
LN106954,2025-11,0.0,0.0,0.0,0.0,CURRENT,0.0,0.0,NONE,,AUTO_ACCEPT,0.0
LN104670,2025-11,0.0,0.0,0.0,0.0,CURRENT,0.0,0.0,NONE,,AUTO_ACCEPT,0.0
LN100630,2025-11,0.0,0.0,0.0,0.0,CURRENT,0.0,0.0,NONE,,AUTO_ACCEPT,0.0
LN107475,2025-11,0.0,0.0,0.0,0.0,CURRENT,0.0,0.0,NONE,,AUTO_ACCEPT,0.0
LN100633,2025-11,0.0,0.0,0.0,0.0,CURRENT,0.0,0.0,NONE,,AUTO_ACCEPT,0.0
LN107725,2025-11,0.0,0.0,0.0,0.0,CURRENT,0.0,0.0,NONE,,AUTO_ACCEPT,0.0
LN108149,2025-11,0.0,0.0,0.0,0.0,CURRENT,0.0,0.0,NONE,,AUTO_ACCEPT,0.0
LN107668,2025-11,0.0,0.0,0.0,0.0,CURRENT,0.0,0.0,NONE,,AUTO_ACCEPT,0.0
LN103440,2025-11,0.0,0.0,0.0,0.0,CURRENT,0.0,0.0,NONE,,AUTO_ACCEPT,0.0
LN103640,2025-11,0.0,0.0,0.0,0.0,CURRENT,0.0,0.0,NONE,,AUTO_ACCEPT,0.0
LN107685,2025-11,0.0,0.0,0.0,0.0,CURRENT,0.0,0.0,NONE,,AUTO_ACCEPT,0.0
LN104571,2025-11,0.0,0.0,0.0,0.0,CURRENT,0.0,0.0,NONE,,AUTO_ACCEPT,0.0
LN101039,2025-11,0.0,0.0,0.0,0.0,CURRENT,0.0,0.0,NONE,,AUTO_ACCEPT,0.0
LN101375,2025-11,0.0,0.0,0.0,0.0,CURRENT,0.0,0.0,NONE,,AUTO_ACCEPT,0.0
LN100729,2025-11,0.0,0.0,0.0,0.0,CURRENT,0.0,0.0,NONE,,AUTO_ACCEPT,0.0
LN108078,2025-11,0.0,0.0,0.0,0.0,CURRENT,0.0,0.0,NONE,,AUTO_ACCEPT,0.0
LN107275,2025-11,0.0,0.0,0.0,0.0,CURRENT,0.0,0.0,NONE,,AUTO_ACCEPT,0.0
LN100540,2025-11,0.0,0.0,0.0,0.0,CURRENT,0.0,0.0,NONE,,AUTO_ACCEPT,0.0
LN108071,2025-11,0.0,0.0,0.0,0.0,CURRENT,0.0,0.0,NONE,,AUTO_ACCEPT,0.0
LN101381,2025-11,0.0,0.0,0.0,0.0,CURRENT,0.0,0.0,NONE,,AUTO_ACCEPT,0.0
LN108294,2025-11,0.0,0.0,0.0,0.0,CURRENT,0.0,0.0,NONE,,AUTO_ACCEPT,0.0
LN101274,2025-11,0.0,0.0,0.0,0.0,CURRENT,0.0,0.0,NONE,,AUTO_ACCEPT,0.0
LN103349,2025-11,0.0,0.0,0.0,0.0,CURRENT,0.0,0.0,NONE,,AUTO_ACCEPT,0.0
LN104379,2025-11,0.0,0.0,0.0,0.0,CURRENT,0.0,0.0,NONE,,AUTO_ACCEPT,0.0
LN101259,2025-11,0.0,0.0,0.0,0.0,CURRENT,0.0,0.0,NONE,,AUTO_ACCEPT,0.0
LN107400,2025-11,0.0,0.0,0.0,0.0,CURRENT,0.0,0.0,NONE,,AUTO_ACCEPT,0.0
LN100957,2025-11,0.0,0.0,0.0,0.0,CURRENT,0.0,0.0,NONE,,AUTO_ACCEPT,0.0
LN101293,2025-11,0.0,0.0,0.0,0.0,CURRENT,0.0,0.0,NONE,,AUTO_ACCEPT,0.0
LN104758,2025-11,0.0,0.0,0.0,0.0,CURRENT,0.0,0.0,NONE,,AUTO_ACCEPT,0.0
LN103867,2025-11,0.0,0.0,0.0,0.0,CURRENT,0.0,0.0,NONE,,AUTO_ACCEPT,0.0
LN102361,2025-11,0.0,0.0,0.0,0.0,CURRENT,0.0,0.0,NONE,,AUTO_ACCEPT,0.0
LN105975,2025-11,0.0,0.0,0.0,0.0,CURRENT,0.0,0.0,NONE,,AUTO_ACCEPT,0.0
LN106047,2025-11,0.0,0.0,0.0,0.0,CURRENT,0.0,0.0,NONE,,AUTO_ACCEPT,0.0
LN106278,2025-11,0.0,0.0,0.0,0.0,CURRENT,0.0,0.0,NONE,,AUTO_ACCEPT,0.0
LN103838,2025-11,0.0,0.0,0.0,0.0,CURRENT,0.0,0.0,NONE,,AUTO_ACCEPT,0.0
LN108699,2025-11,0.0,0.0,0.0,0.0,CURRENT,0.0,0.0,NONE,,AUTO_ACCEPT,0.0
LN102121,2025-11,0.0,0.0,0.0,0.0,CURRENT,0.0,0.0,NONE,,AUTO_ACCEPT,0.0
LN102136,2025-11,0.0,0.0,0.0,0.0,CURRENT,0.0,0.0,NONE,,AUTO_ACCEPT,0.0
LN108765,2025-11,0.0,0.0,0.0,0.0,CURRENT,0.0,0.0,NONE,,AUTO_ACCEPT,0.0
LN106236,2025-11,0.0,0.0,0.0,0.0,CURRENT,0.0,0.0,NONE,,AUTO_ACCEPT,0.0
LN108732,2025-11,0.0,0.0,0.0,0.0,CURRENT,0.0,0.0,NONE,,AUTO_ACCEPT,0.0
LN108743,2025-11,0.0,0.0,0.0,0.0,CURRENT,0.0,0.0,NONE,,AUTO_ACCEPT,0.0
LN106217,2025-11,0.0,0.0,0.0,0.0,CURRENT,0.0,0.0,NONE,,AUTO_ACCEPT,0.0
LN102581,2025-11,0.0,0.0,0.0,0.0,CURRENT,0.0,0.0,NONE,,AUTO_ACCEPT,0.0
LN105691,2025-11,0.0,0.0,0.0,0.0,CURRENT,0.0,0.0,NONE,,AUTO_ACCEPT,0.0
LN105579,2025-11,0.0,0.0,0.0,0.0,CURRENT,0.0,0.0,NONE,,AUTO_ACCEPT,0.0
LN102689,2025-11,0.0,0.0,0.0,0.0,CURRENT,0.0,0.0,NONE,,AUTO_ACCEPT,0.0
LN102667,2025-11,0.0,0.0,0.0,0.0,CURRENT,0.0,0.0,NONE,,AUTO_ACCEPT,0.0
LN102697,2025-11,0.0,0.0,0.0,0.0,CURRENT,0.0,0.0,NONE,,AUTO_ACCEPT,0.0
LN108882,2025-11,0.0,0.0,0.0,0.0,CURRENT,0.0,0.0,NONE,,AUTO_ACCEPT,0.0
LN102753,2025-11,0.0,0.0,0.0,0.0,CURRENT,0.0,0.0,NONE,,AUTO_ACCEPT,0.0
LN105800,2025-11,0.0,0.0,0.0,0.0,CURRENT,0.0,0.0,NONE,,AUTO_ACCEPT,0.0
LN105865,2025-11,0.0,0.0,0.0,0.0,CURRENT,0.0,0.0,NONE,,AUTO_ACCEPT,0.0
LN105470,2025-11,0.0,0.0,0.0,0.0,CURRENT,0.0,0.0,NONE,,AUTO_ACCEPT,0.0
LN103910,2025-11,0.0,0.0,0.0,0.0,CURRENT,0.0,0.0,NONE,,AUTO_ACCEPT,0.0
LN103024,2025-11,0.0,0.0,0.0,0.0,CURRENT,0.0,0.0,NONE,,AUTO_ACCEPT,0.0
LN103808,2025-11,0.0,0.0,0.0,0.0,CURRENT,0.0,0.0,NONE,,AUTO_ACCEPT,0.0
LN108579,2025-11,0.0,0.0,0.0,0.0,CURRENT,0.0,0.0,NONE,,AUTO_ACCEPT,0.0
LN106612,2025-11,0.0,0.0,0.0,0.0,CURRENT,0.0,0.0,NONE,,AUTO_ACCEPT,0.0
LN103078,2025-11,0.0,0.0,0.0,0.0,CURRENT,0.0,0.0,NONE,,AUTO_ACCEPT,0.0
LN105132,2025-11,0.0,0.0,0.0,0.0,CURRENT,0.0,0.0,NONE,,AUTO_ACCEPT,0.0
LN103051,2025-11,0.0,0.0,0.0,0.0,CURRENT,0.0,0.0,NONE,,AUTO_ACCEPT,0.0
LN105199,2025-11,0.0,0.0,0.0,0.0,CURRENT,0.0,0.0,NONE,,AUTO_ACCEPT,0.0
LN102053,2025-11,0.0,0.0,0.0,0.0,CURRENT,0.0,0.0,NONE,,AUTO_ACCEPT,0.0
LN102987,2025-11,0.0,0.0,0.0,0.0,CURRENT,0.0,0.0,NONE,,AUTO_ACCEPT,0.0
LN105214,2025-11,0.0,0.0,0.0,0.0,CURRENT,0.0,0.0,NONE,,AUTO_ACCEPT,0.0
LN103939,2025-12,0.0,0.0,0.0,0.0,CURRENT,0.0,0.0,NONE,,AUTO_ACCEPT,0.0
LN108489,2025-12,0.0,0.0,0.0,0.0,CURRENT,0.0,0.0,NONE,,AUTO_ACCEPT,0.0
LN103904,2025-12,0.0,0.0,0.0,0.0,CURRENT,0.0,0.0,NONE,,AUTO_ACCEPT,0.0
LN104188,2025-12,0.0,0.0,0.0,0.0,CURRENT,0.0,0.0,NONE,,AUTO_ACCEPT,0.0
LN108910,2025-12,0.0,0.0,0.0,0.0,CURRENT,0.0,0.0,NONE,,AUTO_ACCEPT,0.0
LN104422,2025-12,0.0,0.0,0.0,0.0,CURRENT,0.0,0.0,NONE,,AUTO_ACCEPT,0.0
LN100074,2025-12,0.0,0.0,0.0,0.0,CURRENT,0.0,0.0,NONE,,AUTO_ACCEPT,0.0
LN103950,2025-12,0.0,0.0,0.0,0.0,CURRENT,0.0,0.0,NONE,,AUTO_ACCEPT,0.0
LN100709,2025-12,0.0,0.0,0.0,0.0,CURRENT,0.0,0.0,NONE,,AUTO_ACCEPT,0.0
LN100399,2025-12,0.0,0.0,0.0,0.0,CURRENT,0.0,0.0,NONE,,AUTO_ACCEPT,0.0
LN108086,2025-12,0.0,0.0,0.0,0.0,CURRENT,0.0,0.0,NONE,,AUTO_ACCEPT,0.0
LN108499,2025-12,0.0,0.0,0.0,0.0,CURRENT,0.0,0.0,NONE,,AUTO_ACCEPT,0.0
LN104377,2025-12,0.0,0.0,0.0,0.0,CURRENT,0.0,0.0,NONE,,AUTO_ACCEPT,0.0
LN100006,2025-12,0.0,0.0,0.0,0.0,CURRENT,0.0,0.0,NONE,,AUTO_ACCEPT,0.0
LN108416,2025-12,0.0,0.0,0.0,0.0,CURRENT,0.0,0.0,NONE,,AUTO_ACCEPT,0.0
LN103982,2025-12,0.0,0.0,0.0,0.0,CURRENT,0.0,0.0,NONE,,AUTO_ACCEPT,0.0
LN108916,2025-12,0.0,0.0,0.0,0.0,CURRENT,0.0,0.0,NONE,,AUTO_ACCEPT,0.0
LN100781,2025-12,0.0,0.0,0.0,0.0,CURRENT,0.0,0.0,NONE,,AUTO_ACCEPT,0.0
LN108097,2025-12,0.0,0.0,0.0,0.0,CURRENT,0.0,0.0,NONE,,AUTO_ACCEPT,0.0
LN108487,2025-12,0.0,0.0,0.0,0.0,CURRENT,0.0,0.0,NONE,,AUTO_ACCEPT,0.0
LN100087,2025-12,0.0,0.0,0.0,0.0,CURRENT,0.0,0.0,NONE,,AUTO_ACCEPT,0.0
LN104177,2025-12,0.0,0.0,0.0,0.0,CURRENT,0.0,0.0,NONE,,AUTO_ACCEPT,0.0
LN100011,2025-12,0.0,0.0,0.0,0.0,CURRENT,0.0,0.0,NONE,,AUTO_ACCEPT,0.0
LN100354,2025-12,0.0,0.0,0.0,0.0,CURRENT,0.0,0.0,NONE,,AUTO_ACCEPT,0.0
LN103948,2025-12,0.0,0.0,0.0,0.0,CURRENT,0.0,0.0,NONE,,AUTO_ACCEPT,0.0
LN104220,2025-12,0.0,0.0,0.0,0.0,CURRENT,0.0,0.0,NONE,,AUTO_ACCEPT,0.0
LN108004,2025-12,0.0,0.0,0.0,0.0,CURRENT,0.0,0.0,NONE,,AUTO_ACCEPT,0.0
LN103725,2025-12,0.0,0.0,0.0,0.0,CURRENT,0.0,0.0,NONE,,AUTO_ACCEPT,0.0
LN103993,2025-12,0.0,0.0,0.0,0.0,CURRENT,0.0,0.0,NONE,,AUTO_ACCEPT,0.0
LN107999,2025-12,0.0,0.0,0.0,0.0,CURRENT,0.0,0.0,NONE,,AUTO_ACCEPT,0.0
LN108557,2025-12,0.0,0.0,0.0,0.0,CURRENT,0.0,0.0,NONE,,AUTO_ACCEPT,0.0
LN108424,2025-12,0.0,0.0,0.0,0.0,CURRENT,0.0,0.0,NONE,,AUTO_ACCEPT,0.0
LN100721,2025-12,0.0,0.0,0.0,0.0,CURRENT,0.0,0.0,NONE,,AUTO_ACCEPT,0.0
LN103573,2025-12,0.0,0.0,0.0,0.0,CURRENT,0.0,0.0,NONE,,AUTO_ACCEPT,0.0
LN100002,2025-12,0.0,0.0,0.0,0.0,CURRENT,0.0,0.0,NONE,,AUTO_ACCEPT,0.0
LN108103,2025-12,0.0,0.0,0.0,0.0,CURRENT,0.0,0.0,NONE,,AUTO_ACCEPT,0.0
LN104181,2025-12,0.0,0.0,0.0,0.0,CURRENT,0.0,0.0,NONE,,AUTO_ACCEPT,0.0
LN108087,2025-12,0.0,0.0,0.0,0.0,CURRENT,0.0,0.0,NONE,,AUTO_ACCEPT,0.0
LN108930,2025-12,0.0,0.0,0.0,0.0,CURRENT,0.0,0.0,NONE,,AUTO_ACCEPT,0.0
LN104382,2025-12,0.0,0.0,0.0,0.0,CURRENT,0.0,0.0,NONE,,AUTO_ACCEPT,0.0
LN108918,2025-12,0.0,0.0,0.0,0.0,CURRENT,0.0,0.0,NONE,,AUTO_ACCEPT,0.0
LN108552,2025-12,0.0,0.0,0.0,0.0,CURRENT,0.0,0.0,NONE,,AUTO_ACCEPT,0.0
LN108491,2025-12,0.0,0.0,0.0,0.0,CURRENT,0.0,0.0,NONE,,AUTO_ACCEPT,0.0
LN100714,2025-12,0.0,0.0,0.0,0.0,CURRENT,0.0,0.0,NONE,,AUTO_ACCEPT,0.0
LN104185,2025-12,0.0,0.0,0.0,0.0,CURRENT,0.0,0.0,NONE,,AUTO_ACCEPT,0.0
LN108013,2025-12,0.0,0.0,0.0,0.0,CURRENT,0.0,0.0,NONE,,AUTO_ACCEPT,0.0
LN104152,2025-12,0.0,0.0,0.0,0.0,CURRENT,0.0,0.0,NONE,,AUTO_ACCEPT,0.0
LN100450,2025-12,0.0,0.0,0.0,0.0,CURRENT,0.0,0.0,NONE,,AUTO_ACCEPT,0.0
LN103912,2025-12,0.0,0.0,0.0,0.0,CURRENT,0.0,0.0,NONE,,AUTO_ACCEPT,0.0
LN103944,2025-12,0.0,0.0,0.0,0.0,CURRENT,0.0,0.0,NONE,,AUTO_ACCEPT,0.0
LN103776,2025-12,0.0,0.0,0.0,0.0,CURRENT,0.0,0.0,NONE,,AUTO_ACCEPT,0.0
LN100723,2025-12,0.0,0.0,0.0,0.0,CURRENT,0.0,0.0,NONE,,AUTO_ACCEPT,0.0
LN108015,2025-12,0.0,0.0,0.0,0.0,CURRENT,0.0,0.0,NONE,,AUTO_ACCEPT,0.0
LN100072,2025-12,0.0,0.0,0.0,0.0,CURRENT,0.0,0.0,NONE,,AUTO_ACCEPT,0.0
LN104155,2025-12,0.0,0.0,0.0,0.0,CURRENT,0.0,0.0,NONE,,AUTO_ACCEPT,0.0
LN103751,2025-12,0.0,0.0,0.0,0.0,CURRENT,0.0,0.0,NONE,,AUTO_ACCEPT,0.0
LN103756,2025-12,0.0,0.0,0.0,0.0,CURRENT,0.0,0.0,NONE,,AUTO_ACCEPT,0.0
LN108495,2025-12,0.0,0.0,0.0,0.0,CURRENT,0.0,0.0,NONE,,AUTO_ACCEPT,0.0
LN100012,2025-12,0.0,0.0,0.0,0.0,CURRENT,0.0,0.0,NONE,,AUTO_ACCEPT,0.0
LN104383,2025-12,0.0,0.0,0.0,0.0,CURRENT,0.0,0.0,NONE,,AUTO_ACCEPT,0.0
LN103994,2025-12,0.0,0.0,0.0,0.0,CURRENT,0.0,0.0,NONE,,AUTO_ACCEPT,0.0
LN103943,2025-12,0.0,0.0,0.0,0.0,CURRENT,0.0,0.0,NONE,,AUTO_ACCEPT,0.0
LN108104,2025-12,0.0,0.0,0.0,0.0,CURRENT,0.0,0.0,NONE,,AUTO_ACCEPT,0.0
LN108415,2025-12,0.0,0.0,0.0,0.0,CURRENT,0.0,0.0,NONE,,AUTO_ACCEPT,0.0
LN108084,2025-12,0.0,0.0,0.0,0.0,CURRENT,0.0,0.0,NONE,,AUTO_ACCEPT,0.0
LN100713,2025-12,0.0,0.0,0.0,0.0,CURRENT,0.0,0.0,NONE,,AUTO_ACCEPT,0.0
LN100402,2025-12,0.0,0.0,0.0,0.0,CURRENT,0.0,0.0,NONE,,AUTO_ACCEPT,0.0
LN103990,2025-12,0.0,0.0,0.0,0.0,CURRENT,0.0,0.0,NONE,,AUTO_ACCEPT,0.0
LN108096,2025-12,0.0,0.0,0.0,0.0,CURRENT,0.0,0.0,NONE,,AUTO_ACCEPT,0.0
LN108558,2025-12,0.0,0.0,0.0,0.0,CURRENT,0.0,0.0,NONE,,AUTO_ACCEPT,0.0
LN103730,2025-12,0.0,0.0,0.0,0.0,CURRENT,0.0,0.0,NONE,,AUTO_ACCEPT,0.0
LN100790,2025-12,0.0,0.0,0.0,0.0,CURRENT,0.0,0.0,NONE,,AUTO_ACCEPT,0.0
LN100343,2025-12,0.0,0.0,0.0,0.0,CURRENT,0.0,0.0,NONE,,AUTO_ACCEPT,0.0
LN103604,2025-12,0.0,0.0,0.0,0.0,CURRENT,0.0,0.0,NONE,,AUTO_ACCEPT,0.0
LN108917,2025-12,0.0,0.0,0.0,0.0,CURRENT,0.0,0.0,NONE,,AUTO_ACCEPT,0.0
LN103613,2025-12,0.0,0.0,0.0,0.0,CURRENT,0.0,0.0,NONE,,AUTO_ACCEPT,0.0
LN108003,2025-12,0.0,0.0,0.0,0.0,CURRENT,0.0,0.0,NONE,,AUTO_ACCEPT,0.0
LN100089,2025-12,0.0,0.0,0.0,0.0,CURRENT,0.0,0.0,NONE,,AUTO_ACCEPT,0.0
LN100462,2025-12,0.0,0.0,0.0,0.0,CURRENT,0.0,0.0,NONE,,AUTO_ACCEPT,0.0
LN100786,2025-12,0.0,0.0,0.0,0.0,CURRENT,0.0,0.0,NONE,,AUTO_ACCEPT,0.0
LN100457,2025-12,0.0,0.0,0.0,0.0,CURRENT,0.0,0.0,NONE,,AUTO_ACCEPT,0.0
LN108566,2025-12,0.0,0.0,0.0,0.0,CURRENT,0.0,0.0,NONE,,AUTO_ACCEPT,0.0
LN108565,2025-12,0.0,0.0,0.0,0.0,CURRENT,0.0,0.0,NONE,,AUTO_ACCEPT,0.0
LN108933,2025-12,0.0,0.0,0.0,0.0,CURRENT,0.0,0.0,NONE,,AUTO_ACCEPT,0.0
LN100398,2025-12,0.0,0.0,0.0,0.0,CURRENT,0.0,0.0,NONE,,AUTO_ACCEPT,0.0
LN104218,2025-12,0.0,0.0,0.0,0.0,CURRENT,0.0,0.0,NONE,,AUTO_ACCEPT,0.0
LN100001,2025-12,0.0,0.0,0.0,0.0,CURRENT,0.0,0.0,NONE,,AUTO_ACCEPT,0.0
LN108928,2025-12,0.0,0.0,0.0,0.0,CURRENT,0.0,0.0,NONE,,AUTO_ACCEPT,0.0
LN100083,2025-12,0.0,0.0,0.0,0.0,CURRENT,0.0,0.0,NONE,,AUTO_ACCEPT,0.0
LN100707,2025-12,0.0,0.0,0.0,0.0,CURRENT,0.0,0.0,NONE,,AUTO_ACCEPT,0.0
LN104376,2025-12,0.0,0.0,0.0,0.0,CURRENT,0.0,0.0,NONE,,AUTO_ACCEPT,0.0
LN108932,2025-12,0.0,0.0,0.0,0.0,CURRENT,0.0,0.0,NONE,,AUTO_ACCEPT,0.0
LN100780,2025-12,0.0,0.0,0.0,0.0,CURRENT,0.0,0.0,NONE,,AUTO_ACCEPT,0.0
LN104183,2025-12,0.0,0.0,0.0,0.0,CURRENT,0.0,0.0,NONE,,AUTO_ACCEPT,0.0
LN103576,2025-12,0.0,0.0,0.0,0.0,CURRENT,0.0,0.0,NONE,,AUTO_ACCEPT,0.0
LN108095,2025-12,0.0,0.0,0.0,0.0,CURRENT,0.0,0.0,NONE,,AUTO_ACCEPT,0.0
LN108014,2025-12,0.0,0.0,0.0,0.0,CURRENT,0.0,0.0,NONE,,AUTO_ACCEPT,0.0
LN104425,2025-12,0.0,0.0,0.0,0.0,CURRENT,0.0,0.0,NONE,,AUTO_ACCEPT,0.0
LN100347,2025-12,0.0,0.0,0.0,0.0,CURRENT,0.0,0.0,NONE,,AUTO_ACCEPT,0.0
LN100414,2025-12,0.0,0.0,0.0,0.0,CURRENT,0.0,0.0,NONE,,AUTO_ACCEPT,0.0
LN100722,2025-12,0.0,0.0,0.0,0.0,CURRENT,0.0,0.0,NONE,,AUTO_ACCEPT,0.0
LN103609,2025-12,0.0,0.0,0.0,0.0,CURRENT,0.0,0.0,NONE,,AUTO_ACCEPT,0.0
LN100073,2025-12,0.0,0.0,0.0,0.0,CURRENT,0.0,0.0,NONE,,AUTO_ACCEPT,0.0
LN108425,2025-12,0.0,0.0,0.0,0.0,CURRENT,0.0,0.0,NONE,,AUTO_ACCEPT,0.0
LN104418,2025-12,0.0,0.0,0.0,0.0,CURRENT,0.0,0.0,NONE,,AUTO_ACCEPT,0.0
LN108482,2025-12,0.0,0.0,0.0,0.0,CURRENT,0.0,0.0,NONE,,AUTO_ACCEPT,0.0
LN107998,2025-12,0.0,0.0,0.0,0.0,CURRENT,0.0,0.0,NONE,,AUTO_ACCEPT,0.0
LN100082,2025-12,0.0,0.0,0.0,0.0,CURRENT,0.0,0.0,NONE,,AUTO_ACCEPT,0.0
LN103980,2025-12,0.0,0.0,0.0,0.0,CURRENT,0.0,0.0,NONE,,AUTO_ACCEPT,0.0
LN108085,2025-12,0.0,0.0,0.0,0.0,CURRENT,0.0,0.0,NONE,,AUTO_ACCEPT,0.0
LN100411,2025-12,0.0,0.0,0.0,0.0,CURRENT,0.0,0.0,NONE,,AUTO_ACCEPT,0.0
LN108550,2025-12,0.0,0.0,0.0,0.0,CURRENT,0.0,0.0,NONE,,AUTO_ACCEPT,0.0
LN108410,2025-12,0.0,0.0,0.0,0.0,CURRENT,0.0,0.0,NONE,,AUTO_ACCEPT,0.0
LN100355,2025-12,0.0,0.0,0.0,0.0,CURRENT,0.0,0.0,NONE,,AUTO_ACCEPT,0.0
LN103752,2025-12,0.0,0.0,0.0,0.0,CURRENT,0.0,0.0,NONE,,AUTO_ACCEPT,0.0
LN104369,2025-12,0.0,0.0,0.0,0.0,CURRENT,0.0,0.0,NONE,,AUTO_ACCEPT,0.0
LN104215,2025-12,0.0,0.0,0.0,0.0,CURRENT,0.0,0.0,NONE,,AUTO_ACCEPT,0.0
LN103779,2025-12,0.0,0.0,0.0,0.0,CURRENT,0.0,0.0,NONE,,AUTO_ACCEPT,0.0
LN108413,2025-12,0.0,0.0,0.0,0.0,CURRENT,0.0,0.0,NONE,,AUTO_ACCEPT,0.0
LN100451,2025-12,0.0,0.0,0.0,0.0,CURRENT,0.0,0.0,NONE,,AUTO_ACCEPT,0.0
LN100458,2025-12,0.0,0.0,0.0,0.0,CURRENT,0.0,0.0,NONE,,AUTO_ACCEPT,0.0
LN100085,2025-12,0.0,0.0,0.0,0.0,CURRENT,0.0,0.0,NONE,,AUTO_ACCEPT,0.0
LN100412,2025-12,0.0,0.0,0.0,0.0,CURRENT,0.0,0.0,NONE,,AUTO_ACCEPT,0.0
LN100717,2025-12,0.0,0.0,0.0,0.0,CURRENT,0.0,0.0,NONE,,AUTO_ACCEPT,0.0
LN108556,2025-12,0.0,0.0,0.0,0.0,CURRENT,0.0,0.0,NONE,,AUTO_ACCEPT,0.0
LN100788,2025-12,0.0,0.0,0.0,0.0,CURRENT,0.0,0.0,NONE,,AUTO_ACCEPT,0.0
LN104420,2025-12,0.0,0.0,0.0,0.0,CURRENT,0.0,0.0,NONE,,AUTO_ACCEPT,0.0
LN108417,2025-12,0.0,0.0,0.0,0.0,CURRENT,0.0,0.0,NONE,,AUTO_ACCEPT,0.0
LN104186,2025-12,0.0,0.0,0.0,0.0,CURRENT,0.0,0.0,NONE,,AUTO_ACCEPT,0.0
LN108488,2025-12,0.0,0.0,0.0,0.0,CURRENT,0.0,0.0,NONE,,AUTO_ACCEPT,0.0
LN100783,2025-12,0.0,0.0,0.0,0.0,CURRENT,0.0,0.0,NONE,,AUTO_ACCEPT,0.0
LN100078,2025-12,0.0,0.0,0.0,0.0,CURRENT,0.0,0.0,NONE,,AUTO_ACCEPT,0.0
LN108560,2025-12,0.0,0.0,0.0,0.0,CURRENT,0.0,0.0,NONE,,AUTO_ACCEPT,0.0
LN103906,2025-12,0.0,0.0,0.0,0.0,CURRENT,0.0,0.0,NONE,,AUTO_ACCEPT,0.0
LN100080,2025-12,0.0,0.0,0.0,0.0,CURRENT,0.0,0.0,NONE,,AUTO_ACCEPT,0.0
LN108924,2025-12,0.0,0.0,0.0,0.0,CURRENT,0.0,0.0,NONE,,AUTO_ACCEPT,0.0
LN104380,2025-12,0.0,0.0,0.0,0.0,CURRENT,0.0,0.0,NONE,,AUTO_ACCEPT,0.0
LN103574,2025-12,0.0,0.0,0.0,0.0,CURRENT,0.0,0.0,NONE,,AUTO_ACCEPT,0.0
LN108420,2025-12,0.0,0.0,0.0,0.0,CURRENT,0.0,0.0,NONE,,AUTO_ACCEPT,0.0
LN100004,2025-12,0.0,0.0,0.0,0.0,CURRENT,0.0,0.0,NONE,,AUTO_ACCEPT,0.0
LN108554,2025-12,0.0,0.0,0.0,0.0,CURRENT,0.0,0.0,NONE,,AUTO_ACCEPT,0.0
LN100410,2025-12,0.0,0.0,0.0,0.0,CURRENT,0.0,0.0,NONE,,AUTO_ACCEPT,0.0
LN108915,2025-12,0.0,0.0,0.0,0.0,CURRENT,0.0,0.0,NONE,,AUTO_ACCEPT,0.0
LN104180,2025-12,0.0,0.0,0.0,0.0,CURRENT,0.0,0.0,NONE,,AUTO_ACCEPT,0.0
LN103988,2025-12,0.0,0.0,0.0,0.0,CURRENT,0.0,0.0,NONE,,AUTO_ACCEPT,0.0
LN108913,2025-12,0.0,0.0,0.0,0.0,CURRENT,0.0,0.0,NONE,,AUTO_ACCEPT,0.0
LN100345,2025-12,0.0,0.0,0.0,0.0,CURRENT,0.0,0.0,NONE,,AUTO_ACCEPT,0.0
LN108090,2025-12,0.0,0.0,0.0,0.0,CURRENT,0.0,0.0,NONE,,AUTO_ACCEPT,0.0
LN108010,2025-12,0.0,0.0,0.0,0.0,CURRENT,0.0,0.0,NONE,,AUTO_ACCEPT,0.0
LN103949,2025-12,0.0,0.0,0.0,0.0,CURRENT,0.0,0.0,NONE,,AUTO_ACCEPT,0.0
LN104178,2025-12,0.0,0.0,0.0,0.0,CURRENT,0.0,0.0,NONE,,AUTO_ACCEPT,0.0
LN103607,2025-12,0.0,0.0,0.0,0.0,CURRENT,0.0,0.0,NONE,,AUTO_ACCEPT,0.0
LN108093,2025-12,0.0,0.0,0.0,0.0,CURRENT,0.0,0.0,NONE,,AUTO_ACCEPT,0.0
LN100346,2025-12,0.0,0.0,0.0,0.0,CURRENT,0.0,0.0,NONE,,AUTO_ACCEPT,0.0
LN108099,2025-12,0.0,0.0,0.0,0.0,CURRENT,0.0,0.0,NONE,,AUTO_ACCEPT,0.0
LN100009,2025-12,0.0,0.0,0.0,0.0,CURRENT,0.0,0.0,NONE,,AUTO_ACCEPT,0.0
LN100007,2025-12,0.0,0.0,0.0,0.0,CURRENT,0.0,0.0,NONE,,AUTO_ACCEPT,0.0
LN108009,2025-12,0.0,0.0,0.0,0.0,CURRENT,0.0,0.0,NONE,,AUTO_ACCEPT,0.0
LN100711,2025-12,0.0,0.0,0.0,0.0,CURRENT,0.0,0.0,NONE,,AUTO_ACCEPT,0.0
LN104151,2025-12,0.0,0.0,0.0,0.0,CURRENT,0.0,0.0,NONE,,AUTO_ACCEPT,0.0
LN108922,2025-12,0.0,0.0,0.0,0.0,CURRENT,0.0,0.0,NONE,,AUTO_ACCEPT,0.0
LN100079,2025-12,0.0,0.0,0.0,0.0,CURRENT,0.0,0.0,NONE,,AUTO_ACCEPT,0.0
LN100455,2025-12,0.0,0.0,0.0,0.0,CURRENT,0.0,0.0,NONE,,AUTO_ACCEPT,0.0
LN104153,2025-12,0.0,0.0,0.0,0.0,CURRENT,0.0,0.0,NONE,,AUTO_ACCEPT,0.0
LN103611,2025-12,0.0,0.0,0.0,0.0,CURRENT,0.0,0.0,NONE,,AUTO_ACCEPT,0.0
LN108092,2025-12,0.0,0.0,0.0,0.0,CURRENT,0.0,0.0,NONE,,AUTO_ACCEPT,0.0
LN104373,2025-12,0.0,0.0,0.0,0.0,CURRENT,0.0,0.0,NONE,,AUTO_ACCEPT,0.0
LN104217,2025-12,0.0,0.0,0.0,0.0,CURRENT,0.0,0.0,NONE,,AUTO_ACCEPT,0.0
LN100716,2025-12,0.0,0.0,0.0,0.0,CURRENT,0.0,0.0,NONE,,AUTO_ACCEPT,0.0
LN103753,2025-12,0.0,0.0,0.0,0.0,CURRENT,0.0,0.0,NONE,,AUTO_ACCEPT,0.0
LN103754,2025-12,0.0,0.0,0.0,0.0,CURRENT,0.0,0.0,NONE,,AUTO_ACCEPT,0.0
LN108923,2025-12,0.0,0.0,0.0,0.0,CURRENT,0.0,0.0,NONE,,AUTO_ACCEPT,0.0
LN103608,2025-12,0.0,0.0,0.0,0.0,CURRENT,0.0,0.0,NONE,,AUTO_ACCEPT,0.0
LN108418,2025-12,0.0,0.0,0.0,0.0,CURRENT,0.0,0.0,NONE,,AUTO_ACCEPT,0.0
LN103987,2025-12,0.0,0.0,0.0,0.0,CURRENT,0.0,0.0,NONE,,AUTO_ACCEPT,0.0
LN104219,2025-12,0.0,0.0,0.0,0.0,CURRENT,0.0,0.0,NONE,,AUTO_ACCEPT,0.0
LN108098,2025-12,0.0,0.0,0.0,0.0,CURRENT,0.0,0.0,NONE,,AUTO_ACCEPT,0.0
LN100084,2025-12,0.0,0.0,0.0,0.0,CURRENT,0.0,0.0,NONE,,AUTO_ACCEPT,0.0
LN108091,2025-12,0.0,0.0,0.0,0.0,CURRENT,0.0,0.0,NONE,,AUTO_ACCEPT,0.0
LN108497,2025-12,0.0,0.0,0.0,0.0,CURRENT,0.0,0.0,NONE,,AUTO_ACCEPT,0.0
LN100787,2025-12,0.0,0.0,0.0,0.0,CURRENT,0.0,0.0,NONE,,AUTO_ACCEPT,0.0
LN108555,2025-12,0.0,0.0,0.0,0.0,CURRENT,0.0,0.0,NONE,,AUTO_ACCEPT,0.0
LN108493,2025-12,0.0,0.0,0.0,0.0,CURRENT,0.0,0.0,NONE,,AUTO_ACCEPT,0.0
LN104421,2025-12,0.0,0.0,0.0,0.0,CURRENT,0.0,0.0,NONE,,AUTO_ACCEPT,0.0
LN103728,2025-12,0.0,0.0,0.0,0.0,CURRENT,0.0,0.0,NONE,,AUTO_ACCEPT,0.0
LN100350,2025-12,0.0,0.0,0.0,0.0,CURRENT,0.0,0.0,NONE,,AUTO_ACCEPT,0.0
LN108485,2025-12,0.0,0.0,0.0,0.0,CURRENT,0.0,0.0,NONE,,AUTO_ACCEPT,0.0
LN108914,2025-12,0.0,0.0,0.0,0.0,CURRENT,0.0,0.0,NONE,,AUTO_ACCEPT,0.0
LN104423,2025-12,0.0,0.0,0.0,0.0,CURRENT,0.0,0.0,NONE,,AUTO_ACCEPT,0.0
LN108483,2025-12,0.0,0.0,0.0,0.0,CURRENT,0.0,0.0,NONE,,AUTO_ACCEPT,0.0
LN103940,2025-12,0.0,0.0,0.0,0.0,CURRENT,0.0,0.0,NONE,,AUTO_ACCEPT,0.0
LN108412,2025-12,0.0,0.0,0.0,0.0,CURRENT,0.0,0.0,NONE,,AUTO_ACCEPT,0.0
LN100075,2025-12,0.0,0.0,0.0,0.0,CURRENT,0.0,0.0,NONE,,AUTO_ACCEPT,0.0
LN108927,2025-12,0.0,0.0,0.0,0.0,CURRENT,0.0,0.0,NONE,,AUTO_ACCEPT,0.0
LN108421,2025-12,0.0,0.0,0.0,0.0,CURRENT,0.0,0.0,NONE,,AUTO_ACCEPT,0.0
LN100413,2025-12,0.0,0.0,0.0,0.0,CURRENT,0.0,0.0,NONE,,AUTO_ACCEPT,0.0
LN104371,2025-12,0.0,0.0,0.0,0.0,CURRENT,0.0,0.0,NONE,,AUTO_ACCEPT,0.0
LN103946,2025-12,0.0,0.0,0.0,0.0,CURRENT,0.0,0.0,NONE,,AUTO_ACCEPT,0.0
LN103572,2025-12,0.0,0.0,0.0,0.0,CURRENT,0.0,0.0,NONE,,AUTO_ACCEPT,0.0
LN103612,2025-12,0.0,0.0,0.0,0.0,CURRENT,0.0,0.0,NONE,,AUTO_ACCEPT,0.0
LN100456,2025-12,0.0,0.0,0.0,0.0,CURRENT,0.0,0.0,NONE,,AUTO_ACCEPT,0.0
LN104381,2025-12,0.0,0.0,0.0,0.0,CURRENT,0.0,0.0,NONE,,AUTO_ACCEPT,0.0
LN104154,2025-12,0.0,0.0,0.0,0.0,CURRENT,0.0,0.0,NONE,,AUTO_ACCEPT,0.0
LN108919,2025-12,0.0,0.0,0.0,0.0,CURRENT,0.0,0.0,NONE,,AUTO_ACCEPT,0.0
LN100010,2025-12,0.0,0.0,0.0,0.0,CURRENT,0.0,0.0,NONE,,AUTO_ACCEPT,0.0
LN103778,2025-12,0.0,0.0,0.0,0.0,CURRENT,0.0,0.0,NONE,,AUTO_ACCEPT,0.0
LN104419,2025-12,0.0,0.0,0.0,0.0,CURRENT,0.0,0.0,NONE,,AUTO_ACCEPT,0.0
LN100720,2025-12,0.0,0.0,0.0,0.0,CURRENT,0.0,0.0,NONE,,AUTO_ACCEPT,0.0
LN103781,2025-12,0.0,0.0,0.0,0.0,CURRENT,0.0,0.0,NONE,,AUTO_ACCEPT,0.0
LN103777,2025-12,0.0,0.0,0.0,0.0,CURRENT,0.0,0.0,NONE,,AUTO_ACCEPT,0.0
LN100789,2025-12,0.0,0.0,0.0,0.0,CURRENT,0.0,0.0,NONE,,AUTO_ACCEPT,0.0
LN104150,2025-12,0.0,0.0,0.0,0.0,CURRENT,0.0,0.0,NONE,,AUTO_ACCEPT,0.0
LN108498,2025-12,0.0,0.0,0.0,0.0,CURRENT,0.0,0.0,NONE,,AUTO_ACCEPT,0.0
LN103907,2025-12,0.0,0.0,0.0,0.0,CURRENT,0.0,0.0,NONE,,AUTO_ACCEPT,0.0
LN108411,2025-12,0.0,0.0,0.0,0.0,CURRENT,0.0,0.0,NONE,,AUTO_ACCEPT,0.0
LN103727,2025-12,0.0,0.0,0.0,0.0,CURRENT,0.0,0.0,NONE,,AUTO_ACCEPT,0.0
LN108094,2025-12,0.0,0.0,0.0,0.0,CURRENT,0.0,0.0,NONE,,AUTO_ACCEPT,0.0
LN108912,2025-12,0.0,0.0,0.0,0.0,CURRENT,0.0,0.0,NONE,,AUTO_ACCEPT,0.0
LN103606,2025-12,0.0,0.0,0.0,0.0,CURRENT,0.0,0.0,NONE,,AUTO_ACCEPT,0.0
LN100401,2025-12,0.0,0.0,0.0,0.0,CURRENT,0.0,0.0,NONE,,AUTO_ACCEPT,0.0
LN100405,2025-12,0.0,0.0,0.0,0.0,CURRENT,0.0,0.0,NONE,,AUTO_ACCEPT,0.0
LN100081,2025-12,0.0,0.0,0.0,0.0,CURRENT,0.0,0.0,NONE,,AUTO_ACCEPT,0.0
LN100344,2025-12,0.0,0.0,0.0,0.0,CURRENT,0.0,0.0,NONE,,AUTO_ACCEPT,0.0
LN108101,2025-12,0.0,0.0,0.0,0.0,CURRENT,0.0,0.0,NONE,,AUTO_ACCEPT,0.0
LN108553,2025-12,0.0,0.0,0.0,0.0,CURRENT,0.0,0.0,NONE,,AUTO_ACCEPT,0.0
LN108088,2025-12,0.0,0.0,0.0,0.0,CURRENT,0.0,0.0,NONE,,AUTO_ACCEPT,0.0
LN103911,2025-12,0.0,0.0,0.0,0.0,CURRENT,0.0,0.0,NONE,,AUTO_ACCEPT,0.0
LN103909,2025-12,0.0,0.0,0.0,0.0,CURRENT,0.0,0.0,NONE,,AUTO_ACCEPT,0.0
LN100785,2025-12,0.0,0.0,0.0,0.0,CURRENT,0.0,0.0,NONE,,AUTO_ACCEPT,0.0
LN108934,2025-12,0.0,0.0,0.0,0.0,CURRENT,0.0,0.0,NONE,,AUTO_ACCEPT,0.0
LN108100,2025-12,0.0,0.0,0.0,0.0,CURRENT,0.0,0.0,NONE,,AUTO_ACCEPT,0.0
LN103947,2025-12,0.0,0.0,0.0,0.0,CURRENT,0.0,0.0,NONE,,AUTO_ACCEPT,0.0
LN108002,2025-12,0.0,0.0,0.0,0.0,CURRENT,0.0,0.0,NONE,,AUTO_ACCEPT,0.0
LN100712,2025-12,0.0,0.0,0.0,0.0,CURRENT,0.0,0.0,NONE,,AUTO_ACCEPT,0.0
LN103942,2025-12,0.0,0.0,0.0,0.0,CURRENT,0.0,0.0,NONE,,AUTO_ACCEPT,0.0
LN100719,2025-12,0.0,0.0,0.0,0.0,CURRENT,0.0,0.0,NONE,,AUTO_ACCEPT,0.0
LN103905,2025-12,0.0,0.0,0.0,0.0,CURRENT,0.0,0.0,NONE,,AUTO_ACCEPT,0.0
LN108926,2025-12,0.0,0.0,0.0,0.0,CURRENT,0.0,0.0,NONE,,AUTO_ACCEPT,0.0
LN100715,2025-12,0.0,0.0,0.0,0.0,CURRENT,0.0,0.0,NONE,,AUTO_ACCEPT,0.0
LN103992,2025-12,0.0,0.0,0.0,0.0,CURRENT,0.0,0.0,NONE,,AUTO_ACCEPT,0.0
LN100454,2025-12,0.0,0.0,0.0,0.0,CURRENT,0.0,0.0,NONE,,AUTO_ACCEPT,0.0
LN108000,2025-12,0.0,0.0,0.0,0.0,CURRENT,0.0,0.0,NONE,,AUTO_ACCEPT,0.0
LN100404,2025-12,0.0,0.0,0.0,0.0,CURRENT,0.0,0.0,NONE,,AUTO_ACCEPT,0.0
LN100005,2025-12,0.0,0.0,0.0,0.0,CURRENT,0.0,0.0,NONE,,AUTO_ACCEPT,0.0
LN100782,2025-12,0.0,0.0,0.0,0.0,CURRENT,0.0,0.0,NONE,,AUTO_ACCEPT,0.0
LN100349,2025-12,0.0,0.0,0.0,0.0,CURRENT,0.0,0.0,NONE,,AUTO_ACCEPT,0.0
LN100076,2025-12,0.0,0.0,0.0,0.0,CURRENT,0.0,0.0,NONE,,AUTO_ACCEPT,0.0
LN100086,2025-12,0.0,0.0,0.0,0.0,CURRENT,0.0,0.0,NONE,,AUTO_ACCEPT,0.0
LN100408,2025-12,0.0,0.0,0.0,0.0,CURRENT,0.0,0.0,NONE,,AUTO_ACCEPT,0.0
LN108486,2025-12,0.0,0.0,0.0,0.0,CURRENT,0.0,0.0,NONE,,AUTO_ACCEPT,0.0
LN103985,2025-12,0.0,0.0,0.0,0.0,CURRENT,0.0,0.0,NONE,,AUTO_ACCEPT,0.0
LN103729,2025-12,0.0,0.0,0.0,0.0,CURRENT,0.0,0.0,NONE,,AUTO_ACCEPT,0.0
LN108562,2025-12,0.0,0.0,0.0,0.0,CURRENT,0.0,0.0,NONE,,AUTO_ACCEPT,0.0
LN108559,2025-12,0.0,0.0,0.0,0.0,CURRENT,0.0,0.0,NONE,,AUTO_ACCEPT,0.0
LN104216,2025-12,0.0,0.0,0.0,0.0,CURRENT,0.0,0.0,NONE,,AUTO_ACCEPT,0.0
LN103750,2025-12,0.0,0.0,0.0,0.0,CURRENT,0.0,0.0,NONE,,AUTO_ACCEPT,0.0
LN108089,2025-12,0.0,0.0,0.0,0.0,CURRENT,0.0,0.0,NONE,,AUTO_ACCEPT,0.0
LN100352,2025-12,0.0,0.0,0.0,0.0,CURRENT,0.0,0.0,NONE,,AUTO_ACCEPT,0.0
LN103941,2025-12,0.0,0.0,0.0,0.0,CURRENT,0.0,0.0,NONE,,AUTO_ACCEPT,0.0
LN103991,2025-12,0.0,0.0,0.0,0.0,CURRENT,0.0,0.0,NONE,,AUTO_ACCEPT,0.0
LN100459,2025-12,0.0,0.0,0.0,0.0,CURRENT,0.0,0.0,NONE,,AUTO_ACCEPT,0.0
LN108496,2025-12,0.0,0.0,0.0,0.0,CURRENT,0.0,0.0,NONE,,AUTO_ACCEPT,0.0
LN103575,2025-12,0.0,0.0,0.0,0.0,CURRENT,0.0,0.0,NONE,,AUTO_ACCEPT,0.0
LN100710,2025-12,0.0,0.0,0.0,0.0,CURRENT,0.0,0.0,NONE,,AUTO_ACCEPT,0.0
LN100088,2025-12,0.0,0.0,0.0,0.0,CURRENT,0.0,0.0,NONE,,AUTO_ACCEPT,0.0
LN104406,2025-12,0.0,0.0,0.0,0.0,CURRENT,0.0,0.0,NONE,,AUTO_ACCEPT,0.0
LN108549,2025-12,0.0,0.0,0.0,0.0,CURRENT,0.0,0.0,NONE,,AUTO_ACCEPT,0.0
LN104163,2025-12,0.0,0.0,0.0,0.0,CURRENT,0.0,0.0,NONE,,AUTO_ACCEPT,0.0
LN108055,2025-12,0.0,0.0,0.0,0.0,CURRENT,0.0,0.0,NONE,,AUTO_ACCEPT,0.0
LN100748,2025-12,0.0,0.0,0.0,0.0,CURRENT,0.0,0.0,NONE,,AUTO_ACCEPT,0.0
LN103761,2025-12,0.0,0.0,0.0,0.0,CURRENT,0.0,0.0,NONE,,AUTO_ACCEPT,0.0
LN108994,2025-12,0.0,0.0,0.0,0.0,CURRENT,0.0,0.0,NONE,,AUTO_ACCEPT,0.0
LN104203,2025-12,0.0,0.0,0.0,0.0,CURRENT,0.0,0.0,NONE,,AUTO_ACCEPT,0.0
LN100047,2025-12,0.0,0.0,0.0,0.0,CURRENT,0.0,0.0,NONE,,AUTO_ACCEPT,0.0
LN100029,2025-12,0.0,0.0,0.0,0.0,CURRENT,0.0,0.0,NONE,,AUTO_ACCEPT,0.0
LN108034,2025-12,0.0,0.0,0.0,0.0,CURRENT,0.0,0.0,NONE,,AUTO_ACCEPT,0.0
LN108528,2025-12,0.0,0.0,0.0,0.0,CURRENT,0.0,0.0,NONE,,AUTO_ACCEPT,0.0
LN100373,2025-12,0.0,0.0,0.0,0.0,CURRENT,0.0,0.0,NONE,,AUTO_ACCEPT,0.0
LN103744,2025-12,0.0,0.0,0.0,0.0,CURRENT,0.0,0.0,NONE,,AUTO_ACCEPT,0.0
LN100434,2025-12,0.0,0.0,0.0,0.0,CURRENT,0.0,0.0,NONE,,AUTO_ACCEPT,0.0
LN108970,2025-12,0.0,0.0,0.0,0.0,CURRENT,0.0,0.0,NONE,,AUTO_ACCEPT,0.0
LN104194,2025-12,0.0,0.0,0.0,0.0,CURRENT,0.0,0.0,NONE,,AUTO_ACCEPT,0.0
LN108056,2025-12,0.0,0.0,0.0,0.0,CURRENT,0.0,0.0,NONE,,AUTO_ACCEPT,0.0
LN103967,2025-12,0.0,0.0,0.0,0.0,CURRENT,0.0,0.0,NONE,,AUTO_ACCEPT,0.0
LN100746,2025-12,0.0,0.0,0.0,0.0,CURRENT,0.0,0.0,NONE,,AUTO_ACCEPT,0.0
LN100048,2025-12,0.0,0.0,0.0,0.0,CURRENT,0.0,0.0,NONE,,AUTO_ACCEPT,0.0
LN108450,2025-12,0.0,0.0,0.0,0.0,CURRENT,0.0,0.0,NONE,,AUTO_ACCEPT,0.0
LN108995,2025-12,0.0,0.0,0.0,0.0,CURRENT,0.0,0.0,NONE,,AUTO_ACCEPT,0.0
LN100388,2025-12,0.0,0.0,0.0,0.0,CURRENT,0.0,0.0,NONE,,AUTO_ACCEPT,0.0
LN108969,2025-12,0.0,0.0,0.0,0.0,CURRENT,0.0,0.0,NONE,,AUTO_ACCEPT,0.0
LN100764,2025-12,0.0,0.0,0.0,0.0,CURRENT,0.0,0.0,NONE,,AUTO_ACCEPT,0.0
LN103736,2025-12,0.0,0.0,0.0,0.0,CURRENT,0.0,0.0,NONE,,AUTO_ACCEPT,0.0
LN108971,2025-12,0.0,0.0,0.0,0.0,CURRENT,0.0,0.0,NONE,,AUTO_ACCEPT,0.0
LN100763,2025-12,0.0,0.0,0.0,0.0,CURRENT,0.0,0.0,NONE,,AUTO_ACCEPT,0.0
LN108467,2025-12,0.0,0.0,0.0,0.0,CURRENT,0.0,0.0,NONE,,AUTO_ACCEPT,0.0
LN108451,2025-12,0.0,0.0,0.0,0.0,CURRENT,0.0,0.0,NONE,,AUTO_ACCEPT,0.0
LN103738,2025-12,0.0,0.0,0.0,0.0,CURRENT,0.0,0.0,NONE,,AUTO_ACCEPT,0.0
LN100031,2025-12,0.0,0.0,0.0,0.0,CURRENT,0.0,0.0,NONE,,AUTO_ACCEPT,0.0
LN108975,2025-12,0.0,0.0,0.0,0.0,CURRENT,0.0,0.0,NONE,,AUTO_ACCEPT,0.0
LN104164,2025-12,0.0,0.0,0.0,0.0,CURRENT,0.0,0.0,NONE,,AUTO_ACCEPT,0.0
LN108053,2025-12,0.0,0.0,0.0,0.0,CURRENT,0.0,0.0,NONE,,AUTO_ACCEPT,0.0
LN108453,2025-12,0.0,0.0,0.0,0.0,CURRENT,0.0,0.0,NONE,,AUTO_ACCEPT,0.0
LN103583,2025-12,0.0,0.0,0.0,0.0,CURRENT,0.0,0.0,NONE,,AUTO_ACCEPT,0.0
LN103932,2025-12,0.0,0.0,0.0,0.0,CURRENT,0.0,0.0,NONE,,AUTO_ACCEPT,0.0
LN100374,2025-12,0.0,0.0,0.0,0.0,CURRENT,0.0,0.0,NONE,,AUTO_ACCEPT,0.0
LN108993,2025-12,0.0,0.0,0.0,0.0,CURRENT,0.0,0.0,NONE,,AUTO_ACCEPT,0.0
LN100749,2025-12,0.0,0.0,0.0,0.0,CURRENT,0.0,0.0,NONE,,AUTO_ACCEPT,0.0
LN100046,2025-12,0.0,0.0,0.0,0.0,CURRENT,0.0,0.0,NONE,,AUTO_ACCEPT,0.0
LN108529,2025-12,0.0,0.0,0.0,0.0,CURRENT,0.0,0.0,NONE,,AUTO_ACCEPT,0.0
LN100424,2025-12,0.0,0.0,0.0,0.0,CURRENT,0.0,0.0,NONE,,AUTO_ACCEPT,0.0
LN108514,2025-12,0.0,0.0,0.0,0.0,CURRENT,0.0,0.0,NONE,,AUTO_ACCEPT,0.0
LN103958,2025-12,0.0,0.0,0.0,0.0,CURRENT,0.0,0.0,NONE,,AUTO_ACCEPT,0.0
LN108527,2025-12,0.0,0.0,0.0,0.0,CURRENT,0.0,0.0,NONE,,AUTO_ACCEPT,0.0
LN108054,2025-12,0.0,0.0,0.0,0.0,CURRENT,0.0,0.0,NONE,,AUTO_ACCEPT,0.0
LN100433,2025-12,0.0,0.0,0.0,0.0,CURRENT,0.0,0.0,NONE,,AUTO_ACCEPT,0.0
LN103966,2025-12,0.0,0.0,0.0,0.0,CURRENT,0.0,0.0,NONE,,AUTO_ACCEPT,0.0
LN108035,2025-12,0.0,0.0,0.0,0.0,CURRENT,0.0,0.0,NONE,,AUTO_ACCEPT,0.0
LN103925,2025-12,0.0,0.0,0.0,0.0,CURRENT,0.0,0.0,NONE,,AUTO_ACCEPT,0.0
LN103593,2025-12,0.0,0.0,0.0,0.0,CURRENT,0.0,0.0,NONE,,AUTO_ACCEPT,0.0
LN104409,2025-12,0.0,0.0,0.0,0.0,CURRENT,0.0,0.0,NONE,,AUTO_ACCEPT,0.0
LN104169,2025-12,0.0,0.0,0.0,0.0,CURRENT,0.0,0.0,NONE,,AUTO_ACCEPT,0.0
LN104399,2025-12,0.0,0.0,0.0,0.0,CURRENT,0.0,0.0,NONE,,AUTO_ACCEPT,0.0
LN100387,2025-12,0.0,0.0,0.0,0.0,CURRENT,0.0,0.0,NONE,,AUTO_ACCEPT,0.0
LN104400,2025-12,0.0,0.0,0.0,0.0,CURRENT,0.0,0.0,NONE,,AUTO_ACCEPT,0.0
LN103924,2025-12,0.0,0.0,0.0,0.0,CURRENT,0.0,0.0,NONE,,AUTO_ACCEPT,0.0
LN108057,2025-12,0.0,0.0,0.0,0.0,CURRENT,0.0,0.0,NONE,,AUTO_ACCEPT,0.0
LN108445,2025-12,0.0,0.0,0.0,0.0,CURRENT,0.0,0.0,NONE,,AUTO_ACCEPT,0.0
LN100369,2025-12,0.0,0.0,0.0,0.0,CURRENT,0.0,0.0,NONE,,AUTO_ACCEPT,0.0
LN108471,2025-12,0.0,0.0,0.0,0.0,CURRENT,0.0,0.0,NONE,,AUTO_ACCEPT,0.0
LN108060,2025-12,0.0,0.0,0.0,0.0,CURRENT,0.0,0.0,NONE,,AUTO_ACCEPT,0.0
LN100744,2025-12,0.0,0.0,0.0,0.0,CURRENT,0.0,0.0,NONE,,AUTO_ACCEPT,0.0
LN108997,2025-12,0.0,0.0,0.0,0.0,CURRENT,0.0,0.0,NONE,,AUTO_ACCEPT,0.0
LN100766,2025-12,0.0,0.0,0.0,0.0,CURRENT,0.0,0.0,NONE,,AUTO_ACCEPT,0.0
LN108964,2025-12,0.0,0.0,0.0,0.0,CURRENT,0.0,0.0,NONE,,AUTO_ACCEPT,0.0
LN108511,2025-12,0.0,0.0,0.0,0.0,CURRENT,0.0,0.0,NONE,,AUTO_ACCEPT,0.0
LN103969,2025-12,0.0,0.0,0.0,0.0,CURRENT,0.0,0.0,NONE,,AUTO_ACCEPT,0.0
LN104193,2025-12,0.0,0.0,0.0,0.0,CURRENT,0.0,0.0,NONE,,AUTO_ACCEPT,0.0
LN108533,2025-12,0.0,0.0,0.0,0.0,CURRENT,0.0,0.0,NONE,,AUTO_ACCEPT,0.0
LN108028,2025-12,0.0,0.0,0.0,0.0,CURRENT,0.0,0.0,NONE,,AUTO_ACCEPT,0.0
LN100051,2025-12,0.0,0.0,0.0,0.0,CURRENT,0.0,0.0,NONE,,AUTO_ACCEPT,0.0
LN103956,2025-12,0.0,0.0,0.0,0.0,CURRENT,0.0,0.0,NONE,,AUTO_ACCEPT,0.0
LN108061,2025-12,0.0,0.0,0.0,0.0,CURRENT,0.0,0.0,NONE,,AUTO_ACCEPT,0.0
LN103923,2025-12,0.0,0.0,0.0,0.0,CURRENT,0.0,0.0,NONE,,AUTO_ACCEPT,0.0
LN100436,2025-12,0.0,0.0,0.0,0.0,CURRENT,0.0,0.0,NONE,,AUTO_ACCEPT,0.0
LN100742,2025-12,0.0,0.0,0.0,0.0,CURRENT,0.0,0.0,NONE,,AUTO_ACCEPT,0.0
LN108963,2025-12,0.0,0.0,0.0,0.0,CURRENT,0.0,0.0,NONE,,AUTO_ACCEPT,0.0
LN100421,2025-12,0.0,0.0,0.0,0.0,CURRENT,0.0,0.0,NONE,,AUTO_ACCEPT,0.0
LN103759,2025-12,0.0,0.0,0.0,0.0,CURRENT,0.0,0.0,NONE,,AUTO_ACCEPT,0.0
LN103769,2025-12,0.0,0.0,0.0,0.0,CURRENT,0.0,0.0,NONE,,AUTO_ACCEPT,0.0
LN103595,2025-12,0.0,0.0,0.0,0.0,CURRENT,0.0,0.0,NONE,,AUTO_ACCEPT,0.0
LN104411,2025-12,0.0,0.0,0.0,0.0,CURRENT,0.0,0.0,NONE,,AUTO_ACCEPT,0.0
LN100050,2025-12,0.0,0.0,0.0,0.0,CURRENT,0.0,0.0,NONE,,AUTO_ACCEPT,0.0
LN100389,2025-12,0.0,0.0,0.0,0.0,CURRENT,0.0,0.0,NONE,,AUTO_ACCEPT,0.0
LN104162,2025-12,0.0,0.0,0.0,0.0,CURRENT,0.0,0.0,NONE,,AUTO_ACCEPT,0.0
LN104397,2025-12,0.0,0.0,0.0,0.0,CURRENT,0.0,0.0,NONE,,AUTO_ACCEPT,0.0
LN100028,2025-12,0.0,0.0,0.0,0.0,CURRENT,0.0,0.0,NONE,,AUTO_ACCEPT,0.0
LN104398,2025-12,0.0,0.0,0.0,0.0,CURRENT,0.0,0.0,NONE,,AUTO_ACCEPT,0.0
LN103766,2025-12,0.0,0.0,0.0,0.0,CURRENT,0.0,0.0,NONE,,AUTO_ACCEPT,0.0
LN108032,2025-12,0.0,0.0,0.0,0.0,CURRENT,0.0,0.0,NONE,,AUTO_ACCEPT,0.0
LN108468,2025-12,0.0,0.0,0.0,0.0,CURRENT,0.0,0.0,NONE,,AUTO_ACCEPT,0.0
LN103957,2025-12,0.0,0.0,0.0,0.0,CURRENT,0.0,0.0,NONE,,AUTO_ACCEPT,0.0
LN100049,2025-12,0.0,0.0,0.0,0.0,CURRENT,0.0,0.0,NONE,,AUTO_ACCEPT,0.0
LN108967,2025-12,0.0,0.0,0.0,0.0,CURRENT,0.0,0.0,NONE,,AUTO_ACCEPT,0.0
LN100372,2025-12,0.0,0.0,0.0,0.0,CURRENT,0.0,0.0,NONE,,AUTO_ACCEPT,0.0
LN100423,2025-12,0.0,0.0,0.0,0.0,CURRENT,0.0,0.0,NONE,,AUTO_ACCEPT,0.0
LN100745,2025-12,0.0,0.0,0.0,0.0,CURRENT,0.0,0.0,NONE,,AUTO_ACCEPT,0.0
LN108448,2025-12,0.0,0.0,0.0,0.0,CURRENT,0.0,0.0,NONE,,AUTO_ACCEPT,0.0
LN103933,2025-12,0.0,0.0,0.0,0.0,CURRENT,0.0,0.0,NONE,,AUTO_ACCEPT,0.0
LN104410,2025-12,0.0,0.0,0.0,0.0,CURRENT,0.0,0.0,NONE,,AUTO_ACCEPT,0.0
LN103582,2025-12,0.0,0.0,0.0,0.0,CURRENT,0.0,0.0,NONE,,AUTO_ACCEPT,0.0
LN108996,2025-12,0.0,0.0,0.0,0.0,CURRENT,0.0,0.0,NONE,,AUTO_ACCEPT,0.0
LN104204,2025-12,0.0,0.0,0.0,0.0,CURRENT,0.0,0.0,NONE,,AUTO_ACCEPT,0.0
LN103968,2025-12,0.0,0.0,0.0,0.0,CURRENT,0.0,0.0,NONE,,AUTO_ACCEPT,0.0
LN108058,2025-12,0.0,0.0,0.0,0.0,CURRENT,0.0,0.0,NONE,,AUTO_ACCEPT,0.0
LN104170,2025-12,0.0,0.0,0.0,0.0,CURRENT,0.0,0.0,NONE,,AUTO_ACCEPT,0.0
LN100435,2025-12,0.0,0.0,0.0,0.0,CURRENT,0.0,0.0,NONE,,AUTO_ACCEPT,0.0
LN108965,2025-12,0.0,0.0,0.0,0.0,CURRENT,0.0,0.0,NONE,,AUTO_ACCEPT,0.0
LN103594,2025-12,0.0,0.0,0.0,0.0,CURRENT,0.0,0.0,NONE,,AUTO_ACCEPT,0.0
LN108029,2025-12,0.0,0.0,0.0,0.0,CURRENT,0.0,0.0,NONE,,AUTO_ACCEPT,0.0
LN100027,2025-12,0.0,0.0,0.0,0.0,CURRENT,0.0,0.0,NONE,,AUTO_ACCEPT,0.0
LN108531,2025-12,0.0,0.0,0.0,0.0,CURRENT,0.0,0.0,NONE,,AUTO_ACCEPT,0.0
LN108512,2025-12,0.0,0.0,0.0,0.0,CURRENT,0.0,0.0,NONE,,AUTO_ACCEPT,0.0
LN100045,2025-12,0.0,0.0,0.0,0.0,CURRENT,0.0,0.0,NONE,,AUTO_ACCEPT,0.0
LN108036,2025-12,0.0,0.0,0.0,0.0,CURRENT,0.0,0.0,NONE,,AUTO_ACCEPT,0.0
LN108466,2025-12,0.0,0.0,0.0,0.0,CURRENT,0.0,0.0,NONE,,AUTO_ACCEPT,0.0
LN103929,2025-12,0.0,0.0,0.0,0.0,CURRENT,0.0,0.0,NONE,,AUTO_ACCEPT,0.0
LN104404,2025-12,0.0,0.0,0.0,0.0,CURRENT,0.0,0.0,NONE,,AUTO_ACCEPT,0.0
LN108460,2025-12,0.0,0.0,0.0,0.0,CURRENT,0.0,0.0,NONE,,AUTO_ACCEPT,0.0
LN100034,2025-12,0.0,0.0,0.0,0.0,CURRENT,0.0,0.0,NONE,,AUTO_ACCEPT,0.0
LN108521,2025-12,0.0,0.0,0.0,0.0,CURRENT,0.0,0.0,NONE,,AUTO_ACCEPT,0.0
LN108981,2025-12,0.0,0.0,0.0,0.0,CURRENT,0.0,0.0,NONE,,AUTO_ACCEPT,0.0
LN100381,2025-12,0.0,0.0,0.0,0.0,CURRENT,0.0,0.0,NONE,,AUTO_ACCEPT,0.0
LN108046,2025-12,0.0,0.0,0.0,0.0,CURRENT,0.0,0.0,NONE,,AUTO_ACCEPT,0.0
LN108989,2025-12,0.0,0.0,0.0,0.0,CURRENT,0.0,0.0,NONE,,AUTO_ACCEPT,0.0
LN108517,2025-12,0.0,0.0,0.0,0.0,CURRENT,0.0,0.0,NONE,,AUTO_ACCEPT,0.0
LN100755,2025-12,0.0,0.0,0.0,0.0,CURRENT,0.0,0.0,NONE,,AUTO_ACCEPT,0.0
LN108040,2025-12,0.0,0.0,0.0,0.0,CURRENT,0.0,0.0,NONE,,AUTO_ACCEPT,0.0
LN103588,2025-12,0.0,0.0,0.0,0.0,CURRENT,0.0,0.0,NONE,,AUTO_ACCEPT,0.0
LN100038,2025-12,0.0,0.0,0.0,0.0,CURRENT,0.0,0.0,NONE,,AUTO_ACCEPT,0.0
LN100430,2025-12,0.0,0.0,0.0,0.0,CURRENT,0.0,0.0,NONE,,AUTO_ACCEPT,0.0
LN108464,2025-12,0.0,0.0,0.0,0.0,CURRENT,0.0,0.0,NONE,,AUTO_ACCEPT,0.0
LN103960,2025-12,0.0,0.0,0.0,0.0,CURRENT,0.0,0.0,NONE,,AUTO_ACCEPT,0.0
LN108522,2025-12,0.0,0.0,0.0,0.0,CURRENT,0.0,0.0,NONE,,AUTO_ACCEPT,0.0
LN100426,2025-12,0.0,0.0,0.0,0.0,CURRENT,0.0,0.0,NONE,,AUTO_ACCEPT,0.0
LN108980,2025-12,0.0,0.0,0.0,0.0,CURRENT,0.0,0.0,NONE,,AUTO_ACCEPT,0.0
LN108047,2025-12,0.0,0.0,0.0,0.0,CURRENT,0.0,0.0,NONE,,AUTO_ACCEPT,0.0
LN108458,2025-12,0.0,0.0,0.0,0.0,CURRENT,0.0,0.0,NONE,,AUTO_ACCEPT,0.0
LN104403,2025-12,0.0,0.0,0.0,0.0,CURRENT,0.0,0.0,NONE,,AUTO_ACCEPT,0.0
LN103963,2025-12,0.0,0.0,0.0,0.0,CURRENT,0.0,0.0,NONE,,AUTO_ACCEPT,0.0
LN100754,2025-12,0.0,0.0,0.0,0.0,CURRENT,0.0,0.0,NONE,,AUTO_ACCEPT,0.0
LN100037,2025-12,0.0,0.0,0.0,0.0,CURRENT,0.0,0.0,NONE,,AUTO_ACCEPT,0.0
LN103962,2025-12,0.0,0.0,0.0,0.0,CURRENT,0.0,0.0,NONE,,AUTO_ACCEPT,0.0
LN108045,2025-12,0.0,0.0,0.0,0.0,CURRENT,0.0,0.0,NONE,,AUTO_ACCEPT,0.0
LN108985,2025-12,0.0,0.0,0.0,0.0,CURRENT,0.0,0.0,NONE,,AUTO_ACCEPT,0.0
LN100757,2025-12,0.0,0.0,0.0,0.0,CURRENT,0.0,0.0,NONE,,AUTO_ACCEPT,0.0
LN104167,2025-12,0.0,0.0,0.0,0.0,CURRENT,0.0,0.0,NONE,,AUTO_ACCEPT,0.0
LN103930,2025-12,0.0,0.0,0.0,0.0,CURRENT,0.0,0.0,NONE,,AUTO_ACCEPT,0.0
LN108043,2025-12,0.0,0.0,0.0,0.0,CURRENT,0.0,0.0,NONE,,AUTO_ACCEPT,0.0
LN108984,2025-12,0.0,0.0,0.0,0.0,CURRENT,0.0,0.0,NONE,,AUTO_ACCEPT,0.0
LN100428,2025-12,0.0,0.0,0.0,0.0,CURRENT,0.0,0.0,NONE,,AUTO_ACCEPT,0.0
LN104199,2025-12,0.0,0.0,0.0,0.0,CURRENT,0.0,0.0,NONE,,AUTO_ACCEPT,0.0
LN103961,2025-12,0.0,0.0,0.0,0.0,CURRENT,0.0,0.0,NONE,,AUTO_ACCEPT,0.0
LN100036,2025-12,0.0,0.0,0.0,0.0,CURRENT,0.0,0.0,NONE,,AUTO_ACCEPT,0.0
LN108983,2025-12,0.0,0.0,0.0,0.0,CURRENT,0.0,0.0,NONE,,AUTO_ACCEPT,0.0
LN108044,2025-12,0.0,0.0,0.0,0.0,CURRENT,0.0,0.0,NONE,,AUTO_ACCEPT,0.0
LN108461,2025-12,0.0,0.0,0.0,0.0,CURRENT,0.0,0.0,NONE,,AUTO_ACCEPT,0.0
LN104407,2025-12,0.0,0.0,0.0,0.0,CURRENT,0.0,0.0,NONE,,AUTO_ACCEPT,0.0
LN108520,2025-12,0.0,0.0,0.0,0.0,CURRENT,0.0,0.0,NONE,,AUTO_ACCEPT,0.0
LN108462,2025-12,0.0,0.0,0.0,0.0,CURRENT,0.0,0.0,NONE,,AUTO_ACCEPT,0.0
LN103587,2025-12,0.0,0.0,0.0,0.0,CURRENT,0.0,0.0,NONE,,AUTO_ACCEPT,0.0
LN100382,2025-12,0.0,0.0,0.0,0.0,CURRENT,0.0,0.0,NONE,,AUTO_ACCEPT,0.0
LN100383,2025-12,0.0,0.0,0.0,0.0,CURRENT,0.0,0.0,NONE,,AUTO_ACCEPT,0.0
LN108518,2025-12,0.0,0.0,0.0,0.0,CURRENT,0.0,0.0,NONE,,AUTO_ACCEPT,0.0
LN103742,2025-12,0.0,0.0,0.0,0.0,CURRENT,0.0,0.0,NONE,,AUTO_ACCEPT,0.0
LN100756,2025-12,0.0,0.0,0.0,0.0,CURRENT,0.0,0.0,NONE,,AUTO_ACCEPT,0.0
LN100429,2025-12,0.0,0.0,0.0,0.0,CURRENT,0.0,0.0,NONE,,AUTO_ACCEPT,0.0
LN108982,2025-12,0.0,0.0,0.0,0.0,CURRENT,0.0,0.0,NONE,,AUTO_ACCEPT,0.0
LN100758,2025-12,0.0,0.0,0.0,0.0,CURRENT,0.0,0.0,NONE,,AUTO_ACCEPT,0.0
LN103763,2025-12,0.0,0.0,0.0,0.0,CURRENT,0.0,0.0,NONE,,AUTO_ACCEPT,0.0
LN108042,2025-12,0.0,0.0,0.0,0.0,CURRENT,0.0,0.0,NONE,,AUTO_ACCEPT,0.0
LN100035,2025-12,0.0,0.0,0.0,0.0,CURRENT,0.0,0.0,NONE,,AUTO_ACCEPT,0.0
LN103764,2025-12,0.0,0.0,0.0,0.0,CURRENT,0.0,0.0,NONE,,AUTO_ACCEPT,0.0
LN104165,2025-12,0.0,0.0,0.0,0.0,CURRENT,0.0,0.0,NONE,,AUTO_ACCEPT,0.0
LN104200,2025-12,0.0,0.0,0.0,0.0,CURRENT,0.0,0.0,NONE,,AUTO_ACCEPT,0.0
LN108465,2025-12,0.0,0.0,0.0,0.0,CURRENT,0.0,0.0,NONE,,AUTO_ACCEPT,0.0
LN108525,2025-12,0.0,0.0,0.0,0.0,CURRENT,0.0,0.0,NONE,,AUTO_ACCEPT,0.0
LN108977,2025-12,0.0,0.0,0.0,0.0,CURRENT,0.0,0.0,NONE,,AUTO_ACCEPT,0.0
LN108037,2025-12,0.0,0.0,0.0,0.0,CURRENT,0.0,0.0,NONE,,AUTO_ACCEPT,0.0
LN104195,2025-12,0.0,0.0,0.0,0.0,CURRENT,0.0,0.0,NONE,,AUTO_ACCEPT,0.0
LN100425,2025-12,0.0,0.0,0.0,0.0,CURRENT,0.0,0.0,NONE,,AUTO_ACCEPT,0.0
LN108051,2025-12,0.0,0.0,0.0,0.0,CURRENT,0.0,0.0,NONE,,AUTO_ACCEPT,0.0
LN100032,2025-12,0.0,0.0,0.0,0.0,CURRENT,0.0,0.0,NONE,,AUTO_ACCEPT,0.0
LN100751,2025-12,0.0,0.0,0.0,0.0,CURRENT,0.0,0.0,NONE,,AUTO_ACCEPT,0.0
LN100375,2025-12,0.0,0.0,0.0,0.0,CURRENT,0.0,0.0,NONE,,AUTO_ACCEPT,0.0
LN100043,2025-12,0.0,0.0,0.0,0.0,CURRENT,0.0,0.0,NONE,,AUTO_ACCEPT,0.0
LN108454,2025-12,0.0,0.0,0.0,0.0,CURRENT,0.0,0.0,NONE,,AUTO_ACCEPT,0.0
LN103959,2025-12,0.0,0.0,0.0,0.0,CURRENT,0.0,0.0,NONE,,AUTO_ACCEPT,0.0
LN104408,2025-12,0.0,0.0,0.0,0.0,CURRENT,0.0,0.0,NONE,,AUTO_ACCEPT,0.0
LN100386,2025-12,0.0,0.0,0.0,0.0,CURRENT,0.0,0.0,NONE,,AUTO_ACCEPT,0.0
LN103765,2025-12,0.0,0.0,0.0,0.0,CURRENT,0.0,0.0,NONE,,AUTO_ACCEPT,0.0
LN103965,2025-12,0.0,0.0,0.0,0.0,CURRENT,0.0,0.0,NONE,,AUTO_ACCEPT,0.0
LN104201,2025-12,0.0,0.0,0.0,0.0,CURRENT,0.0,0.0,NONE,,AUTO_ACCEPT,0.0
LN108992,2025-12,0.0,0.0,0.0,0.0,CURRENT,0.0,0.0,NONE,,AUTO_ACCEPT,0.0
LN108052,2025-12,0.0,0.0,0.0,0.0,CURRENT,0.0,0.0,NONE,,AUTO_ACCEPT,0.0
LN103926,2025-12,0.0,0.0,0.0,0.0,CURRENT,0.0,0.0,NONE,,AUTO_ACCEPT,0.0
LN100432,2025-12,0.0,0.0,0.0,0.0,CURRENT,0.0,0.0,NONE,,AUTO_ACCEPT,0.0
LN100762,2025-12,0.0,0.0,0.0,0.0,CURRENT,0.0,0.0,NONE,,AUTO_ACCEPT,0.0
LN103592,2025-12,0.0,0.0,0.0,0.0,CURRENT,0.0,0.0,NONE,,AUTO_ACCEPT,0.0
LN100750,2025-12,0.0,0.0,0.0,0.0,CURRENT,0.0,0.0,NONE,,AUTO_ACCEPT,0.0
LN108526,2025-12,0.0,0.0,0.0,0.0,CURRENT,0.0,0.0,NONE,,AUTO_ACCEPT,0.0
LN108976,2025-12,0.0,0.0,0.0,0.0,CURRENT,0.0,0.0,NONE,,AUTO_ACCEPT,0.0
LN108998,2025-12,0.0,0.0,0.0,0.0,CURRENT,0.0,0.0,NONE,,AUTO_ACCEPT,0.0
LN104401,2025-12,0.0,0.0,0.0,0.0,CURRENT,0.0,0.0,NONE,,AUTO_ACCEPT,0.0
LN100761,2025-12,0.0,0.0,0.0,0.0,CURRENT,0.0,0.0,NONE,,AUTO_ACCEPT,0.0
LN100041,2025-12,0.0,0.0,0.0,0.0,CURRENT,0.0,0.0,NONE,,AUTO_ACCEPT,0.0
LN100759,2025-12,0.0,0.0,0.0,0.0,CURRENT,0.0,0.0,NONE,,AUTO_ACCEPT,0.0
LN103741,2025-12,0.0,0.0,0.0,0.0,CURRENT,0.0,0.0,NONE,,AUTO_ACCEPT,0.0
LN108979,2025-12,0.0,0.0,0.0,0.0,CURRENT,0.0,0.0,NONE,,AUTO_ACCEPT,0.0
LN103586,2025-12,0.0,0.0,0.0,0.0,CURRENT,0.0,0.0,NONE,,AUTO_ACCEPT,0.0
LN100384,2025-12,0.0,0.0,0.0,0.0,CURRENT,0.0,0.0,NONE,,AUTO_ACCEPT,0.0
LN108048,2025-12,0.0,0.0,0.0,0.0,CURRENT,0.0,0.0,NONE,,AUTO_ACCEPT,0.0
LN108038,2025-12,0.0,0.0,0.0,0.0,CURRENT,0.0,0.0,NONE,,AUTO_ACCEPT,0.0
LN103928,2025-12,0.0,0.0,0.0,0.0,CURRENT,0.0,0.0,NONE,,AUTO_ACCEPT,0.0
LN108990,2025-12,0.0,0.0,0.0,0.0,CURRENT,0.0,0.0,NONE,,AUTO_ACCEPT,0.0
LN103743,2025-12,0.0,0.0,0.0,0.0,CURRENT,0.0,0.0,NONE,,AUTO_ACCEPT,0.0
LN108523,2025-12,0.0,0.0,0.0,0.0,CURRENT,0.0,0.0,NONE,,AUTO_ACCEPT,0.0
LN108991,2025-12,0.0,0.0,0.0,0.0,CURRENT,0.0,0.0,NONE,,AUTO_ACCEPT,0.0
LN100033,2025-12,0.0,0.0,0.0,0.0,CURRENT,0.0,0.0,NONE,,AUTO_ACCEPT,0.0
LN100431,2025-12,0.0,0.0,0.0,0.0,CURRENT,0.0,0.0,NONE,,AUTO_ACCEPT,0.0
LN104168,2025-12,0.0,0.0,0.0,0.0,CURRENT,0.0,0.0,NONE,,AUTO_ACCEPT,0.0
LN103589,2025-12,0.0,0.0,0.0,0.0,CURRENT,0.0,0.0,NONE,,AUTO_ACCEPT,0.0
LN103762,2025-12,0.0,0.0,0.0,0.0,CURRENT,0.0,0.0,NONE,,AUTO_ACCEPT,0.0
LN108516,2025-12,0.0,0.0,0.0,0.0,CURRENT,0.0,0.0,NONE,,AUTO_ACCEPT,0.0
LN103931,2025-12,0.0,0.0,0.0,0.0,CURRENT,0.0,0.0,NONE,,AUTO_ACCEPT,0.0
LN108978,2025-12,0.0,0.0,0.0,0.0,CURRENT,0.0,0.0,NONE,,AUTO_ACCEPT,0.0
LN100376,2025-12,0.0,0.0,0.0,0.0,CURRENT,0.0,0.0,NONE,,AUTO_ACCEPT,0.0
LN108456,2025-12,0.0,0.0,0.0,0.0,CURRENT,0.0,0.0,NONE,,AUTO_ACCEPT,0.0
LN108049,2025-12,0.0,0.0,0.0,0.0,CURRENT,0.0,0.0,NONE,,AUTO_ACCEPT,0.0
LN103964,2025-12,0.0,0.0,0.0,0.0,CURRENT,0.0,0.0,NONE,,AUTO_ACCEPT,0.0
LN100042,2025-12,0.0,0.0,0.0,0.0,CURRENT,0.0,0.0,NONE,,AUTO_ACCEPT,0.0
LN100753,2025-12,0.0,0.0,0.0,0.0,CURRENT,0.0,0.0,NONE,,AUTO_ACCEPT,0.0
LN103749,2025-12,0.0,0.0,0.0,0.0,CURRENT,0.0,0.0,NONE,,AUTO_ACCEPT,0.0
LN100767,2025-12,0.0,0.0,0.0,0.0,CURRENT,0.0,0.0,NONE,,AUTO_ACCEPT,0.0
LN108062,2025-12,0.0,0.0,0.0,0.0,CURRENT,0.0,0.0,NONE,,AUTO_ACCEPT,0.0
LN108505,2025-12,0.0,0.0,0.0,0.0,CURRENT,0.0,0.0,NONE,,AUTO_ACCEPT,0.0
LN108076,2025-12,0.0,0.0,0.0,0.0,CURRENT,0.0,0.0,NONE,,AUTO_ACCEPT,0.0
LN108943,2025-12,0.0,0.0,0.0,0.0,CURRENT,0.0,0.0,NONE,,AUTO_ACCEPT,0.0
LN103601,2025-12,0.0,0.0,0.0,0.0,CURRENT,0.0,0.0,NONE,,AUTO_ACCEPT,0.0
LN100775,2025-12,0.0,0.0,0.0,0.0,CURRENT,0.0,0.0,NONE,,AUTO_ACCEPT,0.0
LN100731,2025-12,0.0,0.0,0.0,0.0,CURRENT,0.0,0.0,NONE,,AUTO_ACCEPT,0.0
LN108545,2025-12,0.0,0.0,0.0,0.0,CURRENT,0.0,0.0,NONE,,AUTO_ACCEPT,0.0
LN104175,2025-12,0.0,0.0,0.0,0.0,CURRENT,0.0,0.0,NONE,,AUTO_ACCEPT,0.0
LN100066,2025-12,0.0,0.0,0.0,0.0,CURRENT,0.0,0.0,NONE,,AUTO_ACCEPT,0.0
LN108077,2025-12,0.0,0.0,0.0,0.0,CURRENT,0.0,0.0,NONE,,AUTO_ACCEPT,0.0
LN108019,2025-12,0.0,0.0,0.0,0.0,CURRENT,0.0,0.0,NONE,,AUTO_ACCEPT,0.0
LN108942,2025-12,0.0,0.0,0.0,0.0,CURRENT,0.0,0.0,NONE,,AUTO_ACCEPT,0.0
LN103772,2025-12,0.0,0.0,0.0,0.0,CURRENT,0.0,0.0,NONE,,AUTO_ACCEPT,0.0
LN100394,2025-12,0.0,0.0,0.0,0.0,CURRENT,0.0,0.0,NONE,,AUTO_ACCEPT,0.0
LN104388,2025-12,0.0,0.0,0.0,0.0,CURRENT,0.0,0.0,NONE,,AUTO_ACCEPT,0.0
LN108430,2025-12,0.0,0.0,0.0,0.0,CURRENT,0.0,0.0,NONE,,AUTO_ACCEPT,0.0
LN100416,2025-12,0.0,0.0,0.0,0.0,CURRENT,0.0,0.0,NONE,,AUTO_ACCEPT,0.0
LN100016,2025-12,0.0,0.0,0.0,0.0,CURRENT,0.0,0.0,NONE,,AUTO_ACCEPT,0.0
LN100776,2025-12,0.0,0.0,0.0,0.0,CURRENT,0.0,0.0,NONE,,AUTO_ACCEPT,0.0
LN108546,2025-12,0.0,0.0,0.0,0.0,CURRENT,0.0,0.0,NONE,,AUTO_ACCEPT,0.0
LN103757,2025-12,0.0,0.0,0.0,0.0,CURRENT,0.0,0.0,NONE,,AUTO_ACCEPT,0.0
LN100730,2025-12,0.0,0.0,0.0,0.0,CURRENT,0.0,0.0,NONE,,AUTO_ACCEPT,0.0
LN100359,2025-12,0.0,0.0,0.0,0.0,CURRENT,0.0,0.0,NONE,,AUTO_ACCEPT,0.0
LN108476,2025-12,0.0,0.0,0.0,0.0,CURRENT,0.0,0.0,NONE,,AUTO_ACCEPT,0.0
LN108431,2025-12,0.0,0.0,0.0,0.0,CURRENT,0.0,0.0,NONE,,AUTO_ACCEPT,0.0
LN103917,2025-12,0.0,0.0,0.0,0.0,CURRENT,0.0,0.0,NONE,,AUTO_ACCEPT,0.0
LN103976,2025-12,0.0,0.0,0.0,0.0,CURRENT,0.0,0.0,NONE,,AUTO_ACCEPT,0.0
LN104212,2025-12,0.0,0.0,0.0,0.0,CURRENT,0.0,0.0,NONE,,AUTO_ACCEPT,0.0
LN100018,2025-12,0.0,0.0,0.0,0.0,CURRENT,0.0,0.0,NONE,,AUTO_ACCEPT,0.0
LN100063,2025-12,0.0,0.0,0.0,0.0,CURRENT,0.0,0.0,NONE,,AUTO_ACCEPT,0.0
LN108074,2025-12,0.0,0.0,0.0,0.0,CURRENT,0.0,0.0,NONE,,AUTO_ACCEPT,0.0
LN100418,2025-12,0.0,0.0,0.0,0.0,CURRENT,0.0,0.0,NONE,,AUTO_ACCEPT,0.0
LN108947,2025-12,0.0,0.0,0.0,0.0,CURRENT,0.0,0.0,NONE,,AUTO_ACCEPT,0.0
LN108433,2025-12,0.0,0.0,0.0,0.0,CURRENT,0.0,0.0,NONE,,AUTO_ACCEPT,0.0
LN108544,2025-12,0.0,0.0,0.0,0.0,CURRENT,0.0,0.0,NONE,,AUTO_ACCEPT,0.0
LN104414,2025-12,0.0,0.0,0.0,0.0,CURRENT,0.0,0.0,NONE,,AUTO_ACCEPT,0.0
LN103975,2025-12,0.0,0.0,0.0,0.0,CURRENT,0.0,0.0,NONE,,AUTO_ACCEPT,0.0
LN103579,2025-12,0.0,0.0,0.0,0.0,CURRENT,0.0,0.0,NONE,,AUTO_ACCEPT,0.0
LN100393,2025-12,0.0,0.0,0.0,0.0,CURRENT,0.0,0.0,NONE,,AUTO_ACCEPT,0.0
LN104213,2025-12,0.0,0.0,0.0,0.0,CURRENT,0.0,0.0,NONE,,AUTO_ACCEPT,0.0
LN104390,2025-12,0.0,0.0,0.0,0.0,CURRENT,0.0,0.0,NONE,,AUTO_ACCEPT,0.0
LN103953,2025-12,0.0,0.0,0.0,0.0,CURRENT,0.0,0.0,NONE,,AUTO_ACCEPT,0.0
LN108020,2025-12,0.0,0.0,0.0,0.0,CURRENT,0.0,0.0,NONE,,AUTO_ACCEPT,0.0
LN104190,2025-12,0.0,0.0,0.0,0.0,CURRENT,0.0,0.0,NONE,,AUTO_ACCEPT,0.0
LN108075,2025-12,0.0,0.0,0.0,0.0,CURRENT,0.0,0.0,NONE,,AUTO_ACCEPT,0.0
LN108946,2025-12,0.0,0.0,0.0,0.0,CURRENT,0.0,0.0,NONE,,AUTO_ACCEPT,0.0
LN104158,2025-12,0.0,0.0,0.0,0.0,CURRENT,0.0,0.0,NONE,,AUTO_ACCEPT,0.0
LN100732,2025-12,0.0,0.0,0.0,0.0,CURRENT,0.0,0.0,NONE,,AUTO_ACCEPT,0.0
LN100360,2025-12,0.0,0.0,0.0,0.0,CURRENT,0.0,0.0,NONE,,AUTO_ACCEPT,0.0
LN100445,2025-12,0.0,0.0,0.0,0.0,CURRENT,0.0,0.0,NONE,,AUTO_ACCEPT,0.0
LN100017,2025-12,0.0,0.0,0.0,0.0,CURRENT,0.0,0.0,NONE,,AUTO_ACCEPT,0.0
LN100064,2025-12,0.0,0.0,0.0,0.0,CURRENT,0.0,0.0,NONE,,AUTO_ACCEPT,0.0
LN103732,2025-12,0.0,0.0,0.0,0.0,CURRENT,0.0,0.0,NONE,,AUTO_ACCEPT,0.0
LN103771,2025-12,0.0,0.0,0.0,0.0,CURRENT,0.0,0.0,NONE,,AUTO_ACCEPT,0.0
LN100068,2025-12,0.0,0.0,0.0,0.0,CURRENT,0.0,0.0,NONE,,AUTO_ACCEPT,0.0
LN108503,2025-12,0.0,0.0,0.0,0.0,CURRENT,0.0,0.0,NONE,,AUTO_ACCEPT,0.0
LN108936,2025-12,0.0,0.0,0.0,0.0,CURRENT,0.0,0.0,NONE,,AUTO_ACCEPT,0.0
LN108502,2025-12,0.0,0.0,0.0,0.0,CURRENT,0.0,0.0,NONE,,AUTO_ACCEPT,0.0
LN108427,2025-12,0.0,0.0,0.0,0.0,CURRENT,0.0,0.0,NONE,,AUTO_ACCEPT,0.0
LN100013,2025-12,0.0,0.0,0.0,0.0,CURRENT,0.0,0.0,NONE,,AUTO_ACCEPT,0.0
LN103603,2025-12,0.0,0.0,0.0,0.0,CURRENT,0.0,0.0,NONE,,AUTO_ACCEPT,0.0
LN108548,2025-12,0.0,0.0,0.0,0.0,CURRENT,0.0,0.0,NONE,,AUTO_ACCEPT,0.0
LN104214,2025-12,0.0,0.0,0.0,0.0,CURRENT,0.0,0.0,NONE,,AUTO_ACCEPT,0.0
LN108082,2025-12,0.0,0.0,0.0,0.0,CURRENT,0.0,0.0,NONE,,AUTO_ACCEPT,0.0
LN103914,2025-12,0.0,0.0,0.0,0.0,CURRENT,0.0,0.0,NONE,,AUTO_ACCEPT,0.0
LN104384,2025-12,0.0,0.0,0.0,0.0,CURRENT,0.0,0.0,NONE,,AUTO_ACCEPT,0.0
LN103951,2025-12,0.0,0.0,0.0,0.0,CURRENT,0.0,0.0,NONE,,AUTO_ACCEPT,0.0
LN104156,2025-12,0.0,0.0,0.0,0.0,CURRENT,0.0,0.0,NONE,,AUTO_ACCEPT,0.0
LN108935,2025-12,0.0,0.0,0.0,0.0,CURRENT,0.0,0.0,NONE,,AUTO_ACCEPT,0.0
LN100724,2025-12,0.0,0.0,0.0,0.0,CURRENT,0.0,0.0,NONE,,AUTO_ACCEPT,0.0
LN108481,2025-12,0.0,0.0,0.0,0.0,CURRENT,0.0,0.0,NONE,,AUTO_ACCEPT,0.0
LN108016,2025-12,0.0,0.0,0.0,0.0,CURRENT,0.0,0.0,NONE,,AUTO_ACCEPT,0.0
LN100356,2025-12,0.0,0.0,0.0,0.0,CURRENT,0.0,0.0,NONE,,AUTO_ACCEPT,0.0
LN104176,2025-12,0.0,0.0,0.0,0.0,CURRENT,0.0,0.0,NONE,,AUTO_ACCEPT,0.0
LN100449,2025-12,0.0,0.0,0.0,0.0,CURRENT,0.0,0.0,NONE,,AUTO_ACCEPT,0.0
LN108501,2025-12,0.0,0.0,0.0,0.0,CURRENT,0.0,0.0,NONE,,AUTO_ACCEPT,0.0
LN100071,2025-12,0.0,0.0,0.0,0.0,CURRENT,0.0,0.0,NONE,,AUTO_ACCEPT,0.0
LN108083,2025-12,0.0,0.0,0.0,0.0,CURRENT,0.0,0.0,NONE,,AUTO_ACCEPT,0.0
LN100779,2025-12,0.0,0.0,0.0,0.0,CURRENT,0.0,0.0,NONE,,AUTO_ACCEPT,0.0
LN103979,2025-12,0.0,0.0,0.0,0.0,CURRENT,0.0,0.0,NONE,,AUTO_ACCEPT,0.0
LN108426,2025-12,0.0,0.0,0.0,0.0,CURRENT,0.0,0.0,NONE,,AUTO_ACCEPT,0.0
LN100395,2025-12,0.0,0.0,0.0,0.0,CURRENT,0.0,0.0,NONE,,AUTO_ACCEPT,0.0
LN100070,2025-12,0.0,0.0,0.0,0.0,CURRENT,0.0,0.0,NONE,,AUTO_ACCEPT,0.0
LN100415,2025-12,0.0,0.0,0.0,0.0,CURRENT,0.0,0.0,NONE,,AUTO_ACCEPT,0.0
LN103938,2025-12,0.0,0.0,0.0,0.0,CURRENT,0.0,0.0,NONE,,AUTO_ACCEPT,0.0
LN104415,2025-12,0.0,0.0,0.0,0.0,CURRENT,0.0,0.0,NONE,,AUTO_ACCEPT,0.0
LN103915,2025-12,0.0,0.0,0.0,0.0,CURRENT,0.0,0.0,NONE,,AUTO_ACCEPT,0.0
LN100446,2025-12,0.0,0.0,0.0,0.0,CURRENT,0.0,0.0,NONE,,AUTO_ACCEPT,0.0
LN103602,2025-12,0.0,0.0,0.0,0.0,CURRENT,0.0,0.0,NONE,,AUTO_ACCEPT,0.0
LN108938,2025-12,0.0,0.0,0.0,0.0,CURRENT,0.0,0.0,NONE,,AUTO_ACCEPT,0.0
LN108018,2025-12,0.0,0.0,0.0,0.0,CURRENT,0.0,0.0,NONE,,AUTO_ACCEPT,0.0
LN103731,2025-12,0.0,0.0,0.0,0.0,CURRENT,0.0,0.0,NONE,,AUTO_ACCEPT,0.0
LN103952,2025-12,0.0,0.0,0.0,0.0,CURRENT,0.0,0.0,NONE,,AUTO_ACCEPT,0.0
LN104157,2025-12,0.0,0.0,0.0,0.0,CURRENT,0.0,0.0,NONE,,AUTO_ACCEPT,0.0
LN108429,2025-12,0.0,0.0,0.0,0.0,CURRENT,0.0,0.0,NONE,,AUTO_ACCEPT,0.0
LN103578,2025-12,0.0,0.0,0.0,0.0,CURRENT,0.0,0.0,NONE,,AUTO_ACCEPT,0.0
LN108079,2025-12,0.0,0.0,0.0,0.0,CURRENT,0.0,0.0,NONE,,AUTO_ACCEPT,0.0
LN103977,2025-12,0.0,0.0,0.0,0.0,CURRENT,0.0,0.0,NONE,,AUTO_ACCEPT,0.0
LN108478,2025-12,0.0,0.0,0.0,0.0,CURRENT,0.0,0.0,NONE,,AUTO_ACCEPT,0.0
LN100069,2025-12,0.0,0.0,0.0,0.0,CURRENT,0.0,0.0,NONE,,AUTO_ACCEPT,0.0
LN108547,2025-12,0.0,0.0,0.0,0.0,CURRENT,0.0,0.0,NONE,,AUTO_ACCEPT,0.0
LN108937,2025-12,0.0,0.0,0.0,0.0,CURRENT,0.0,0.0,NONE,,AUTO_ACCEPT,0.0
LN100014,2025-12,0.0,0.0,0.0,0.0,CURRENT,0.0,0.0,NONE,,AUTO_ACCEPT,0.0
LN100357,2025-12,0.0,0.0,0.0,0.0,CURRENT,0.0,0.0,NONE,,AUTO_ACCEPT,0.0
LN100777,2025-12,0.0,0.0,0.0,0.0,CURRENT,0.0,0.0,NONE,,AUTO_ACCEPT,0.0
LN104189,2025-12,0.0,0.0,0.0,0.0,CURRENT,0.0,0.0,NONE,,AUTO_ACCEPT,0.0
LN103978,2025-12,0.0,0.0,0.0,0.0,CURRENT,0.0,0.0,NONE,,AUTO_ACCEPT,0.0
LN108080,2025-12,0.0,0.0,0.0,0.0,CURRENT,0.0,0.0,NONE,,AUTO_ACCEPT,0.0
LN100726,2025-12,0.0,0.0,0.0,0.0,CURRENT,0.0,0.0,NONE,,AUTO_ACCEPT,0.0
LN100447,2025-12,0.0,0.0,0.0,0.0,CURRENT,0.0,0.0,NONE,,AUTO_ACCEPT,0.0
LN108017,2025-12,0.0,0.0,0.0,0.0,CURRENT,0.0,0.0,NONE,,AUTO_ACCEPT,0.0
LN104387,2025-12,0.0,0.0,0.0,0.0,CURRENT,0.0,0.0,NONE,,AUTO_ACCEPT,0.0
LN103748,2025-12,0.0,0.0,0.0,0.0,CURRENT,0.0,0.0,NONE,,AUTO_ACCEPT,0.0
LN100362,2025-12,0.0,0.0,0.0,0.0,CURRENT,0.0,0.0,NONE,,AUTO_ACCEPT,0.0
LN103937,2025-12,0.0,0.0,0.0,0.0,CURRENT,0.0,0.0,NONE,,AUTO_ACCEPT,0.0
LN108026,2025-12,0.0,0.0,0.0,0.0,CURRENT,0.0,0.0,NONE,,AUTO_ACCEPT,0.0
LN104395,2025-12,0.0,0.0,0.0,0.0,CURRENT,0.0,0.0,NONE,,AUTO_ACCEPT,0.0
LN104171,2025-12,0.0,0.0,0.0,0.0,CURRENT,0.0,0.0,NONE,,AUTO_ACCEPT,0.0
LN100738,2025-12,0.0,0.0,0.0,0.0,CURRENT,0.0,0.0,NONE,,AUTO_ACCEPT,0.0
LN108957,2025-12,0.0,0.0,0.0,0.0,CURRENT,0.0,0.0,NONE,,AUTO_ACCEPT,0.0
LN100366,2025-12,0.0,0.0,0.0,0.0,CURRENT,0.0,0.0,NONE,,AUTO_ACCEPT,0.0
LN103747,2025-12,0.0,0.0,0.0,0.0,CURRENT,0.0,0.0,NONE,,AUTO_ACCEPT,0.0
LN108442,2025-12,0.0,0.0,0.0,0.0,CURRENT,0.0,0.0,NONE,,AUTO_ACCEPT,0.0
LN104412,2025-12,0.0,0.0,0.0,0.0,CURRENT,0.0,0.0,NONE,,AUTO_ACCEPT,0.0
LN108065,2025-12,0.0,0.0,0.0,0.0,CURRENT,0.0,0.0,NONE,,AUTO_ACCEPT,0.0
LN100057,2025-12,0.0,0.0,0.0,0.0,CURRENT,0.0,0.0,NONE,,AUTO_ACCEPT,0.0
LN103955,2025-12,0.0,0.0,0.0,0.0,CURRENT,0.0,0.0,NONE,,AUTO_ACCEPT,0.0
LN103971,2025-12,0.0,0.0,0.0,0.0,CURRENT,0.0,0.0,NONE,,AUTO_ACCEPT,0.0
LN100737,2025-12,0.0,0.0,0.0,0.0,CURRENT,0.0,0.0,NONE,,AUTO_ACCEPT,0.0
LN108956,2025-12,0.0,0.0,0.0,0.0,CURRENT,0.0,0.0,NONE,,AUTO_ACCEPT,0.0
LN108538,2025-12,0.0,0.0,0.0,0.0,CURRENT,0.0,0.0,NONE,,AUTO_ACCEPT,0.0
LN108509,2025-12,0.0,0.0,0.0,0.0,CURRENT,0.0,0.0,NONE,,AUTO_ACCEPT,0.0
LN103770,2025-12,0.0,0.0,0.0,0.0,CURRENT,0.0,0.0,NONE,,AUTO_ACCEPT,0.0
LN103921,2025-12,0.0,0.0,0.0,0.0,CURRENT,0.0,0.0,NONE,,AUTO_ACCEPT,0.0
LN100022,2025-12,0.0,0.0,0.0,0.0,CURRENT,0.0,0.0,NONE,,AUTO_ACCEPT,0.0
LN100439,2025-12,0.0,0.0,0.0,0.0,CURRENT,0.0,0.0,NONE,,AUTO_ACCEPT,0.0
LN108473,2025-12,0.0,0.0,0.0,0.0,CURRENT,0.0,0.0,NONE,,AUTO_ACCEPT,0.0
LN108067,2025-12,0.0,0.0,0.0,0.0,CURRENT,0.0,0.0,NONE,,AUTO_ACCEPT,0.0
LN100059,2025-12,0.0,0.0,0.0,0.0,CURRENT,0.0,0.0,NONE,,AUTO_ACCEPT,0.0
LN108025,2025-12,0.0,0.0,0.0,0.0,CURRENT,0.0,0.0,NONE,,AUTO_ACCEPT,0.0
LN100023,2025-12,0.0,0.0,0.0,0.0,CURRENT,0.0,0.0,NONE,,AUTO_ACCEPT,0.0
LN108064,2025-12,0.0,0.0,0.0,0.0,CURRENT,0.0,0.0,NONE,,AUTO_ACCEPT,0.0
LN103734,2025-12,0.0,0.0,0.0,0.0,CURRENT,0.0,0.0,NONE,,AUTO_ACCEPT,0.0
LN100420,2025-12,0.0,0.0,0.0,0.0,CURRENT,0.0,0.0,NONE,,AUTO_ACCEPT,0.0
LN108444,2025-12,0.0,0.0,0.0,0.0,CURRENT,0.0,0.0,NONE,,AUTO_ACCEPT,0.0
LN100026,2025-12,0.0,0.0,0.0,0.0,CURRENT,0.0,0.0,NONE,,AUTO_ACCEPT,0.0
LN104396,2025-12,0.0,0.0,0.0,0.0,CURRENT,0.0,0.0,NONE,,AUTO_ACCEPT,0.0
LN100052,2025-12,0.0,0.0,0.0,0.0,CURRENT,0.0,0.0,NONE,,AUTO_ACCEPT,0.0
LN108535,2025-12,0.0,0.0,0.0,0.0,CURRENT,0.0,0.0,NONE,,AUTO_ACCEPT,0.0
LN108962,2025-12,0.0,0.0,0.0,0.0,CURRENT,0.0,0.0,NONE,,AUTO_ACCEPT,0.0
LN103581,2025-12,0.0,0.0,0.0,0.0,CURRENT,0.0,0.0,NONE,,AUTO_ACCEPT,0.0
LN104205,2025-12,0.0,0.0,0.0,0.0,CURRENT,0.0,0.0,NONE,,AUTO_ACCEPT,0.0
LN100740,2025-12,0.0,0.0,0.0,0.0,CURRENT,0.0,0.0,NONE,,AUTO_ACCEPT,0.0
LN100368,2025-12,0.0,0.0,0.0,0.0,CURRENT,0.0,0.0,NONE,,AUTO_ACCEPT,0.0
LN108027,2025-12,0.0,0.0,0.0,0.0,CURRENT,0.0,0.0,NONE,,AUTO_ACCEPT,0.0
LN103970,2025-12,0.0,0.0,0.0,0.0,CURRENT,0.0,0.0,NONE,,AUTO_ACCEPT,0.0
LN103580,2025-12,0.0,0.0,0.0,0.0,CURRENT,0.0,0.0,NONE,,AUTO_ACCEPT,0.0
LN108472,2025-12,0.0,0.0,0.0,0.0,CURRENT,0.0,0.0,NONE,,AUTO_ACCEPT,0.0
LN103934,2025-12,0.0,0.0,0.0,0.0,CURRENT,0.0,0.0,NONE,,AUTO_ACCEPT,0.0
LN108063,2025-12,0.0,0.0,0.0,0.0,CURRENT,0.0,0.0,NONE,,AUTO_ACCEPT,0.0
LN100437,2025-12,0.0,0.0,0.0,0.0,CURRENT,0.0,0.0,NONE,,AUTO_ACCEPT,0.0
LN100053,2025-12,0.0,0.0,0.0,0.0,CURRENT,0.0,0.0,NONE,,AUTO_ACCEPT,0.0
LN108443,2025-12,0.0,0.0,0.0,0.0,CURRENT,0.0,0.0,NONE,,AUTO_ACCEPT,0.0
LN108510,2025-12,0.0,0.0,0.0,0.0,CURRENT,0.0,0.0,NONE,,AUTO_ACCEPT,0.0
LN108999,2025-12,0.0,0.0,0.0,0.0,CURRENT,0.0,0.0,NONE,,AUTO_ACCEPT,0.0
LN108959,2025-12,0.0,0.0,0.0,0.0,CURRENT,0.0,0.0,NONE,,AUTO_ACCEPT,0.0
LN103597,2025-12,0.0,0.0,0.0,0.0,CURRENT,0.0,0.0,NONE,,AUTO_ACCEPT,0.0
LN100770,2025-12,0.0,0.0,0.0,0.0,CURRENT,0.0,0.0,NONE,,AUTO_ACCEPT,0.0
LN103922,2025-12,0.0,0.0,0.0,0.0,CURRENT,0.0,0.0,NONE,,AUTO_ACCEPT,0.0
LN108536,2025-12,0.0,0.0,0.0,0.0,CURRENT,0.0,0.0,NONE,,AUTO_ACCEPT,0.0
LN100390,2025-12,0.0,0.0,0.0,0.0,CURRENT,0.0,0.0,NONE,,AUTO_ACCEPT,0.0
LN104160,2025-12,0.0,0.0,0.0,0.0,CURRENT,0.0,0.0,NONE,,AUTO_ACCEPT,0.0
LN100364,2025-12,0.0,0.0,0.0,0.0,CURRENT,0.0,0.0,NONE,,AUTO_ACCEPT,0.0
LN104191,2025-12,0.0,0.0,0.0,0.0,CURRENT,0.0,0.0,NONE,,AUTO_ACCEPT,0.0
LN103733,2025-12,0.0,0.0,0.0,0.0,CURRENT,0.0,0.0,NONE,,AUTO_ACCEPT,0.0
LN104173,2025-12,0.0,0.0,0.0,0.0,CURRENT,0.0,0.0,NONE,,AUTO_ACCEPT,0.0
LN100363,2025-12,0.0,0.0,0.0,0.0,CURRENT,0.0,0.0,NONE,,AUTO_ACCEPT,0.0
LN103974,2025-12,0.0,0.0,0.0,0.0,CURRENT,0.0,0.0,NONE,,AUTO_ACCEPT,0.0
LN108022,2025-12,0.0,0.0,0.0,0.0,CURRENT,0.0,0.0,NONE,,AUTO_ACCEPT,0.0
LN108072,2025-12,0.0,0.0,0.0,0.0,CURRENT,0.0,0.0,NONE,,AUTO_ACCEPT,0.0
LN104159,2025-12,0.0,0.0,0.0,0.0,CURRENT,0.0,0.0,NONE,,AUTO_ACCEPT,0.0
LN103920,2025-12,0.0,0.0,0.0,0.0,CURRENT,0.0,0.0,NONE,,AUTO_ACCEPT,0.0
LN108949,2025-12,0.0,0.0,0.0,0.0,CURRENT,0.0,0.0,NONE,,AUTO_ACCEPT,0.0
LN103758,2025-12,0.0,0.0,0.0,0.0,CURRENT,0.0,0.0,NONE,,AUTO_ACCEPT,0.0
LN100061,2025-12,0.0,0.0,0.0,0.0,CURRENT,0.0,0.0,NONE,,AUTO_ACCEPT,0.0
LN100734,2025-12,0.0,0.0,0.0,0.0,CURRENT,0.0,0.0,NONE,,AUTO_ACCEPT,0.0
LN108434,2025-12,0.0,0.0,0.0,0.0,CURRENT,0.0,0.0,NONE,,AUTO_ACCEPT,0.0
LN108506,2025-12,0.0,0.0,0.0,0.0,CURRENT,0.0,0.0,NONE,,AUTO_ACCEPT,0.0
LN100774,2025-12,0.0,0.0,0.0,0.0,CURRENT,0.0,0.0,NONE,,AUTO_ACCEPT,0.0
LN100062,2025-12,0.0,0.0,0.0,0.0,CURRENT,0.0,0.0,NONE,,AUTO_ACCEPT,0.0
LN108021,2025-12,0.0,0.0,0.0,0.0,CURRENT,0.0,0.0,NONE,,AUTO_ACCEPT,0.0
LN108073,2025-12,0.0,0.0,0.0,0.0,CURRENT,0.0,0.0,NONE,,AUTO_ACCEPT,0.0
LN108541,2025-12,0.0,0.0,0.0,0.0,CURRENT,0.0,0.0,NONE,,AUTO_ACCEPT,0.0
LN108475,2025-12,0.0,0.0,0.0,0.0,CURRENT,0.0,0.0,NONE,,AUTO_ACCEPT,0.0
LN104391,2025-12,0.0,0.0,0.0,0.0,CURRENT,0.0,0.0,NONE,,AUTO_ACCEPT,0.0
LN100443,2025-12,0.0,0.0,0.0,0.0,CURRENT,0.0,0.0,NONE,,AUTO_ACCEPT,0.0
LN108948,2025-12,0.0,0.0,0.0,0.0,CURRENT,0.0,0.0,NONE,,AUTO_ACCEPT,0.0
LN100733,2025-12,0.0,0.0,0.0,0.0,CURRENT,0.0,0.0,NONE,,AUTO_ACCEPT,0.0
LN103600,2025-12,0.0,0.0,0.0,0.0,CURRENT,0.0,0.0,NONE,,AUTO_ACCEPT,0.0
LN104161,2025-12,0.0,0.0,0.0,0.0,CURRENT,0.0,0.0,NONE,,AUTO_ACCEPT,0.0
LN108540,2025-12,0.0,0.0,0.0,0.0,CURRENT,0.0,0.0,NONE,,AUTO_ACCEPT,0.0
LN100772,2025-12,0.0,0.0,0.0,0.0,CURRENT,0.0,0.0,NONE,,AUTO_ACCEPT,0.0
LN108955,2025-12,0.0,0.0,0.0,0.0,CURRENT,0.0,0.0,NONE,,AUTO_ACCEPT,0.0
LN108438,2025-12,0.0,0.0,0.0,0.0,CURRENT,0.0,0.0,NONE,,AUTO_ACCEPT,0.0
LN104394,2025-12,0.0,0.0,0.0,0.0,CURRENT,0.0,0.0,NONE,,AUTO_ACCEPT,0.0
LN100771,2025-12,0.0,0.0,0.0,0.0,CURRENT,0.0,0.0,NONE,,AUTO_ACCEPT,0.0
LN100736,2025-12,0.0,0.0,0.0,0.0,CURRENT,0.0,0.0,NONE,,AUTO_ACCEPT,0.0
LN103936,2025-12,0.0,0.0,0.0,0.0,CURRENT,0.0,0.0,NONE,,AUTO_ACCEPT,0.0
LN100391,2025-12,0.0,0.0,0.0,0.0,CURRENT,0.0,0.0,NONE,,AUTO_ACCEPT,0.0
LN103973,2025-12,0.0,0.0,0.0,0.0,CURRENT,0.0,0.0,NONE,,AUTO_ACCEPT,0.0
LN108070,2025-12,0.0,0.0,0.0,0.0,CURRENT,0.0,0.0,NONE,,AUTO_ACCEPT,0.0
LN100021,2025-12,0.0,0.0,0.0,0.0,CURRENT,0.0,0.0,NONE,,AUTO_ACCEPT,0.0
LN108539,2025-12,0.0,0.0,0.0,0.0,CURRENT,0.0,0.0,NONE,,AUTO_ACCEPT,0.0
LN100060,2025-12,0.0,0.0,0.0,0.0,CURRENT,0.0,0.0,NONE,,AUTO_ACCEPT,0.0
LN108953,2025-12,0.0,0.0,0.0,0.0,CURRENT,0.0,0.0,NONE,,AUTO_ACCEPT,0.0
LN108954,2025-12,0.0,0.0,0.0,0.0,CURRENT,0.0,0.0,NONE,,AUTO_ACCEPT,0.0
LN103598,2025-12,0.0,0.0,0.0,0.0,CURRENT,0.0,0.0,NONE,,AUTO_ACCEPT,0.0
LN108024,2025-12,0.0,0.0,0.0,0.0,CURRENT,0.0,0.0,NONE,,AUTO_ACCEPT,0.0
LN103954,2025-12,0.0,0.0,0.0,0.0,CURRENT,0.0,0.0,NONE,,AUTO_ACCEPT,0.0
LN104392,2025-12,0.0,0.0,0.0,0.0,CURRENT,0.0,0.0,NONE,,AUTO_ACCEPT,0.0
LN108507,2025-12,0.0,0.0,0.0,0.0,CURRENT,0.0,0.0,NONE,,AUTO_ACCEPT,0.0
LN104413,2025-12,0.0,0.0,0.0,0.0,CURRENT,0.0,0.0,NONE,,AUTO_ACCEPT,0.0
LN108474,2025-12,0.0,0.0,0.0,0.0,CURRENT,0.0,0.0,NONE,,AUTO_ACCEPT,0.0
LN104209,2025-12,0.0,0.0,0.0,0.0,CURRENT,0.0,0.0,NONE,,AUTO_ACCEPT,0.0
LN100419,2025-12,0.0,0.0,0.0,0.0,CURRENT,0.0,0.0,NONE,,AUTO_ACCEPT,0.0
LN108436,2025-12,0.0,0.0,0.0,0.0,CURRENT,0.0,0.0,NONE,,AUTO_ACCEPT,0.0
LN100019,2025-12,0.0,0.0,0.0,0.0,CURRENT,0.0,0.0,NONE,,AUTO_ACCEPT,0.0
LN100735,2025-12,0.0,0.0,0.0,0.0,CURRENT,0.0,0.0,NONE,,AUTO_ACCEPT,0.0
LN100440,2025-12,0.0,0.0,0.0,0.0,CURRENT,0.0,0.0,NONE,,AUTO_ACCEPT,0.0
LN108972,2025-12,0.0,0.0,0.0,0.0,CURRENT,0.0,0.0,NONE,,AUTO_ACCEPT,0.0
LN104136,2025-12,0.0,0.0,0.0,0.0,CURRENT,0.0,0.0,NONE,,AUTO_ACCEPT,0.0
LN104148,2025-12,0.0,0.0,0.0,0.0,CURRENT,0.0,0.0,NONE,,AUTO_ACCEPT,0.0
LN100526,2025-12,0.0,0.0,0.0,0.0,CURRENT,0.0,0.0,NONE,,AUTO_ACCEPT,0.0
LN104304,2025-12,0.0,0.0,0.0,0.0,CURRENT,0.0,0.0,NONE,,AUTO_ACCEPT,0.0
LN100192,2025-12,0.0,0.0,0.0,0.0,CURRENT,0.0,0.0,NONE,,AUTO_ACCEPT,0.0
LN104112,2025-12,0.0,0.0,0.0,0.0,CURRENT,0.0,0.0,NONE,,AUTO_ACCEPT,0.0
LN104258,2025-12,0.0,0.0,0.0,0.0,CURRENT,0.0,0.0,NONE,,AUTO_ACCEPT,0.0
LN100605,2025-12,0.0,0.0,0.0,0.0,CURRENT,0.0,0.0,NONE,,AUTO_ACCEPT,0.0
LN103657,2025-12,0.0,0.0,0.0,0.0,CURRENT,0.0,0.0,NONE,,AUTO_ACCEPT,0.0
LN108225,2025-12,0.0,0.0,0.0,0.0,CURRENT,0.0,0.0,NONE,,AUTO_ACCEPT,0.0
LN100277,2025-12,0.0,0.0,0.0,0.0,CURRENT,0.0,0.0,NONE,,AUTO_ACCEPT,0.0
LN108757,2025-12,0.0,0.0,0.0,0.0,CURRENT,0.0,0.0,NONE,,AUTO_ACCEPT,0.0
LN108651,2025-12,0.0,0.0,0.0,0.0,CURRENT,0.0,0.0,NONE,,AUTO_ACCEPT,0.0
LN108326,2025-12,0.0,0.0,0.0,0.0,CURRENT,0.0,0.0,NONE,,AUTO_ACCEPT,0.0
LN100191,2025-12,0.0,0.0,0.0,0.0,CURRENT,0.0,0.0,NONE,,AUTO_ACCEPT,0.0
LN100606,2025-12,0.0,0.0,0.0,0.0,CURRENT,0.0,0.0,NONE,,AUTO_ACCEPT,0.0
LN103848,2025-12,0.0,0.0,0.0,0.0,CURRENT,0.0,0.0,NONE,,AUTO_ACCEPT,0.0
LN108325,2025-12,0.0,0.0,0.0,0.0,CURRENT,0.0,0.0,NONE,,AUTO_ACCEPT,0.0
LN108756,2025-12,0.0,0.0,0.0,0.0,CURRENT,0.0,0.0,NONE,,AUTO_ACCEPT,0.0
LN108226,2025-12,0.0,0.0,0.0,0.0,CURRENT,0.0,0.0,NONE,,AUTO_ACCEPT,0.0
LN108653,2025-12,0.0,0.0,0.0,0.0,CURRENT,0.0,0.0,NONE,,AUTO_ACCEPT,0.0
LN104063,2025-12,0.0,0.0,0.0,0.0,CURRENT,0.0,0.0,NONE,,AUTO_ACCEPT,0.0
LN103811,2025-12,0.0,0.0,0.0,0.0,CURRENT,0.0,0.0,NONE,,AUTO_ACCEPT,0.0
LN108229,2025-12,0.0,0.0,0.0,0.0,CURRENT,0.0,0.0,NONE,,AUTO_ACCEPT,0.0
LN108654,2025-12,0.0,0.0,0.0,0.0,CURRENT,0.0,0.0,NONE,,AUTO_ACCEPT,0.0
LN108753,2025-12,0.0,0.0,0.0,0.0,CURRENT,0.0,0.0,NONE,,AUTO_ACCEPT,0.0
LN108324,2025-12,0.0,0.0,0.0,0.0,CURRENT,0.0,0.0,NONE,,AUTO_ACCEPT,0.0
LN104302,2025-12,0.0,0.0,0.0,0.0,CURRENT,0.0,0.0,NONE,,AUTO_ACCEPT,0.0
LN100525,2025-12,0.0,0.0,0.0,0.0,CURRENT,0.0,0.0,NONE,,AUTO_ACCEPT,0.0
LN103658,2025-12,0.0,0.0,0.0,0.0,CURRENT,0.0,0.0,NONE,,AUTO_ACCEPT,0.0
LN100604,2025-12,0.0,0.0,0.0,0.0,CURRENT,0.0,0.0,NONE,,AUTO_ACCEPT,0.0
LN108227,2025-12,0.0,0.0,0.0,0.0,CURRENT,0.0,0.0,NONE,,AUTO_ACCEPT,0.0
LN108754,2025-12,0.0,0.0,0.0,0.0,CURRENT,0.0,0.0,NONE,,AUTO_ACCEPT,0.0
LN103698,2025-12,0.0,0.0,0.0,0.0,CURRENT,0.0,0.0,NONE,,AUTO_ACCEPT,0.0
LN100276,2025-12,0.0,0.0,0.0,0.0,CURRENT,0.0,0.0,NONE,,AUTO_ACCEPT,0.0
LN103846,2025-12,0.0,0.0,0.0,0.0,CURRENT,0.0,0.0,NONE,,AUTO_ACCEPT,0.0
LN104062,2025-12,0.0,0.0,0.0,0.0,CURRENT,0.0,0.0,NONE,,AUTO_ACCEPT,0.0
LN100193,2025-12,0.0,0.0,0.0,0.0,CURRENT,0.0,0.0,NONE,,AUTO_ACCEPT,0.0
LN108224,2025-12,0.0,0.0,0.0,0.0,CURRENT,0.0,0.0,NONE,,AUTO_ACCEPT,0.0
LN103810,2025-12,0.0,0.0,0.0,0.0,CURRENT,0.0,0.0,NONE,,AUTO_ACCEPT,0.0
LN108759,2025-12,0.0,0.0,0.0,0.0,CURRENT,0.0,0.0,NONE,,AUTO_ACCEPT,0.0
LN103654,2025-12,0.0,0.0,0.0,0.0,CURRENT,0.0,0.0,NONE,,AUTO_ACCEPT,0.0
LN108331,2025-12,0.0,0.0,0.0,0.0,CURRENT,0.0,0.0,NONE,,AUTO_ACCEPT,0.0
LN108762,2025-12,0.0,0.0,0.0,0.0,CURRENT,0.0,0.0,NONE,,AUTO_ACCEPT,0.0
LN108217,2025-12,0.0,0.0,0.0,0.0,CURRENT,0.0,0.0,NONE,,AUTO_ACCEPT,0.0
LN103850,2025-12,0.0,0.0,0.0,0.0,CURRENT,0.0,0.0,NONE,,AUTO_ACCEPT,0.0
LN100187,2025-12,0.0,0.0,0.0,0.0,CURRENT,0.0,0.0,NONE,,AUTO_ACCEPT,0.0
LN100279,2025-12,0.0,0.0,0.0,0.0,CURRENT,0.0,0.0,NONE,,AUTO_ACCEPT,0.0
LN100609,2025-12,0.0,0.0,0.0,0.0,CURRENT,0.0,0.0,NONE,,AUTO_ACCEPT,0.0
LN108646,2025-12,0.0,0.0,0.0,0.0,CURRENT,0.0,0.0,NONE,,AUTO_ACCEPT,0.0
LN108764,2025-12,0.0,0.0,0.0,0.0,CURRENT,0.0,0.0,NONE,,AUTO_ACCEPT,0.0
LN108216,2025-12,0.0,0.0,0.0,0.0,CURRENT,0.0,0.0,NONE,,AUTO_ACCEPT,0.0
LN104057,2025-12,0.0,0.0,0.0,0.0,CURRENT,0.0,0.0,NONE,,AUTO_ACCEPT,0.0
LN100186,2025-12,0.0,0.0,0.0,0.0,CURRENT,0.0,0.0,NONE,,AUTO_ACCEPT,0.0
LN104307,2025-12,0.0,0.0,0.0,0.0,CURRENT,0.0,0.0,NONE,,AUTO_ACCEPT,0.0
LN108332,2025-12,0.0,0.0,0.0,0.0,CURRENT,0.0,0.0,NONE,,AUTO_ACCEPT,0.0
LN104114,2025-12,0.0,0.0,0.0,0.0,CURRENT,0.0,0.0,NONE,,AUTO_ACCEPT,0.0
LN100610,2025-12,0.0,0.0,0.0,0.0,CURRENT,0.0,0.0,NONE,,AUTO_ACCEPT,0.0
LN104111,2025-12,0.0,0.0,0.0,0.0,CURRENT,0.0,0.0,NONE,,AUTO_ACCEPT,0.0
LN104306,2025-12,0.0,0.0,0.0,0.0,CURRENT,0.0,0.0,NONE,,AUTO_ACCEPT,0.0
LN100189,2025-12,0.0,0.0,0.0,0.0,CURRENT,0.0,0.0,NONE,,AUTO_ACCEPT,0.0
LN104059,2025-12,0.0,0.0,0.0,0.0,CURRENT,0.0,0.0,NONE,,AUTO_ACCEPT,0.0
LN104305,2025-12,0.0,0.0,0.0,0.0,CURRENT,0.0,0.0,NONE,,AUTO_ACCEPT,0.0
LN100190,2025-12,0.0,0.0,0.0,0.0,CURRENT,0.0,0.0,NONE,,AUTO_ACCEPT,0.0
LN100608,2025-12,0.0,0.0,0.0,0.0,CURRENT,0.0,0.0,NONE,,AUTO_ACCEPT,0.0
LN108650,2025-12,0.0,0.0,0.0,0.0,CURRENT,0.0,0.0,NONE,,AUTO_ACCEPT,0.0
LN108223,2025-12,0.0,0.0,0.0,0.0,CURRENT,0.0,0.0,NONE,,AUTO_ACCEPT,0.0
LN108760,2025-12,0.0,0.0,0.0,0.0,CURRENT,0.0,0.0,NONE,,AUTO_ACCEPT,0.0
LN108648,2025-12,0.0,0.0,0.0,0.0,CURRENT,0.0,0.0,NONE,,AUTO_ACCEPT,0.0
LN108327,2025-12,0.0,0.0,0.0,0.0,CURRENT,0.0,0.0,NONE,,AUTO_ACCEPT,0.0
LN100278,2025-12,0.0,0.0,0.0,0.0,CURRENT,0.0,0.0,NONE,,AUTO_ACCEPT,0.0
LN100523,2025-12,0.0,0.0,0.0,0.0,CURRENT,0.0,0.0,NONE,,AUTO_ACCEPT,0.0
LN104058,2025-12,0.0,0.0,0.0,0.0,CURRENT,0.0,0.0,NONE,,AUTO_ACCEPT,0.0
LN104113,2025-12,0.0,0.0,0.0,0.0,CURRENT,0.0,0.0,NONE,,AUTO_ACCEPT,0.0
LN104256,2025-12,0.0,0.0,0.0,0.0,CURRENT,0.0,0.0,NONE,,AUTO_ACCEPT,0.0
LN108761,2025-12,0.0,0.0,0.0,0.0,CURRENT,0.0,0.0,NONE,,AUTO_ACCEPT,0.0
LN108220,2025-12,0.0,0.0,0.0,0.0,CURRENT,0.0,0.0,NONE,,AUTO_ACCEPT,0.0
LN103699,2025-12,0.0,0.0,0.0,0.0,CURRENT,0.0,0.0,NONE,,AUTO_ACCEPT,0.0
LN100522,2025-12,0.0,0.0,0.0,0.0,CURRENT,0.0,0.0,NONE,,AUTO_ACCEPT,0.0
LN100603,2025-12,0.0,0.0,0.0,0.0,CURRENT,0.0,0.0,NONE,,AUTO_ACCEPT,0.0
LN100194,2025-12,0.0,0.0,0.0,0.0,CURRENT,0.0,0.0,NONE,,AUTO_ACCEPT,0.0
LN108237,2025-12,0.0,0.0,0.0,0.0,CURRENT,0.0,0.0,NONE,,AUTO_ACCEPT,0.0
LN100199,2025-12,0.0,0.0,0.0,0.0,CURRENT,0.0,0.0,NONE,,AUTO_ACCEPT,0.0
LN100532,2025-12,0.0,0.0,0.0,0.0,CURRENT,0.0,0.0,NONE,,AUTO_ACCEPT,0.0
LN103843,2025-12,0.0,0.0,0.0,0.0,CURRENT,0.0,0.0,NONE,,AUTO_ACCEPT,0.0
LN103814,2025-12,0.0,0.0,0.0,0.0,CURRENT,0.0,0.0,NONE,,AUTO_ACCEPT,0.0
LN100269,2025-12,0.0,0.0,0.0,0.0,CURRENT,0.0,0.0,NONE,,AUTO_ACCEPT,0.0
LN108744,2025-12,0.0,0.0,0.0,0.0,CURRENT,0.0,0.0,NONE,,AUTO_ACCEPT,0.0
LN104298,2025-12,0.0,0.0,0.0,0.0,CURRENT,0.0,0.0,NONE,,AUTO_ACCEPT,0.0
LN104066,2025-12,0.0,0.0,0.0,0.0,CURRENT,0.0,0.0,NONE,,AUTO_ACCEPT,0.0
LN108236,2025-12,0.0,0.0,0.0,0.0,CURRENT,0.0,0.0,NONE,,AUTO_ACCEPT,0.0
LN108320,2025-12,0.0,0.0,0.0,0.0,CURRENT,0.0,0.0,NONE,,AUTO_ACCEPT,0.0
LN108659,2025-12,0.0,0.0,0.0,0.0,CURRENT,0.0,0.0,NONE,,AUTO_ACCEPT,0.0
LN103661,2025-12,0.0,0.0,0.0,0.0,CURRENT,0.0,0.0,NONE,,AUTO_ACCEPT,0.0
LN108746,2025-12,0.0,0.0,0.0,0.0,CURRENT,0.0,0.0,NONE,,AUTO_ACCEPT,0.0
LN104108,2025-12,0.0,0.0,0.0,0.0,CURRENT,0.0,0.0,NONE,,AUTO_ACCEPT,0.0
LN104264,2025-12,0.0,0.0,0.0,0.0,CURRENT,0.0,0.0,NONE,,AUTO_ACCEPT,0.0
LN103695,2025-12,0.0,0.0,0.0,0.0,CURRENT,0.0,0.0,NONE,,AUTO_ACCEPT,0.0
LN108660,2025-12,0.0,0.0,0.0,0.0,CURRENT,0.0,0.0,NONE,,AUTO_ACCEPT,0.0
LN100596,2025-12,0.0,0.0,0.0,0.0,CURRENT,0.0,0.0,NONE,,AUTO_ACCEPT,0.0
LN100267,2025-12,0.0,0.0,0.0,0.0,CURRENT,0.0,0.0,NONE,,AUTO_ACCEPT,0.0
LN108661,2025-12,0.0,0.0,0.0,0.0,CURRENT,0.0,0.0,NONE,,AUTO_ACCEPT,0.0
LN100595,2025-12,0.0,0.0,0.0,0.0,CURRENT,0.0,0.0,NONE,,AUTO_ACCEPT,0.0
LN100201,2025-12,0.0,0.0,0.0,0.0,CURRENT,0.0,0.0,NONE,,AUTO_ACCEPT,0.0
LN108240,2025-12,0.0,0.0,0.0,0.0,CURRENT,0.0,0.0,NONE,,AUTO_ACCEPT,0.0
LN108318,2025-12,0.0,0.0,0.0,0.0,CURRENT,0.0,0.0,NONE,,AUTO_ACCEPT,0.0
LN103842,2025-12,0.0,0.0,0.0,0.0,CURRENT,0.0,0.0,NONE,,AUTO_ACCEPT,0.0
LN100598,2025-12,0.0,0.0,0.0,0.0,CURRENT,0.0,0.0,NONE,,AUTO_ACCEPT,0.0
LN103662,2025-12,0.0,0.0,0.0,0.0,CURRENT,0.0,0.0,NONE,,AUTO_ACCEPT,0.0
LN108742,2025-12,0.0,0.0,0.0,0.0,CURRENT,0.0,0.0,NONE,,AUTO_ACCEPT,0.0
LN104067,2025-12,0.0,0.0,0.0,0.0,CURRENT,0.0,0.0,NONE,,AUTO_ACCEPT,0.0
LN100200,2025-12,0.0,0.0,0.0,0.0,CURRENT,0.0,0.0,NONE,,AUTO_ACCEPT,0.0
LN104107,2025-12,0.0,0.0,0.0,0.0,CURRENT,0.0,0.0,NONE,,AUTO_ACCEPT,0.0
LN108239,2025-12,0.0,0.0,0.0,0.0,CURRENT,0.0,0.0,NONE,,AUTO_ACCEPT,0.0
LN104297,2025-12,0.0,0.0,0.0,0.0,CURRENT,0.0,0.0,NONE,,AUTO_ACCEPT,0.0
LN108319,2025-12,0.0,0.0,0.0,0.0,CURRENT,0.0,0.0,NONE,,AUTO_ACCEPT,0.0
LN100534,2025-12,0.0,0.0,0.0,0.0,CURRENT,0.0,0.0,NONE,,AUTO_ACCEPT,0.0
LN100198,2025-12,0.0,0.0,0.0,0.0,CURRENT,0.0,0.0,NONE,,AUTO_ACCEPT,0.0
LN100271,2025-12,0.0,0.0,0.0,0.0,CURRENT,0.0,0.0,NONE,,AUTO_ACCEPT,0.0
LN108235,2025-12,0.0,0.0,0.0,0.0,CURRENT,0.0,0.0,NONE,,AUTO_ACCEPT,0.0
LN108749,2025-12,0.0,0.0,0.0,0.0,CURRENT,0.0,0.0,NONE,,AUTO_ACCEPT,0.0
LN104301,2025-12,0.0,0.0,0.0,0.0,CURRENT,0.0,0.0,NONE,,AUTO_ACCEPT,0.0
LN104064,2025-12,0.0,0.0,0.0,0.0,CURRENT,0.0,0.0,NONE,,AUTO_ACCEPT,0.0
LN103696,2025-12,0.0,0.0,0.0,0.0,CURRENT,0.0,0.0,NONE,,AUTO_ACCEPT,0.0
LN108232,2025-12,0.0,0.0,0.0,0.0,CURRENT,0.0,0.0,NONE,,AUTO_ACCEPT,0.0
LN108656,2025-12,0.0,0.0,0.0,0.0,CURRENT,0.0,0.0,NONE,,AUTO_ACCEPT,0.0
LN108750,2025-12,0.0,0.0,0.0,0.0,CURRENT,0.0,0.0,NONE,,AUTO_ACCEPT,0.0
LN100528,2025-12,0.0,0.0,0.0,0.0,CURRENT,0.0,0.0,NONE,,AUTO_ACCEPT,0.0
LN103659,2025-12,0.0,0.0,0.0,0.0,CURRENT,0.0,0.0,NONE,,AUTO_ACCEPT,0.0
LN100602,2025-12,0.0,0.0,0.0,0.0,CURRENT,0.0,0.0,NONE,,AUTO_ACCEPT,0.0
LN108323,2025-12,0.0,0.0,0.0,0.0,CURRENT,0.0,0.0,NONE,,AUTO_ACCEPT,0.0
LN103845,2025-12,0.0,0.0,0.0,0.0,CURRENT,0.0,0.0,NONE,,AUTO_ACCEPT,0.0
LN104260,2025-12,0.0,0.0,0.0,0.0,CURRENT,0.0,0.0,NONE,,AUTO_ACCEPT,0.0
LN108230,2025-12,0.0,0.0,0.0,0.0,CURRENT,0.0,0.0,NONE,,AUTO_ACCEPT,0.0
LN108752,2025-12,0.0,0.0,0.0,0.0,CURRENT,0.0,0.0,NONE,,AUTO_ACCEPT,0.0
LN100527,2025-12,0.0,0.0,0.0,0.0,CURRENT,0.0,0.0,NONE,,AUTO_ACCEPT,0.0
LN100195,2025-12,0.0,0.0,0.0,0.0,CURRENT,0.0,0.0,NONE,,AUTO_ACCEPT,0.0
LN100273,2025-12,0.0,0.0,0.0,0.0,CURRENT,0.0,0.0,NONE,,AUTO_ACCEPT,0.0
LN108657,2025-12,0.0,0.0,0.0,0.0,CURRENT,0.0,0.0,NONE,,AUTO_ACCEPT,0.0
LN108233,2025-12,0.0,0.0,0.0,0.0,CURRENT,0.0,0.0,NONE,,AUTO_ACCEPT,0.0
LN108321,2025-12,0.0,0.0,0.0,0.0,CURRENT,0.0,0.0,NONE,,AUTO_ACCEPT,0.0
LN108747,2025-12,0.0,0.0,0.0,0.0,CURRENT,0.0,0.0,NONE,,AUTO_ACCEPT,0.0
LN103844,2025-12,0.0,0.0,0.0,0.0,CURRENT,0.0,0.0,NONE,,AUTO_ACCEPT,0.0
LN100529,2025-12,0.0,0.0,0.0,0.0,CURRENT,0.0,0.0,NONE,,AUTO_ACCEPT,0.0
LN100197,2025-12,0.0,0.0,0.0,0.0,CURRENT,0.0,0.0,NONE,,AUTO_ACCEPT,0.0
LN108658,2025-12,0.0,0.0,0.0,0.0,CURRENT,0.0,0.0,NONE,,AUTO_ACCEPT,0.0
LN100599,2025-12,0.0,0.0,0.0,0.0,CURRENT,0.0,0.0,NONE,,AUTO_ACCEPT,0.0
LN100272,2025-12,0.0,0.0,0.0,0.0,CURRENT,0.0,0.0,NONE,,AUTO_ACCEPT,0.0
LN108234,2025-12,0.0,0.0,0.0,0.0,CURRENT,0.0,0.0,NONE,,AUTO_ACCEPT,0.0
LN103812,2025-12,0.0,0.0,0.0,0.0,CURRENT,0.0,0.0,NONE,,AUTO_ACCEPT,0.0
LN104300,2025-12,0.0,0.0,0.0,0.0,CURRENT,0.0,0.0,NONE,,AUTO_ACCEPT,0.0
LN108748,2025-12,0.0,0.0,0.0,0.0,CURRENT,0.0,0.0,NONE,,AUTO_ACCEPT,0.0
LN104263,2025-12,0.0,0.0,0.0,0.0,CURRENT,0.0,0.0,NONE,,AUTO_ACCEPT,0.0
LN108490,2025-12,0.0,0.0,0.0,0.0,CURRENT,0.0,0.0,NONE,,AUTO_ACCEPT,0.0
LN100196,2025-12,0.0,0.0,0.0,0.0,CURRENT,0.0,0.0,NONE,,AUTO_ACCEPT,0.0
LN100601,2025-12,0.0,0.0,0.0,0.0,CURRENT,0.0,0.0,NONE,,AUTO_ACCEPT,0.0
LN104065,2025-12,0.0,0.0,0.0,0.0,CURRENT,0.0,0.0,NONE,,AUTO_ACCEPT,0.0
LN108741,2025-12,0.0,0.0,0.0,0.0,CURRENT,0.0,0.0,NONE,,AUTO_ACCEPT,0.0
LN100611,2025-12,0.0,0.0,0.0,0.0,CURRENT,0.0,0.0,NONE,,AUTO_ACCEPT,0.0
LN100280,2025-12,0.0,0.0,0.0,0.0,CURRENT,0.0,0.0,NONE,,AUTO_ACCEPT,0.0
LN100290,2025-12,0.0,0.0,0.0,0.0,CURRENT,0.0,0.0,NONE,,AUTO_ACCEPT,0.0
LN108784,2025-12,0.0,0.0,0.0,0.0,CURRENT,0.0,0.0,NONE,,AUTO_ACCEPT,0.0
LN100512,2025-12,0.0,0.0,0.0,0.0,CURRENT,0.0,0.0,NONE,,AUTO_ACCEPT,0.0
LN104313,2025-12,0.0,0.0,0.0,0.0,CURRENT,0.0,0.0,NONE,,AUTO_ACCEPT,0.0
LN100172,2025-12,0.0,0.0,0.0,0.0,CURRENT,0.0,0.0,NONE,,AUTO_ACCEPT,0.0
LN104118,2025-12,0.0,0.0,0.0,0.0,CURRENT,0.0,0.0,NONE,,AUTO_ACCEPT,0.0
LN108634,2025-12,0.0,0.0,0.0,0.0,CURRENT,0.0,0.0,NONE,,AUTO_ACCEPT,0.0
LN103858,2025-12,0.0,0.0,0.0,0.0,CURRENT,0.0,0.0,NONE,,AUTO_ACCEPT,0.0
LN108200,2025-12,0.0,0.0,0.0,0.0,CURRENT,0.0,0.0,NONE,,AUTO_ACCEPT,0.0
LN108785,2025-12,0.0,0.0,0.0,0.0,CURRENT,0.0,0.0,NONE,,AUTO_ACCEPT,0.0
LN103705,2025-12,0.0,0.0,0.0,0.0,CURRENT,0.0,0.0,NONE,,AUTO_ACCEPT,0.0
LN100511,2025-12,0.0,0.0,0.0,0.0,CURRENT,0.0,0.0,NONE,,AUTO_ACCEPT,0.0
LN104047,2025-12,0.0,0.0,0.0,0.0,CURRENT,0.0,0.0,NONE,,AUTO_ACCEPT,0.0
LN100622,2025-12,0.0,0.0,0.0,0.0,CURRENT,0.0,0.0,NONE,,AUTO_ACCEPT,0.0
LN104251,2025-12,0.0,0.0,0.0,0.0,CURRENT,0.0,0.0,NONE,,AUTO_ACCEPT,0.0
LN108342,2025-12,0.0,0.0,0.0,0.0,CURRENT,0.0,0.0,NONE,,AUTO_ACCEPT,0.0
LN108201,2025-12,0.0,0.0,0.0,0.0,CURRENT,0.0,0.0,NONE,,AUTO_ACCEPT,0.0
LN100621,2025-12,0.0,0.0,0.0,0.0,CURRENT,0.0,0.0,NONE,,AUTO_ACCEPT,0.0
LN104048,2025-12,0.0,0.0,0.0,0.0,CURRENT,0.0,0.0,NONE,,AUTO_ACCEPT,0.0
LN100619,2025-12,0.0,0.0,0.0,0.0,CURRENT,0.0,0.0,NONE,,AUTO_ACCEPT,0.0
LN108780,2025-12,0.0,0.0,0.0,0.0,CURRENT,0.0,0.0,NONE,,AUTO_ACCEPT,0.0
LN100514,2025-12,0.0,0.0,0.0,0.0,CURRENT,0.0,0.0,NONE,,AUTO_ACCEPT,0.0
LN104252,2025-12,0.0,0.0,0.0,0.0,CURRENT,0.0,0.0,NONE,,AUTO_ACCEPT,0.0
LN104312,2025-12,0.0,0.0,0.0,0.0,CURRENT,0.0,0.0,NONE,,AUTO_ACCEPT,0.0
LN108203,2025-12,0.0,0.0,0.0,0.0,CURRENT,0.0,0.0,NONE,,AUTO_ACCEPT,0.0
LN103856,2025-12,0.0,0.0,0.0,0.0,CURRENT,0.0,0.0,NONE,,AUTO_ACCEPT,0.0
LN104314,2025-12,0.0,0.0,0.0,0.0,CURRENT,0.0,0.0,NONE,,AUTO_ACCEPT,0.0
LN108782,2025-12,0.0,0.0,0.0,0.0,CURRENT,0.0,0.0,NONE,,AUTO_ACCEPT,0.0
LN108341,2025-12,0.0,0.0,0.0,0.0,CURRENT,0.0,0.0,NONE,,AUTO_ACCEPT,0.0
LN100174,2025-12,0.0,0.0,0.0,0.0,CURRENT,0.0,0.0,NONE,,AUTO_ACCEPT,0.0
LN100620,2025-12,0.0,0.0,0.0,0.0,CURRENT,0.0,0.0,NONE,,AUTO_ACCEPT,0.0
LN103649,2025-12,0.0,0.0,0.0,0.0,CURRENT,0.0,0.0,NONE,,AUTO_ACCEPT,0.0
LN108635,2025-12,0.0,0.0,0.0,0.0,CURRENT,0.0,0.0,NONE,,AUTO_ACCEPT,0.0
LN108202,2025-12,0.0,0.0,0.0,0.0,CURRENT,0.0,0.0,NONE,,AUTO_ACCEPT,0.0
LN100173,2025-12,0.0,0.0,0.0,0.0,CURRENT,0.0,0.0,NONE,,AUTO_ACCEPT,0.0
LN103806,2025-12,0.0,0.0,0.0,0.0,CURRENT,0.0,0.0,NONE,,AUTO_ACCEPT,0.0
LN108199,2025-12,0.0,0.0,0.0,0.0,CURRENT,0.0,0.0,NONE,,AUTO_ACCEPT,0.0
LN100292,2025-12,0.0,0.0,0.0,0.0,CURRENT,0.0,0.0,NONE,,AUTO_ACCEPT,0.0
LN108787,2025-12,0.0,0.0,0.0,0.0,CURRENT,0.0,0.0,NONE,,AUTO_ACCEPT,0.0
LN100168,2025-12,0.0,0.0,0.0,0.0,CURRENT,0.0,0.0,NONE,,AUTO_ACCEPT,0.0
LN104250,2025-12,0.0,0.0,0.0,0.0,CURRENT,0.0,0.0,NONE,,AUTO_ACCEPT,0.0
LN103647,2025-12,0.0,0.0,0.0,0.0,CURRENT,0.0,0.0,NONE,,AUTO_ACCEPT,0.0
LN108790,2025-12,0.0,0.0,0.0,0.0,CURRENT,0.0,0.0,NONE,,AUTO_ACCEPT,0.0
LN108195,2025-12,0.0,0.0,0.0,0.0,CURRENT,0.0,0.0,NONE,,AUTO_ACCEPT,0.0
LN108346,2025-12,0.0,0.0,0.0,0.0,CURRENT,0.0,0.0,NONE,,AUTO_ACCEPT,0.0
LN103860,2025-12,0.0,0.0,0.0,0.0,CURRENT,0.0,0.0,NONE,,AUTO_ACCEPT,0.0
LN104315,2025-12,0.0,0.0,0.0,0.0,CURRENT,0.0,0.0,NONE,,AUTO_ACCEPT,0.0
LN108630,2025-12,0.0,0.0,0.0,0.0,CURRENT,0.0,0.0,NONE,,AUTO_ACCEPT,0.0
LN100626,2025-12,0.0,0.0,0.0,0.0,CURRENT,0.0,0.0,NONE,,AUTO_ACCEPT,0.0
LN100294,2025-12,0.0,0.0,0.0,0.0,CURRENT,0.0,0.0,NONE,,AUTO_ACCEPT,0.0
LN108791,2025-12,0.0,0.0,0.0,0.0,CURRENT,0.0,0.0,NONE,,AUTO_ACCEPT,0.0
LN108193,2025-12,0.0,0.0,0.0,0.0,CURRENT,0.0,0.0,NONE,,AUTO_ACCEPT,0.0
LN100167,2025-12,0.0,0.0,0.0,0.0,CURRENT,0.0,0.0,NONE,,AUTO_ACCEPT,0.0
LN104316,2025-12,0.0,0.0,0.0,0.0,CURRENT,0.0,0.0,NONE,,AUTO_ACCEPT,0.0
LN104044,2025-12,0.0,0.0,0.0,0.0,CURRENT,0.0,0.0,NONE,,AUTO_ACCEPT,0.0
LN100509,2025-12,0.0,0.0,0.0,0.0,CURRENT,0.0,0.0,NONE,,AUTO_ACCEPT,0.0
LN108639,2025-12,0.0,0.0,0.0,0.0,CURRENT,0.0,0.0,NONE,,AUTO_ACCEPT,0.0
LN103804,2025-12,0.0,0.0,0.0,0.0,CURRENT,0.0,0.0,NONE,,AUTO_ACCEPT,0.0
LN108196,2025-12,0.0,0.0,0.0,0.0,CURRENT,0.0,0.0,NONE,,AUTO_ACCEPT,0.0
LN100171,2025-12,0.0,0.0,0.0,0.0,CURRENT,0.0,0.0,NONE,,AUTO_ACCEPT,0.0
LN103648,2025-12,0.0,0.0,0.0,0.0,CURRENT,0.0,0.0,NONE,,AUTO_ACCEPT,0.0
LN108344,2025-12,0.0,0.0,0.0,0.0,CURRENT,0.0,0.0,NONE,,AUTO_ACCEPT,0.0
LN108633,2025-12,0.0,0.0,0.0,0.0,CURRENT,0.0,0.0,NONE,,AUTO_ACCEPT,0.0
LN100623,2025-12,0.0,0.0,0.0,0.0,CURRENT,0.0,0.0,NONE,,AUTO_ACCEPT,0.0
LN108788,2025-12,0.0,0.0,0.0,0.0,CURRENT,0.0,0.0,NONE,,AUTO_ACCEPT,0.0
LN104119,2025-12,0.0,0.0,0.0,0.0,CURRENT,0.0,0.0,NONE,,AUTO_ACCEPT,0.0
LN108789,2025-12,0.0,0.0,0.0,0.0,CURRENT,0.0,0.0,NONE,,AUTO_ACCEPT,0.0
LN108197,2025-12,0.0,0.0,0.0,0.0,CURRENT,0.0,0.0,NONE,,AUTO_ACCEPT,0.0
LN100170,2025-12,0.0,0.0,0.0,0.0,CURRENT,0.0,0.0,NONE,,AUTO_ACCEPT,0.0
LN100293,2025-12,0.0,0.0,0.0,0.0,CURRENT,0.0,0.0,NONE,,AUTO_ACCEPT,0.0
LN108631,2025-12,0.0,0.0,0.0,0.0,CURRENT,0.0,0.0,NONE,,AUTO_ACCEPT,0.0
LN108345,2025-12,0.0,0.0,0.0,0.0,CURRENT,0.0,0.0,NONE,,AUTO_ACCEPT,0.0
LN104046,2025-12,0.0,0.0,0.0,0.0,CURRENT,0.0,0.0,NONE,,AUTO_ACCEPT,0.0
LN100510,2025-12,0.0,0.0,0.0,0.0,CURRENT,0.0,0.0,NONE,,AUTO_ACCEPT,0.0
LN100624,2025-12,0.0,0.0,0.0,0.0,CURRENT,0.0,0.0,NONE,,AUTO_ACCEPT,0.0
LN103859,2025-12,0.0,0.0,0.0,0.0,CURRENT,0.0,0.0,NONE,,AUTO_ACCEPT,0.0
LN108215,2025-12,0.0,0.0,0.0,0.0,CURRENT,0.0,0.0,NONE,,AUTO_ACCEPT,0.0
LN100285,2025-12,0.0,0.0,0.0,0.0,CURRENT,0.0,0.0,NONE,,AUTO_ACCEPT,0.0
LN100175,2025-12,0.0,0.0,0.0,0.0,CURRENT,0.0,0.0,NONE,,AUTO_ACCEPT,0.0
LN108771,2025-12,0.0,0.0,0.0,0.0,CURRENT,0.0,0.0,NONE,,AUTO_ACCEPT,0.0
LN100613,2025-12,0.0,0.0,0.0,0.0,CURRENT,0.0,0.0,NONE,,AUTO_ACCEPT,0.0
LN103702,2025-12,0.0,0.0,0.0,0.0,CURRENT,0.0,0.0,NONE,,AUTO_ACCEPT,0.0
LN103852,2025-12,0.0,0.0,0.0,0.0,CURRENT,0.0,0.0,NONE,,AUTO_ACCEPT,0.0
LN104055,2025-12,0.0,0.0,0.0,0.0,CURRENT,0.0,0.0,NONE,,AUTO_ACCEPT,0.0
LN100183,2025-12,0.0,0.0,0.0,0.0,CURRENT,0.0,0.0,NONE,,AUTO_ACCEPT,0.0
LN108212,2025-12,0.0,0.0,0.0,0.0,CURRENT,0.0,0.0,NONE,,AUTO_ACCEPT,0.0
LN104115,2025-12,0.0,0.0,0.0,0.0,CURRENT,0.0,0.0,NONE,,AUTO_ACCEPT,0.0
LN100520,2025-12,0.0,0.0,0.0,0.0,CURRENT,0.0,0.0,NONE,,AUTO_ACCEPT,0.0
LN104254,2025-12,0.0,0.0,0.0,0.0,CURRENT,0.0,0.0,NONE,,AUTO_ACCEPT,0.0
LN104309,2025-12,0.0,0.0,0.0,0.0,CURRENT,0.0,0.0,NONE,,AUTO_ACCEPT,0.0
LN108643,2025-12,0.0,0.0,0.0,0.0,CURRENT,0.0,0.0,NONE,,AUTO_ACCEPT,0.0
LN100614,2025-12,0.0,0.0,0.0,0.0,CURRENT,0.0,0.0,NONE,,AUTO_ACCEPT,0.0
LN108772,2025-12,0.0,0.0,0.0,0.0,CURRENT,0.0,0.0,NONE,,AUTO_ACCEPT,0.0
LN108210,2025-12,0.0,0.0,0.0,0.0,CURRENT,0.0,0.0,NONE,,AUTO_ACCEPT,0.0
LN100281,2025-12,0.0,0.0,0.0,0.0,CURRENT,0.0,0.0,NONE,,AUTO_ACCEPT,0.0
LN108334,2025-12,0.0,0.0,0.0,0.0,CURRENT,0.0,0.0,NONE,,AUTO_ACCEPT,0.0
LN103652,2025-12,0.0,0.0,0.0,0.0,CURRENT,0.0,0.0,NONE,,AUTO_ACCEPT,0.0
LN100184,2025-12,0.0,0.0,0.0,0.0,CURRENT,0.0,0.0,NONE,,AUTO_ACCEPT,0.0
LN108645,2025-12,0.0,0.0,0.0,0.0,CURRENT,0.0,0.0,NONE,,AUTO_ACCEPT,0.0
LN104255,2025-12,0.0,0.0,0.0,0.0,CURRENT,0.0,0.0,NONE,,AUTO_ACCEPT,0.0
LN103653,2025-12,0.0,0.0,0.0,0.0,CURRENT,0.0,0.0,NONE,,AUTO_ACCEPT,0.0
LN103851,2025-12,0.0,0.0,0.0,0.0,CURRENT,0.0,0.0,NONE,,AUTO_ACCEPT,0.0
LN104056,2025-12,0.0,0.0,0.0,0.0,CURRENT,0.0,0.0,NONE,,AUTO_ACCEPT,0.0
LN108767,2025-12,0.0,0.0,0.0,0.0,CURRENT,0.0,0.0,NONE,,AUTO_ACCEPT,0.0
LN108214,2025-12,0.0,0.0,0.0,0.0,CURRENT,0.0,0.0,NONE,,AUTO_ACCEPT,0.0
LN108336,2025-12,0.0,0.0,0.0,0.0,CURRENT,0.0,0.0,NONE,,AUTO_ACCEPT,0.0
LN100185,2025-12,0.0,0.0,0.0,0.0,CURRENT,0.0,0.0,NONE,,AUTO_ACCEPT,0.0
LN108333,2025-12,0.0,0.0,0.0,0.0,CURRENT,0.0,0.0,NONE,,AUTO_ACCEPT,0.0
LN100521,2025-12,0.0,0.0,0.0,0.0,CURRENT,0.0,0.0,NONE,,AUTO_ACCEPT,0.0
LN100612,2025-12,0.0,0.0,0.0,0.0,CURRENT,0.0,0.0,NONE,,AUTO_ACCEPT,0.0
LN104308,2025-12,0.0,0.0,0.0,0.0,CURRENT,0.0,0.0,NONE,,AUTO_ACCEPT,0.0
LN108770,2025-12,0.0,0.0,0.0,0.0,CURRENT,0.0,0.0,NONE,,AUTO_ACCEPT,0.0
LN108644,2025-12,0.0,0.0,0.0,0.0,CURRENT,0.0,0.0,NONE,,AUTO_ACCEPT,0.0
LN108213,2025-12,0.0,0.0,0.0,0.0,CURRENT,0.0,0.0,NONE,,AUTO_ACCEPT,0.0
LN103809,2025-12,0.0,0.0,0.0,0.0,CURRENT,0.0,0.0,NONE,,AUTO_ACCEPT,0.0
LN108774,2025-12,0.0,0.0,0.0,0.0,CURRENT,0.0,0.0,NONE,,AUTO_ACCEPT,0.0
LN100182,2025-12,0.0,0.0,0.0,0.0,CURRENT,0.0,0.0,NONE,,AUTO_ACCEPT,0.0
LN108642,2025-12,0.0,0.0,0.0,0.0,CURRENT,0.0,0.0,NONE,,AUTO_ACCEPT,0.0
LN108338,2025-12,0.0,0.0,0.0,0.0,CURRENT,0.0,0.0,NONE,,AUTO_ACCEPT,0.0
LN100284,2025-12,0.0,0.0,0.0,0.0,CURRENT,0.0,0.0,NONE,,AUTO_ACCEPT,0.0
LN108777,2025-12,0.0,0.0,0.0,0.0,CURRENT,0.0,0.0,NONE,,AUTO_ACCEPT,0.0
LN100516,2025-12,0.0,0.0,0.0,0.0,CURRENT,0.0,0.0,NONE,,AUTO_ACCEPT,0.0
LN100178,2025-12,0.0,0.0,0.0,0.0,CURRENT,0.0,0.0,NONE,,AUTO_ACCEPT,0.0
LN100617,2025-12,0.0,0.0,0.0,0.0,CURRENT,0.0,0.0,NONE,,AUTO_ACCEPT,0.0
LN108640,2025-12,0.0,0.0,0.0,0.0,CURRENT,0.0,0.0,NONE,,AUTO_ACCEPT,0.0
LN108207,2025-12,0.0,0.0,0.0,0.0,CURRENT,0.0,0.0,NONE,,AUTO_ACCEPT,0.0
LN108205,2025-12,0.0,0.0,0.0,0.0,CURRENT,0.0,0.0,NONE,,AUTO_ACCEPT,0.0
LN104311,2025-12,0.0,0.0,0.0,0.0,CURRENT,0.0,0.0,NONE,,AUTO_ACCEPT,0.0
LN103650,2025-12,0.0,0.0,0.0,0.0,CURRENT,0.0,0.0,NONE,,AUTO_ACCEPT,0.0
LN108779,2025-12,0.0,0.0,0.0,0.0,CURRENT,0.0,0.0,NONE,,AUTO_ACCEPT,0.0
LN104052,2025-12,0.0,0.0,0.0,0.0,CURRENT,0.0,0.0,NONE,,AUTO_ACCEPT,0.0
LN104117,2025-12,0.0,0.0,0.0,0.0,CURRENT,0.0,0.0,NONE,,AUTO_ACCEPT,0.0
LN108340,2025-12,0.0,0.0,0.0,0.0,CURRENT,0.0,0.0,NONE,,AUTO_ACCEPT,0.0
LN108204,2025-12,0.0,0.0,0.0,0.0,CURRENT,0.0,0.0,NONE,,AUTO_ACCEPT,0.0
LN103855,2025-12,0.0,0.0,0.0,0.0,CURRENT,0.0,0.0,NONE,,AUTO_ACCEPT,0.0
LN103704,2025-12,0.0,0.0,0.0,0.0,CURRENT,0.0,0.0,NONE,,AUTO_ACCEPT,0.0
LN104253,2025-12,0.0,0.0,0.0,0.0,CURRENT,0.0,0.0,NONE,,AUTO_ACCEPT,0.0
LN100180,2025-12,0.0,0.0,0.0,0.0,CURRENT,0.0,0.0,NONE,,AUTO_ACCEPT,0.0
LN108209,2025-12,0.0,0.0,0.0,0.0,CURRENT,0.0,0.0,NONE,,AUTO_ACCEPT,0.0
LN104054,2025-12,0.0,0.0,0.0,0.0,CURRENT,0.0,0.0,NONE,,AUTO_ACCEPT,0.0
LN100283,2025-12,0.0,0.0,0.0,0.0,CURRENT,0.0,0.0,NONE,,AUTO_ACCEPT,0.0
LN100615,2025-12,0.0,0.0,0.0,0.0,CURRENT,0.0,0.0,NONE,,AUTO_ACCEPT,0.0
LN104116,2025-12,0.0,0.0,0.0,0.0,CURRENT,0.0,0.0,NONE,,AUTO_ACCEPT,0.0
LN104310,2025-12,0.0,0.0,0.0,0.0,CURRENT,0.0,0.0,NONE,,AUTO_ACCEPT,0.0
LN108337,2025-12,0.0,0.0,0.0,0.0,CURRENT,0.0,0.0,NONE,,AUTO_ACCEPT,0.0
LN100616,2025-12,0.0,0.0,0.0,0.0,CURRENT,0.0,0.0,NONE,,AUTO_ACCEPT,0.0
LN103651,2025-12,0.0,0.0,0.0,0.0,CURRENT,0.0,0.0,NONE,,AUTO_ACCEPT,0.0
LN108208,2025-12,0.0,0.0,0.0,0.0,CURRENT,0.0,0.0,NONE,,AUTO_ACCEPT,0.0
LN100518,2025-12,0.0,0.0,0.0,0.0,CURRENT,0.0,0.0,NONE,,AUTO_ACCEPT,0.0
LN103854,2025-12,0.0,0.0,0.0,0.0,CURRENT,0.0,0.0,NONE,,AUTO_ACCEPT,0.0
LN104053,2025-12,0.0,0.0,0.0,0.0,CURRENT,0.0,0.0,NONE,,AUTO_ACCEPT,0.0
LN103807,2025-12,0.0,0.0,0.0,0.0,CURRENT,0.0,0.0,NONE,,AUTO_ACCEPT,0.0
LN108641,2025-12,0.0,0.0,0.0,0.0,CURRENT,0.0,0.0,NONE,,AUTO_ACCEPT,0.0
LN108776,2025-12,0.0,0.0,0.0,0.0,CURRENT,0.0,0.0,NONE,,AUTO_ACCEPT,0.0
LN108775,2025-12,0.0,0.0,0.0,0.0,CURRENT,0.0,0.0,NONE,,AUTO_ACCEPT,0.0
LN104296,2025-12,0.0,0.0,0.0,0.0,CURRENT,0.0,0.0,NONE,,AUTO_ACCEPT,0.0
LN104068,2025-12,0.0,0.0,0.0,0.0,CURRENT,0.0,0.0,NONE,,AUTO_ACCEPT,0.0
LN108241,2025-12,0.0,0.0,0.0,0.0,CURRENT,0.0,0.0,NONE,,AUTO_ACCEPT,0.0
LN100569,2025-12,0.0,0.0,0.0,0.0,CURRENT,0.0,0.0,NONE,,AUTO_ACCEPT,0.0
LN104283,2025-12,0.0,0.0,0.0,0.0,CURRENT,0.0,0.0,NONE,,AUTO_ACCEPT,0.0
LN100548,2025-12,0.0,0.0,0.0,0.0,CURRENT,0.0,0.0,NONE,,AUTO_ACCEPT,0.0
LN108712,2025-12,0.0,0.0,0.0,0.0,CURRENT,0.0,0.0,NONE,,AUTO_ACCEPT,0.0
LN100570,2025-12,0.0,0.0,0.0,0.0,CURRENT,0.0,0.0,NONE,,AUTO_ACCEPT,0.0
LN100251,2025-12,0.0,0.0,0.0,0.0,CURRENT,0.0,0.0,NONE,,AUTO_ACCEPT,0.0
LN103832,2025-12,0.0,0.0,0.0,0.0,CURRENT,0.0,0.0,NONE,,AUTO_ACCEPT,0.0
LN108272,2025-12,0.0,0.0,0.0,0.0,CURRENT,0.0,0.0,NONE,,AUTO_ACCEPT,0.0
LN108681,2025-12,0.0,0.0,0.0,0.0,CURRENT,0.0,0.0,NONE,,AUTO_ACCEPT,0.0
LN104082,2025-12,0.0,0.0,0.0,0.0,CURRENT,0.0,0.0,NONE,,AUTO_ACCEPT,0.0
LN108295,2025-12,0.0,0.0,0.0,0.0,CURRENT,0.0,0.0,NONE,,AUTO_ACCEPT,0.0
LN103678,2025-12,0.0,0.0,0.0,0.0,CURRENT,0.0,0.0,NONE,,AUTO_ACCEPT,0.0
LN108713,2025-12,0.0,0.0,0.0,0.0,CURRENT,0.0,0.0,NONE,,AUTO_ACCEPT,0.0
LN100230,2025-12,0.0,0.0,0.0,0.0,CURRENT,0.0,0.0,NONE,,AUTO_ACCEPT,0.0
LN103689,2025-12,0.0,0.0,0.0,0.0,CURRENT,0.0,0.0,NONE,,AUTO_ACCEPT,0.0
LN100231,2025-12,0.0,0.0,0.0,0.0,CURRENT,0.0,0.0,NONE,,AUTO_ACCEPT,0.0
LN104083,2025-12,0.0,0.0,0.0,0.0,CURRENT,0.0,0.0,NONE,,AUTO_ACCEPT,0.0
LN108682,2025-12,0.0,0.0,0.0,0.0,CURRENT,0.0,0.0,NONE,,AUTO_ACCEPT,0.0
LN108710,2025-12,0.0,0.0,0.0,0.0,CURRENT,0.0,0.0,NONE,,AUTO_ACCEPT,0.0
LN100233,2025-12,0.0,0.0,0.0,0.0,CURRENT,0.0,0.0,NONE,,AUTO_ACCEPT,0.0
LN103688,2025-12,0.0,0.0,0.0,0.0,CURRENT,0.0,0.0,NONE,,AUTO_ACCEPT,0.0
LN104282,2025-12,0.0,0.0,0.0,0.0,CURRENT,0.0,0.0,NONE,,AUTO_ACCEPT,0.0
LN108683,2025-12,0.0,0.0,0.0,0.0,CURRENT,0.0,0.0,NONE,,AUTO_ACCEPT,0.0
LN108292,2025-12,0.0,0.0,0.0,0.0,CURRENT,0.0,0.0,NONE,,AUTO_ACCEPT,0.0
LN100549,2025-12,0.0,0.0,0.0,0.0,CURRENT,0.0,0.0,NONE,,AUTO_ACCEPT,0.0
LN108275,2025-12,0.0,0.0,0.0,0.0,CURRENT,0.0,0.0,NONE,,AUTO_ACCEPT,0.0
LN100547,2025-12,0.0,0.0,0.0,0.0,CURRENT,0.0,0.0,NONE,,AUTO_ACCEPT,0.0
LN108709,2025-12,0.0,0.0,0.0,0.0,CURRENT,0.0,0.0,NONE,,AUTO_ACCEPT,0.0
LN100568,2025-12,0.0,0.0,0.0,0.0,CURRENT,0.0,0.0,NONE,,AUTO_ACCEPT,0.0
LN100232,2025-12,0.0,0.0,0.0,0.0,CURRENT,0.0,0.0,NONE,,AUTO_ACCEPT,0.0
LN104093,2025-12,0.0,0.0,0.0,0.0,CURRENT,0.0,0.0,NONE,,AUTO_ACCEPT,0.0
LN100249,2025-12,0.0,0.0,0.0,0.0,CURRENT,0.0,0.0,NONE,,AUTO_ACCEPT,0.0
LN104274,2025-12,0.0,0.0,0.0,0.0,CURRENT,0.0,0.0,NONE,,AUTO_ACCEPT,0.0
LN108274,2025-12,0.0,0.0,0.0,0.0,CURRENT,0.0,0.0,NONE,,AUTO_ACCEPT,0.0
LN103823,2025-12,0.0,0.0,0.0,0.0,CURRENT,0.0,0.0,NONE,,AUTO_ACCEPT,0.0
LN103679,2025-12,0.0,0.0,0.0,0.0,CURRENT,0.0,0.0,NONE,,AUTO_ACCEPT,0.0
LN108269,2025-12,0.0,0.0,0.0,0.0,CURRENT,0.0,0.0,NONE,,AUTO_ACCEPT,0.0
LN104094,2025-12,0.0,0.0,0.0,0.0,CURRENT,0.0,0.0,NONE,,AUTO_ACCEPT,0.0
LN104284,2025-12,0.0,0.0,0.0,0.0,CURRENT,0.0,0.0,NONE,,AUTO_ACCEPT,0.0
LN100576,2025-12,0.0,0.0,0.0,0.0,CURRENT,0.0,0.0,NONE,,AUTO_ACCEPT,0.0
LN108263,2025-12,0.0,0.0,0.0,0.0,CURRENT,0.0,0.0,NONE,,AUTO_ACCEPT,0.0
LN108718,2025-12,0.0,0.0,0.0,0.0,CURRENT,0.0,0.0,NONE,,AUTO_ACCEPT,0.0
LN100255,2025-12,0.0,0.0,0.0,0.0,CURRENT,0.0,0.0,NONE,,AUTO_ACCEPT,0.0
LN100226,2025-12,0.0,0.0,0.0,0.0,CURRENT,0.0,0.0,NONE,,AUTO_ACCEPT,0.0
LN103834,2025-12,0.0,0.0,0.0,0.0,CURRENT,0.0,0.0,NONE,,AUTO_ACCEPT,0.0
LN104097,2025-12,0.0,0.0,0.0,0.0,CURRENT,0.0,0.0,NONE,,AUTO_ACCEPT,0.0
LN100546,2025-12,0.0,0.0,0.0,0.0,CURRENT,0.0,0.0,NONE,,AUTO_ACCEPT,0.0
LN104080,2025-12,0.0,0.0,0.0,0.0,CURRENT,0.0,0.0,NONE,,AUTO_ACCEPT,0.0
LN108678,2025-12,0.0,0.0,0.0,0.0,CURRENT,0.0,0.0,NONE,,AUTO_ACCEPT,0.0
LN108719,2025-12,0.0,0.0,0.0,0.0,CURRENT,0.0,0.0,NONE,,AUTO_ACCEPT,0.0
LN108262,2025-12,0.0,0.0,0.0,0.0,CURRENT,0.0,0.0,NONE,,AUTO_ACCEPT,0.0
LN108299,2025-12,0.0,0.0,0.0,0.0,CURRENT,0.0,0.0,NONE,,AUTO_ACCEPT,0.0
LN100224,2025-12,0.0,0.0,0.0,0.0,CURRENT,0.0,0.0,NONE,,AUTO_ACCEPT,0.0
LN103821,2025-12,0.0,0.0,0.0,0.0,CURRENT,0.0,0.0,NONE,,AUTO_ACCEPT,0.0
LN100577,2025-12,0.0,0.0,0.0,0.0,CURRENT,0.0,0.0,NONE,,AUTO_ACCEPT,0.0
LN104272,2025-12,0.0,0.0,0.0,0.0,CURRENT,0.0,0.0,NONE,,AUTO_ACCEPT,0.0
LN108707,2025-12,0.0,0.0,0.0,0.0,CURRENT,0.0,0.0,NONE,,AUTO_ACCEPT,0.0
LN108298,2025-12,0.0,0.0,0.0,0.0,CURRENT,0.0,0.0,NONE,,AUTO_ACCEPT,0.0
LN108679,2025-12,0.0,0.0,0.0,0.0,CURRENT,0.0,0.0,NONE,,AUTO_ACCEPT,0.0
LN100571,2025-12,0.0,0.0,0.0,0.0,CURRENT,0.0,0.0,NONE,,AUTO_ACCEPT,0.0
LN100228,2025-12,0.0,0.0,0.0,0.0,CURRENT,0.0,0.0,NONE,,AUTO_ACCEPT,0.0
LN104273,2025-12,0.0,0.0,0.0,0.0,CURRENT,0.0,0.0,NONE,,AUTO_ACCEPT,0.0
LN108296,2025-12,0.0,0.0,0.0,0.0,CURRENT,0.0,0.0,NONE,,AUTO_ACCEPT,0.0
LN100253,2025-12,0.0,0.0,0.0,0.0,CURRENT,0.0,0.0,NONE,,AUTO_ACCEPT,0.0
LN108716,2025-12,0.0,0.0,0.0,0.0,CURRENT,0.0,0.0,NONE,,AUTO_ACCEPT,0.0
LN108267,2025-12,0.0,0.0,0.0,0.0,CURRENT,0.0,0.0,NONE,,AUTO_ACCEPT,0.0
LN103677,2025-12,0.0,0.0,0.0,0.0,CURRENT,0.0,0.0,NONE,,AUTO_ACCEPT,0.0
LN108680,2025-12,0.0,0.0,0.0,0.0,CURRENT,0.0,0.0,NONE,,AUTO_ACCEPT,0.0
LN104081,2025-12,0.0,0.0,0.0,0.0,CURRENT,0.0,0.0,NONE,,AUTO_ACCEPT,0.0
LN103822,2025-12,0.0,0.0,0.0,0.0,CURRENT,0.0,0.0,NONE,,AUTO_ACCEPT,0.0
LN100227,2025-12,0.0,0.0,0.0,0.0,CURRENT,0.0,0.0,NONE,,AUTO_ACCEPT,0.0
LN100574,2025-12,0.0,0.0,0.0,0.0,CURRENT,0.0,0.0,NONE,,AUTO_ACCEPT,0.0
LN108265,2025-12,0.0,0.0,0.0,0.0,CURRENT,0.0,0.0,NONE,,AUTO_ACCEPT,0.0
LN108717,2025-12,0.0,0.0,0.0,0.0,CURRENT,0.0,0.0,NONE,,AUTO_ACCEPT,0.0
LN104285,2025-12,0.0,0.0,0.0,0.0,CURRENT,0.0,0.0,NONE,,AUTO_ACCEPT,0.0
LN103833,2025-12,0.0,0.0,0.0,0.0,CURRENT,0.0,0.0,NONE,,AUTO_ACCEPT,0.0
LN100545,2025-12,0.0,0.0,0.0,0.0,CURRENT,0.0,0.0,NONE,,AUTO_ACCEPT,0.0
LN104084,2025-12,0.0,0.0,0.0,0.0,CURRENT,0.0,0.0,NONE,,AUTO_ACCEPT,0.0
LN108276,2025-12,0.0,0.0,0.0,0.0,CURRENT,0.0,0.0,NONE,,AUTO_ACCEPT,0.0
LN100560,2025-12,0.0,0.0,0.0,0.0,CURRENT,0.0,0.0,NONE,,AUTO_ACCEPT,0.0
LN103827,2025-12,0.0,0.0,0.0,0.0,CURRENT,0.0,0.0,NONE,,AUTO_ACCEPT,0.0
LN108695,2025-12,0.0,0.0,0.0,0.0,CURRENT,0.0,0.0,NONE,,AUTO_ACCEPT,0.0
LN108287,2025-12,0.0,0.0,0.0,0.0,CURRENT,0.0,0.0,NONE,,AUTO_ACCEPT,0.0
LN100240,2025-12,0.0,0.0,0.0,0.0,CURRENT,0.0,0.0,NONE,,AUTO_ACCEPT,0.0
LN100244,2025-12,0.0,0.0,0.0,0.0,CURRENT,0.0,0.0,NONE,,AUTO_ACCEPT,0.0
LN108282,2025-12,0.0,0.0,0.0,0.0,CURRENT,0.0,0.0,NONE,,AUTO_ACCEPT,0.0
LN104087,2025-12,0.0,0.0,0.0,0.0,CURRENT,0.0,0.0,NONE,,AUTO_ACCEPT,0.0
LN104279,2025-12,0.0,0.0,0.0,0.0,CURRENT,0.0,0.0,NONE,,AUTO_ACCEPT,0.0
LN108688,2025-12,0.0,0.0,0.0,0.0,CURRENT,0.0,0.0,NONE,,AUTO_ACCEPT,0.0
LN100561,2025-12,0.0,0.0,0.0,0.0,CURRENT,0.0,0.0,NONE,,AUTO_ACCEPT,0.0
LN108697,2025-12,0.0,0.0,0.0,0.0,CURRENT,0.0,0.0,NONE,,AUTO_ACCEPT,0.0
LN100556,2025-12,0.0,0.0,0.0,0.0,CURRENT,0.0,0.0,NONE,,AUTO_ACCEPT,0.0
LN108281,2025-12,0.0,0.0,0.0,0.0,CURRENT,0.0,0.0,NONE,,AUTO_ACCEPT,0.0
LN100239,2025-12,0.0,0.0,0.0,0.0,CURRENT,0.0,0.0,NONE,,AUTO_ACCEPT,0.0
LN108283,2025-12,0.0,0.0,0.0,0.0,CURRENT,0.0,0.0,NONE,,AUTO_ACCEPT,0.0
LN100557,2025-12,0.0,0.0,0.0,0.0,CURRENT,0.0,0.0,NONE,,AUTO_ACCEPT,0.0
LN100241,2025-12,0.0,0.0,0.0,0.0,CURRENT,0.0,0.0,NONE,,AUTO_ACCEPT,0.0
LN108694,2025-12,0.0,0.0,0.0,0.0,CURRENT,0.0,0.0,NONE,,AUTO_ACCEPT,0.0
LN100242,2025-12,0.0,0.0,0.0,0.0,CURRENT,0.0,0.0,NONE,,AUTO_ACCEPT,0.0
LN100558,2025-12,0.0,0.0,0.0,0.0,CURRENT,0.0,0.0,NONE,,AUTO_ACCEPT,0.0
LN108691,2025-12,0.0,0.0,0.0,0.0,CURRENT,0.0,0.0,NONE,,AUTO_ACCEPT,0.0
LN103685,2025-12,0.0,0.0,0.0,0.0,CURRENT,0.0,0.0,NONE,,AUTO_ACCEPT,0.0
LN108692,2025-12,0.0,0.0,0.0,0.0,CURRENT,0.0,0.0,NONE,,AUTO_ACCEPT,0.0
LN100243,2025-12,0.0,0.0,0.0,0.0,CURRENT,0.0,0.0,NONE,,AUTO_ACCEPT,0.0
LN103828,2025-12,0.0,0.0,0.0,0.0,CURRENT,0.0,0.0,NONE,,AUTO_ACCEPT,0.0
LN104276,2025-12,0.0,0.0,0.0,0.0,CURRENT,0.0,0.0,NONE,,AUTO_ACCEPT,0.0
LN100559,2025-12,0.0,0.0,0.0,0.0,CURRENT,0.0,0.0,NONE,,AUTO_ACCEPT,0.0
LN104088,2025-12,0.0,0.0,0.0,0.0,CURRENT,0.0,0.0,NONE,,AUTO_ACCEPT,0.0
LN108286,2025-12,0.0,0.0,0.0,0.0,CURRENT,0.0,0.0,NONE,,AUTO_ACCEPT,0.0
LN104089,2025-12,0.0,0.0,0.0,0.0,CURRENT,0.0,0.0,NONE,,AUTO_ACCEPT,0.0
LN104278,2025-12,0.0,0.0,0.0,0.0,CURRENT,0.0,0.0,NONE,,AUTO_ACCEPT,0.0
LN104277,2025-12,0.0,0.0,0.0,0.0,CURRENT,0.0,0.0,NONE,,AUTO_ACCEPT,0.0
LN103684,2025-12,0.0,0.0,0.0,0.0,CURRENT,0.0,0.0,NONE,,AUTO_ACCEPT,0.0
LN108689,2025-12,0.0,0.0,0.0,0.0,CURRENT,0.0,0.0,NONE,,AUTO_ACCEPT,0.0
LN108284,2025-12,0.0,0.0,0.0,0.0,CURRENT,0.0,0.0,NONE,,AUTO_ACCEPT,0.0
LN103829,2025-12,0.0,0.0,0.0,0.0,CURRENT,0.0,0.0,NONE,,AUTO_ACCEPT,0.0
LN104090,2025-12,0.0,0.0,0.0,0.0,CURRENT,0.0,0.0,NONE,,AUTO_ACCEPT,0.0
LN103681,2025-12,0.0,0.0,0.0,0.0,CURRENT,0.0,0.0,NONE,,AUTO_ACCEPT,0.0
LN108278,2025-12,0.0,0.0,0.0,0.0,CURRENT,0.0,0.0,NONE,,AUTO_ACCEPT,0.0
LN104085,2025-12,0.0,0.0,0.0,0.0,CURRENT,0.0,0.0,NONE,,AUTO_ACCEPT,0.0
LN104275,2025-12,0.0,0.0,0.0,0.0,CURRENT,0.0,0.0,NONE,,AUTO_ACCEPT,0.0
LN100552,2025-12,0.0,0.0,0.0,0.0,CURRENT,0.0,0.0,NONE,,AUTO_ACCEPT,0.0
LN104281,2025-12,0.0,0.0,0.0,0.0,CURRENT,0.0,0.0,NONE,,AUTO_ACCEPT,0.0
LN108705,2025-12,0.0,0.0,0.0,0.0,CURRENT,0.0,0.0,NONE,,AUTO_ACCEPT,0.0
LN104092,2025-12,0.0,0.0,0.0,0.0,CURRENT,0.0,0.0,NONE,,AUTO_ACCEPT,0.0
LN108290,2025-12,0.0,0.0,0.0,0.0,CURRENT,0.0,0.0,NONE,,AUTO_ACCEPT,0.0
LN100234,2025-12,0.0,0.0,0.0,0.0,CURRENT,0.0,0.0,NONE,,AUTO_ACCEPT,0.0
LN103680,2025-12,0.0,0.0,0.0,0.0,CURRENT,0.0,0.0,NONE,,AUTO_ACCEPT,0.0
LN108277,2025-12,0.0,0.0,0.0,0.0,CURRENT,0.0,0.0,NONE,,AUTO_ACCEPT,0.0
LN108706,2025-12,0.0,0.0,0.0,0.0,CURRENT,0.0,0.0,NONE,,AUTO_ACCEPT,0.0
LN100248,2025-12,0.0,0.0,0.0,0.0,CURRENT,0.0,0.0,NONE,,AUTO_ACCEPT,0.0
LN108291,2025-12,0.0,0.0,0.0,0.0,CURRENT,0.0,0.0,NONE,,AUTO_ACCEPT,0.0
LN103831,2025-12,0.0,0.0,0.0,0.0,CURRENT,0.0,0.0,NONE,,AUTO_ACCEPT,0.0
LN100566,2025-12,0.0,0.0,0.0,0.0,CURRENT,0.0,0.0,NONE,,AUTO_ACCEPT,0.0
LN100565,2025-12,0.0,0.0,0.0,0.0,CURRENT,0.0,0.0,NONE,,AUTO_ACCEPT,0.0
LN108684,2025-12,0.0,0.0,0.0,0.0,CURRENT,0.0,0.0,NONE,,AUTO_ACCEPT,0.0
LN108685,2025-12,0.0,0.0,0.0,0.0,CURRENT,0.0,0.0,NONE,,AUTO_ACCEPT,0.0
LN100564,2025-12,0.0,0.0,0.0,0.0,CURRENT,0.0,0.0,NONE,,AUTO_ACCEPT,0.0
LN108687,2025-12,0.0,0.0,0.0,0.0,CURRENT,0.0,0.0,NONE,,AUTO_ACCEPT,0.0
LN100562,2025-12,0.0,0.0,0.0,0.0,CURRENT,0.0,0.0,NONE,,AUTO_ACCEPT,0.0
LN108280,2025-12,0.0,0.0,0.0,0.0,CURRENT,0.0,0.0,NONE,,AUTO_ACCEPT,0.0
LN104086,2025-12,0.0,0.0,0.0,0.0,CURRENT,0.0,0.0,NONE,,AUTO_ACCEPT,0.0
LN108289,2025-12,0.0,0.0,0.0,0.0,CURRENT,0.0,0.0,NONE,,AUTO_ACCEPT,0.0
LN108700,2025-12,0.0,0.0,0.0,0.0,CURRENT,0.0,0.0,NONE,,AUTO_ACCEPT,0.0
LN100236,2025-12,0.0,0.0,0.0,0.0,CURRENT,0.0,0.0,NONE,,AUTO_ACCEPT,0.0
LN100235,2025-12,0.0,0.0,0.0,0.0,CURRENT,0.0,0.0,NONE,,AUTO_ACCEPT,0.0
LN104280,2025-12,0.0,0.0,0.0,0.0,CURRENT,0.0,0.0,NONE,,AUTO_ACCEPT,0.0
LN100554,2025-12,0.0,0.0,0.0,0.0,CURRENT,0.0,0.0,NONE,,AUTO_ACCEPT,0.0
LN103826,2025-12,0.0,0.0,0.0,0.0,CURRENT,0.0,0.0,NONE,,AUTO_ACCEPT,0.0
LN103687,2025-12,0.0,0.0,0.0,0.0,CURRENT,0.0,0.0,NONE,,AUTO_ACCEPT,0.0
LN108279,2025-12,0.0,0.0,0.0,0.0,CURRENT,0.0,0.0,NONE,,AUTO_ACCEPT,0.0
LN100247,2025-12,0.0,0.0,0.0,0.0,CURRENT,0.0,0.0,NONE,,AUTO_ACCEPT,0.0
LN108702,2025-12,0.0,0.0,0.0,0.0,CURRENT,0.0,0.0,NONE,,AUTO_ACCEPT,0.0
LN103830,2025-12,0.0,0.0,0.0,0.0,CURRENT,0.0,0.0,NONE,,AUTO_ACCEPT,0.0
LN100246,2025-12,0.0,0.0,0.0,0.0,CURRENT,0.0,0.0,NONE,,AUTO_ACCEPT,0.0
LN104286,2025-12,0.0,0.0,0.0,0.0,CURRENT,0.0,0.0,NONE,,AUTO_ACCEPT,0.0
LN103676,2025-12,0.0,0.0,0.0,0.0,CURRENT,0.0,0.0,NONE,,AUTO_ACCEPT,0.0
LN108720,2025-12,0.0,0.0,0.0,0.0,CURRENT,0.0,0.0,NONE,,AUTO_ACCEPT,0.0
LN100538,2025-12,0.0,0.0,0.0,0.0,CURRENT,0.0,0.0,NONE,,AUTO_ACCEPT,0.0
LN104293,2025-12,0.0,0.0,0.0,0.0,CURRENT,0.0,0.0,NONE,,AUTO_ACCEPT,0.0
LN108247,2025-12,0.0,0.0,0.0,0.0,CURRENT,0.0,0.0,NONE,,AUTO_ACCEPT,0.0
LN108734,2025-12,0.0,0.0,0.0,0.0,CURRENT,0.0,0.0,NONE,,AUTO_ACCEPT,0.0
LN108667,2025-12,0.0,0.0,0.0,0.0,CURRENT,0.0,0.0,NONE,,AUTO_ACCEPT,0.0
LN100590,2025-12,0.0,0.0,0.0,0.0,CURRENT,0.0,0.0,NONE,,AUTO_ACCEPT,0.0
LN104071,2025-12,0.0,0.0,0.0,0.0,CURRENT,0.0,0.0,NONE,,AUTO_ACCEPT,0.0
LN108311,2025-12,0.0,0.0,0.0,0.0,CURRENT,0.0,0.0,NONE,,AUTO_ACCEPT,0.0
LN103693,2025-12,0.0,0.0,0.0,0.0,CURRENT,0.0,0.0,NONE,,AUTO_ACCEPT,0.0
LN108735,2025-12,0.0,0.0,0.0,0.0,CURRENT,0.0,0.0,NONE,,AUTO_ACCEPT,0.0
LN108246,2025-12,0.0,0.0,0.0,0.0,CURRENT,0.0,0.0,NONE,,AUTO_ACCEPT,0.0
LN104103,2025-12,0.0,0.0,0.0,0.0,CURRENT,0.0,0.0,NONE,,AUTO_ACCEPT,0.0
LN100207,2025-12,0.0,0.0,0.0,0.0,CURRENT,0.0,0.0,NONE,,AUTO_ACCEPT,0.0
LN100264,2025-12,0.0,0.0,0.0,0.0,CURRENT,0.0,0.0,NONE,,AUTO_ACCEPT,0.0
LN103816,2025-12,0.0,0.0,0.0,0.0,CURRENT,0.0,0.0,NONE,,AUTO_ACCEPT,0.0
LN100211,2025-12,0.0,0.0,0.0,0.0,CURRENT,0.0,0.0,NONE,,AUTO_ACCEPT,0.0
LN103839,2025-12,0.0,0.0,0.0,0.0,CURRENT,0.0,0.0,NONE,,AUTO_ACCEPT,0.0
LN108310,2025-12,0.0,0.0,0.0,0.0,CURRENT,0.0,0.0,NONE,,AUTO_ACCEPT,0.0
LN108669,2025-12,0.0,0.0,0.0,0.0,CURRENT,0.0,0.0,NONE,,AUTO_ACCEPT,0.0
LN108730,2025-12,0.0,0.0,0.0,0.0,CURRENT,0.0,0.0,NONE,,AUTO_ACCEPT,0.0
LN100213,2025-12,0.0,0.0,0.0,0.0,CURRENT,0.0,0.0,NONE,,AUTO_ACCEPT,0.0
LN100588,2025-12,0.0,0.0,0.0,0.0,CURRENT,0.0,0.0,NONE,,AUTO_ACCEPT,0.0
LN108308,2025-12,0.0,0.0,0.0,0.0,CURRENT,0.0,0.0,NONE,,AUTO_ACCEPT,0.0
LN108670,2025-12,0.0,0.0,0.0,0.0,CURRENT,0.0,0.0,NONE,,AUTO_ACCEPT,0.0
LN104292,2025-12,0.0,0.0,0.0,0.0,CURRENT,0.0,0.0,NONE,,AUTO_ACCEPT,0.0
LN104102,2025-12,0.0,0.0,0.0,0.0,CURRENT,0.0,0.0,NONE,,AUTO_ACCEPT,0.0
LN100537,2025-12,0.0,0.0,0.0,0.0,CURRENT,0.0,0.0,NONE,,AUTO_ACCEPT,0.0
LN108249,2025-12,0.0,0.0,0.0,0.0,CURRENT,0.0,0.0,NONE,,AUTO_ACCEPT,0.0
LN103666,2025-12,0.0,0.0,0.0,0.0,CURRENT,0.0,0.0,NONE,,AUTO_ACCEPT,0.0
LN104072,2025-12,0.0,0.0,0.0,0.0,CURRENT,0.0,0.0,NONE,,AUTO_ACCEPT,0.0
LN100212,2025-12,0.0,0.0,0.0,0.0,CURRENT,0.0,0.0,NONE,,AUTO_ACCEPT,0.0
LN100263,2025-12,0.0,0.0,0.0,0.0,CURRENT,0.0,0.0,NONE,,AUTO_ACCEPT,0.0
LN100589,2025-12,0.0,0.0,0.0,0.0,CURRENT,0.0,0.0,NONE,,AUTO_ACCEPT,0.0
LN104267,2025-12,0.0,0.0,0.0,0.0,CURRENT,0.0,0.0,NONE,,AUTO_ACCEPT,0.0
LN108248,2025-12,0.0,0.0,0.0,0.0,CURRENT,0.0,0.0,NONE,,AUTO_ACCEPT,0.0
LN108731,2025-12,0.0,0.0,0.0,0.0,CURRENT,0.0,0.0,NONE,,AUTO_ACCEPT,0.0
LN103840,2025-12,0.0,0.0,0.0,0.0,CURRENT,0.0,0.0,NONE,,AUTO_ACCEPT,0.0
LN100591,2025-12,0.0,0.0,0.0,0.0,CURRENT,0.0,0.0,NONE,,AUTO_ACCEPT,0.0
LN104294,2025-12,0.0,0.0,0.0,0.0,CURRENT,0.0,0.0,NONE,,AUTO_ACCEPT,0.0
LN104069,2025-12,0.0,0.0,0.0,0.0,CURRENT,0.0,0.0,NONE,,AUTO_ACCEPT,0.0
LN104295,2025-12,0.0,0.0,0.0,0.0,CURRENT,0.0,0.0,NONE,,AUTO_ACCEPT,0.0
LN100266,2025-12,0.0,0.0,0.0,0.0,CURRENT,0.0,0.0,NONE,,AUTO_ACCEPT,0.0
LN100593,2025-12,0.0,0.0,0.0,0.0,CURRENT,0.0,0.0,NONE,,AUTO_ACCEPT,0.0
LN103694,2025-12,0.0,0.0,0.0,0.0,CURRENT,0.0,0.0,NONE,,AUTO_ACCEPT,0.0
LN103663,2025-12,0.0,0.0,0.0,0.0,CURRENT,0.0,0.0,NONE,,AUTO_ACCEPT,0.0
LN104265,2025-12,0.0,0.0,0.0,0.0,CURRENT,0.0,0.0,NONE,,AUTO_ACCEPT,0.0
LN103841,2025-12,0.0,0.0,0.0,0.0,CURRENT,0.0,0.0,NONE,,AUTO_ACCEPT,0.0
LN108739,2025-12,0.0,0.0,0.0,0.0,CURRENT,0.0,0.0,NONE,,AUTO_ACCEPT,0.0
LN100204,2025-12,0.0,0.0,0.0,0.0,CURRENT,0.0,0.0,NONE,,AUTO_ACCEPT,0.0
LN108317,2025-12,0.0,0.0,0.0,0.0,CURRENT,0.0,0.0,NONE,,AUTO_ACCEPT,0.0
LN103815,2025-12,0.0,0.0,0.0,0.0,CURRENT,0.0,0.0,NONE,,AUTO_ACCEPT,0.0
LN108662,2025-12,0.0,0.0,0.0,0.0,CURRENT,0.0,0.0,NONE,,AUTO_ACCEPT,0.0
LN100535,2025-12,0.0,0.0,0.0,0.0,CURRENT,0.0,0.0,NONE,,AUTO_ACCEPT,0.0
LN108740,2025-12,0.0,0.0,0.0,0.0,CURRENT,0.0,0.0,NONE,,AUTO_ACCEPT,0.0
LN100594,2025-12,0.0,0.0,0.0,0.0,CURRENT,0.0,0.0,NONE,,AUTO_ACCEPT,0.0
LN108242,2025-12,0.0,0.0,0.0,0.0,CURRENT,0.0,0.0,NONE,,AUTO_ACCEPT,0.0
LN108250,2025-12,0.0,0.0,0.0,0.0,CURRENT,0.0,0.0,NONE,,AUTO_ACCEPT,0.0
LN104105,2025-12,0.0,0.0,0.0,0.0,CURRENT,0.0,0.0,NONE,,AUTO_ACCEPT,0.0
LN108738,2025-12,0.0,0.0,0.0,0.0,CURRENT,0.0,0.0,NONE,,AUTO_ACCEPT,0.0
LN108245,2025-12,0.0,0.0,0.0,0.0,CURRENT,0.0,0.0,NONE,,AUTO_ACCEPT,0.0
LN103664,2025-12,0.0,0.0,0.0,0.0,CURRENT,0.0,0.0,NONE,,AUTO_ACCEPT,0.0
LN108736,2025-12,0.0,0.0,0.0,0.0,CURRENT,0.0,0.0,NONE,,AUTO_ACCEPT,0.0
LN104070,2025-12,0.0,0.0,0.0,0.0,CURRENT,0.0,0.0,NONE,,AUTO_ACCEPT,0.0
LN108315,2025-12,0.0,0.0,0.0,0.0,CURRENT,0.0,0.0,NONE,,AUTO_ACCEPT,0.0
LN100206,2025-12,0.0,0.0,0.0,0.0,CURRENT,0.0,0.0,NONE,,AUTO_ACCEPT,0.0
LN104266,2025-12,0.0,0.0,0.0,0.0,CURRENT,0.0,0.0,NONE,,AUTO_ACCEPT,0.0
LN108243,2025-12,0.0,0.0,0.0,0.0,CURRENT,0.0,0.0,NONE,,AUTO_ACCEPT,0.0
LN108664,2025-12,0.0,0.0,0.0,0.0,CURRENT,0.0,0.0,NONE,,AUTO_ACCEPT,0.0
LN108244,2025-12,0.0,0.0,0.0,0.0,CURRENT,0.0,0.0,NONE,,AUTO_ACCEPT,0.0
LN100265,2025-12,0.0,0.0,0.0,0.0,CURRENT,0.0,0.0,NONE,,AUTO_ACCEPT,0.0
LN108737,2025-12,0.0,0.0,0.0,0.0,CURRENT,0.0,0.0,NONE,,AUTO_ACCEPT,0.0
LN100536,2025-12,0.0,0.0,0.0,0.0,CURRENT,0.0,0.0,NONE,,AUTO_ACCEPT,0.0
LN100205,2025-12,0.0,0.0,0.0,0.0,CURRENT,0.0,0.0,NONE,,AUTO_ACCEPT,0.0
LN108663,2025-12,0.0,0.0,0.0,0.0,CURRENT,0.0,0.0,NONE,,AUTO_ACCEPT,0.0
LN108316,2025-12,0.0,0.0,0.0,0.0,CURRENT,0.0,0.0,NONE,,AUTO_ACCEPT,0.0
LN100592,2025-12,0.0,0.0,0.0,0.0,CURRENT,0.0,0.0,NONE,,AUTO_ACCEPT,0.0
LN100262,2025-12,0.0,0.0,0.0,0.0,CURRENT,0.0,0.0,NONE,,AUTO_ACCEPT,0.0
LN100539,2025-12,0.0,0.0,0.0,0.0,CURRENT,0.0,0.0,NONE,,AUTO_ACCEPT,0.0
LN104073,2025-12,0.0,0.0,0.0,0.0,CURRENT,0.0,0.0,NONE,,AUTO_ACCEPT,0.0
LN108301,2025-12,0.0,0.0,0.0,0.0,CURRENT,0.0,0.0,NONE,,AUTO_ACCEPT,0.0
LN104078,2025-12,0.0,0.0,0.0,0.0,CURRENT,0.0,0.0,NONE,,AUTO_ACCEPT,0.0
LN103675,2025-12,0.0,0.0,0.0,0.0,CURRENT,0.0,0.0,NONE,,AUTO_ACCEPT,0.0
LN108723,2025-12,0.0,0.0,0.0,0.0,CURRENT,0.0,0.0,NONE,,AUTO_ACCEPT,0.0
LN108258,2025-12,0.0,0.0,0.0,0.0,CURRENT,0.0,0.0,NONE,,AUTO_ACCEPT,0.0
LN100259,2025-12,0.0,0.0,0.0,0.0,CURRENT,0.0,0.0,NONE,,AUTO_ACCEPT,0.0
LN100219,2025-12,0.0,0.0,0.0,0.0,CURRENT,0.0,0.0,NONE,,AUTO_ACCEPT,0.0
LN100222,2025-12,0.0,0.0,0.0,0.0,CURRENT,0.0,0.0,NONE,,AUTO_ACCEPT,0.0
LN108674,2025-12,0.0,0.0,0.0,0.0,CURRENT,0.0,0.0,NONE,,AUTO_ACCEPT,0.0
LN108302,2025-12,0.0,0.0,0.0,0.0,CURRENT,0.0,0.0,NONE,,AUTO_ACCEPT,0.0
LN104288,2025-12,0.0,0.0,0.0,0.0,CURRENT,0.0,0.0,NONE,,AUTO_ACCEPT,0.0
LN108724,2025-12,0.0,0.0,0.0,0.0,CURRENT,0.0,0.0,NONE,,AUTO_ACCEPT,0.0
LN108257,2025-12,0.0,0.0,0.0,0.0,CURRENT,0.0,0.0,NONE,,AUTO_ACCEPT,0.0
LN100542,2025-12,0.0,0.0,0.0,0.0,CURRENT,0.0,0.0,NONE,,AUTO_ACCEPT,0.0
LN104099,2025-12,0.0,0.0,0.0,0.0,CURRENT,0.0,0.0,NONE,,AUTO_ACCEPT,0.0
LN103836,2025-12,0.0,0.0,0.0,0.0,CURRENT,0.0,0.0,NONE,,AUTO_ACCEPT,0.0
LN100581,2025-12,0.0,0.0,0.0,0.0,CURRENT,0.0,0.0,NONE,,AUTO_ACCEPT,0.0
LN100218,2025-12,0.0,0.0,0.0,0.0,CURRENT,0.0,0.0,NONE,,AUTO_ACCEPT,0.0
LN108676,2025-12,0.0,0.0,0.0,0.0,CURRENT,0.0,0.0,NONE,,AUTO_ACCEPT,0.0
LN108722,2025-12,0.0,0.0,0.0,0.0,CURRENT,0.0,0.0,NONE,,AUTO_ACCEPT,0.0
LN100256,2025-12,0.0,0.0,0.0,0.0,CURRENT,0.0,0.0,NONE,,AUTO_ACCEPT,0.0
LN108261,2025-12,0.0,0.0,0.0,0.0,CURRENT,0.0,0.0,NONE,,AUTO_ACCEPT,0.0
LN108677,2025-12,0.0,0.0,0.0,0.0,CURRENT,0.0,0.0,NONE,,AUTO_ACCEPT,0.0
LN100223,2025-12,0.0,0.0,0.0,0.0,CURRENT,0.0,0.0,NONE,,AUTO_ACCEPT,0.0
LN100578,2025-12,0.0,0.0,0.0,0.0,CURRENT,0.0,0.0,NONE,,AUTO_ACCEPT,0.0
LN104079,2025-12,0.0,0.0,0.0,0.0,CURRENT,0.0,0.0,NONE,,AUTO_ACCEPT,0.0
LN108300,2025-12,0.0,0.0,0.0,0.0,CURRENT,0.0,0.0,NONE,,AUTO_ACCEPT,0.0
LN108259,2025-12,0.0,0.0,0.0,0.0,CURRENT,0.0,0.0,NONE,,AUTO_ACCEPT,0.0
LN103690,2025-12,0.0,0.0,0.0,0.0,CURRENT,0.0,0.0,NONE,,AUTO_ACCEPT,0.0
LN108260,2025-12,0.0,0.0,0.0,0.0,CURRENT,0.0,0.0,NONE,,AUTO_ACCEPT,0.0
LN100544,2025-12,0.0,0.0,0.0,0.0,CURRENT,0.0,0.0,NONE,,AUTO_ACCEPT,0.0
LN104098,2025-12,0.0,0.0,0.0,0.0,CURRENT,0.0,0.0,NONE,,AUTO_ACCEPT,0.0
LN103835,2025-12,0.0,0.0,0.0,0.0,CURRENT,0.0,0.0,NONE,,AUTO_ACCEPT,0.0
LN104287,2025-12,0.0,0.0,0.0,0.0,CURRENT,0.0,0.0,NONE,,AUTO_ACCEPT,0.0
LN104271,2025-12,0.0,0.0,0.0,0.0,CURRENT,0.0,0.0,NONE,,AUTO_ACCEPT,0.0
LN100580,2025-12,0.0,0.0,0.0,0.0,CURRENT,0.0,0.0,NONE,,AUTO_ACCEPT,0.0
LN108721,2025-12,0.0,0.0,0.0,0.0,CURRENT,0.0,0.0,NONE,,AUTO_ACCEPT,0.0
LN104120,2025-12,0.0,0.0,0.0,0.0,CURRENT,0.0,0.0,NONE,,AUTO_ACCEPT,0.0
LN104076,2025-12,0.0,0.0,0.0,0.0,CURRENT,0.0,0.0,NONE,,AUTO_ACCEPT,0.0
LN100582,2025-12,0.0,0.0,0.0,0.0,CURRENT,0.0,0.0,NONE,,AUTO_ACCEPT,0.0
LN108253,2025-12,0.0,0.0,0.0,0.0,CURRENT,0.0,0.0,NONE,,AUTO_ACCEPT,0.0
LN104101,2025-12,0.0,0.0,0.0,0.0,CURRENT,0.0,0.0,NONE,,AUTO_ACCEPT,0.0
LN100585,2025-12,0.0,0.0,0.0,0.0,CURRENT,0.0,0.0,NONE,,AUTO_ACCEPT,0.0
LN100261,2025-12,0.0,0.0,0.0,0.0,CURRENT,0.0,0.0,NONE,,AUTO_ACCEPT,0.0
LN108728,2025-12,0.0,0.0,0.0,0.0,CURRENT,0.0,0.0,NONE,,AUTO_ACCEPT,0.0
LN103692,2025-12,0.0,0.0,0.0,0.0,CURRENT,0.0,0.0,NONE,,AUTO_ACCEPT,0.0
LN104290,2025-12,0.0,0.0,0.0,0.0,CURRENT,0.0,0.0,NONE,,AUTO_ACCEPT,0.0
LN100216,2025-12,0.0,0.0,0.0,0.0,CURRENT,0.0,0.0,NONE,,AUTO_ACCEPT,0.0
LN108252,2025-12,0.0,0.0,0.0,0.0,CURRENT,0.0,0.0,NONE,,AUTO_ACCEPT,0.0
LN100215,2025-12,0.0,0.0,0.0,0.0,CURRENT,0.0,0.0,NONE,,AUTO_ACCEPT,0.0
LN108671,2025-12,0.0,0.0,0.0,0.0,CURRENT,0.0,0.0,NONE,,AUTO_ACCEPT,0.0
LN103667,2025-12,0.0,0.0,0.0,0.0,CURRENT,0.0,0.0,NONE,,AUTO_ACCEPT,0.0
LN108307,2025-12,0.0,0.0,0.0,0.0,CURRENT,0.0,0.0,NONE,,AUTO_ACCEPT,0.0
LN100586,2025-12,0.0,0.0,0.0,0.0,CURRENT,0.0,0.0,NONE,,AUTO_ACCEPT,0.0
LN108729,2025-12,0.0,0.0,0.0,0.0,CURRENT,0.0,0.0,NONE,,AUTO_ACCEPT,0.0
LN104268,2025-12,0.0,0.0,0.0,0.0,CURRENT,0.0,0.0,NONE,,AUTO_ACCEPT,0.0
LN103817,2025-12,0.0,0.0,0.0,0.0,CURRENT,0.0,0.0,NONE,,AUTO_ACCEPT,0.0
LN103819,2025-12,0.0,0.0,0.0,0.0,CURRENT,0.0,0.0,NONE,,AUTO_ACCEPT,0.0
LN104074,2025-12,0.0,0.0,0.0,0.0,CURRENT,0.0,0.0,NONE,,AUTO_ACCEPT,0.0
LN108304,2025-12,0.0,0.0,0.0,0.0,CURRENT,0.0,0.0,NONE,,AUTO_ACCEPT,0.0
LN108725,2025-12,0.0,0.0,0.0,0.0,CURRENT,0.0,0.0,NONE,,AUTO_ACCEPT,0.0
LN103691,2025-12,0.0,0.0,0.0,0.0,CURRENT,0.0,0.0,NONE,,AUTO_ACCEPT,0.0
LN104270,2025-12,0.0,0.0,0.0,0.0,CURRENT,0.0,0.0,NONE,,AUTO_ACCEPT,0.0
LN100260,2025-12,0.0,0.0,0.0,0.0,CURRENT,0.0,0.0,NONE,,AUTO_ACCEPT,0.0
LN108256,2025-12,0.0,0.0,0.0,0.0,CURRENT,0.0,0.0,NONE,,AUTO_ACCEPT,0.0
LN108303,2025-12,0.0,0.0,0.0,0.0,CURRENT,0.0,0.0,NONE,,AUTO_ACCEPT,0.0
LN108673,2025-12,0.0,0.0,0.0,0.0,CURRENT,0.0,0.0,NONE,,AUTO_ACCEPT,0.0
LN108727,2025-12,0.0,0.0,0.0,0.0,CURRENT,0.0,0.0,NONE,,AUTO_ACCEPT,0.0
LN104289,2025-12,0.0,0.0,0.0,0.0,CURRENT,0.0,0.0,NONE,,AUTO_ACCEPT,0.0
LN100541,2025-12,0.0,0.0,0.0,0.0,CURRENT,0.0,0.0,NONE,,AUTO_ACCEPT,0.0
LN100217,2025-12,0.0,0.0,0.0,0.0,CURRENT,0.0,0.0,NONE,,AUTO_ACCEPT,0.0
LN100584,2025-12,0.0,0.0,0.0,0.0,CURRENT,0.0,0.0,NONE,,AUTO_ACCEPT,0.0
LN108254,2025-12,0.0,0.0,0.0,0.0,CURRENT,0.0,0.0,NONE,,AUTO_ACCEPT,0.0
LN103668,2025-12,0.0,0.0,0.0,0.0,CURRENT,0.0,0.0,NONE,,AUTO_ACCEPT,0.0
LN103837,2025-12,0.0,0.0,0.0,0.0,CURRENT,0.0,0.0,NONE,,AUTO_ACCEPT,0.0
LN108672,2025-12,0.0,0.0,0.0,0.0,CURRENT,0.0,0.0,NONE,,AUTO_ACCEPT,0.0
LN108726,2025-12,0.0,0.0,0.0,0.0,CURRENT,0.0,0.0,NONE,,AUTO_ACCEPT,0.0
LN108105,2025-12,0.0,0.0,0.0,0.0,CURRENT,0.0,0.0,NONE,,AUTO_ACCEPT,0.0
LN103706,2025-12,0.0,0.0,0.0,0.0,CURRENT,0.0,0.0,NONE,,AUTO_ACCEPT,0.0
LN100628,2025-12,0.0,0.0,0.0,0.0,CURRENT,0.0,0.0,NONE,,AUTO_ACCEPT,0.0
LN108134,2025-12,0.0,0.0,0.0,0.0,CURRENT,0.0,0.0,NONE,,AUTO_ACCEPT,0.0
LN104010,2025-12,0.0,0.0,0.0,0.0,CURRENT,0.0,0.0,NONE,,AUTO_ACCEPT,0.0
LN108386,2025-12,0.0,0.0,0.0,0.0,CURRENT,0.0,0.0,NONE,,AUTO_ACCEPT,0.0
LN104351,2025-12,0.0,0.0,0.0,0.0,CURRENT,0.0,0.0,NONE,,AUTO_ACCEPT,0.0
LN100328,2025-12,0.0,0.0,0.0,0.0,CURRENT,0.0,0.0,NONE,,AUTO_ACCEPT,0.0
LN108871,2025-12,0.0,0.0,0.0,0.0,CURRENT,0.0,0.0,NONE,,AUTO_ACCEPT,0.0
LN100113,2025-12,0.0,0.0,0.0,0.0,CURRENT,0.0,0.0,NONE,,AUTO_ACCEPT,0.0
LN108593,2025-12,0.0,0.0,0.0,0.0,CURRENT,0.0,0.0,NONE,,AUTO_ACCEPT,0.0
LN108133,2025-12,0.0,0.0,0.0,0.0,CURRENT,0.0,0.0,NONE,,AUTO_ACCEPT,0.0
LN100476,2025-12,0.0,0.0,0.0,0.0,CURRENT,0.0,0.0,NONE,,AUTO_ACCEPT,0.0
LN103625,2025-12,0.0,0.0,0.0,0.0,CURRENT,0.0,0.0,NONE,,AUTO_ACCEPT,0.0
LN100683,2025-12,0.0,0.0,0.0,0.0,CURRENT,0.0,0.0,NONE,,AUTO_ACCEPT,0.0
LN103719,2025-12,0.0,0.0,0.0,0.0,CURRENT,0.0,0.0,NONE,,AUTO_ACCEPT,0.0
LN108872,2025-12,0.0,0.0,0.0,0.0,CURRENT,0.0,0.0,NONE,,AUTO_ACCEPT,0.0
LN100112,2025-12,0.0,0.0,0.0,0.0,CURRENT,0.0,0.0,NONE,,AUTO_ACCEPT,0.0
LN103891,2025-12,0.0,0.0,0.0,0.0,CURRENT,0.0,0.0,NONE,,AUTO_ACCEPT,0.0
LN100682,2025-12,0.0,0.0,0.0,0.0,CURRENT,0.0,0.0,NONE,,AUTO_ACCEPT,0.0
LN108594,2025-12,0.0,0.0,0.0,0.0,CURRENT,0.0,0.0,NONE,,AUTO_ACCEPT,0.0
LN108869,2025-12,0.0,0.0,0.0,0.0,CURRENT,0.0,0.0,NONE,,AUTO_ACCEPT,0.0
LN108136,2025-12,0.0,0.0,0.0,0.0,CURRENT,0.0,0.0,NONE,,AUTO_ACCEPT,0.0
LN100120,2025-12,0.0,0.0,0.0,0.0,CURRENT,0.0,0.0,NONE,,AUTO_ACCEPT,0.0
LN108595,2025-12,0.0,0.0,0.0,0.0,CURRENT,0.0,0.0,NONE,,AUTO_ACCEPT,0.0
LN104230,2025-12,0.0,0.0,0.0,0.0,CURRENT,0.0,0.0,NONE,,AUTO_ACCEPT,0.0
LN104011,2025-12,0.0,0.0,0.0,0.0,CURRENT,0.0,0.0,NONE,,AUTO_ACCEPT,0.0
LN104350,2025-12,0.0,0.0,0.0,0.0,CURRENT,0.0,0.0,NONE,,AUTO_ACCEPT,0.0
LN108868,2025-12,0.0,0.0,0.0,0.0,CURRENT,0.0,0.0,NONE,,AUTO_ACCEPT,0.0
LN108387,2025-12,0.0,0.0,0.0,0.0,CURRENT,0.0,0.0,NONE,,AUTO_ACCEPT,0.0
LN104137,2025-12,0.0,0.0,0.0,0.0,CURRENT,0.0,0.0,NONE,,AUTO_ACCEPT,0.0
LN103626,2025-12,0.0,0.0,0.0,0.0,CURRENT,0.0,0.0,NONE,,AUTO_ACCEPT,0.0
LN108135,2025-12,0.0,0.0,0.0,0.0,CURRENT,0.0,0.0,NONE,,AUTO_ACCEPT,0.0
LN108385,2025-12,0.0,0.0,0.0,0.0,CURRENT,0.0,0.0,NONE,,AUTO_ACCEPT,0.0
LN100325,2025-12,0.0,0.0,0.0,0.0,CURRENT,0.0,0.0,NONE,,AUTO_ACCEPT,0.0
LN103791,2025-12,0.0,0.0,0.0,0.0,CURRENT,0.0,0.0,NONE,,AUTO_ACCEPT,0.0
LN100119,2025-12,0.0,0.0,0.0,0.0,CURRENT,0.0,0.0,NONE,,AUTO_ACCEPT,0.0
LN100477,2025-12,0.0,0.0,0.0,0.0,CURRENT,0.0,0.0,NONE,,AUTO_ACCEPT,0.0
LN100681,2025-12,0.0,0.0,0.0,0.0,CURRENT,0.0,0.0,NONE,,AUTO_ACCEPT,0.0
LN104138,2025-12,0.0,0.0,0.0,0.0,CURRENT,0.0,0.0,NONE,,AUTO_ACCEPT,0.0
LN108132,2025-12,0.0,0.0,0.0,0.0,CURRENT,0.0,0.0,NONE,,AUTO_ACCEPT,0.0
LN104353,2025-12,0.0,0.0,0.0,0.0,CURRENT,0.0,0.0,NONE,,AUTO_ACCEPT,0.0
LN104228,2025-12,0.0,0.0,0.0,0.0,CURRENT,0.0,0.0,NONE,,AUTO_ACCEPT,0.0
LN104140,2025-12,0.0,0.0,0.0,0.0,CURRENT,0.0,0.0,NONE,,AUTO_ACCEPT,0.0
LN100330,2025-12,0.0,0.0,0.0,0.0,CURRENT,0.0,0.0,NONE,,AUTO_ACCEPT,0.0
LN108129,2025-12,0.0,0.0,0.0,0.0,CURRENT,0.0,0.0,NONE,,AUTO_ACCEPT,0.0
LN100474,2025-12,0.0,0.0,0.0,0.0,CURRENT,0.0,0.0,NONE,,AUTO_ACCEPT,0.0
LN100109,2025-12,0.0,0.0,0.0,0.0,CURRENT,0.0,0.0,NONE,,AUTO_ACCEPT,0.0
LN103788,2025-12,0.0,0.0,0.0,0.0,CURRENT,0.0,0.0,NONE,,AUTO_ACCEPT,0.0
LN100110,2025-12,0.0,0.0,0.0,0.0,CURRENT,0.0,0.0,NONE,,AUTO_ACCEPT,0.0
LN100687,2025-12,0.0,0.0,0.0,0.0,CURRENT,0.0,0.0,NONE,,AUTO_ACCEPT,0.0
LN108128,2025-12,0.0,0.0,0.0,0.0,CURRENT,0.0,0.0,NONE,,AUTO_ACCEPT,0.0
LN108390,2025-12,0.0,0.0,0.0,0.0,CURRENT,0.0,0.0,NONE,,AUTO_ACCEPT,0.0
LN103893,2025-12,0.0,0.0,0.0,0.0,CURRENT,0.0,0.0,NONE,,AUTO_ACCEPT,0.0
LN104007,2025-12,0.0,0.0,0.0,0.0,CURRENT,0.0,0.0,NONE,,AUTO_ACCEPT,0.0
LN100331,2025-12,0.0,0.0,0.0,0.0,CURRENT,0.0,0.0,NONE,,AUTO_ACCEPT,0.0
LN104356,2025-12,0.0,0.0,0.0,0.0,CURRENT,0.0,0.0,NONE,,AUTO_ACCEPT,0.0
LN108588,2025-12,0.0,0.0,0.0,0.0,CURRENT,0.0,0.0,NONE,,AUTO_ACCEPT,0.0
LN108878,2025-12,0.0,0.0,0.0,0.0,CURRENT,0.0,0.0,NONE,,AUTO_ACCEPT,0.0
LN103888,2025-12,0.0,0.0,0.0,0.0,CURRENT,0.0,0.0,NONE,,AUTO_ACCEPT,0.0
LN103624,2025-12,0.0,0.0,0.0,0.0,CURRENT,0.0,0.0,NONE,,AUTO_ACCEPT,0.0
LN108876,2025-12,0.0,0.0,0.0,0.0,CURRENT,0.0,0.0,NONE,,AUTO_ACCEPT,0.0
LN104229,2025-12,0.0,0.0,0.0,0.0,CURRENT,0.0,0.0,NONE,,AUTO_ACCEPT,0.0
LN100684,2025-12,0.0,0.0,0.0,0.0,CURRENT,0.0,0.0,NONE,,AUTO_ACCEPT,0.0
LN108874,2025-12,0.0,0.0,0.0,0.0,CURRENT,0.0,0.0,NONE,,AUTO_ACCEPT,0.0
LN104009,2025-12,0.0,0.0,0.0,0.0,CURRENT,0.0,0.0,NONE,,AUTO_ACCEPT,0.0
LN100329,2025-12,0.0,0.0,0.0,0.0,CURRENT,0.0,0.0,NONE,,AUTO_ACCEPT,0.0
LN108591,2025-12,0.0,0.0,0.0,0.0,CURRENT,0.0,0.0,NONE,,AUTO_ACCEPT,0.0
LN108131,2025-12,0.0,0.0,0.0,0.0,CURRENT,0.0,0.0,NONE,,AUTO_ACCEPT,0.0
LN104355,2025-12,0.0,0.0,0.0,0.0,CURRENT,0.0,0.0,NONE,,AUTO_ACCEPT,0.0
LN100111,2025-12,0.0,0.0,0.0,0.0,CURRENT,0.0,0.0,NONE,,AUTO_ACCEPT,0.0
LN108388,2025-12,0.0,0.0,0.0,0.0,CURRENT,0.0,0.0,NONE,,AUTO_ACCEPT,0.0
LN100475,2025-12,0.0,0.0,0.0,0.0,CURRENT,0.0,0.0,NONE,,AUTO_ACCEPT,0.0
LN103892,2025-12,0.0,0.0,0.0,0.0,CURRENT,0.0,0.0,NONE,,AUTO_ACCEPT,0.0
LN100685,2025-12,0.0,0.0,0.0,0.0,CURRENT,0.0,0.0,NONE,,AUTO_ACCEPT,0.0
LN108130,2025-12,0.0,0.0,0.0,0.0,CURRENT,0.0,0.0,NONE,,AUTO_ACCEPT,0.0
LN104008,2025-12,0.0,0.0,0.0,0.0,CURRENT,0.0,0.0,NONE,,AUTO_ACCEPT,0.0
LN108590,2025-12,0.0,0.0,0.0,0.0,CURRENT,0.0,0.0,NONE,,AUTO_ACCEPT,0.0
LN108875,2025-12,0.0,0.0,0.0,0.0,CURRENT,0.0,0.0,NONE,,AUTO_ACCEPT,0.0
LN103720,2025-12,0.0,0.0,0.0,0.0,CURRENT,0.0,0.0,NONE,,AUTO_ACCEPT,0.0
LN103718,2025-12,0.0,0.0,0.0,0.0,CURRENT,0.0,0.0,NONE,,AUTO_ACCEPT,0.0
LN108867,2025-12,0.0,0.0,0.0,0.0,CURRENT,0.0,0.0,NONE,,AUTO_ACCEPT,0.0
LN100667,2025-12,0.0,0.0,0.0,0.0,CURRENT,0.0,0.0,NONE,,AUTO_ACCEPT,0.0
LN108144,2025-12,0.0,0.0,0.0,0.0,CURRENT,0.0,0.0,NONE,,AUTO_ACCEPT,0.0
LN108849,2025-12,0.0,0.0,0.0,0.0,CURRENT,0.0,0.0,NONE,,AUTO_ACCEPT,0.0
LN100481,2025-12,0.0,0.0,0.0,0.0,CURRENT,0.0,0.0,NONE,,AUTO_ACCEPT,0.0
LN100125,2025-12,0.0,0.0,0.0,0.0,CURRENT,0.0,0.0,NONE,,AUTO_ACCEPT,0.0
LN104232,2025-12,0.0,0.0,0.0,0.0,CURRENT,0.0,0.0,NONE,,AUTO_ACCEPT,0.0
LN108143,2025-12,0.0,0.0,0.0,0.0,CURRENT,0.0,0.0,NONE,,AUTO_ACCEPT,0.0
LN108850,2025-12,0.0,0.0,0.0,0.0,CURRENT,0.0,0.0,NONE,,AUTO_ACCEPT,0.0
LN108601,2025-12,0.0,0.0,0.0,0.0,CURRENT,0.0,0.0,NONE,,AUTO_ACCEPT,0.0
LN108380,2025-12,0.0,0.0,0.0,0.0,CURRENT,0.0,0.0,NONE,,AUTO_ACCEPT,0.0
LN104016,2025-12,0.0,0.0,0.0,0.0,CURRENT,0.0,0.0,NONE,,AUTO_ACCEPT,0.0
LN104345,2025-12,0.0,0.0,0.0,0.0,CURRENT,0.0,0.0,NONE,,AUTO_ACCEPT,0.0
LN100670,2025-12,0.0,0.0,0.0,0.0,CURRENT,0.0,0.0,NONE,,AUTO_ACCEPT,0.0
LN100480,2025-12,0.0,0.0,0.0,0.0,CURRENT,0.0,0.0,NONE,,AUTO_ACCEPT,0.0
LN104135,2025-12,0.0,0.0,0.0,0.0,CURRENT,0.0,0.0,NONE,,AUTO_ACCEPT,0.0
LN108378,2025-12,0.0,0.0,0.0,0.0,CURRENT,0.0,0.0,NONE,,AUTO_ACCEPT,0.0
LN108602,2025-12,0.0,0.0,0.0,0.0,CURRENT,0.0,0.0,NONE,,AUTO_ACCEPT,0.0
LN103629,2025-12,0.0,0.0,0.0,0.0,CURRENT,0.0,0.0,NONE,,AUTO_ACCEPT,0.0
LN100319,2025-12,0.0,0.0,0.0,0.0,CURRENT,0.0,0.0,NONE,,AUTO_ACCEPT,0.0
LN100318,2025-12,0.0,0.0,0.0,0.0,CURRENT,0.0,0.0,NONE,,AUTO_ACCEPT,0.0
LN108846,2025-12,0.0,0.0,0.0,0.0,CURRENT,0.0,0.0,NONE,,AUTO_ACCEPT,0.0
LN108603,2025-12,0.0,0.0,0.0,0.0,CURRENT,0.0,0.0,NONE,,AUTO_ACCEPT,0.0
LN108146,2025-12,0.0,0.0,0.0,0.0,CURRENT,0.0,0.0,NONE,,AUTO_ACCEPT,0.0
LN100127,2025-12,0.0,0.0,0.0,0.0,CURRENT,0.0,0.0,NONE,,AUTO_ACCEPT,0.0
LN108375,2025-12,0.0,0.0,0.0,0.0,CURRENT,0.0,0.0,NONE,,AUTO_ACCEPT,0.0
LN104134,2025-12,0.0,0.0,0.0,0.0,CURRENT,0.0,0.0,NONE,,AUTO_ACCEPT,0.0
LN103628,2025-12,0.0,0.0,0.0,0.0,CURRENT,0.0,0.0,NONE,,AUTO_ACCEPT,0.0
LN103793,2025-12,0.0,0.0,0.0,0.0,CURRENT,0.0,0.0,NONE,,AUTO_ACCEPT,0.0
LN100666,2025-12,0.0,0.0,0.0,0.0,CURRENT,0.0,0.0,NONE,,AUTO_ACCEPT,0.0
LN103716,2025-12,0.0,0.0,0.0,0.0,CURRENT,0.0,0.0,NONE,,AUTO_ACCEPT,0.0
LN108847,2025-12,0.0,0.0,0.0,0.0,CURRENT,0.0,0.0,NONE,,AUTO_ACCEPT,0.0
LN108145,2025-12,0.0,0.0,0.0,0.0,CURRENT,0.0,0.0,NONE,,AUTO_ACCEPT,0.0
LN104018,2025-12,0.0,0.0,0.0,0.0,CURRENT,0.0,0.0,NONE,,AUTO_ACCEPT,0.0
LN100126,2025-12,0.0,0.0,0.0,0.0,CURRENT,0.0,0.0,NONE,,AUTO_ACCEPT,0.0
LN104344,2025-12,0.0,0.0,0.0,0.0,CURRENT,0.0,0.0,NONE,,AUTO_ACCEPT,0.0
LN103884,2025-12,0.0,0.0,0.0,0.0,CURRENT,0.0,0.0,NONE,,AUTO_ACCEPT,0.0
LN100320,2025-12,0.0,0.0,0.0,0.0,CURRENT,0.0,0.0,NONE,,AUTO_ACCEPT,0.0
LN108851,2025-12,0.0,0.0,0.0,0.0,CURRENT,0.0,0.0,NONE,,AUTO_ACCEPT,0.0
LN108141,2025-12,0.0,0.0,0.0,0.0,CURRENT,0.0,0.0,NONE,,AUTO_ACCEPT,0.0
LN108597,2025-12,0.0,0.0,0.0,0.0,CURRENT,0.0,0.0,NONE,,AUTO_ACCEPT,0.0
LN103887,2025-12,0.0,0.0,0.0,0.0,CURRENT,0.0,0.0,NONE,,AUTO_ACCEPT,0.0
LN108285,2025-12,0.0,0.0,0.0,0.0,CURRENT,0.0,0.0,NONE,,AUTO_ACCEPT,0.0
LN108863,2025-12,0.0,0.0,0.0,0.0,CURRENT,0.0,0.0,NONE,,AUTO_ACCEPT,0.0
LN100678,2025-12,0.0,0.0,0.0,0.0,CURRENT,0.0,0.0,NONE,,AUTO_ACCEPT,0.0
LN108138,2025-12,0.0,0.0,0.0,0.0,CURRENT,0.0,0.0,NONE,,AUTO_ACCEPT,0.0
LN104013,2025-12,0.0,0.0,0.0,0.0,CURRENT,0.0,0.0,NONE,,AUTO_ACCEPT,0.0
LN108383,2025-12,0.0,0.0,0.0,0.0,CURRENT,0.0,0.0,NONE,,AUTO_ACCEPT,0.0
LN100324,2025-12,0.0,0.0,0.0,0.0,CURRENT,0.0,0.0,NONE,,AUTO_ACCEPT,0.0
LN104349,2025-12,0.0,0.0,0.0,0.0,CURRENT,0.0,0.0,NONE,,AUTO_ACCEPT,0.0
LN103627,2025-12,0.0,0.0,0.0,0.0,CURRENT,0.0,0.0,NONE,,AUTO_ACCEPT,0.0
LN108384,2025-12,0.0,0.0,0.0,0.0,CURRENT,0.0,0.0,NONE,,AUTO_ACCEPT,0.0
LN108865,2025-12,0.0,0.0,0.0,0.0,CURRENT,0.0,0.0,NONE,,AUTO_ACCEPT,0.0
LN100121,2025-12,0.0,0.0,0.0,0.0,CURRENT,0.0,0.0,NONE,,AUTO_ACCEPT,0.0
LN108137,2025-12,0.0,0.0,0.0,0.0,CURRENT,0.0,0.0,NONE,,AUTO_ACCEPT,0.0
LN100478,2025-12,0.0,0.0,0.0,0.0,CURRENT,0.0,0.0,NONE,,AUTO_ACCEPT,0.0
LN108596,2025-12,0.0,0.0,0.0,0.0,CURRENT,0.0,0.0,NONE,,AUTO_ACCEPT,0.0
LN100679,2025-12,0.0,0.0,0.0,0.0,CURRENT,0.0,0.0,NONE,,AUTO_ACCEPT,0.0
LN100122,2025-12,0.0,0.0,0.0,0.0,CURRENT,0.0,0.0,NONE,,AUTO_ACCEPT,0.0
LN104231,2025-12,0.0,0.0,0.0,0.0,CURRENT,0.0,0.0,NONE,,AUTO_ACCEPT,0.0
LN100124,2025-12,0.0,0.0,0.0,0.0,CURRENT,0.0,0.0,NONE,,AUTO_ACCEPT,0.0
LN103792,2025-12,0.0,0.0,0.0,0.0,CURRENT,0.0,0.0,NONE,,AUTO_ACCEPT,0.0
LN103886,2025-12,0.0,0.0,0.0,0.0,CURRENT,0.0,0.0,NONE,,AUTO_ACCEPT,0.0
LN100671,2025-12,0.0,0.0,0.0,0.0,CURRENT,0.0,0.0,NONE,,AUTO_ACCEPT,0.0
LN108599,2025-12,0.0,0.0,0.0,0.0,CURRENT,0.0,0.0,NONE,,AUTO_ACCEPT,0.0
LN108382,2025-12,0.0,0.0,0.0,0.0,CURRENT,0.0,0.0,NONE,,AUTO_ACCEPT,0.0
LN108854,2025-12,0.0,0.0,0.0,0.0,CURRENT,0.0,0.0,NONE,,AUTO_ACCEPT,0.0
LN108139,2025-12,0.0,0.0,0.0,0.0,CURRENT,0.0,0.0,NONE,,AUTO_ACCEPT,0.0
LN104348,2025-12,0.0,0.0,0.0,0.0,CURRENT,0.0,0.0,NONE,,AUTO_ACCEPT,0.0
LN103717,2025-12,0.0,0.0,0.0,0.0,CURRENT,0.0,0.0,NONE,,AUTO_ACCEPT,0.0
LN100123,2025-12,0.0,0.0,0.0,0.0,CURRENT,0.0,0.0,NONE,,AUTO_ACCEPT,0.0
LN104014,2025-12,0.0,0.0,0.0,0.0,CURRENT,0.0,0.0,NONE,,AUTO_ACCEPT,0.0
LN100672,2025-12,0.0,0.0,0.0,0.0,CURRENT,0.0,0.0,NONE,,AUTO_ACCEPT,0.0
LN100479,2025-12,0.0,0.0,0.0,0.0,CURRENT,0.0,0.0,NONE,,AUTO_ACCEPT,0.0
LN100322,2025-12,0.0,0.0,0.0,0.0,CURRENT,0.0,0.0,NONE,,AUTO_ACCEPT,0.0
LN108859,2025-12,0.0,0.0,0.0,0.0,CURRENT,0.0,0.0,NONE,,AUTO_ACCEPT,0.0
LN108140,2025-12,0.0,0.0,0.0,0.0,CURRENT,0.0,0.0,NONE,,AUTO_ACCEPT,0.0
LN100664,2025-12,0.0,0.0,0.0,0.0,CURRENT,0.0,0.0,NONE,,AUTO_ACCEPT,0.0
LN100473,2025-12,0.0,0.0,0.0,0.0,CURRENT,0.0,0.0,NONE,,AUTO_ACCEPT,0.0
LN108879,2025-12,0.0,0.0,0.0,0.0,CURRENT,0.0,0.0,NONE,,AUTO_ACCEPT,0.0
LN108895,2025-12,0.0,0.0,0.0,0.0,CURRENT,0.0,0.0,NONE,,AUTO_ACCEPT,0.0
LN104145,2025-12,0.0,0.0,0.0,0.0,CURRENT,0.0,0.0,NONE,,AUTO_ACCEPT,0.0
LN108111,2025-12,0.0,0.0,0.0,0.0,CURRENT,0.0,0.0,NONE,,AUTO_ACCEPT,0.0
LN100467,2025-12,0.0,0.0,0.0,0.0,CURRENT,0.0,0.0,NONE,,AUTO_ACCEPT,0.0
LN100095,2025-12,0.0,0.0,0.0,0.0,CURRENT,0.0,0.0,NONE,,AUTO_ACCEPT,0.0
LN103723,2025-12,0.0,0.0,0.0,0.0,CURRENT,0.0,0.0,NONE,,AUTO_ACCEPT,0.0
LN103901,2025-12,0.0,0.0,0.0,0.0,CURRENT,0.0,0.0,NONE,,AUTO_ACCEPT,0.0
LN103784,2025-12,0.0,0.0,0.0,0.0,CURRENT,0.0,0.0,NONE,,AUTO_ACCEPT,0.0
LN108897,2025-12,0.0,0.0,0.0,0.0,CURRENT,0.0,0.0,NONE,,AUTO_ACCEPT,0.0
LN100340,2025-12,0.0,0.0,0.0,0.0,CURRENT,0.0,0.0,NONE,,AUTO_ACCEPT,0.0
LN100699,2025-12,0.0,0.0,0.0,0.0,CURRENT,0.0,0.0,NONE,,AUTO_ACCEPT,0.0
LN103998,2025-12,0.0,0.0,0.0,0.0,CURRENT,0.0,0.0,NONE,,AUTO_ACCEPT,0.0
LN108404,2025-12,0.0,0.0,0.0,0.0,CURRENT,0.0,0.0,NONE,,AUTO_ACCEPT,0.0
LN104365,2025-12,0.0,0.0,0.0,0.0,CURRENT,0.0,0.0,NONE,,AUTO_ACCEPT,0.0
LN108110,2025-12,0.0,0.0,0.0,0.0,CURRENT,0.0,0.0,NONE,,AUTO_ACCEPT,0.0
LN100698,2025-12,0.0,0.0,0.0,0.0,CURRENT,0.0,0.0,NONE,,AUTO_ACCEPT,0.0
LN108403,2025-12,0.0,0.0,0.0,0.0,CURRENT,0.0,0.0,NONE,,AUTO_ACCEPT,0.0
LN104000,2025-12,0.0,0.0,0.0,0.0,CURRENT,0.0,0.0,NONE,,AUTO_ACCEPT,0.0
LN108572,2025-12,0.0,0.0,0.0,0.0,CURRENT,0.0,0.0,NONE,,AUTO_ACCEPT,0.0
LN100696,2025-12,0.0,0.0,0.0,0.0,CURRENT,0.0,0.0,NONE,,AUTO_ACCEPT,0.0
LN100098,2025-12,0.0,0.0,0.0,0.0,CURRENT,0.0,0.0,NONE,,AUTO_ACCEPT,0.0
LN100337,2025-12,0.0,0.0,0.0,0.0,CURRENT,0.0,0.0,NONE,,AUTO_ACCEPT,0.0
LN104363,2025-12,0.0,0.0,0.0,0.0,CURRENT,0.0,0.0,NONE,,AUTO_ACCEPT,0.0
LN108116,2025-12,0.0,0.0,0.0,0.0,CURRENT,0.0,0.0,NONE,,AUTO_ACCEPT,0.0
LN108573,2025-12,0.0,0.0,0.0,0.0,CURRENT,0.0,0.0,NONE,,AUTO_ACCEPT,0.0
LN108893,2025-12,0.0,0.0,0.0,0.0,CURRENT,0.0,0.0,NONE,,AUTO_ACCEPT,0.0
LN108570,2025-12,0.0,0.0,0.0,0.0,CURRENT,0.0,0.0,NONE,,AUTO_ACCEPT,0.0
LN108402,2025-12,0.0,0.0,0.0,0.0,CURRENT,0.0,0.0,NONE,,AUTO_ACCEPT,0.0
LN100697,2025-12,0.0,0.0,0.0,0.0,CURRENT,0.0,0.0,NONE,,AUTO_ACCEPT,0.0
LN103617,2025-12,0.0,0.0,0.0,0.0,CURRENT,0.0,0.0,NONE,,AUTO_ACCEPT,0.0
LN100339,2025-12,0.0,0.0,0.0,0.0,CURRENT,0.0,0.0,NONE,,AUTO_ACCEPT,0.0
LN108115,2025-12,0.0,0.0,0.0,0.0,CURRENT,0.0,0.0,NONE,,AUTO_ACCEPT,0.0
LN108894,2025-12,0.0,0.0,0.0,0.0,CURRENT,0.0,0.0,NONE,,AUTO_ACCEPT,0.0
LN100096,2025-12,0.0,0.0,0.0,0.0,CURRENT,0.0,0.0,NONE,,AUTO_ACCEPT,0.0
LN104223,2025-12,0.0,0.0,0.0,0.0,CURRENT,0.0,0.0,NONE,,AUTO_ACCEPT,0.0
LN100468,2025-12,0.0,0.0,0.0,0.0,CURRENT,0.0,0.0,NONE,,AUTO_ACCEPT,0.0
LN100094,2025-12,0.0,0.0,0.0,0.0,CURRENT,0.0,0.0,NONE,,AUTO_ACCEPT,0.0
LN103616,2025-12,0.0,0.0,0.0,0.0,CURRENT,0.0,0.0,NONE,,AUTO_ACCEPT,0.0
LN104222,2025-12,0.0,0.0,0.0,0.0,CURRENT,0.0,0.0,NONE,,AUTO_ACCEPT,0.0
LN108107,2025-12,0.0,0.0,0.0,0.0,CURRENT,0.0,0.0,NONE,,AUTO_ACCEPT,0.0
LN100342,2025-12,0.0,0.0,0.0,0.0,CURRENT,0.0,0.0,NONE,,AUTO_ACCEPT,0.0
LN108903,2025-12,0.0,0.0,0.0,0.0,CURRENT,0.0,0.0,NONE,,AUTO_ACCEPT,0.0
LN103724,2025-12,0.0,0.0,0.0,0.0,CURRENT,0.0,0.0,NONE,,AUTO_ACCEPT,0.0
LN100703,2025-12,0.0,0.0,0.0,0.0,CURRENT,0.0,0.0,NONE,,AUTO_ACCEPT,0.0
LN103903,2025-12,0.0,0.0,0.0,0.0,CURRENT,0.0,0.0,NONE,,AUTO_ACCEPT,0.0
LN100465,2025-12,0.0,0.0,0.0,0.0,CURRENT,0.0,0.0,NONE,,AUTO_ACCEPT,0.0
LN100092,2025-12,0.0,0.0,0.0,0.0,CURRENT,0.0,0.0,NONE,,AUTO_ACCEPT,0.0
LN108106,2025-12,0.0,0.0,0.0,0.0,CURRENT,0.0,0.0,NONE,,AUTO_ACCEPT,0.0
LN104221,2025-12,0.0,0.0,0.0,0.0,CURRENT,0.0,0.0,NONE,,AUTO_ACCEPT,0.0
LN103995,2025-12,0.0,0.0,0.0,0.0,CURRENT,0.0,0.0,NONE,,AUTO_ACCEPT,0.0
LN104368,2025-12,0.0,0.0,0.0,0.0,CURRENT,0.0,0.0,NONE,,AUTO_ACCEPT,0.0
LN108567,2025-12,0.0,0.0,0.0,0.0,CURRENT,0.0,0.0,NONE,,AUTO_ACCEPT,0.0
LN108905,2025-12,0.0,0.0,0.0,0.0,CURRENT,0.0,0.0,NONE,,AUTO_ACCEPT,0.0
LN100704,2025-12,0.0,0.0,0.0,0.0,CURRENT,0.0,0.0,NONE,,AUTO_ACCEPT,0.0
LN108409,2025-12,0.0,0.0,0.0,0.0,CURRENT,0.0,0.0,NONE,,AUTO_ACCEPT,0.0
LN100091,2025-12,0.0,0.0,0.0,0.0,CURRENT,0.0,0.0,NONE,,AUTO_ACCEPT,0.0
LN104002,2025-12,0.0,0.0,0.0,0.0,CURRENT,0.0,0.0,NONE,,AUTO_ACCEPT,0.0
LN108408,2025-12,0.0,0.0,0.0,0.0,CURRENT,0.0,0.0,NONE,,AUTO_ACCEPT,0.0
LN108902,2025-12,0.0,0.0,0.0,0.0,CURRENT,0.0,0.0,NONE,,AUTO_ACCEPT,0.0
LN108898,2025-12,0.0,0.0,0.0,0.0,CURRENT,0.0,0.0,NONE,,AUTO_ACCEPT,0.0
LN100700,2025-12,0.0,0.0,0.0,0.0,CURRENT,0.0,0.0,NONE,,AUTO_ACCEPT,0.0
LN108109,2025-12,0.0,0.0,0.0,0.0,CURRENT,0.0,0.0,NONE,,AUTO_ACCEPT,0.0
LN103902,2025-12,0.0,0.0,0.0,0.0,CURRENT,0.0,0.0,NONE,,AUTO_ACCEPT,0.0
LN108569,2025-12,0.0,0.0,0.0,0.0,CURRENT,0.0,0.0,NONE,,AUTO_ACCEPT,0.0
LN108406,2025-12,0.0,0.0,0.0,0.0,CURRENT,0.0,0.0,NONE,,AUTO_ACCEPT,0.0
LN108901,2025-12,0.0,0.0,0.0,0.0,CURRENT,0.0,0.0,NONE,,AUTO_ACCEPT,0.0
LN103783,2025-12,0.0,0.0,0.0,0.0,CURRENT,0.0,0.0,NONE,,AUTO_ACCEPT,0.0
LN100093,2025-12,0.0,0.0,0.0,0.0,CURRENT,0.0,0.0,NONE,,AUTO_ACCEPT,0.0
LN103997,2025-12,0.0,0.0,0.0,0.0,CURRENT,0.0,0.0,NONE,,AUTO_ACCEPT,0.0
LN108108,2025-12,0.0,0.0,0.0,0.0,CURRENT,0.0,0.0,NONE,,AUTO_ACCEPT,0.0
LN104366,2025-12,0.0,0.0,0.0,0.0,CURRENT,0.0,0.0,NONE,,AUTO_ACCEPT,0.0
LN104147,2025-12,0.0,0.0,0.0,0.0,CURRENT,0.0,0.0,NONE,,AUTO_ACCEPT,0.0
LN100701,2025-12,0.0,0.0,0.0,0.0,CURRENT,0.0,0.0,NONE,,AUTO_ACCEPT,0.0
LN100341,2025-12,0.0,0.0,0.0,0.0,CURRENT,0.0,0.0,NONE,,AUTO_ACCEPT,0.0
LN103614,2025-12,0.0,0.0,0.0,0.0,CURRENT,0.0,0.0,NONE,,AUTO_ACCEPT,0.0
LN100466,2025-12,0.0,0.0,0.0,0.0,CURRENT,0.0,0.0,NONE,,AUTO_ACCEPT,0.0
LN100689,2025-12,0.0,0.0,0.0,0.0,CURRENT,0.0,0.0,NONE,,AUTO_ACCEPT,0.0
LN103785,2025-12,0.0,0.0,0.0,0.0,CURRENT,0.0,0.0,NONE,,AUTO_ACCEPT,0.0
LN108892,2025-12,0.0,0.0,0.0,0.0,CURRENT,0.0,0.0,NONE,,AUTO_ACCEPT,0.0
LN100472,2025-12,0.0,0.0,0.0,0.0,CURRENT,0.0,0.0,NONE,,AUTO_ACCEPT,0.0
LN108883,2025-12,0.0,0.0,0.0,0.0,CURRENT,0.0,0.0,NONE,,AUTO_ACCEPT,0.0
LN100691,2025-12,0.0,0.0,0.0,0.0,CURRENT,0.0,0.0,NONE,,AUTO_ACCEPT,0.0
LN108582,2025-12,0.0,0.0,0.0,0.0,CURRENT,0.0,0.0,NONE,,AUTO_ACCEPT,0.0
LN104005,2025-12,0.0,0.0,0.0,0.0,CURRENT,0.0,0.0,NONE,,AUTO_ACCEPT,0.0
LN108124,2025-12,0.0,0.0,0.0,0.0,CURRENT,0.0,0.0,NONE,,AUTO_ACCEPT,0.0
LN103721,2025-12,0.0,0.0,0.0,0.0,CURRENT,0.0,0.0,NONE,,AUTO_ACCEPT,0.0
LN100333,2025-12,0.0,0.0,0.0,0.0,CURRENT,0.0,0.0,NONE,,AUTO_ACCEPT,0.0
LN108885,2025-12,0.0,0.0,0.0,0.0,CURRENT,0.0,0.0,NONE,,AUTO_ACCEPT,0.0
LN104359,2025-12,0.0,0.0,0.0,0.0,CURRENT,0.0,0.0,NONE,,AUTO_ACCEPT,0.0
LN100105,2025-12,0.0,0.0,0.0,0.0,CURRENT,0.0,0.0,NONE,,AUTO_ACCEPT,0.0
LN103786,2025-12,0.0,0.0,0.0,0.0,CURRENT,0.0,0.0,NONE,,AUTO_ACCEPT,0.0
LN100692,2025-12,0.0,0.0,0.0,0.0,CURRENT,0.0,0.0,NONE,,AUTO_ACCEPT,0.0
LN108123,2025-12,0.0,0.0,0.0,0.0,CURRENT,0.0,0.0,NONE,,AUTO_ACCEPT,0.0
LN108393,2025-12,0.0,0.0,0.0,0.0,CURRENT,0.0,0.0,NONE,,AUTO_ACCEPT,0.0
LN108392,2025-12,0.0,0.0,0.0,0.0,CURRENT,0.0,0.0,NONE,,AUTO_ACCEPT,0.0
LN103621,2025-12,0.0,0.0,0.0,0.0,CURRENT,0.0,0.0,NONE,,AUTO_ACCEPT,0.0
LN108125,2025-12,0.0,0.0,0.0,0.0,CURRENT,0.0,0.0,NONE,,AUTO_ACCEPT,0.0
LN100106,2025-12,0.0,0.0,0.0,0.0,CURRENT,0.0,0.0,NONE,,AUTO_ACCEPT,0.0
LN108127,2025-12,0.0,0.0,0.0,0.0,CURRENT,0.0,0.0,NONE,,AUTO_ACCEPT,0.0
LN100108,2025-12,0.0,0.0,0.0,0.0,CURRENT,0.0,0.0,NONE,,AUTO_ACCEPT,0.0
LN103623,2025-12,0.0,0.0,0.0,0.0,CURRENT,0.0,0.0,NONE,,AUTO_ACCEPT,0.0
LN108881,2025-12,0.0,0.0,0.0,0.0,CURRENT,0.0,0.0,NONE,,AUTO_ACCEPT,0.0
LN108391,2025-12,0.0,0.0,0.0,0.0,CURRENT,0.0,0.0,NONE,,AUTO_ACCEPT,0.0
LN104141,2025-12,0.0,0.0,0.0,0.0,CURRENT,0.0,0.0,NONE,,AUTO_ACCEPT,0.0
LN100332,2025-12,0.0,0.0,0.0,0.0,CURRENT,0.0,0.0,NONE,,AUTO_ACCEPT,0.0
LN104225,2025-12,0.0,0.0,0.0,0.0,CURRENT,0.0,0.0,NONE,,AUTO_ACCEPT,0.0
LN100107,2025-12,0.0,0.0,0.0,0.0,CURRENT,0.0,0.0,NONE,,AUTO_ACCEPT,0.0
LN104226,2025-12,0.0,0.0,0.0,0.0,CURRENT,0.0,0.0,NONE,,AUTO_ACCEPT,0.0
LN103895,2025-12,0.0,0.0,0.0,0.0,CURRENT,0.0,0.0,NONE,,AUTO_ACCEPT,0.0
LN100690,2025-12,0.0,0.0,0.0,0.0,CURRENT,0.0,0.0,NONE,,AUTO_ACCEPT,0.0
LN108583,2025-12,0.0,0.0,0.0,0.0,CURRENT,0.0,0.0,NONE,,AUTO_ACCEPT,0.0
LN104358,2025-12,0.0,0.0,0.0,0.0,CURRENT,0.0,0.0,NONE,,AUTO_ACCEPT,0.0
LN104006,2025-12,0.0,0.0,0.0,0.0,CURRENT,0.0,0.0,NONE,,AUTO_ACCEPT,0.0
LN103787,2025-12,0.0,0.0,0.0,0.0,CURRENT,0.0,0.0,NONE,,AUTO_ACCEPT,0.0
LN108126,2025-12,0.0,0.0,0.0,0.0,CURRENT,0.0,0.0,NONE,,AUTO_ACCEPT,0.0
LN108887,2025-12,0.0,0.0,0.0,0.0,CURRENT,0.0,0.0,NONE,,AUTO_ACCEPT,0.0
LN103896,2025-12,0.0,0.0,0.0,0.0,CURRENT,0.0,0.0,NONE,,AUTO_ACCEPT,0.0
LN100104,2025-12,0.0,0.0,0.0,0.0,CURRENT,0.0,0.0,NONE,,AUTO_ACCEPT,0.0
LN108577,2025-12,0.0,0.0,0.0,0.0,CURRENT,0.0,0.0,NONE,,AUTO_ACCEPT,0.0
LN108890,2025-12,0.0,0.0,0.0,0.0,CURRENT,0.0,0.0,NONE,,AUTO_ACCEPT,0.0
LN100101,2025-12,0.0,0.0,0.0,0.0,CURRENT,0.0,0.0,NONE,,AUTO_ACCEPT,0.0
LN103722,2025-12,0.0,0.0,0.0,0.0,CURRENT,0.0,0.0,NONE,,AUTO_ACCEPT,0.0
LN104224,2025-12,0.0,0.0,0.0,0.0,CURRENT,0.0,0.0,NONE,,AUTO_ACCEPT,0.0
LN100695,2025-12,0.0,0.0,0.0,0.0,CURRENT,0.0,0.0,NONE,,AUTO_ACCEPT,0.0
LN108119,2025-12,0.0,0.0,0.0,0.0,CURRENT,0.0,0.0,NONE,,AUTO_ACCEPT,0.0
LN108397,2025-12,0.0,0.0,0.0,0.0,CURRENT,0.0,0.0,NONE,,AUTO_ACCEPT,0.0
LN104362,2025-12,0.0,0.0,0.0,0.0,CURRENT,0.0,0.0,NONE,,AUTO_ACCEPT,0.0
LN104144,2025-12,0.0,0.0,0.0,0.0,CURRENT,0.0,0.0,NONE,,AUTO_ACCEPT,0.0
LN108398,2025-12,0.0,0.0,0.0,0.0,CURRENT,0.0,0.0,NONE,,AUTO_ACCEPT,0.0
LN103618,2025-12,0.0,0.0,0.0,0.0,CURRENT,0.0,0.0,NONE,,AUTO_ACCEPT,0.0
LN100099,2025-12,0.0,0.0,0.0,0.0,CURRENT,0.0,0.0,NONE,,AUTO_ACCEPT,0.0
LN108574,2025-12,0.0,0.0,0.0,0.0,CURRENT,0.0,0.0,NONE,,AUTO_ACCEPT,0.0
LN100469,2025-12,0.0,0.0,0.0,0.0,CURRENT,0.0,0.0,NONE,,AUTO_ACCEPT,0.0
LN108118,2025-12,0.0,0.0,0.0,0.0,CURRENT,0.0,0.0,NONE,,AUTO_ACCEPT,0.0
LN108891,2025-12,0.0,0.0,0.0,0.0,CURRENT,0.0,0.0,NONE,,AUTO_ACCEPT,0.0
LN103900,2025-12,0.0,0.0,0.0,0.0,CURRENT,0.0,0.0,NONE,,AUTO_ACCEPT,0.0
LN108120,2025-12,0.0,0.0,0.0,0.0,CURRENT,0.0,0.0,NONE,,AUTO_ACCEPT,0.0
LN100336,2025-12,0.0,0.0,0.0,0.0,CURRENT,0.0,0.0,NONE,,AUTO_ACCEPT,0.0
LN100471,2025-12,0.0,0.0,0.0,0.0,CURRENT,0.0,0.0,NONE,,AUTO_ACCEPT,0.0
LN100335,2025-12,0.0,0.0,0.0,0.0,CURRENT,0.0,0.0,NONE,,AUTO_ACCEPT,0.0
LN108888,2025-12,0.0,0.0,0.0,0.0,CURRENT,0.0,0.0,NONE,,AUTO_ACCEPT,0.0
LN104143,2025-12,0.0,0.0,0.0,0.0,CURRENT,0.0,0.0,NONE,,AUTO_ACCEPT,0.0
LN108395,2025-12,0.0,0.0,0.0,0.0,CURRENT,0.0,0.0,NONE,,AUTO_ACCEPT,0.0
LN100693,2025-12,0.0,0.0,0.0,0.0,CURRENT,0.0,0.0,NONE,,AUTO_ACCEPT,0.0
LN104004,2025-12,0.0,0.0,0.0,0.0,CURRENT,0.0,0.0,NONE,,AUTO_ACCEPT,0.0
LN104003,2025-12,0.0,0.0,0.0,0.0,CURRENT,0.0,0.0,NONE,,AUTO_ACCEPT,0.0
LN104361,2025-12,0.0,0.0,0.0,0.0,CURRENT,0.0,0.0,NONE,,AUTO_ACCEPT,0.0
LN108121,2025-12,0.0,0.0,0.0,0.0,CURRENT,0.0,0.0,NONE,,AUTO_ACCEPT,0.0
LN108578,2025-12,0.0,0.0,0.0,0.0,CURRENT,0.0,0.0,NONE,,AUTO_ACCEPT,0.0
LN100102,2025-12,0.0,0.0,0.0,0.0,CURRENT,0.0,0.0,NONE,,AUTO_ACCEPT,0.0
LN100470,2025-12,0.0,0.0,0.0,0.0,CURRENT,0.0,0.0,NONE,,AUTO_ACCEPT,0.0
LN108889,2025-12,0.0,0.0,0.0,0.0,CURRENT,0.0,0.0,NONE,,AUTO_ACCEPT,0.0
LN100694,2025-12,0.0,0.0,0.0,0.0,CURRENT,0.0,0.0,NONE,,AUTO_ACCEPT,0.0
LN103899,2025-12,0.0,0.0,0.0,0.0,CURRENT,0.0,0.0,NONE,,AUTO_ACCEPT,0.0
LN103620,2025-12,0.0,0.0,0.0,0.0,CURRENT,0.0,0.0,NONE,,AUTO_ACCEPT,0.0
LN100483,2025-12,0.0,0.0,0.0,0.0,CURRENT,0.0,0.0,NONE,,AUTO_ACCEPT,0.0
LN104234,2025-12,0.0,0.0,0.0,0.0,CURRENT,0.0,0.0,NONE,,AUTO_ACCEPT,0.0
LN103630,2025-12,0.0,0.0,0.0,0.0,CURRENT,0.0,0.0,NONE,,AUTO_ACCEPT,0.0
LN103709,2025-12,0.0,0.0,0.0,0.0,CURRENT,0.0,0.0,NONE,,AUTO_ACCEPT,0.0
LN108621,2025-12,0.0,0.0,0.0,0.0,CURRENT,0.0,0.0,NONE,,AUTO_ACCEPT,0.0
LN103870,2025-12,0.0,0.0,0.0,0.0,CURRENT,0.0,0.0,NONE,,AUTO_ACCEPT,0.0
LN108356,2025-12,0.0,0.0,0.0,0.0,CURRENT,0.0,0.0,NONE,,AUTO_ACCEPT,0.0
LN100501,2025-12,0.0,0.0,0.0,0.0,CURRENT,0.0,0.0,NONE,,AUTO_ACCEPT,0.0
LN108810,2025-12,0.0,0.0,0.0,0.0,CURRENT,0.0,0.0,NONE,,AUTO_ACCEPT,0.0
LN100641,2025-12,0.0,0.0,0.0,0.0,CURRENT,0.0,0.0,NONE,,AUTO_ACCEPT,0.0
LN104036,2025-12,0.0,0.0,0.0,0.0,CURRENT,0.0,0.0,NONE,,AUTO_ACCEPT,0.0
LN104124,2025-12,0.0,0.0,0.0,0.0,CURRENT,0.0,0.0,NONE,,AUTO_ACCEPT,0.0
LN108175,2025-12,0.0,0.0,0.0,0.0,CURRENT,0.0,0.0,NONE,,AUTO_ACCEPT,0.0
LN100152,2025-12,0.0,0.0,0.0,0.0,CURRENT,0.0,0.0,NONE,,AUTO_ACCEPT,0.0
LN100304,2025-12,0.0,0.0,0.0,0.0,CURRENT,0.0,0.0,NONE,,AUTO_ACCEPT,0.0
LN104326,2025-12,0.0,0.0,0.0,0.0,CURRENT,0.0,0.0,NONE,,AUTO_ACCEPT,0.0
LN108811,2025-12,0.0,0.0,0.0,0.0,CURRENT,0.0,0.0,NONE,,AUTO_ACCEPT,0.0
LN104244,2025-12,0.0,0.0,0.0,0.0,CURRENT,0.0,0.0,NONE,,AUTO_ACCEPT,0.0
LN108177,2025-12,0.0,0.0,0.0,0.0,CURRENT,0.0,0.0,NONE,,AUTO_ACCEPT,0.0
LN100154,2025-12,0.0,0.0,0.0,0.0,CURRENT,0.0,0.0,NONE,,AUTO_ACCEPT,0.0
LN103641,2025-12,0.0,0.0,0.0,0.0,CURRENT,0.0,0.0,NONE,,AUTO_ACCEPT,0.0
LN108809,2025-12,0.0,0.0,0.0,0.0,CURRENT,0.0,0.0,NONE,,AUTO_ACCEPT,0.0
LN108806,2025-12,0.0,0.0,0.0,0.0,CURRENT,0.0,0.0,NONE,,AUTO_ACCEPT,0.0
LN100639,2025-12,0.0,0.0,0.0,0.0,CURRENT,0.0,0.0,NONE,,AUTO_ACCEPT,0.0
LN103801,2025-12,0.0,0.0,0.0,0.0,CURRENT,0.0,0.0,NONE,,AUTO_ACCEPT,0.0
LN108179,2025-12,0.0,0.0,0.0,0.0,CURRENT,0.0,0.0,NONE,,AUTO_ACCEPT,0.0
LN100502,2025-12,0.0,0.0,0.0,0.0,CURRENT,0.0,0.0,NONE,,AUTO_ACCEPT,0.0
LN103869,2025-12,0.0,0.0,0.0,0.0,CURRENT,0.0,0.0,NONE,,AUTO_ACCEPT,0.0
LN104037,2025-12,0.0,0.0,0.0,0.0,CURRENT,0.0,0.0,NONE,,AUTO_ACCEPT,0.0
LN103800,2025-12,0.0,0.0,0.0,0.0,CURRENT,0.0,0.0,NONE,,AUTO_ACCEPT,0.0
LN104246,2025-12,0.0,0.0,0.0,0.0,CURRENT,0.0,0.0,NONE,,AUTO_ACCEPT,0.0
LN108622,2025-12,0.0,0.0,0.0,0.0,CURRENT,0.0,0.0,NONE,,AUTO_ACCEPT,0.0
LN100155,2025-12,0.0,0.0,0.0,0.0,CURRENT,0.0,0.0,NONE,,AUTO_ACCEPT,0.0
LN108355,2025-12,0.0,0.0,0.0,0.0,CURRENT,0.0,0.0,NONE,,AUTO_ACCEPT,0.0
LN108178,2025-12,0.0,0.0,0.0,0.0,CURRENT,0.0,0.0,NONE,,AUTO_ACCEPT,0.0
LN100303,2025-12,0.0,0.0,0.0,0.0,CURRENT,0.0,0.0,NONE,,AUTO_ACCEPT,0.0
LN104325,2025-12,0.0,0.0,0.0,0.0,CURRENT,0.0,0.0,NONE,,AUTO_ACCEPT,0.0
LN100640,2025-12,0.0,0.0,0.0,0.0,CURRENT,0.0,0.0,NONE,,AUTO_ACCEPT,0.0
LN108808,2025-12,0.0,0.0,0.0,0.0,CURRENT,0.0,0.0,NONE,,AUTO_ACCEPT,0.0
LN100642,2025-12,0.0,0.0,0.0,0.0,CURRENT,0.0,0.0,NONE,,AUTO_ACCEPT,0.0
LN108357,2025-12,0.0,0.0,0.0,0.0,CURRENT,0.0,0.0,NONE,,AUTO_ACCEPT,0.0
LN108174,2025-12,0.0,0.0,0.0,0.0,CURRENT,0.0,0.0,NONE,,AUTO_ACCEPT,0.0
LN100645,2025-12,0.0,0.0,0.0,0.0,CURRENT,0.0,0.0,NONE,,AUTO_ACCEPT,0.0
LN104031,2025-12,0.0,0.0,0.0,0.0,CURRENT,0.0,0.0,NONE,,AUTO_ACCEPT,0.0
LN104242,2025-12,0.0,0.0,0.0,0.0,CURRENT,0.0,0.0,NONE,,AUTO_ACCEPT,0.0
LN108171,2025-12,0.0,0.0,0.0,0.0,CURRENT,0.0,0.0,NONE,,AUTO_ACCEPT,0.0
LN108618,2025-12,0.0,0.0,0.0,0.0,CURRENT,0.0,0.0,NONE,,AUTO_ACCEPT,0.0
LN100148,2025-12,0.0,0.0,0.0,0.0,CURRENT,0.0,0.0,NONE,,AUTO_ACCEPT,0.0
LN108360,2025-12,0.0,0.0,0.0,0.0,CURRENT,0.0,0.0,NONE,,AUTO_ACCEPT,0.0
LN108815,2025-12,0.0,0.0,0.0,0.0,CURRENT,0.0,0.0,NONE,,AUTO_ACCEPT,0.0
LN103638,2025-12,0.0,0.0,0.0,0.0,CURRENT,0.0,0.0,NONE,,AUTO_ACCEPT,0.0
LN103798,2025-12,0.0,0.0,0.0,0.0,CURRENT,0.0,0.0,NONE,,AUTO_ACCEPT,0.0
LN100646,2025-12,0.0,0.0,0.0,0.0,CURRENT,0.0,0.0,NONE,,AUTO_ACCEPT,0.0
LN108170,2025-12,0.0,0.0,0.0,0.0,CURRENT,0.0,0.0,NONE,,AUTO_ACCEPT,0.0
LN100497,2025-12,0.0,0.0,0.0,0.0,CURRENT,0.0,0.0,NONE,,AUTO_ACCEPT,0.0
LN103873,2025-12,0.0,0.0,0.0,0.0,CURRENT,0.0,0.0,NONE,,AUTO_ACCEPT,0.0
LN100306,2025-12,0.0,0.0,0.0,0.0,CURRENT,0.0,0.0,NONE,,AUTO_ACCEPT,0.0
LN108617,2025-12,0.0,0.0,0.0,0.0,CURRENT,0.0,0.0,NONE,,AUTO_ACCEPT,0.0
LN108816,2025-12,0.0,0.0,0.0,0.0,CURRENT,0.0,0.0,NONE,,AUTO_ACCEPT,0.0
LN104123,2025-12,0.0,0.0,0.0,0.0,CURRENT,0.0,0.0,NONE,,AUTO_ACCEPT,0.0
LN104330,2025-12,0.0,0.0,0.0,0.0,CURRENT,0.0,0.0,NONE,,AUTO_ACCEPT,0.0
LN103711,2025-12,0.0,0.0,0.0,0.0,CURRENT,0.0,0.0,NONE,,AUTO_ACCEPT,0.0
LN103872,2025-12,0.0,0.0,0.0,0.0,CURRENT,0.0,0.0,NONE,,AUTO_ACCEPT,0.0
LN108620,2025-12,0.0,0.0,0.0,0.0,CURRENT,0.0,0.0,NONE,,AUTO_ACCEPT,0.0
LN108812,2025-12,0.0,0.0,0.0,0.0,CURRENT,0.0,0.0,NONE,,AUTO_ACCEPT,0.0
LN100499,2025-12,0.0,0.0,0.0,0.0,CURRENT,0.0,0.0,NONE,,AUTO_ACCEPT,0.0
LN103639,2025-12,0.0,0.0,0.0,0.0,CURRENT,0.0,0.0,NONE,,AUTO_ACCEPT,0.0
LN100151,2025-12,0.0,0.0,0.0,0.0,CURRENT,0.0,0.0,NONE,,AUTO_ACCEPT,0.0
LN108173,2025-12,0.0,0.0,0.0,0.0,CURRENT,0.0,0.0,NONE,,AUTO_ACCEPT,0.0
LN100498,2025-12,0.0,0.0,0.0,0.0,CURRENT,0.0,0.0,NONE,,AUTO_ACCEPT,0.0
LN100305,2025-12,0.0,0.0,0.0,0.0,CURRENT,0.0,0.0,NONE,,AUTO_ACCEPT,0.0
LN108619,2025-12,0.0,0.0,0.0,0.0,CURRENT,0.0,0.0,NONE,,AUTO_ACCEPT,0.0
LN108358,2025-12,0.0,0.0,0.0,0.0,CURRENT,0.0,0.0,NONE,,AUTO_ACCEPT,0.0
LN100644,2025-12,0.0,0.0,0.0,0.0,CURRENT,0.0,0.0,NONE,,AUTO_ACCEPT,0.0
LN108813,2025-12,0.0,0.0,0.0,0.0,CURRENT,0.0,0.0,NONE,,AUTO_ACCEPT,0.0
LN108172,2025-12,0.0,0.0,0.0,0.0,CURRENT,0.0,0.0,NONE,,AUTO_ACCEPT,0.0
LN100149,2025-12,0.0,0.0,0.0,0.0,CURRENT,0.0,0.0,NONE,,AUTO_ACCEPT,0.0
LN104126,2025-12,0.0,0.0,0.0,0.0,CURRENT,0.0,0.0,NONE,,AUTO_ACCEPT,0.0
LN104035,2025-12,0.0,0.0,0.0,0.0,CURRENT,0.0,0.0,NONE,,AUTO_ACCEPT,0.0
LN108818,2025-12,0.0,0.0,0.0,0.0,CURRENT,0.0,0.0,NONE,,AUTO_ACCEPT,0.0
LN108353,2025-12,0.0,0.0,0.0,0.0,CURRENT,0.0,0.0,NONE,,AUTO_ACCEPT,0.0
LN100158,2025-12,0.0,0.0,0.0,0.0,CURRENT,0.0,0.0,NONE,,AUTO_ACCEPT,0.0
LN108796,2025-12,0.0,0.0,0.0,0.0,CURRENT,0.0,0.0,NONE,,AUTO_ACCEPT,0.0
LN108349,2025-12,0.0,0.0,0.0,0.0,CURRENT,0.0,0.0,NONE,,AUTO_ACCEPT,0.0
LN100507,2025-12,0.0,0.0,0.0,0.0,CURRENT,0.0,0.0,NONE,,AUTO_ACCEPT,0.0
LN100164,2025-12,0.0,0.0,0.0,0.0,CURRENT,0.0,0.0,NONE,,AUTO_ACCEPT,0.0
LN108627,2025-12,0.0,0.0,0.0,0.0,CURRENT,0.0,0.0,NONE,,AUTO_ACCEPT,0.0
LN104318,2025-12,0.0,0.0,0.0,0.0,CURRENT,0.0,0.0,NONE,,AUTO_ACCEPT,0.0
LN103862,2025-12,0.0,0.0,0.0,0.0,CURRENT,0.0,0.0,NONE,,AUTO_ACCEPT,0.0
LN108187,2025-12,0.0,0.0,0.0,0.0,CURRENT,0.0,0.0,NONE,,AUTO_ACCEPT,0.0
LN104042,2025-12,0.0,0.0,0.0,0.0,CURRENT,0.0,0.0,NONE,,AUTO_ACCEPT,0.0
LN104121,2025-12,0.0,0.0,0.0,0.0,CURRENT,0.0,0.0,NONE,,AUTO_ACCEPT,0.0
LN103645,2025-12,0.0,0.0,0.0,0.0,CURRENT,0.0,0.0,NONE,,AUTO_ACCEPT,0.0
LN103707,2025-12,0.0,0.0,0.0,0.0,CURRENT,0.0,0.0,NONE,,AUTO_ACCEPT,0.0
LN108797,2025-12,0.0,0.0,0.0,0.0,CURRENT,0.0,0.0,NONE,,AUTO_ACCEPT,0.0
LN100632,2025-12,0.0,0.0,0.0,0.0,CURRENT,0.0,0.0,NONE,,AUTO_ACCEPT,0.0
LN104248,2025-12,0.0,0.0,0.0,0.0,CURRENT,0.0,0.0,NONE,,AUTO_ACCEPT,0.0
LN100297,2025-12,0.0,0.0,0.0,0.0,CURRENT,0.0,0.0,NONE,,AUTO_ACCEPT,0.0
LN108188,2025-12,0.0,0.0,0.0,0.0,CURRENT,0.0,0.0,NONE,,AUTO_ACCEPT,0.0
LN108794,2025-12,0.0,0.0,0.0,0.0,CURRENT,0.0,0.0,NONE,,AUTO_ACCEPT,0.0
LN108628,2025-12,0.0,0.0,0.0,0.0,CURRENT,0.0,0.0,NONE,,AUTO_ACCEPT,0.0
LN108629,2025-12,0.0,0.0,0.0,0.0,CURRENT,0.0,0.0,NONE,,AUTO_ACCEPT,0.0
LN108190,2025-12,0.0,0.0,0.0,0.0,CURRENT,0.0,0.0,NONE,,AUTO_ACCEPT,0.0
LN100166,2025-12,0.0,0.0,0.0,0.0,CURRENT,0.0,0.0,NONE,,AUTO_ACCEPT,0.0
LN103803,2025-12,0.0,0.0,0.0,0.0,CURRENT,0.0,0.0,NONE,,AUTO_ACCEPT,0.0
LN100508,2025-12,0.0,0.0,0.0,0.0,CURRENT,0.0,0.0,NONE,,AUTO_ACCEPT,0.0
LN103646,2025-12,0.0,0.0,0.0,0.0,CURRENT,0.0,0.0,NONE,,AUTO_ACCEPT,0.0
LN104249,2025-12,0.0,0.0,0.0,0.0,CURRENT,0.0,0.0,NONE,,AUTO_ACCEPT,0.0
LN100163,2025-12,0.0,0.0,0.0,0.0,CURRENT,0.0,0.0,NONE,,AUTO_ACCEPT,0.0
LN108793,2025-12,0.0,0.0,0.0,0.0,CURRENT,0.0,0.0,NONE,,AUTO_ACCEPT,0.0
LN100296,2025-12,0.0,0.0,0.0,0.0,CURRENT,0.0,0.0,NONE,,AUTO_ACCEPT,0.0
LN108189,2025-12,0.0,0.0,0.0,0.0,CURRENT,0.0,0.0,NONE,,AUTO_ACCEPT,0.0
LN100165,2025-12,0.0,0.0,0.0,0.0,CURRENT,0.0,0.0,NONE,,AUTO_ACCEPT,0.0
LN108348,2025-12,0.0,0.0,0.0,0.0,CURRENT,0.0,0.0,NONE,,AUTO_ACCEPT,0.0
LN104043,2025-12,0.0,0.0,0.0,0.0,CURRENT,0.0,0.0,NONE,,AUTO_ACCEPT,0.0
LN104317,2025-12,0.0,0.0,0.0,0.0,CURRENT,0.0,0.0,NONE,,AUTO_ACCEPT,0.0
LN100629,2025-12,0.0,0.0,0.0,0.0,CURRENT,0.0,0.0,NONE,,AUTO_ACCEPT,0.0
LN103861,2025-12,0.0,0.0,0.0,0.0,CURRENT,0.0,0.0,NONE,,AUTO_ACCEPT,0.0
LN108186,2025-12,0.0,0.0,0.0,0.0,CURRENT,0.0,0.0,NONE,,AUTO_ACCEPT,0.0
LN103802,2025-12,0.0,0.0,0.0,0.0,CURRENT,0.0,0.0,NONE,,AUTO_ACCEPT,0.0
LN108626,2025-12,0.0,0.0,0.0,0.0,CURRENT,0.0,0.0,NONE,,AUTO_ACCEPT,0.0
LN100299,2025-12,0.0,0.0,0.0,0.0,CURRENT,0.0,0.0,NONE,,AUTO_ACCEPT,0.0
LN104322,2025-12,0.0,0.0,0.0,0.0,CURRENT,0.0,0.0,NONE,,AUTO_ACCEPT,0.0
LN108352,2025-12,0.0,0.0,0.0,0.0,CURRENT,0.0,0.0,NONE,,AUTO_ACCEPT,0.0
LN100635,2025-12,0.0,0.0,0.0,0.0,CURRENT,0.0,0.0,NONE,,AUTO_ACCEPT,0.0
LN108624,2025-12,0.0,0.0,0.0,0.0,CURRENT,0.0,0.0,NONE,,AUTO_ACCEPT,0.0
LN108803,2025-12,0.0,0.0,0.0,0.0,CURRENT,0.0,0.0,NONE,,AUTO_ACCEPT,0.0
LN103642,2025-12,0.0,0.0,0.0,0.0,CURRENT,0.0,0.0,NONE,,AUTO_ACCEPT,0.0
LN104247,2025-12,0.0,0.0,0.0,0.0,CURRENT,0.0,0.0,NONE,,AUTO_ACCEPT,0.0
LN100159,2025-12,0.0,0.0,0.0,0.0,CURRENT,0.0,0.0,NONE,,AUTO_ACCEPT,0.0
LN100503,2025-12,0.0,0.0,0.0,0.0,CURRENT,0.0,0.0,NONE,,AUTO_ACCEPT,0.0
LN100638,2025-12,0.0,0.0,0.0,0.0,CURRENT,0.0,0.0,NONE,,AUTO_ACCEPT,0.0
LN108805,2025-12,0.0,0.0,0.0,0.0,CURRENT,0.0,0.0,NONE,,AUTO_ACCEPT,0.0
LN104039,2025-12,0.0,0.0,0.0,0.0,CURRENT,0.0,0.0,NONE,,AUTO_ACCEPT,0.0
LN100300,2025-12,0.0,0.0,0.0,0.0,CURRENT,0.0,0.0,NONE,,AUTO_ACCEPT,0.0
LN108623,2025-12,0.0,0.0,0.0,0.0,CURRENT,0.0,0.0,NONE,,AUTO_ACCEPT,0.0
LN108180,2025-12,0.0,0.0,0.0,0.0,CURRENT,0.0,0.0,NONE,,AUTO_ACCEPT,0.0
LN108182,2025-12,0.0,0.0,0.0,0.0,CURRENT,0.0,0.0,NONE,,AUTO_ACCEPT,0.0
LN104324,2025-12,0.0,0.0,0.0,0.0,CURRENT,0.0,0.0,NONE,,AUTO_ACCEPT,0.0
LN103708,2025-12,0.0,0.0,0.0,0.0,CURRENT,0.0,0.0,NONE,,AUTO_ACCEPT,0.0
LN108802,2025-12,0.0,0.0,0.0,0.0,CURRENT,0.0,0.0,NONE,,AUTO_ACCEPT,0.0
LN108350,2025-12,0.0,0.0,0.0,0.0,CURRENT,0.0,0.0,NONE,,AUTO_ACCEPT,0.0
LN108799,2025-12,0.0,0.0,0.0,0.0,CURRENT,0.0,0.0,NONE,,AUTO_ACCEPT,0.0
LN100506,2025-12,0.0,0.0,0.0,0.0,CURRENT,0.0,0.0,NONE,,AUTO_ACCEPT,0.0
LN100298,2025-12,0.0,0.0,0.0,0.0,CURRENT,0.0,0.0,NONE,,AUTO_ACCEPT,0.0
LN100161,2025-12,0.0,0.0,0.0,0.0,CURRENT,0.0,0.0,NONE,,AUTO_ACCEPT,0.0
LN108185,2025-12,0.0,0.0,0.0,0.0,CURRENT,0.0,0.0,NONE,,AUTO_ACCEPT,0.0
LN103865,2025-12,0.0,0.0,0.0,0.0,CURRENT,0.0,0.0,NONE,,AUTO_ACCEPT,0.0
LN100160,2025-12,0.0,0.0,0.0,0.0,CURRENT,0.0,0.0,NONE,,AUTO_ACCEPT,0.0
LN108801,2025-12,0.0,0.0,0.0,0.0,CURRENT,0.0,0.0,NONE,,AUTO_ACCEPT,0.0
LN103644,2025-12,0.0,0.0,0.0,0.0,CURRENT,0.0,0.0,NONE,,AUTO_ACCEPT,0.0
LN104122,2025-12,0.0,0.0,0.0,0.0,CURRENT,0.0,0.0,NONE,,AUTO_ACCEPT,0.0
LN100634,2025-12,0.0,0.0,0.0,0.0,CURRENT,0.0,0.0,NONE,,AUTO_ACCEPT,0.0
LN108625,2025-12,0.0,0.0,0.0,0.0,CURRENT,0.0,0.0,NONE,,AUTO_ACCEPT,0.0
LN108351,2025-12,0.0,0.0,0.0,0.0,CURRENT,0.0,0.0,NONE,,AUTO_ACCEPT,0.0
LN108184,2025-12,0.0,0.0,0.0,0.0,CURRENT,0.0,0.0,NONE,,AUTO_ACCEPT,0.0
LN104040,2025-12,0.0,0.0,0.0,0.0,CURRENT,0.0,0.0,NONE,,AUTO_ACCEPT,0.0
LN104321,2025-12,0.0,0.0,0.0,0.0,CURRENT,0.0,0.0,NONE,,AUTO_ACCEPT,0.0
LN100146,2025-12,0.0,0.0,0.0,0.0,CURRENT,0.0,0.0,NONE,,AUTO_ACCEPT,0.0
LN104331,2025-12,0.0,0.0,0.0,0.0,CURRENT,0.0,0.0,NONE,,AUTO_ACCEPT,0.0
LN104030,2025-12,0.0,0.0,0.0,0.0,CURRENT,0.0,0.0,NONE,,AUTO_ACCEPT,0.0
LN103879,2025-12,0.0,0.0,0.0,0.0,CURRENT,0.0,0.0,NONE,,AUTO_ACCEPT,0.0
LN104023,2025-12,0.0,0.0,0.0,0.0,CURRENT,0.0,0.0,NONE,,AUTO_ACCEPT,0.0
LN100658,2025-12,0.0,0.0,0.0,0.0,CURRENT,0.0,0.0,NONE,,AUTO_ACCEPT,0.0
LN100315,2025-12,0.0,0.0,0.0,0.0,CURRENT,0.0,0.0,NONE,,AUTO_ACCEPT,0.0
LN104338,2025-12,0.0,0.0,0.0,0.0,CURRENT,0.0,0.0,NONE,,AUTO_ACCEPT,0.0
LN108836,2025-12,0.0,0.0,0.0,0.0,CURRENT,0.0,0.0,NONE,,AUTO_ACCEPT,0.0
LN108153,2025-12,0.0,0.0,0.0,0.0,CURRENT,0.0,0.0,NONE,,AUTO_ACCEPT,0.0
LN100134,2025-12,0.0,0.0,0.0,0.0,CURRENT,0.0,0.0,NONE,,AUTO_ACCEPT,0.0
LN103633,2025-12,0.0,0.0,0.0,0.0,CURRENT,0.0,0.0,NONE,,AUTO_ACCEPT,0.0
LN100488,2025-12,0.0,0.0,0.0,0.0,CURRENT,0.0,0.0,NONE,,AUTO_ACCEPT,0.0
LN104132,2025-12,0.0,0.0,0.0,0.0,CURRENT,0.0,0.0,NONE,,AUTO_ACCEPT,0.0
LN108371,2025-12,0.0,0.0,0.0,0.0,CURRENT,0.0,0.0,NONE,,AUTO_ACCEPT,0.0
LN108607,2025-12,0.0,0.0,0.0,0.0,CURRENT,0.0,0.0,NONE,,AUTO_ACCEPT,0.0
LN100660,2025-12,0.0,0.0,0.0,0.0,CURRENT,0.0,0.0,NONE,,AUTO_ACCEPT,0.0
LN108838,2025-12,0.0,0.0,0.0,0.0,CURRENT,0.0,0.0,NONE,,AUTO_ACCEPT,0.0
LN104236,2025-12,0.0,0.0,0.0,0.0,CURRENT,0.0,0.0,NONE,,AUTO_ACCEPT,0.0
LN108608,2025-12,0.0,0.0,0.0,0.0,CURRENT,0.0,0.0,NONE,,AUTO_ACCEPT,0.0
LN108154,2025-12,0.0,0.0,0.0,0.0,CURRENT,0.0,0.0,NONE,,AUTO_ACCEPT,0.0
LN108370,2025-12,0.0,0.0,0.0,0.0,CURRENT,0.0,0.0,NONE,,AUTO_ACCEPT,0.0
LN103878,2025-12,0.0,0.0,0.0,0.0,CURRENT,0.0,0.0,NONE,,AUTO_ACCEPT,0.0
LN100138,2025-12,0.0,0.0,0.0,0.0,CURRENT,0.0,0.0,NONE,,AUTO_ACCEPT,0.0
LN108369,2025-12,0.0,0.0,0.0,0.0,CURRENT,0.0,0.0,NONE,,AUTO_ACCEPT,0.0
LN104024,2025-12,0.0,0.0,0.0,0.0,CURRENT,0.0,0.0,NONE,,AUTO_ACCEPT,0.0
LN104337,2025-12,0.0,0.0,0.0,0.0,CURRENT,0.0,0.0,NONE,,AUTO_ACCEPT,0.0
LN103634,2025-12,0.0,0.0,0.0,0.0,CURRENT,0.0,0.0,NONE,,AUTO_ACCEPT,0.0
LN108609,2025-12,0.0,0.0,0.0,0.0,CURRENT,0.0,0.0,NONE,,AUTO_ACCEPT,0.0
LN108152,2025-12,0.0,0.0,0.0,0.0,CURRENT,0.0,0.0,NONE,,AUTO_ACCEPT,0.0
LN100489,2025-12,0.0,0.0,0.0,0.0,CURRENT,0.0,0.0,NONE,,AUTO_ACCEPT,0.0
LN108832,2025-12,0.0,0.0,0.0,0.0,CURRENT,0.0,0.0,NONE,,AUTO_ACCEPT,0.0
LN100314,2025-12,0.0,0.0,0.0,0.0,CURRENT,0.0,0.0,NONE,,AUTO_ACCEPT,0.0
LN100136,2025-12,0.0,0.0,0.0,0.0,CURRENT,0.0,0.0,NONE,,AUTO_ACCEPT,0.0
LN100657,2025-12,0.0,0.0,0.0,0.0,CURRENT,0.0,0.0,NONE,,AUTO_ACCEPT,0.0
LN103714,2025-12,0.0,0.0,0.0,0.0,CURRENT,0.0,0.0,NONE,,AUTO_ACCEPT,0.0
LN103795,2025-12,0.0,0.0,0.0,0.0,CURRENT,0.0,0.0,NONE,,AUTO_ACCEPT,0.0
LN108834,2025-12,0.0,0.0,0.0,0.0,CURRENT,0.0,0.0,NONE,,AUTO_ACCEPT,0.0
LN108156,2025-12,0.0,0.0,0.0,0.0,CURRENT,0.0,0.0,NONE,,AUTO_ACCEPT,0.0
LN100133,2025-12,0.0,0.0,0.0,0.0,CURRENT,0.0,0.0,NONE,,AUTO_ACCEPT,0.0
LN104339,2025-12,0.0,0.0,0.0,0.0,CURRENT,0.0,0.0,NONE,,AUTO_ACCEPT,0.0
LN100316,2025-12,0.0,0.0,0.0,0.0,CURRENT,0.0,0.0,NONE,,AUTO_ACCEPT,0.0
LN108842,2025-12,0.0,0.0,0.0,0.0,CURRENT,0.0,0.0,NONE,,AUTO_ACCEPT,0.0
LN100131,2025-12,0.0,0.0,0.0,0.0,CURRENT,0.0,0.0,NONE,,AUTO_ACCEPT,0.0
LN100484,2025-12,0.0,0.0,0.0,0.0,CURRENT,0.0,0.0,NONE,,AUTO_ACCEPT,0.0
LN103794,2025-12,0.0,0.0,0.0,0.0,CURRENT,0.0,0.0,NONE,,AUTO_ACCEPT,0.0
LN100317,2025-12,0.0,0.0,0.0,0.0,CURRENT,0.0,0.0,NONE,,AUTO_ACCEPT,0.0
LN100663,2025-12,0.0,0.0,0.0,0.0,CURRENT,0.0,0.0,NONE,,AUTO_ACCEPT,0.0
LN108148,2025-12,0.0,0.0,0.0,0.0,CURRENT,0.0,0.0,NONE,,AUTO_ACCEPT,0.0
LN108373,2025-12,0.0,0.0,0.0,0.0,CURRENT,0.0,0.0,NONE,,AUTO_ACCEPT,0.0
LN108844,2025-12,0.0,0.0,0.0,0.0,CURRENT,0.0,0.0,NONE,,AUTO_ACCEPT,0.0
LN103883,2025-12,0.0,0.0,0.0,0.0,CURRENT,0.0,0.0,NONE,,AUTO_ACCEPT,0.0
LN100128,2025-12,0.0,0.0,0.0,0.0,CURRENT,0.0,0.0,NONE,,AUTO_ACCEPT,0.0
LN104019,2025-12,0.0,0.0,0.0,0.0,CURRENT,0.0,0.0,NONE,,AUTO_ACCEPT,0.0
LN104343,2025-12,0.0,0.0,0.0,0.0,CURRENT,0.0,0.0,NONE,,AUTO_ACCEPT,0.0
LN108374,2025-12,0.0,0.0,0.0,0.0,CURRENT,0.0,0.0,NONE,,AUTO_ACCEPT,0.0
LN108147,2025-12,0.0,0.0,0.0,0.0,CURRENT,0.0,0.0,NONE,,AUTO_ACCEPT,0.0
LN108845,2025-12,0.0,0.0,0.0,0.0,CURRENT,0.0,0.0,NONE,,AUTO_ACCEPT,0.0
LN108604,2025-12,0.0,0.0,0.0,0.0,CURRENT,0.0,0.0,NONE,,AUTO_ACCEPT,0.0
LN108157,2025-12,0.0,0.0,0.0,0.0,CURRENT,0.0,0.0,NONE,,AUTO_ACCEPT,0.0
LN108605,2025-12,0.0,0.0,0.0,0.0,CURRENT,0.0,0.0,NONE,,AUTO_ACCEPT,0.0
LN100662,2025-12,0.0,0.0,0.0,0.0,CURRENT,0.0,0.0,NONE,,AUTO_ACCEPT,0.0
LN103715,2025-12,0.0,0.0,0.0,0.0,CURRENT,0.0,0.0,NONE,,AUTO_ACCEPT,0.0
LN108606,2025-12,0.0,0.0,0.0,0.0,CURRENT,0.0,0.0,NONE,,AUTO_ACCEPT,0.0
LN108840,2025-12,0.0,0.0,0.0,0.0,CURRENT,0.0,0.0,NONE,,AUTO_ACCEPT,0.0
LN108151,2025-12,0.0,0.0,0.0,0.0,CURRENT,0.0,0.0,NONE,,AUTO_ACCEPT,0.0
LN104022,2025-12,0.0,0.0,0.0,0.0,CURRENT,0.0,0.0,NONE,,AUTO_ACCEPT,0.0
LN108372,2025-12,0.0,0.0,0.0,0.0,CURRENT,0.0,0.0,NONE,,AUTO_ACCEPT,0.0
LN100485,2025-12,0.0,0.0,0.0,0.0,CURRENT,0.0,0.0,NONE,,AUTO_ACCEPT,0.0
LN104341,2025-12,0.0,0.0,0.0,0.0,CURRENT,0.0,0.0,NONE,,AUTO_ACCEPT,0.0
LN100132,2025-12,0.0,0.0,0.0,0.0,CURRENT,0.0,0.0,NONE,,AUTO_ACCEPT,0.0
LN103631,2025-12,0.0,0.0,0.0,0.0,CURRENT,0.0,0.0,NONE,,AUTO_ACCEPT,0.0
LN104235,2025-12,0.0,0.0,0.0,0.0,CURRENT,0.0,0.0,NONE,,AUTO_ACCEPT,0.0
LN108150,2025-12,0.0,0.0,0.0,0.0,CURRENT,0.0,0.0,NONE,,AUTO_ACCEPT,0.0
LN108841,2025-12,0.0,0.0,0.0,0.0,CURRENT,0.0,0.0,NONE,,AUTO_ACCEPT,0.0
LN104133,2025-12,0.0,0.0,0.0,0.0,CURRENT,0.0,0.0,NONE,,AUTO_ACCEPT,0.0
LN103882,2025-12,0.0,0.0,0.0,0.0,CURRENT,0.0,0.0,NONE,,AUTO_ACCEPT,0.0
LN104020,2025-12,0.0,0.0,0.0,0.0,CURRENT,0.0,0.0,NONE,,AUTO_ACCEPT,0.0
LN100661,2025-12,0.0,0.0,0.0,0.0,CURRENT,0.0,0.0,NONE,,AUTO_ACCEPT,0.0
LN104131,2025-12,0.0,0.0,0.0,0.0,CURRENT,0.0,0.0,NONE,,AUTO_ACCEPT,0.0
LN100656,2025-12,0.0,0.0,0.0,0.0,CURRENT,0.0,0.0,NONE,,AUTO_ACCEPT,0.0
LN108831,2025-12,0.0,0.0,0.0,0.0,CURRENT,0.0,0.0,NONE,,AUTO_ACCEPT,0.0
LN100493,2025-12,0.0,0.0,0.0,0.0,CURRENT,0.0,0.0,NONE,,AUTO_ACCEPT,0.0
LN100309,2025-12,0.0,0.0,0.0,0.0,CURRENT,0.0,0.0,NONE,,AUTO_ACCEPT,0.0
LN108823,2025-12,0.0,0.0,0.0,0.0,CURRENT,0.0,0.0,NONE,,AUTO_ACCEPT,0.0
LN108615,2025-12,0.0,0.0,0.0,0.0,CURRENT,0.0,0.0,NONE,,AUTO_ACCEPT,0.0
LN100650,2025-12,0.0,0.0,0.0,0.0,CURRENT,0.0,0.0,NONE,,AUTO_ACCEPT,0.0
LN108165,2025-12,0.0,0.0,0.0,0.0,CURRENT,0.0,0.0,NONE,,AUTO_ACCEPT,0.0
LN108364,2025-12,0.0,0.0,0.0,0.0,CURRENT,0.0,0.0,NONE,,AUTO_ACCEPT,0.0
LN100144,2025-12,0.0,0.0,0.0,0.0,CURRENT,0.0,0.0,NONE,,AUTO_ACCEPT,0.0
LN104128,2025-12,0.0,0.0,0.0,0.0,CURRENT,0.0,0.0,NONE,,AUTO_ACCEPT,0.0
LN103797,2025-12,0.0,0.0,0.0,0.0,CURRENT,0.0,0.0,NONE,,AUTO_ACCEPT,0.0
LN100143,2025-12,0.0,0.0,0.0,0.0,CURRENT,0.0,0.0,NONE,,AUTO_ACCEPT,0.0
LN100492,2025-12,0.0,0.0,0.0,0.0,CURRENT,0.0,0.0,NONE,,AUTO_ACCEPT,0.0
LN104334,2025-12,0.0,0.0,0.0,0.0,CURRENT,0.0,0.0,NONE,,AUTO_ACCEPT,0.0
LN103876,2025-12,0.0,0.0,0.0,0.0,CURRENT,0.0,0.0,NONE,,AUTO_ACCEPT,0.0
LN108164,2025-12,0.0,0.0,0.0,0.0,CURRENT,0.0,0.0,NONE,,AUTO_ACCEPT,0.0
LN104028,2025-12,0.0,0.0,0.0,0.0,CURRENT,0.0,0.0,NONE,,AUTO_ACCEPT,0.0
LN108824,2025-12,0.0,0.0,0.0,0.0,CURRENT,0.0,0.0,NONE,,AUTO_ACCEPT,0.0
LN108614,2025-12,0.0,0.0,0.0,0.0,CURRENT,0.0,0.0,NONE,,AUTO_ACCEPT,0.0
LN108167,2025-12,0.0,0.0,0.0,0.0,CURRENT,0.0,0.0,NONE,,AUTO_ACCEPT,0.0
LN104029,2025-12,0.0,0.0,0.0,0.0,CURRENT,0.0,0.0,NONE,,AUTO_ACCEPT,0.0
LN108169,2025-12,0.0,0.0,0.0,0.0,CURRENT,0.0,0.0,NONE,,AUTO_ACCEPT,0.0
LN108361,2025-12,0.0,0.0,0.0,0.0,CURRENT,0.0,0.0,NONE,,AUTO_ACCEPT,0.0
LN104127,2025-12,0.0,0.0,0.0,0.0,CURRENT,0.0,0.0,NONE,,AUTO_ACCEPT,0.0
LN108819,2025-12,0.0,0.0,0.0,0.0,CURRENT,0.0,0.0,NONE,,AUTO_ACCEPT,0.0
LN100647,2025-12,0.0,0.0,0.0,0.0,CURRENT,0.0,0.0,NONE,,AUTO_ACCEPT,0.0
LN100307,2025-12,0.0,0.0,0.0,0.0,CURRENT,0.0,0.0,NONE,,AUTO_ACCEPT,0.0
LN100145,2025-12,0.0,0.0,0.0,0.0,CURRENT,0.0,0.0,NONE,,AUTO_ACCEPT,0.0
LN103637,2025-12,0.0,0.0,0.0,0.0,CURRENT,0.0,0.0,NONE,,AUTO_ACCEPT,0.0
LN103712,2025-12,0.0,0.0,0.0,0.0,CURRENT,0.0,0.0,NONE,,AUTO_ACCEPT,0.0
LN108168,2025-12,0.0,0.0,0.0,0.0,CURRENT,0.0,0.0,NONE,,AUTO_ACCEPT,0.0
LN108616,2025-12,0.0,0.0,0.0,0.0,CURRENT,0.0,0.0,NONE,,AUTO_ACCEPT,0.0
LN104333,2025-12,0.0,0.0,0.0,0.0,CURRENT,0.0,0.0,NONE,,AUTO_ACCEPT,0.0
LN108822,2025-12,0.0,0.0,0.0,0.0,CURRENT,0.0,0.0,NONE,,AUTO_ACCEPT,0.0
LN103875,2025-12,0.0,0.0,0.0,0.0,CURRENT,0.0,0.0,NONE,,AUTO_ACCEPT,0.0
LN100648,2025-12,0.0,0.0,0.0,0.0,CURRENT,0.0,0.0,NONE,,AUTO_ACCEPT,0.0
LN108362,2025-12,0.0,0.0,0.0,0.0,CURRENT,0.0,0.0,NONE,,AUTO_ACCEPT,0.0
LN104241,2025-12,0.0,0.0,0.0,0.0,CURRENT,0.0,0.0,NONE,,AUTO_ACCEPT,0.0
LN108792,2025-12,0.0,0.0,0.0,0.0,CURRENT,0.0,0.0,NONE,,AUTO_ACCEPT,0.0
LN103636,2025-12,0.0,0.0,0.0,0.0,CURRENT,0.0,0.0,NONE,,AUTO_ACCEPT,0.0
LN100651,2025-12,0.0,0.0,0.0,0.0,CURRENT,0.0,0.0,NONE,,AUTO_ACCEPT,0.0
LN103713,2025-12,0.0,0.0,0.0,0.0,CURRENT,0.0,0.0,NONE,,AUTO_ACCEPT,0.0
LN108612,2025-12,0.0,0.0,0.0,0.0,CURRENT,0.0,0.0,NONE,,AUTO_ACCEPT,0.0
LN108159,2025-12,0.0,0.0,0.0,0.0,CURRENT,0.0,0.0,NONE,,AUTO_ACCEPT,0.0
LN108829,2025-12,0.0,0.0,0.0,0.0,CURRENT,0.0,0.0,NONE,,AUTO_ACCEPT,0.0
LN100140,2025-12,0.0,0.0,0.0,0.0,CURRENT,0.0,0.0,NONE,,AUTO_ACCEPT,0.0
LN104336,2025-12,0.0,0.0,0.0,0.0,CURRENT,0.0,0.0,NONE,,AUTO_ACCEPT,0.0
LN104238,2025-12,0.0,0.0,0.0,0.0,CURRENT,0.0,0.0,NONE,,AUTO_ACCEPT,0.0
LN103877,2025-12,0.0,0.0,0.0,0.0,CURRENT,0.0,0.0,NONE,,AUTO_ACCEPT,0.0
LN103796,2025-12,0.0,0.0,0.0,0.0,CURRENT,0.0,0.0,NONE,,AUTO_ACCEPT,0.0
LN100655,2025-12,0.0,0.0,0.0,0.0,CURRENT,0.0,0.0,NONE,,AUTO_ACCEPT,0.0
LN108368,2025-12,0.0,0.0,0.0,0.0,CURRENT,0.0,0.0,NONE,,AUTO_ACCEPT,0.0
LN108830,2025-12,0.0,0.0,0.0,0.0,CURRENT,0.0,0.0,NONE,,AUTO_ACCEPT,0.0
LN108158,2025-12,0.0,0.0,0.0,0.0,CURRENT,0.0,0.0,NONE,,AUTO_ACCEPT,0.0
LN100490,2025-12,0.0,0.0,0.0,0.0,CURRENT,0.0,0.0,NONE,,AUTO_ACCEPT,0.0
LN100139,2025-12,0.0,0.0,0.0,0.0,CURRENT,0.0,0.0,NONE,,AUTO_ACCEPT,0.0
LN100313,2025-12,0.0,0.0,0.0,0.0,CURRENT,0.0,0.0,NONE,,AUTO_ACCEPT,0.0
LN104025,2025-12,0.0,0.0,0.0,0.0,CURRENT,0.0,0.0,NONE,,AUTO_ACCEPT,0.0
LN108825,2025-12,0.0,0.0,0.0,0.0,CURRENT,0.0,0.0,NONE,,AUTO_ACCEPT,0.0
LN104130,2025-12,0.0,0.0,0.0,0.0,CURRENT,0.0,0.0,NONE,,AUTO_ACCEPT,0.0
LN103635,2025-12,0.0,0.0,0.0,0.0,CURRENT,0.0,0.0,NONE,,AUTO_ACCEPT,0.0
LN100310,2025-12,0.0,0.0,0.0,0.0,CURRENT,0.0,0.0,NONE,,AUTO_ACCEPT,0.0
LN100142,2025-12,0.0,0.0,0.0,0.0,CURRENT,0.0,0.0,NONE,,AUTO_ACCEPT,0.0
LN108163,2025-12,0.0,0.0,0.0,0.0,CURRENT,0.0,0.0,NONE,,AUTO_ACCEPT,0.0
LN108366,2025-12,0.0,0.0,0.0,0.0,CURRENT,0.0,0.0,NONE,,AUTO_ACCEPT,0.0
LN104240,2025-12,0.0,0.0,0.0,0.0,CURRENT,0.0,0.0,NONE,,AUTO_ACCEPT,0.0
LN108827,2025-12,0.0,0.0,0.0,0.0,CURRENT,0.0,0.0,NONE,,AUTO_ACCEPT,0.0
LN108613,2025-12,0.0,0.0,0.0,0.0,CURRENT,0.0,0.0,NONE,,AUTO_ACCEPT,0.0
LN100653,2025-12,0.0,0.0,0.0,0.0,CURRENT,0.0,0.0,NONE,,AUTO_ACCEPT,0.0
LN100491,2025-12,0.0,0.0,0.0,0.0,CURRENT,0.0,0.0,NONE,,AUTO_ACCEPT,0.0
LN100652,2025-12,0.0,0.0,0.0,0.0,CURRENT,0.0,0.0,NONE,,AUTO_ACCEPT,0.0
LN104335,2025-12,0.0,0.0,0.0,0.0,CURRENT,0.0,0.0,NONE,,AUTO_ACCEPT,0.0
LN104027,2025-12,0.0,0.0,0.0,0.0,CURRENT,0.0,0.0,NONE,,AUTO_ACCEPT,0.0
LN108828,2025-12,0.0,0.0,0.0,0.0,CURRENT,0.0,0.0,NONE,,AUTO_ACCEPT,0.0
LN108161,2025-12,0.0,0.0,0.0,0.0,CURRENT,0.0,0.0,NONE,,AUTO_ACCEPT,0.0
LN108367,2025-12,0.0,0.0,0.0,0.0,CURRENT,0.0,0.0,NONE,,AUTO_ACCEPT,0.0
LN100311,2025-12,0.0,0.0,0.0,0.0,CURRENT,0.0,0.0,NONE,,AUTO_ACCEPT,0.0
LN100141,2025-12,0.0,0.0,0.0,0.0,CURRENT,0.0,0.0,NONE,,AUTO_ACCEPT,0.0
LN100407,2025-12,0.0,0.0,0.0,0.0,CURRENT,0.0,0.0,NONE,,AUTO_ACCEPT,0.0
LN104778,2025-12,0.0,0.0,0.0,0.0,CURRENT,0.0,0.0,NONE,,AUTO_ACCEPT,0.0
LN104426,2025-12,0.0,0.0,0.0,0.0,CURRENT,0.0,0.0,NONE,,AUTO_ACCEPT,0.0
LN106403,2025-12,0.0,0.0,0.0,0.0,CURRENT,0.0,0.0,NONE,,AUTO_ACCEPT,0.0
LN102070,2025-12,0.0,0.0,0.0,0.0,CURRENT,0.0,0.0,NONE,,AUTO_ACCEPT,0.0
LN106404,2025-12,0.0,0.0,0.0,0.0,CURRENT,0.0,0.0,NONE,,AUTO_ACCEPT,0.0
LN102982,2025-12,0.0,0.0,0.0,0.0,CURRENT,0.0,0.0,NONE,,AUTO_ACCEPT,0.0
LN105211,2025-12,0.0,0.0,0.0,0.0,CURRENT,0.0,0.0,NONE,,AUTO_ACCEPT,0.0
LN102069,2025-12,0.0,0.0,0.0,0.0,CURRENT,0.0,0.0,NONE,,AUTO_ACCEPT,0.0
LN102071,2025-12,0.0,0.0,0.0,0.0,CURRENT,0.0,0.0,NONE,,AUTO_ACCEPT,0.0
LN106405,2025-12,0.0,0.0,0.0,0.0,CURRENT,0.0,0.0,NONE,,AUTO_ACCEPT,0.0
LN106407,2025-12,0.0,0.0,0.0,0.0,CURRENT,0.0,0.0,NONE,,AUTO_ACCEPT,0.0
LN102065,2025-12,0.0,0.0,0.0,0.0,CURRENT,0.0,0.0,NONE,,AUTO_ACCEPT,0.0
LN106409,2025-12,0.0,0.0,0.0,0.0,CURRENT,0.0,0.0,NONE,,AUTO_ACCEPT,0.0
LN102983,2025-12,0.0,0.0,0.0,0.0,CURRENT,0.0,0.0,NONE,,AUTO_ACCEPT,0.0
LN102064,2025-12,0.0,0.0,0.0,0.0,CURRENT,0.0,0.0,NONE,,AUTO_ACCEPT,0.0
LN106410,2025-12,0.0,0.0,0.0,0.0,CURRENT,0.0,0.0,NONE,,AUTO_ACCEPT,0.0
LN105210,2025-12,0.0,0.0,0.0,0.0,CURRENT,0.0,0.0,NONE,,AUTO_ACCEPT,0.0
LN106402,2025-12,0.0,0.0,0.0,0.0,CURRENT,0.0,0.0,NONE,,AUTO_ACCEPT,0.0
LN105212,2025-12,0.0,0.0,0.0,0.0,CURRENT,0.0,0.0,NONE,,AUTO_ACCEPT,0.0
LN102979,2025-12,0.0,0.0,0.0,0.0,CURRENT,0.0,0.0,NONE,,AUTO_ACCEPT,0.0
LN106391,2025-12,0.0,0.0,0.0,0.0,CURRENT,0.0,0.0,NONE,,AUTO_ACCEPT,0.0
LN102077,2025-12,0.0,0.0,0.0,0.0,CURRENT,0.0,0.0,NONE,,AUTO_ACCEPT,0.0
LN102977,2025-12,0.0,0.0,0.0,0.0,CURRENT,0.0,0.0,NONE,,AUTO_ACCEPT,0.0
LN105215,2025-12,0.0,0.0,0.0,0.0,CURRENT,0.0,0.0,NONE,,AUTO_ACCEPT,0.0
LN106392,2025-12,0.0,0.0,0.0,0.0,CURRENT,0.0,0.0,NONE,,AUTO_ACCEPT,0.0
LN102076,2025-12,0.0,0.0,0.0,0.0,CURRENT,0.0,0.0,NONE,,AUTO_ACCEPT,0.0
LN106393,2025-12,0.0,0.0,0.0,0.0,CURRENT,0.0,0.0,NONE,,AUTO_ACCEPT,0.0
LN102075,2025-12,0.0,0.0,0.0,0.0,CURRENT,0.0,0.0,NONE,,AUTO_ACCEPT,0.0
LN106395,2025-12,0.0,0.0,0.0,0.0,CURRENT,0.0,0.0,NONE,,AUTO_ACCEPT,0.0
LN102978,2025-12,0.0,0.0,0.0,0.0,CURRENT,0.0,0.0,NONE,,AUTO_ACCEPT,0.0
LN102073,2025-12,0.0,0.0,0.0,0.0,CURRENT,0.0,0.0,NONE,,AUTO_ACCEPT,0.0
LN106399,2025-12,0.0,0.0,0.0,0.0,CURRENT,0.0,0.0,NONE,,AUTO_ACCEPT,0.0
LN105213,2025-12,0.0,0.0,0.0,0.0,CURRENT,0.0,0.0,NONE,,AUTO_ACCEPT,0.0
LN102072,2025-12,0.0,0.0,0.0,0.0,CURRENT,0.0,0.0,NONE,,AUTO_ACCEPT,0.0
LN106401,2025-12,0.0,0.0,0.0,0.0,CURRENT,0.0,0.0,NONE,,AUTO_ACCEPT,0.0
LN105207,2025-12,0.0,0.0,0.0,0.0,CURRENT,0.0,0.0,NONE,,AUTO_ACCEPT,0.0
LN106390,2025-12,0.0,0.0,0.0,0.0,CURRENT,0.0,0.0,NONE,,AUTO_ACCEPT,0.0
LN102063,2025-12,0.0,0.0,0.0,0.0,CURRENT,0.0,0.0,NONE,,AUTO_ACCEPT,0.0
LN102984,2025-12,0.0,0.0,0.0,0.0,CURRENT,0.0,0.0,NONE,,AUTO_ACCEPT,0.0
LN105202,2025-12,0.0,0.0,0.0,0.0,CURRENT,0.0,0.0,NONE,,AUTO_ACCEPT,0.0
LN106424,2025-12,0.0,0.0,0.0,0.0,CURRENT,0.0,0.0,NONE,,AUTO_ACCEPT,0.0
LN102055,2025-12,0.0,0.0,0.0,0.0,CURRENT,0.0,0.0,NONE,,AUTO_ACCEPT,0.0
LN106425,2025-12,0.0,0.0,0.0,0.0,CURRENT,0.0,0.0,NONE,,AUTO_ACCEPT,0.0
LN102988,2025-12,0.0,0.0,0.0,0.0,CURRENT,0.0,0.0,NONE,,AUTO_ACCEPT,0.0
LN102054,2025-12,0.0,0.0,0.0,0.0,CURRENT,0.0,0.0,NONE,,AUTO_ACCEPT,0.0
LN106423,2025-12,0.0,0.0,0.0,0.0,CURRENT,0.0,0.0,NONE,,AUTO_ACCEPT,0.0
LN105200,2025-12,0.0,0.0,0.0,0.0,CURRENT,0.0,0.0,NONE,,AUTO_ACCEPT,0.0
LN106428,2025-12,0.0,0.0,0.0,0.0,CURRENT,0.0,0.0,NONE,,AUTO_ACCEPT,0.0
LN102990,2025-12,0.0,0.0,0.0,0.0,CURRENT,0.0,0.0,NONE,,AUTO_ACCEPT,0.0
LN102052,2025-12,0.0,0.0,0.0,0.0,CURRENT,0.0,0.0,NONE,,AUTO_ACCEPT,0.0
LN106429,2025-12,0.0,0.0,0.0,0.0,CURRENT,0.0,0.0,NONE,,AUTO_ACCEPT,0.0
LN106430,2025-12,0.0,0.0,0.0,0.0,CURRENT,0.0,0.0,NONE,,AUTO_ACCEPT,0.0
LN102051,2025-12,0.0,0.0,0.0,0.0,CURRENT,0.0,0.0,NONE,,AUTO_ACCEPT,0.0
LN106426,2025-12,0.0,0.0,0.0,0.0,CURRENT,0.0,0.0,NONE,,AUTO_ACCEPT,0.0
LN102056,2025-12,0.0,0.0,0.0,0.0,CURRENT,0.0,0.0,NONE,,AUTO_ACCEPT,0.0
LN106422,2025-12,0.0,0.0,0.0,0.0,CURRENT,0.0,0.0,NONE,,AUTO_ACCEPT,0.0
LN102986,2025-12,0.0,0.0,0.0,0.0,CURRENT,0.0,0.0,NONE,,AUTO_ACCEPT,0.0
LN105206,2025-12,0.0,0.0,0.0,0.0,CURRENT,0.0,0.0,NONE,,AUTO_ACCEPT,0.0
LN106413,2025-12,0.0,0.0,0.0,0.0,CURRENT,0.0,0.0,NONE,,AUTO_ACCEPT,0.0
LN102062,2025-12,0.0,0.0,0.0,0.0,CURRENT,0.0,0.0,NONE,,AUTO_ACCEPT,0.0
LN106415,2025-12,0.0,0.0,0.0,0.0,CURRENT,0.0,0.0,NONE,,AUTO_ACCEPT,0.0
LN102061,2025-12,0.0,0.0,0.0,0.0,CURRENT,0.0,0.0,NONE,,AUTO_ACCEPT,0.0
LN106416,2025-12,0.0,0.0,0.0,0.0,CURRENT,0.0,0.0,NONE,,AUTO_ACCEPT,0.0
LN102985,2025-12,0.0,0.0,0.0,0.0,CURRENT,0.0,0.0,NONE,,AUTO_ACCEPT,0.0
LN105205,2025-12,0.0,0.0,0.0,0.0,CURRENT,0.0,0.0,NONE,,AUTO_ACCEPT,0.0
LN102060,2025-12,0.0,0.0,0.0,0.0,CURRENT,0.0,0.0,NONE,,AUTO_ACCEPT,0.0
LN106417,2025-12,0.0,0.0,0.0,0.0,CURRENT,0.0,0.0,NONE,,AUTO_ACCEPT,0.0
LN106418,2025-12,0.0,0.0,0.0,0.0,CURRENT,0.0,0.0,NONE,,AUTO_ACCEPT,0.0
LN102058,2025-12,0.0,0.0,0.0,0.0,CURRENT,0.0,0.0,NONE,,AUTO_ACCEPT,0.0
LN105204,2025-12,0.0,0.0,0.0,0.0,CURRENT,0.0,0.0,NONE,,AUTO_ACCEPT,0.0
LN106420,2025-12,0.0,0.0,0.0,0.0,CURRENT,0.0,0.0,NONE,,AUTO_ACCEPT,0.0
LN102057,2025-12,0.0,0.0,0.0,0.0,CURRENT,0.0,0.0,NONE,,AUTO_ACCEPT,0.0
LN106411,2025-12,0.0,0.0,0.0,0.0,CURRENT,0.0,0.0,NONE,,AUTO_ACCEPT,0.0
LN105198,2025-12,0.0,0.0,0.0,0.0,CURRENT,0.0,0.0,NONE,,AUTO_ACCEPT,0.0
LN102079,2025-12,0.0,0.0,0.0,0.0,CURRENT,0.0,0.0,NONE,,AUTO_ACCEPT,0.0
LN102975,2025-12,0.0,0.0,0.0,0.0,CURRENT,0.0,0.0,NONE,,AUTO_ACCEPT,0.0
LN102101,2025-12,0.0,0.0,0.0,0.0,CURRENT,0.0,0.0,NONE,,AUTO_ACCEPT,0.0
LN106366,2025-12,0.0,0.0,0.0,0.0,CURRENT,0.0,0.0,NONE,,AUTO_ACCEPT,0.0
LN102964,2025-12,0.0,0.0,0.0,0.0,CURRENT,0.0,0.0,NONE,,AUTO_ACCEPT,0.0
LN102100,2025-12,0.0,0.0,0.0,0.0,CURRENT,0.0,0.0,NONE,,AUTO_ACCEPT,0.0
LN105227,2025-12,0.0,0.0,0.0,0.0,CURRENT,0.0,0.0,NONE,,AUTO_ACCEPT,0.0
LN106367,2025-12,0.0,0.0,0.0,0.0,CURRENT,0.0,0.0,NONE,,AUTO_ACCEPT,0.0
LN106364,2025-12,0.0,0.0,0.0,0.0,CURRENT,0.0,0.0,NONE,,AUTO_ACCEPT,0.0
LN106368,2025-12,0.0,0.0,0.0,0.0,CURRENT,0.0,0.0,NONE,,AUTO_ACCEPT,0.0
LN102096,2025-12,0.0,0.0,0.0,0.0,CURRENT,0.0,0.0,NONE,,AUTO_ACCEPT,0.0
LN105226,2025-12,0.0,0.0,0.0,0.0,CURRENT,0.0,0.0,NONE,,AUTO_ACCEPT,0.0
LN106369,2025-12,0.0,0.0,0.0,0.0,CURRENT,0.0,0.0,NONE,,AUTO_ACCEPT,0.0
LN102095,2025-12,0.0,0.0,0.0,0.0,CURRENT,0.0,0.0,NONE,,AUTO_ACCEPT,0.0
LN106370,2025-12,0.0,0.0,0.0,0.0,CURRENT,0.0,0.0,NONE,,AUTO_ACCEPT,0.0
LN105225,2025-12,0.0,0.0,0.0,0.0,CURRENT,0.0,0.0,NONE,,AUTO_ACCEPT,0.0
LN102967,2025-12,0.0,0.0,0.0,0.0,CURRENT,0.0,0.0,NONE,,AUTO_ACCEPT,0.0
LN105229,2025-12,0.0,0.0,0.0,0.0,CURRENT,0.0,0.0,NONE,,AUTO_ACCEPT,0.0
LN106361,2025-12,0.0,0.0,0.0,0.0,CURRENT,0.0,0.0,NONE,,AUTO_ACCEPT,0.0
LN102963,2025-12,0.0,0.0,0.0,0.0,CURRENT,0.0,0.0,NONE,,AUTO_ACCEPT,0.0
LN106354,2025-12,0.0,0.0,0.0,0.0,CURRENT,0.0,0.0,NONE,,AUTO_ACCEPT,0.0
LN105234,2025-12,0.0,0.0,0.0,0.0,CURRENT,0.0,0.0,NONE,,AUTO_ACCEPT,0.0
LN102107,2025-12,0.0,0.0,0.0,0.0,CURRENT,0.0,0.0,NONE,,AUTO_ACCEPT,0.0
LN106355,2025-12,0.0,0.0,0.0,0.0,CURRENT,0.0,0.0,NONE,,AUTO_ACCEPT,0.0
LN102106,2025-12,0.0,0.0,0.0,0.0,CURRENT,0.0,0.0,NONE,,AUTO_ACCEPT,0.0
LN106356,2025-12,0.0,0.0,0.0,0.0,CURRENT,0.0,0.0,NONE,,AUTO_ACCEPT,0.0
LN102962,2025-12,0.0,0.0,0.0,0.0,CURRENT,0.0,0.0,NONE,,AUTO_ACCEPT,0.0
LN105232,2025-12,0.0,0.0,0.0,0.0,CURRENT,0.0,0.0,NONE,,AUTO_ACCEPT,0.0
LN106358,2025-12,0.0,0.0,0.0,0.0,CURRENT,0.0,0.0,NONE,,AUTO_ACCEPT,0.0
LN102104,2025-12,0.0,0.0,0.0,0.0,CURRENT,0.0,0.0,NONE,,AUTO_ACCEPT,0.0
LN106359,2025-12,0.0,0.0,0.0,0.0,CURRENT,0.0,0.0,NONE,,AUTO_ACCEPT,0.0
LN102103,2025-12,0.0,0.0,0.0,0.0,CURRENT,0.0,0.0,NONE,,AUTO_ACCEPT,0.0
LN105230,2025-12,0.0,0.0,0.0,0.0,CURRENT,0.0,0.0,NONE,,AUTO_ACCEPT,0.0
LN106360,2025-12,0.0,0.0,0.0,0.0,CURRENT,0.0,0.0,NONE,,AUTO_ACCEPT,0.0
LN102102,2025-12,0.0,0.0,0.0,0.0,CURRENT,0.0,0.0,NONE,,AUTO_ACCEPT,0.0
LN106372,2025-12,0.0,0.0,0.0,0.0,CURRENT,0.0,0.0,NONE,,AUTO_ACCEPT,0.0
LN105216,2025-12,0.0,0.0,0.0,0.0,CURRENT,0.0,0.0,NONE,,AUTO_ACCEPT,0.0
LN102094,2025-12,0.0,0.0,0.0,0.0,CURRENT,0.0,0.0,NONE,,AUTO_ACCEPT,0.0
LN106373,2025-12,0.0,0.0,0.0,0.0,CURRENT,0.0,0.0,NONE,,AUTO_ACCEPT,0.0
LN106382,2025-12,0.0,0.0,0.0,0.0,CURRENT,0.0,0.0,NONE,,AUTO_ACCEPT,0.0
LN102973,2025-12,0.0,0.0,0.0,0.0,CURRENT,0.0,0.0,NONE,,AUTO_ACCEPT,0.0
LN102087,2025-12,0.0,0.0,0.0,0.0,CURRENT,0.0,0.0,NONE,,AUTO_ACCEPT,0.0
LN106384,2025-12,0.0,0.0,0.0,0.0,CURRENT,0.0,0.0,NONE,,AUTO_ACCEPT,0.0
LN105220,2025-12,0.0,0.0,0.0,0.0,CURRENT,0.0,0.0,NONE,,AUTO_ACCEPT,0.0
LN102085,2025-12,0.0,0.0,0.0,0.0,CURRENT,0.0,0.0,NONE,,AUTO_ACCEPT,0.0
LN102088,2025-12,0.0,0.0,0.0,0.0,CURRENT,0.0,0.0,NONE,,AUTO_ACCEPT,0.0
LN106385,2025-12,0.0,0.0,0.0,0.0,CURRENT,0.0,0.0,NONE,,AUTO_ACCEPT,0.0
LN106387,2025-12,0.0,0.0,0.0,0.0,CURRENT,0.0,0.0,NONE,,AUTO_ACCEPT,0.0
LN102082,2025-12,0.0,0.0,0.0,0.0,CURRENT,0.0,0.0,NONE,,AUTO_ACCEPT,0.0
LN105217,2025-12,0.0,0.0,0.0,0.0,CURRENT,0.0,0.0,NONE,,AUTO_ACCEPT,0.0
LN106388,2025-12,0.0,0.0,0.0,0.0,CURRENT,0.0,0.0,NONE,,AUTO_ACCEPT,0.0
LN102081,2025-12,0.0,0.0,0.0,0.0,CURRENT,0.0,0.0,NONE,,AUTO_ACCEPT,0.0
LN106389,2025-12,0.0,0.0,0.0,0.0,CURRENT,0.0,0.0,NONE,,AUTO_ACCEPT,0.0
LN102974,2025-12,0.0,0.0,0.0,0.0,CURRENT,0.0,0.0,NONE,,AUTO_ACCEPT,0.0
LN106381,2025-12,0.0,0.0,0.0,0.0,CURRENT,0.0,0.0,NONE,,AUTO_ACCEPT,0.0
LN105221,2025-12,0.0,0.0,0.0,0.0,CURRENT,0.0,0.0,NONE,,AUTO_ACCEPT,0.0
LN106379,2025-12,0.0,0.0,0.0,0.0,CURRENT,0.0,0.0,NONE,,AUTO_ACCEPT,0.0
LN102093,2025-12,0.0,0.0,0.0,0.0,CURRENT,0.0,0.0,NONE,,AUTO_ACCEPT,0.0
LN105224,2025-12,0.0,0.0,0.0,0.0,CURRENT,0.0,0.0,NONE,,AUTO_ACCEPT,0.0
LN106374,2025-12,0.0,0.0,0.0,0.0,CURRENT,0.0,0.0,NONE,,AUTO_ACCEPT,0.0
LN102092,2025-12,0.0,0.0,0.0,0.0,CURRENT,0.0,0.0,NONE,,AUTO_ACCEPT,0.0
LN106375,2025-12,0.0,0.0,0.0,0.0,CURRENT,0.0,0.0,NONE,,AUTO_ACCEPT,0.0
LN102969,2025-12,0.0,0.0,0.0,0.0,CURRENT,0.0,0.0,NONE,,AUTO_ACCEPT,0.0
LN105223,2025-12,0.0,0.0,0.0,0.0,CURRENT,0.0,0.0,NONE,,AUTO_ACCEPT,0.0
LN106376,2025-12,0.0,0.0,0.0,0.0,CURRENT,0.0,0.0,NONE,,AUTO_ACCEPT,0.0
LN102091,2025-12,0.0,0.0,0.0,0.0,CURRENT,0.0,0.0,NONE,,AUTO_ACCEPT,0.0
LN106377,2025-12,0.0,0.0,0.0,0.0,CURRENT,0.0,0.0,NONE,,AUTO_ACCEPT,0.0
LN102090,2025-12,0.0,0.0,0.0,0.0,CURRENT,0.0,0.0,NONE,,AUTO_ACCEPT,0.0
LN102970,2025-12,0.0,0.0,0.0,0.0,CURRENT,0.0,0.0,NONE,,AUTO_ACCEPT,0.0
LN106378,2025-12,0.0,0.0,0.0,0.0,CURRENT,0.0,0.0,NONE,,AUTO_ACCEPT,0.0
LN105222,2025-12,0.0,0.0,0.0,0.0,CURRENT,0.0,0.0,NONE,,AUTO_ACCEPT,0.0
LN102089,2025-12,0.0,0.0,0.0,0.0,CURRENT,0.0,0.0,NONE,,AUTO_ACCEPT,0.0
LN102968,2025-12,0.0,0.0,0.0,0.0,CURRENT,0.0,0.0,NONE,,AUTO_ACCEPT,0.0
LN106431,2025-12,0.0,0.0,0.0,0.0,CURRENT,0.0,0.0,NONE,,AUTO_ACCEPT,0.0
LN102050,2025-12,0.0,0.0,0.0,0.0,CURRENT,0.0,0.0,NONE,,AUTO_ACCEPT,0.0
LN102991,2025-12,0.0,0.0,0.0,0.0,CURRENT,0.0,0.0,NONE,,AUTO_ACCEPT,0.0
LN105171,2025-12,0.0,0.0,0.0,0.0,CURRENT,0.0,0.0,NONE,,AUTO_ACCEPT,0.0
LN102016,2025-12,0.0,0.0,0.0,0.0,CURRENT,0.0,0.0,NONE,,AUTO_ACCEPT,0.0
LN106479,2025-12,0.0,0.0,0.0,0.0,CURRENT,0.0,0.0,NONE,,AUTO_ACCEPT,0.0
LN103007,2025-12,0.0,0.0,0.0,0.0,CURRENT,0.0,0.0,NONE,,AUTO_ACCEPT,0.0
LN106480,2025-12,0.0,0.0,0.0,0.0,CURRENT,0.0,0.0,NONE,,AUTO_ACCEPT,0.0
LN102013,2025-12,0.0,0.0,0.0,0.0,CURRENT,0.0,0.0,NONE,,AUTO_ACCEPT,0.0
LN106478,2025-12,0.0,0.0,0.0,0.0,CURRENT,0.0,0.0,NONE,,AUTO_ACCEPT,0.0
LN105170,2025-12,0.0,0.0,0.0,0.0,CURRENT,0.0,0.0,NONE,,AUTO_ACCEPT,0.0
LN102010,2025-12,0.0,0.0,0.0,0.0,CURRENT,0.0,0.0,NONE,,AUTO_ACCEPT,0.0
LN106482,2025-12,0.0,0.0,0.0,0.0,CURRENT,0.0,0.0,NONE,,AUTO_ACCEPT,0.0
LN103008,2025-12,0.0,0.0,0.0,0.0,CURRENT,0.0,0.0,NONE,,AUTO_ACCEPT,0.0
LN102009,2025-12,0.0,0.0,0.0,0.0,CURRENT,0.0,0.0,NONE,,AUTO_ACCEPT,0.0
LN105168,2025-12,0.0,0.0,0.0,0.0,CURRENT,0.0,0.0,NONE,,AUTO_ACCEPT,0.0
LN106485,2025-12,0.0,0.0,0.0,0.0,CURRENT,0.0,0.0,NONE,,AUTO_ACCEPT,0.0
LN106481,2025-12,0.0,0.0,0.0,0.0,CURRENT,0.0,0.0,NONE,,AUTO_ACCEPT,0.0
LN103006,2025-12,0.0,0.0,0.0,0.0,CURRENT,0.0,0.0,NONE,,AUTO_ACCEPT,0.0
LN102017,2025-12,0.0,0.0,0.0,0.0,CURRENT,0.0,0.0,NONE,,AUTO_ACCEPT,0.0
LN106476,2025-12,0.0,0.0,0.0,0.0,CURRENT,0.0,0.0,NONE,,AUTO_ACCEPT,0.0
LN106469,2025-12,0.0,0.0,0.0,0.0,CURRENT,0.0,0.0,NONE,,AUTO_ACCEPT,0.0
LN103003,2025-12,0.0,0.0,0.0,0.0,CURRENT,0.0,0.0,NONE,,AUTO_ACCEPT,0.0
LN105174,2025-12,0.0,0.0,0.0,0.0,CURRENT,0.0,0.0,NONE,,AUTO_ACCEPT,0.0
LN106470,2025-12,0.0,0.0,0.0,0.0,CURRENT,0.0,0.0,NONE,,AUTO_ACCEPT,0.0
LN102022,2025-12,0.0,0.0,0.0,0.0,CURRENT,0.0,0.0,NONE,,AUTO_ACCEPT,0.0
LN106471,2025-12,0.0,0.0,0.0,0.0,CURRENT,0.0,0.0,NONE,,AUTO_ACCEPT,0.0
LN102021,2025-12,0.0,0.0,0.0,0.0,CURRENT,0.0,0.0,NONE,,AUTO_ACCEPT,0.0
LN106473,2025-12,0.0,0.0,0.0,0.0,CURRENT,0.0,0.0,NONE,,AUTO_ACCEPT,0.0
LN103005,2025-12,0.0,0.0,0.0,0.0,CURRENT,0.0,0.0,NONE,,AUTO_ACCEPT,0.0
LN105173,2025-12,0.0,0.0,0.0,0.0,CURRENT,0.0,0.0,NONE,,AUTO_ACCEPT,0.0
LN102020,2025-12,0.0,0.0,0.0,0.0,CURRENT,0.0,0.0,NONE,,AUTO_ACCEPT,0.0
LN106474,2025-12,0.0,0.0,0.0,0.0,CURRENT,0.0,0.0,NONE,,AUTO_ACCEPT,0.0
LN106475,2025-12,0.0,0.0,0.0,0.0,CURRENT,0.0,0.0,NONE,,AUTO_ACCEPT,0.0
LN102018,2025-12,0.0,0.0,0.0,0.0,CURRENT,0.0,0.0,NONE,,AUTO_ACCEPT,0.0
LN105172,2025-12,0.0,0.0,0.0,0.0,CURRENT,0.0,0.0,NONE,,AUTO_ACCEPT,0.0
LN102008,2025-12,0.0,0.0,0.0,0.0,CURRENT,0.0,0.0,NONE,,AUTO_ACCEPT,0.0
LN102024,2025-12,0.0,0.0,0.0,0.0,CURRENT,0.0,0.0,NONE,,AUTO_ACCEPT,0.0
LN105167,2025-12,0.0,0.0,0.0,0.0,CURRENT,0.0,0.0,NONE,,AUTO_ACCEPT,0.0
LN102006,2025-12,0.0,0.0,0.0,0.0,CURRENT,0.0,0.0,NONE,,AUTO_ACCEPT,0.0
LN103014,2025-12,0.0,0.0,0.0,0.0,CURRENT,0.0,0.0,NONE,,AUTO_ACCEPT,0.0
LN101999,2025-12,0.0,0.0,0.0,0.0,CURRENT,0.0,0.0,NONE,,AUTO_ACCEPT,0.0
LN105162,2025-12,0.0,0.0,0.0,0.0,CURRENT,0.0,0.0,NONE,,AUTO_ACCEPT,0.0
LN106496,2025-12,0.0,0.0,0.0,0.0,CURRENT,0.0,0.0,NONE,,AUTO_ACCEPT,0.0
LN106497,2025-12,0.0,0.0,0.0,0.0,CURRENT,0.0,0.0,NONE,,AUTO_ACCEPT,0.0
LN101997,2025-12,0.0,0.0,0.0,0.0,CURRENT,0.0,0.0,NONE,,AUTO_ACCEPT,0.0
LN106495,2025-12,0.0,0.0,0.0,0.0,CURRENT,0.0,0.0,NONE,,AUTO_ACCEPT,0.0
LN103015,2025-12,0.0,0.0,0.0,0.0,CURRENT,0.0,0.0,NONE,,AUTO_ACCEPT,0.0
LN106498,2025-12,0.0,0.0,0.0,0.0,CURRENT,0.0,0.0,NONE,,AUTO_ACCEPT,0.0
LN101996,2025-12,0.0,0.0,0.0,0.0,CURRENT,0.0,0.0,NONE,,AUTO_ACCEPT,0.0
LN106499,2025-12,0.0,0.0,0.0,0.0,CURRENT,0.0,0.0,NONE,,AUTO_ACCEPT,0.0
LN101992,2025-12,0.0,0.0,0.0,0.0,CURRENT,0.0,0.0,NONE,,AUTO_ACCEPT,0.0
LN103016,2025-12,0.0,0.0,0.0,0.0,CURRENT,0.0,0.0,NONE,,AUTO_ACCEPT,0.0
LN106501,2025-12,0.0,0.0,0.0,0.0,CURRENT,0.0,0.0,NONE,,AUTO_ACCEPT,0.0
LN105161,2025-12,0.0,0.0,0.0,0.0,CURRENT,0.0,0.0,NONE,,AUTO_ACCEPT,0.0
LN102000,2025-12,0.0,0.0,0.0,0.0,CURRENT,0.0,0.0,NONE,,AUTO_ACCEPT,0.0
LN106494,2025-12,0.0,0.0,0.0,0.0,CURRENT,0.0,0.0,NONE,,AUTO_ACCEPT,0.0
LN105163,2025-12,0.0,0.0,0.0,0.0,CURRENT,0.0,0.0,NONE,,AUTO_ACCEPT,0.0
LN103010,2025-12,0.0,0.0,0.0,0.0,CURRENT,0.0,0.0,NONE,,AUTO_ACCEPT,0.0
LN106487,2025-12,0.0,0.0,0.0,0.0,CURRENT,0.0,0.0,NONE,,AUTO_ACCEPT,0.0
LN103011,2025-12,0.0,0.0,0.0,0.0,CURRENT,0.0,0.0,NONE,,AUTO_ACCEPT,0.0
LN106489,2025-12,0.0,0.0,0.0,0.0,CURRENT,0.0,0.0,NONE,,AUTO_ACCEPT,0.0
LN102004,2025-12,0.0,0.0,0.0,0.0,CURRENT,0.0,0.0,NONE,,AUTO_ACCEPT,0.0
LN105165,2025-12,0.0,0.0,0.0,0.0,CURRENT,0.0,0.0,NONE,,AUTO_ACCEPT,0.0
LN106490,2025-12,0.0,0.0,0.0,0.0,CURRENT,0.0,0.0,NONE,,AUTO_ACCEPT,0.0
LN102003,2025-12,0.0,0.0,0.0,0.0,CURRENT,0.0,0.0,NONE,,AUTO_ACCEPT,0.0
LN106491,2025-12,0.0,0.0,0.0,0.0,CURRENT,0.0,0.0,NONE,,AUTO_ACCEPT,0.0
LN103013,2025-12,0.0,0.0,0.0,0.0,CURRENT,0.0,0.0,NONE,,AUTO_ACCEPT,0.0
LN102002,2025-12,0.0,0.0,0.0,0.0,CURRENT,0.0,0.0,NONE,,AUTO_ACCEPT,0.0
LN105164,2025-12,0.0,0.0,0.0,0.0,CURRENT,0.0,0.0,NONE,,AUTO_ACCEPT,0.0
LN106492,2025-12,0.0,0.0,0.0,0.0,CURRENT,0.0,0.0,NONE,,AUTO_ACCEPT,0.0
LN106493,2025-12,0.0,0.0,0.0,0.0,CURRENT,0.0,0.0,NONE,,AUTO_ACCEPT,0.0
LN102001,2025-12,0.0,0.0,0.0,0.0,CURRENT,0.0,0.0,NONE,,AUTO_ACCEPT,0.0
LN106486,2025-12,0.0,0.0,0.0,0.0,CURRENT,0.0,0.0,NONE,,AUTO_ACCEPT,0.0
LN105175,2025-12,0.0,0.0,0.0,0.0,CURRENT,0.0,0.0,NONE,,AUTO_ACCEPT,0.0
LN106468,2025-12,0.0,0.0,0.0,0.0,CURRENT,0.0,0.0,NONE,,AUTO_ACCEPT,0.0
LN102025,2025-12,0.0,0.0,0.0,0.0,CURRENT,0.0,0.0,NONE,,AUTO_ACCEPT,0.0
LN102042,2025-12,0.0,0.0,0.0,0.0,CURRENT,0.0,0.0,NONE,,AUTO_ACCEPT,0.0
LN106443,2025-12,0.0,0.0,0.0,0.0,CURRENT,0.0,0.0,NONE,,AUTO_ACCEPT,0.0
LN102994,2025-12,0.0,0.0,0.0,0.0,CURRENT,0.0,0.0,NONE,,AUTO_ACCEPT,0.0
LN102041,2025-12,0.0,0.0,0.0,0.0,CURRENT,0.0,0.0,NONE,,AUTO_ACCEPT,0.0
LN106444,2025-12,0.0,0.0,0.0,0.0,CURRENT,0.0,0.0,NONE,,AUTO_ACCEPT,0.0
LN105188,2025-12,0.0,0.0,0.0,0.0,CURRENT,0.0,0.0,NONE,,AUTO_ACCEPT,0.0
LN106441,2025-12,0.0,0.0,0.0,0.0,CURRENT,0.0,0.0,NONE,,AUTO_ACCEPT,0.0
LN106445,2025-12,0.0,0.0,0.0,0.0,CURRENT,0.0,0.0,NONE,,AUTO_ACCEPT,0.0
LN102995,2025-12,0.0,0.0,0.0,0.0,CURRENT,0.0,0.0,NONE,,AUTO_ACCEPT,0.0
LN106446,2025-12,0.0,0.0,0.0,0.0,CURRENT,0.0,0.0,NONE,,AUTO_ACCEPT,0.0
LN105187,2025-12,0.0,0.0,0.0,0.0,CURRENT,0.0,0.0,NONE,,AUTO_ACCEPT,0.0
LN102039,2025-12,0.0,0.0,0.0,0.0,CURRENT,0.0,0.0,NONE,,AUTO_ACCEPT,0.0
LN106447,2025-12,0.0,0.0,0.0,0.0,CURRENT,0.0,0.0,NONE,,AUTO_ACCEPT,0.0
LN102038,2025-12,0.0,0.0,0.0,0.0,CURRENT,0.0,0.0,NONE,,AUTO_ACCEPT,0.0
LN102040,2025-12,0.0,0.0,0.0,0.0,CURRENT,0.0,0.0,NONE,,AUTO_ACCEPT,0.0
LN105192,2025-12,0.0,0.0,0.0,0.0,CURRENT,0.0,0.0,NONE,,AUTO_ACCEPT,0.0
LN102043,2025-12,0.0,0.0,0.0,0.0,CURRENT,0.0,0.0,NONE,,AUTO_ACCEPT,0.0
LN106440,2025-12,0.0,0.0,0.0,0.0,CURRENT,0.0,0.0,NONE,,AUTO_ACCEPT,0.0
LN106432,2025-12,0.0,0.0,0.0,0.0,CURRENT,0.0,0.0,NONE,,AUTO_ACCEPT,0.0
LN105197,2025-12,0.0,0.0,0.0,0.0,CURRENT,0.0,0.0,NONE,,AUTO_ACCEPT,0.0
LN102047,2025-12,0.0,0.0,0.0,0.0,CURRENT,0.0,0.0,NONE,,AUTO_ACCEPT,0.0
LN106433,2025-12,0.0,0.0,0.0,0.0,CURRENT,0.0,0.0,NONE,,AUTO_ACCEPT,0.0
LN102992,2025-12,0.0,0.0,0.0,0.0,CURRENT,0.0,0.0,NONE,,AUTO_ACCEPT,0.0
LN106434,2025-12,0.0,0.0,0.0,0.0,CURRENT,0.0,0.0,NONE,,AUTO_ACCEPT,0.0
LN102046,2025-12,0.0,0.0,0.0,0.0,CURRENT,0.0,0.0,NONE,,AUTO_ACCEPT,0.0
LN105196,2025-12,0.0,0.0,0.0,0.0,CURRENT,0.0,0.0,NONE,,AUTO_ACCEPT,0.0
LN106436,2025-12,0.0,0.0,0.0,0.0,CURRENT,0.0,0.0,NONE,,AUTO_ACCEPT,0.0
LN102045,2025-12,0.0,0.0,0.0,0.0,CURRENT,0.0,0.0,NONE,,AUTO_ACCEPT,0.0
LN106437,2025-12,0.0,0.0,0.0,0.0,CURRENT,0.0,0.0,NONE,,AUTO_ACCEPT,0.0
LN102993,2025-12,0.0,0.0,0.0,0.0,CURRENT,0.0,0.0,NONE,,AUTO_ACCEPT,0.0
LN102044,2025-12,0.0,0.0,0.0,0.0,CURRENT,0.0,0.0,NONE,,AUTO_ACCEPT,0.0
LN105194,2025-12,0.0,0.0,0.0,0.0,CURRENT,0.0,0.0,NONE,,AUTO_ACCEPT,0.0
LN106439,2025-12,0.0,0.0,0.0,0.0,CURRENT,0.0,0.0,NONE,,AUTO_ACCEPT,0.0
LN102997,2025-12,0.0,0.0,0.0,0.0,CURRENT,0.0,0.0,NONE,,AUTO_ACCEPT,0.0
LN106448,2025-12,0.0,0.0,0.0,0.0,CURRENT,0.0,0.0,NONE,,AUTO_ACCEPT,0.0
LN105186,2025-12,0.0,0.0,0.0,0.0,CURRENT,0.0,0.0,NONE,,AUTO_ACCEPT,0.0
LN106449,2025-12,0.0,0.0,0.0,0.0,CURRENT,0.0,0.0,NONE,,AUTO_ACCEPT,0.0
LN105179,2025-12,0.0,0.0,0.0,0.0,CURRENT,0.0,0.0,NONE,,AUTO_ACCEPT,0.0
LN106457,2025-12,0.0,0.0,0.0,0.0,CURRENT,0.0,0.0,NONE,,AUTO_ACCEPT,0.0
LN102030,2025-12,0.0,0.0,0.0,0.0,CURRENT,0.0,0.0,NONE,,AUTO_ACCEPT,0.0
LN106459,2025-12,0.0,0.0,0.0,0.0,CURRENT,0.0,0.0,NONE,,AUTO_ACCEPT,0.0
LN102029,2025-12,0.0,0.0,0.0,0.0,CURRENT,0.0,0.0,NONE,,AUTO_ACCEPT,0.0
LN103001,2025-12,0.0,0.0,0.0,0.0,CURRENT,0.0,0.0,NONE,,AUTO_ACCEPT,0.0
LN106462,2025-12,0.0,0.0,0.0,0.0,CURRENT,0.0,0.0,NONE,,AUTO_ACCEPT,0.0
LN105178,2025-12,0.0,0.0,0.0,0.0,CURRENT,0.0,0.0,NONE,,AUTO_ACCEPT,0.0
LN102028,2025-12,0.0,0.0,0.0,0.0,CURRENT,0.0,0.0,NONE,,AUTO_ACCEPT,0.0
LN106464,2025-12,0.0,0.0,0.0,0.0,CURRENT,0.0,0.0,NONE,,AUTO_ACCEPT,0.0
LN105176,2025-12,0.0,0.0,0.0,0.0,CURRENT,0.0,0.0,NONE,,AUTO_ACCEPT,0.0
LN106465,2025-12,0.0,0.0,0.0,0.0,CURRENT,0.0,0.0,NONE,,AUTO_ACCEPT,0.0
LN102026,2025-12,0.0,0.0,0.0,0.0,CURRENT,0.0,0.0,NONE,,AUTO_ACCEPT,0.0
LN106466,2025-12,0.0,0.0,0.0,0.0,CURRENT,0.0,0.0,NONE,,AUTO_ACCEPT,0.0
LN103002,2025-12,0.0,0.0,0.0,0.0,CURRENT,0.0,0.0,NONE,,AUTO_ACCEPT,0.0
LN103000,2025-12,0.0,0.0,0.0,0.0,CURRENT,0.0,0.0,NONE,,AUTO_ACCEPT,0.0
LN102961,2025-12,0.0,0.0,0.0,0.0,CURRENT,0.0,0.0,NONE,,AUTO_ACCEPT,0.0
LN106456,2025-12,0.0,0.0,0.0,0.0,CURRENT,0.0,0.0,NONE,,AUTO_ACCEPT,0.0
LN106455,2025-12,0.0,0.0,0.0,0.0,CURRENT,0.0,0.0,NONE,,AUTO_ACCEPT,0.0
LN102036,2025-12,0.0,0.0,0.0,0.0,CURRENT,0.0,0.0,NONE,,AUTO_ACCEPT,0.0
LN106450,2025-12,0.0,0.0,0.0,0.0,CURRENT,0.0,0.0,NONE,,AUTO_ACCEPT,0.0
LN102998,2025-12,0.0,0.0,0.0,0.0,CURRENT,0.0,0.0,NONE,,AUTO_ACCEPT,0.0
LN102035,2025-12,0.0,0.0,0.0,0.0,CURRENT,0.0,0.0,NONE,,AUTO_ACCEPT,0.0
LN105183,2025-12,0.0,0.0,0.0,0.0,CURRENT,0.0,0.0,NONE,,AUTO_ACCEPT,0.0
LN106451,2025-12,0.0,0.0,0.0,0.0,CURRENT,0.0,0.0,NONE,,AUTO_ACCEPT,0.0
LN102034,2025-12,0.0,0.0,0.0,0.0,CURRENT,0.0,0.0,NONE,,AUTO_ACCEPT,0.0
LN106452,2025-12,0.0,0.0,0.0,0.0,CURRENT,0.0,0.0,NONE,,AUTO_ACCEPT,0.0
LN105182,2025-12,0.0,0.0,0.0,0.0,CURRENT,0.0,0.0,NONE,,AUTO_ACCEPT,0.0
LN106453,2025-12,0.0,0.0,0.0,0.0,CURRENT,0.0,0.0,NONE,,AUTO_ACCEPT,0.0
LN102033,2025-12,0.0,0.0,0.0,0.0,CURRENT,0.0,0.0,NONE,,AUTO_ACCEPT,0.0
LN102999,2025-12,0.0,0.0,0.0,0.0,CURRENT,0.0,0.0,NONE,,AUTO_ACCEPT,0.0
LN106454,2025-12,0.0,0.0,0.0,0.0,CURRENT,0.0,0.0,NONE,,AUTO_ACCEPT,0.0
LN102032,2025-12,0.0,0.0,0.0,0.0,CURRENT,0.0,0.0,NONE,,AUTO_ACCEPT,0.0
LN105180,2025-12,0.0,0.0,0.0,0.0,CURRENT,0.0,0.0,NONE,,AUTO_ACCEPT,0.0
LN102031,2025-12,0.0,0.0,0.0,0.0,CURRENT,0.0,0.0,NONE,,AUTO_ACCEPT,0.0
LN105159,2025-12,0.0,0.0,0.0,0.0,CURRENT,0.0,0.0,NONE,,AUTO_ACCEPT,0.0
LN102109,2025-12,0.0,0.0,0.0,0.0,CURRENT,0.0,0.0,NONE,,AUTO_ACCEPT,0.0
LN105235,2025-12,0.0,0.0,0.0,0.0,CURRENT,0.0,0.0,NONE,,AUTO_ACCEPT,0.0
LN106246,2025-12,0.0,0.0,0.0,0.0,CURRENT,0.0,0.0,NONE,,AUTO_ACCEPT,0.0
LN102178,2025-12,0.0,0.0,0.0,0.0,CURRENT,0.0,0.0,NONE,,AUTO_ACCEPT,0.0
LN106247,2025-12,0.0,0.0,0.0,0.0,CURRENT,0.0,0.0,NONE,,AUTO_ACCEPT,0.0
LN102177,2025-12,0.0,0.0,0.0,0.0,CURRENT,0.0,0.0,NONE,,AUTO_ACCEPT,0.0
LN106248,2025-12,0.0,0.0,0.0,0.0,CURRENT,0.0,0.0,NONE,,AUTO_ACCEPT,0.0
LN105281,2025-12,0.0,0.0,0.0,0.0,CURRENT,0.0,0.0,NONE,,AUTO_ACCEPT,0.0
LN105282,2025-12,0.0,0.0,0.0,0.0,CURRENT,0.0,0.0,NONE,,AUTO_ACCEPT,0.0
LN102176,2025-12,0.0,0.0,0.0,0.0,CURRENT,0.0,0.0,NONE,,AUTO_ACCEPT,0.0
LN102921,2025-12,0.0,0.0,0.0,0.0,CURRENT,0.0,0.0,NONE,,AUTO_ACCEPT,0.0
LN102175,2025-12,0.0,0.0,0.0,0.0,CURRENT,0.0,0.0,NONE,,AUTO_ACCEPT,0.0
LN105280,2025-12,0.0,0.0,0.0,0.0,CURRENT,0.0,0.0,NONE,,AUTO_ACCEPT,0.0
LN106253,2025-12,0.0,0.0,0.0,0.0,CURRENT,0.0,0.0,NONE,,AUTO_ACCEPT,0.0
LN106254,2025-12,0.0,0.0,0.0,0.0,CURRENT,0.0,0.0,NONE,,AUTO_ACCEPT,0.0
LN102174,2025-12,0.0,0.0,0.0,0.0,CURRENT,0.0,0.0,NONE,,AUTO_ACCEPT,0.0
LN106252,2025-12,0.0,0.0,0.0,0.0,CURRENT,0.0,0.0,NONE,,AUTO_ACCEPT,0.0
LN102919,2025-12,0.0,0.0,0.0,0.0,CURRENT,0.0,0.0,NONE,,AUTO_ACCEPT,0.0
LN106245,2025-12,0.0,0.0,0.0,0.0,CURRENT,0.0,0.0,NONE,,AUTO_ACCEPT,0.0
LN102180,2025-12,0.0,0.0,0.0,0.0,CURRENT,0.0,0.0,NONE,,AUTO_ACCEPT,0.0
LN106237,2025-12,0.0,0.0,0.0,0.0,CURRENT,0.0,0.0,NONE,,AUTO_ACCEPT,0.0
LN102917,2025-12,0.0,0.0,0.0,0.0,CURRENT,0.0,0.0,NONE,,AUTO_ACCEPT,0.0
LN102185,2025-12,0.0,0.0,0.0,0.0,CURRENT,0.0,0.0,NONE,,AUTO_ACCEPT,0.0
LN105286,2025-12,0.0,0.0,0.0,0.0,CURRENT,0.0,0.0,NONE,,AUTO_ACCEPT,0.0
LN106239,2025-12,0.0,0.0,0.0,0.0,CURRENT,0.0,0.0,NONE,,AUTO_ACCEPT,0.0
LN102184,2025-12,0.0,0.0,0.0,0.0,CURRENT,0.0,0.0,NONE,,AUTO_ACCEPT,0.0
LN106241,2025-12,0.0,0.0,0.0,0.0,CURRENT,0.0,0.0,NONE,,AUTO_ACCEPT,0.0
LN102918,2025-12,0.0,0.0,0.0,0.0,CURRENT,0.0,0.0,NONE,,AUTO_ACCEPT,0.0
LN105285,2025-12,0.0,0.0,0.0,0.0,CURRENT,0.0,0.0,NONE,,AUTO_ACCEPT,0.0
LN106242,2025-12,0.0,0.0,0.0,0.0,CURRENT,0.0,0.0,NONE,,AUTO_ACCEPT,0.0
LN102182,2025-12,0.0,0.0,0.0,0.0,CURRENT,0.0,0.0,NONE,,AUTO_ACCEPT,0.0
LN106243,2025-12,0.0,0.0,0.0,0.0,CURRENT,0.0,0.0,NONE,,AUTO_ACCEPT,0.0
LN102181,2025-12,0.0,0.0,0.0,0.0,CURRENT,0.0,0.0,NONE,,AUTO_ACCEPT,0.0
LN106244,2025-12,0.0,0.0,0.0,0.0,CURRENT,0.0,0.0,NONE,,AUTO_ACCEPT,0.0
LN105284,2025-12,0.0,0.0,0.0,0.0,CURRENT,0.0,0.0,NONE,,AUTO_ACCEPT,0.0
LN102922,2025-12,0.0,0.0,0.0,0.0,CURRENT,0.0,0.0,NONE,,AUTO_ACCEPT,0.0
LN102186,2025-12,0.0,0.0,0.0,0.0,CURRENT,0.0,0.0,NONE,,AUTO_ACCEPT,0.0
LN105279,2025-12,0.0,0.0,0.0,0.0,CURRENT,0.0,0.0,NONE,,AUTO_ACCEPT,0.0
LN102173,2025-12,0.0,0.0,0.0,0.0,CURRENT,0.0,0.0,NONE,,AUTO_ACCEPT,0.0
LN105274,2025-12,0.0,0.0,0.0,0.0,CURRENT,0.0,0.0,NONE,,AUTO_ACCEPT,0.0
LN102166,2025-12,0.0,0.0,0.0,0.0,CURRENT,0.0,0.0,NONE,,AUTO_ACCEPT,0.0
LN106267,2025-12,0.0,0.0,0.0,0.0,CURRENT,0.0,0.0,NONE,,AUTO_ACCEPT,0.0
LN102165,2025-12,0.0,0.0,0.0,0.0,CURRENT,0.0,0.0,NONE,,AUTO_ACCEPT,0.0
LN106268,2025-12,0.0,0.0,0.0,0.0,CURRENT,0.0,0.0,NONE,,AUTO_ACCEPT,0.0
LN102930,2025-12,0.0,0.0,0.0,0.0,CURRENT,0.0,0.0,NONE,,AUTO_ACCEPT,0.0
LN106266,2025-12,0.0,0.0,0.0,0.0,CURRENT,0.0,0.0,NONE,,AUTO_ACCEPT,0.0
LN105273,2025-12,0.0,0.0,0.0,0.0,CURRENT,0.0,0.0,NONE,,AUTO_ACCEPT,0.0
LN102163,2025-12,0.0,0.0,0.0,0.0,CURRENT,0.0,0.0,NONE,,AUTO_ACCEPT,0.0
LN106270,2025-12,0.0,0.0,0.0,0.0,CURRENT,0.0,0.0,NONE,,AUTO_ACCEPT,0.0
LN102162,2025-12,0.0,0.0,0.0,0.0,CURRENT,0.0,0.0,NONE,,AUTO_ACCEPT,0.0
LN105272,2025-12,0.0,0.0,0.0,0.0,CURRENT,0.0,0.0,NONE,,AUTO_ACCEPT,0.0
LN106271,2025-12,0.0,0.0,0.0,0.0,CURRENT,0.0,0.0,NONE,,AUTO_ACCEPT,0.0
LN102161,2025-12,0.0,0.0,0.0,0.0,CURRENT,0.0,0.0,NONE,,AUTO_ACCEPT,0.0
LN106269,2025-12,0.0,0.0,0.0,0.0,CURRENT,0.0,0.0,NONE,,AUTO_ACCEPT,0.0
LN102926,2025-12,0.0,0.0,0.0,0.0,CURRENT,0.0,0.0,NONE,,AUTO_ACCEPT,0.0
LN102167,2025-12,0.0,0.0,0.0,0.0,CURRENT,0.0,0.0,NONE,,AUTO_ACCEPT,0.0
LN106264,2025-12,0.0,0.0,0.0,0.0,CURRENT,0.0,0.0,NONE,,AUTO_ACCEPT,0.0
LN106256,2025-12,0.0,0.0,0.0,0.0,CURRENT,0.0,0.0,NONE,,AUTO_ACCEPT,0.0
LN102171,2025-12,0.0,0.0,0.0,0.0,CURRENT,0.0,0.0,NONE,,AUTO_ACCEPT,0.0
LN102923,2025-12,0.0,0.0,0.0,0.0,CURRENT,0.0,0.0,NONE,,AUTO_ACCEPT,0.0
LN106257,2025-12,0.0,0.0,0.0,0.0,CURRENT,0.0,0.0,NONE,,AUTO_ACCEPT,0.0
LN105278,2025-12,0.0,0.0,0.0,0.0,CURRENT,0.0,0.0,NONE,,AUTO_ACCEPT,0.0
LN106259,2025-12,0.0,0.0,0.0,0.0,CURRENT,0.0,0.0,NONE,,AUTO_ACCEPT,0.0
LN102170,2025-12,0.0,0.0,0.0,0.0,CURRENT,0.0,0.0,NONE,,AUTO_ACCEPT,0.0
LN106260,2025-12,0.0,0.0,0.0,0.0,CURRENT,0.0,0.0,NONE,,AUTO_ACCEPT,0.0
LN105277,2025-12,0.0,0.0,0.0,0.0,CURRENT,0.0,0.0,NONE,,AUTO_ACCEPT,0.0
LN102169,2025-12,0.0,0.0,0.0,0.0,CURRENT,0.0,0.0,NONE,,AUTO_ACCEPT,0.0
LN106261,2025-12,0.0,0.0,0.0,0.0,CURRENT,0.0,0.0,NONE,,AUTO_ACCEPT,0.0
LN102924,2025-12,0.0,0.0,0.0,0.0,CURRENT,0.0,0.0,NONE,,AUTO_ACCEPT,0.0
LN102168,2025-12,0.0,0.0,0.0,0.0,CURRENT,0.0,0.0,NONE,,AUTO_ACCEPT,0.0
LN106263,2025-12,0.0,0.0,0.0,0.0,CURRENT,0.0,0.0,NONE,,AUTO_ACCEPT,0.0
LN105276,2025-12,0.0,0.0,0.0,0.0,CURRENT,0.0,0.0,NONE,,AUTO_ACCEPT,0.0
LN106255,2025-12,0.0,0.0,0.0,0.0,CURRENT,0.0,0.0,NONE,,AUTO_ACCEPT,0.0
LN102931,2025-12,0.0,0.0,0.0,0.0,CURRENT,0.0,0.0,NONE,,AUTO_ACCEPT,0.0
LN105287,2025-12,0.0,0.0,0.0,0.0,CURRENT,0.0,0.0,NONE,,AUTO_ACCEPT,0.0
LN106234,2025-12,0.0,0.0,0.0,0.0,CURRENT,0.0,0.0,NONE,,AUTO_ACCEPT,0.0
LN102906,2025-12,0.0,0.0,0.0,0.0,CURRENT,0.0,0.0,NONE,,AUTO_ACCEPT,0.0
LN105302,2025-12,0.0,0.0,0.0,0.0,CURRENT,0.0,0.0,NONE,,AUTO_ACCEPT,0.0
LN106206,2025-12,0.0,0.0,0.0,0.0,CURRENT,0.0,0.0,NONE,,AUTO_ACCEPT,0.0
LN102207,2025-12,0.0,0.0,0.0,0.0,CURRENT,0.0,0.0,NONE,,AUTO_ACCEPT,0.0
LN106207,2025-12,0.0,0.0,0.0,0.0,CURRENT,0.0,0.0,NONE,,AUTO_ACCEPT,0.0
LN102206,2025-12,0.0,0.0,0.0,0.0,CURRENT,0.0,0.0,NONE,,AUTO_ACCEPT,0.0
LN106205,2025-12,0.0,0.0,0.0,0.0,CURRENT,0.0,0.0,NONE,,AUTO_ACCEPT,0.0
LN105301,2025-12,0.0,0.0,0.0,0.0,CURRENT,0.0,0.0,NONE,,AUTO_ACCEPT,0.0
LN102205,2025-12,0.0,0.0,0.0,0.0,CURRENT,0.0,0.0,NONE,,AUTO_ACCEPT,0.0
LN102907,2025-12,0.0,0.0,0.0,0.0,CURRENT,0.0,0.0,NONE,,AUTO_ACCEPT,0.0
LN106209,2025-12,0.0,0.0,0.0,0.0,CURRENT,0.0,0.0,NONE,,AUTO_ACCEPT,0.0
LN105300,2025-12,0.0,0.0,0.0,0.0,CURRENT,0.0,0.0,NONE,,AUTO_ACCEPT,0.0
LN106210,2025-12,0.0,0.0,0.0,0.0,CURRENT,0.0,0.0,NONE,,AUTO_ACCEPT,0.0
LN102202,2025-12,0.0,0.0,0.0,0.0,CURRENT,0.0,0.0,NONE,,AUTO_ACCEPT,0.0
LN106208,2025-12,0.0,0.0,0.0,0.0,CURRENT,0.0,0.0,NONE,,AUTO_ACCEPT,0.0
LN102208,2025-12,0.0,0.0,0.0,0.0,CURRENT,0.0,0.0,NONE,,AUTO_ACCEPT,0.0
LN106203,2025-12,0.0,0.0,0.0,0.0,CURRENT,0.0,0.0,NONE,,AUTO_ACCEPT,0.0
LN102209,2025-12,0.0,0.0,0.0,0.0,CURRENT,0.0,0.0,NONE,,AUTO_ACCEPT,0.0
LN106195,2025-12,0.0,0.0,0.0,0.0,CURRENT,0.0,0.0,NONE,,AUTO_ACCEPT,0.0
LN102214,2025-12,0.0,0.0,0.0,0.0,CURRENT,0.0,0.0,NONE,,AUTO_ACCEPT,0.0
LN106196,2025-12,0.0,0.0,0.0,0.0,CURRENT,0.0,0.0,NONE,,AUTO_ACCEPT,0.0
LN105306,2025-12,0.0,0.0,0.0,0.0,CURRENT,0.0,0.0,NONE,,AUTO_ACCEPT,0.0
LN102213,2025-12,0.0,0.0,0.0,0.0,CURRENT,0.0,0.0,NONE,,AUTO_ACCEPT,0.0
LN106197,2025-12,0.0,0.0,0.0,0.0,CURRENT,0.0,0.0,NONE,,AUTO_ACCEPT,0.0
LN102904,2025-12,0.0,0.0,0.0,0.0,CURRENT,0.0,0.0,NONE,,AUTO_ACCEPT,0.0
LN102212,2025-12,0.0,0.0,0.0,0.0,CURRENT,0.0,0.0,NONE,,AUTO_ACCEPT,0.0
LN106199,2025-12,0.0,0.0,0.0,0.0,CURRENT,0.0,0.0,NONE,,AUTO_ACCEPT,0.0
LN105305,2025-12,0.0,0.0,0.0,0.0,CURRENT,0.0,0.0,NONE,,AUTO_ACCEPT,0.0
LN106200,2025-12,0.0,0.0,0.0,0.0,CURRENT,0.0,0.0,NONE,,AUTO_ACCEPT,0.0
LN102211,2025-12,0.0,0.0,0.0,0.0,CURRENT,0.0,0.0,NONE,,AUTO_ACCEPT,0.0
LN102905,2025-12,0.0,0.0,0.0,0.0,CURRENT,0.0,0.0,NONE,,AUTO_ACCEPT,0.0
LN106202,2025-12,0.0,0.0,0.0,0.0,CURRENT,0.0,0.0,NONE,,AUTO_ACCEPT,0.0
LN105303,2025-12,0.0,0.0,0.0,0.0,CURRENT,0.0,0.0,NONE,,AUTO_ACCEPT,0.0
LN106211,2025-12,0.0,0.0,0.0,0.0,CURRENT,0.0,0.0,NONE,,AUTO_ACCEPT,0.0
LN102187,2025-12,0.0,0.0,0.0,0.0,CURRENT,0.0,0.0,NONE,,AUTO_ACCEPT,0.0
LN102908,2025-12,0.0,0.0,0.0,0.0,CURRENT,0.0,0.0,NONE,,AUTO_ACCEPT,0.0
LN105299,2025-12,0.0,0.0,0.0,0.0,CURRENT,0.0,0.0,NONE,,AUTO_ACCEPT,0.0
LN105293,2025-12,0.0,0.0,0.0,0.0,CURRENT,0.0,0.0,NONE,,AUTO_ACCEPT,0.0
LN102192,2025-12,0.0,0.0,0.0,0.0,CURRENT,0.0,0.0,NONE,,AUTO_ACCEPT,0.0
LN106227,2025-12,0.0,0.0,0.0,0.0,CURRENT,0.0,0.0,NONE,,AUTO_ACCEPT,0.0
LN106228,2025-12,0.0,0.0,0.0,0.0,CURRENT,0.0,0.0,NONE,,AUTO_ACCEPT,0.0
LN102190,2025-12,0.0,0.0,0.0,0.0,CURRENT,0.0,0.0,NONE,,AUTO_ACCEPT,0.0
LN102914,2025-12,0.0,0.0,0.0,0.0,CURRENT,0.0,0.0,NONE,,AUTO_ACCEPT,0.0
LN102912,2025-12,0.0,0.0,0.0,0.0,CURRENT,0.0,0.0,NONE,,AUTO_ACCEPT,0.0
LN105290,2025-12,0.0,0.0,0.0,0.0,CURRENT,0.0,0.0,NONE,,AUTO_ACCEPT,0.0
LN102189,2025-12,0.0,0.0,0.0,0.0,CURRENT,0.0,0.0,NONE,,AUTO_ACCEPT,0.0
LN106230,2025-12,0.0,0.0,0.0,0.0,CURRENT,0.0,0.0,NONE,,AUTO_ACCEPT,0.0
LN102188,2025-12,0.0,0.0,0.0,0.0,CURRENT,0.0,0.0,NONE,,AUTO_ACCEPT,0.0
LN105289,2025-12,0.0,0.0,0.0,0.0,CURRENT,0.0,0.0,NONE,,AUTO_ACCEPT,0.0
LN106232,2025-12,0.0,0.0,0.0,0.0,CURRENT,0.0,0.0,NONE,,AUTO_ACCEPT,0.0
LN102916,2025-12,0.0,0.0,0.0,0.0,CURRENT,0.0,0.0,NONE,,AUTO_ACCEPT,0.0
LN106229,2025-12,0.0,0.0,0.0,0.0,CURRENT,0.0,0.0,NONE,,AUTO_ACCEPT,0.0
LN106226,2025-12,0.0,0.0,0.0,0.0,CURRENT,0.0,0.0,NONE,,AUTO_ACCEPT,0.0
LN102193,2025-12,0.0,0.0,0.0,0.0,CURRENT,0.0,0.0,NONE,,AUTO_ACCEPT,0.0
LN102194,2025-12,0.0,0.0,0.0,0.0,CURRENT,0.0,0.0,NONE,,AUTO_ACCEPT,0.0
LN106214,2025-12,0.0,0.0,0.0,0.0,CURRENT,0.0,0.0,NONE,,AUTO_ACCEPT,0.0
LN102198,2025-12,0.0,0.0,0.0,0.0,CURRENT,0.0,0.0,NONE,,AUTO_ACCEPT,0.0
LN106215,2025-12,0.0,0.0,0.0,0.0,CURRENT,0.0,0.0,NONE,,AUTO_ACCEPT,0.0
LN102910,2025-12,0.0,0.0,0.0,0.0,CURRENT,0.0,0.0,NONE,,AUTO_ACCEPT,0.0
LN105297,2025-12,0.0,0.0,0.0,0.0,CURRENT,0.0,0.0,NONE,,AUTO_ACCEPT,0.0
LN102197,2025-12,0.0,0.0,0.0,0.0,CURRENT,0.0,0.0,NONE,,AUTO_ACCEPT,0.0
LN106219,2025-12,0.0,0.0,0.0,0.0,CURRENT,0.0,0.0,NONE,,AUTO_ACCEPT,0.0
LN102196,2025-12,0.0,0.0,0.0,0.0,CURRENT,0.0,0.0,NONE,,AUTO_ACCEPT,0.0
LN106220,2025-12,0.0,0.0,0.0,0.0,CURRENT,0.0,0.0,NONE,,AUTO_ACCEPT,0.0
LN105295,2025-12,0.0,0.0,0.0,0.0,CURRENT,0.0,0.0,NONE,,AUTO_ACCEPT,0.0
LN102195,2025-12,0.0,0.0,0.0,0.0,CURRENT,0.0,0.0,NONE,,AUTO_ACCEPT,0.0
LN106223,2025-12,0.0,0.0,0.0,0.0,CURRENT,0.0,0.0,NONE,,AUTO_ACCEPT,0.0
LN102911,2025-12,0.0,0.0,0.0,0.0,CURRENT,0.0,0.0,NONE,,AUTO_ACCEPT,0.0
LN105294,2025-12,0.0,0.0,0.0,0.0,CURRENT,0.0,0.0,NONE,,AUTO_ACCEPT,0.0
LN106224,2025-12,0.0,0.0,0.0,0.0,CURRENT,0.0,0.0,NONE,,AUTO_ACCEPT,0.0
LN102200,2025-12,0.0,0.0,0.0,0.0,CURRENT,0.0,0.0,NONE,,AUTO_ACCEPT,0.0
LN106273,2025-12,0.0,0.0,0.0,0.0,CURRENT,0.0,0.0,NONE,,AUTO_ACCEPT,0.0
LN105271,2025-12,0.0,0.0,0.0,0.0,CURRENT,0.0,0.0,NONE,,AUTO_ACCEPT,0.0
LN106274,2025-12,0.0,0.0,0.0,0.0,CURRENT,0.0,0.0,NONE,,AUTO_ACCEPT,0.0
LN102127,2025-12,0.0,0.0,0.0,0.0,CURRENT,0.0,0.0,NONE,,AUTO_ACCEPT,0.0
LN106329,2025-12,0.0,0.0,0.0,0.0,CURRENT,0.0,0.0,NONE,,AUTO_ACCEPT,0.0
LN102126,2025-12,0.0,0.0,0.0,0.0,CURRENT,0.0,0.0,NONE,,AUTO_ACCEPT,0.0
LN105246,2025-12,0.0,0.0,0.0,0.0,CURRENT,0.0,0.0,NONE,,AUTO_ACCEPT,0.0
LN106330,2025-12,0.0,0.0,0.0,0.0,CURRENT,0.0,0.0,NONE,,AUTO_ACCEPT,0.0
LN102125,2025-12,0.0,0.0,0.0,0.0,CURRENT,0.0,0.0,NONE,,AUTO_ACCEPT,0.0
LN106328,2025-12,0.0,0.0,0.0,0.0,CURRENT,0.0,0.0,NONE,,AUTO_ACCEPT,0.0
LN102951,2025-12,0.0,0.0,0.0,0.0,CURRENT,0.0,0.0,NONE,,AUTO_ACCEPT,0.0
LN105245,2025-12,0.0,0.0,0.0,0.0,CURRENT,0.0,0.0,NONE,,AUTO_ACCEPT,0.0
LN106332,2025-12,0.0,0.0,0.0,0.0,CURRENT,0.0,0.0,NONE,,AUTO_ACCEPT,0.0
LN102123,2025-12,0.0,0.0,0.0,0.0,CURRENT,0.0,0.0,NONE,,AUTO_ACCEPT,0.0
LN106335,2025-12,0.0,0.0,0.0,0.0,CURRENT,0.0,0.0,NONE,,AUTO_ACCEPT,0.0
LN102952,2025-12,0.0,0.0,0.0,0.0,CURRENT,0.0,0.0,NONE,,AUTO_ACCEPT,0.0
LN102122,2025-12,0.0,0.0,0.0,0.0,CURRENT,0.0,0.0,NONE,,AUTO_ACCEPT,0.0
LN106331,2025-12,0.0,0.0,0.0,0.0,CURRENT,0.0,0.0,NONE,,AUTO_ACCEPT,0.0
LN105247,2025-12,0.0,0.0,0.0,0.0,CURRENT,0.0,0.0,NONE,,AUTO_ACCEPT,0.0
LN102949,2025-12,0.0,0.0,0.0,0.0,CURRENT,0.0,0.0,NONE,,AUTO_ACCEPT,0.0
LN106327,2025-12,0.0,0.0,0.0,0.0,CURRENT,0.0,0.0,NONE,,AUTO_ACCEPT,0.0
LN106319,2025-12,0.0,0.0,0.0,0.0,CURRENT,0.0,0.0,NONE,,AUTO_ACCEPT,0.0
LN102134,2025-12,0.0,0.0,0.0,0.0,CURRENT,0.0,0.0,NONE,,AUTO_ACCEPT,0.0
LN106320,2025-12,0.0,0.0,0.0,0.0,CURRENT,0.0,0.0,NONE,,AUTO_ACCEPT,0.0
LN105251,2025-12,0.0,0.0,0.0,0.0,CURRENT,0.0,0.0,NONE,,AUTO_ACCEPT,0.0
LN102133,2025-12,0.0,0.0,0.0,0.0,CURRENT,0.0,0.0,NONE,,AUTO_ACCEPT,0.0
LN106321,2025-12,0.0,0.0,0.0,0.0,CURRENT,0.0,0.0,NONE,,AUTO_ACCEPT,0.0
LN102946,2025-12,0.0,0.0,0.0,0.0,CURRENT,0.0,0.0,NONE,,AUTO_ACCEPT,0.0
LN106323,2025-12,0.0,0.0,0.0,0.0,CURRENT,0.0,0.0,NONE,,AUTO_ACCEPT,0.0
LN102132,2025-12,0.0,0.0,0.0,0.0,CURRENT,0.0,0.0,NONE,,AUTO_ACCEPT,0.0
LN105250,2025-12,0.0,0.0,0.0,0.0,CURRENT,0.0,0.0,NONE,,AUTO_ACCEPT,0.0
LN106324,2025-12,0.0,0.0,0.0,0.0,CURRENT,0.0,0.0,NONE,,AUTO_ACCEPT,0.0
LN102131,2025-12,0.0,0.0,0.0,0.0,CURRENT,0.0,0.0,NONE,,AUTO_ACCEPT,0.0
LN106326,2025-12,0.0,0.0,0.0,0.0,CURRENT,0.0,0.0,NONE,,AUTO_ACCEPT,0.0
LN102947,2025-12,0.0,0.0,0.0,0.0,CURRENT,0.0,0.0,NONE,,AUTO_ACCEPT,0.0
LN102130,2025-12,0.0,0.0,0.0,0.0,CURRENT,0.0,0.0,NONE,,AUTO_ACCEPT,0.0
LN105244,2025-12,0.0,0.0,0.0,0.0,CURRENT,0.0,0.0,NONE,,AUTO_ACCEPT,0.0
LN105252,2025-12,0.0,0.0,0.0,0.0,CURRENT,0.0,0.0,NONE,,AUTO_ACCEPT,0.0
LN106336,2025-12,0.0,0.0,0.0,0.0,CURRENT,0.0,0.0,NONE,,AUTO_ACCEPT,0.0
LN102953,2025-12,0.0,0.0,0.0,0.0,CURRENT,0.0,0.0,NONE,,AUTO_ACCEPT,0.0
LN106345,2025-12,0.0,0.0,0.0,0.0,CURRENT,0.0,0.0,NONE,,AUTO_ACCEPT,0.0
LN102114,2025-12,0.0,0.0,0.0,0.0,CURRENT,0.0,0.0,NONE,,AUTO_ACCEPT,0.0
LN102956,2025-12,0.0,0.0,0.0,0.0,CURRENT,0.0,0.0,NONE,,AUTO_ACCEPT,0.0
LN106346,2025-12,0.0,0.0,0.0,0.0,CURRENT,0.0,0.0,NONE,,AUTO_ACCEPT,0.0
LN105237,2025-12,0.0,0.0,0.0,0.0,CURRENT,0.0,0.0,NONE,,AUTO_ACCEPT,0.0
LN106347,2025-12,0.0,0.0,0.0,0.0,CURRENT,0.0,0.0,NONE,,AUTO_ACCEPT,0.0
LN102115,2025-12,0.0,0.0,0.0,0.0,CURRENT,0.0,0.0,NONE,,AUTO_ACCEPT,0.0
LN102113,2025-12,0.0,0.0,0.0,0.0,CURRENT,0.0,0.0,NONE,,AUTO_ACCEPT,0.0
LN105236,2025-12,0.0,0.0,0.0,0.0,CURRENT,0.0,0.0,NONE,,AUTO_ACCEPT,0.0
LN102112,2025-12,0.0,0.0,0.0,0.0,CURRENT,0.0,0.0,NONE,,AUTO_ACCEPT,0.0
LN106349,2025-12,0.0,0.0,0.0,0.0,CURRENT,0.0,0.0,NONE,,AUTO_ACCEPT,0.0
LN102960,2025-12,0.0,0.0,0.0,0.0,CURRENT,0.0,0.0,NONE,,AUTO_ACCEPT,0.0
LN102110,2025-12,0.0,0.0,0.0,0.0,CURRENT,0.0,0.0,NONE,,AUTO_ACCEPT,0.0
LN106350,2025-12,0.0,0.0,0.0,0.0,CURRENT,0.0,0.0,NONE,,AUTO_ACCEPT,0.0
LN106348,2025-12,0.0,0.0,0.0,0.0,CURRENT,0.0,0.0,NONE,,AUTO_ACCEPT,0.0
LN106344,2025-12,0.0,0.0,0.0,0.0,CURRENT,0.0,0.0,NONE,,AUTO_ACCEPT,0.0
LN105238,2025-12,0.0,0.0,0.0,0.0,CURRENT,0.0,0.0,NONE,,AUTO_ACCEPT,0.0
LN102955,2025-12,0.0,0.0,0.0,0.0,CURRENT,0.0,0.0,NONE,,AUTO_ACCEPT,0.0
LN102120,2025-12,0.0,0.0,0.0,0.0,CURRENT,0.0,0.0,NONE,,AUTO_ACCEPT,0.0
LN105243,2025-12,0.0,0.0,0.0,0.0,CURRENT,0.0,0.0,NONE,,AUTO_ACCEPT,0.0
LN106338,2025-12,0.0,0.0,0.0,0.0,CURRENT,0.0,0.0,NONE,,AUTO_ACCEPT,0.0
LN106339,2025-12,0.0,0.0,0.0,0.0,CURRENT,0.0,0.0,NONE,,AUTO_ACCEPT,0.0
LN102119,2025-12,0.0,0.0,0.0,0.0,CURRENT,0.0,0.0,NONE,,AUTO_ACCEPT,0.0
LN105242,2025-12,0.0,0.0,0.0,0.0,CURRENT,0.0,0.0,NONE,,AUTO_ACCEPT,0.0
LN106340,2025-12,0.0,0.0,0.0,0.0,CURRENT,0.0,0.0,NONE,,AUTO_ACCEPT,0.0
LN102118,2025-12,0.0,0.0,0.0,0.0,CURRENT,0.0,0.0,NONE,,AUTO_ACCEPT,0.0
LN106341,2025-12,0.0,0.0,0.0,0.0,CURRENT,0.0,0.0,NONE,,AUTO_ACCEPT,0.0
LN102954,2025-12,0.0,0.0,0.0,0.0,CURRENT,0.0,0.0,NONE,,AUTO_ACCEPT,0.0
LN102117,2025-12,0.0,0.0,0.0,0.0,CURRENT,0.0,0.0,NONE,,AUTO_ACCEPT,0.0
LN105241,2025-12,0.0,0.0,0.0,0.0,CURRENT,0.0,0.0,NONE,,AUTO_ACCEPT,0.0
LN106342,2025-12,0.0,0.0,0.0,0.0,CURRENT,0.0,0.0,NONE,,AUTO_ACCEPT,0.0
LN106343,2025-12,0.0,0.0,0.0,0.0,CURRENT,0.0,0.0,NONE,,AUTO_ACCEPT,0.0
LN102116,2025-12,0.0,0.0,0.0,0.0,CURRENT,0.0,0.0,NONE,,AUTO_ACCEPT,0.0
LN106337,2025-12,0.0,0.0,0.0,0.0,CURRENT,0.0,0.0,NONE,,AUTO_ACCEPT,0.0
LN102135,2025-12,0.0,0.0,0.0,0.0,CURRENT,0.0,0.0,NONE,,AUTO_ACCEPT,0.0
LN106318,2025-12,0.0,0.0,0.0,0.0,CURRENT,0.0,0.0,NONE,,AUTO_ACCEPT,0.0
LN102945,2025-12,0.0,0.0,0.0,0.0,CURRENT,0.0,0.0,NONE,,AUTO_ACCEPT,0.0
LN106289,2025-12,0.0,0.0,0.0,0.0,CURRENT,0.0,0.0,NONE,,AUTO_ACCEPT,0.0
LN102151,2025-12,0.0,0.0,0.0,0.0,CURRENT,0.0,0.0,NONE,,AUTO_ACCEPT,0.0
LN106290,2025-12,0.0,0.0,0.0,0.0,CURRENT,0.0,0.0,NONE,,AUTO_ACCEPT,0.0
LN102150,2025-12,0.0,0.0,0.0,0.0,CURRENT,0.0,0.0,NONE,,AUTO_ACCEPT,0.0
LN106292,2025-12,0.0,0.0,0.0,0.0,CURRENT,0.0,0.0,NONE,,AUTO_ACCEPT,0.0
LN105265,2025-12,0.0,0.0,0.0,0.0,CURRENT,0.0,0.0,NONE,,AUTO_ACCEPT,0.0
LN105266,2025-12,0.0,0.0,0.0,0.0,CURRENT,0.0,0.0,NONE,,AUTO_ACCEPT,0.0
LN102149,2025-12,0.0,0.0,0.0,0.0,CURRENT,0.0,0.0,NONE,,AUTO_ACCEPT,0.0
LN102936,2025-12,0.0,0.0,0.0,0.0,CURRENT,0.0,0.0,NONE,,AUTO_ACCEPT,0.0
LN105264,2025-12,0.0,0.0,0.0,0.0,CURRENT,0.0,0.0,NONE,,AUTO_ACCEPT,0.0
LN106294,2025-12,0.0,0.0,0.0,0.0,CURRENT,0.0,0.0,NONE,,AUTO_ACCEPT,0.0
LN102148,2025-12,0.0,0.0,0.0,0.0,CURRENT,0.0,0.0,NONE,,AUTO_ACCEPT,0.0
LN106295,2025-12,0.0,0.0,0.0,0.0,CURRENT,0.0,0.0,NONE,,AUTO_ACCEPT,0.0
LN102147,2025-12,0.0,0.0,0.0,0.0,CURRENT,0.0,0.0,NONE,,AUTO_ACCEPT,0.0
LN106293,2025-12,0.0,0.0,0.0,0.0,CURRENT,0.0,0.0,NONE,,AUTO_ACCEPT,0.0
LN102935,2025-12,0.0,0.0,0.0,0.0,CURRENT,0.0,0.0,NONE,,AUTO_ACCEPT,0.0
LN106286,2025-12,0.0,0.0,0.0,0.0,CURRENT,0.0,0.0,NONE,,AUTO_ACCEPT,0.0
LN102152,2025-12,0.0,0.0,0.0,0.0,CURRENT,0.0,0.0,NONE,,AUTO_ACCEPT,0.0
LN102160,2025-12,0.0,0.0,0.0,0.0,CURRENT,0.0,0.0,NONE,,AUTO_ACCEPT,0.0
LN106276,2025-12,0.0,0.0,0.0,0.0,CURRENT,0.0,0.0,NONE,,AUTO_ACCEPT,0.0
LN102932,2025-12,0.0,0.0,0.0,0.0,CURRENT,0.0,0.0,NONE,,AUTO_ACCEPT,0.0
LN102158,2025-12,0.0,0.0,0.0,0.0,CURRENT,0.0,0.0,NONE,,AUTO_ACCEPT,0.0
LN105270,2025-12,0.0,0.0,0.0,0.0,CURRENT,0.0,0.0,NONE,,AUTO_ACCEPT,0.0
LN106277,2025-12,0.0,0.0,0.0,0.0,CURRENT,0.0,0.0,NONE,,AUTO_ACCEPT,0.0
LN102157,2025-12,0.0,0.0,0.0,0.0,CURRENT,0.0,0.0,NONE,,AUTO_ACCEPT,0.0
LN102933,2025-12,0.0,0.0,0.0,0.0,CURRENT,0.0,0.0,NONE,,AUTO_ACCEPT,0.0
LN105268,2025-12,0.0,0.0,0.0,0.0,CURRENT,0.0,0.0,NONE,,AUTO_ACCEPT,0.0
LN106280,2025-12,0.0,0.0,0.0,0.0,CURRENT,0.0,0.0,NONE,,AUTO_ACCEPT,0.0
LN102155,2025-12,0.0,0.0,0.0,0.0,CURRENT,0.0,0.0,NONE,,AUTO_ACCEPT,0.0
LN106284,2025-12,0.0,0.0,0.0,0.0,CURRENT,0.0,0.0,NONE,,AUTO_ACCEPT,0.0
LN102153,2025-12,0.0,0.0,0.0,0.0,CURRENT,0.0,0.0,NONE,,AUTO_ACCEPT,0.0
LN105267,2025-12,0.0,0.0,0.0,0.0,CURRENT,0.0,0.0,NONE,,AUTO_ACCEPT,0.0
LN106285,2025-12,0.0,0.0,0.0,0.0,CURRENT,0.0,0.0,NONE,,AUTO_ACCEPT,0.0
LN102937,2025-12,0.0,0.0,0.0,0.0,CURRENT,0.0,0.0,NONE,,AUTO_ACCEPT,0.0
LN106297,2025-12,0.0,0.0,0.0,0.0,CURRENT,0.0,0.0,NONE,,AUTO_ACCEPT,0.0
LN105263,2025-12,0.0,0.0,0.0,0.0,CURRENT,0.0,0.0,NONE,,AUTO_ACCEPT,0.0
LN102146,2025-12,0.0,0.0,0.0,0.0,CURRENT,0.0,0.0,NONE,,AUTO_ACCEPT,0.0
LN105258,2025-12,0.0,0.0,0.0,0.0,CURRENT,0.0,0.0,NONE,,AUTO_ACCEPT,0.0
LN102140,2025-12,0.0,0.0,0.0,0.0,CURRENT,0.0,0.0,NONE,,AUTO_ACCEPT,0.0
LN106310,2025-12,0.0,0.0,0.0,0.0,CURRENT,0.0,0.0,NONE,,AUTO_ACCEPT,0.0
LN106312,2025-12,0.0,0.0,0.0,0.0,CURRENT,0.0,0.0,NONE,,AUTO_ACCEPT,0.0
LN102139,2025-12,0.0,0.0,0.0,0.0,CURRENT,0.0,0.0,NONE,,AUTO_ACCEPT,0.0
LN102942,2025-12,0.0,0.0,0.0,0.0,CURRENT,0.0,0.0,NONE,,AUTO_ACCEPT,0.0
LN105256,2025-12,0.0,0.0,0.0,0.0,CURRENT,0.0,0.0,NONE,,AUTO_ACCEPT,0.0
LN106314,2025-12,0.0,0.0,0.0,0.0,CURRENT,0.0,0.0,NONE,,AUTO_ACCEPT,0.0
LN102138,2025-12,0.0,0.0,0.0,0.0,CURRENT,0.0,0.0,NONE,,AUTO_ACCEPT,0.0
LN106315,2025-12,0.0,0.0,0.0,0.0,CURRENT,0.0,0.0,NONE,,AUTO_ACCEPT,0.0
LN102137,2025-12,0.0,0.0,0.0,0.0,CURRENT,0.0,0.0,NONE,,AUTO_ACCEPT,0.0
LN102944,2025-12,0.0,0.0,0.0,0.0,CURRENT,0.0,0.0,NONE,,AUTO_ACCEPT,0.0
LN106316,2025-12,0.0,0.0,0.0,0.0,CURRENT,0.0,0.0,NONE,,AUTO_ACCEPT,0.0
LN105254,2025-12,0.0,0.0,0.0,0.0,CURRENT,0.0,0.0,NONE,,AUTO_ACCEPT,0.0
LN106317,2025-12,0.0,0.0,0.0,0.0,CURRENT,0.0,0.0,NONE,,AUTO_ACCEPT,0.0
LN102941,2025-12,0.0,0.0,0.0,0.0,CURRENT,0.0,0.0,NONE,,AUTO_ACCEPT,0.0
LN106353,2025-12,0.0,0.0,0.0,0.0,CURRENT,0.0,0.0,NONE,,AUTO_ACCEPT,0.0
LN106307,2025-12,0.0,0.0,0.0,0.0,CURRENT,0.0,0.0,NONE,,AUTO_ACCEPT,0.0
LN106306,2025-12,0.0,0.0,0.0,0.0,CURRENT,0.0,0.0,NONE,,AUTO_ACCEPT,0.0
LN106298,2025-12,0.0,0.0,0.0,0.0,CURRENT,0.0,0.0,NONE,,AUTO_ACCEPT,0.0
LN102938,2025-12,0.0,0.0,0.0,0.0,CURRENT,0.0,0.0,NONE,,AUTO_ACCEPT,0.0
LN106299,2025-12,0.0,0.0,0.0,0.0,CURRENT,0.0,0.0,NONE,,AUTO_ACCEPT,0.0
LN102145,2025-12,0.0,0.0,0.0,0.0,CURRENT,0.0,0.0,NONE,,AUTO_ACCEPT,0.0
LN105262,2025-12,0.0,0.0,0.0,0.0,CURRENT,0.0,0.0,NONE,,AUTO_ACCEPT,0.0
LN106300,2025-12,0.0,0.0,0.0,0.0,CURRENT,0.0,0.0,NONE,,AUTO_ACCEPT,0.0
LN102144,2025-12,0.0,0.0,0.0,0.0,CURRENT,0.0,0.0,NONE,,AUTO_ACCEPT,0.0
LN106302,2025-12,0.0,0.0,0.0,0.0,CURRENT,0.0,0.0,NONE,,AUTO_ACCEPT,0.0
LN105260,2025-12,0.0,0.0,0.0,0.0,CURRENT,0.0,0.0,NONE,,AUTO_ACCEPT,0.0
LN102143,2025-12,0.0,0.0,0.0,0.0,CURRENT,0.0,0.0,NONE,,AUTO_ACCEPT,0.0
LN106304,2025-12,0.0,0.0,0.0,0.0,CURRENT,0.0,0.0,NONE,,AUTO_ACCEPT,0.0
LN102940,2025-12,0.0,0.0,0.0,0.0,CURRENT,0.0,0.0,NONE,,AUTO_ACCEPT,0.0
LN106305,2025-12,0.0,0.0,0.0,0.0,CURRENT,0.0,0.0,NONE,,AUTO_ACCEPT,0.0
LN102142,2025-12,0.0,0.0,0.0,0.0,CURRENT,0.0,0.0,NONE,,AUTO_ACCEPT,0.0
LN105259,2025-12,0.0,0.0,0.0,0.0,CURRENT,0.0,0.0,NONE,,AUTO_ACCEPT,0.0
LN102141,2025-12,0.0,0.0,0.0,0.0,CURRENT,0.0,0.0,NONE,,AUTO_ACCEPT,0.0
LN105309,2025-12,0.0,0.0,0.0,0.0,CURRENT,0.0,0.0,NONE,,AUTO_ACCEPT,0.0
LN106502,2025-12,0.0,0.0,0.0,0.0,CURRENT,0.0,0.0,NONE,,AUTO_ACCEPT,0.0
LN106503,2025-12,0.0,0.0,0.0,0.0,CURRENT,0.0,0.0,NONE,,AUTO_ACCEPT,0.0
LN106690,2025-12,0.0,0.0,0.0,0.0,CURRENT,0.0,0.0,NONE,,AUTO_ACCEPT,0.0
LN103090,2025-12,0.0,0.0,0.0,0.0,CURRENT,0.0,0.0,NONE,,AUTO_ACCEPT,0.0
LN106691,2025-12,0.0,0.0,0.0,0.0,CURRENT,0.0,0.0,NONE,,AUTO_ACCEPT,0.0
LN101832,2025-12,0.0,0.0,0.0,0.0,CURRENT,0.0,0.0,NONE,,AUTO_ACCEPT,0.0
LN105064,2025-12,0.0,0.0,0.0,0.0,CURRENT,0.0,0.0,NONE,,AUTO_ACCEPT,0.0
LN106692,2025-12,0.0,0.0,0.0,0.0,CURRENT,0.0,0.0,NONE,,AUTO_ACCEPT,0.0
LN101836,2025-12,0.0,0.0,0.0,0.0,CURRENT,0.0,0.0,NONE,,AUTO_ACCEPT,0.0
LN101831,2025-12,0.0,0.0,0.0,0.0,CURRENT,0.0,0.0,NONE,,AUTO_ACCEPT,0.0
LN103091,2025-12,0.0,0.0,0.0,0.0,CURRENT,0.0,0.0,NONE,,AUTO_ACCEPT,0.0
LN105063,2025-12,0.0,0.0,0.0,0.0,CURRENT,0.0,0.0,NONE,,AUTO_ACCEPT,0.0
LN101830,2025-12,0.0,0.0,0.0,0.0,CURRENT,0.0,0.0,NONE,,AUTO_ACCEPT,0.0
LN106694,2025-12,0.0,0.0,0.0,0.0,CURRENT,0.0,0.0,NONE,,AUTO_ACCEPT,0.0
LN106695,2025-12,0.0,0.0,0.0,0.0,CURRENT,0.0,0.0,NONE,,AUTO_ACCEPT,0.0
LN101829,2025-12,0.0,0.0,0.0,0.0,CURRENT,0.0,0.0,NONE,,AUTO_ACCEPT,0.0
LN106693,2025-12,0.0,0.0,0.0,0.0,CURRENT,0.0,0.0,NONE,,AUTO_ACCEPT,0.0
LN105065,2025-12,0.0,0.0,0.0,0.0,CURRENT,0.0,0.0,NONE,,AUTO_ACCEPT,0.0
LN106689,2025-12,0.0,0.0,0.0,0.0,CURRENT,0.0,0.0,NONE,,AUTO_ACCEPT,0.0
LN101837,2025-12,0.0,0.0,0.0,0.0,CURRENT,0.0,0.0,NONE,,AUTO_ACCEPT,0.0
LN105069,2025-12,0.0,0.0,0.0,0.0,CURRENT,0.0,0.0,NONE,,AUTO_ACCEPT,0.0
LN106682,2025-12,0.0,0.0,0.0,0.0,CURRENT,0.0,0.0,NONE,,AUTO_ACCEPT,0.0
LN101841,2025-12,0.0,0.0,0.0,0.0,CURRENT,0.0,0.0,NONE,,AUTO_ACCEPT,0.0
LN106683,2025-12,0.0,0.0,0.0,0.0,CURRENT,0.0,0.0,NONE,,AUTO_ACCEPT,0.0
LN101840,2025-12,0.0,0.0,0.0,0.0,CURRENT,0.0,0.0,NONE,,AUTO_ACCEPT,0.0
LN103087,2025-12,0.0,0.0,0.0,0.0,CURRENT,0.0,0.0,NONE,,AUTO_ACCEPT,0.0
LN106684,2025-12,0.0,0.0,0.0,0.0,CURRENT,0.0,0.0,NONE,,AUTO_ACCEPT,0.0
LN105068,2025-12,0.0,0.0,0.0,0.0,CURRENT,0.0,0.0,NONE,,AUTO_ACCEPT,0.0
LN101839,2025-12,0.0,0.0,0.0,0.0,CURRENT,0.0,0.0,NONE,,AUTO_ACCEPT,0.0
LN106685,2025-12,0.0,0.0,0.0,0.0,CURRENT,0.0,0.0,NONE,,AUTO_ACCEPT,0.0
LN103089,2025-12,0.0,0.0,0.0,0.0,CURRENT,0.0,0.0,NONE,,AUTO_ACCEPT,0.0
LN106687,2025-12,0.0,0.0,0.0,0.0,CURRENT,0.0,0.0,NONE,,AUTO_ACCEPT,0.0
LN101838,2025-12,0.0,0.0,0.0,0.0,CURRENT,0.0,0.0,NONE,,AUTO_ACCEPT,0.0
LN105067,2025-12,0.0,0.0,0.0,0.0,CURRENT,0.0,0.0,NONE,,AUTO_ACCEPT,0.0
LN106688,2025-12,0.0,0.0,0.0,0.0,CURRENT,0.0,0.0,NONE,,AUTO_ACCEPT,0.0
LN103092,2025-12,0.0,0.0,0.0,0.0,CURRENT,0.0,0.0,NONE,,AUTO_ACCEPT,0.0
LN103085,2025-12,0.0,0.0,0.0,0.0,CURRENT,0.0,0.0,NONE,,AUTO_ACCEPT,0.0
LN105062,2025-12,0.0,0.0,0.0,0.0,CURRENT,0.0,0.0,NONE,,AUTO_ACCEPT,0.0
LN101828,2025-12,0.0,0.0,0.0,0.0,CURRENT,0.0,0.0,NONE,,AUTO_ACCEPT,0.0
LN103096,2025-12,0.0,0.0,0.0,0.0,CURRENT,0.0,0.0,NONE,,AUTO_ACCEPT,0.0
LN106709,2025-12,0.0,0.0,0.0,0.0,CURRENT,0.0,0.0,NONE,,AUTO_ACCEPT,0.0
LN101819,2025-12,0.0,0.0,0.0,0.0,CURRENT,0.0,0.0,NONE,,AUTO_ACCEPT,0.0
LN105055,2025-12,0.0,0.0,0.0,0.0,CURRENT,0.0,0.0,NONE,,AUTO_ACCEPT,0.0
LN106710,2025-12,0.0,0.0,0.0,0.0,CURRENT,0.0,0.0,NONE,,AUTO_ACCEPT,0.0
LN101817,2025-12,0.0,0.0,0.0,0.0,CURRENT,0.0,0.0,NONE,,AUTO_ACCEPT,0.0
LN106708,2025-12,0.0,0.0,0.0,0.0,CURRENT,0.0,0.0,NONE,,AUTO_ACCEPT,0.0
LN106711,2025-12,0.0,0.0,0.0,0.0,CURRENT,0.0,0.0,NONE,,AUTO_ACCEPT,0.0
LN101816,2025-12,0.0,0.0,0.0,0.0,CURRENT,0.0,0.0,NONE,,AUTO_ACCEPT,0.0
LN105052,2025-12,0.0,0.0,0.0,0.0,CURRENT,0.0,0.0,NONE,,AUTO_ACCEPT,0.0
LN106712,2025-12,0.0,0.0,0.0,0.0,CURRENT,0.0,0.0,NONE,,AUTO_ACCEPT,0.0
LN106713,2025-12,0.0,0.0,0.0,0.0,CURRENT,0.0,0.0,NONE,,AUTO_ACCEPT,0.0
LN101815,2025-12,0.0,0.0,0.0,0.0,CURRENT,0.0,0.0,NONE,,AUTO_ACCEPT,0.0
LN105051,2025-12,0.0,0.0,0.0,0.0,CURRENT,0.0,0.0,NONE,,AUTO_ACCEPT,0.0
LN103098,2025-12,0.0,0.0,0.0,0.0,CURRENT,0.0,0.0,NONE,,AUTO_ACCEPT,0.0
LN101820,2025-12,0.0,0.0,0.0,0.0,CURRENT,0.0,0.0,NONE,,AUTO_ACCEPT,0.0
LN103095,2025-12,0.0,0.0,0.0,0.0,CURRENT,0.0,0.0,NONE,,AUTO_ACCEPT,0.0
LN106707,2025-12,0.0,0.0,0.0,0.0,CURRENT,0.0,0.0,NONE,,AUTO_ACCEPT,0.0
LN106697,2025-12,0.0,0.0,0.0,0.0,CURRENT,0.0,0.0,NONE,,AUTO_ACCEPT,0.0
LN101827,2025-12,0.0,0.0,0.0,0.0,CURRENT,0.0,0.0,NONE,,AUTO_ACCEPT,0.0
LN105061,2025-12,0.0,0.0,0.0,0.0,CURRENT,0.0,0.0,NONE,,AUTO_ACCEPT,0.0
LN106698,2025-12,0.0,0.0,0.0,0.0,CURRENT,0.0,0.0,NONE,,AUTO_ACCEPT,0.0
LN103093,2025-12,0.0,0.0,0.0,0.0,CURRENT,0.0,0.0,NONE,,AUTO_ACCEPT,0.0
LN106700,2025-12,0.0,0.0,0.0,0.0,CURRENT,0.0,0.0,NONE,,AUTO_ACCEPT,0.0
LN101825,2025-12,0.0,0.0,0.0,0.0,CURRENT,0.0,0.0,NONE,,AUTO_ACCEPT,0.0
LN105060,2025-12,0.0,0.0,0.0,0.0,CURRENT,0.0,0.0,NONE,,AUTO_ACCEPT,0.0
LN106701,2025-12,0.0,0.0,0.0,0.0,CURRENT,0.0,0.0,NONE,,AUTO_ACCEPT,0.0
LN101823,2025-12,0.0,0.0,0.0,0.0,CURRENT,0.0,0.0,NONE,,AUTO_ACCEPT,0.0
LN106702,2025-12,0.0,0.0,0.0,0.0,CURRENT,0.0,0.0,NONE,,AUTO_ACCEPT,0.0
LN103094,2025-12,0.0,0.0,0.0,0.0,CURRENT,0.0,0.0,NONE,,AUTO_ACCEPT,0.0
LN106704,2025-12,0.0,0.0,0.0,0.0,CURRENT,0.0,0.0,NONE,,AUTO_ACCEPT,0.0
LN105057,2025-12,0.0,0.0,0.0,0.0,CURRENT,0.0,0.0,NONE,,AUTO_ACCEPT,0.0
LN101821,2025-12,0.0,0.0,0.0,0.0,CURRENT,0.0,0.0,NONE,,AUTO_ACCEPT,0.0
LN106696,2025-12,0.0,0.0,0.0,0.0,CURRENT,0.0,0.0,NONE,,AUTO_ACCEPT,0.0
LN101814,2025-12,0.0,0.0,0.0,0.0,CURRENT,0.0,0.0,NONE,,AUTO_ACCEPT,0.0
LN106681,2025-12,0.0,0.0,0.0,0.0,CURRENT,0.0,0.0,NONE,,AUTO_ACCEPT,0.0
LN105070,2025-12,0.0,0.0,0.0,0.0,CURRENT,0.0,0.0,NONE,,AUTO_ACCEPT,0.0
LN106656,2025-12,0.0,0.0,0.0,0.0,CURRENT,0.0,0.0,NONE,,AUTO_ACCEPT,0.0
LN101858,2025-12,0.0,0.0,0.0,0.0,CURRENT,0.0,0.0,NONE,,AUTO_ACCEPT,0.0
LN103075,2025-12,0.0,0.0,0.0,0.0,CURRENT,0.0,0.0,NONE,,AUTO_ACCEPT,0.0
LN106657,2025-12,0.0,0.0,0.0,0.0,CURRENT,0.0,0.0,NONE,,AUTO_ACCEPT,0.0
LN105083,2025-12,0.0,0.0,0.0,0.0,CURRENT,0.0,0.0,NONE,,AUTO_ACCEPT,0.0
LN106658,2025-12,0.0,0.0,0.0,0.0,CURRENT,0.0,0.0,NONE,,AUTO_ACCEPT,0.0
LN101859,2025-12,0.0,0.0,0.0,0.0,CURRENT,0.0,0.0,NONE,,AUTO_ACCEPT,0.0
LN101857,2025-12,0.0,0.0,0.0,0.0,CURRENT,0.0,0.0,NONE,,AUTO_ACCEPT,0.0
LN105081,2025-12,0.0,0.0,0.0,0.0,CURRENT,0.0,0.0,NONE,,AUTO_ACCEPT,0.0
LN101856,2025-12,0.0,0.0,0.0,0.0,CURRENT,0.0,0.0,NONE,,AUTO_ACCEPT,0.0
LN106660,2025-12,0.0,0.0,0.0,0.0,CURRENT,0.0,0.0,NONE,,AUTO_ACCEPT,0.0
LN101855,2025-12,0.0,0.0,0.0,0.0,CURRENT,0.0,0.0,NONE,,AUTO_ACCEPT,0.0
LN106661,2025-12,0.0,0.0,0.0,0.0,CURRENT,0.0,0.0,NONE,,AUTO_ACCEPT,0.0
LN105080,2025-12,0.0,0.0,0.0,0.0,CURRENT,0.0,0.0,NONE,,AUTO_ACCEPT,0.0
LN106659,2025-12,0.0,0.0,0.0,0.0,CURRENT,0.0,0.0,NONE,,AUTO_ACCEPT,0.0
LN105084,2025-12,0.0,0.0,0.0,0.0,CURRENT,0.0,0.0,NONE,,AUTO_ACCEPT,0.0
LN103074,2025-12,0.0,0.0,0.0,0.0,CURRENT,0.0,0.0,NONE,,AUTO_ACCEPT,0.0
LN101862,2025-12,0.0,0.0,0.0,0.0,CURRENT,0.0,0.0,NONE,,AUTO_ACCEPT,0.0
LN103072,2025-12,0.0,0.0,0.0,0.0,CURRENT,0.0,0.0,NONE,,AUTO_ACCEPT,0.0
LN101866,2025-12,0.0,0.0,0.0,0.0,CURRENT,0.0,0.0,NONE,,AUTO_ACCEPT,0.0
LN105087,2025-12,0.0,0.0,0.0,0.0,CURRENT,0.0,0.0,NONE,,AUTO_ACCEPT,0.0
LN106649,2025-12,0.0,0.0,0.0,0.0,CURRENT,0.0,0.0,NONE,,AUTO_ACCEPT,0.0
LN106650,2025-12,0.0,0.0,0.0,0.0,CURRENT,0.0,0.0,NONE,,AUTO_ACCEPT,0.0
LN101865,2025-12,0.0,0.0,0.0,0.0,CURRENT,0.0,0.0,NONE,,AUTO_ACCEPT,0.0
LN103073,2025-12,0.0,0.0,0.0,0.0,CURRENT,0.0,0.0,NONE,,AUTO_ACCEPT,0.0
LN106651,2025-12,0.0,0.0,0.0,0.0,CURRENT,0.0,0.0,NONE,,AUTO_ACCEPT,0.0
LN105086,2025-12,0.0,0.0,0.0,0.0,CURRENT,0.0,0.0,NONE,,AUTO_ACCEPT,0.0
LN101864,2025-12,0.0,0.0,0.0,0.0,CURRENT,0.0,0.0,NONE,,AUTO_ACCEPT,0.0
LN106652,2025-12,0.0,0.0,0.0,0.0,CURRENT,0.0,0.0,NONE,,AUTO_ACCEPT,0.0
LN101863,2025-12,0.0,0.0,0.0,0.0,CURRENT,0.0,0.0,NONE,,AUTO_ACCEPT,0.0
LN106653,2025-12,0.0,0.0,0.0,0.0,CURRENT,0.0,0.0,NONE,,AUTO_ACCEPT,0.0
LN105085,2025-12,0.0,0.0,0.0,0.0,CURRENT,0.0,0.0,NONE,,AUTO_ACCEPT,0.0
LN106654,2025-12,0.0,0.0,0.0,0.0,CURRENT,0.0,0.0,NONE,,AUTO_ACCEPT,0.0
LN106663,2025-12,0.0,0.0,0.0,0.0,CURRENT,0.0,0.0,NONE,,AUTO_ACCEPT,0.0
LN101842,2025-12,0.0,0.0,0.0,0.0,CURRENT,0.0,0.0,NONE,,AUTO_ACCEPT,0.0
LN101854,2025-12,0.0,0.0,0.0,0.0,CURRENT,0.0,0.0,NONE,,AUTO_ACCEPT,0.0
LN106664,2025-12,0.0,0.0,0.0,0.0,CURRENT,0.0,0.0,NONE,,AUTO_ACCEPT,0.0
LN106674,2025-12,0.0,0.0,0.0,0.0,CURRENT,0.0,0.0,NONE,,AUTO_ACCEPT,0.0
LN103083,2025-12,0.0,0.0,0.0,0.0,CURRENT,0.0,0.0,NONE,,AUTO_ACCEPT,0.0
LN101846,2025-12,0.0,0.0,0.0,0.0,CURRENT,0.0,0.0,NONE,,AUTO_ACCEPT,0.0
LN105072,2025-12,0.0,0.0,0.0,0.0,CURRENT,0.0,0.0,NONE,,AUTO_ACCEPT,0.0
LN106675,2025-12,0.0,0.0,0.0,0.0,CURRENT,0.0,0.0,NONE,,AUTO_ACCEPT,0.0
LN101845,2025-12,0.0,0.0,0.0,0.0,CURRENT,0.0,0.0,NONE,,AUTO_ACCEPT,0.0
LN101847,2025-12,0.0,0.0,0.0,0.0,CURRENT,0.0,0.0,NONE,,AUTO_ACCEPT,0.0
LN106676,2025-12,0.0,0.0,0.0,0.0,CURRENT,0.0,0.0,NONE,,AUTO_ACCEPT,0.0
LN105071,2025-12,0.0,0.0,0.0,0.0,CURRENT,0.0,0.0,NONE,,AUTO_ACCEPT,0.0
LN106677,2025-12,0.0,0.0,0.0,0.0,CURRENT,0.0,0.0,NONE,,AUTO_ACCEPT,0.0
LN101844,2025-12,0.0,0.0,0.0,0.0,CURRENT,0.0,0.0,NONE,,AUTO_ACCEPT,0.0
LN106678,2025-12,0.0,0.0,0.0,0.0,CURRENT,0.0,0.0,NONE,,AUTO_ACCEPT,0.0
LN101843,2025-12,0.0,0.0,0.0,0.0,CURRENT,0.0,0.0,NONE,,AUTO_ACCEPT,0.0
LN106679,2025-12,0.0,0.0,0.0,0.0,CURRENT,0.0,0.0,NONE,,AUTO_ACCEPT,0.0
LN103084,2025-12,0.0,0.0,0.0,0.0,CURRENT,0.0,0.0,NONE,,AUTO_ACCEPT,0.0
LN106673,2025-12,0.0,0.0,0.0,0.0,CURRENT,0.0,0.0,NONE,,AUTO_ACCEPT,0.0
LN105073,2025-12,0.0,0.0,0.0,0.0,CURRENT,0.0,0.0,NONE,,AUTO_ACCEPT,0.0
LN106672,2025-12,0.0,0.0,0.0,0.0,CURRENT,0.0,0.0,NONE,,AUTO_ACCEPT,0.0
LN105079,2025-12,0.0,0.0,0.0,0.0,CURRENT,0.0,0.0,NONE,,AUTO_ACCEPT,0.0
LN101853,2025-12,0.0,0.0,0.0,0.0,CURRENT,0.0,0.0,NONE,,AUTO_ACCEPT,0.0
LN106667,2025-12,0.0,0.0,0.0,0.0,CURRENT,0.0,0.0,NONE,,AUTO_ACCEPT,0.0
LN101852,2025-12,0.0,0.0,0.0,0.0,CURRENT,0.0,0.0,NONE,,AUTO_ACCEPT,0.0
LN106668,2025-12,0.0,0.0,0.0,0.0,CURRENT,0.0,0.0,NONE,,AUTO_ACCEPT,0.0
LN103080,2025-12,0.0,0.0,0.0,0.0,CURRENT,0.0,0.0,NONE,,AUTO_ACCEPT,0.0
LN105078,2025-12,0.0,0.0,0.0,0.0,CURRENT,0.0,0.0,NONE,,AUTO_ACCEPT,0.0
LN106669,2025-12,0.0,0.0,0.0,0.0,CURRENT,0.0,0.0,NONE,,AUTO_ACCEPT,0.0
LN101850,2025-12,0.0,0.0,0.0,0.0,CURRENT,0.0,0.0,NONE,,AUTO_ACCEPT,0.0
LN106670,2025-12,0.0,0.0,0.0,0.0,CURRENT,0.0,0.0,NONE,,AUTO_ACCEPT,0.0
LN101849,2025-12,0.0,0.0,0.0,0.0,CURRENT,0.0,0.0,NONE,,AUTO_ACCEPT,0.0
LN105075,2025-12,0.0,0.0,0.0,0.0,CURRENT,0.0,0.0,NONE,,AUTO_ACCEPT,0.0
LN106671,2025-12,0.0,0.0,0.0,0.0,CURRENT,0.0,0.0,NONE,,AUTO_ACCEPT,0.0
LN101848,2025-12,0.0,0.0,0.0,0.0,CURRENT,0.0,0.0,NONE,,AUTO_ACCEPT,0.0
LN103081,2025-12,0.0,0.0,0.0,0.0,CURRENT,0.0,0.0,NONE,,AUTO_ACCEPT,0.0
LN103079,2025-12,0.0,0.0,0.0,0.0,CURRENT,0.0,0.0,NONE,,AUTO_ACCEPT,0.0
LN106715,2025-12,0.0,0.0,0.0,0.0,CURRENT,0.0,0.0,NONE,,AUTO_ACCEPT,0.0
LN103099,2025-12,0.0,0.0,0.0,0.0,CURRENT,0.0,0.0,NONE,,AUTO_ACCEPT,0.0
LN105050,2025-12,0.0,0.0,0.0,0.0,CURRENT,0.0,0.0,NONE,,AUTO_ACCEPT,0.0
LN103115,2025-12,0.0,0.0,0.0,0.0,CURRENT,0.0,0.0,NONE,,AUTO_ACCEPT,0.0
LN105030,2025-12,0.0,0.0,0.0,0.0,CURRENT,0.0,0.0,NONE,,AUTO_ACCEPT,0.0
LN106765,2025-12,0.0,0.0,0.0,0.0,CURRENT,0.0,0.0,NONE,,AUTO_ACCEPT,0.0
LN101777,2025-12,0.0,0.0,0.0,0.0,CURRENT,0.0,0.0,NONE,,AUTO_ACCEPT,0.0
LN106766,2025-12,0.0,0.0,0.0,0.0,CURRENT,0.0,0.0,NONE,,AUTO_ACCEPT,0.0
LN101774,2025-12,0.0,0.0,0.0,0.0,CURRENT,0.0,0.0,NONE,,AUTO_ACCEPT,0.0
LN101778,2025-12,0.0,0.0,0.0,0.0,CURRENT,0.0,0.0,NONE,,AUTO_ACCEPT,0.0
LN103116,2025-12,0.0,0.0,0.0,0.0,CURRENT,0.0,0.0,NONE,,AUTO_ACCEPT,0.0
LN105028,2025-12,0.0,0.0,0.0,0.0,CURRENT,0.0,0.0,NONE,,AUTO_ACCEPT,0.0
LN101772,2025-12,0.0,0.0,0.0,0.0,CURRENT,0.0,0.0,NONE,,AUTO_ACCEPT,0.0
LN106769,2025-12,0.0,0.0,0.0,0.0,CURRENT,0.0,0.0,NONE,,AUTO_ACCEPT,0.0
LN103117,2025-12,0.0,0.0,0.0,0.0,CURRENT,0.0,0.0,NONE,,AUTO_ACCEPT,0.0
LN106770,2025-12,0.0,0.0,0.0,0.0,CURRENT,0.0,0.0,NONE,,AUTO_ACCEPT,0.0
LN101771,2025-12,0.0,0.0,0.0,0.0,CURRENT,0.0,0.0,NONE,,AUTO_ACCEPT,0.0
LN106767,2025-12,0.0,0.0,0.0,0.0,CURRENT,0.0,0.0,NONE,,AUTO_ACCEPT,0.0
LN106763,2025-12,0.0,0.0,0.0,0.0,CURRENT,0.0,0.0,NONE,,AUTO_ACCEPT,0.0
LN101779,2025-12,0.0,0.0,0.0,0.0,CURRENT,0.0,0.0,NONE,,AUTO_ACCEPT,0.0
LN106762,2025-12,0.0,0.0,0.0,0.0,CURRENT,0.0,0.0,NONE,,AUTO_ACCEPT,0.0
LN106755,2025-12,0.0,0.0,0.0,0.0,CURRENT,0.0,0.0,NONE,,AUTO_ACCEPT,0.0
LN101783,2025-12,0.0,0.0,0.0,0.0,CURRENT,0.0,0.0,NONE,,AUTO_ACCEPT,0.0
LN106757,2025-12,0.0,0.0,0.0,0.0,CURRENT,0.0,0.0,NONE,,AUTO_ACCEPT,0.0
LN105033,2025-12,0.0,0.0,0.0,0.0,CURRENT,0.0,0.0,NONE,,AUTO_ACCEPT,0.0
LN106758,2025-12,0.0,0.0,0.0,0.0,CURRENT,0.0,0.0,NONE,,AUTO_ACCEPT,0.0
LN101782,2025-12,0.0,0.0,0.0,0.0,CURRENT,0.0,0.0,NONE,,AUTO_ACCEPT,0.0
LN103113,2025-12,0.0,0.0,0.0,0.0,CURRENT,0.0,0.0,NONE,,AUTO_ACCEPT,0.0
LN106759,2025-12,0.0,0.0,0.0,0.0,CURRENT,0.0,0.0,NONE,,AUTO_ACCEPT,0.0
LN101781,2025-12,0.0,0.0,0.0,0.0,CURRENT,0.0,0.0,NONE,,AUTO_ACCEPT,0.0
LN105032,2025-12,0.0,0.0,0.0,0.0,CURRENT,0.0,0.0,NONE,,AUTO_ACCEPT,0.0
LN106760,2025-12,0.0,0.0,0.0,0.0,CURRENT,0.0,0.0,NONE,,AUTO_ACCEPT,0.0
LN101780,2025-12,0.0,0.0,0.0,0.0,CURRENT,0.0,0.0,NONE,,AUTO_ACCEPT,0.0
LN106761,2025-12,0.0,0.0,0.0,0.0,CURRENT,0.0,0.0,NONE,,AUTO_ACCEPT,0.0
LN103114,2025-12,0.0,0.0,0.0,0.0,CURRENT,0.0,0.0,NONE,,AUTO_ACCEPT,0.0
LN105031,2025-12,0.0,0.0,0.0,0.0,CURRENT,0.0,0.0,NONE,,AUTO_ACCEPT,0.0
LN105027,2025-12,0.0,0.0,0.0,0.0,CURRENT,0.0,0.0,NONE,,AUTO_ACCEPT,0.0
LN105034,2025-12,0.0,0.0,0.0,0.0,CURRENT,0.0,0.0,NONE,,AUTO_ACCEPT,0.0
LN106771,2025-12,0.0,0.0,0.0,0.0,CURRENT,0.0,0.0,NONE,,AUTO_ACCEPT,0.0
LN106772,2025-12,0.0,0.0,0.0,0.0,CURRENT,0.0,0.0,NONE,,AUTO_ACCEPT,0.0
LN106781,2025-12,0.0,0.0,0.0,0.0,CURRENT,0.0,0.0,NONE,,AUTO_ACCEPT,0.0
LN101760,2025-12,0.0,0.0,0.0,0.0,CURRENT,0.0,0.0,NONE,,AUTO_ACCEPT,0.0
LN103121,2025-12,0.0,0.0,0.0,0.0,CURRENT,0.0,0.0,NONE,,AUTO_ACCEPT,0.0
LN106782,2025-12,0.0,0.0,0.0,0.0,CURRENT,0.0,0.0,NONE,,AUTO_ACCEPT,0.0
LN105021,2025-12,0.0,0.0,0.0,0.0,CURRENT,0.0,0.0,NONE,,AUTO_ACCEPT,0.0
LN101757,2025-12,0.0,0.0,0.0,0.0,CURRENT,0.0,0.0,NONE,,AUTO_ACCEPT,0.0
LN101761,2025-12,0.0,0.0,0.0,0.0,CURRENT,0.0,0.0,NONE,,AUTO_ACCEPT,0.0
LN106783,2025-12,0.0,0.0,0.0,0.0,CURRENT,0.0,0.0,NONE,,AUTO_ACCEPT,0.0
LN106784,2025-12,0.0,0.0,0.0,0.0,CURRENT,0.0,0.0,NONE,,AUTO_ACCEPT,0.0
LN101755,2025-12,0.0,0.0,0.0,0.0,CURRENT,0.0,0.0,NONE,,AUTO_ACCEPT,0.0
LN105020,2025-12,0.0,0.0,0.0,0.0,CURRENT,0.0,0.0,NONE,,AUTO_ACCEPT,0.0
LN106785,2025-12,0.0,0.0,0.0,0.0,CURRENT,0.0,0.0,NONE,,AUTO_ACCEPT,0.0
LN101754,2025-12,0.0,0.0,0.0,0.0,CURRENT,0.0,0.0,NONE,,AUTO_ACCEPT,0.0
LN106786,2025-12,0.0,0.0,0.0,0.0,CURRENT,0.0,0.0,NONE,,AUTO_ACCEPT,0.0
LN103122,2025-12,0.0,0.0,0.0,0.0,CURRENT,0.0,0.0,NONE,,AUTO_ACCEPT,0.0
LN106780,2025-12,0.0,0.0,0.0,0.0,CURRENT,0.0,0.0,NONE,,AUTO_ACCEPT,0.0
LN105023,2025-12,0.0,0.0,0.0,0.0,CURRENT,0.0,0.0,NONE,,AUTO_ACCEPT,0.0
LN106779,2025-12,0.0,0.0,0.0,0.0,CURRENT,0.0,0.0,NONE,,AUTO_ACCEPT,0.0
LN105026,2025-12,0.0,0.0,0.0,0.0,CURRENT,0.0,0.0,NONE,,AUTO_ACCEPT,0.0
LN106774,2025-12,0.0,0.0,0.0,0.0,CURRENT,0.0,0.0,NONE,,AUTO_ACCEPT,0.0
LN101767,2025-12,0.0,0.0,0.0,0.0,CURRENT,0.0,0.0,NONE,,AUTO_ACCEPT,0.0
LN103118,2025-12,0.0,0.0,0.0,0.0,CURRENT,0.0,0.0,NONE,,AUTO_ACCEPT,0.0
LN106775,2025-12,0.0,0.0,0.0,0.0,CURRENT,0.0,0.0,NONE,,AUTO_ACCEPT,0.0
LN105025,2025-12,0.0,0.0,0.0,0.0,CURRENT,0.0,0.0,NONE,,AUTO_ACCEPT,0.0
LN106776,2025-12,0.0,0.0,0.0,0.0,CURRENT,0.0,0.0,NONE,,AUTO_ACCEPT,0.0
LN101765,2025-12,0.0,0.0,0.0,0.0,CURRENT,0.0,0.0,NONE,,AUTO_ACCEPT,0.0
LN103119,2025-12,0.0,0.0,0.0,0.0,CURRENT,0.0,0.0,NONE,,AUTO_ACCEPT,0.0
LN105024,2025-12,0.0,0.0,0.0,0.0,CURRENT,0.0,0.0,NONE,,AUTO_ACCEPT,0.0
LN106777,2025-12,0.0,0.0,0.0,0.0,CURRENT,0.0,0.0,NONE,,AUTO_ACCEPT,0.0
LN101764,2025-12,0.0,0.0,0.0,0.0,CURRENT,0.0,0.0,NONE,,AUTO_ACCEPT,0.0
LN106778,2025-12,0.0,0.0,0.0,0.0,CURRENT,0.0,0.0,NONE,,AUTO_ACCEPT,0.0
LN101763,2025-12,0.0,0.0,0.0,0.0,CURRENT,0.0,0.0,NONE,,AUTO_ACCEPT,0.0
LN103120,2025-12,0.0,0.0,0.0,0.0,CURRENT,0.0,0.0,NONE,,AUTO_ACCEPT,0.0
LN101770,2025-12,0.0,0.0,0.0,0.0,CURRENT,0.0,0.0,NONE,,AUTO_ACCEPT,0.0
LN101784,2025-12,0.0,0.0,0.0,0.0,CURRENT,0.0,0.0,NONE,,AUTO_ACCEPT,0.0
LN103112,2025-12,0.0,0.0,0.0,0.0,CURRENT,0.0,0.0,NONE,,AUTO_ACCEPT,0.0
LN106754,2025-12,0.0,0.0,0.0,0.0,CURRENT,0.0,0.0,NONE,,AUTO_ACCEPT,0.0
LN106726,2025-12,0.0,0.0,0.0,0.0,CURRENT,0.0,0.0,NONE,,AUTO_ACCEPT,0.0
LN105046,2025-12,0.0,0.0,0.0,0.0,CURRENT,0.0,0.0,NONE,,AUTO_ACCEPT,0.0
LN106727,2025-12,0.0,0.0,0.0,0.0,CURRENT,0.0,0.0,NONE,,AUTO_ACCEPT,0.0
LN101803,2025-12,0.0,0.0,0.0,0.0,CURRENT,0.0,0.0,NONE,,AUTO_ACCEPT,0.0
LN103104,2025-12,0.0,0.0,0.0,0.0,CURRENT,0.0,0.0,NONE,,AUTO_ACCEPT,0.0
LN106728,2025-12,0.0,0.0,0.0,0.0,CURRENT,0.0,0.0,NONE,,AUTO_ACCEPT,0.0
LN101804,2025-12,0.0,0.0,0.0,0.0,CURRENT,0.0,0.0,NONE,,AUTO_ACCEPT,0.0
LN105045,2025-12,0.0,0.0,0.0,0.0,CURRENT,0.0,0.0,NONE,,AUTO_ACCEPT,0.0
LN106730,2025-12,0.0,0.0,0.0,0.0,CURRENT,0.0,0.0,NONE,,AUTO_ACCEPT,0.0
LN101799,2025-12,0.0,0.0,0.0,0.0,CURRENT,0.0,0.0,NONE,,AUTO_ACCEPT,0.0
LN106733,2025-12,0.0,0.0,0.0,0.0,CURRENT,0.0,0.0,NONE,,AUTO_ACCEPT,0.0
LN103105,2025-12,0.0,0.0,0.0,0.0,CURRENT,0.0,0.0,NONE,,AUTO_ACCEPT,0.0
LN105044,2025-12,0.0,0.0,0.0,0.0,CURRENT,0.0,0.0,NONE,,AUTO_ACCEPT,0.0
LN106734,2025-12,0.0,0.0,0.0,0.0,CURRENT,0.0,0.0,NONE,,AUTO_ACCEPT,0.0
LN101802,2025-12,0.0,0.0,0.0,0.0,CURRENT,0.0,0.0,NONE,,AUTO_ACCEPT,0.0
LN103103,2025-12,0.0,0.0,0.0,0.0,CURRENT,0.0,0.0,NONE,,AUTO_ACCEPT,0.0
LN106724,2025-12,0.0,0.0,0.0,0.0,CURRENT,0.0,0.0,NONE,,AUTO_ACCEPT,0.0
LN101805,2025-12,0.0,0.0,0.0,0.0,CURRENT,0.0,0.0,NONE,,AUTO_ACCEPT,0.0
LN106716,2025-12,0.0,0.0,0.0,0.0,CURRENT,0.0,0.0,NONE,,AUTO_ACCEPT,0.0
LN101812,2025-12,0.0,0.0,0.0,0.0,CURRENT,0.0,0.0,NONE,,AUTO_ACCEPT,0.0
LN106717,2025-12,0.0,0.0,0.0,0.0,CURRENT,0.0,0.0,NONE,,AUTO_ACCEPT,0.0
LN103101,2025-12,0.0,0.0,0.0,0.0,CURRENT,0.0,0.0,NONE,,AUTO_ACCEPT,0.0
LN105049,2025-12,0.0,0.0,0.0,0.0,CURRENT,0.0,0.0,NONE,,AUTO_ACCEPT,0.0
LN106718,2025-12,0.0,0.0,0.0,0.0,CURRENT,0.0,0.0,NONE,,AUTO_ACCEPT,0.0
LN101809,2025-12,0.0,0.0,0.0,0.0,CURRENT,0.0,0.0,NONE,,AUTO_ACCEPT,0.0
LN106719,2025-12,0.0,0.0,0.0,0.0,CURRENT,0.0,0.0,NONE,,AUTO_ACCEPT,0.0
LN103102,2025-12,0.0,0.0,0.0,0.0,CURRENT,0.0,0.0,NONE,,AUTO_ACCEPT,0.0
LN101807,2025-12,0.0,0.0,0.0,0.0,CURRENT,0.0,0.0,NONE,,AUTO_ACCEPT,0.0
LN105048,2025-12,0.0,0.0,0.0,0.0,CURRENT,0.0,0.0,NONE,,AUTO_ACCEPT,0.0
LN106721,2025-12,0.0,0.0,0.0,0.0,CURRENT,0.0,0.0,NONE,,AUTO_ACCEPT,0.0
LN101806,2025-12,0.0,0.0,0.0,0.0,CURRENT,0.0,0.0,NONE,,AUTO_ACCEPT,0.0
LN106723,2025-12,0.0,0.0,0.0,0.0,CURRENT,0.0,0.0,NONE,,AUTO_ACCEPT,0.0
LN105047,2025-12,0.0,0.0,0.0,0.0,CURRENT,0.0,0.0,NONE,,AUTO_ACCEPT,0.0
LN101798,2025-12,0.0,0.0,0.0,0.0,CURRENT,0.0,0.0,NONE,,AUTO_ACCEPT,0.0
LN106735,2025-12,0.0,0.0,0.0,0.0,CURRENT,0.0,0.0,NONE,,AUTO_ACCEPT,0.0
LN101796,2025-12,0.0,0.0,0.0,0.0,CURRENT,0.0,0.0,NONE,,AUTO_ACCEPT,0.0
LN105043,2025-12,0.0,0.0,0.0,0.0,CURRENT,0.0,0.0,NONE,,AUTO_ACCEPT,0.0
LN106747,2025-12,0.0,0.0,0.0,0.0,CURRENT,0.0,0.0,NONE,,AUTO_ACCEPT,0.0
LN105038,2025-12,0.0,0.0,0.0,0.0,CURRENT,0.0,0.0,NONE,,AUTO_ACCEPT,0.0
LN106748,2025-12,0.0,0.0,0.0,0.0,CURRENT,0.0,0.0,NONE,,AUTO_ACCEPT,0.0
LN101788,2025-12,0.0,0.0,0.0,0.0,CURRENT,0.0,0.0,NONE,,AUTO_ACCEPT,0.0
LN103110,2025-12,0.0,0.0,0.0,0.0,CURRENT,0.0,0.0,NONE,,AUTO_ACCEPT,0.0
LN106750,2025-12,0.0,0.0,0.0,0.0,CURRENT,0.0,0.0,NONE,,AUTO_ACCEPT,0.0
LN105037,2025-12,0.0,0.0,0.0,0.0,CURRENT,0.0,0.0,NONE,,AUTO_ACCEPT,0.0
LN101787,2025-12,0.0,0.0,0.0,0.0,CURRENT,0.0,0.0,NONE,,AUTO_ACCEPT,0.0
LN106751,2025-12,0.0,0.0,0.0,0.0,CURRENT,0.0,0.0,NONE,,AUTO_ACCEPT,0.0
LN101786,2025-12,0.0,0.0,0.0,0.0,CURRENT,0.0,0.0,NONE,,AUTO_ACCEPT,0.0
LN103111,2025-12,0.0,0.0,0.0,0.0,CURRENT,0.0,0.0,NONE,,AUTO_ACCEPT,0.0
LN106752,2025-12,0.0,0.0,0.0,0.0,CURRENT,0.0,0.0,NONE,,AUTO_ACCEPT,0.0
LN105036,2025-12,0.0,0.0,0.0,0.0,CURRENT,0.0,0.0,NONE,,AUTO_ACCEPT,0.0
LN106753,2025-12,0.0,0.0,0.0,0.0,CURRENT,0.0,0.0,NONE,,AUTO_ACCEPT,0.0
LN101785,2025-12,0.0,0.0,0.0,0.0,CURRENT,0.0,0.0,NONE,,AUTO_ACCEPT,0.0
LN101789,2025-12,0.0,0.0,0.0,0.0,CURRENT,0.0,0.0,NONE,,AUTO_ACCEPT,0.0
LN101867,2025-12,0.0,0.0,0.0,0.0,CURRENT,0.0,0.0,NONE,,AUTO_ACCEPT,0.0
LN106746,2025-12,0.0,0.0,0.0,0.0,CURRENT,0.0,0.0,NONE,,AUTO_ACCEPT,0.0
LN105039,2025-12,0.0,0.0,0.0,0.0,CURRENT,0.0,0.0,NONE,,AUTO_ACCEPT,0.0
LN106737,2025-12,0.0,0.0,0.0,0.0,CURRENT,0.0,0.0,NONE,,AUTO_ACCEPT,0.0
LN101795,2025-12,0.0,0.0,0.0,0.0,CURRENT,0.0,0.0,NONE,,AUTO_ACCEPT,0.0
LN103106,2025-12,0.0,0.0,0.0,0.0,CURRENT,0.0,0.0,NONE,,AUTO_ACCEPT,0.0
LN106738,2025-12,0.0,0.0,0.0,0.0,CURRENT,0.0,0.0,NONE,,AUTO_ACCEPT,0.0
LN105041,2025-12,0.0,0.0,0.0,0.0,CURRENT,0.0,0.0,NONE,,AUTO_ACCEPT,0.0
LN106740,2025-12,0.0,0.0,0.0,0.0,CURRENT,0.0,0.0,NONE,,AUTO_ACCEPT,0.0
LN101793,2025-12,0.0,0.0,0.0,0.0,CURRENT,0.0,0.0,NONE,,AUTO_ACCEPT,0.0
LN103108,2025-12,0.0,0.0,0.0,0.0,CURRENT,0.0,0.0,NONE,,AUTO_ACCEPT,0.0
LN101792,2025-12,0.0,0.0,0.0,0.0,CURRENT,0.0,0.0,NONE,,AUTO_ACCEPT,0.0
LN105040,2025-12,0.0,0.0,0.0,0.0,CURRENT,0.0,0.0,NONE,,AUTO_ACCEPT,0.0
LN106742,2025-12,0.0,0.0,0.0,0.0,CURRENT,0.0,0.0,NONE,,AUTO_ACCEPT,0.0
LN106744,2025-12,0.0,0.0,0.0,0.0,CURRENT,0.0,0.0,NONE,,AUTO_ACCEPT,0.0
LN101791,2025-12,0.0,0.0,0.0,0.0,CURRENT,0.0,0.0,NONE,,AUTO_ACCEPT,0.0
LN103109,2025-12,0.0,0.0,0.0,0.0,CURRENT,0.0,0.0,NONE,,AUTO_ACCEPT,0.0
LN106745,2025-12,0.0,0.0,0.0,0.0,CURRENT,0.0,0.0,NONE,,AUTO_ACCEPT,0.0
LN101790,2025-12,0.0,0.0,0.0,0.0,CURRENT,0.0,0.0,NONE,,AUTO_ACCEPT,0.0
LN101991,2025-12,0.0,0.0,0.0,0.0,CURRENT,0.0,0.0,NONE,,AUTO_ACCEPT,0.0
LN106647,2025-12,0.0,0.0,0.0,0.0,CURRENT,0.0,0.0,NONE,,AUTO_ACCEPT,0.0
LN101869,2025-12,0.0,0.0,0.0,0.0,CURRENT,0.0,0.0,NONE,,AUTO_ACCEPT,0.0
LN101953,2025-12,0.0,0.0,0.0,0.0,CURRENT,0.0,0.0,NONE,,AUTO_ACCEPT,0.0
LN103034,2025-12,0.0,0.0,0.0,0.0,CURRENT,0.0,0.0,NONE,,AUTO_ACCEPT,0.0
LN106550,2025-12,0.0,0.0,0.0,0.0,CURRENT,0.0,0.0,NONE,,AUTO_ACCEPT,0.0
LN105137,2025-12,0.0,0.0,0.0,0.0,CURRENT,0.0,0.0,NONE,,AUTO_ACCEPT,0.0
LN101952,2025-12,0.0,0.0,0.0,0.0,CURRENT,0.0,0.0,NONE,,AUTO_ACCEPT,0.0
LN106551,2025-12,0.0,0.0,0.0,0.0,CURRENT,0.0,0.0,NONE,,AUTO_ACCEPT,0.0
LN106549,2025-12,0.0,0.0,0.0,0.0,CURRENT,0.0,0.0,NONE,,AUTO_ACCEPT,0.0
LN101951,2025-12,0.0,0.0,0.0,0.0,CURRENT,0.0,0.0,NONE,,AUTO_ACCEPT,0.0
LN106552,2025-12,0.0,0.0,0.0,0.0,CURRENT,0.0,0.0,NONE,,AUTO_ACCEPT,0.0
LN105136,2025-12,0.0,0.0,0.0,0.0,CURRENT,0.0,0.0,NONE,,AUTO_ACCEPT,0.0
LN106553,2025-12,0.0,0.0,0.0,0.0,CURRENT,0.0,0.0,NONE,,AUTO_ACCEPT,0.0
LN101949,2025-12,0.0,0.0,0.0,0.0,CURRENT,0.0,0.0,NONE,,AUTO_ACCEPT,0.0
LN106554,2025-12,0.0,0.0,0.0,0.0,CURRENT,0.0,0.0,NONE,,AUTO_ACCEPT,0.0
LN103036,2025-12,0.0,0.0,0.0,0.0,CURRENT,0.0,0.0,NONE,,AUTO_ACCEPT,0.0
LN103035,2025-12,0.0,0.0,0.0,0.0,CURRENT,0.0,0.0,NONE,,AUTO_ACCEPT,0.0
LN105138,2025-12,0.0,0.0,0.0,0.0,CURRENT,0.0,0.0,NONE,,AUTO_ACCEPT,0.0
LN106548,2025-12,0.0,0.0,0.0,0.0,CURRENT,0.0,0.0,NONE,,AUTO_ACCEPT,0.0
LN101954,2025-12,0.0,0.0,0.0,0.0,CURRENT,0.0,0.0,NONE,,AUTO_ACCEPT,0.0
LN105141,2025-12,0.0,0.0,0.0,0.0,CURRENT,0.0,0.0,NONE,,AUTO_ACCEPT,0.0
LN106540,2025-12,0.0,0.0,0.0,0.0,CURRENT,0.0,0.0,NONE,,AUTO_ACCEPT,0.0
LN101961,2025-12,0.0,0.0,0.0,0.0,CURRENT,0.0,0.0,NONE,,AUTO_ACCEPT,0.0
LN106541,2025-12,0.0,0.0,0.0,0.0,CURRENT,0.0,0.0,NONE,,AUTO_ACCEPT,0.0
LN103031,2025-12,0.0,0.0,0.0,0.0,CURRENT,0.0,0.0,NONE,,AUTO_ACCEPT,0.0
LN101960,2025-12,0.0,0.0,0.0,0.0,CURRENT,0.0,0.0,NONE,,AUTO_ACCEPT,0.0
LN105140,2025-12,0.0,0.0,0.0,0.0,CURRENT,0.0,0.0,NONE,,AUTO_ACCEPT,0.0
LN106542,2025-12,0.0,0.0,0.0,0.0,CURRENT,0.0,0.0,NONE,,AUTO_ACCEPT,0.0
LN106543,2025-12,0.0,0.0,0.0,0.0,CURRENT,0.0,0.0,NONE,,AUTO_ACCEPT,0.0
LN101957,2025-12,0.0,0.0,0.0,0.0,CURRENT,0.0,0.0,NONE,,AUTO_ACCEPT,0.0
LN103032,2025-12,0.0,0.0,0.0,0.0,CURRENT,0.0,0.0,NONE,,AUTO_ACCEPT,0.0
LN106545,2025-12,0.0,0.0,0.0,0.0,CURRENT,0.0,0.0,NONE,,AUTO_ACCEPT,0.0
LN105139,2025-12,0.0,0.0,0.0,0.0,CURRENT,0.0,0.0,NONE,,AUTO_ACCEPT,0.0
LN101955,2025-12,0.0,0.0,0.0,0.0,CURRENT,0.0,0.0,NONE,,AUTO_ACCEPT,0.0
LN106546,2025-12,0.0,0.0,0.0,0.0,CURRENT,0.0,0.0,NONE,,AUTO_ACCEPT,0.0
LN105135,2025-12,0.0,0.0,0.0,0.0,CURRENT,0.0,0.0,NONE,,AUTO_ACCEPT,0.0
LN101962,2025-12,0.0,0.0,0.0,0.0,CURRENT,0.0,0.0,NONE,,AUTO_ACCEPT,0.0
LN101947,2025-12,0.0,0.0,0.0,0.0,CURRENT,0.0,0.0,NONE,,AUTO_ACCEPT,0.0
LN106556,2025-12,0.0,0.0,0.0,0.0,CURRENT,0.0,0.0,NONE,,AUTO_ACCEPT,0.0
LN106566,2025-12,0.0,0.0,0.0,0.0,CURRENT,0.0,0.0,NONE,,AUTO_ACCEPT,0.0
LN101938,2025-12,0.0,0.0,0.0,0.0,CURRENT,0.0,0.0,NONE,,AUTO_ACCEPT,0.0
LN105129,2025-12,0.0,0.0,0.0,0.0,CURRENT,0.0,0.0,NONE,,AUTO_ACCEPT,0.0
LN106567,2025-12,0.0,0.0,0.0,0.0,CURRENT,0.0,0.0,NONE,,AUTO_ACCEPT,0.0
LN101937,2025-12,0.0,0.0,0.0,0.0,CURRENT,0.0,0.0,NONE,,AUTO_ACCEPT,0.0
LN103041,2025-12,0.0,0.0,0.0,0.0,CURRENT,0.0,0.0,NONE,,AUTO_ACCEPT,0.0
LN106565,2025-12,0.0,0.0,0.0,0.0,CURRENT,0.0,0.0,NONE,,AUTO_ACCEPT,0.0
LN106568,2025-12,0.0,0.0,0.0,0.0,CURRENT,0.0,0.0,NONE,,AUTO_ACCEPT,0.0
LN101936,2025-12,0.0,0.0,0.0,0.0,CURRENT,0.0,0.0,NONE,,AUTO_ACCEPT,0.0
LN106571,2025-12,0.0,0.0,0.0,0.0,CURRENT,0.0,0.0,NONE,,AUTO_ACCEPT,0.0
LN101933,2025-12,0.0,0.0,0.0,0.0,CURRENT,0.0,0.0,NONE,,AUTO_ACCEPT,0.0
LN103042,2025-12,0.0,0.0,0.0,0.0,CURRENT,0.0,0.0,NONE,,AUTO_ACCEPT,0.0
LN106572,2025-12,0.0,0.0,0.0,0.0,CURRENT,0.0,0.0,NONE,,AUTO_ACCEPT,0.0
LN105126,2025-12,0.0,0.0,0.0,0.0,CURRENT,0.0,0.0,NONE,,AUTO_ACCEPT,0.0
LN105128,2025-12,0.0,0.0,0.0,0.0,CURRENT,0.0,0.0,NONE,,AUTO_ACCEPT,0.0
LN101939,2025-12,0.0,0.0,0.0,0.0,CURRENT,0.0,0.0,NONE,,AUTO_ACCEPT,0.0
LN105130,2025-12,0.0,0.0,0.0,0.0,CURRENT,0.0,0.0,NONE,,AUTO_ACCEPT,0.0
LN103039,2025-12,0.0,0.0,0.0,0.0,CURRENT,0.0,0.0,NONE,,AUTO_ACCEPT,0.0
LN101946,2025-12,0.0,0.0,0.0,0.0,CURRENT,0.0,0.0,NONE,,AUTO_ACCEPT,0.0
LN105134,2025-12,0.0,0.0,0.0,0.0,CURRENT,0.0,0.0,NONE,,AUTO_ACCEPT,0.0
LN106558,2025-12,0.0,0.0,0.0,0.0,CURRENT,0.0,0.0,NONE,,AUTO_ACCEPT,0.0
LN101945,2025-12,0.0,0.0,0.0,0.0,CURRENT,0.0,0.0,NONE,,AUTO_ACCEPT,0.0
LN103037,2025-12,0.0,0.0,0.0,0.0,CURRENT,0.0,0.0,NONE,,AUTO_ACCEPT,0.0
LN106560,2025-12,0.0,0.0,0.0,0.0,CURRENT,0.0,0.0,NONE,,AUTO_ACCEPT,0.0
LN101943,2025-12,0.0,0.0,0.0,0.0,CURRENT,0.0,0.0,NONE,,AUTO_ACCEPT,0.0
LN106561,2025-12,0.0,0.0,0.0,0.0,CURRENT,0.0,0.0,NONE,,AUTO_ACCEPT,0.0
LN103038,2025-12,0.0,0.0,0.0,0.0,CURRENT,0.0,0.0,NONE,,AUTO_ACCEPT,0.0
LN105131,2025-12,0.0,0.0,0.0,0.0,CURRENT,0.0,0.0,NONE,,AUTO_ACCEPT,0.0
LN106562,2025-12,0.0,0.0,0.0,0.0,CURRENT,0.0,0.0,NONE,,AUTO_ACCEPT,0.0
LN101942,2025-12,0.0,0.0,0.0,0.0,CURRENT,0.0,0.0,NONE,,AUTO_ACCEPT,0.0
LN106563,2025-12,0.0,0.0,0.0,0.0,CURRENT,0.0,0.0,NONE,,AUTO_ACCEPT,0.0
LN101940,2025-12,0.0,0.0,0.0,0.0,CURRENT,0.0,0.0,NONE,,AUTO_ACCEPT,0.0
LN106564,2025-12,0.0,0.0,0.0,0.0,CURRENT,0.0,0.0,NONE,,AUTO_ACCEPT,0.0
LN106555,2025-12,0.0,0.0,0.0,0.0,CURRENT,0.0,0.0,NONE,,AUTO_ACCEPT,0.0
LN106573,2025-12,0.0,0.0,0.0,0.0,CURRENT,0.0,0.0,NONE,,AUTO_ACCEPT,0.0
LN106539,2025-12,0.0,0.0,0.0,0.0,CURRENT,0.0,0.0,NONE,,AUTO_ACCEPT,0.0
LN106538,2025-12,0.0,0.0,0.0,0.0,CURRENT,0.0,0.0,NONE,,AUTO_ACCEPT,0.0
LN101982,2025-12,0.0,0.0,0.0,0.0,CURRENT,0.0,0.0,NONE,,AUTO_ACCEPT,0.0
LN106514,2025-12,0.0,0.0,0.0,0.0,CURRENT,0.0,0.0,NONE,,AUTO_ACCEPT,0.0
LN101981,2025-12,0.0,0.0,0.0,0.0,CURRENT,0.0,0.0,NONE,,AUTO_ACCEPT,0.0
LN105154,2025-12,0.0,0.0,0.0,0.0,CURRENT,0.0,0.0,NONE,,AUTO_ACCEPT,0.0
LN106516,2025-12,0.0,0.0,0.0,0.0,CURRENT,0.0,0.0,NONE,,AUTO_ACCEPT,0.0
LN101980,2025-12,0.0,0.0,0.0,0.0,CURRENT,0.0,0.0,NONE,,AUTO_ACCEPT,0.0
LN106512,2025-12,0.0,0.0,0.0,0.0,CURRENT,0.0,0.0,NONE,,AUTO_ACCEPT,0.0
LN103021,2025-12,0.0,0.0,0.0,0.0,CURRENT,0.0,0.0,NONE,,AUTO_ACCEPT,0.0
LN105153,2025-12,0.0,0.0,0.0,0.0,CURRENT,0.0,0.0,NONE,,AUTO_ACCEPT,0.0
LN106518,2025-12,0.0,0.0,0.0,0.0,CURRENT,0.0,0.0,NONE,,AUTO_ACCEPT,0.0
LN101977,2025-12,0.0,0.0,0.0,0.0,CURRENT,0.0,0.0,NONE,,AUTO_ACCEPT,0.0
LN106519,2025-12,0.0,0.0,0.0,0.0,CURRENT,0.0,0.0,NONE,,AUTO_ACCEPT,0.0
LN103022,2025-12,0.0,0.0,0.0,0.0,CURRENT,0.0,0.0,NONE,,AUTO_ACCEPT,0.0
LN101976,2025-12,0.0,0.0,0.0,0.0,CURRENT,0.0,0.0,NONE,,AUTO_ACCEPT,0.0
LN106517,2025-12,0.0,0.0,0.0,0.0,CURRENT,0.0,0.0,NONE,,AUTO_ACCEPT,0.0
LN105155,2025-12,0.0,0.0,0.0,0.0,CURRENT,0.0,0.0,NONE,,AUTO_ACCEPT,0.0
LN103019,2025-12,0.0,0.0,0.0,0.0,CURRENT,0.0,0.0,NONE,,AUTO_ACCEPT,0.0
LN106511,2025-12,0.0,0.0,0.0,0.0,CURRENT,0.0,0.0,NONE,,AUTO_ACCEPT,0.0
LN105158,2025-12,0.0,0.0,0.0,0.0,CURRENT,0.0,0.0,NONE,,AUTO_ACCEPT,0.0
LN101989,2025-12,0.0,0.0,0.0,0.0,CURRENT,0.0,0.0,NONE,,AUTO_ACCEPT,0.0
LN106504,2025-12,0.0,0.0,0.0,0.0,CURRENT,0.0,0.0,NONE,,AUTO_ACCEPT,0.0
LN103017,2025-12,0.0,0.0,0.0,0.0,CURRENT,0.0,0.0,NONE,,AUTO_ACCEPT,0.0
LN101988,2025-12,0.0,0.0,0.0,0.0,CURRENT,0.0,0.0,NONE,,AUTO_ACCEPT,0.0
LN106506,2025-12,0.0,0.0,0.0,0.0,CURRENT,0.0,0.0,NONE,,AUTO_ACCEPT,0.0
LN105157,2025-12,0.0,0.0,0.0,0.0,CURRENT,0.0,0.0,NONE,,AUTO_ACCEPT,0.0
LN106508,2025-12,0.0,0.0,0.0,0.0,CURRENT,0.0,0.0,NONE,,AUTO_ACCEPT,0.0
LN101986,2025-12,0.0,0.0,0.0,0.0,CURRENT,0.0,0.0,NONE,,AUTO_ACCEPT,0.0
LN103018,2025-12,0.0,0.0,0.0,0.0,CURRENT,0.0,0.0,NONE,,AUTO_ACCEPT,0.0
LN106509,2025-12,0.0,0.0,0.0,0.0,CURRENT,0.0,0.0,NONE,,AUTO_ACCEPT,0.0
LN105156,2025-12,0.0,0.0,0.0,0.0,CURRENT,0.0,0.0,NONE,,AUTO_ACCEPT,0.0
LN101985,2025-12,0.0,0.0,0.0,0.0,CURRENT,0.0,0.0,NONE,,AUTO_ACCEPT,0.0
LN106510,2025-12,0.0,0.0,0.0,0.0,CURRENT,0.0,0.0,NONE,,AUTO_ACCEPT,0.0
LN101983,2025-12,0.0,0.0,0.0,0.0,CURRENT,0.0,0.0,NONE,,AUTO_ACCEPT,0.0
LN105152,2025-12,0.0,0.0,0.0,0.0,CURRENT,0.0,0.0,NONE,,AUTO_ACCEPT,0.0
LN103030,2025-12,0.0,0.0,0.0,0.0,CURRENT,0.0,0.0,NONE,,AUTO_ACCEPT,0.0
LN106520,2025-12,0.0,0.0,0.0,0.0,CURRENT,0.0,0.0,NONE,,AUTO_ACCEPT,0.0
LN101973,2025-12,0.0,0.0,0.0,0.0,CURRENT,0.0,0.0,NONE,,AUTO_ACCEPT,0.0
LN106533,2025-12,0.0,0.0,0.0,0.0,CURRENT,0.0,0.0,NONE,,AUTO_ACCEPT,0.0
LN103028,2025-12,0.0,0.0,0.0,0.0,CURRENT,0.0,0.0,NONE,,AUTO_ACCEPT,0.0
LN105145,2025-12,0.0,0.0,0.0,0.0,CURRENT,0.0,0.0,NONE,,AUTO_ACCEPT,0.0
LN101966,2025-12,0.0,0.0,0.0,0.0,CURRENT,0.0,0.0,NONE,,AUTO_ACCEPT,0.0
LN106534,2025-12,0.0,0.0,0.0,0.0,CURRENT,0.0,0.0,NONE,,AUTO_ACCEPT,0.0
LN106535,2025-12,0.0,0.0,0.0,0.0,CURRENT,0.0,0.0,NONE,,AUTO_ACCEPT,0.0
LN101967,2025-12,0.0,0.0,0.0,0.0,CURRENT,0.0,0.0,NONE,,AUTO_ACCEPT,0.0
LN101965,2025-12,0.0,0.0,0.0,0.0,CURRENT,0.0,0.0,NONE,,AUTO_ACCEPT,0.0
LN105144,2025-12,0.0,0.0,0.0,0.0,CURRENT,0.0,0.0,NONE,,AUTO_ACCEPT,0.0
LN106536,2025-12,0.0,0.0,0.0,0.0,CURRENT,0.0,0.0,NONE,,AUTO_ACCEPT,0.0
LN101964,2025-12,0.0,0.0,0.0,0.0,CURRENT,0.0,0.0,NONE,,AUTO_ACCEPT,0.0
LN106537,2025-12,0.0,0.0,0.0,0.0,CURRENT,0.0,0.0,NONE,,AUTO_ACCEPT,0.0
LN101963,2025-12,0.0,0.0,0.0,0.0,CURRENT,0.0,0.0,NONE,,AUTO_ACCEPT,0.0
LN105142,2025-12,0.0,0.0,0.0,0.0,CURRENT,0.0,0.0,NONE,,AUTO_ACCEPT,0.0
LN103029,2025-12,0.0,0.0,0.0,0.0,CURRENT,0.0,0.0,NONE,,AUTO_ACCEPT,0.0
LN106532,2025-12,0.0,0.0,0.0,0.0,CURRENT,0.0,0.0,NONE,,AUTO_ACCEPT,0.0
LN105146,2025-12,0.0,0.0,0.0,0.0,CURRENT,0.0,0.0,NONE,,AUTO_ACCEPT,0.0
LN101968,2025-12,0.0,0.0,0.0,0.0,CURRENT,0.0,0.0,NONE,,AUTO_ACCEPT,0.0
LN105151,2025-12,0.0,0.0,0.0,0.0,CURRENT,0.0,0.0,NONE,,AUTO_ACCEPT,0.0
LN106522,2025-12,0.0,0.0,0.0,0.0,CURRENT,0.0,0.0,NONE,,AUTO_ACCEPT,0.0
LN101972,2025-12,0.0,0.0,0.0,0.0,CURRENT,0.0,0.0,NONE,,AUTO_ACCEPT,0.0
LN106523,2025-12,0.0,0.0,0.0,0.0,CURRENT,0.0,0.0,NONE,,AUTO_ACCEPT,0.0
LN103025,2025-12,0.0,0.0,0.0,0.0,CURRENT,0.0,0.0,NONE,,AUTO_ACCEPT,0.0
LN101971,2025-12,0.0,0.0,0.0,0.0,CURRENT,0.0,0.0,NONE,,AUTO_ACCEPT,0.0
LN105148,2025-12,0.0,0.0,0.0,0.0,CURRENT,0.0,0.0,NONE,,AUTO_ACCEPT,0.0
LN106524,2025-12,0.0,0.0,0.0,0.0,CURRENT,0.0,0.0,NONE,,AUTO_ACCEPT,0.0
LN106527,2025-12,0.0,0.0,0.0,0.0,CURRENT,0.0,0.0,NONE,,AUTO_ACCEPT,0.0
LN101970,2025-12,0.0,0.0,0.0,0.0,CURRENT,0.0,0.0,NONE,,AUTO_ACCEPT,0.0
LN105147,2025-12,0.0,0.0,0.0,0.0,CURRENT,0.0,0.0,NONE,,AUTO_ACCEPT,0.0
LN101969,2025-12,0.0,0.0,0.0,0.0,CURRENT,0.0,0.0,NONE,,AUTO_ACCEPT,0.0
LN106529,2025-12,0.0,0.0,0.0,0.0,CURRENT,0.0,0.0,NONE,,AUTO_ACCEPT,0.0
LN103027,2025-12,0.0,0.0,0.0,0.0,CURRENT,0.0,0.0,NONE,,AUTO_ACCEPT,0.0
LN106530,2025-12,0.0,0.0,0.0,0.0,CURRENT,0.0,0.0,NONE,,AUTO_ACCEPT,0.0
LN106521,2025-12,0.0,0.0,0.0,0.0,CURRENT,0.0,0.0,NONE,,AUTO_ACCEPT,0.0
LN101931,2025-12,0.0,0.0,0.0,0.0,CURRENT,0.0,0.0,NONE,,AUTO_ACCEPT,0.0
LN106574,2025-12,0.0,0.0,0.0,0.0,CURRENT,0.0,0.0,NONE,,AUTO_ACCEPT,0.0
LN103043,2025-12,0.0,0.0,0.0,0.0,CURRENT,0.0,0.0,NONE,,AUTO_ACCEPT,0.0
LN103061,2025-12,0.0,0.0,0.0,0.0,CURRENT,0.0,0.0,NONE,,AUTO_ACCEPT,0.0
LN106621,2025-12,0.0,0.0,0.0,0.0,CURRENT,0.0,0.0,NONE,,AUTO_ACCEPT,0.0
LN101888,2025-12,0.0,0.0,0.0,0.0,CURRENT,0.0,0.0,NONE,,AUTO_ACCEPT,0.0
LN106622,2025-12,0.0,0.0,0.0,0.0,CURRENT,0.0,0.0,NONE,,AUTO_ACCEPT,0.0
LN101886,2025-12,0.0,0.0,0.0,0.0,CURRENT,0.0,0.0,NONE,,AUTO_ACCEPT,0.0
LN105099,2025-12,0.0,0.0,0.0,0.0,CURRENT,0.0,0.0,NONE,,AUTO_ACCEPT,0.0
LN101891,2025-12,0.0,0.0,0.0,0.0,CURRENT,0.0,0.0,NONE,,AUTO_ACCEPT,0.0
LN106623,2025-12,0.0,0.0,0.0,0.0,CURRENT,0.0,0.0,NONE,,AUTO_ACCEPT,0.0
LN103063,2025-12,0.0,0.0,0.0,0.0,CURRENT,0.0,0.0,NONE,,AUTO_ACCEPT,0.0
LN106626,2025-12,0.0,0.0,0.0,0.0,CURRENT,0.0,0.0,NONE,,AUTO_ACCEPT,0.0
LN105098,2025-12,0.0,0.0,0.0,0.0,CURRENT,0.0,0.0,NONE,,AUTO_ACCEPT,0.0
LN106627,2025-12,0.0,0.0,0.0,0.0,CURRENT,0.0,0.0,NONE,,AUTO_ACCEPT,0.0
LN101883,2025-12,0.0,0.0,0.0,0.0,CURRENT,0.0,0.0,NONE,,AUTO_ACCEPT,0.0
LN106629,2025-12,0.0,0.0,0.0,0.0,CURRENT,0.0,0.0,NONE,,AUTO_ACCEPT,0.0
LN101885,2025-12,0.0,0.0,0.0,0.0,CURRENT,0.0,0.0,NONE,,AUTO_ACCEPT,0.0
LN105101,2025-12,0.0,0.0,0.0,0.0,CURRENT,0.0,0.0,NONE,,AUTO_ACCEPT,0.0
LN106618,2025-12,0.0,0.0,0.0,0.0,CURRENT,0.0,0.0,NONE,,AUTO_ACCEPT,0.0
LN103060,2025-12,0.0,0.0,0.0,0.0,CURRENT,0.0,0.0,NONE,,AUTO_ACCEPT,0.0
LN103058,2025-12,0.0,0.0,0.0,0.0,CURRENT,0.0,0.0,NONE,,AUTO_ACCEPT,0.0
LN105105,2025-12,0.0,0.0,0.0,0.0,CURRENT,0.0,0.0,NONE,,AUTO_ACCEPT,0.0
LN106611,2025-12,0.0,0.0,0.0,0.0,CURRENT,0.0,0.0,NONE,,AUTO_ACCEPT,0.0
LN101897,2025-12,0.0,0.0,0.0,0.0,CURRENT,0.0,0.0,NONE,,AUTO_ACCEPT,0.0
LN101896,2025-12,0.0,0.0,0.0,0.0,CURRENT,0.0,0.0,NONE,,AUTO_ACCEPT,0.0
LN106613,2025-12,0.0,0.0,0.0,0.0,CURRENT,0.0,0.0,NONE,,AUTO_ACCEPT,0.0
LN105103,2025-12,0.0,0.0,0.0,0.0,CURRENT,0.0,0.0,NONE,,AUTO_ACCEPT,0.0
LN101895,2025-12,0.0,0.0,0.0,0.0,CURRENT,0.0,0.0,NONE,,AUTO_ACCEPT,0.0
LN106614,2025-12,0.0,0.0,0.0,0.0,CURRENT,0.0,0.0,NONE,,AUTO_ACCEPT,0.0
LN103059,2025-12,0.0,0.0,0.0,0.0,CURRENT,0.0,0.0,NONE,,AUTO_ACCEPT,0.0
LN105102,2025-12,0.0,0.0,0.0,0.0,CURRENT,0.0,0.0,NONE,,AUTO_ACCEPT,0.0
LN106615,2025-12,0.0,0.0,0.0,0.0,CURRENT,0.0,0.0,NONE,,AUTO_ACCEPT,0.0
LN101893,2025-12,0.0,0.0,0.0,0.0,CURRENT,0.0,0.0,NONE,,AUTO_ACCEPT,0.0
LN106616,2025-12,0.0,0.0,0.0,0.0,CURRENT,0.0,0.0,NONE,,AUTO_ACCEPT,0.0
LN101892,2025-12,0.0,0.0,0.0,0.0,CURRENT,0.0,0.0,NONE,,AUTO_ACCEPT,0.0
LN103064,2025-12,0.0,0.0,0.0,0.0,CURRENT,0.0,0.0,NONE,,AUTO_ACCEPT,0.0
LN106610,2025-12,0.0,0.0,0.0,0.0,CURRENT,0.0,0.0,NONE,,AUTO_ACCEPT,0.0
LN101882,2025-12,0.0,0.0,0.0,0.0,CURRENT,0.0,0.0,NONE,,AUTO_ACCEPT,0.0
LN101881,2025-12,0.0,0.0,0.0,0.0,CURRENT,0.0,0.0,NONE,,AUTO_ACCEPT,0.0
LN101875,2025-12,0.0,0.0,0.0,0.0,CURRENT,0.0,0.0,NONE,,AUTO_ACCEPT,0.0
LN106640,2025-12,0.0,0.0,0.0,0.0,CURRENT,0.0,0.0,NONE,,AUTO_ACCEPT,0.0
LN103069,2025-12,0.0,0.0,0.0,0.0,CURRENT,0.0,0.0,NONE,,AUTO_ACCEPT,0.0
LN106641,2025-12,0.0,0.0,0.0,0.0,CURRENT,0.0,0.0,NONE,,AUTO_ACCEPT,0.0
LN101873,2025-12,0.0,0.0,0.0,0.0,CURRENT,0.0,0.0,NONE,,AUTO_ACCEPT,0.0
LN105091,2025-12,0.0,0.0,0.0,0.0,CURRENT,0.0,0.0,NONE,,AUTO_ACCEPT,0.0
LN105092,2025-12,0.0,0.0,0.0,0.0,CURRENT,0.0,0.0,NONE,,AUTO_ACCEPT,0.0
LN106642,2025-12,0.0,0.0,0.0,0.0,CURRENT,0.0,0.0,NONE,,AUTO_ACCEPT,0.0
LN106643,2025-12,0.0,0.0,0.0,0.0,CURRENT,0.0,0.0,NONE,,AUTO_ACCEPT,0.0
LN105090,2025-12,0.0,0.0,0.0,0.0,CURRENT,0.0,0.0,NONE,,AUTO_ACCEPT,0.0
LN101871,2025-12,0.0,0.0,0.0,0.0,CURRENT,0.0,0.0,NONE,,AUTO_ACCEPT,0.0
LN106644,2025-12,0.0,0.0,0.0,0.0,CURRENT,0.0,0.0,NONE,,AUTO_ACCEPT,0.0
LN103071,2025-12,0.0,0.0,0.0,0.0,CURRENT,0.0,0.0,NONE,,AUTO_ACCEPT,0.0
LN106645,2025-12,0.0,0.0,0.0,0.0,CURRENT,0.0,0.0,NONE,,AUTO_ACCEPT,0.0
LN101872,2025-12,0.0,0.0,0.0,0.0,CURRENT,0.0,0.0,NONE,,AUTO_ACCEPT,0.0
LN106639,2025-12,0.0,0.0,0.0,0.0,CURRENT,0.0,0.0,NONE,,AUTO_ACCEPT,0.0
LN103068,2025-12,0.0,0.0,0.0,0.0,CURRENT,0.0,0.0,NONE,,AUTO_ACCEPT,0.0
LN101876,2025-12,0.0,0.0,0.0,0.0,CURRENT,0.0,0.0,NONE,,AUTO_ACCEPT,0.0
LN106631,2025-12,0.0,0.0,0.0,0.0,CURRENT,0.0,0.0,NONE,,AUTO_ACCEPT,0.0
LN103066,2025-12,0.0,0.0,0.0,0.0,CURRENT,0.0,0.0,NONE,,AUTO_ACCEPT,0.0
LN105095,2025-12,0.0,0.0,0.0,0.0,CURRENT,0.0,0.0,NONE,,AUTO_ACCEPT,0.0
LN106633,2025-12,0.0,0.0,0.0,0.0,CURRENT,0.0,0.0,NONE,,AUTO_ACCEPT,0.0
LN101880,2025-12,0.0,0.0,0.0,0.0,CURRENT,0.0,0.0,NONE,,AUTO_ACCEPT,0.0
LN101879,2025-12,0.0,0.0,0.0,0.0,CURRENT,0.0,0.0,NONE,,AUTO_ACCEPT,0.0
LN106635,2025-12,0.0,0.0,0.0,0.0,CURRENT,0.0,0.0,NONE,,AUTO_ACCEPT,0.0
LN105094,2025-12,0.0,0.0,0.0,0.0,CURRENT,0.0,0.0,NONE,,AUTO_ACCEPT,0.0
LN101878,2025-12,0.0,0.0,0.0,0.0,CURRENT,0.0,0.0,NONE,,AUTO_ACCEPT,0.0
LN106636,2025-12,0.0,0.0,0.0,0.0,CURRENT,0.0,0.0,NONE,,AUTO_ACCEPT,0.0
LN103067,2025-12,0.0,0.0,0.0,0.0,CURRENT,0.0,0.0,NONE,,AUTO_ACCEPT,0.0
LN105093,2025-12,0.0,0.0,0.0,0.0,CURRENT,0.0,0.0,NONE,,AUTO_ACCEPT,0.0
LN106637,2025-12,0.0,0.0,0.0,0.0,CURRENT,0.0,0.0,NONE,,AUTO_ACCEPT,0.0
LN101877,2025-12,0.0,0.0,0.0,0.0,CURRENT,0.0,0.0,NONE,,AUTO_ACCEPT,0.0
LN106638,2025-12,0.0,0.0,0.0,0.0,CURRENT,0.0,0.0,NONE,,AUTO_ACCEPT,0.0
LN105096,2025-12,0.0,0.0,0.0,0.0,CURRENT,0.0,0.0,NONE,,AUTO_ACCEPT,0.0
LN101899,2025-12,0.0,0.0,0.0,0.0,CURRENT,0.0,0.0,NONE,,AUTO_ACCEPT,0.0
LN106609,2025-12,0.0,0.0,0.0,0.0,CURRENT,0.0,0.0,NONE,,AUTO_ACCEPT,0.0
LN105106,2025-12,0.0,0.0,0.0,0.0,CURRENT,0.0,0.0,NONE,,AUTO_ACCEPT,0.0
LN105119,2025-12,0.0,0.0,0.0,0.0,CURRENT,0.0,0.0,NONE,,AUTO_ACCEPT,0.0
LN101920,2025-12,0.0,0.0,0.0,0.0,CURRENT,0.0,0.0,NONE,,AUTO_ACCEPT,0.0
LN106584,2025-12,0.0,0.0,0.0,0.0,CURRENT,0.0,0.0,NONE,,AUTO_ACCEPT,0.0
LN101918,2025-12,0.0,0.0,0.0,0.0,CURRENT,0.0,0.0,NONE,,AUTO_ACCEPT,0.0
LN105118,2025-12,0.0,0.0,0.0,0.0,CURRENT,0.0,0.0,NONE,,AUTO_ACCEPT,0.0
LN106585,2025-12,0.0,0.0,0.0,0.0,CURRENT,0.0,0.0,NONE,,AUTO_ACCEPT,0.0
LN103047,2025-12,0.0,0.0,0.0,0.0,CURRENT,0.0,0.0,NONE,,AUTO_ACCEPT,0.0
LN103049,2025-12,0.0,0.0,0.0,0.0,CURRENT,0.0,0.0,NONE,,AUTO_ACCEPT,0.0
LN101917,2025-12,0.0,0.0,0.0,0.0,CURRENT,0.0,0.0,NONE,,AUTO_ACCEPT,0.0
LN105117,2025-12,0.0,0.0,0.0,0.0,CURRENT,0.0,0.0,NONE,,AUTO_ACCEPT,0.0
LN106587,2025-12,0.0,0.0,0.0,0.0,CURRENT,0.0,0.0,NONE,,AUTO_ACCEPT,0.0
LN101915,2025-12,0.0,0.0,0.0,0.0,CURRENT,0.0,0.0,NONE,,AUTO_ACCEPT,0.0
LN106588,2025-12,0.0,0.0,0.0,0.0,CURRENT,0.0,0.0,NONE,,AUTO_ACCEPT,0.0
LN103050,2025-12,0.0,0.0,0.0,0.0,CURRENT,0.0,0.0,NONE,,AUTO_ACCEPT,0.0
LN106586,2025-12,0.0,0.0,0.0,0.0,CURRENT,0.0,0.0,NONE,,AUTO_ACCEPT,0.0
LN101922,2025-12,0.0,0.0,0.0,0.0,CURRENT,0.0,0.0,NONE,,AUTO_ACCEPT,0.0
LN106582,2025-12,0.0,0.0,0.0,0.0,CURRENT,0.0,0.0,NONE,,AUTO_ACCEPT,0.0
LN106581,2025-12,0.0,0.0,0.0,0.0,CURRENT,0.0,0.0,NONE,,AUTO_ACCEPT,0.0
LN101930,2025-12,0.0,0.0,0.0,0.0,CURRENT,0.0,0.0,NONE,,AUTO_ACCEPT,0.0
LN106575,2025-12,0.0,0.0,0.0,0.0,CURRENT,0.0,0.0,NONE,,AUTO_ACCEPT,0.0
LN105123,2025-12,0.0,0.0,0.0,0.0,CURRENT,0.0,0.0,NONE,,AUTO_ACCEPT,0.0
LN101929,2025-12,0.0,0.0,0.0,0.0,CURRENT,0.0,0.0,NONE,,AUTO_ACCEPT,0.0
LN106576,2025-12,0.0,0.0,0.0,0.0,CURRENT,0.0,0.0,NONE,,AUTO_ACCEPT,0.0
LN103044,2025-12,0.0,0.0,0.0,0.0,CURRENT,0.0,0.0,NONE,,AUTO_ACCEPT,0.0
LN106578,2025-12,0.0,0.0,0.0,0.0,CURRENT,0.0,0.0,NONE,,AUTO_ACCEPT,0.0
LN101926,2025-12,0.0,0.0,0.0,0.0,CURRENT,0.0,0.0,NONE,,AUTO_ACCEPT,0.0
LN105122,2025-12,0.0,0.0,0.0,0.0,CURRENT,0.0,0.0,NONE,,AUTO_ACCEPT,0.0
LN106579,2025-12,0.0,0.0,0.0,0.0,CURRENT,0.0,0.0,NONE,,AUTO_ACCEPT,0.0
LN101925,2025-12,0.0,0.0,0.0,0.0,CURRENT,0.0,0.0,NONE,,AUTO_ACCEPT,0.0
LN106580,2025-12,0.0,0.0,0.0,0.0,CURRENT,0.0,0.0,NONE,,AUTO_ACCEPT,0.0
LN103046,2025-12,0.0,0.0,0.0,0.0,CURRENT,0.0,0.0,NONE,,AUTO_ACCEPT,0.0
LN105120,2025-12,0.0,0.0,0.0,0.0,CURRENT,0.0,0.0,NONE,,AUTO_ACCEPT,0.0
LN101923,2025-12,0.0,0.0,0.0,0.0,CURRENT,0.0,0.0,NONE,,AUTO_ACCEPT,0.0
LN101914,2025-12,0.0,0.0,0.0,0.0,CURRENT,0.0,0.0,NONE,,AUTO_ACCEPT,0.0
LN105116,2025-12,0.0,0.0,0.0,0.0,CURRENT,0.0,0.0,NONE,,AUTO_ACCEPT,0.0
LN106590,2025-12,0.0,0.0,0.0,0.0,CURRENT,0.0,0.0,NONE,,AUTO_ACCEPT,0.0
LN106591,2025-12,0.0,0.0,0.0,0.0,CURRENT,0.0,0.0,NONE,,AUTO_ACCEPT,0.0
LN106601,2025-12,0.0,0.0,0.0,0.0,CURRENT,0.0,0.0,NONE,,AUTO_ACCEPT,0.0
LN105109,2025-12,0.0,0.0,0.0,0.0,CURRENT,0.0,0.0,NONE,,AUTO_ACCEPT,0.0
LN101905,2025-12,0.0,0.0,0.0,0.0,CURRENT,0.0,0.0,NONE,,AUTO_ACCEPT,0.0
LN106602,2025-12,0.0,0.0,0.0,0.0,CURRENT,0.0,0.0,NONE,,AUTO_ACCEPT,0.0
LN105108,2025-12,0.0,0.0,0.0,0.0,CURRENT,0.0,0.0,NONE,,AUTO_ACCEPT,0.0
LN106603,2025-12,0.0,0.0,0.0,0.0,CURRENT,0.0,0.0,NONE,,AUTO_ACCEPT,0.0
LN101904,2025-12,0.0,0.0,0.0,0.0,CURRENT,0.0,0.0,NONE,,AUTO_ACCEPT,0.0
LN106604,2025-12,0.0,0.0,0.0,0.0,CURRENT,0.0,0.0,NONE,,AUTO_ACCEPT,0.0
LN103056,2025-12,0.0,0.0,0.0,0.0,CURRENT,0.0,0.0,NONE,,AUTO_ACCEPT,0.0
LN101903,2025-12,0.0,0.0,0.0,0.0,CURRENT,0.0,0.0,NONE,,AUTO_ACCEPT,0.0
LN106606,2025-12,0.0,0.0,0.0,0.0,CURRENT,0.0,0.0,NONE,,AUTO_ACCEPT,0.0
LN105107,2025-12,0.0,0.0,0.0,0.0,CURRENT,0.0,0.0,NONE,,AUTO_ACCEPT,0.0
LN101901,2025-12,0.0,0.0,0.0,0.0,CURRENT,0.0,0.0,NONE,,AUTO_ACCEPT,0.0
LN106607,2025-12,0.0,0.0,0.0,0.0,CURRENT,0.0,0.0,NONE,,AUTO_ACCEPT,0.0
LN103057,2025-12,0.0,0.0,0.0,0.0,CURRENT,0.0,0.0,NONE,,AUTO_ACCEPT,0.0
LN103055,2025-12,0.0,0.0,0.0,0.0,CURRENT,0.0,0.0,NONE,,AUTO_ACCEPT,0.0
LN105088,2025-12,0.0,0.0,0.0,0.0,CURRENT,0.0,0.0,NONE,,AUTO_ACCEPT,0.0
LN101906,2025-12,0.0,0.0,0.0,0.0,CURRENT,0.0,0.0,NONE,,AUTO_ACCEPT,0.0
LN101907,2025-12,0.0,0.0,0.0,0.0,CURRENT,0.0,0.0,NONE,,AUTO_ACCEPT,0.0
LN101913,2025-12,0.0,0.0,0.0,0.0,CURRENT,0.0,0.0,NONE,,AUTO_ACCEPT,0.0
LN105115,2025-12,0.0,0.0,0.0,0.0,CURRENT,0.0,0.0,NONE,,AUTO_ACCEPT,0.0
LN101911,2025-12,0.0,0.0,0.0,0.0,CURRENT,0.0,0.0,NONE,,AUTO_ACCEPT,0.0
LN106593,2025-12,0.0,0.0,0.0,0.0,CURRENT,0.0,0.0,NONE,,AUTO_ACCEPT,0.0
LN101910,2025-12,0.0,0.0,0.0,0.0,CURRENT,0.0,0.0,NONE,,AUTO_ACCEPT,0.0
LN106594,2025-12,0.0,0.0,0.0,0.0,CURRENT,0.0,0.0,NONE,,AUTO_ACCEPT,0.0
LN103052,2025-12,0.0,0.0,0.0,0.0,CURRENT,0.0,0.0,NONE,,AUTO_ACCEPT,0.0
LN105113,2025-12,0.0,0.0,0.0,0.0,CURRENT,0.0,0.0,NONE,,AUTO_ACCEPT,0.0
LN106595,2025-12,0.0,0.0,0.0,0.0,CURRENT,0.0,0.0,NONE,,AUTO_ACCEPT,0.0
LN101909,2025-12,0.0,0.0,0.0,0.0,CURRENT,0.0,0.0,NONE,,AUTO_ACCEPT,0.0
LN106596,2025-12,0.0,0.0,0.0,0.0,CURRENT,0.0,0.0,NONE,,AUTO_ACCEPT,0.0
LN101908,2025-12,0.0,0.0,0.0,0.0,CURRENT,0.0,0.0,NONE,,AUTO_ACCEPT,0.0
LN103054,2025-12,0.0,0.0,0.0,0.0,CURRENT,0.0,0.0,NONE,,AUTO_ACCEPT,0.0
LN105111,2025-12,0.0,0.0,0.0,0.0,CURRENT,0.0,0.0,NONE,,AUTO_ACCEPT,0.0
LN106599,2025-12,0.0,0.0,0.0,0.0,CURRENT,0.0,0.0,NONE,,AUTO_ACCEPT,0.0
LN106600,2025-12,0.0,0.0,0.0,0.0,CURRENT,0.0,0.0,NONE,,AUTO_ACCEPT,0.0
LN102216,2025-12,0.0,0.0,0.0,0.0,CURRENT,0.0,0.0,NONE,,AUTO_ACCEPT,0.0
LN102902,2025-12,0.0,0.0,0.0,0.0,CURRENT,0.0,0.0,NONE,,AUTO_ACCEPT,0.0
LN106192,2025-12,0.0,0.0,0.0,0.0,CURRENT,0.0,0.0,NONE,,AUTO_ACCEPT,0.0
LN102521,2025-12,0.0,0.0,0.0,0.0,CURRENT,0.0,0.0,NONE,,AUTO_ACCEPT,0.0
LN105792,2025-12,0.0,0.0,0.0,0.0,CURRENT,0.0,0.0,NONE,,AUTO_ACCEPT,0.0
LN102749,2025-12,0.0,0.0,0.0,0.0,CURRENT,0.0,0.0,NONE,,AUTO_ACCEPT,0.0
LN105510,2025-12,0.0,0.0,0.0,0.0,CURRENT,0.0,0.0,NONE,,AUTO_ACCEPT,0.0
LN105793,2025-12,0.0,0.0,0.0,0.0,CURRENT,0.0,0.0,NONE,,AUTO_ACCEPT,0.0
LN102520,2025-12,0.0,0.0,0.0,0.0,CURRENT,0.0,0.0,NONE,,AUTO_ACCEPT,0.0
LN105791,2025-12,0.0,0.0,0.0,0.0,CURRENT,0.0,0.0,NONE,,AUTO_ACCEPT,0.0
LN105794,2025-12,0.0,0.0,0.0,0.0,CURRENT,0.0,0.0,NONE,,AUTO_ACCEPT,0.0
LN105795,2025-12,0.0,0.0,0.0,0.0,CURRENT,0.0,0.0,NONE,,AUTO_ACCEPT,0.0
LN105509,2025-12,0.0,0.0,0.0,0.0,CURRENT,0.0,0.0,NONE,,AUTO_ACCEPT,0.0
LN102516,2025-12,0.0,0.0,0.0,0.0,CURRENT,0.0,0.0,NONE,,AUTO_ACCEPT,0.0
LN105796,2025-12,0.0,0.0,0.0,0.0,CURRENT,0.0,0.0,NONE,,AUTO_ACCEPT,0.0
LN102750,2025-12,0.0,0.0,0.0,0.0,CURRENT,0.0,0.0,NONE,,AUTO_ACCEPT,0.0
LN105507,2025-12,0.0,0.0,0.0,0.0,CURRENT,0.0,0.0,NONE,,AUTO_ACCEPT,0.0
LN102519,2025-12,0.0,0.0,0.0,0.0,CURRENT,0.0,0.0,NONE,,AUTO_ACCEPT,0.0
LN105511,2025-12,0.0,0.0,0.0,0.0,CURRENT,0.0,0.0,NONE,,AUTO_ACCEPT,0.0
LN102523,2025-12,0.0,0.0,0.0,0.0,CURRENT,0.0,0.0,NONE,,AUTO_ACCEPT,0.0
LN102748,2025-12,0.0,0.0,0.0,0.0,CURRENT,0.0,0.0,NONE,,AUTO_ACCEPT,0.0
LN105515,2025-12,0.0,0.0,0.0,0.0,CURRENT,0.0,0.0,NONE,,AUTO_ACCEPT,0.0
LN105784,2025-12,0.0,0.0,0.0,0.0,CURRENT,0.0,0.0,NONE,,AUTO_ACCEPT,0.0
LN102746,2025-12,0.0,0.0,0.0,0.0,CURRENT,0.0,0.0,NONE,,AUTO_ACCEPT,0.0
LN105785,2025-12,0.0,0.0,0.0,0.0,CURRENT,0.0,0.0,NONE,,AUTO_ACCEPT,0.0
LN102529,2025-12,0.0,0.0,0.0,0.0,CURRENT,0.0,0.0,NONE,,AUTO_ACCEPT,0.0
LN102528,2025-12,0.0,0.0,0.0,0.0,CURRENT,0.0,0.0,NONE,,AUTO_ACCEPT,0.0
LN105513,2025-12,0.0,0.0,0.0,0.0,CURRENT,0.0,0.0,NONE,,AUTO_ACCEPT,0.0
LN105787,2025-12,0.0,0.0,0.0,0.0,CURRENT,0.0,0.0,NONE,,AUTO_ACCEPT,0.0
LN102527,2025-12,0.0,0.0,0.0,0.0,CURRENT,0.0,0.0,NONE,,AUTO_ACCEPT,0.0
LN102747,2025-12,0.0,0.0,0.0,0.0,CURRENT,0.0,0.0,NONE,,AUTO_ACCEPT,0.0
LN105788,2025-12,0.0,0.0,0.0,0.0,CURRENT,0.0,0.0,NONE,,AUTO_ACCEPT,0.0
LN105512,2025-12,0.0,0.0,0.0,0.0,CURRENT,0.0,0.0,NONE,,AUTO_ACCEPT,0.0
LN105789,2025-12,0.0,0.0,0.0,0.0,CURRENT,0.0,0.0,NONE,,AUTO_ACCEPT,0.0
LN102526,2025-12,0.0,0.0,0.0,0.0,CURRENT,0.0,0.0,NONE,,AUTO_ACCEPT,0.0
LN105790,2025-12,0.0,0.0,0.0,0.0,CURRENT,0.0,0.0,NONE,,AUTO_ACCEPT,0.0
LN105798,2025-12,0.0,0.0,0.0,0.0,CURRENT,0.0,0.0,NONE,,AUTO_ACCEPT,0.0
LN102530,2025-12,0.0,0.0,0.0,0.0,CURRENT,0.0,0.0,NONE,,AUTO_ACCEPT,0.0
LN102515,2025-12,0.0,0.0,0.0,0.0,CURRENT,0.0,0.0,NONE,,AUTO_ACCEPT,0.0
LN102514,2025-12,0.0,0.0,0.0,0.0,CURRENT,0.0,0.0,NONE,,AUTO_ACCEPT,0.0
LN105502,2025-12,0.0,0.0,0.0,0.0,CURRENT,0.0,0.0,NONE,,AUTO_ACCEPT,0.0
LN105808,2025-12,0.0,0.0,0.0,0.0,CURRENT,0.0,0.0,NONE,,AUTO_ACCEPT,0.0
LN102503,2025-12,0.0,0.0,0.0,0.0,CURRENT,0.0,0.0,NONE,,AUTO_ACCEPT,0.0
LN105809,2025-12,0.0,0.0,0.0,0.0,CURRENT,0.0,0.0,NONE,,AUTO_ACCEPT,0.0
LN102502,2025-12,0.0,0.0,0.0,0.0,CURRENT,0.0,0.0,NONE,,AUTO_ACCEPT,0.0
LN102756,2025-12,0.0,0.0,0.0,0.0,CURRENT,0.0,0.0,NONE,,AUTO_ACCEPT,0.0
LN102755,2025-12,0.0,0.0,0.0,0.0,CURRENT,0.0,0.0,NONE,,AUTO_ACCEPT,0.0
LN105810,2025-12,0.0,0.0,0.0,0.0,CURRENT,0.0,0.0,NONE,,AUTO_ACCEPT,0.0
LN102501,2025-12,0.0,0.0,0.0,0.0,CURRENT,0.0,0.0,NONE,,AUTO_ACCEPT,0.0
LN105811,2025-12,0.0,0.0,0.0,0.0,CURRENT,0.0,0.0,NONE,,AUTO_ACCEPT,0.0
LN102757,2025-12,0.0,0.0,0.0,0.0,CURRENT,0.0,0.0,NONE,,AUTO_ACCEPT,0.0
LN105812,2025-12,0.0,0.0,0.0,0.0,CURRENT,0.0,0.0,NONE,,AUTO_ACCEPT,0.0
LN102500,2025-12,0.0,0.0,0.0,0.0,CURRENT,0.0,0.0,NONE,,AUTO_ACCEPT,0.0
LN105499,2025-12,0.0,0.0,0.0,0.0,CURRENT,0.0,0.0,NONE,,AUTO_ACCEPT,0.0
LN105501,2025-12,0.0,0.0,0.0,0.0,CURRENT,0.0,0.0,NONE,,AUTO_ACCEPT,0.0
LN105807,2025-12,0.0,0.0,0.0,0.0,CURRENT,0.0,0.0,NONE,,AUTO_ACCEPT,0.0
LN102506,2025-12,0.0,0.0,0.0,0.0,CURRENT,0.0,0.0,NONE,,AUTO_ACCEPT,0.0
LN105503,2025-12,0.0,0.0,0.0,0.0,CURRENT,0.0,0.0,NONE,,AUTO_ACCEPT,0.0
LN102752,2025-12,0.0,0.0,0.0,0.0,CURRENT,0.0,0.0,NONE,,AUTO_ACCEPT,0.0
LN105506,2025-12,0.0,0.0,0.0,0.0,CURRENT,0.0,0.0,NONE,,AUTO_ACCEPT,0.0
LN102513,2025-12,0.0,0.0,0.0,0.0,CURRENT,0.0,0.0,NONE,,AUTO_ACCEPT,0.0
LN105801,2025-12,0.0,0.0,0.0,0.0,CURRENT,0.0,0.0,NONE,,AUTO_ACCEPT,0.0
LN105505,2025-12,0.0,0.0,0.0,0.0,CURRENT,0.0,0.0,NONE,,AUTO_ACCEPT,0.0
LN105802,2025-12,0.0,0.0,0.0,0.0,CURRENT,0.0,0.0,NONE,,AUTO_ACCEPT,0.0
LN102512,2025-12,0.0,0.0,0.0,0.0,CURRENT,0.0,0.0,NONE,,AUTO_ACCEPT,0.0
LN105803,2025-12,0.0,0.0,0.0,0.0,CURRENT,0.0,0.0,NONE,,AUTO_ACCEPT,0.0
LN102511,2025-12,0.0,0.0,0.0,0.0,CURRENT,0.0,0.0,NONE,,AUTO_ACCEPT,0.0
LN105804,2025-12,0.0,0.0,0.0,0.0,CURRENT,0.0,0.0,NONE,,AUTO_ACCEPT,0.0
LN102754,2025-12,0.0,0.0,0.0,0.0,CURRENT,0.0,0.0,NONE,,AUTO_ACCEPT,0.0
LN105504,2025-12,0.0,0.0,0.0,0.0,CURRENT,0.0,0.0,NONE,,AUTO_ACCEPT,0.0
LN102509,2025-12,0.0,0.0,0.0,0.0,CURRENT,0.0,0.0,NONE,,AUTO_ACCEPT,0.0
LN105805,2025-12,0.0,0.0,0.0,0.0,CURRENT,0.0,0.0,NONE,,AUTO_ACCEPT,0.0
LN105806,2025-12,0.0,0.0,0.0,0.0,CURRENT,0.0,0.0,NONE,,AUTO_ACCEPT,0.0
LN105799,2025-12,0.0,0.0,0.0,0.0,CURRENT,0.0,0.0,NONE,,AUTO_ACCEPT,0.0
LN105813,2025-12,0.0,0.0,0.0,0.0,CURRENT,0.0,0.0,NONE,,AUTO_ACCEPT,0.0
LN105783,2025-12,0.0,0.0,0.0,0.0,CURRENT,0.0,0.0,NONE,,AUTO_ACCEPT,0.0
LN105782,2025-12,0.0,0.0,0.0,0.0,CURRENT,0.0,0.0,NONE,,AUTO_ACCEPT,0.0
LN105751,2025-12,0.0,0.0,0.0,0.0,CURRENT,0.0,0.0,NONE,,AUTO_ACCEPT,0.0
LN102552,2025-12,0.0,0.0,0.0,0.0,CURRENT,0.0,0.0,NONE,,AUTO_ACCEPT,0.0
LN105525,2025-12,0.0,0.0,0.0,0.0,CURRENT,0.0,0.0,NONE,,AUTO_ACCEPT,0.0
LN105753,2025-12,0.0,0.0,0.0,0.0,CURRENT,0.0,0.0,NONE,,AUTO_ACCEPT,0.0
LN102550,2025-12,0.0,0.0,0.0,0.0,CURRENT,0.0,0.0,NONE,,AUTO_ACCEPT,0.0
LN105754,2025-12,0.0,0.0,0.0,0.0,CURRENT,0.0,0.0,NONE,,AUTO_ACCEPT,0.0
LN102738,2025-12,0.0,0.0,0.0,0.0,CURRENT,0.0,0.0,NONE,,AUTO_ACCEPT,0.0
LN102739,2025-12,0.0,0.0,0.0,0.0,CURRENT,0.0,0.0,NONE,,AUTO_ACCEPT,0.0
LN105524,2025-12,0.0,0.0,0.0,0.0,CURRENT,0.0,0.0,NONE,,AUTO_ACCEPT,0.0
LN105755,2025-12,0.0,0.0,0.0,0.0,CURRENT,0.0,0.0,NONE,,AUTO_ACCEPT,0.0
LN105756,2025-12,0.0,0.0,0.0,0.0,CURRENT,0.0,0.0,NONE,,AUTO_ACCEPT,0.0
LN102545,2025-12,0.0,0.0,0.0,0.0,CURRENT,0.0,0.0,NONE,,AUTO_ACCEPT,0.0
LN105523,2025-12,0.0,0.0,0.0,0.0,CURRENT,0.0,0.0,NONE,,AUTO_ACCEPT,0.0
LN105757,2025-12,0.0,0.0,0.0,0.0,CURRENT,0.0,0.0,NONE,,AUTO_ACCEPT,0.0
LN102547,2025-12,0.0,0.0,0.0,0.0,CURRENT,0.0,0.0,NONE,,AUTO_ACCEPT,0.0
LN105750,2025-12,0.0,0.0,0.0,0.0,CURRENT,0.0,0.0,NONE,,AUTO_ACCEPT,0.0
LN102554,2025-12,0.0,0.0,0.0,0.0,CURRENT,0.0,0.0,NONE,,AUTO_ACCEPT,0.0
LN105526,2025-12,0.0,0.0,0.0,0.0,CURRENT,0.0,0.0,NONE,,AUTO_ACCEPT,0.0
LN102560,2025-12,0.0,0.0,0.0,0.0,CURRENT,0.0,0.0,NONE,,AUTO_ACCEPT,0.0
LN105743,2025-12,0.0,0.0,0.0,0.0,CURRENT,0.0,0.0,NONE,,AUTO_ACCEPT,0.0
LN102559,2025-12,0.0,0.0,0.0,0.0,CURRENT,0.0,0.0,NONE,,AUTO_ACCEPT,0.0
LN105745,2025-12,0.0,0.0,0.0,0.0,CURRENT,0.0,0.0,NONE,,AUTO_ACCEPT,0.0
LN102736,2025-12,0.0,0.0,0.0,0.0,CURRENT,0.0,0.0,NONE,,AUTO_ACCEPT,0.0
LN105528,2025-12,0.0,0.0,0.0,0.0,CURRENT,0.0,0.0,NONE,,AUTO_ACCEPT,0.0
LN102558,2025-12,0.0,0.0,0.0,0.0,CURRENT,0.0,0.0,NONE,,AUTO_ACCEPT,0.0
LN105746,2025-12,0.0,0.0,0.0,0.0,CURRENT,0.0,0.0,NONE,,AUTO_ACCEPT,0.0
LN105747,2025-12,0.0,0.0,0.0,0.0,CURRENT,0.0,0.0,NONE,,AUTO_ACCEPT,0.0
LN102557,2025-12,0.0,0.0,0.0,0.0,CURRENT,0.0,0.0,NONE,,AUTO_ACCEPT,0.0
LN105527,2025-12,0.0,0.0,0.0,0.0,CURRENT,0.0,0.0,NONE,,AUTO_ACCEPT,0.0
LN105748,2025-12,0.0,0.0,0.0,0.0,CURRENT,0.0,0.0,NONE,,AUTO_ACCEPT,0.0
LN102556,2025-12,0.0,0.0,0.0,0.0,CURRENT,0.0,0.0,NONE,,AUTO_ACCEPT,0.0
LN102737,2025-12,0.0,0.0,0.0,0.0,CURRENT,0.0,0.0,NONE,,AUTO_ACCEPT,0.0
LN105749,2025-12,0.0,0.0,0.0,0.0,CURRENT,0.0,0.0,NONE,,AUTO_ACCEPT,0.0
LN102544,2025-12,0.0,0.0,0.0,0.0,CURRENT,0.0,0.0,NONE,,AUTO_ACCEPT,0.0
LN102532,2025-12,0.0,0.0,0.0,0.0,CURRENT,0.0,0.0,NONE,,AUTO_ACCEPT,0.0
LN105760,2025-12,0.0,0.0,0.0,0.0,CURRENT,0.0,0.0,NONE,,AUTO_ACCEPT,0.0
LN102543,2025-12,0.0,0.0,0.0,0.0,CURRENT,0.0,0.0,NONE,,AUTO_ACCEPT,0.0
LN105776,2025-12,0.0,0.0,0.0,0.0,CURRENT,0.0,0.0,NONE,,AUTO_ACCEPT,0.0
LN102536,2025-12,0.0,0.0,0.0,0.0,CURRENT,0.0,0.0,NONE,,AUTO_ACCEPT,0.0
LN105518,2025-12,0.0,0.0,0.0,0.0,CURRENT,0.0,0.0,NONE,,AUTO_ACCEPT,0.0
LN105777,2025-12,0.0,0.0,0.0,0.0,CURRENT,0.0,0.0,NONE,,AUTO_ACCEPT,0.0
LN102535,2025-12,0.0,0.0,0.0,0.0,CURRENT,0.0,0.0,NONE,,AUTO_ACCEPT,0.0
LN105778,2025-12,0.0,0.0,0.0,0.0,CURRENT,0.0,0.0,NONE,,AUTO_ACCEPT,0.0
LN102743,2025-12,0.0,0.0,0.0,0.0,CURRENT,0.0,0.0,NONE,,AUTO_ACCEPT,0.0
LN102744,2025-12,0.0,0.0,0.0,0.0,CURRENT,0.0,0.0,NONE,,AUTO_ACCEPT,0.0
LN102534,2025-12,0.0,0.0,0.0,0.0,CURRENT,0.0,0.0,NONE,,AUTO_ACCEPT,0.0
LN105779,2025-12,0.0,0.0,0.0,0.0,CURRENT,0.0,0.0,NONE,,AUTO_ACCEPT,0.0
LN105780,2025-12,0.0,0.0,0.0,0.0,CURRENT,0.0,0.0,NONE,,AUTO_ACCEPT,0.0
LN102533,2025-12,0.0,0.0,0.0,0.0,CURRENT,0.0,0.0,NONE,,AUTO_ACCEPT,0.0
LN102745,2025-12,0.0,0.0,0.0,0.0,CURRENT,0.0,0.0,NONE,,AUTO_ACCEPT,0.0
LN105516,2025-12,0.0,0.0,0.0,0.0,CURRENT,0.0,0.0,NONE,,AUTO_ACCEPT,0.0
LN105517,2025-12,0.0,0.0,0.0,0.0,CURRENT,0.0,0.0,NONE,,AUTO_ACCEPT,0.0
LN105775,2025-12,0.0,0.0,0.0,0.0,CURRENT,0.0,0.0,NONE,,AUTO_ACCEPT,0.0
LN102537,2025-12,0.0,0.0,0.0,0.0,CURRENT,0.0,0.0,NONE,,AUTO_ACCEPT,0.0
LN105519,2025-12,0.0,0.0,0.0,0.0,CURRENT,0.0,0.0,NONE,,AUTO_ACCEPT,0.0
LN105522,2025-12,0.0,0.0,0.0,0.0,CURRENT,0.0,0.0,NONE,,AUTO_ACCEPT,0.0
LN105761,2025-12,0.0,0.0,0.0,0.0,CURRENT,0.0,0.0,NONE,,AUTO_ACCEPT,0.0
LN105765,2025-12,0.0,0.0,0.0,0.0,CURRENT,0.0,0.0,NONE,,AUTO_ACCEPT,0.0
LN102542,2025-12,0.0,0.0,0.0,0.0,CURRENT,0.0,0.0,NONE,,AUTO_ACCEPT,0.0
LN102741,2025-12,0.0,0.0,0.0,0.0,CURRENT,0.0,0.0,NONE,,AUTO_ACCEPT,0.0
LN105521,2025-12,0.0,0.0,0.0,0.0,CURRENT,0.0,0.0,NONE,,AUTO_ACCEPT,0.0
LN102540,2025-12,0.0,0.0,0.0,0.0,CURRENT,0.0,0.0,NONE,,AUTO_ACCEPT,0.0
LN105769,2025-12,0.0,0.0,0.0,0.0,CURRENT,0.0,0.0,NONE,,AUTO_ACCEPT,0.0
LN102742,2025-12,0.0,0.0,0.0,0.0,CURRENT,0.0,0.0,NONE,,AUTO_ACCEPT,0.0
LN105770,2025-12,0.0,0.0,0.0,0.0,CURRENT,0.0,0.0,NONE,,AUTO_ACCEPT,0.0
LN102539,2025-12,0.0,0.0,0.0,0.0,CURRENT,0.0,0.0,NONE,,AUTO_ACCEPT,0.0
LN105520,2025-12,0.0,0.0,0.0,0.0,CURRENT,0.0,0.0,NONE,,AUTO_ACCEPT,0.0
LN105771,2025-12,0.0,0.0,0.0,0.0,CURRENT,0.0,0.0,NONE,,AUTO_ACCEPT,0.0
LN102538,2025-12,0.0,0.0,0.0,0.0,CURRENT,0.0,0.0,NONE,,AUTO_ACCEPT,0.0
LN105772,2025-12,0.0,0.0,0.0,0.0,CURRENT,0.0,0.0,NONE,,AUTO_ACCEPT,0.0
LN102740,2025-12,0.0,0.0,0.0,0.0,CURRENT,0.0,0.0,NONE,,AUTO_ACCEPT,0.0
LN102499,2025-12,0.0,0.0,0.0,0.0,CURRENT,0.0,0.0,NONE,,AUTO_ACCEPT,0.0
LN105814,2025-12,0.0,0.0,0.0,0.0,CURRENT,0.0,0.0,NONE,,AUTO_ACCEPT,0.0
LN105498,2025-12,0.0,0.0,0.0,0.0,CURRENT,0.0,0.0,NONE,,AUTO_ACCEPT,0.0
LN102772,2025-12,0.0,0.0,0.0,0.0,CURRENT,0.0,0.0,NONE,,AUTO_ACCEPT,0.0
LN105864,2025-12,0.0,0.0,0.0,0.0,CURRENT,0.0,0.0,NONE,,AUTO_ACCEPT,0.0
LN102464,2025-12,0.0,0.0,0.0,0.0,CURRENT,0.0,0.0,NONE,,AUTO_ACCEPT,0.0
LN102774,2025-12,0.0,0.0,0.0,0.0,CURRENT,0.0,0.0,NONE,,AUTO_ACCEPT,0.0
LN102462,2025-12,0.0,0.0,0.0,0.0,CURRENT,0.0,0.0,NONE,,AUTO_ACCEPT,0.0
LN105469,2025-12,0.0,0.0,0.0,0.0,CURRENT,0.0,0.0,NONE,,AUTO_ACCEPT,0.0
LN102465,2025-12,0.0,0.0,0.0,0.0,CURRENT,0.0,0.0,NONE,,AUTO_ACCEPT,0.0
LN105866,2025-12,0.0,0.0,0.0,0.0,CURRENT,0.0,0.0,NONE,,AUTO_ACCEPT,0.0
LN102461,2025-12,0.0,0.0,0.0,0.0,CURRENT,0.0,0.0,NONE,,AUTO_ACCEPT,0.0
LN102775,2025-12,0.0,0.0,0.0,0.0,CURRENT,0.0,0.0,NONE,,AUTO_ACCEPT,0.0
LN105467,2025-12,0.0,0.0,0.0,0.0,CURRENT,0.0,0.0,NONE,,AUTO_ACCEPT,0.0
LN102460,2025-12,0.0,0.0,0.0,0.0,CURRENT,0.0,0.0,NONE,,AUTO_ACCEPT,0.0
LN105869,2025-12,0.0,0.0,0.0,0.0,CURRENT,0.0,0.0,NONE,,AUTO_ACCEPT,0.0
LN102459,2025-12,0.0,0.0,0.0,0.0,CURRENT,0.0,0.0,NONE,,AUTO_ACCEPT,0.0
LN105867,2025-12,0.0,0.0,0.0,0.0,CURRENT,0.0,0.0,NONE,,AUTO_ACCEPT,0.0
LN105860,2025-12,0.0,0.0,0.0,0.0,CURRENT,0.0,0.0,NONE,,AUTO_ACCEPT,0.0
LN102466,2025-12,0.0,0.0,0.0,0.0,CURRENT,0.0,0.0,NONE,,AUTO_ACCEPT,0.0
LN105859,2025-12,0.0,0.0,0.0,0.0,CURRENT,0.0,0.0,NONE,,AUTO_ACCEPT,0.0
LN102473,2025-12,0.0,0.0,0.0,0.0,CURRENT,0.0,0.0,NONE,,AUTO_ACCEPT,0.0
LN105851,2025-12,0.0,0.0,0.0,0.0,CURRENT,0.0,0.0,NONE,,AUTO_ACCEPT,0.0
LN102471,2025-12,0.0,0.0,0.0,0.0,CURRENT,0.0,0.0,NONE,,AUTO_ACCEPT,0.0
LN102770,2025-12,0.0,0.0,0.0,0.0,CURRENT,0.0,0.0,NONE,,AUTO_ACCEPT,0.0
LN105853,2025-12,0.0,0.0,0.0,0.0,CURRENT,0.0,0.0,NONE,,AUTO_ACCEPT,0.0
LN105473,2025-12,0.0,0.0,0.0,0.0,CURRENT,0.0,0.0,NONE,,AUTO_ACCEPT,0.0
LN102470,2025-12,0.0,0.0,0.0,0.0,CURRENT,0.0,0.0,NONE,,AUTO_ACCEPT,0.0
LN105854,2025-12,0.0,0.0,0.0,0.0,CURRENT,0.0,0.0,NONE,,AUTO_ACCEPT,0.0
LN102469,2025-12,0.0,0.0,0.0,0.0,CURRENT,0.0,0.0,NONE,,AUTO_ACCEPT,0.0
LN105855,2025-12,0.0,0.0,0.0,0.0,CURRENT,0.0,0.0,NONE,,AUTO_ACCEPT,0.0
LN105472,2025-12,0.0,0.0,0.0,0.0,CURRENT,0.0,0.0,NONE,,AUTO_ACCEPT,0.0
LN102468,2025-12,0.0,0.0,0.0,0.0,CURRENT,0.0,0.0,NONE,,AUTO_ACCEPT,0.0
LN105858,2025-12,0.0,0.0,0.0,0.0,CURRENT,0.0,0.0,NONE,,AUTO_ACCEPT,0.0
LN102771,2025-12,0.0,0.0,0.0,0.0,CURRENT,0.0,0.0,NONE,,AUTO_ACCEPT,0.0
LN105471,2025-12,0.0,0.0,0.0,0.0,CURRENT,0.0,0.0,NONE,,AUTO_ACCEPT,0.0
LN105870,2025-12,0.0,0.0,0.0,0.0,CURRENT,0.0,0.0,NONE,,AUTO_ACCEPT,0.0
LN105475,2025-12,0.0,0.0,0.0,0.0,CURRENT,0.0,0.0,NONE,,AUTO_ACCEPT,0.0
LN102776,2025-12,0.0,0.0,0.0,0.0,CURRENT,0.0,0.0,NONE,,AUTO_ACCEPT,0.0
LN105872,2025-12,0.0,0.0,0.0,0.0,CURRENT,0.0,0.0,NONE,,AUTO_ACCEPT,0.0
LN102450,2025-12,0.0,0.0,0.0,0.0,CURRENT,0.0,0.0,NONE,,AUTO_ACCEPT,0.0
LN105462,2025-12,0.0,0.0,0.0,0.0,CURRENT,0.0,0.0,NONE,,AUTO_ACCEPT,0.0
LN105883,2025-12,0.0,0.0,0.0,0.0,CURRENT,0.0,0.0,NONE,,AUTO_ACCEPT,0.0
LN102449,2025-12,0.0,0.0,0.0,0.0,CURRENT,0.0,0.0,NONE,,AUTO_ACCEPT,0.0
LN105884,2025-12,0.0,0.0,0.0,0.0,CURRENT,0.0,0.0,NONE,,AUTO_ACCEPT,0.0
LN105460,2025-12,0.0,0.0,0.0,0.0,CURRENT,0.0,0.0,NONE,,AUTO_ACCEPT,0.0
LN105882,2025-12,0.0,0.0,0.0,0.0,CURRENT,0.0,0.0,NONE,,AUTO_ACCEPT,0.0
LN102448,2025-12,0.0,0.0,0.0,0.0,CURRENT,0.0,0.0,NONE,,AUTO_ACCEPT,0.0
LN102781,2025-12,0.0,0.0,0.0,0.0,CURRENT,0.0,0.0,NONE,,AUTO_ACCEPT,0.0
LN105886,2025-12,0.0,0.0,0.0,0.0,CURRENT,0.0,0.0,NONE,,AUTO_ACCEPT,0.0
LN102447,2025-12,0.0,0.0,0.0,0.0,CURRENT,0.0,0.0,NONE,,AUTO_ACCEPT,0.0
LN105458,2025-12,0.0,0.0,0.0,0.0,CURRENT,0.0,0.0,NONE,,AUTO_ACCEPT,0.0
LN105887,2025-12,0.0,0.0,0.0,0.0,CURRENT,0.0,0.0,NONE,,AUTO_ACCEPT,0.0
LN102446,2025-12,0.0,0.0,0.0,0.0,CURRENT,0.0,0.0,NONE,,AUTO_ACCEPT,0.0
LN105885,2025-12,0.0,0.0,0.0,0.0,CURRENT,0.0,0.0,NONE,,AUTO_ACCEPT,0.0
LN102779,2025-12,0.0,0.0,0.0,0.0,CURRENT,0.0,0.0,NONE,,AUTO_ACCEPT,0.0
LN105881,2025-12,0.0,0.0,0.0,0.0,CURRENT,0.0,0.0,NONE,,AUTO_ACCEPT,0.0
LN102451,2025-12,0.0,0.0,0.0,0.0,CURRENT,0.0,0.0,NONE,,AUTO_ACCEPT,0.0
LN102458,2025-12,0.0,0.0,0.0,0.0,CURRENT,0.0,0.0,NONE,,AUTO_ACCEPT,0.0
LN102457,2025-12,0.0,0.0,0.0,0.0,CURRENT,0.0,0.0,NONE,,AUTO_ACCEPT,0.0
LN105875,2025-12,0.0,0.0,0.0,0.0,CURRENT,0.0,0.0,NONE,,AUTO_ACCEPT,0.0
LN105465,2025-12,0.0,0.0,0.0,0.0,CURRENT,0.0,0.0,NONE,,AUTO_ACCEPT,0.0
LN102456,2025-12,0.0,0.0,0.0,0.0,CURRENT,0.0,0.0,NONE,,AUTO_ACCEPT,0.0
LN105876,2025-12,0.0,0.0,0.0,0.0,CURRENT,0.0,0.0,NONE,,AUTO_ACCEPT,0.0
LN102777,2025-12,0.0,0.0,0.0,0.0,CURRENT,0.0,0.0,NONE,,AUTO_ACCEPT,0.0
LN105464,2025-12,0.0,0.0,0.0,0.0,CURRENT,0.0,0.0,NONE,,AUTO_ACCEPT,0.0
LN105877,2025-12,0.0,0.0,0.0,0.0,CURRENT,0.0,0.0,NONE,,AUTO_ACCEPT,0.0
LN102454,2025-12,0.0,0.0,0.0,0.0,CURRENT,0.0,0.0,NONE,,AUTO_ACCEPT,0.0
LN105878,2025-12,0.0,0.0,0.0,0.0,CURRENT,0.0,0.0,NONE,,AUTO_ACCEPT,0.0
LN102453,2025-12,0.0,0.0,0.0,0.0,CURRENT,0.0,0.0,NONE,,AUTO_ACCEPT,0.0
LN102778,2025-12,0.0,0.0,0.0,0.0,CURRENT,0.0,0.0,NONE,,AUTO_ACCEPT,0.0
LN105879,2025-12,0.0,0.0,0.0,0.0,CURRENT,0.0,0.0,NONE,,AUTO_ACCEPT,0.0
LN105463,2025-12,0.0,0.0,0.0,0.0,CURRENT,0.0,0.0,NONE,,AUTO_ACCEPT,0.0
LN105466,2025-12,0.0,0.0,0.0,0.0,CURRENT,0.0,0.0,NONE,,AUTO_ACCEPT,0.0
LN105850,2025-12,0.0,0.0,0.0,0.0,CURRENT,0.0,0.0,NONE,,AUTO_ACCEPT,0.0
LN102769,2025-12,0.0,0.0,0.0,0.0,CURRENT,0.0,0.0,NONE,,AUTO_ACCEPT,0.0
LN102474,2025-12,0.0,0.0,0.0,0.0,CURRENT,0.0,0.0,NONE,,AUTO_ACCEPT,0.0
LN102761,2025-12,0.0,0.0,0.0,0.0,CURRENT,0.0,0.0,NONE,,AUTO_ACCEPT,0.0
LN102492,2025-12,0.0,0.0,0.0,0.0,CURRENT,0.0,0.0,NONE,,AUTO_ACCEPT,0.0
LN105489,2025-12,0.0,0.0,0.0,0.0,CURRENT,0.0,0.0,NONE,,AUTO_ACCEPT,0.0
LN105825,2025-12,0.0,0.0,0.0,0.0,CURRENT,0.0,0.0,NONE,,AUTO_ACCEPT,0.0
LN105826,2025-12,0.0,0.0,0.0,0.0,CURRENT,0.0,0.0,NONE,,AUTO_ACCEPT,0.0
LN102491,2025-12,0.0,0.0,0.0,0.0,CURRENT,0.0,0.0,NONE,,AUTO_ACCEPT,0.0
LN105823,2025-12,0.0,0.0,0.0,0.0,CURRENT,0.0,0.0,NONE,,AUTO_ACCEPT,0.0
LN102762,2025-12,0.0,0.0,0.0,0.0,CURRENT,0.0,0.0,NONE,,AUTO_ACCEPT,0.0
LN105827,2025-12,0.0,0.0,0.0,0.0,CURRENT,0.0,0.0,NONE,,AUTO_ACCEPT,0.0
LN102490,2025-12,0.0,0.0,0.0,0.0,CURRENT,0.0,0.0,NONE,,AUTO_ACCEPT,0.0
LN105828,2025-12,0.0,0.0,0.0,0.0,CURRENT,0.0,0.0,NONE,,AUTO_ACCEPT,0.0
LN102489,2025-12,0.0,0.0,0.0,0.0,CURRENT,0.0,0.0,NONE,,AUTO_ACCEPT,0.0
LN102763,2025-12,0.0,0.0,0.0,0.0,CURRENT,0.0,0.0,NONE,,AUTO_ACCEPT,0.0
LN105829,2025-12,0.0,0.0,0.0,0.0,CURRENT,0.0,0.0,NONE,,AUTO_ACCEPT,0.0
LN105488,2025-12,0.0,0.0,0.0,0.0,CURRENT,0.0,0.0,NONE,,AUTO_ACCEPT,0.0
LN102493,2025-12,0.0,0.0,0.0,0.0,CURRENT,0.0,0.0,NONE,,AUTO_ACCEPT,0.0
LN105822,2025-12,0.0,0.0,0.0,0.0,CURRENT,0.0,0.0,NONE,,AUTO_ACCEPT,0.0
LN105491,2025-12,0.0,0.0,0.0,0.0,CURRENT,0.0,0.0,NONE,,AUTO_ACCEPT,0.0
LN102498,2025-12,0.0,0.0,0.0,0.0,CURRENT,0.0,0.0,NONE,,AUTO_ACCEPT,0.0
LN105815,2025-12,0.0,0.0,0.0,0.0,CURRENT,0.0,0.0,NONE,,AUTO_ACCEPT,0.0
LN102758,2025-12,0.0,0.0,0.0,0.0,CURRENT,0.0,0.0,NONE,,AUTO_ACCEPT,0.0
LN105816,2025-12,0.0,0.0,0.0,0.0,CURRENT,0.0,0.0,NONE,,AUTO_ACCEPT,0.0
LN102497,2025-12,0.0,0.0,0.0,0.0,CURRENT,0.0,0.0,NONE,,AUTO_ACCEPT,0.0
LN105496,2025-12,0.0,0.0,0.0,0.0,CURRENT,0.0,0.0,NONE,,AUTO_ACCEPT,0.0
LN105817,2025-12,0.0,0.0,0.0,0.0,CURRENT,0.0,0.0,NONE,,AUTO_ACCEPT,0.0
LN102496,2025-12,0.0,0.0,0.0,0.0,CURRENT,0.0,0.0,NONE,,AUTO_ACCEPT,0.0
LN105819,2025-12,0.0,0.0,0.0,0.0,CURRENT,0.0,0.0,NONE,,AUTO_ACCEPT,0.0
LN102759,2025-12,0.0,0.0,0.0,0.0,CURRENT,0.0,0.0,NONE,,AUTO_ACCEPT,0.0
LN105495,2025-12,0.0,0.0,0.0,0.0,CURRENT,0.0,0.0,NONE,,AUTO_ACCEPT,0.0
LN102495,2025-12,0.0,0.0,0.0,0.0,CURRENT,0.0,0.0,NONE,,AUTO_ACCEPT,0.0
LN105820,2025-12,0.0,0.0,0.0,0.0,CURRENT,0.0,0.0,NONE,,AUTO_ACCEPT,0.0
LN105821,2025-12,0.0,0.0,0.0,0.0,CURRENT,0.0,0.0,NONE,,AUTO_ACCEPT,0.0
LN102494,2025-12,0.0,0.0,0.0,0.0,CURRENT,0.0,0.0,NONE,,AUTO_ACCEPT,0.0
LN105486,2025-12,0.0,0.0,0.0,0.0,CURRENT,0.0,0.0,NONE,,AUTO_ACCEPT,0.0
LN102488,2025-12,0.0,0.0,0.0,0.0,CURRENT,0.0,0.0,NONE,,AUTO_ACCEPT,0.0
LN105831,2025-12,0.0,0.0,0.0,0.0,CURRENT,0.0,0.0,NONE,,AUTO_ACCEPT,0.0
LN102486,2025-12,0.0,0.0,0.0,0.0,CURRENT,0.0,0.0,NONE,,AUTO_ACCEPT,0.0
LN102480,2025-12,0.0,0.0,0.0,0.0,CURRENT,0.0,0.0,NONE,,AUTO_ACCEPT,0.0
LN105842,2025-12,0.0,0.0,0.0,0.0,CURRENT,0.0,0.0,NONE,,AUTO_ACCEPT,0.0
LN105481,2025-12,0.0,0.0,0.0,0.0,CURRENT,0.0,0.0,NONE,,AUTO_ACCEPT,0.0
LN105844,2025-12,0.0,0.0,0.0,0.0,CURRENT,0.0,0.0,NONE,,AUTO_ACCEPT,0.0
LN102479,2025-12,0.0,0.0,0.0,0.0,CURRENT,0.0,0.0,NONE,,AUTO_ACCEPT,0.0
LN102767,2025-12,0.0,0.0,0.0,0.0,CURRENT,0.0,0.0,NONE,,AUTO_ACCEPT,0.0
LN105845,2025-12,0.0,0.0,0.0,0.0,CURRENT,0.0,0.0,NONE,,AUTO_ACCEPT,0.0
LN105479,2025-12,0.0,0.0,0.0,0.0,CURRENT,0.0,0.0,NONE,,AUTO_ACCEPT,0.0
LN102478,2025-12,0.0,0.0,0.0,0.0,CURRENT,0.0,0.0,NONE,,AUTO_ACCEPT,0.0
LN105847,2025-12,0.0,0.0,0.0,0.0,CURRENT,0.0,0.0,NONE,,AUTO_ACCEPT,0.0
LN102477,2025-12,0.0,0.0,0.0,0.0,CURRENT,0.0,0.0,NONE,,AUTO_ACCEPT,0.0
LN102768,2025-12,0.0,0.0,0.0,0.0,CURRENT,0.0,0.0,NONE,,AUTO_ACCEPT,0.0
LN105848,2025-12,0.0,0.0,0.0,0.0,CURRENT,0.0,0.0,NONE,,AUTO_ACCEPT,0.0
LN105476,2025-12,0.0,0.0,0.0,0.0,CURRENT,0.0,0.0,NONE,,AUTO_ACCEPT,0.0
LN105849,2025-12,0.0,0.0,0.0,0.0,CURRENT,0.0,0.0,NONE,,AUTO_ACCEPT,0.0
LN105841,2025-12,0.0,0.0,0.0,0.0,CURRENT,0.0,0.0,NONE,,AUTO_ACCEPT,0.0
LN105742,2025-12,0.0,0.0,0.0,0.0,CURRENT,0.0,0.0,NONE,,AUTO_ACCEPT,0.0
LN102481,2025-12,0.0,0.0,0.0,0.0,CURRENT,0.0,0.0,NONE,,AUTO_ACCEPT,0.0
LN105840,2025-12,0.0,0.0,0.0,0.0,CURRENT,0.0,0.0,NONE,,AUTO_ACCEPT,0.0
LN105485,2025-12,0.0,0.0,0.0,0.0,CURRENT,0.0,0.0,NONE,,AUTO_ACCEPT,0.0
LN102764,2025-12,0.0,0.0,0.0,0.0,CURRENT,0.0,0.0,NONE,,AUTO_ACCEPT,0.0
LN105835,2025-12,0.0,0.0,0.0,0.0,CURRENT,0.0,0.0,NONE,,AUTO_ACCEPT,0.0
LN102485,2025-12,0.0,0.0,0.0,0.0,CURRENT,0.0,0.0,NONE,,AUTO_ACCEPT,0.0
LN105484,2025-12,0.0,0.0,0.0,0.0,CURRENT,0.0,0.0,NONE,,AUTO_ACCEPT,0.0
LN105836,2025-12,0.0,0.0,0.0,0.0,CURRENT,0.0,0.0,NONE,,AUTO_ACCEPT,0.0
LN102484,2025-12,0.0,0.0,0.0,0.0,CURRENT,0.0,0.0,NONE,,AUTO_ACCEPT,0.0
LN105837,2025-12,0.0,0.0,0.0,0.0,CURRENT,0.0,0.0,NONE,,AUTO_ACCEPT,0.0
LN102765,2025-12,0.0,0.0,0.0,0.0,CURRENT,0.0,0.0,NONE,,AUTO_ACCEPT,0.0
LN102483,2025-12,0.0,0.0,0.0,0.0,CURRENT,0.0,0.0,NONE,,AUTO_ACCEPT,0.0
LN105483,2025-12,0.0,0.0,0.0,0.0,CURRENT,0.0,0.0,NONE,,AUTO_ACCEPT,0.0
LN105838,2025-12,0.0,0.0,0.0,0.0,CURRENT,0.0,0.0,NONE,,AUTO_ACCEPT,0.0
LN105839,2025-12,0.0,0.0,0.0,0.0,CURRENT,0.0,0.0,NONE,,AUTO_ACCEPT,0.0
LN102482,2025-12,0.0,0.0,0.0,0.0,CURRENT,0.0,0.0,NONE,,AUTO_ACCEPT,0.0
LN102766,2025-12,0.0,0.0,0.0,0.0,CURRENT,0.0,0.0,NONE,,AUTO_ACCEPT,0.0
LN105482,2025-12,0.0,0.0,0.0,0.0,CURRENT,0.0,0.0,NONE,,AUTO_ACCEPT,0.0
LN105891,2025-12,0.0,0.0,0.0,0.0,CURRENT,0.0,0.0,NONE,,AUTO_ACCEPT,0.0
LN105530,2025-12,0.0,0.0,0.0,0.0,CURRENT,0.0,0.0,NONE,,AUTO_ACCEPT,0.0
LN105741,2025-12,0.0,0.0,0.0,0.0,CURRENT,0.0,0.0,NONE,,AUTO_ACCEPT,0.0
LN102636,2025-12,0.0,0.0,0.0,0.0,CURRENT,0.0,0.0,NONE,,AUTO_ACCEPT,0.0
LN105576,2025-12,0.0,0.0,0.0,0.0,CURRENT,0.0,0.0,NONE,,AUTO_ACCEPT,0.0
LN105643,2025-12,0.0,0.0,0.0,0.0,CURRENT,0.0,0.0,NONE,,AUTO_ACCEPT,0.0
LN102635,2025-12,0.0,0.0,0.0,0.0,CURRENT,0.0,0.0,NONE,,AUTO_ACCEPT,0.0
LN105644,2025-12,0.0,0.0,0.0,0.0,CURRENT,0.0,0.0,NONE,,AUTO_ACCEPT,0.0
LN102694,2025-12,0.0,0.0,0.0,0.0,CURRENT,0.0,0.0,NONE,,AUTO_ACCEPT,0.0
LN105642,2025-12,0.0,0.0,0.0,0.0,CURRENT,0.0,0.0,NONE,,AUTO_ACCEPT,0.0
LN102633,2025-12,0.0,0.0,0.0,0.0,CURRENT,0.0,0.0,NONE,,AUTO_ACCEPT,0.0
LN105646,2025-12,0.0,0.0,0.0,0.0,CURRENT,0.0,0.0,NONE,,AUTO_ACCEPT,0.0
LN105647,2025-12,0.0,0.0,0.0,0.0,CURRENT,0.0,0.0,NONE,,AUTO_ACCEPT,0.0
LN102632,2025-12,0.0,0.0,0.0,0.0,CURRENT,0.0,0.0,NONE,,AUTO_ACCEPT,0.0
LN102695,2025-12,0.0,0.0,0.0,0.0,CURRENT,0.0,0.0,NONE,,AUTO_ACCEPT,0.0
LN105648,2025-12,0.0,0.0,0.0,0.0,CURRENT,0.0,0.0,NONE,,AUTO_ACCEPT,0.0
LN105574,2025-12,0.0,0.0,0.0,0.0,CURRENT,0.0,0.0,NONE,,AUTO_ACCEPT,0.0
LN105575,2025-12,0.0,0.0,0.0,0.0,CURRENT,0.0,0.0,NONE,,AUTO_ACCEPT,0.0
LN102692,2025-12,0.0,0.0,0.0,0.0,CURRENT,0.0,0.0,NONE,,AUTO_ACCEPT,0.0
LN105641,2025-12,0.0,0.0,0.0,0.0,CURRENT,0.0,0.0,NONE,,AUTO_ACCEPT,0.0
LN105577,2025-12,0.0,0.0,0.0,0.0,CURRENT,0.0,0.0,NONE,,AUTO_ACCEPT,0.0
LN105633,2025-12,0.0,0.0,0.0,0.0,CURRENT,0.0,0.0,NONE,,AUTO_ACCEPT,0.0
LN102647,2025-12,0.0,0.0,0.0,0.0,CURRENT,0.0,0.0,NONE,,AUTO_ACCEPT,0.0
LN105580,2025-12,0.0,0.0,0.0,0.0,CURRENT,0.0,0.0,NONE,,AUTO_ACCEPT,0.0
LN105634,2025-12,0.0,0.0,0.0,0.0,CURRENT,0.0,0.0,NONE,,AUTO_ACCEPT,0.0
LN102645,2025-12,0.0,0.0,0.0,0.0,CURRENT,0.0,0.0,NONE,,AUTO_ACCEPT,0.0
LN105636,2025-12,0.0,0.0,0.0,0.0,CURRENT,0.0,0.0,NONE,,AUTO_ACCEPT,0.0
LN102644,2025-12,0.0,0.0,0.0,0.0,CURRENT,0.0,0.0,NONE,,AUTO_ACCEPT,0.0
LN105637,2025-12,0.0,0.0,0.0,0.0,CURRENT,0.0,0.0,NONE,,AUTO_ACCEPT,0.0
LN102690,2025-12,0.0,0.0,0.0,0.0,CURRENT,0.0,0.0,NONE,,AUTO_ACCEPT,0.0
LN105638,2025-12,0.0,0.0,0.0,0.0,CURRENT,0.0,0.0,NONE,,AUTO_ACCEPT,0.0
LN102642,2025-12,0.0,0.0,0.0,0.0,CURRENT,0.0,0.0,NONE,,AUTO_ACCEPT,0.0
LN105578,2025-12,0.0,0.0,0.0,0.0,CURRENT,0.0,0.0,NONE,,AUTO_ACCEPT,0.0
LN102641,2025-12,0.0,0.0,0.0,0.0,CURRENT,0.0,0.0,NONE,,AUTO_ACCEPT,0.0
LN105640,2025-12,0.0,0.0,0.0,0.0,CURRENT,0.0,0.0,NONE,,AUTO_ACCEPT,0.0
LN102639,2025-12,0.0,0.0,0.0,0.0,CURRENT,0.0,0.0,NONE,,AUTO_ACCEPT,0.0
LN102631,2025-12,0.0,0.0,0.0,0.0,CURRENT,0.0,0.0,NONE,,AUTO_ACCEPT,0.0
LN102688,2025-12,0.0,0.0,0.0,0.0,CURRENT,0.0,0.0,NONE,,AUTO_ACCEPT,0.0
LN105649,2025-12,0.0,0.0,0.0,0.0,CURRENT,0.0,0.0,NONE,,AUTO_ACCEPT,0.0
LN105650,2025-12,0.0,0.0,0.0,0.0,CURRENT,0.0,0.0,NONE,,AUTO_ACCEPT,0.0
LN102700,2025-12,0.0,0.0,0.0,0.0,CURRENT,0.0,0.0,NONE,,AUTO_ACCEPT,0.0
LN105568,2025-12,0.0,0.0,0.0,0.0,CURRENT,0.0,0.0,NONE,,AUTO_ACCEPT,0.0
LN105661,2025-12,0.0,0.0,0.0,0.0,CURRENT,0.0,0.0,NONE,,AUTO_ACCEPT,0.0
LN102622,2025-12,0.0,0.0,0.0,0.0,CURRENT,0.0,0.0,NONE,,AUTO_ACCEPT,0.0
LN105662,2025-12,0.0,0.0,0.0,0.0,CURRENT,0.0,0.0,NONE,,AUTO_ACCEPT,0.0
LN102621,2025-12,0.0,0.0,0.0,0.0,CURRENT,0.0,0.0,NONE,,AUTO_ACCEPT,0.0
LN105658,2025-12,0.0,0.0,0.0,0.0,CURRENT,0.0,0.0,NONE,,AUTO_ACCEPT,0.0
LN105664,2025-12,0.0,0.0,0.0,0.0,CURRENT,0.0,0.0,NONE,,AUTO_ACCEPT,0.0
LN102620,2025-12,0.0,0.0,0.0,0.0,CURRENT,0.0,0.0,NONE,,AUTO_ACCEPT,0.0
LN105665,2025-12,0.0,0.0,0.0,0.0,CURRENT,0.0,0.0,NONE,,AUTO_ACCEPT,0.0
LN102702,2025-12,0.0,0.0,0.0,0.0,CURRENT,0.0,0.0,NONE,,AUTO_ACCEPT,0.0
LN105565,2025-12,0.0,0.0,0.0,0.0,CURRENT,0.0,0.0,NONE,,AUTO_ACCEPT,0.0
LN105666,2025-12,0.0,0.0,0.0,0.0,CURRENT,0.0,0.0,NONE,,AUTO_ACCEPT,0.0
LN102619,2025-12,0.0,0.0,0.0,0.0,CURRENT,0.0,0.0,NONE,,AUTO_ACCEPT,0.0
LN105566,2025-12,0.0,0.0,0.0,0.0,CURRENT,0.0,0.0,NONE,,AUTO_ACCEPT,0.0
LN102623,2025-12,0.0,0.0,0.0,0.0,CURRENT,0.0,0.0,NONE,,AUTO_ACCEPT,0.0
LN105657,2025-12,0.0,0.0,0.0,0.0,CURRENT,0.0,0.0,NONE,,AUTO_ACCEPT,0.0
LN105569,2025-12,0.0,0.0,0.0,0.0,CURRENT,0.0,0.0,NONE,,AUTO_ACCEPT,0.0
LN105573,2025-12,0.0,0.0,0.0,0.0,CURRENT,0.0,0.0,NONE,,AUTO_ACCEPT,0.0
LN105651,2025-12,0.0,0.0,0.0,0.0,CURRENT,0.0,0.0,NONE,,AUTO_ACCEPT,0.0
LN102629,2025-12,0.0,0.0,0.0,0.0,CURRENT,0.0,0.0,NONE,,AUTO_ACCEPT,0.0
LN102628,2025-12,0.0,0.0,0.0,0.0,CURRENT,0.0,0.0,NONE,,AUTO_ACCEPT,0.0
LN105572,2025-12,0.0,0.0,0.0,0.0,CURRENT,0.0,0.0,NONE,,AUTO_ACCEPT,0.0
LN105653,2025-12,0.0,0.0,0.0,0.0,CURRENT,0.0,0.0,NONE,,AUTO_ACCEPT,0.0
LN102626,2025-12,0.0,0.0,0.0,0.0,CURRENT,0.0,0.0,NONE,,AUTO_ACCEPT,0.0
LN102698,2025-12,0.0,0.0,0.0,0.0,CURRENT,0.0,0.0,NONE,,AUTO_ACCEPT,0.0
LN105654,2025-12,0.0,0.0,0.0,0.0,CURRENT,0.0,0.0,NONE,,AUTO_ACCEPT,0.0
LN105571,2025-12,0.0,0.0,0.0,0.0,CURRENT,0.0,0.0,NONE,,AUTO_ACCEPT,0.0
LN105655,2025-12,0.0,0.0,0.0,0.0,CURRENT,0.0,0.0,NONE,,AUTO_ACCEPT,0.0
LN102625,2025-12,0.0,0.0,0.0,0.0,CURRENT,0.0,0.0,NONE,,AUTO_ACCEPT,0.0
LN105656,2025-12,0.0,0.0,0.0,0.0,CURRENT,0.0,0.0,NONE,,AUTO_ACCEPT,0.0
LN102699,2025-12,0.0,0.0,0.0,0.0,CURRENT,0.0,0.0,NONE,,AUTO_ACCEPT,0.0
LN102624,2025-12,0.0,0.0,0.0,0.0,CURRENT,0.0,0.0,NONE,,AUTO_ACCEPT,0.0
LN102630,2025-12,0.0,0.0,0.0,0.0,CURRENT,0.0,0.0,NONE,,AUTO_ACCEPT,0.0
LN105668,2025-12,0.0,0.0,0.0,0.0,CURRENT,0.0,0.0,NONE,,AUTO_ACCEPT,0.0
LN105632,2025-12,0.0,0.0,0.0,0.0,CURRENT,0.0,0.0,NONE,,AUTO_ACCEPT,0.0
LN105581,2025-12,0.0,0.0,0.0,0.0,CURRENT,0.0,0.0,NONE,,AUTO_ACCEPT,0.0
LN105606,2025-12,0.0,0.0,0.0,0.0,CURRENT,0.0,0.0,NONE,,AUTO_ACCEPT,0.0
LN102664,2025-12,0.0,0.0,0.0,0.0,CURRENT,0.0,0.0,NONE,,AUTO_ACCEPT,0.0
LN105590,2025-12,0.0,0.0,0.0,0.0,CURRENT,0.0,0.0,NONE,,AUTO_ACCEPT,0.0
LN105607,2025-12,0.0,0.0,0.0,0.0,CURRENT,0.0,0.0,NONE,,AUTO_ACCEPT,0.0
LN102663,2025-12,0.0,0.0,0.0,0.0,CURRENT,0.0,0.0,NONE,,AUTO_ACCEPT,0.0
LN105608,2025-12,0.0,0.0,0.0,0.0,CURRENT,0.0,0.0,NONE,,AUTO_ACCEPT,0.0
LN105604,2025-12,0.0,0.0,0.0,0.0,CURRENT,0.0,0.0,NONE,,AUTO_ACCEPT,0.0
LN102677,2025-12,0.0,0.0,0.0,0.0,CURRENT,0.0,0.0,NONE,,AUTO_ACCEPT,0.0
LN105589,2025-12,0.0,0.0,0.0,0.0,CURRENT,0.0,0.0,NONE,,AUTO_ACCEPT,0.0
LN105609,2025-12,0.0,0.0,0.0,0.0,CURRENT,0.0,0.0,NONE,,AUTO_ACCEPT,0.0
LN105610,2025-12,0.0,0.0,0.0,0.0,CURRENT,0.0,0.0,NONE,,AUTO_ACCEPT,0.0
LN102661,2025-12,0.0,0.0,0.0,0.0,CURRENT,0.0,0.0,NONE,,AUTO_ACCEPT,0.0
LN102678,2025-12,0.0,0.0,0.0,0.0,CURRENT,0.0,0.0,NONE,,AUTO_ACCEPT,0.0
LN105588,2025-12,0.0,0.0,0.0,0.0,CURRENT,0.0,0.0,NONE,,AUTO_ACCEPT,0.0
LN102662,2025-12,0.0,0.0,0.0,0.0,CURRENT,0.0,0.0,NONE,,AUTO_ACCEPT,0.0
LN105591,2025-12,0.0,0.0,0.0,0.0,CURRENT,0.0,0.0,NONE,,AUTO_ACCEPT,0.0
LN102665,2025-12,0.0,0.0,0.0,0.0,CURRENT,0.0,0.0,NONE,,AUTO_ACCEPT,0.0
LN102676,2025-12,0.0,0.0,0.0,0.0,CURRENT,0.0,0.0,NONE,,AUTO_ACCEPT,0.0
LN105596,2025-12,0.0,0.0,0.0,0.0,CURRENT,0.0,0.0,NONE,,AUTO_ACCEPT,0.0
LN102671,2025-12,0.0,0.0,0.0,0.0,CURRENT,0.0,0.0,NONE,,AUTO_ACCEPT,0.0
LN102670,2025-12,0.0,0.0,0.0,0.0,CURRENT,0.0,0.0,NONE,,AUTO_ACCEPT,0.0
LN105595,2025-12,0.0,0.0,0.0,0.0,CURRENT,0.0,0.0,NONE,,AUTO_ACCEPT,0.0
LN105597,2025-12,0.0,0.0,0.0,0.0,CURRENT,0.0,0.0,NONE,,AUTO_ACCEPT,0.0
LN102669,2025-12,0.0,0.0,0.0,0.0,CURRENT,0.0,0.0,NONE,,AUTO_ACCEPT,0.0
LN105594,2025-12,0.0,0.0,0.0,0.0,CURRENT,0.0,0.0,NONE,,AUTO_ACCEPT,0.0
LN105599,2025-12,0.0,0.0,0.0,0.0,CURRENT,0.0,0.0,NONE,,AUTO_ACCEPT,0.0
LN102668,2025-12,0.0,0.0,0.0,0.0,CURRENT,0.0,0.0,NONE,,AUTO_ACCEPT,0.0
LN102673,2025-12,0.0,0.0,0.0,0.0,CURRENT,0.0,0.0,NONE,,AUTO_ACCEPT,0.0
LN105600,2025-12,0.0,0.0,0.0,0.0,CURRENT,0.0,0.0,NONE,,AUTO_ACCEPT,0.0
LN102674,2025-12,0.0,0.0,0.0,0.0,CURRENT,0.0,0.0,NONE,,AUTO_ACCEPT,0.0
LN105601,2025-12,0.0,0.0,0.0,0.0,CURRENT,0.0,0.0,NONE,,AUTO_ACCEPT,0.0
LN102666,2025-12,0.0,0.0,0.0,0.0,CURRENT,0.0,0.0,NONE,,AUTO_ACCEPT,0.0
LN105603,2025-12,0.0,0.0,0.0,0.0,CURRENT,0.0,0.0,NONE,,AUTO_ACCEPT,0.0
LN105611,2025-12,0.0,0.0,0.0,0.0,CURRENT,0.0,0.0,NONE,,AUTO_ACCEPT,0.0
LN102648,2025-12,0.0,0.0,0.0,0.0,CURRENT,0.0,0.0,NONE,,AUTO_ACCEPT,0.0
LN102660,2025-12,0.0,0.0,0.0,0.0,CURRENT,0.0,0.0,NONE,,AUTO_ACCEPT,0.0
LN102659,2025-12,0.0,0.0,0.0,0.0,CURRENT,0.0,0.0,NONE,,AUTO_ACCEPT,0.0
LN105624,2025-12,0.0,0.0,0.0,0.0,CURRENT,0.0,0.0,NONE,,AUTO_ACCEPT,0.0
LN102652,2025-12,0.0,0.0,0.0,0.0,CURRENT,0.0,0.0,NONE,,AUTO_ACCEPT,0.0
LN105625,2025-12,0.0,0.0,0.0,0.0,CURRENT,0.0,0.0,NONE,,AUTO_ACCEPT,0.0
LN102683,2025-12,0.0,0.0,0.0,0.0,CURRENT,0.0,0.0,NONE,,AUTO_ACCEPT,0.0
LN105583,2025-12,0.0,0.0,0.0,0.0,CURRENT,0.0,0.0,NONE,,AUTO_ACCEPT,0.0
LN102651,2025-12,0.0,0.0,0.0,0.0,CURRENT,0.0,0.0,NONE,,AUTO_ACCEPT,0.0
LN102653,2025-12,0.0,0.0,0.0,0.0,CURRENT,0.0,0.0,NONE,,AUTO_ACCEPT,0.0
LN105627,2025-12,0.0,0.0,0.0,0.0,CURRENT,0.0,0.0,NONE,,AUTO_ACCEPT,0.0
LN102650,2025-12,0.0,0.0,0.0,0.0,CURRENT,0.0,0.0,NONE,,AUTO_ACCEPT,0.0
LN105582,2025-12,0.0,0.0,0.0,0.0,CURRENT,0.0,0.0,NONE,,AUTO_ACCEPT,0.0
LN105629,2025-12,0.0,0.0,0.0,0.0,CURRENT,0.0,0.0,NONE,,AUTO_ACCEPT,0.0
LN102649,2025-12,0.0,0.0,0.0,0.0,CURRENT,0.0,0.0,NONE,,AUTO_ACCEPT,0.0
LN102686,2025-12,0.0,0.0,0.0,0.0,CURRENT,0.0,0.0,NONE,,AUTO_ACCEPT,0.0
LN105631,2025-12,0.0,0.0,0.0,0.0,CURRENT,0.0,0.0,NONE,,AUTO_ACCEPT,0.0
LN105628,2025-12,0.0,0.0,0.0,0.0,CURRENT,0.0,0.0,NONE,,AUTO_ACCEPT,0.0
LN105623,2025-12,0.0,0.0,0.0,0.0,CURRENT,0.0,0.0,NONE,,AUTO_ACCEPT,0.0
LN105584,2025-12,0.0,0.0,0.0,0.0,CURRENT,0.0,0.0,NONE,,AUTO_ACCEPT,0.0
LN102682,2025-12,0.0,0.0,0.0,0.0,CURRENT,0.0,0.0,NONE,,AUTO_ACCEPT,0.0
LN102679,2025-12,0.0,0.0,0.0,0.0,CURRENT,0.0,0.0,NONE,,AUTO_ACCEPT,0.0
LN105614,2025-12,0.0,0.0,0.0,0.0,CURRENT,0.0,0.0,NONE,,AUTO_ACCEPT,0.0
LN105587,2025-12,0.0,0.0,0.0,0.0,CURRENT,0.0,0.0,NONE,,AUTO_ACCEPT,0.0
LN105615,2025-12,0.0,0.0,0.0,0.0,CURRENT,0.0,0.0,NONE,,AUTO_ACCEPT,0.0
LN102657,2025-12,0.0,0.0,0.0,0.0,CURRENT,0.0,0.0,NONE,,AUTO_ACCEPT,0.0
LN105616,2025-12,0.0,0.0,0.0,0.0,CURRENT,0.0,0.0,NONE,,AUTO_ACCEPT,0.0
LN105586,2025-12,0.0,0.0,0.0,0.0,CURRENT,0.0,0.0,NONE,,AUTO_ACCEPT,0.0
LN102656,2025-12,0.0,0.0,0.0,0.0,CURRENT,0.0,0.0,NONE,,AUTO_ACCEPT,0.0
LN105618,2025-12,0.0,0.0,0.0,0.0,CURRENT,0.0,0.0,NONE,,AUTO_ACCEPT,0.0
LN102681,2025-12,0.0,0.0,0.0,0.0,CURRENT,0.0,0.0,NONE,,AUTO_ACCEPT,0.0
LN102655,2025-12,0.0,0.0,0.0,0.0,CURRENT,0.0,0.0,NONE,,AUTO_ACCEPT,0.0
LN105619,2025-12,0.0,0.0,0.0,0.0,CURRENT,0.0,0.0,NONE,,AUTO_ACCEPT,0.0
LN105585,2025-12,0.0,0.0,0.0,0.0,CURRENT,0.0,0.0,NONE,,AUTO_ACCEPT,0.0
LN105620,2025-12,0.0,0.0,0.0,0.0,CURRENT,0.0,0.0,NONE,,AUTO_ACCEPT,0.0
LN102654,2025-12,0.0,0.0,0.0,0.0,CURRENT,0.0,0.0,NONE,,AUTO_ACCEPT,0.0
LN105612,2025-12,0.0,0.0,0.0,0.0,CURRENT,0.0,0.0,NONE,,AUTO_ACCEPT,0.0
LN102618,2025-12,0.0,0.0,0.0,0.0,CURRENT,0.0,0.0,NONE,,AUTO_ACCEPT,0.0
LN102705,2025-12,0.0,0.0,0.0,0.0,CURRENT,0.0,0.0,NONE,,AUTO_ACCEPT,0.0
LN105671,2025-12,0.0,0.0,0.0,0.0,CURRENT,0.0,0.0,NONE,,AUTO_ACCEPT,0.0
LN105541,2025-12,0.0,0.0,0.0,0.0,CURRENT,0.0,0.0,NONE,,AUTO_ACCEPT,0.0
LN105715,2025-12,0.0,0.0,0.0,0.0,CURRENT,0.0,0.0,NONE,,AUTO_ACCEPT,0.0
LN102576,2025-12,0.0,0.0,0.0,0.0,CURRENT,0.0,0.0,NONE,,AUTO_ACCEPT,0.0
LN102728,2025-12,0.0,0.0,0.0,0.0,CURRENT,0.0,0.0,NONE,,AUTO_ACCEPT,0.0
LN105716,2025-12,0.0,0.0,0.0,0.0,CURRENT,0.0,0.0,NONE,,AUTO_ACCEPT,0.0
LN105539,2025-12,0.0,0.0,0.0,0.0,CURRENT,0.0,0.0,NONE,,AUTO_ACCEPT,0.0
LN105714,2025-12,0.0,0.0,0.0,0.0,CURRENT,0.0,0.0,NONE,,AUTO_ACCEPT,0.0
LN102575,2025-12,0.0,0.0,0.0,0.0,CURRENT,0.0,0.0,NONE,,AUTO_ACCEPT,0.0
LN102574,2025-12,0.0,0.0,0.0,0.0,CURRENT,0.0,0.0,NONE,,AUTO_ACCEPT,0.0
LN102729,2025-12,0.0,0.0,0.0,0.0,CURRENT,0.0,0.0,NONE,,AUTO_ACCEPT,0.0
LN105718,2025-12,0.0,0.0,0.0,0.0,CURRENT,0.0,0.0,NONE,,AUTO_ACCEPT,0.0
LN105538,2025-12,0.0,0.0,0.0,0.0,CURRENT,0.0,0.0,NONE,,AUTO_ACCEPT,0.0
LN105719,2025-12,0.0,0.0,0.0,0.0,CURRENT,0.0,0.0,NONE,,AUTO_ACCEPT,0.0
LN102573,2025-12,0.0,0.0,0.0,0.0,CURRENT,0.0,0.0,NONE,,AUTO_ACCEPT,0.0
LN105717,2025-12,0.0,0.0,0.0,0.0,CURRENT,0.0,0.0,NONE,,AUTO_ACCEPT,0.0
LN102578,2025-12,0.0,0.0,0.0,0.0,CURRENT,0.0,0.0,NONE,,AUTO_ACCEPT,0.0
LN105713,2025-12,0.0,0.0,0.0,0.0,CURRENT,0.0,0.0,NONE,,AUTO_ACCEPT,0.0
LN105542,2025-12,0.0,0.0,0.0,0.0,CURRENT,0.0,0.0,NONE,,AUTO_ACCEPT,0.0
LN102586,2025-12,0.0,0.0,0.0,0.0,CURRENT,0.0,0.0,NONE,,AUTO_ACCEPT,0.0
LN105707,2025-12,0.0,0.0,0.0,0.0,CURRENT,0.0,0.0,NONE,,AUTO_ACCEPT,0.0
LN102725,2025-12,0.0,0.0,0.0,0.0,CURRENT,0.0,0.0,NONE,,AUTO_ACCEPT,0.0
LN105708,2025-12,0.0,0.0,0.0,0.0,CURRENT,0.0,0.0,NONE,,AUTO_ACCEPT,0.0
LN102585,2025-12,0.0,0.0,0.0,0.0,CURRENT,0.0,0.0,NONE,,AUTO_ACCEPT,0.0
LN105545,2025-12,0.0,0.0,0.0,0.0,CURRENT,0.0,0.0,NONE,,AUTO_ACCEPT,0.0
LN105709,2025-12,0.0,0.0,0.0,0.0,CURRENT,0.0,0.0,NONE,,AUTO_ACCEPT,0.0
LN102584,2025-12,0.0,0.0,0.0,0.0,CURRENT,0.0,0.0,NONE,,AUTO_ACCEPT,0.0
LN105710,2025-12,0.0,0.0,0.0,0.0,CURRENT,0.0,0.0,NONE,,AUTO_ACCEPT,0.0
LN102726,2025-12,0.0,0.0,0.0,0.0,CURRENT,0.0,0.0,NONE,,AUTO_ACCEPT,0.0
LN105543,2025-12,0.0,0.0,0.0,0.0,CURRENT,0.0,0.0,NONE,,AUTO_ACCEPT,0.0
LN105711,2025-12,0.0,0.0,0.0,0.0,CURRENT,0.0,0.0,NONE,,AUTO_ACCEPT,0.0
LN102579,2025-12,0.0,0.0,0.0,0.0,CURRENT,0.0,0.0,NONE,,AUTO_ACCEPT,0.0
LN105712,2025-12,0.0,0.0,0.0,0.0,CURRENT,0.0,0.0,NONE,,AUTO_ACCEPT,0.0
LN102727,2025-12,0.0,0.0,0.0,0.0,CURRENT,0.0,0.0,NONE,,AUTO_ACCEPT,0.0
LN105720,2025-12,0.0,0.0,0.0,0.0,CURRENT,0.0,0.0,NONE,,AUTO_ACCEPT,0.0
LN105546,2025-12,0.0,0.0,0.0,0.0,CURRENT,0.0,0.0,NONE,,AUTO_ACCEPT,0.0
LN102730,2025-12,0.0,0.0,0.0,0.0,CURRENT,0.0,0.0,NONE,,AUTO_ACCEPT,0.0
LN105537,2025-12,0.0,0.0,0.0,0.0,CURRENT,0.0,0.0,NONE,,AUTO_ACCEPT,0.0
LN102733,2025-12,0.0,0.0,0.0,0.0,CURRENT,0.0,0.0,NONE,,AUTO_ACCEPT,0.0
LN105731,2025-12,0.0,0.0,0.0,0.0,CURRENT,0.0,0.0,NONE,,AUTO_ACCEPT,0.0
LN105533,2025-12,0.0,0.0,0.0,0.0,CURRENT,0.0,0.0,NONE,,AUTO_ACCEPT,0.0
LN102564,2025-12,0.0,0.0,0.0,0.0,CURRENT,0.0,0.0,NONE,,AUTO_ACCEPT,0.0
LN105733,2025-12,0.0,0.0,0.0,0.0,CURRENT,0.0,0.0,NONE,,AUTO_ACCEPT,0.0
LN105532,2025-12,0.0,0.0,0.0,0.0,CURRENT,0.0,0.0,NONE,,AUTO_ACCEPT,0.0
LN102565,2025-12,0.0,0.0,0.0,0.0,CURRENT,0.0,0.0,NONE,,AUTO_ACCEPT,0.0
LN105734,2025-12,0.0,0.0,0.0,0.0,CURRENT,0.0,0.0,NONE,,AUTO_ACCEPT,0.0
LN105736,2025-12,0.0,0.0,0.0,0.0,CURRENT,0.0,0.0,NONE,,AUTO_ACCEPT,0.0
LN102734,2025-12,0.0,0.0,0.0,0.0,CURRENT,0.0,0.0,NONE,,AUTO_ACCEPT,0.0
LN102562,2025-12,0.0,0.0,0.0,0.0,CURRENT,0.0,0.0,NONE,,AUTO_ACCEPT,0.0
LN105740,2025-12,0.0,0.0,0.0,0.0,CURRENT,0.0,0.0,NONE,,AUTO_ACCEPT,0.0
LN105531,2025-12,0.0,0.0,0.0,0.0,CURRENT,0.0,0.0,NONE,,AUTO_ACCEPT,0.0
LN102561,2025-12,0.0,0.0,0.0,0.0,CURRENT,0.0,0.0,NONE,,AUTO_ACCEPT,0.0
LN102563,2025-12,0.0,0.0,0.0,0.0,CURRENT,0.0,0.0,NONE,,AUTO_ACCEPT,0.0
LN105730,2025-12,0.0,0.0,0.0,0.0,CURRENT,0.0,0.0,NONE,,AUTO_ACCEPT,0.0
LN102566,2025-12,0.0,0.0,0.0,0.0,CURRENT,0.0,0.0,NONE,,AUTO_ACCEPT,0.0
LN105729,2025-12,0.0,0.0,0.0,0.0,CURRENT,0.0,0.0,NONE,,AUTO_ACCEPT,0.0
LN105721,2025-12,0.0,0.0,0.0,0.0,CURRENT,0.0,0.0,NONE,,AUTO_ACCEPT,0.0
LN102570,2025-12,0.0,0.0,0.0,0.0,CURRENT,0.0,0.0,NONE,,AUTO_ACCEPT,0.0
LN105722,2025-12,0.0,0.0,0.0,0.0,CURRENT,0.0,0.0,NONE,,AUTO_ACCEPT,0.0
LN105536,2025-12,0.0,0.0,0.0,0.0,CURRENT,0.0,0.0,NONE,,AUTO_ACCEPT,0.0
LN105723,2025-12,0.0,0.0,0.0,0.0,CURRENT,0.0,0.0,NONE,,AUTO_ACCEPT,0.0
LN102569,2025-12,0.0,0.0,0.0,0.0,CURRENT,0.0,0.0,NONE,,AUTO_ACCEPT,0.0
LN102731,2025-12,0.0,0.0,0.0,0.0,CURRENT,0.0,0.0,NONE,,AUTO_ACCEPT,0.0
LN105724,2025-12,0.0,0.0,0.0,0.0,CURRENT,0.0,0.0,NONE,,AUTO_ACCEPT,0.0
LN102568,2025-12,0.0,0.0,0.0,0.0,CURRENT,0.0,0.0,NONE,,AUTO_ACCEPT,0.0
LN105535,2025-12,0.0,0.0,0.0,0.0,CURRENT,0.0,0.0,NONE,,AUTO_ACCEPT,0.0
LN105725,2025-12,0.0,0.0,0.0,0.0,CURRENT,0.0,0.0,NONE,,AUTO_ACCEPT,0.0
LN102567,2025-12,0.0,0.0,0.0,0.0,CURRENT,0.0,0.0,NONE,,AUTO_ACCEPT,0.0
LN105726,2025-12,0.0,0.0,0.0,0.0,CURRENT,0.0,0.0,NONE,,AUTO_ACCEPT,0.0
LN102732,2025-12,0.0,0.0,0.0,0.0,CURRENT,0.0,0.0,NONE,,AUTO_ACCEPT,0.0
LN105534,2025-12,0.0,0.0,0.0,0.0,CURRENT,0.0,0.0,NONE,,AUTO_ACCEPT,0.0
LN102571,2025-12,0.0,0.0,0.0,0.0,CURRENT,0.0,0.0,NONE,,AUTO_ACCEPT,0.0
LN105706,2025-12,0.0,0.0,0.0,0.0,CURRENT,0.0,0.0,NONE,,AUTO_ACCEPT,0.0
LN102588,2025-12,0.0,0.0,0.0,0.0,CURRENT,0.0,0.0,NONE,,AUTO_ACCEPT,0.0
LN105705,2025-12,0.0,0.0,0.0,0.0,CURRENT,0.0,0.0,NONE,,AUTO_ACCEPT,0.0
LN102708,2025-12,0.0,0.0,0.0,0.0,CURRENT,0.0,0.0,NONE,,AUTO_ACCEPT,0.0
LN105681,2025-12,0.0,0.0,0.0,0.0,CURRENT,0.0,0.0,NONE,,AUTO_ACCEPT,0.0
LN105558,2025-12,0.0,0.0,0.0,0.0,CURRENT,0.0,0.0,NONE,,AUTO_ACCEPT,0.0
LN102606,2025-12,0.0,0.0,0.0,0.0,CURRENT,0.0,0.0,NONE,,AUTO_ACCEPT,0.0
LN105682,2025-12,0.0,0.0,0.0,0.0,CURRENT,0.0,0.0,NONE,,AUTO_ACCEPT,0.0
LN102605,2025-12,0.0,0.0,0.0,0.0,CURRENT,0.0,0.0,NONE,,AUTO_ACCEPT,0.0
LN102607,2025-12,0.0,0.0,0.0,0.0,CURRENT,0.0,0.0,NONE,,AUTO_ACCEPT,0.0
LN105684,2025-12,0.0,0.0,0.0,0.0,CURRENT,0.0,0.0,NONE,,AUTO_ACCEPT,0.0
LN105557,2025-12,0.0,0.0,0.0,0.0,CURRENT,0.0,0.0,NONE,,AUTO_ACCEPT,0.0
LN105686,2025-12,0.0,0.0,0.0,0.0,CURRENT,0.0,0.0,NONE,,AUTO_ACCEPT,0.0
LN102604,2025-12,0.0,0.0,0.0,0.0,CURRENT,0.0,0.0,NONE,,AUTO_ACCEPT,0.0
LN105687,2025-12,0.0,0.0,0.0,0.0,CURRENT,0.0,0.0,NONE,,AUTO_ACCEPT,0.0
LN102602,2025-12,0.0,0.0,0.0,0.0,CURRENT,0.0,0.0,NONE,,AUTO_ACCEPT,0.0
LN105555,2025-12,0.0,0.0,0.0,0.0,CURRENT,0.0,0.0,NONE,,AUTO_ACCEPT,0.0
LN102709,2025-12,0.0,0.0,0.0,0.0,CURRENT,0.0,0.0,NONE,,AUTO_ACCEPT,0.0
LN105680,2025-12,0.0,0.0,0.0,0.0,CURRENT,0.0,0.0,NONE,,AUTO_ACCEPT,0.0
LN105559,2025-12,0.0,0.0,0.0,0.0,CURRENT,0.0,0.0,NONE,,AUTO_ACCEPT,0.0
LN105679,2025-12,0.0,0.0,0.0,0.0,CURRENT,0.0,0.0,NONE,,AUTO_ACCEPT,0.0
LN105564,2025-12,0.0,0.0,0.0,0.0,CURRENT,0.0,0.0,NONE,,AUTO_ACCEPT,0.0
LN102616,2025-12,0.0,0.0,0.0,0.0,CURRENT,0.0,0.0,NONE,,AUTO_ACCEPT,0.0
LN105672,2025-12,0.0,0.0,0.0,0.0,CURRENT,0.0,0.0,NONE,,AUTO_ACCEPT,0.0
LN102612,2025-12,0.0,0.0,0.0,0.0,CURRENT,0.0,0.0,NONE,,AUTO_ACCEPT,0.0
LN102706,2025-12,0.0,0.0,0.0,0.0,CURRENT,0.0,0.0,NONE,,AUTO_ACCEPT,0.0
LN105675,2025-12,0.0,0.0,0.0,0.0,CURRENT,0.0,0.0,NONE,,AUTO_ACCEPT,0.0
LN105563,2025-12,0.0,0.0,0.0,0.0,CURRENT,0.0,0.0,NONE,,AUTO_ACCEPT,0.0
LN105676,2025-12,0.0,0.0,0.0,0.0,CURRENT,0.0,0.0,NONE,,AUTO_ACCEPT,0.0
LN102610,2025-12,0.0,0.0,0.0,0.0,CURRENT,0.0,0.0,NONE,,AUTO_ACCEPT,0.0
LN105677,2025-12,0.0,0.0,0.0,0.0,CURRENT,0.0,0.0,NONE,,AUTO_ACCEPT,0.0
LN105562,2025-12,0.0,0.0,0.0,0.0,CURRENT,0.0,0.0,NONE,,AUTO_ACCEPT,0.0
LN102609,2025-12,0.0,0.0,0.0,0.0,CURRENT,0.0,0.0,NONE,,AUTO_ACCEPT,0.0
LN105678,2025-12,0.0,0.0,0.0,0.0,CURRENT,0.0,0.0,NONE,,AUTO_ACCEPT,0.0
LN102707,2025-12,0.0,0.0,0.0,0.0,CURRENT,0.0,0.0,NONE,,AUTO_ACCEPT,0.0
LN102608,2025-12,0.0,0.0,0.0,0.0,CURRENT,0.0,0.0,NONE,,AUTO_ACCEPT,0.0
LN105688,2025-12,0.0,0.0,0.0,0.0,CURRENT,0.0,0.0,NONE,,AUTO_ACCEPT,0.0
LN102601,2025-12,0.0,0.0,0.0,0.0,CURRENT,0.0,0.0,NONE,,AUTO_ACCEPT,0.0
LN102711,2025-12,0.0,0.0,0.0,0.0,CURRENT,0.0,0.0,NONE,,AUTO_ACCEPT,0.0
LN105689,2025-12,0.0,0.0,0.0,0.0,CURRENT,0.0,0.0,NONE,,AUTO_ACCEPT,0.0
LN102721,2025-12,0.0,0.0,0.0,0.0,CURRENT,0.0,0.0,NONE,,AUTO_ACCEPT,0.0
LN105549,2025-12,0.0,0.0,0.0,0.0,CURRENT,0.0,0.0,NONE,,AUTO_ACCEPT,0.0
LN105700,2025-12,0.0,0.0,0.0,0.0,CURRENT,0.0,0.0,NONE,,AUTO_ACCEPT,0.0
LN102594,2025-12,0.0,0.0,0.0,0.0,CURRENT,0.0,0.0,NONE,,AUTO_ACCEPT,0.0
LN105701,2025-12,0.0,0.0,0.0,0.0,CURRENT,0.0,0.0,NONE,,AUTO_ACCEPT,0.0
LN102592,2025-12,0.0,0.0,0.0,0.0,CURRENT,0.0,0.0,NONE,,AUTO_ACCEPT,0.0
LN102722,2025-12,0.0,0.0,0.0,0.0,CURRENT,0.0,0.0,NONE,,AUTO_ACCEPT,0.0
LN105702,2025-12,0.0,0.0,0.0,0.0,CURRENT,0.0,0.0,NONE,,AUTO_ACCEPT,0.0
LN105548,2025-12,0.0,0.0,0.0,0.0,CURRENT,0.0,0.0,NONE,,AUTO_ACCEPT,0.0
LN102590,2025-12,0.0,0.0,0.0,0.0,CURRENT,0.0,0.0,NONE,,AUTO_ACCEPT,0.0
LN105703,2025-12,0.0,0.0,0.0,0.0,CURRENT,0.0,0.0,NONE,,AUTO_ACCEPT,0.0
LN102724,2025-12,0.0,0.0,0.0,0.0,CURRENT,0.0,0.0,NONE,,AUTO_ACCEPT,0.0
LN105704,2025-12,0.0,0.0,0.0,0.0,CURRENT,0.0,0.0,NONE,,AUTO_ACCEPT,0.0
LN102589,2025-12,0.0,0.0,0.0,0.0,CURRENT,0.0,0.0,NONE,,AUTO_ACCEPT,0.0
LN105547,2025-12,0.0,0.0,0.0,0.0,CURRENT,0.0,0.0,NONE,,AUTO_ACCEPT,0.0
LN105699,2025-12,0.0,0.0,0.0,0.0,CURRENT,0.0,0.0,NONE,,AUTO_ACCEPT,0.0
LN102735,2025-12,0.0,0.0,0.0,0.0,CURRENT,0.0,0.0,NONE,,AUTO_ACCEPT,0.0
LN102595,2025-12,0.0,0.0,0.0,0.0,CURRENT,0.0,0.0,NONE,,AUTO_ACCEPT,0.0
LN105698,2025-12,0.0,0.0,0.0,0.0,CURRENT,0.0,0.0,NONE,,AUTO_ACCEPT,0.0
LN105554,2025-12,0.0,0.0,0.0,0.0,CURRENT,0.0,0.0,NONE,,AUTO_ACCEPT,0.0
LN102600,2025-12,0.0,0.0,0.0,0.0,CURRENT,0.0,0.0,NONE,,AUTO_ACCEPT,0.0
LN105692,2025-12,0.0,0.0,0.0,0.0,CURRENT,0.0,0.0,NONE,,AUTO_ACCEPT,0.0
LN102712,2025-12,0.0,0.0,0.0,0.0,CURRENT,0.0,0.0,NONE,,AUTO_ACCEPT,0.0
LN102599,2025-12,0.0,0.0,0.0,0.0,CURRENT,0.0,0.0,NONE,,AUTO_ACCEPT,0.0
LN105553,2025-12,0.0,0.0,0.0,0.0,CURRENT,0.0,0.0,NONE,,AUTO_ACCEPT,0.0
LN105693,2025-12,0.0,0.0,0.0,0.0,CURRENT,0.0,0.0,NONE,,AUTO_ACCEPT,0.0
LN102598,2025-12,0.0,0.0,0.0,0.0,CURRENT,0.0,0.0,NONE,,AUTO_ACCEPT,0.0
LN105694,2025-12,0.0,0.0,0.0,0.0,CURRENT,0.0,0.0,NONE,,AUTO_ACCEPT,0.0
LN102718,2025-12,0.0,0.0,0.0,0.0,CURRENT,0.0,0.0,NONE,,AUTO_ACCEPT,0.0
LN105552,2025-12,0.0,0.0,0.0,0.0,CURRENT,0.0,0.0,NONE,,AUTO_ACCEPT,0.0
LN105695,2025-12,0.0,0.0,0.0,0.0,CURRENT,0.0,0.0,NONE,,AUTO_ACCEPT,0.0
LN102597,2025-12,0.0,0.0,0.0,0.0,CURRENT,0.0,0.0,NONE,,AUTO_ACCEPT,0.0
LN105697,2025-12,0.0,0.0,0.0,0.0,CURRENT,0.0,0.0,NONE,,AUTO_ACCEPT,0.0
LN102596,2025-12,0.0,0.0,0.0,0.0,CURRENT,0.0,0.0,NONE,,AUTO_ACCEPT,0.0
LN105551,2025-12,0.0,0.0,0.0,0.0,CURRENT,0.0,0.0,NONE,,AUTO_ACCEPT,0.0
LN102782,2025-12,0.0,0.0,0.0,0.0,CURRENT,0.0,0.0,NONE,,AUTO_ACCEPT,0.0
LN105457,2025-12,0.0,0.0,0.0,0.0,CURRENT,0.0,0.0,NONE,,AUTO_ACCEPT,0.0
LN102445,2025-12,0.0,0.0,0.0,0.0,CURRENT,0.0,0.0,NONE,,AUTO_ACCEPT,0.0
LN102860,2025-12,0.0,0.0,0.0,0.0,CURRENT,0.0,0.0,NONE,,AUTO_ACCEPT,0.0
LN102293,2025-12,0.0,0.0,0.0,0.0,CURRENT,0.0,0.0,NONE,,AUTO_ACCEPT,0.0
LN106091,2025-12,0.0,0.0,0.0,0.0,CURRENT,0.0,0.0,NONE,,AUTO_ACCEPT,0.0
LN105360,2025-12,0.0,0.0,0.0,0.0,CURRENT,0.0,0.0,NONE,,AUTO_ACCEPT,0.0
LN102292,2025-12,0.0,0.0,0.0,0.0,CURRENT,0.0,0.0,NONE,,AUTO_ACCEPT,0.0
LN106093,2025-12,0.0,0.0,0.0,0.0,CURRENT,0.0,0.0,NONE,,AUTO_ACCEPT,0.0
LN106090,2025-12,0.0,0.0,0.0,0.0,CURRENT,0.0,0.0,NONE,,AUTO_ACCEPT,0.0
LN102861,2025-12,0.0,0.0,0.0,0.0,CURRENT,0.0,0.0,NONE,,AUTO_ACCEPT,0.0
LN106094,2025-12,0.0,0.0,0.0,0.0,CURRENT,0.0,0.0,NONE,,AUTO_ACCEPT,0.0
LN102291,2025-12,0.0,0.0,0.0,0.0,CURRENT,0.0,0.0,NONE,,AUTO_ACCEPT,0.0
LN106095,2025-12,0.0,0.0,0.0,0.0,CURRENT,0.0,0.0,NONE,,AUTO_ACCEPT,0.0
LN102290,2025-12,0.0,0.0,0.0,0.0,CURRENT,0.0,0.0,NONE,,AUTO_ACCEPT,0.0
LN102862,2025-12,0.0,0.0,0.0,0.0,CURRENT,0.0,0.0,NONE,,AUTO_ACCEPT,0.0
LN102289,2025-12,0.0,0.0,0.0,0.0,CURRENT,0.0,0.0,NONE,,AUTO_ACCEPT,0.0
LN105359,2025-12,0.0,0.0,0.0,0.0,CURRENT,0.0,0.0,NONE,,AUTO_ACCEPT,0.0
LN102294,2025-12,0.0,0.0,0.0,0.0,CURRENT,0.0,0.0,NONE,,AUTO_ACCEPT,0.0
LN106089,2025-12,0.0,0.0,0.0,0.0,CURRENT,0.0,0.0,NONE,,AUTO_ACCEPT,0.0
LN105361,2025-12,0.0,0.0,0.0,0.0,CURRENT,0.0,0.0,NONE,,AUTO_ACCEPT,0.0
LN106079,2025-12,0.0,0.0,0.0,0.0,CURRENT,0.0,0.0,NONE,,AUTO_ACCEPT,0.0
LN102301,2025-12,0.0,0.0,0.0,0.0,CURRENT,0.0,0.0,NONE,,AUTO_ACCEPT,0.0
LN102300,2025-12,0.0,0.0,0.0,0.0,CURRENT,0.0,0.0,NONE,,AUTO_ACCEPT,0.0
LN106081,2025-12,0.0,0.0,0.0,0.0,CURRENT,0.0,0.0,NONE,,AUTO_ACCEPT,0.0
LN102858,2025-12,0.0,0.0,0.0,0.0,CURRENT,0.0,0.0,NONE,,AUTO_ACCEPT,0.0
LN105363,2025-12,0.0,0.0,0.0,0.0,CURRENT,0.0,0.0,NONE,,AUTO_ACCEPT,0.0
LN106083,2025-12,0.0,0.0,0.0,0.0,CURRENT,0.0,0.0,NONE,,AUTO_ACCEPT,0.0
LN102299,2025-12,0.0,0.0,0.0,0.0,CURRENT,0.0,0.0,NONE,,AUTO_ACCEPT,0.0
LN106084,2025-12,0.0,0.0,0.0,0.0,CURRENT,0.0,0.0,NONE,,AUTO_ACCEPT,0.0
LN102297,2025-12,0.0,0.0,0.0,0.0,CURRENT,0.0,0.0,NONE,,AUTO_ACCEPT,0.0
LN102859,2025-12,0.0,0.0,0.0,0.0,CURRENT,0.0,0.0,NONE,,AUTO_ACCEPT,0.0
LN106086,2025-12,0.0,0.0,0.0,0.0,CURRENT,0.0,0.0,NONE,,AUTO_ACCEPT,0.0
LN105362,2025-12,0.0,0.0,0.0,0.0,CURRENT,0.0,0.0,NONE,,AUTO_ACCEPT,0.0
LN102296,2025-12,0.0,0.0,0.0,0.0,CURRENT,0.0,0.0,NONE,,AUTO_ACCEPT,0.0
LN106087,2025-12,0.0,0.0,0.0,0.0,CURRENT,0.0,0.0,NONE,,AUTO_ACCEPT,0.0
LN105357,2025-12,0.0,0.0,0.0,0.0,CURRENT,0.0,0.0,NONE,,AUTO_ACCEPT,0.0
LN105364,2025-12,0.0,0.0,0.0,0.0,CURRENT,0.0,0.0,NONE,,AUTO_ACCEPT,0.0
LN106097,2025-12,0.0,0.0,0.0,0.0,CURRENT,0.0,0.0,NONE,,AUTO_ACCEPT,0.0
LN102288,2025-12,0.0,0.0,0.0,0.0,CURRENT,0.0,0.0,NONE,,AUTO_ACCEPT,0.0
LN106109,2025-12,0.0,0.0,0.0,0.0,CURRENT,0.0,0.0,NONE,,AUTO_ACCEPT,0.0
LN102282,2025-12,0.0,0.0,0.0,0.0,CURRENT,0.0,0.0,NONE,,AUTO_ACCEPT,0.0
LN106110,2025-12,0.0,0.0,0.0,0.0,CURRENT,0.0,0.0,NONE,,AUTO_ACCEPT,0.0
LN105352,2025-12,0.0,0.0,0.0,0.0,CURRENT,0.0,0.0,NONE,,AUTO_ACCEPT,0.0
LN102280,2025-12,0.0,0.0,0.0,0.0,CURRENT,0.0,0.0,NONE,,AUTO_ACCEPT,0.0
LN106111,2025-12,0.0,0.0,0.0,0.0,CURRENT,0.0,0.0,NONE,,AUTO_ACCEPT,0.0
LN105353,2025-12,0.0,0.0,0.0,0.0,CURRENT,0.0,0.0,NONE,,AUTO_ACCEPT,0.0
LN102869,2025-12,0.0,0.0,0.0,0.0,CURRENT,0.0,0.0,NONE,,AUTO_ACCEPT,0.0
LN106112,2025-12,0.0,0.0,0.0,0.0,CURRENT,0.0,0.0,NONE,,AUTO_ACCEPT,0.0
LN105351,2025-12,0.0,0.0,0.0,0.0,CURRENT,0.0,0.0,NONE,,AUTO_ACCEPT,0.0
LN106113,2025-12,0.0,0.0,0.0,0.0,CURRENT,0.0,0.0,NONE,,AUTO_ACCEPT,0.0
LN102278,2025-12,0.0,0.0,0.0,0.0,CURRENT,0.0,0.0,NONE,,AUTO_ACCEPT,0.0
LN102870,2025-12,0.0,0.0,0.0,0.0,CURRENT,0.0,0.0,NONE,,AUTO_ACCEPT,0.0
LN106114,2025-12,0.0,0.0,0.0,0.0,CURRENT,0.0,0.0,NONE,,AUTO_ACCEPT,0.0
LN102279,2025-12,0.0,0.0,0.0,0.0,CURRENT,0.0,0.0,NONE,,AUTO_ACCEPT,0.0
LN106108,2025-12,0.0,0.0,0.0,0.0,CURRENT,0.0,0.0,NONE,,AUTO_ACCEPT,0.0
LN102868,2025-12,0.0,0.0,0.0,0.0,CURRENT,0.0,0.0,NONE,,AUTO_ACCEPT,0.0
LN102283,2025-12,0.0,0.0,0.0,0.0,CURRENT,0.0,0.0,NONE,,AUTO_ACCEPT,0.0
LN105356,2025-12,0.0,0.0,0.0,0.0,CURRENT,0.0,0.0,NONE,,AUTO_ACCEPT,0.0
LN106101,2025-12,0.0,0.0,0.0,0.0,CURRENT,0.0,0.0,NONE,,AUTO_ACCEPT,0.0
LN102287,2025-12,0.0,0.0,0.0,0.0,CURRENT,0.0,0.0,NONE,,AUTO_ACCEPT,0.0
LN106102,2025-12,0.0,0.0,0.0,0.0,CURRENT,0.0,0.0,NONE,,AUTO_ACCEPT,0.0
LN102863,2025-12,0.0,0.0,0.0,0.0,CURRENT,0.0,0.0,NONE,,AUTO_ACCEPT,0.0
LN102286,2025-12,0.0,0.0,0.0,0.0,CURRENT,0.0,0.0,NONE,,AUTO_ACCEPT,0.0
LN105355,2025-12,0.0,0.0,0.0,0.0,CURRENT,0.0,0.0,NONE,,AUTO_ACCEPT,0.0
LN106103,2025-12,0.0,0.0,0.0,0.0,CURRENT,0.0,0.0,NONE,,AUTO_ACCEPT,0.0
LN106104,2025-12,0.0,0.0,0.0,0.0,CURRENT,0.0,0.0,NONE,,AUTO_ACCEPT,0.0
LN102285,2025-12,0.0,0.0,0.0,0.0,CURRENT,0.0,0.0,NONE,,AUTO_ACCEPT,0.0
LN102866,2025-12,0.0,0.0,0.0,0.0,CURRENT,0.0,0.0,NONE,,AUTO_ACCEPT,0.0
LN105354,2025-12,0.0,0.0,0.0,0.0,CURRENT,0.0,0.0,NONE,,AUTO_ACCEPT,0.0
LN106105,2025-12,0.0,0.0,0.0,0.0,CURRENT,0.0,0.0,NONE,,AUTO_ACCEPT,0.0
LN102284,2025-12,0.0,0.0,0.0,0.0,CURRENT,0.0,0.0,NONE,,AUTO_ACCEPT,0.0
LN106107,2025-12,0.0,0.0,0.0,0.0,CURRENT,0.0,0.0,NONE,,AUTO_ACCEPT,0.0
LN106099,2025-12,0.0,0.0,0.0,0.0,CURRENT,0.0,0.0,NONE,,AUTO_ACCEPT,0.0
LN102276,2025-12,0.0,0.0,0.0,0.0,CURRENT,0.0,0.0,NONE,,AUTO_ACCEPT,0.0
LN102857,2025-12,0.0,0.0,0.0,0.0,CURRENT,0.0,0.0,NONE,,AUTO_ACCEPT,0.0
LN102303,2025-12,0.0,0.0,0.0,0.0,CURRENT,0.0,0.0,NONE,,AUTO_ACCEPT,0.0
LN106044,2025-12,0.0,0.0,0.0,0.0,CURRENT,0.0,0.0,NONE,,AUTO_ACCEPT,0.0
LN102846,2025-12,0.0,0.0,0.0,0.0,CURRENT,0.0,0.0,NONE,,AUTO_ACCEPT,0.0
LN102325,2025-12,0.0,0.0,0.0,0.0,CURRENT,0.0,0.0,NONE,,AUTO_ACCEPT,0.0
LN105376,2025-12,0.0,0.0,0.0,0.0,CURRENT,0.0,0.0,NONE,,AUTO_ACCEPT,0.0
LN106045,2025-12,0.0,0.0,0.0,0.0,CURRENT,0.0,0.0,NONE,,AUTO_ACCEPT,0.0
LN106046,2025-12,0.0,0.0,0.0,0.0,CURRENT,0.0,0.0,NONE,,AUTO_ACCEPT,0.0
LN102327,2025-12,0.0,0.0,0.0,0.0,CURRENT,0.0,0.0,NONE,,AUTO_ACCEPT,0.0
LN102324,2025-12,0.0,0.0,0.0,0.0,CURRENT,0.0,0.0,NONE,,AUTO_ACCEPT,0.0
LN105375,2025-12,0.0,0.0,0.0,0.0,CURRENT,0.0,0.0,NONE,,AUTO_ACCEPT,0.0
LN102322,2025-12,0.0,0.0,0.0,0.0,CURRENT,0.0,0.0,NONE,,AUTO_ACCEPT,0.0
LN106048,2025-12,0.0,0.0,0.0,0.0,CURRENT,0.0,0.0,NONE,,AUTO_ACCEPT,0.0
LN102321,2025-12,0.0,0.0,0.0,0.0,CURRENT,0.0,0.0,NONE,,AUTO_ACCEPT,0.0
LN106049,2025-12,0.0,0.0,0.0,0.0,CURRENT,0.0,0.0,NONE,,AUTO_ACCEPT,0.0
LN105374,2025-12,0.0,0.0,0.0,0.0,CURRENT,0.0,0.0,NONE,,AUTO_ACCEPT,0.0
LN102847,2025-12,0.0,0.0,0.0,0.0,CURRENT,0.0,0.0,NONE,,AUTO_ACCEPT,0.0
LN106043,2025-12,0.0,0.0,0.0,0.0,CURRENT,0.0,0.0,NONE,,AUTO_ACCEPT,0.0
LN105379,2025-12,0.0,0.0,0.0,0.0,CURRENT,0.0,0.0,NONE,,AUTO_ACCEPT,0.0
LN102328,2025-12,0.0,0.0,0.0,0.0,CURRENT,0.0,0.0,NONE,,AUTO_ACCEPT,0.0
LN102334,2025-12,0.0,0.0,0.0,0.0,CURRENT,0.0,0.0,NONE,,AUTO_ACCEPT,0.0
LN106036,2025-12,0.0,0.0,0.0,0.0,CURRENT,0.0,0.0,NONE,,AUTO_ACCEPT,0.0
LN102840,2025-12,0.0,0.0,0.0,0.0,CURRENT,0.0,0.0,NONE,,AUTO_ACCEPT,0.0
LN105382,2025-12,0.0,0.0,0.0,0.0,CURRENT,0.0,0.0,NONE,,AUTO_ACCEPT,0.0
LN106037,2025-12,0.0,0.0,0.0,0.0,CURRENT,0.0,0.0,NONE,,AUTO_ACCEPT,0.0
LN102332,2025-12,0.0,0.0,0.0,0.0,CURRENT,0.0,0.0,NONE,,AUTO_ACCEPT,0.0
LN106038,2025-12,0.0,0.0,0.0,0.0,CURRENT,0.0,0.0,NONE,,AUTO_ACCEPT,0.0
LN102331,2025-12,0.0,0.0,0.0,0.0,CURRENT,0.0,0.0,NONE,,AUTO_ACCEPT,0.0
LN102842,2025-12,0.0,0.0,0.0,0.0,CURRENT,0.0,0.0,NONE,,AUTO_ACCEPT,0.0
LN106039,2025-12,0.0,0.0,0.0,0.0,CURRENT,0.0,0.0,NONE,,AUTO_ACCEPT,0.0
LN105380,2025-12,0.0,0.0,0.0,0.0,CURRENT,0.0,0.0,NONE,,AUTO_ACCEPT,0.0
LN102329,2025-12,0.0,0.0,0.0,0.0,CURRENT,0.0,0.0,NONE,,AUTO_ACCEPT,0.0
LN106040,2025-12,0.0,0.0,0.0,0.0,CURRENT,0.0,0.0,NONE,,AUTO_ACCEPT,0.0
LN102844,2025-12,0.0,0.0,0.0,0.0,CURRENT,0.0,0.0,NONE,,AUTO_ACCEPT,0.0
LN106042,2025-12,0.0,0.0,0.0,0.0,CURRENT,0.0,0.0,NONE,,AUTO_ACCEPT,0.0
LN106050,2025-12,0.0,0.0,0.0,0.0,CURRENT,0.0,0.0,NONE,,AUTO_ACCEPT,0.0
LN106075,2025-12,0.0,0.0,0.0,0.0,CURRENT,0.0,0.0,NONE,,AUTO_ACCEPT,0.0
LN102320,2025-12,0.0,0.0,0.0,0.0,CURRENT,0.0,0.0,NONE,,AUTO_ACCEPT,0.0
LN106052,2025-12,0.0,0.0,0.0,0.0,CURRENT,0.0,0.0,NONE,,AUTO_ACCEPT,0.0
LN102852,2025-12,0.0,0.0,0.0,0.0,CURRENT,0.0,0.0,NONE,,AUTO_ACCEPT,0.0
LN102308,2025-12,0.0,0.0,0.0,0.0,CURRENT,0.0,0.0,NONE,,AUTO_ACCEPT,0.0
LN105368,2025-12,0.0,0.0,0.0,0.0,CURRENT,0.0,0.0,NONE,,AUTO_ACCEPT,0.0
LN106066,2025-12,0.0,0.0,0.0,0.0,CURRENT,0.0,0.0,NONE,,AUTO_ACCEPT,0.0
LN106067,2025-12,0.0,0.0,0.0,0.0,CURRENT,0.0,0.0,NONE,,AUTO_ACCEPT,0.0
LN102306,2025-12,0.0,0.0,0.0,0.0,CURRENT,0.0,0.0,NONE,,AUTO_ACCEPT,0.0
LN106065,2025-12,0.0,0.0,0.0,0.0,CURRENT,0.0,0.0,NONE,,AUTO_ACCEPT,0.0
LN102854,2025-12,0.0,0.0,0.0,0.0,CURRENT,0.0,0.0,NONE,,AUTO_ACCEPT,0.0
LN106072,2025-12,0.0,0.0,0.0,0.0,CURRENT,0.0,0.0,NONE,,AUTO_ACCEPT,0.0
LN102305,2025-12,0.0,0.0,0.0,0.0,CURRENT,0.0,0.0,NONE,,AUTO_ACCEPT,0.0
LN106073,2025-12,0.0,0.0,0.0,0.0,CURRENT,0.0,0.0,NONE,,AUTO_ACCEPT,0.0
LN102304,2025-12,0.0,0.0,0.0,0.0,CURRENT,0.0,0.0,NONE,,AUTO_ACCEPT,0.0
LN106074,2025-12,0.0,0.0,0.0,0.0,CURRENT,0.0,0.0,NONE,,AUTO_ACCEPT,0.0
LN105365,2025-12,0.0,0.0,0.0,0.0,CURRENT,0.0,0.0,NONE,,AUTO_ACCEPT,0.0
LN105367,2025-12,0.0,0.0,0.0,0.0,CURRENT,0.0,0.0,NONE,,AUTO_ACCEPT,0.0
LN102312,2025-12,0.0,0.0,0.0,0.0,CURRENT,0.0,0.0,NONE,,AUTO_ACCEPT,0.0
LN105369,2025-12,0.0,0.0,0.0,0.0,CURRENT,0.0,0.0,NONE,,AUTO_ACCEPT,0.0
LN106062,2025-12,0.0,0.0,0.0,0.0,CURRENT,0.0,0.0,NONE,,AUTO_ACCEPT,0.0
LN105372,2025-12,0.0,0.0,0.0,0.0,CURRENT,0.0,0.0,NONE,,AUTO_ACCEPT,0.0
LN102319,2025-12,0.0,0.0,0.0,0.0,CURRENT,0.0,0.0,NONE,,AUTO_ACCEPT,0.0
LN106054,2025-12,0.0,0.0,0.0,0.0,CURRENT,0.0,0.0,NONE,,AUTO_ACCEPT,0.0
LN102318,2025-12,0.0,0.0,0.0,0.0,CURRENT,0.0,0.0,NONE,,AUTO_ACCEPT,0.0
LN102849,2025-12,0.0,0.0,0.0,0.0,CURRENT,0.0,0.0,NONE,,AUTO_ACCEPT,0.0
LN106055,2025-12,0.0,0.0,0.0,0.0,CURRENT,0.0,0.0,NONE,,AUTO_ACCEPT,0.0
LN105371,2025-12,0.0,0.0,0.0,0.0,CURRENT,0.0,0.0,NONE,,AUTO_ACCEPT,0.0
LN106056,2025-12,0.0,0.0,0.0,0.0,CURRENT,0.0,0.0,NONE,,AUTO_ACCEPT,0.0
LN102317,2025-12,0.0,0.0,0.0,0.0,CURRENT,0.0,0.0,NONE,,AUTO_ACCEPT,0.0
LN106058,2025-12,0.0,0.0,0.0,0.0,CURRENT,0.0,0.0,NONE,,AUTO_ACCEPT,0.0
LN102851,2025-12,0.0,0.0,0.0,0.0,CURRENT,0.0,0.0,NONE,,AUTO_ACCEPT,0.0
LN102314,2025-12,0.0,0.0,0.0,0.0,CURRENT,0.0,0.0,NONE,,AUTO_ACCEPT,0.0
LN105370,2025-12,0.0,0.0,0.0,0.0,CURRENT,0.0,0.0,NONE,,AUTO_ACCEPT,0.0
LN106061,2025-12,0.0,0.0,0.0,0.0,CURRENT,0.0,0.0,NONE,,AUTO_ACCEPT,0.0
LN102313,2025-12,0.0,0.0,0.0,0.0,CURRENT,0.0,0.0,NONE,,AUTO_ACCEPT,0.0
LN102848,2025-12,0.0,0.0,0.0,0.0,CURRENT,0.0,0.0,NONE,,AUTO_ACCEPT,0.0
LN106115,2025-12,0.0,0.0,0.0,0.0,CURRENT,0.0,0.0,NONE,,AUTO_ACCEPT,0.0
LN102871,2025-12,0.0,0.0,0.0,0.0,CURRENT,0.0,0.0,NONE,,AUTO_ACCEPT,0.0
LN102274,2025-12,0.0,0.0,0.0,0.0,CURRENT,0.0,0.0,NONE,,AUTO_ACCEPT,0.0
LN106167,2025-12,0.0,0.0,0.0,0.0,CURRENT,0.0,0.0,NONE,,AUTO_ACCEPT,0.0
LN102233,2025-12,0.0,0.0,0.0,0.0,CURRENT,0.0,0.0,NONE,,AUTO_ACCEPT,0.0
LN105324,2025-12,0.0,0.0,0.0,0.0,CURRENT,0.0,0.0,NONE,,AUTO_ACCEPT,0.0
LN106171,2025-12,0.0,0.0,0.0,0.0,CURRENT,0.0,0.0,NONE,,AUTO_ACCEPT,0.0
LN102232,2025-12,0.0,0.0,0.0,0.0,CURRENT,0.0,0.0,NONE,,AUTO_ACCEPT,0.0
LN106172,2025-12,0.0,0.0,0.0,0.0,CURRENT,0.0,0.0,NONE,,AUTO_ACCEPT,0.0
LN102891,2025-12,0.0,0.0,0.0,0.0,CURRENT,0.0,0.0,NONE,,AUTO_ACCEPT,0.0
LN102893,2025-12,0.0,0.0,0.0,0.0,CURRENT,0.0,0.0,NONE,,AUTO_ACCEPT,0.0
LN106174,2025-12,0.0,0.0,0.0,0.0,CURRENT,0.0,0.0,NONE,,AUTO_ACCEPT,0.0
LN102231,2025-12,0.0,0.0,0.0,0.0,CURRENT,0.0,0.0,NONE,,AUTO_ACCEPT,0.0
LN106175,2025-12,0.0,0.0,0.0,0.0,CURRENT,0.0,0.0,NONE,,AUTO_ACCEPT,0.0
LN102230,2025-12,0.0,0.0,0.0,0.0,CURRENT,0.0,0.0,NONE,,AUTO_ACCEPT,0.0
LN102894,2025-12,0.0,0.0,0.0,0.0,CURRENT,0.0,0.0,NONE,,AUTO_ACCEPT,0.0
LN106176,2025-12,0.0,0.0,0.0,0.0,CURRENT,0.0,0.0,NONE,,AUTO_ACCEPT,0.0
LN105322,2025-12,0.0,0.0,0.0,0.0,CURRENT,0.0,0.0,NONE,,AUTO_ACCEPT,0.0
LN102234,2025-12,0.0,0.0,0.0,0.0,CURRENT,0.0,0.0,NONE,,AUTO_ACCEPT,0.0
LN106165,2025-12,0.0,0.0,0.0,0.0,CURRENT,0.0,0.0,NONE,,AUTO_ACCEPT,0.0
LN105326,2025-12,0.0,0.0,0.0,0.0,CURRENT,0.0,0.0,NONE,,AUTO_ACCEPT,0.0
LN102241,2025-12,0.0,0.0,0.0,0.0,CURRENT,0.0,0.0,NONE,,AUTO_ACCEPT,0.0
LN106156,2025-12,0.0,0.0,0.0,0.0,CURRENT,0.0,0.0,NONE,,AUTO_ACCEPT,0.0
LN102240,2025-12,0.0,0.0,0.0,0.0,CURRENT,0.0,0.0,NONE,,AUTO_ACCEPT,0.0
LN102889,2025-12,0.0,0.0,0.0,0.0,CURRENT,0.0,0.0,NONE,,AUTO_ACCEPT,0.0
LN106158,2025-12,0.0,0.0,0.0,0.0,CURRENT,0.0,0.0,NONE,,AUTO_ACCEPT,0.0
LN105329,2025-12,0.0,0.0,0.0,0.0,CURRENT,0.0,0.0,NONE,,AUTO_ACCEPT,0.0
LN106159,2025-12,0.0,0.0,0.0,0.0,CURRENT,0.0,0.0,NONE,,AUTO_ACCEPT,0.0
LN102239,2025-12,0.0,0.0,0.0,0.0,CURRENT,0.0,0.0,NONE,,AUTO_ACCEPT,0.0
LN106161,2025-12,0.0,0.0,0.0,0.0,CURRENT,0.0,0.0,NONE,,AUTO_ACCEPT,0.0
LN102890,2025-12,0.0,0.0,0.0,0.0,CURRENT,0.0,0.0,NONE,,AUTO_ACCEPT,0.0
LN102237,2025-12,0.0,0.0,0.0,0.0,CURRENT,0.0,0.0,NONE,,AUTO_ACCEPT,0.0
LN105328,2025-12,0.0,0.0,0.0,0.0,CURRENT,0.0,0.0,NONE,,AUTO_ACCEPT,0.0
LN106162,2025-12,0.0,0.0,0.0,0.0,CURRENT,0.0,0.0,NONE,,AUTO_ACCEPT,0.0
LN102235,2025-12,0.0,0.0,0.0,0.0,CURRENT,0.0,0.0,NONE,,AUTO_ACCEPT,0.0
LN106163,2025-12,0.0,0.0,0.0,0.0,CURRENT,0.0,0.0,NONE,,AUTO_ACCEPT,0.0
LN105321,2025-12,0.0,0.0,0.0,0.0,CURRENT,0.0,0.0,NONE,,AUTO_ACCEPT,0.0
LN105330,2025-12,0.0,0.0,0.0,0.0,CURRENT,0.0,0.0,NONE,,AUTO_ACCEPT,0.0
LN102229,2025-12,0.0,0.0,0.0,0.0,CURRENT,0.0,0.0,NONE,,AUTO_ACCEPT,0.0
LN105320,2025-12,0.0,0.0,0.0,0.0,CURRENT,0.0,0.0,NONE,,AUTO_ACCEPT,0.0
LN106185,2025-12,0.0,0.0,0.0,0.0,CURRENT,0.0,0.0,NONE,,AUTO_ACCEPT,0.0
LN106186,2025-12,0.0,0.0,0.0,0.0,CURRENT,0.0,0.0,NONE,,AUTO_ACCEPT,0.0
LN102221,2025-12,0.0,0.0,0.0,0.0,CURRENT,0.0,0.0,NONE,,AUTO_ACCEPT,0.0
LN105315,2025-12,0.0,0.0,0.0,0.0,CURRENT,0.0,0.0,NONE,,AUTO_ACCEPT,0.0
LN106187,2025-12,0.0,0.0,0.0,0.0,CURRENT,0.0,0.0,NONE,,AUTO_ACCEPT,0.0
LN102220,2025-12,0.0,0.0,0.0,0.0,CURRENT,0.0,0.0,NONE,,AUTO_ACCEPT,0.0
LN102222,2025-12,0.0,0.0,0.0,0.0,CURRENT,0.0,0.0,NONE,,AUTO_ACCEPT,0.0
LN102900,2025-12,0.0,0.0,0.0,0.0,CURRENT,0.0,0.0,NONE,,AUTO_ACCEPT,0.0
LN102219,2025-12,0.0,0.0,0.0,0.0,CURRENT,0.0,0.0,NONE,,AUTO_ACCEPT,0.0
LN102901,2025-12,0.0,0.0,0.0,0.0,CURRENT,0.0,0.0,NONE,,AUTO_ACCEPT,0.0
LN106189,2025-12,0.0,0.0,0.0,0.0,CURRENT,0.0,0.0,NONE,,AUTO_ACCEPT,0.0
LN105311,2025-12,0.0,0.0,0.0,0.0,CURRENT,0.0,0.0,NONE,,AUTO_ACCEPT,0.0
LN106190,2025-12,0.0,0.0,0.0,0.0,CURRENT,0.0,0.0,NONE,,AUTO_ACCEPT,0.0
LN102217,2025-12,0.0,0.0,0.0,0.0,CURRENT,0.0,0.0,NONE,,AUTO_ACCEPT,0.0
LN106188,2025-12,0.0,0.0,0.0,0.0,CURRENT,0.0,0.0,NONE,,AUTO_ACCEPT,0.0
LN105316,2025-12,0.0,0.0,0.0,0.0,CURRENT,0.0,0.0,NONE,,AUTO_ACCEPT,0.0
LN102899,2025-12,0.0,0.0,0.0,0.0,CURRENT,0.0,0.0,NONE,,AUTO_ACCEPT,0.0
LN106184,2025-12,0.0,0.0,0.0,0.0,CURRENT,0.0,0.0,NONE,,AUTO_ACCEPT,0.0
LN106178,2025-12,0.0,0.0,0.0,0.0,CURRENT,0.0,0.0,NONE,,AUTO_ACCEPT,0.0
LN102228,2025-12,0.0,0.0,0.0,0.0,CURRENT,0.0,0.0,NONE,,AUTO_ACCEPT,0.0
LN106179,2025-12,0.0,0.0,0.0,0.0,CURRENT,0.0,0.0,NONE,,AUTO_ACCEPT,0.0
LN102895,2025-12,0.0,0.0,0.0,0.0,CURRENT,0.0,0.0,NONE,,AUTO_ACCEPT,0.0
LN102227,2025-12,0.0,0.0,0.0,0.0,CURRENT,0.0,0.0,NONE,,AUTO_ACCEPT,0.0
LN106180,2025-12,0.0,0.0,0.0,0.0,CURRENT,0.0,0.0,NONE,,AUTO_ACCEPT,0.0
LN105319,2025-12,0.0,0.0,0.0,0.0,CURRENT,0.0,0.0,NONE,,AUTO_ACCEPT,0.0
LN102225,2025-12,0.0,0.0,0.0,0.0,CURRENT,0.0,0.0,NONE,,AUTO_ACCEPT,0.0
LN106181,2025-12,0.0,0.0,0.0,0.0,CURRENT,0.0,0.0,NONE,,AUTO_ACCEPT,0.0
LN102898,2025-12,0.0,0.0,0.0,0.0,CURRENT,0.0,0.0,NONE,,AUTO_ACCEPT,0.0
LN105318,2025-12,0.0,0.0,0.0,0.0,CURRENT,0.0,0.0,NONE,,AUTO_ACCEPT,0.0
LN106182,2025-12,0.0,0.0,0.0,0.0,CURRENT,0.0,0.0,NONE,,AUTO_ACCEPT,0.0
LN102224,2025-12,0.0,0.0,0.0,0.0,CURRENT,0.0,0.0,NONE,,AUTO_ACCEPT,0.0
LN106183,2025-12,0.0,0.0,0.0,0.0,CURRENT,0.0,0.0,NONE,,AUTO_ACCEPT,0.0
LN102223,2025-12,0.0,0.0,0.0,0.0,CURRENT,0.0,0.0,NONE,,AUTO_ACCEPT,0.0
LN106177,2025-12,0.0,0.0,0.0,0.0,CURRENT,0.0,0.0,NONE,,AUTO_ACCEPT,0.0
LN106155,2025-12,0.0,0.0,0.0,0.0,CURRENT,0.0,0.0,NONE,,AUTO_ACCEPT,0.0
LN102888,2025-12,0.0,0.0,0.0,0.0,CURRENT,0.0,0.0,NONE,,AUTO_ACCEPT,0.0
LN102244,2025-12,0.0,0.0,0.0,0.0,CURRENT,0.0,0.0,NONE,,AUTO_ACCEPT,0.0
LN102266,2025-12,0.0,0.0,0.0,0.0,CURRENT,0.0,0.0,NONE,,AUTO_ACCEPT,0.0
LN102876,2025-12,0.0,0.0,0.0,0.0,CURRENT,0.0,0.0,NONE,,AUTO_ACCEPT,0.0
LN106125,2025-12,0.0,0.0,0.0,0.0,CURRENT,0.0,0.0,NONE,,AUTO_ACCEPT,0.0
LN105342,2025-12,0.0,0.0,0.0,0.0,CURRENT,0.0,0.0,NONE,,AUTO_ACCEPT,0.0
LN106127,2025-12,0.0,0.0,0.0,0.0,CURRENT,0.0,0.0,NONE,,AUTO_ACCEPT,0.0
LN102264,2025-12,0.0,0.0,0.0,0.0,CURRENT,0.0,0.0,NONE,,AUTO_ACCEPT,0.0
LN106124,2025-12,0.0,0.0,0.0,0.0,CURRENT,0.0,0.0,NONE,,AUTO_ACCEPT,0.0
LN106128,2025-12,0.0,0.0,0.0,0.0,CURRENT,0.0,0.0,NONE,,AUTO_ACCEPT,0.0
LN102263,2025-12,0.0,0.0,0.0,0.0,CURRENT,0.0,0.0,NONE,,AUTO_ACCEPT,0.0
LN106129,2025-12,0.0,0.0,0.0,0.0,CURRENT,0.0,0.0,NONE,,AUTO_ACCEPT,0.0
LN102877,2025-12,0.0,0.0,0.0,0.0,CURRENT,0.0,0.0,NONE,,AUTO_ACCEPT,0.0
LN102262,2025-12,0.0,0.0,0.0,0.0,CURRENT,0.0,0.0,NONE,,AUTO_ACCEPT,0.0
LN106131,2025-12,0.0,0.0,0.0,0.0,CURRENT,0.0,0.0,NONE,,AUTO_ACCEPT,0.0
LN105339,2025-12,0.0,0.0,0.0,0.0,CURRENT,0.0,0.0,NONE,,AUTO_ACCEPT,0.0
LN105340,2025-12,0.0,0.0,0.0,0.0,CURRENT,0.0,0.0,NONE,,AUTO_ACCEPT,0.0
LN102267,2025-12,0.0,0.0,0.0,0.0,CURRENT,0.0,0.0,NONE,,AUTO_ACCEPT,0.0
LN106123,2025-12,0.0,0.0,0.0,0.0,CURRENT,0.0,0.0,NONE,,AUTO_ACCEPT,0.0
LN105343,2025-12,0.0,0.0,0.0,0.0,CURRENT,0.0,0.0,NONE,,AUTO_ACCEPT,0.0
LN105349,2025-12,0.0,0.0,0.0,0.0,CURRENT,0.0,0.0,NONE,,AUTO_ACCEPT,0.0
LN106116,2025-12,0.0,0.0,0.0,0.0,CURRENT,0.0,0.0,NONE,,AUTO_ACCEPT,0.0
LN106117,2025-12,0.0,0.0,0.0,0.0,CURRENT,0.0,0.0,NONE,,AUTO_ACCEPT,0.0
LN102271,2025-12,0.0,0.0,0.0,0.0,CURRENT,0.0,0.0,NONE,,AUTO_ACCEPT,0.0
LN105347,2025-12,0.0,0.0,0.0,0.0,CURRENT,0.0,0.0,NONE,,AUTO_ACCEPT,0.0
LN106118,2025-12,0.0,0.0,0.0,0.0,CURRENT,0.0,0.0,NONE,,AUTO_ACCEPT,0.0
LN102270,2025-12,0.0,0.0,0.0,0.0,CURRENT,0.0,0.0,NONE,,AUTO_ACCEPT,0.0
LN106119,2025-12,0.0,0.0,0.0,0.0,CURRENT,0.0,0.0,NONE,,AUTO_ACCEPT,0.0
LN102872,2025-12,0.0,0.0,0.0,0.0,CURRENT,0.0,0.0,NONE,,AUTO_ACCEPT,0.0
LN102269,2025-12,0.0,0.0,0.0,0.0,CURRENT,0.0,0.0,NONE,,AUTO_ACCEPT,0.0
LN105345,2025-12,0.0,0.0,0.0,0.0,CURRENT,0.0,0.0,NONE,,AUTO_ACCEPT,0.0
LN106121,2025-12,0.0,0.0,0.0,0.0,CURRENT,0.0,0.0,NONE,,AUTO_ACCEPT,0.0
LN106122,2025-12,0.0,0.0,0.0,0.0,CURRENT,0.0,0.0,NONE,,AUTO_ACCEPT,0.0
LN102268,2025-12,0.0,0.0,0.0,0.0,CURRENT,0.0,0.0,NONE,,AUTO_ACCEPT,0.0
LN102873,2025-12,0.0,0.0,0.0,0.0,CURRENT,0.0,0.0,NONE,,AUTO_ACCEPT,0.0
LN106132,2025-12,0.0,0.0,0.0,0.0,CURRENT,0.0,0.0,NONE,,AUTO_ACCEPT,0.0
LN102261,2025-12,0.0,0.0,0.0,0.0,CURRENT,0.0,0.0,NONE,,AUTO_ACCEPT,0.0
LN102878,2025-12,0.0,0.0,0.0,0.0,CURRENT,0.0,0.0,NONE,,AUTO_ACCEPT,0.0
LN106133,2025-12,0.0,0.0,0.0,0.0,CURRENT,0.0,0.0,NONE,,AUTO_ACCEPT,0.0
LN102250,2025-12,0.0,0.0,0.0,0.0,CURRENT,0.0,0.0,NONE,,AUTO_ACCEPT,0.0
LN102885,2025-12,0.0,0.0,0.0,0.0,CURRENT,0.0,0.0,NONE,,AUTO_ACCEPT,0.0
LN106147,2025-12,0.0,0.0,0.0,0.0,CURRENT,0.0,0.0,NONE,,AUTO_ACCEPT,0.0
LN105333,2025-12,0.0,0.0,0.0,0.0,CURRENT,0.0,0.0,NONE,,AUTO_ACCEPT,0.0
LN102249,2025-12,0.0,0.0,0.0,0.0,CURRENT,0.0,0.0,NONE,,AUTO_ACCEPT,0.0
LN106148,2025-12,0.0,0.0,0.0,0.0,CURRENT,0.0,0.0,NONE,,AUTO_ACCEPT,0.0
LN102886,2025-12,0.0,0.0,0.0,0.0,CURRENT,0.0,0.0,NONE,,AUTO_ACCEPT,0.0
LN106149,2025-12,0.0,0.0,0.0,0.0,CURRENT,0.0,0.0,NONE,,AUTO_ACCEPT,0.0
LN102248,2025-12,0.0,0.0,0.0,0.0,CURRENT,0.0,0.0,NONE,,AUTO_ACCEPT,0.0
LN105332,2025-12,0.0,0.0,0.0,0.0,CURRENT,0.0,0.0,NONE,,AUTO_ACCEPT,0.0
LN106150,2025-12,0.0,0.0,0.0,0.0,CURRENT,0.0,0.0,NONE,,AUTO_ACCEPT,0.0
LN102246,2025-12,0.0,0.0,0.0,0.0,CURRENT,0.0,0.0,NONE,,AUTO_ACCEPT,0.0
LN106152,2025-12,0.0,0.0,0.0,0.0,CURRENT,0.0,0.0,NONE,,AUTO_ACCEPT,0.0
LN105331,2025-12,0.0,0.0,0.0,0.0,CURRENT,0.0,0.0,NONE,,AUTO_ACCEPT,0.0
LN106153,2025-12,0.0,0.0,0.0,0.0,CURRENT,0.0,0.0,NONE,,AUTO_ACCEPT,0.0
LN102251,2025-12,0.0,0.0,0.0,0.0,CURRENT,0.0,0.0,NONE,,AUTO_ACCEPT,0.0
LN106035,2025-12,0.0,0.0,0.0,0.0,CURRENT,0.0,0.0,NONE,,AUTO_ACCEPT,0.0
LN106145,2025-12,0.0,0.0,0.0,0.0,CURRENT,0.0,0.0,NONE,,AUTO_ACCEPT,0.0
LN106143,2025-12,0.0,0.0,0.0,0.0,CURRENT,0.0,0.0,NONE,,AUTO_ACCEPT,0.0
LN105338,2025-12,0.0,0.0,0.0,0.0,CURRENT,0.0,0.0,NONE,,AUTO_ACCEPT,0.0
LN102259,2025-12,0.0,0.0,0.0,0.0,CURRENT,0.0,0.0,NONE,,AUTO_ACCEPT,0.0
LN106134,2025-12,0.0,0.0,0.0,0.0,CURRENT,0.0,0.0,NONE,,AUTO_ACCEPT,0.0
LN102258,2025-12,0.0,0.0,0.0,0.0,CURRENT,0.0,0.0,NONE,,AUTO_ACCEPT,0.0
LN106137,2025-12,0.0,0.0,0.0,0.0,CURRENT,0.0,0.0,NONE,,AUTO_ACCEPT,0.0
LN102882,2025-12,0.0,0.0,0.0,0.0,CURRENT,0.0,0.0,NONE,,AUTO_ACCEPT,0.0
LN105337,2025-12,0.0,0.0,0.0,0.0,CURRENT,0.0,0.0,NONE,,AUTO_ACCEPT,0.0
LN106138,2025-12,0.0,0.0,0.0,0.0,CURRENT,0.0,0.0,NONE,,AUTO_ACCEPT,0.0
LN102257,2025-12,0.0,0.0,0.0,0.0,CURRENT,0.0,0.0,NONE,,AUTO_ACCEPT,0.0
LN106139,2025-12,0.0,0.0,0.0,0.0,CURRENT,0.0,0.0,NONE,,AUTO_ACCEPT,0.0
LN102255,2025-12,0.0,0.0,0.0,0.0,CURRENT,0.0,0.0,NONE,,AUTO_ACCEPT,0.0
LN105336,2025-12,0.0,0.0,0.0,0.0,CURRENT,0.0,0.0,NONE,,AUTO_ACCEPT,0.0
LN106142,2025-12,0.0,0.0,0.0,0.0,CURRENT,0.0,0.0,NONE,,AUTO_ACCEPT,0.0
LN102252,2025-12,0.0,0.0,0.0,0.0,CURRENT,0.0,0.0,NONE,,AUTO_ACCEPT,0.0
LN102884,2025-12,0.0,0.0,0.0,0.0,CURRENT,0.0,0.0,NONE,,AUTO_ACCEPT,0.0
LN105334,2025-12,0.0,0.0,0.0,0.0,CURRENT,0.0,0.0,NONE,,AUTO_ACCEPT,0.0
LN102335,2025-12,0.0,0.0,0.0,0.0,CURRENT,0.0,0.0,NONE,,AUTO_ACCEPT,0.0
LN106034,2025-12,0.0,0.0,0.0,0.0,CURRENT,0.0,0.0,NONE,,AUTO_ACCEPT,0.0
LN105383,2025-12,0.0,0.0,0.0,0.0,CURRENT,0.0,0.0,NONE,,AUTO_ACCEPT,0.0
LN105939,2025-12,0.0,0.0,0.0,0.0,CURRENT,0.0,0.0,NONE,,AUTO_ACCEPT,0.0
LN102409,2025-12,0.0,0.0,0.0,0.0,CURRENT,0.0,0.0,NONE,,AUTO_ACCEPT,0.0
LN105940,2025-12,0.0,0.0,0.0,0.0,CURRENT,0.0,0.0,NONE,,AUTO_ACCEPT,0.0
LN102799,2025-12,0.0,0.0,0.0,0.0,CURRENT,0.0,0.0,NONE,,AUTO_ACCEPT,0.0
LN102408,2025-12,0.0,0.0,0.0,0.0,CURRENT,0.0,0.0,NONE,,AUTO_ACCEPT,0.0
LN105941,2025-12,0.0,0.0,0.0,0.0,CURRENT,0.0,0.0,NONE,,AUTO_ACCEPT,0.0
LN105434,2025-12,0.0,0.0,0.0,0.0,CURRENT,0.0,0.0,NONE,,AUTO_ACCEPT,0.0
LN105432,2025-12,0.0,0.0,0.0,0.0,CURRENT,0.0,0.0,NONE,,AUTO_ACCEPT,0.0
LN105942,2025-12,0.0,0.0,0.0,0.0,CURRENT,0.0,0.0,NONE,,AUTO_ACCEPT,0.0
LN102801,2025-12,0.0,0.0,0.0,0.0,CURRENT,0.0,0.0,NONE,,AUTO_ACCEPT,0.0
LN105431,2025-12,0.0,0.0,0.0,0.0,CURRENT,0.0,0.0,NONE,,AUTO_ACCEPT,0.0
LN105943,2025-12,0.0,0.0,0.0,0.0,CURRENT,0.0,0.0,NONE,,AUTO_ACCEPT,0.0
LN102406,2025-12,0.0,0.0,0.0,0.0,CURRENT,0.0,0.0,NONE,,AUTO_ACCEPT,0.0
LN105944,2025-12,0.0,0.0,0.0,0.0,CURRENT,0.0,0.0,NONE,,AUTO_ACCEPT,0.0
LN102407,2025-12,0.0,0.0,0.0,0.0,CURRENT,0.0,0.0,NONE,,AUTO_ACCEPT,0.0
LN102798,2025-12,0.0,0.0,0.0,0.0,CURRENT,0.0,0.0,NONE,,AUTO_ACCEPT,0.0
LN105938,2025-12,0.0,0.0,0.0,0.0,CURRENT,0.0,0.0,NONE,,AUTO_ACCEPT,0.0
LN102412,2025-12,0.0,0.0,0.0,0.0,CURRENT,0.0,0.0,NONE,,AUTO_ACCEPT,0.0
LN102418,2025-12,0.0,0.0,0.0,0.0,CURRENT,0.0,0.0,NONE,,AUTO_ACCEPT,0.0
LN105931,2025-12,0.0,0.0,0.0,0.0,CURRENT,0.0,0.0,NONE,,AUTO_ACCEPT,0.0
LN102795,2025-12,0.0,0.0,0.0,0.0,CURRENT,0.0,0.0,NONE,,AUTO_ACCEPT,0.0
LN105439,2025-12,0.0,0.0,0.0,0.0,CURRENT,0.0,0.0,NONE,,AUTO_ACCEPT,0.0
LN105932,2025-12,0.0,0.0,0.0,0.0,CURRENT,0.0,0.0,NONE,,AUTO_ACCEPT,0.0
LN102417,2025-12,0.0,0.0,0.0,0.0,CURRENT,0.0,0.0,NONE,,AUTO_ACCEPT,0.0
LN105933,2025-12,0.0,0.0,0.0,0.0,CURRENT,0.0,0.0,NONE,,AUTO_ACCEPT,0.0
LN102415,2025-12,0.0,0.0,0.0,0.0,CURRENT,0.0,0.0,NONE,,AUTO_ACCEPT,0.0
LN102797,2025-12,0.0,0.0,0.0,0.0,CURRENT,0.0,0.0,NONE,,AUTO_ACCEPT,0.0
LN105934,2025-12,0.0,0.0,0.0,0.0,CURRENT,0.0,0.0,NONE,,AUTO_ACCEPT,0.0
LN105436,2025-12,0.0,0.0,0.0,0.0,CURRENT,0.0,0.0,NONE,,AUTO_ACCEPT,0.0
LN102413,2025-12,0.0,0.0,0.0,0.0,CURRENT,0.0,0.0,NONE,,AUTO_ACCEPT,0.0
LN105935,2025-12,0.0,0.0,0.0,0.0,CURRENT,0.0,0.0,NONE,,AUTO_ACCEPT,0.0
LN105435,2025-12,0.0,0.0,0.0,0.0,CURRENT,0.0,0.0,NONE,,AUTO_ACCEPT,0.0
LN105936,2025-12,0.0,0.0,0.0,0.0,CURRENT,0.0,0.0,NONE,,AUTO_ACCEPT,0.0
LN102405,2025-12,0.0,0.0,0.0,0.0,CURRENT,0.0,0.0,NONE,,AUTO_ACCEPT,0.0
LN105930,2025-12,0.0,0.0,0.0,0.0,CURRENT,0.0,0.0,NONE,,AUTO_ACCEPT,0.0
LN105946,2025-12,0.0,0.0,0.0,0.0,CURRENT,0.0,0.0,NONE,,AUTO_ACCEPT,0.0
LN105430,2025-12,0.0,0.0,0.0,0.0,CURRENT,0.0,0.0,NONE,,AUTO_ACCEPT,0.0
LN105425,2025-12,0.0,0.0,0.0,0.0,CURRENT,0.0,0.0,NONE,,AUTO_ACCEPT,0.0
LN102396,2025-12,0.0,0.0,0.0,0.0,CURRENT,0.0,0.0,NONE,,AUTO_ACCEPT,0.0
LN105956,2025-12,0.0,0.0,0.0,0.0,CURRENT,0.0,0.0,NONE,,AUTO_ACCEPT,0.0
LN102807,2025-12,0.0,0.0,0.0,0.0,CURRENT,0.0,0.0,NONE,,AUTO_ACCEPT,0.0
LN105957,2025-12,0.0,0.0,0.0,0.0,CURRENT,0.0,0.0,NONE,,AUTO_ACCEPT,0.0
LN102395,2025-12,0.0,0.0,0.0,0.0,CURRENT,0.0,0.0,NONE,,AUTO_ACCEPT,0.0
LN105955,2025-12,0.0,0.0,0.0,0.0,CURRENT,0.0,0.0,NONE,,AUTO_ACCEPT,0.0
LN105424,2025-12,0.0,0.0,0.0,0.0,CURRENT,0.0,0.0,NONE,,AUTO_ACCEPT,0.0
LN102394,2025-12,0.0,0.0,0.0,0.0,CURRENT,0.0,0.0,NONE,,AUTO_ACCEPT,0.0
LN105959,2025-12,0.0,0.0,0.0,0.0,CURRENT,0.0,0.0,NONE,,AUTO_ACCEPT,0.0
LN102808,2025-12,0.0,0.0,0.0,0.0,CURRENT,0.0,0.0,NONE,,AUTO_ACCEPT,0.0
LN102393,2025-12,0.0,0.0,0.0,0.0,CURRENT,0.0,0.0,NONE,,AUTO_ACCEPT,0.0
LN105421,2025-12,0.0,0.0,0.0,0.0,CURRENT,0.0,0.0,NONE,,AUTO_ACCEPT,0.0
LN105960,2025-12,0.0,0.0,0.0,0.0,CURRENT,0.0,0.0,NONE,,AUTO_ACCEPT,0.0
LN105958,2025-12,0.0,0.0,0.0,0.0,CURRENT,0.0,0.0,NONE,,AUTO_ACCEPT,0.0
LN102397,2025-12,0.0,0.0,0.0,0.0,CURRENT,0.0,0.0,NONE,,AUTO_ACCEPT,0.0
LN105954,2025-12,0.0,0.0,0.0,0.0,CURRENT,0.0,0.0,NONE,,AUTO_ACCEPT,0.0
LN105426,2025-12,0.0,0.0,0.0,0.0,CURRENT,0.0,0.0,NONE,,AUTO_ACCEPT,0.0
LN102404,2025-12,0.0,0.0,0.0,0.0,CURRENT,0.0,0.0,NONE,,AUTO_ACCEPT,0.0
LN105947,2025-12,0.0,0.0,0.0,0.0,CURRENT,0.0,0.0,NONE,,AUTO_ACCEPT,0.0
LN105948,2025-12,0.0,0.0,0.0,0.0,CURRENT,0.0,0.0,NONE,,AUTO_ACCEPT,0.0
LN102402,2025-12,0.0,0.0,0.0,0.0,CURRENT,0.0,0.0,NONE,,AUTO_ACCEPT,0.0
LN105429,2025-12,0.0,0.0,0.0,0.0,CURRENT,0.0,0.0,NONE,,AUTO_ACCEPT,0.0
LN105949,2025-12,0.0,0.0,0.0,0.0,CURRENT,0.0,0.0,NONE,,AUTO_ACCEPT,0.0
LN102401,2025-12,0.0,0.0,0.0,0.0,CURRENT,0.0,0.0,NONE,,AUTO_ACCEPT,0.0
LN102804,2025-12,0.0,0.0,0.0,0.0,CURRENT,0.0,0.0,NONE,,AUTO_ACCEPT,0.0
LN105950,2025-12,0.0,0.0,0.0,0.0,CURRENT,0.0,0.0,NONE,,AUTO_ACCEPT,0.0
LN105428,2025-12,0.0,0.0,0.0,0.0,CURRENT,0.0,0.0,NONE,,AUTO_ACCEPT,0.0
LN102399,2025-12,0.0,0.0,0.0,0.0,CURRENT,0.0,0.0,NONE,,AUTO_ACCEPT,0.0
LN105951,2025-12,0.0,0.0,0.0,0.0,CURRENT,0.0,0.0,NONE,,AUTO_ACCEPT,0.0
LN102805,2025-12,0.0,0.0,0.0,0.0,CURRENT,0.0,0.0,NONE,,AUTO_ACCEPT,0.0
LN105952,2025-12,0.0,0.0,0.0,0.0,CURRENT,0.0,0.0,NONE,,AUTO_ACCEPT,0.0
LN102398,2025-12,0.0,0.0,0.0,0.0,CURRENT,0.0,0.0,NONE,,AUTO_ACCEPT,0.0
LN102802,2025-12,0.0,0.0,0.0,0.0,CURRENT,0.0,0.0,NONE,,AUTO_ACCEPT,0.0
LN105440,2025-12,0.0,0.0,0.0,0.0,CURRENT,0.0,0.0,NONE,,AUTO_ACCEPT,0.0
LN102419,2025-12,0.0,0.0,0.0,0.0,CURRENT,0.0,0.0,NONE,,AUTO_ACCEPT,0.0
LN105928,2025-12,0.0,0.0,0.0,0.0,CURRENT,0.0,0.0,NONE,,AUTO_ACCEPT,0.0
LN102437,2025-12,0.0,0.0,0.0,0.0,CURRENT,0.0,0.0,NONE,,AUTO_ACCEPT,0.0
LN105452,2025-12,0.0,0.0,0.0,0.0,CURRENT,0.0,0.0,NONE,,AUTO_ACCEPT,0.0
LN105903,2025-12,0.0,0.0,0.0,0.0,CURRENT,0.0,0.0,NONE,,AUTO_ACCEPT,0.0
LN102436,2025-12,0.0,0.0,0.0,0.0,CURRENT,0.0,0.0,NONE,,AUTO_ACCEPT,0.0
LN105905,2025-12,0.0,0.0,0.0,0.0,CURRENT,0.0,0.0,NONE,,AUTO_ACCEPT,0.0
LN102786,2025-12,0.0,0.0,0.0,0.0,CURRENT,0.0,0.0,NONE,,AUTO_ACCEPT,0.0
LN105902,2025-12,0.0,0.0,0.0,0.0,CURRENT,0.0,0.0,NONE,,AUTO_ACCEPT,0.0
LN105451,2025-12,0.0,0.0,0.0,0.0,CURRENT,0.0,0.0,NONE,,AUTO_ACCEPT,0.0
LN105907,2025-12,0.0,0.0,0.0,0.0,CURRENT,0.0,0.0,NONE,,AUTO_ACCEPT,0.0
LN105908,2025-12,0.0,0.0,0.0,0.0,CURRENT,0.0,0.0,NONE,,AUTO_ACCEPT,0.0
LN102433,2025-12,0.0,0.0,0.0,0.0,CURRENT,0.0,0.0,NONE,,AUTO_ACCEPT,0.0
LN102788,2025-12,0.0,0.0,0.0,0.0,CURRENT,0.0,0.0,NONE,,AUTO_ACCEPT,0.0
LN105450,2025-12,0.0,0.0,0.0,0.0,CURRENT,0.0,0.0,NONE,,AUTO_ACCEPT,0.0
LN105909,2025-12,0.0,0.0,0.0,0.0,CURRENT,0.0,0.0,NONE,,AUTO_ACCEPT,0.0
LN102435,2025-12,0.0,0.0,0.0,0.0,CURRENT,0.0,0.0,NONE,,AUTO_ACCEPT,0.0
LN102785,2025-12,0.0,0.0,0.0,0.0,CURRENT,0.0,0.0,NONE,,AUTO_ACCEPT,0.0
LN105900,2025-12,0.0,0.0,0.0,0.0,CURRENT,0.0,0.0,NONE,,AUTO_ACCEPT,0.0
LN105453,2025-12,0.0,0.0,0.0,0.0,CURRENT,0.0,0.0,NONE,,AUTO_ACCEPT,0.0
LN105892,2025-12,0.0,0.0,0.0,0.0,CURRENT,0.0,0.0,NONE,,AUTO_ACCEPT,0.0
LN105894,2025-12,0.0,0.0,0.0,0.0,CURRENT,0.0,0.0,NONE,,AUTO_ACCEPT,0.0
LN102444,2025-12,0.0,0.0,0.0,0.0,CURRENT,0.0,0.0,NONE,,AUTO_ACCEPT,0.0
LN102783,2025-12,0.0,0.0,0.0,0.0,CURRENT,0.0,0.0,NONE,,AUTO_ACCEPT,0.0
LN105456,2025-12,0.0,0.0,0.0,0.0,CURRENT,0.0,0.0,NONE,,AUTO_ACCEPT,0.0
LN105895,2025-12,0.0,0.0,0.0,0.0,CURRENT,0.0,0.0,NONE,,AUTO_ACCEPT,0.0
LN102443,2025-12,0.0,0.0,0.0,0.0,CURRENT,0.0,0.0,NONE,,AUTO_ACCEPT,0.0
LN105896,2025-12,0.0,0.0,0.0,0.0,CURRENT,0.0,0.0,NONE,,AUTO_ACCEPT,0.0
LN102441,2025-12,0.0,0.0,0.0,0.0,CURRENT,0.0,0.0,NONE,,AUTO_ACCEPT,0.0
LN102784,2025-12,0.0,0.0,0.0,0.0,CURRENT,0.0,0.0,NONE,,AUTO_ACCEPT,0.0
LN105897,2025-12,0.0,0.0,0.0,0.0,CURRENT,0.0,0.0,NONE,,AUTO_ACCEPT,0.0
LN105454,2025-12,0.0,0.0,0.0,0.0,CURRENT,0.0,0.0,NONE,,AUTO_ACCEPT,0.0
LN105898,2025-12,0.0,0.0,0.0,0.0,CURRENT,0.0,0.0,NONE,,AUTO_ACCEPT,0.0
LN102440,2025-12,0.0,0.0,0.0,0.0,CURRENT,0.0,0.0,NONE,,AUTO_ACCEPT,0.0
LN102439,2025-12,0.0,0.0,0.0,0.0,CURRENT,0.0,0.0,NONE,,AUTO_ACCEPT,0.0
LN102432,2025-12,0.0,0.0,0.0,0.0,CURRENT,0.0,0.0,NONE,,AUTO_ACCEPT,0.0
LN102431,2025-12,0.0,0.0,0.0,0.0,CURRENT,0.0,0.0,NONE,,AUTO_ACCEPT,0.0
LN105449,2025-12,0.0,0.0,0.0,0.0,CURRENT,0.0,0.0,NONE,,AUTO_ACCEPT,0.0
LN105913,2025-12,0.0,0.0,0.0,0.0,CURRENT,0.0,0.0,NONE,,AUTO_ACCEPT,0.0
LN105921,2025-12,0.0,0.0,0.0,0.0,CURRENT,0.0,0.0,NONE,,AUTO_ACCEPT,0.0
LN105443,2025-12,0.0,0.0,0.0,0.0,CURRENT,0.0,0.0,NONE,,AUTO_ACCEPT,0.0
LN105922,2025-12,0.0,0.0,0.0,0.0,CURRENT,0.0,0.0,NONE,,AUTO_ACCEPT,0.0
LN102424,2025-12,0.0,0.0,0.0,0.0,CURRENT,0.0,0.0,NONE,,AUTO_ACCEPT,0.0
LN105923,2025-12,0.0,0.0,0.0,0.0,CURRENT,0.0,0.0,NONE,,AUTO_ACCEPT,0.0
LN102793,2025-12,0.0,0.0,0.0,0.0,CURRENT,0.0,0.0,NONE,,AUTO_ACCEPT,0.0
LN102423,2025-12,0.0,0.0,0.0,0.0,CURRENT,0.0,0.0,NONE,,AUTO_ACCEPT,0.0
LN105442,2025-12,0.0,0.0,0.0,0.0,CURRENT,0.0,0.0,NONE,,AUTO_ACCEPT,0.0
LN105924,2025-12,0.0,0.0,0.0,0.0,CURRENT,0.0,0.0,NONE,,AUTO_ACCEPT,0.0
LN102422,2025-12,0.0,0.0,0.0,0.0,CURRENT,0.0,0.0,NONE,,AUTO_ACCEPT,0.0
LN105925,2025-12,0.0,0.0,0.0,0.0,CURRENT,0.0,0.0,NONE,,AUTO_ACCEPT,0.0
LN105441,2025-12,0.0,0.0,0.0,0.0,CURRENT,0.0,0.0,NONE,,AUTO_ACCEPT,0.0
LN105927,2025-12,0.0,0.0,0.0,0.0,CURRENT,0.0,0.0,NONE,,AUTO_ACCEPT,0.0
LN102421,2025-12,0.0,0.0,0.0,0.0,CURRENT,0.0,0.0,NONE,,AUTO_ACCEPT,0.0
LN102794,2025-12,0.0,0.0,0.0,0.0,CURRENT,0.0,0.0,NONE,,AUTO_ACCEPT,0.0
LN102792,2025-12,0.0,0.0,0.0,0.0,CURRENT,0.0,0.0,NONE,,AUTO_ACCEPT,0.0
LN105961,2025-12,0.0,0.0,0.0,0.0,CURRENT,0.0,0.0,NONE,,AUTO_ACCEPT,0.0
LN102425,2025-12,0.0,0.0,0.0,0.0,CURRENT,0.0,0.0,NONE,,AUTO_ACCEPT,0.0
LN102426,2025-12,0.0,0.0,0.0,0.0,CURRENT,0.0,0.0,NONE,,AUTO_ACCEPT,0.0
LN105914,2025-12,0.0,0.0,0.0,0.0,CURRENT,0.0,0.0,NONE,,AUTO_ACCEPT,0.0
LN102430,2025-12,0.0,0.0,0.0,0.0,CURRENT,0.0,0.0,NONE,,AUTO_ACCEPT,0.0
LN102790,2025-12,0.0,0.0,0.0,0.0,CURRENT,0.0,0.0,NONE,,AUTO_ACCEPT,0.0
LN105915,2025-12,0.0,0.0,0.0,0.0,CURRENT,0.0,0.0,NONE,,AUTO_ACCEPT,0.0
LN105448,2025-12,0.0,0.0,0.0,0.0,CURRENT,0.0,0.0,NONE,,AUTO_ACCEPT,0.0
LN102429,2025-12,0.0,0.0,0.0,0.0,CURRENT,0.0,0.0,NONE,,AUTO_ACCEPT,0.0
LN105916,2025-12,0.0,0.0,0.0,0.0,CURRENT,0.0,0.0,NONE,,AUTO_ACCEPT,0.0
LN102428,2025-12,0.0,0.0,0.0,0.0,CURRENT,0.0,0.0,NONE,,AUTO_ACCEPT,0.0
LN105917,2025-12,0.0,0.0,0.0,0.0,CURRENT,0.0,0.0,NONE,,AUTO_ACCEPT,0.0
LN105447,2025-12,0.0,0.0,0.0,0.0,CURRENT,0.0,0.0,NONE,,AUTO_ACCEPT,0.0
LN105918,2025-12,0.0,0.0,0.0,0.0,CURRENT,0.0,0.0,NONE,,AUTO_ACCEPT,0.0
LN102427,2025-12,0.0,0.0,0.0,0.0,CURRENT,0.0,0.0,NONE,,AUTO_ACCEPT,0.0
LN102791,2025-12,0.0,0.0,0.0,0.0,CURRENT,0.0,0.0,NONE,,AUTO_ACCEPT,0.0
LN105919,2025-12,0.0,0.0,0.0,0.0,CURRENT,0.0,0.0,NONE,,AUTO_ACCEPT,0.0
LN105444,2025-12,0.0,0.0,0.0,0.0,CURRENT,0.0,0.0,NONE,,AUTO_ACCEPT,0.0
LN105920,2025-12,0.0,0.0,0.0,0.0,CURRENT,0.0,0.0,NONE,,AUTO_ACCEPT,0.0
LN103123,2025-12,0.0,0.0,0.0,0.0,CURRENT,0.0,0.0,NONE,,AUTO_ACCEPT,0.0
LN102392,2025-12,0.0,0.0,0.0,0.0,CURRENT,0.0,0.0,NONE,,AUTO_ACCEPT,0.0
LN105962,2025-12,0.0,0.0,0.0,0.0,CURRENT,0.0,0.0,NONE,,AUTO_ACCEPT,0.0
LN106007,2025-12,0.0,0.0,0.0,0.0,CURRENT,0.0,0.0,NONE,,AUTO_ACCEPT,0.0
LN102355,2025-12,0.0,0.0,0.0,0.0,CURRENT,0.0,0.0,NONE,,AUTO_ACCEPT,0.0
LN106008,2025-12,0.0,0.0,0.0,0.0,CURRENT,0.0,0.0,NONE,,AUTO_ACCEPT,0.0
LN102831,2025-12,0.0,0.0,0.0,0.0,CURRENT,0.0,0.0,NONE,,AUTO_ACCEPT,0.0
LN102354,2025-12,0.0,0.0,0.0,0.0,CURRENT,0.0,0.0,NONE,,AUTO_ACCEPT,0.0
LN106010,2025-12,0.0,0.0,0.0,0.0,CURRENT,0.0,0.0,NONE,,AUTO_ACCEPT,0.0
LN105395,2025-12,0.0,0.0,0.0,0.0,CURRENT,0.0,0.0,NONE,,AUTO_ACCEPT,0.0
LN105394,2025-12,0.0,0.0,0.0,0.0,CURRENT,0.0,0.0,NONE,,AUTO_ACCEPT,0.0
LN102832,2025-12,0.0,0.0,0.0,0.0,CURRENT,0.0,0.0,NONE,,AUTO_ACCEPT,0.0
LN102352,2025-12,0.0,0.0,0.0,0.0,CURRENT,0.0,0.0,NONE,,AUTO_ACCEPT,0.0
LN105393,2025-12,0.0,0.0,0.0,0.0,CURRENT,0.0,0.0,NONE,,AUTO_ACCEPT,0.0
LN106014,2025-12,0.0,0.0,0.0,0.0,CURRENT,0.0,0.0,NONE,,AUTO_ACCEPT,0.0
LN106015,2025-12,0.0,0.0,0.0,0.0,CURRENT,0.0,0.0,NONE,,AUTO_ACCEPT,0.0
LN102833,2025-12,0.0,0.0,0.0,0.0,CURRENT,0.0,0.0,NONE,,AUTO_ACCEPT,0.0
LN106011,2025-12,0.0,0.0,0.0,0.0,CURRENT,0.0,0.0,NONE,,AUTO_ACCEPT,0.0
LN106005,2025-12,0.0,0.0,0.0,0.0,CURRENT,0.0,0.0,NONE,,AUTO_ACCEPT,0.0
LN102356,2025-12,0.0,0.0,0.0,0.0,CURRENT,0.0,0.0,NONE,,AUTO_ACCEPT,0.0
LN105396,2025-12,0.0,0.0,0.0,0.0,CURRENT,0.0,0.0,NONE,,AUTO_ACCEPT,0.0
LN102362,2025-12,0.0,0.0,0.0,0.0,CURRENT,0.0,0.0,NONE,,AUTO_ACCEPT,0.0
LN105998,2025-12,0.0,0.0,0.0,0.0,CURRENT,0.0,0.0,NONE,,AUTO_ACCEPT,0.0
LN102827,2025-12,0.0,0.0,0.0,0.0,CURRENT,0.0,0.0,NONE,,AUTO_ACCEPT,0.0
LN105398,2025-12,0.0,0.0,0.0,0.0,CURRENT,0.0,0.0,NONE,,AUTO_ACCEPT,0.0
LN105999,2025-12,0.0,0.0,0.0,0.0,CURRENT,0.0,0.0,NONE,,AUTO_ACCEPT,0.0
LN102360,2025-12,0.0,0.0,0.0,0.0,CURRENT,0.0,0.0,NONE,,AUTO_ACCEPT,0.0
LN106000,2025-12,0.0,0.0,0.0,0.0,CURRENT,0.0,0.0,NONE,,AUTO_ACCEPT,0.0
LN102829,2025-12,0.0,0.0,0.0,0.0,CURRENT,0.0,0.0,NONE,,AUTO_ACCEPT,0.0
LN105397,2025-12,0.0,0.0,0.0,0.0,CURRENT,0.0,0.0,NONE,,AUTO_ACCEPT,0.0
LN106001,2025-12,0.0,0.0,0.0,0.0,CURRENT,0.0,0.0,NONE,,AUTO_ACCEPT,0.0
LN102359,2025-12,0.0,0.0,0.0,0.0,CURRENT,0.0,0.0,NONE,,AUTO_ACCEPT,0.0
LN106002,2025-12,0.0,0.0,0.0,0.0,CURRENT,0.0,0.0,NONE,,AUTO_ACCEPT,0.0
LN102357,2025-12,0.0,0.0,0.0,0.0,CURRENT,0.0,0.0,NONE,,AUTO_ACCEPT,0.0
LN102830,2025-12,0.0,0.0,0.0,0.0,CURRENT,0.0,0.0,NONE,,AUTO_ACCEPT,0.0
LN106003,2025-12,0.0,0.0,0.0,0.0,CURRENT,0.0,0.0,NONE,,AUTO_ACCEPT,0.0
LN102350,2025-12,0.0,0.0,0.0,0.0,CURRENT,0.0,0.0,NONE,,AUTO_ACCEPT,0.0
LN105997,2025-12,0.0,0.0,0.0,0.0,CURRENT,0.0,0.0,NONE,,AUTO_ACCEPT,0.0
LN105392,2025-12,0.0,0.0,0.0,0.0,CURRENT,0.0,0.0,NONE,,AUTO_ACCEPT,0.0
LN102349,2025-12,0.0,0.0,0.0,0.0,CURRENT,0.0,0.0,NONE,,AUTO_ACCEPT,0.0
LN105386,2025-12,0.0,0.0,0.0,0.0,CURRENT,0.0,0.0,NONE,,AUTO_ACCEPT,0.0
LN102342,2025-12,0.0,0.0,0.0,0.0,CURRENT,0.0,0.0,NONE,,AUTO_ACCEPT,0.0
LN106028,2025-12,0.0,0.0,0.0,0.0,CURRENT,0.0,0.0,NONE,,AUTO_ACCEPT,0.0
LN105385,2025-12,0.0,0.0,0.0,0.0,CURRENT,0.0,0.0,NONE,,AUTO_ACCEPT,0.0
LN106030,2025-12,0.0,0.0,0.0,0.0,CURRENT,0.0,0.0,NONE,,AUTO_ACCEPT,0.0
LN102341,2025-12,0.0,0.0,0.0,0.0,CURRENT,0.0,0.0,NONE,,AUTO_ACCEPT,0.0
LN106027,2025-12,0.0,0.0,0.0,0.0,CURRENT,0.0,0.0,NONE,,AUTO_ACCEPT,0.0
LN106031,2025-12,0.0,0.0,0.0,0.0,CURRENT,0.0,0.0,NONE,,AUTO_ACCEPT,0.0
LN102340,2025-12,0.0,0.0,0.0,0.0,CURRENT,0.0,0.0,NONE,,AUTO_ACCEPT,0.0
LN106032,2025-12,0.0,0.0,0.0,0.0,CURRENT,0.0,0.0,NONE,,AUTO_ACCEPT,0.0
LN105384,2025-12,0.0,0.0,0.0,0.0,CURRENT,0.0,0.0,NONE,,AUTO_ACCEPT,0.0
LN102337,2025-12,0.0,0.0,0.0,0.0,CURRENT,0.0,0.0,NONE,,AUTO_ACCEPT,0.0
LN106033,2025-12,0.0,0.0,0.0,0.0,CURRENT,0.0,0.0,NONE,,AUTO_ACCEPT,0.0
LN102839,2025-12,0.0,0.0,0.0,0.0,CURRENT,0.0,0.0,NONE,,AUTO_ACCEPT,0.0
LN102838,2025-12,0.0,0.0,0.0,0.0,CURRENT,0.0,0.0,NONE,,AUTO_ACCEPT,0.0
LN102837,2025-12,0.0,0.0,0.0,0.0,CURRENT,0.0,0.0,NONE,,AUTO_ACCEPT,0.0
LN102343,2025-12,0.0,0.0,0.0,0.0,CURRENT,0.0,0.0,NONE,,AUTO_ACCEPT,0.0
LN106025,2025-12,0.0,0.0,0.0,0.0,CURRENT,0.0,0.0,NONE,,AUTO_ACCEPT,0.0
LN106018,2025-12,0.0,0.0,0.0,0.0,CURRENT,0.0,0.0,NONE,,AUTO_ACCEPT,0.0
LN105391,2025-12,0.0,0.0,0.0,0.0,CURRENT,0.0,0.0,NONE,,AUTO_ACCEPT,0.0
LN106019,2025-12,0.0,0.0,0.0,0.0,CURRENT,0.0,0.0,NONE,,AUTO_ACCEPT,0.0
LN102348,2025-12,0.0,0.0,0.0,0.0,CURRENT,0.0,0.0,NONE,,AUTO_ACCEPT,0.0
LN102834,2025-12,0.0,0.0,0.0,0.0,CURRENT,0.0,0.0,NONE,,AUTO_ACCEPT,0.0
LN106020,2025-12,0.0,0.0,0.0,0.0,CURRENT,0.0,0.0,NONE,,AUTO_ACCEPT,0.0
LN102347,2025-12,0.0,0.0,0.0,0.0,CURRENT,0.0,0.0,NONE,,AUTO_ACCEPT,0.0
LN105389,2025-12,0.0,0.0,0.0,0.0,CURRENT,0.0,0.0,NONE,,AUTO_ACCEPT,0.0
LN106022,2025-12,0.0,0.0,0.0,0.0,CURRENT,0.0,0.0,NONE,,AUTO_ACCEPT,0.0
LN102346,2025-12,0.0,0.0,0.0,0.0,CURRENT,0.0,0.0,NONE,,AUTO_ACCEPT,0.0
LN106023,2025-12,0.0,0.0,0.0,0.0,CURRENT,0.0,0.0,NONE,,AUTO_ACCEPT,0.0
LN102836,2025-12,0.0,0.0,0.0,0.0,CURRENT,0.0,0.0,NONE,,AUTO_ACCEPT,0.0
LN105387,2025-12,0.0,0.0,0.0,0.0,CURRENT,0.0,0.0,NONE,,AUTO_ACCEPT,0.0
LN106024,2025-12,0.0,0.0,0.0,0.0,CURRENT,0.0,0.0,NONE,,AUTO_ACCEPT,0.0
LN102344,2025-12,0.0,0.0,0.0,0.0,CURRENT,0.0,0.0,NONE,,AUTO_ACCEPT,0.0
LN106017,2025-12,0.0,0.0,0.0,0.0,CURRENT,0.0,0.0,NONE,,AUTO_ACCEPT,0.0
LN105399,2025-12,0.0,0.0,0.0,0.0,CURRENT,0.0,0.0,NONE,,AUTO_ACCEPT,0.0
LN102364,2025-12,0.0,0.0,0.0,0.0,CURRENT,0.0,0.0,NONE,,AUTO_ACCEPT,0.0
LN105996,2025-12,0.0,0.0,0.0,0.0,CURRENT,0.0,0.0,NONE,,AUTO_ACCEPT,0.0
LN105414,2025-12,0.0,0.0,0.0,0.0,CURRENT,0.0,0.0,NONE,,AUTO_ACCEPT,0.0
LN105973,2025-12,0.0,0.0,0.0,0.0,CURRENT,0.0,0.0,NONE,,AUTO_ACCEPT,0.0
LN102384,2025-12,0.0,0.0,0.0,0.0,CURRENT,0.0,0.0,NONE,,AUTO_ACCEPT,0.0
LN105974,2025-12,0.0,0.0,0.0,0.0,CURRENT,0.0,0.0,NONE,,AUTO_ACCEPT,0.0
LN102813,2025-12,0.0,0.0,0.0,0.0,CURRENT,0.0,0.0,NONE,,AUTO_ACCEPT,0.0
LN102383,2025-12,0.0,0.0,0.0,0.0,CURRENT,0.0,0.0,NONE,,AUTO_ACCEPT,0.0
LN102386,2025-12,0.0,0.0,0.0,0.0,CURRENT,0.0,0.0,NONE,,AUTO_ACCEPT,0.0
LN105412,2025-12,0.0,0.0,0.0,0.0,CURRENT,0.0,0.0,NONE,,AUTO_ACCEPT,0.0
LN102382,2025-12,0.0,0.0,0.0,0.0,CURRENT,0.0,0.0,NONE,,AUTO_ACCEPT,0.0
LN102816,2025-12,0.0,0.0,0.0,0.0,CURRENT,0.0,0.0,NONE,,AUTO_ACCEPT,0.0
LN102381,2025-12,0.0,0.0,0.0,0.0,CURRENT,0.0,0.0,NONE,,AUTO_ACCEPT,0.0
LN105409,2025-12,0.0,0.0,0.0,0.0,CURRENT,0.0,0.0,NONE,,AUTO_ACCEPT,0.0
LN105978,2025-12,0.0,0.0,0.0,0.0,CURRENT,0.0,0.0,NONE,,AUTO_ACCEPT,0.0
LN102379,2025-12,0.0,0.0,0.0,0.0,CURRENT,0.0,0.0,NONE,,AUTO_ACCEPT,0.0
LN105976,2025-12,0.0,0.0,0.0,0.0,CURRENT,0.0,0.0,NONE,,AUTO_ACCEPT,0.0
LN105972,2025-12,0.0,0.0,0.0,0.0,CURRENT,0.0,0.0,NONE,,AUTO_ACCEPT,0.0
LN105415,2025-12,0.0,0.0,0.0,0.0,CURRENT,0.0,0.0,NONE,,AUTO_ACCEPT,0.0
LN105971,2025-12,0.0,0.0,0.0,0.0,CURRENT,0.0,0.0,NONE,,AUTO_ACCEPT,0.0
LN102391,2025-12,0.0,0.0,0.0,0.0,CURRENT,0.0,0.0,NONE,,AUTO_ACCEPT,0.0
LN105963,2025-12,0.0,0.0,0.0,0.0,CURRENT,0.0,0.0,NONE,,AUTO_ACCEPT,0.0
LN102809,2025-12,0.0,0.0,0.0,0.0,CURRENT,0.0,0.0,NONE,,AUTO_ACCEPT,0.0
LN102390,2025-12,0.0,0.0,0.0,0.0,CURRENT,0.0,0.0,NONE,,AUTO_ACCEPT,0.0
LN105419,2025-12,0.0,0.0,0.0,0.0,CURRENT,0.0,0.0,NONE,,AUTO_ACCEPT,0.0
LN105966,2025-12,0.0,0.0,0.0,0.0,CURRENT,0.0,0.0,NONE,,AUTO_ACCEPT,0.0
LN105967,2025-12,0.0,0.0,0.0,0.0,CURRENT,0.0,0.0,NONE,,AUTO_ACCEPT,0.0
LN102389,2025-12,0.0,0.0,0.0,0.0,CURRENT,0.0,0.0,NONE,,AUTO_ACCEPT,0.0
LN102810,2025-12,0.0,0.0,0.0,0.0,CURRENT,0.0,0.0,NONE,,AUTO_ACCEPT,0.0
LN105417,2025-12,0.0,0.0,0.0,0.0,CURRENT,0.0,0.0,NONE,,AUTO_ACCEPT,0.0
LN105968,2025-12,0.0,0.0,0.0,0.0,CURRENT,0.0,0.0,NONE,,AUTO_ACCEPT,0.0
LN102388,2025-12,0.0,0.0,0.0,0.0,CURRENT,0.0,0.0,NONE,,AUTO_ACCEPT,0.0
LN105970,2025-12,0.0,0.0,0.0,0.0,CURRENT,0.0,0.0,NONE,,AUTO_ACCEPT,0.0
LN102387,2025-12,0.0,0.0,0.0,0.0,CURRENT,0.0,0.0,NONE,,AUTO_ACCEPT,0.0
LN102811,2025-12,0.0,0.0,0.0,0.0,CURRENT,0.0,0.0,NONE,,AUTO_ACCEPT,0.0
LN105979,2025-12,0.0,0.0,0.0,0.0,CURRENT,0.0,0.0,NONE,,AUTO_ACCEPT,0.0
LN105408,2025-12,0.0,0.0,0.0,0.0,CURRENT,0.0,0.0,NONE,,AUTO_ACCEPT,0.0
LN105980,2025-12,0.0,0.0,0.0,0.0,CURRENT,0.0,0.0,NONE,,AUTO_ACCEPT,0.0
LN102378,2025-12,0.0,0.0,0.0,0.0,CURRENT,0.0,0.0,NONE,,AUTO_ACCEPT,0.0
LN105990,2025-12,0.0,0.0,0.0,0.0,CURRENT,0.0,0.0,NONE,,AUTO_ACCEPT,0.0
LN102371,2025-12,0.0,0.0,0.0,0.0,CURRENT,0.0,0.0,NONE,,AUTO_ACCEPT,0.0
LN102821,2025-12,0.0,0.0,0.0,0.0,CURRENT,0.0,0.0,NONE,,AUTO_ACCEPT,0.0
LN105991,2025-12,0.0,0.0,0.0,0.0,CURRENT,0.0,0.0,NONE,,AUTO_ACCEPT,0.0
LN102823,2025-12,0.0,0.0,0.0,0.0,CURRENT,0.0,0.0,NONE,,AUTO_ACCEPT,0.0
LN105992,2025-12,0.0,0.0,0.0,0.0,CURRENT,0.0,0.0,NONE,,AUTO_ACCEPT,0.0
LN102370,2025-12,0.0,0.0,0.0,0.0,CURRENT,0.0,0.0,NONE,,AUTO_ACCEPT,0.0
LN105402,2025-12,0.0,0.0,0.0,0.0,CURRENT,0.0,0.0,NONE,,AUTO_ACCEPT,0.0
LN105993,2025-12,0.0,0.0,0.0,0.0,CURRENT,0.0,0.0,NONE,,AUTO_ACCEPT,0.0
LN102367,2025-12,0.0,0.0,0.0,0.0,CURRENT,0.0,0.0,NONE,,AUTO_ACCEPT,0.0
LN105994,2025-12,0.0,0.0,0.0,0.0,CURRENT,0.0,0.0,NONE,,AUTO_ACCEPT,0.0
LN102824,2025-12,0.0,0.0,0.0,0.0,CURRENT,0.0,0.0,NONE,,AUTO_ACCEPT,0.0
LN102365,2025-12,0.0,0.0,0.0,0.0,CURRENT,0.0,0.0,NONE,,AUTO_ACCEPT,0.0
LN105400,2025-12,0.0,0.0,0.0,0.0,CURRENT,0.0,0.0,NONE,,AUTO_ACCEPT,0.0
LN105995,2025-12,0.0,0.0,0.0,0.0,CURRENT,0.0,0.0,NONE,,AUTO_ACCEPT,0.0
LN105404,2025-12,0.0,0.0,0.0,0.0,CURRENT,0.0,0.0,NONE,,AUTO_ACCEPT,0.0
LN105420,2025-12,0.0,0.0,0.0,0.0,CURRENT,0.0,0.0,NONE,,AUTO_ACCEPT,0.0
LN105988,2025-12,0.0,0.0,0.0,0.0,CURRENT,0.0,0.0,NONE,,AUTO_ACCEPT,0.0
LN105405,2025-12,0.0,0.0,0.0,0.0,CURRENT,0.0,0.0,NONE,,AUTO_ACCEPT,0.0
LN102817,2025-12,0.0,0.0,0.0,0.0,CURRENT,0.0,0.0,NONE,,AUTO_ACCEPT,0.0
LN105981,2025-12,0.0,0.0,0.0,0.0,CURRENT,0.0,0.0,NONE,,AUTO_ACCEPT,0.0
LN102377,2025-12,0.0,0.0,0.0,0.0,CURRENT,0.0,0.0,NONE,,AUTO_ACCEPT,0.0
LN105407,2025-12,0.0,0.0,0.0,0.0,CURRENT,0.0,0.0,NONE,,AUTO_ACCEPT,0.0
LN105982,2025-12,0.0,0.0,0.0,0.0,CURRENT,0.0,0.0,NONE,,AUTO_ACCEPT,0.0
LN102376,2025-12,0.0,0.0,0.0,0.0,CURRENT,0.0,0.0,NONE,,AUTO_ACCEPT,0.0
LN105984,2025-12,0.0,0.0,0.0,0.0,CURRENT,0.0,0.0,NONE,,AUTO_ACCEPT,0.0
LN102818,2025-12,0.0,0.0,0.0,0.0,CURRENT,0.0,0.0,NONE,,AUTO_ACCEPT,0.0
LN105406,2025-12,0.0,0.0,0.0,0.0,CURRENT,0.0,0.0,NONE,,AUTO_ACCEPT,0.0
LN105985,2025-12,0.0,0.0,0.0,0.0,CURRENT,0.0,0.0,NONE,,AUTO_ACCEPT,0.0
LN102375,2025-12,0.0,0.0,0.0,0.0,CURRENT,0.0,0.0,NONE,,AUTO_ACCEPT,0.0
LN105986,2025-12,0.0,0.0,0.0,0.0,CURRENT,0.0,0.0,NONE,,AUTO_ACCEPT,0.0
LN102374,2025-12,0.0,0.0,0.0,0.0,CURRENT,0.0,0.0,NONE,,AUTO_ACCEPT,0.0
LN102819,2025-12,0.0,0.0,0.0,0.0,CURRENT,0.0,0.0,NONE,,AUTO_ACCEPT,0.0
LN105987,2025-12,0.0,0.0,0.0,0.0,CURRENT,0.0,0.0,NONE,,AUTO_ACCEPT,0.0
LN102373,2025-12,0.0,0.0,0.0,0.0,CURRENT,0.0,0.0,NONE,,AUTO_ACCEPT,0.0
LN101753,2025-12,0.0,0.0,0.0,0.0,CURRENT,0.0,0.0,NONE,,AUTO_ACCEPT,0.0
LN105018,2025-12,0.0,0.0,0.0,0.0,CURRENT,0.0,0.0,NONE,,AUTO_ACCEPT,0.0
LN106787,2025-12,0.0,0.0,0.0,0.0,CURRENT,0.0,0.0,NONE,,AUTO_ACCEPT,0.0
LN103426,2025-12,0.0,0.0,0.0,0.0,CURRENT,0.0,0.0,NONE,,AUTO_ACCEPT,0.0
LN101105,2025-12,0.0,0.0,0.0,0.0,CURRENT,0.0,0.0,NONE,,AUTO_ACCEPT,0.0
LN104626,2025-12,0.0,0.0,0.0,0.0,CURRENT,0.0,0.0,NONE,,AUTO_ACCEPT,0.0
LN107581,2025-12,0.0,0.0,0.0,0.0,CURRENT,0.0,0.0,NONE,,AUTO_ACCEPT,0.0
LN107582,2025-12,0.0,0.0,0.0,0.0,CURRENT,0.0,0.0,NONE,,AUTO_ACCEPT,0.0
LN101104,2025-12,0.0,0.0,0.0,0.0,CURRENT,0.0,0.0,NONE,,AUTO_ACCEPT,0.0
LN107580,2025-12,0.0,0.0,0.0,0.0,CURRENT,0.0,0.0,NONE,,AUTO_ACCEPT,0.0
LN103427,2025-12,0.0,0.0,0.0,0.0,CURRENT,0.0,0.0,NONE,,AUTO_ACCEPT,0.0
LN104625,2025-12,0.0,0.0,0.0,0.0,CURRENT,0.0,0.0,NONE,,AUTO_ACCEPT,0.0
LN101101,2025-12,0.0,0.0,0.0,0.0,CURRENT,0.0,0.0,NONE,,AUTO_ACCEPT,0.0
LN107591,2025-12,0.0,0.0,0.0,0.0,CURRENT,0.0,0.0,NONE,,AUTO_ACCEPT,0.0
LN101100,2025-12,0.0,0.0,0.0,0.0,CURRENT,0.0,0.0,NONE,,AUTO_ACCEPT,0.0
LN107592,2025-12,0.0,0.0,0.0,0.0,CURRENT,0.0,0.0,NONE,,AUTO_ACCEPT,0.0
LN104624,2025-12,0.0,0.0,0.0,0.0,CURRENT,0.0,0.0,NONE,,AUTO_ACCEPT,0.0
LN107586,2025-12,0.0,0.0,0.0,0.0,CURRENT,0.0,0.0,NONE,,AUTO_ACCEPT,0.0
LN101107,2025-12,0.0,0.0,0.0,0.0,CURRENT,0.0,0.0,NONE,,AUTO_ACCEPT,0.0
LN107579,2025-12,0.0,0.0,0.0,0.0,CURRENT,0.0,0.0,NONE,,AUTO_ACCEPT,0.0
LN104627,2025-12,0.0,0.0,0.0,0.0,CURRENT,0.0,0.0,NONE,,AUTO_ACCEPT,0.0
LN101116,2025-12,0.0,0.0,0.0,0.0,CURRENT,0.0,0.0,NONE,,AUTO_ACCEPT,0.0
LN107572,2025-12,0.0,0.0,0.0,0.0,CURRENT,0.0,0.0,NONE,,AUTO_ACCEPT,0.0
LN107573,2025-12,0.0,0.0,0.0,0.0,CURRENT,0.0,0.0,NONE,,AUTO_ACCEPT,0.0
LN101115,2025-12,0.0,0.0,0.0,0.0,CURRENT,0.0,0.0,NONE,,AUTO_ACCEPT,0.0
LN103424,2025-12,0.0,0.0,0.0,0.0,CURRENT,0.0,0.0,NONE,,AUTO_ACCEPT,0.0
LN104629,2025-12,0.0,0.0,0.0,0.0,CURRENT,0.0,0.0,NONE,,AUTO_ACCEPT,0.0
LN107575,2025-12,0.0,0.0,0.0,0.0,CURRENT,0.0,0.0,NONE,,AUTO_ACCEPT,0.0
LN101114,2025-12,0.0,0.0,0.0,0.0,CURRENT,0.0,0.0,NONE,,AUTO_ACCEPT,0.0
LN107576,2025-12,0.0,0.0,0.0,0.0,CURRENT,0.0,0.0,NONE,,AUTO_ACCEPT,0.0
LN101110,2025-12,0.0,0.0,0.0,0.0,CURRENT,0.0,0.0,NONE,,AUTO_ACCEPT,0.0
LN104628,2025-12,0.0,0.0,0.0,0.0,CURRENT,0.0,0.0,NONE,,AUTO_ACCEPT,0.0
LN107577,2025-12,0.0,0.0,0.0,0.0,CURRENT,0.0,0.0,NONE,,AUTO_ACCEPT,0.0
LN103425,2025-12,0.0,0.0,0.0,0.0,CURRENT,0.0,0.0,NONE,,AUTO_ACCEPT,0.0
LN107578,2025-12,0.0,0.0,0.0,0.0,CURRENT,0.0,0.0,NONE,,AUTO_ACCEPT,0.0
LN101108,2025-12,0.0,0.0,0.0,0.0,CURRENT,0.0,0.0,NONE,,AUTO_ACCEPT,0.0
LN107593,2025-12,0.0,0.0,0.0,0.0,CURRENT,0.0,0.0,NONE,,AUTO_ACCEPT,0.0
LN104630,2025-12,0.0,0.0,0.0,0.0,CURRENT,0.0,0.0,NONE,,AUTO_ACCEPT,0.0
LN101099,2025-12,0.0,0.0,0.0,0.0,CURRENT,0.0,0.0,NONE,,AUTO_ACCEPT,0.0
LN107594,2025-12,0.0,0.0,0.0,0.0,CURRENT,0.0,0.0,NONE,,AUTO_ACCEPT,0.0
LN101091,2025-12,0.0,0.0,0.0,0.0,CURRENT,0.0,0.0,NONE,,AUTO_ACCEPT,0.0
LN107606,2025-12,0.0,0.0,0.0,0.0,CURRENT,0.0,0.0,NONE,,AUTO_ACCEPT,0.0
LN101090,2025-12,0.0,0.0,0.0,0.0,CURRENT,0.0,0.0,NONE,,AUTO_ACCEPT,0.0
LN107608,2025-12,0.0,0.0,0.0,0.0,CURRENT,0.0,0.0,NONE,,AUTO_ACCEPT,0.0
LN103434,2025-12,0.0,0.0,0.0,0.0,CURRENT,0.0,0.0,NONE,,AUTO_ACCEPT,0.0
LN104618,2025-12,0.0,0.0,0.0,0.0,CURRENT,0.0,0.0,NONE,,AUTO_ACCEPT,0.0
LN107603,2025-12,0.0,0.0,0.0,0.0,CURRENT,0.0,0.0,NONE,,AUTO_ACCEPT,0.0
LN101089,2025-12,0.0,0.0,0.0,0.0,CURRENT,0.0,0.0,NONE,,AUTO_ACCEPT,0.0
LN107611,2025-12,0.0,0.0,0.0,0.0,CURRENT,0.0,0.0,NONE,,AUTO_ACCEPT,0.0
LN101088,2025-12,0.0,0.0,0.0,0.0,CURRENT,0.0,0.0,NONE,,AUTO_ACCEPT,0.0
LN104616,2025-12,0.0,0.0,0.0,0.0,CURRENT,0.0,0.0,NONE,,AUTO_ACCEPT,0.0
LN107612,2025-12,0.0,0.0,0.0,0.0,CURRENT,0.0,0.0,NONE,,AUTO_ACCEPT,0.0
LN101087,2025-12,0.0,0.0,0.0,0.0,CURRENT,0.0,0.0,NONE,,AUTO_ACCEPT,0.0
LN103435,2025-12,0.0,0.0,0.0,0.0,CURRENT,0.0,0.0,NONE,,AUTO_ACCEPT,0.0
LN107610,2025-12,0.0,0.0,0.0,0.0,CURRENT,0.0,0.0,NONE,,AUTO_ACCEPT,0.0
LN104619,2025-12,0.0,0.0,0.0,0.0,CURRENT,0.0,0.0,NONE,,AUTO_ACCEPT,0.0
LN103433,2025-12,0.0,0.0,0.0,0.0,CURRENT,0.0,0.0,NONE,,AUTO_ACCEPT,0.0
LN107602,2025-12,0.0,0.0,0.0,0.0,CURRENT,0.0,0.0,NONE,,AUTO_ACCEPT,0.0
LN104623,2025-12,0.0,0.0,0.0,0.0,CURRENT,0.0,0.0,NONE,,AUTO_ACCEPT,0.0
LN101098,2025-12,0.0,0.0,0.0,0.0,CURRENT,0.0,0.0,NONE,,AUTO_ACCEPT,0.0
LN107597,2025-12,0.0,0.0,0.0,0.0,CURRENT,0.0,0.0,NONE,,AUTO_ACCEPT,0.0
LN101097,2025-12,0.0,0.0,0.0,0.0,CURRENT,0.0,0.0,NONE,,AUTO_ACCEPT,0.0
LN103430,2025-12,0.0,0.0,0.0,0.0,CURRENT,0.0,0.0,NONE,,AUTO_ACCEPT,0.0
LN107598,2025-12,0.0,0.0,0.0,0.0,CURRENT,0.0,0.0,NONE,,AUTO_ACCEPT,0.0
LN104622,2025-12,0.0,0.0,0.0,0.0,CURRENT,0.0,0.0,NONE,,AUTO_ACCEPT,0.0
LN107599,2025-12,0.0,0.0,0.0,0.0,CURRENT,0.0,0.0,NONE,,AUTO_ACCEPT,0.0
LN101096,2025-12,0.0,0.0,0.0,0.0,CURRENT,0.0,0.0,NONE,,AUTO_ACCEPT,0.0
LN107600,2025-12,0.0,0.0,0.0,0.0,CURRENT,0.0,0.0,NONE,,AUTO_ACCEPT,0.0
LN103431,2025-12,0.0,0.0,0.0,0.0,CURRENT,0.0,0.0,NONE,,AUTO_ACCEPT,0.0
LN101095,2025-12,0.0,0.0,0.0,0.0,CURRENT,0.0,0.0,NONE,,AUTO_ACCEPT,0.0
LN107601,2025-12,0.0,0.0,0.0,0.0,CURRENT,0.0,0.0,NONE,,AUTO_ACCEPT,0.0
LN104620,2025-12,0.0,0.0,0.0,0.0,CURRENT,0.0,0.0,NONE,,AUTO_ACCEPT,0.0
LN101093,2025-12,0.0,0.0,0.0,0.0,CURRENT,0.0,0.0,NONE,,AUTO_ACCEPT,0.0
LN103428,2025-12,0.0,0.0,0.0,0.0,CURRENT,0.0,0.0,NONE,,AUTO_ACCEPT,0.0
LN104615,2025-12,0.0,0.0,0.0,0.0,CURRENT,0.0,0.0,NONE,,AUTO_ACCEPT,0.0
LN107571,2025-12,0.0,0.0,0.0,0.0,CURRENT,0.0,0.0,NONE,,AUTO_ACCEPT,0.0
LN107570,2025-12,0.0,0.0,0.0,0.0,CURRENT,0.0,0.0,NONE,,AUTO_ACCEPT,0.0
LN107541,2025-12,0.0,0.0,0.0,0.0,CURRENT,0.0,0.0,NONE,,AUTO_ACCEPT,0.0
LN103411,2025-12,0.0,0.0,0.0,0.0,CURRENT,0.0,0.0,NONE,,AUTO_ACCEPT,0.0
LN101139,2025-12,0.0,0.0,0.0,0.0,CURRENT,0.0,0.0,NONE,,AUTO_ACCEPT,0.0
LN104642,2025-12,0.0,0.0,0.0,0.0,CURRENT,0.0,0.0,NONE,,AUTO_ACCEPT,0.0
LN107543,2025-12,0.0,0.0,0.0,0.0,CURRENT,0.0,0.0,NONE,,AUTO_ACCEPT,0.0
LN101136,2025-12,0.0,0.0,0.0,0.0,CURRENT,0.0,0.0,NONE,,AUTO_ACCEPT,0.0
LN101140,2025-12,0.0,0.0,0.0,0.0,CURRENT,0.0,0.0,NONE,,AUTO_ACCEPT,0.0
LN103413,2025-12,0.0,0.0,0.0,0.0,CURRENT,0.0,0.0,NONE,,AUTO_ACCEPT,0.0
LN107545,2025-12,0.0,0.0,0.0,0.0,CURRENT,0.0,0.0,NONE,,AUTO_ACCEPT,0.0
LN101134,2025-12,0.0,0.0,0.0,0.0,CURRENT,0.0,0.0,NONE,,AUTO_ACCEPT,0.0
LN107546,2025-12,0.0,0.0,0.0,0.0,CURRENT,0.0,0.0,NONE,,AUTO_ACCEPT,0.0
LN101133,2025-12,0.0,0.0,0.0,0.0,CURRENT,0.0,0.0,NONE,,AUTO_ACCEPT,0.0
LN103414,2025-12,0.0,0.0,0.0,0.0,CURRENT,0.0,0.0,NONE,,AUTO_ACCEPT,0.0
LN107547,2025-12,0.0,0.0,0.0,0.0,CURRENT,0.0,0.0,NONE,,AUTO_ACCEPT,0.0
LN104641,2025-12,0.0,0.0,0.0,0.0,CURRENT,0.0,0.0,NONE,,AUTO_ACCEPT,0.0
LN107540,2025-12,0.0,0.0,0.0,0.0,CURRENT,0.0,0.0,NONE,,AUTO_ACCEPT,0.0
LN104643,2025-12,0.0,0.0,0.0,0.0,CURRENT,0.0,0.0,NONE,,AUTO_ACCEPT,0.0
LN101141,2025-12,0.0,0.0,0.0,0.0,CURRENT,0.0,0.0,NONE,,AUTO_ACCEPT,0.0
LN104647,2025-12,0.0,0.0,0.0,0.0,CURRENT,0.0,0.0,NONE,,AUTO_ACCEPT,0.0
LN107529,2025-12,0.0,0.0,0.0,0.0,CURRENT,0.0,0.0,NONE,,AUTO_ACCEPT,0.0
LN101146,2025-12,0.0,0.0,0.0,0.0,CURRENT,0.0,0.0,NONE,,AUTO_ACCEPT,0.0
LN103409,2025-12,0.0,0.0,0.0,0.0,CURRENT,0.0,0.0,NONE,,AUTO_ACCEPT,0.0
LN107531,2025-12,0.0,0.0,0.0,0.0,CURRENT,0.0,0.0,NONE,,AUTO_ACCEPT,0.0
LN101144,2025-12,0.0,0.0,0.0,0.0,CURRENT,0.0,0.0,NONE,,AUTO_ACCEPT,0.0
LN104646,2025-12,0.0,0.0,0.0,0.0,CURRENT,0.0,0.0,NONE,,AUTO_ACCEPT,0.0
LN107535,2025-12,0.0,0.0,0.0,0.0,CURRENT,0.0,0.0,NONE,,AUTO_ACCEPT,0.0
LN101143,2025-12,0.0,0.0,0.0,0.0,CURRENT,0.0,0.0,NONE,,AUTO_ACCEPT,0.0
LN107537,2025-12,0.0,0.0,0.0,0.0,CURRENT,0.0,0.0,NONE,,AUTO_ACCEPT,0.0
LN103410,2025-12,0.0,0.0,0.0,0.0,CURRENT,0.0,0.0,NONE,,AUTO_ACCEPT,0.0
LN101142,2025-12,0.0,0.0,0.0,0.0,CURRENT,0.0,0.0,NONE,,AUTO_ACCEPT,0.0
LN104645,2025-12,0.0,0.0,0.0,0.0,CURRENT,0.0,0.0,NONE,,AUTO_ACCEPT,0.0
LN107538,2025-12,0.0,0.0,0.0,0.0,CURRENT,0.0,0.0,NONE,,AUTO_ACCEPT,0.0
LN107539,2025-12,0.0,0.0,0.0,0.0,CURRENT,0.0,0.0,NONE,,AUTO_ACCEPT,0.0
LN104639,2025-12,0.0,0.0,0.0,0.0,CURRENT,0.0,0.0,NONE,,AUTO_ACCEPT,0.0
LN101117,2025-12,0.0,0.0,0.0,0.0,CURRENT,0.0,0.0,NONE,,AUTO_ACCEPT,0.0
LN107548,2025-12,0.0,0.0,0.0,0.0,CURRENT,0.0,0.0,NONE,,AUTO_ACCEPT,0.0
LN107549,2025-12,0.0,0.0,0.0,0.0,CURRENT,0.0,0.0,NONE,,AUTO_ACCEPT,0.0
LN103418,2025-12,0.0,0.0,0.0,0.0,CURRENT,0.0,0.0,NONE,,AUTO_ACCEPT,0.0
LN101123,2025-12,0.0,0.0,0.0,0.0,CURRENT,0.0,0.0,NONE,,AUTO_ACCEPT,0.0
LN104633,2025-12,0.0,0.0,0.0,0.0,CURRENT,0.0,0.0,NONE,,AUTO_ACCEPT,0.0
LN107565,2025-12,0.0,0.0,0.0,0.0,CURRENT,0.0,0.0,NONE,,AUTO_ACCEPT,0.0
LN101122,2025-12,0.0,0.0,0.0,0.0,CURRENT,0.0,0.0,NONE,,AUTO_ACCEPT,0.0
LN107567,2025-12,0.0,0.0,0.0,0.0,CURRENT,0.0,0.0,NONE,,AUTO_ACCEPT,0.0
LN107560,2025-12,0.0,0.0,0.0,0.0,CURRENT,0.0,0.0,NONE,,AUTO_ACCEPT,0.0
LN103420,2025-12,0.0,0.0,0.0,0.0,CURRENT,0.0,0.0,NONE,,AUTO_ACCEPT,0.0
LN101120,2025-12,0.0,0.0,0.0,0.0,CURRENT,0.0,0.0,NONE,,AUTO_ACCEPT,0.0
LN107568,2025-12,0.0,0.0,0.0,0.0,CURRENT,0.0,0.0,NONE,,AUTO_ACCEPT,0.0
LN107569,2025-12,0.0,0.0,0.0,0.0,CURRENT,0.0,0.0,NONE,,AUTO_ACCEPT,0.0
LN101118,2025-12,0.0,0.0,0.0,0.0,CURRENT,0.0,0.0,NONE,,AUTO_ACCEPT,0.0
LN103421,2025-12,0.0,0.0,0.0,0.0,CURRENT,0.0,0.0,NONE,,AUTO_ACCEPT,0.0
LN104631,2025-12,0.0,0.0,0.0,0.0,CURRENT,0.0,0.0,NONE,,AUTO_ACCEPT,0.0
LN104632,2025-12,0.0,0.0,0.0,0.0,CURRENT,0.0,0.0,NONE,,AUTO_ACCEPT,0.0
LN101125,2025-12,0.0,0.0,0.0,0.0,CURRENT,0.0,0.0,NONE,,AUTO_ACCEPT,0.0
LN104634,2025-12,0.0,0.0,0.0,0.0,CURRENT,0.0,0.0,NONE,,AUTO_ACCEPT,0.0
LN107559,2025-12,0.0,0.0,0.0,0.0,CURRENT,0.0,0.0,NONE,,AUTO_ACCEPT,0.0
LN103415,2025-12,0.0,0.0,0.0,0.0,CURRENT,0.0,0.0,NONE,,AUTO_ACCEPT,0.0
LN101131,2025-12,0.0,0.0,0.0,0.0,CURRENT,0.0,0.0,NONE,,AUTO_ACCEPT,0.0
LN107550,2025-12,0.0,0.0,0.0,0.0,CURRENT,0.0,0.0,NONE,,AUTO_ACCEPT,0.0
LN101130,2025-12,0.0,0.0,0.0,0.0,CURRENT,0.0,0.0,NONE,,AUTO_ACCEPT,0.0
LN103416,2025-12,0.0,0.0,0.0,0.0,CURRENT,0.0,0.0,NONE,,AUTO_ACCEPT,0.0
LN107551,2025-12,0.0,0.0,0.0,0.0,CURRENT,0.0,0.0,NONE,,AUTO_ACCEPT,0.0
LN104636,2025-12,0.0,0.0,0.0,0.0,CURRENT,0.0,0.0,NONE,,AUTO_ACCEPT,0.0
LN107552,2025-12,0.0,0.0,0.0,0.0,CURRENT,0.0,0.0,NONE,,AUTO_ACCEPT,0.0
LN101129,2025-12,0.0,0.0,0.0,0.0,CURRENT,0.0,0.0,NONE,,AUTO_ACCEPT,0.0
LN103417,2025-12,0.0,0.0,0.0,0.0,CURRENT,0.0,0.0,NONE,,AUTO_ACCEPT,0.0
LN107556,2025-12,0.0,0.0,0.0,0.0,CURRENT,0.0,0.0,NONE,,AUTO_ACCEPT,0.0
LN101128,2025-12,0.0,0.0,0.0,0.0,CURRENT,0.0,0.0,NONE,,AUTO_ACCEPT,0.0
LN104635,2025-12,0.0,0.0,0.0,0.0,CURRENT,0.0,0.0,NONE,,AUTO_ACCEPT,0.0
LN107557,2025-12,0.0,0.0,0.0,0.0,CURRENT,0.0,0.0,NONE,,AUTO_ACCEPT,0.0
LN101127,2025-12,0.0,0.0,0.0,0.0,CURRENT,0.0,0.0,NONE,,AUTO_ACCEPT,0.0
LN101132,2025-12,0.0,0.0,0.0,0.0,CURRENT,0.0,0.0,NONE,,AUTO_ACCEPT,0.0
LN107615,2025-12,0.0,0.0,0.0,0.0,CURRENT,0.0,0.0,NONE,,AUTO_ACCEPT,0.0
LN101085,2025-12,0.0,0.0,0.0,0.0,CURRENT,0.0,0.0,NONE,,AUTO_ACCEPT,0.0
LN107616,2025-12,0.0,0.0,0.0,0.0,CURRENT,0.0,0.0,NONE,,AUTO_ACCEPT,0.0
LN107657,2025-12,0.0,0.0,0.0,0.0,CURRENT,0.0,0.0,NONE,,AUTO_ACCEPT,0.0
LN101052,2025-12,0.0,0.0,0.0,0.0,CURRENT,0.0,0.0,NONE,,AUTO_ACCEPT,0.0
LN107659,2025-12,0.0,0.0,0.0,0.0,CURRENT,0.0,0.0,NONE,,AUTO_ACCEPT,0.0
LN104586,2025-12,0.0,0.0,0.0,0.0,CURRENT,0.0,0.0,NONE,,AUTO_ACCEPT,0.0
LN101051,2025-12,0.0,0.0,0.0,0.0,CURRENT,0.0,0.0,NONE,,AUTO_ACCEPT,0.0
LN107661,2025-12,0.0,0.0,0.0,0.0,CURRENT,0.0,0.0,NONE,,AUTO_ACCEPT,0.0
LN104587,2025-12,0.0,0.0,0.0,0.0,CURRENT,0.0,0.0,NONE,,AUTO_ACCEPT,0.0
LN103454,2025-12,0.0,0.0,0.0,0.0,CURRENT,0.0,0.0,NONE,,AUTO_ACCEPT,0.0
LN101049,2025-12,0.0,0.0,0.0,0.0,CURRENT,0.0,0.0,NONE,,AUTO_ACCEPT,0.0
LN104582,2025-12,0.0,0.0,0.0,0.0,CURRENT,0.0,0.0,NONE,,AUTO_ACCEPT,0.0
LN107665,2025-12,0.0,0.0,0.0,0.0,CURRENT,0.0,0.0,NONE,,AUTO_ACCEPT,0.0
LN101048,2025-12,0.0,0.0,0.0,0.0,CURRENT,0.0,0.0,NONE,,AUTO_ACCEPT,0.0
LN107667,2025-12,0.0,0.0,0.0,0.0,CURRENT,0.0,0.0,NONE,,AUTO_ACCEPT,0.0
LN103455,2025-12,0.0,0.0,0.0,0.0,CURRENT,0.0,0.0,NONE,,AUTO_ACCEPT,0.0
LN107663,2025-12,0.0,0.0,0.0,0.0,CURRENT,0.0,0.0,NONE,,AUTO_ACCEPT,0.0
LN101053,2025-12,0.0,0.0,0.0,0.0,CURRENT,0.0,0.0,NONE,,AUTO_ACCEPT,0.0
LN107656,2025-12,0.0,0.0,0.0,0.0,CURRENT,0.0,0.0,NONE,,AUTO_ACCEPT,0.0
LN103453,2025-12,0.0,0.0,0.0,0.0,CURRENT,0.0,0.0,NONE,,AUTO_ACCEPT,0.0
LN107650,2025-12,0.0,0.0,0.0,0.0,CURRENT,0.0,0.0,NONE,,AUTO_ACCEPT,0.0
LN104591,2025-12,0.0,0.0,0.0,0.0,CURRENT,0.0,0.0,NONE,,AUTO_ACCEPT,0.0
LN101057,2025-12,0.0,0.0,0.0,0.0,CURRENT,0.0,0.0,NONE,,AUTO_ACCEPT,0.0
LN107651,2025-12,0.0,0.0,0.0,0.0,CURRENT,0.0,0.0,NONE,,AUTO_ACCEPT,0.0
LN103451,2025-12,0.0,0.0,0.0,0.0,CURRENT,0.0,0.0,NONE,,AUTO_ACCEPT,0.0
LN104590,2025-12,0.0,0.0,0.0,0.0,CURRENT,0.0,0.0,NONE,,AUTO_ACCEPT,0.0
LN107652,2025-12,0.0,0.0,0.0,0.0,CURRENT,0.0,0.0,NONE,,AUTO_ACCEPT,0.0
LN101056,2025-12,0.0,0.0,0.0,0.0,CURRENT,0.0,0.0,NONE,,AUTO_ACCEPT,0.0
LN107653,2025-12,0.0,0.0,0.0,0.0,CURRENT,0.0,0.0,NONE,,AUTO_ACCEPT,0.0
LN101055,2025-12,0.0,0.0,0.0,0.0,CURRENT,0.0,0.0,NONE,,AUTO_ACCEPT,0.0
LN103452,2025-12,0.0,0.0,0.0,0.0,CURRENT,0.0,0.0,NONE,,AUTO_ACCEPT,0.0
LN107654,2025-12,0.0,0.0,0.0,0.0,CURRENT,0.0,0.0,NONE,,AUTO_ACCEPT,0.0
LN104589,2025-12,0.0,0.0,0.0,0.0,CURRENT,0.0,0.0,NONE,,AUTO_ACCEPT,0.0
LN101054,2025-12,0.0,0.0,0.0,0.0,CURRENT,0.0,0.0,NONE,,AUTO_ACCEPT,0.0
LN107655,2025-12,0.0,0.0,0.0,0.0,CURRENT,0.0,0.0,NONE,,AUTO_ACCEPT,0.0
LN104581,2025-12,0.0,0.0,0.0,0.0,CURRENT,0.0,0.0,NONE,,AUTO_ACCEPT,0.0
LN101058,2025-12,0.0,0.0,0.0,0.0,CURRENT,0.0,0.0,NONE,,AUTO_ACCEPT,0.0
LN101046,2025-12,0.0,0.0,0.0,0.0,CURRENT,0.0,0.0,NONE,,AUTO_ACCEPT,0.0
LN101045,2025-12,0.0,0.0,0.0,0.0,CURRENT,0.0,0.0,NONE,,AUTO_ACCEPT,0.0
LN107678,2025-12,0.0,0.0,0.0,0.0,CURRENT,0.0,0.0,NONE,,AUTO_ACCEPT,0.0
LN101037,2025-12,0.0,0.0,0.0,0.0,CURRENT,0.0,0.0,NONE,,AUTO_ACCEPT,0.0
LN103462,2025-12,0.0,0.0,0.0,0.0,CURRENT,0.0,0.0,NONE,,AUTO_ACCEPT,0.0
LN107679,2025-12,0.0,0.0,0.0,0.0,CURRENT,0.0,0.0,NONE,,AUTO_ACCEPT,0.0
LN101036,2025-12,0.0,0.0,0.0,0.0,CURRENT,0.0,0.0,NONE,,AUTO_ACCEPT,0.0
LN104570,2025-12,0.0,0.0,0.0,0.0,CURRENT,0.0,0.0,NONE,,AUTO_ACCEPT,0.0
LN107677,2025-12,0.0,0.0,0.0,0.0,CURRENT,0.0,0.0,NONE,,AUTO_ACCEPT,0.0
LN107680,2025-12,0.0,0.0,0.0,0.0,CURRENT,0.0,0.0,NONE,,AUTO_ACCEPT,0.0
LN107681,2025-12,0.0,0.0,0.0,0.0,CURRENT,0.0,0.0,NONE,,AUTO_ACCEPT,0.0
LN103463,2025-12,0.0,0.0,0.0,0.0,CURRENT,0.0,0.0,NONE,,AUTO_ACCEPT,0.0
LN104569,2025-12,0.0,0.0,0.0,0.0,CURRENT,0.0,0.0,NONE,,AUTO_ACCEPT,0.0
LN107682,2025-12,0.0,0.0,0.0,0.0,CURRENT,0.0,0.0,NONE,,AUTO_ACCEPT,0.0
LN101033,2025-12,0.0,0.0,0.0,0.0,CURRENT,0.0,0.0,NONE,,AUTO_ACCEPT,0.0
LN107683,2025-12,0.0,0.0,0.0,0.0,CURRENT,0.0,0.0,NONE,,AUTO_ACCEPT,0.0
LN101034,2025-12,0.0,0.0,0.0,0.0,CURRENT,0.0,0.0,NONE,,AUTO_ACCEPT,0.0
LN101038,2025-12,0.0,0.0,0.0,0.0,CURRENT,0.0,0.0,NONE,,AUTO_ACCEPT,0.0
LN104573,2025-12,0.0,0.0,0.0,0.0,CURRENT,0.0,0.0,NONE,,AUTO_ACCEPT,0.0
LN107676,2025-12,0.0,0.0,0.0,0.0,CURRENT,0.0,0.0,NONE,,AUTO_ACCEPT,0.0
LN103458,2025-12,0.0,0.0,0.0,0.0,CURRENT,0.0,0.0,NONE,,AUTO_ACCEPT,0.0
LN107670,2025-12,0.0,0.0,0.0,0.0,CURRENT,0.0,0.0,NONE,,AUTO_ACCEPT,0.0
LN101044,2025-12,0.0,0.0,0.0,0.0,CURRENT,0.0,0.0,NONE,,AUTO_ACCEPT,0.0
LN104576,2025-12,0.0,0.0,0.0,0.0,CURRENT,0.0,0.0,NONE,,AUTO_ACCEPT,0.0
LN107671,2025-12,0.0,0.0,0.0,0.0,CURRENT,0.0,0.0,NONE,,AUTO_ACCEPT,0.0
LN101042,2025-12,0.0,0.0,0.0,0.0,CURRENT,0.0,0.0,NONE,,AUTO_ACCEPT,0.0
LN103459,2025-12,0.0,0.0,0.0,0.0,CURRENT,0.0,0.0,NONE,,AUTO_ACCEPT,0.0
LN107672,2025-12,0.0,0.0,0.0,0.0,CURRENT,0.0,0.0,NONE,,AUTO_ACCEPT,0.0
LN104575,2025-12,0.0,0.0,0.0,0.0,CURRENT,0.0,0.0,NONE,,AUTO_ACCEPT,0.0
LN107673,2025-12,0.0,0.0,0.0,0.0,CURRENT,0.0,0.0,NONE,,AUTO_ACCEPT,0.0
LN101041,2025-12,0.0,0.0,0.0,0.0,CURRENT,0.0,0.0,NONE,,AUTO_ACCEPT,0.0
LN103460,2025-12,0.0,0.0,0.0,0.0,CURRENT,0.0,0.0,NONE,,AUTO_ACCEPT,0.0
LN101040,2025-12,0.0,0.0,0.0,0.0,CURRENT,0.0,0.0,NONE,,AUTO_ACCEPT,0.0
LN107675,2025-12,0.0,0.0,0.0,0.0,CURRENT,0.0,0.0,NONE,,AUTO_ACCEPT,0.0
LN103461,2025-12,0.0,0.0,0.0,0.0,CURRENT,0.0,0.0,NONE,,AUTO_ACCEPT,0.0
LN107669,2025-12,0.0,0.0,0.0,0.0,CURRENT,0.0,0.0,NONE,,AUTO_ACCEPT,0.0
LN107649,2025-12,0.0,0.0,0.0,0.0,CURRENT,0.0,0.0,NONE,,AUTO_ACCEPT,0.0
LN103450,2025-12,0.0,0.0,0.0,0.0,CURRENT,0.0,0.0,NONE,,AUTO_ACCEPT,0.0
LN101059,2025-12,0.0,0.0,0.0,0.0,CURRENT,0.0,0.0,NONE,,AUTO_ACCEPT,0.0
LN104607,2025-12,0.0,0.0,0.0,0.0,CURRENT,0.0,0.0,NONE,,AUTO_ACCEPT,0.0
LN107626,2025-12,0.0,0.0,0.0,0.0,CURRENT,0.0,0.0,NONE,,AUTO_ACCEPT,0.0
LN101078,2025-12,0.0,0.0,0.0,0.0,CURRENT,0.0,0.0,NONE,,AUTO_ACCEPT,0.0
LN107627,2025-12,0.0,0.0,0.0,0.0,CURRENT,0.0,0.0,NONE,,AUTO_ACCEPT,0.0
LN101076,2025-12,0.0,0.0,0.0,0.0,CURRENT,0.0,0.0,NONE,,AUTO_ACCEPT,0.0
LN107629,2025-12,0.0,0.0,0.0,0.0,CURRENT,0.0,0.0,NONE,,AUTO_ACCEPT,0.0
LN103439,2025-12,0.0,0.0,0.0,0.0,CURRENT,0.0,0.0,NONE,,AUTO_ACCEPT,0.0
LN104605,2025-12,0.0,0.0,0.0,0.0,CURRENT,0.0,0.0,NONE,,AUTO_ACCEPT,0.0
LN107630,2025-12,0.0,0.0,0.0,0.0,CURRENT,0.0,0.0,NONE,,AUTO_ACCEPT,0.0
LN104604,2025-12,0.0,0.0,0.0,0.0,CURRENT,0.0,0.0,NONE,,AUTO_ACCEPT,0.0
LN107631,2025-12,0.0,0.0,0.0,0.0,CURRENT,0.0,0.0,NONE,,AUTO_ACCEPT,0.0
LN101074,2025-12,0.0,0.0,0.0,0.0,CURRENT,0.0,0.0,NONE,,AUTO_ACCEPT,0.0
LN107632,2025-12,0.0,0.0,0.0,0.0,CURRENT,0.0,0.0,NONE,,AUTO_ACCEPT,0.0
LN103442,2025-12,0.0,0.0,0.0,0.0,CURRENT,0.0,0.0,NONE,,AUTO_ACCEPT,0.0
LN101075,2025-12,0.0,0.0,0.0,0.0,CURRENT,0.0,0.0,NONE,,AUTO_ACCEPT,0.0
LN101079,2025-12,0.0,0.0,0.0,0.0,CURRENT,0.0,0.0,NONE,,AUTO_ACCEPT,0.0
LN107624,2025-12,0.0,0.0,0.0,0.0,CURRENT,0.0,0.0,NONE,,AUTO_ACCEPT,0.0
LN107623,2025-12,0.0,0.0,0.0,0.0,CURRENT,0.0,0.0,NONE,,AUTO_ACCEPT,0.0
LN101084,2025-12,0.0,0.0,0.0,0.0,CURRENT,0.0,0.0,NONE,,AUTO_ACCEPT,0.0
LN103436,2025-12,0.0,0.0,0.0,0.0,CURRENT,0.0,0.0,NONE,,AUTO_ACCEPT,0.0
LN107617,2025-12,0.0,0.0,0.0,0.0,CURRENT,0.0,0.0,NONE,,AUTO_ACCEPT,0.0
LN104614,2025-12,0.0,0.0,0.0,0.0,CURRENT,0.0,0.0,NONE,,AUTO_ACCEPT,0.0
LN101083,2025-12,0.0,0.0,0.0,0.0,CURRENT,0.0,0.0,NONE,,AUTO_ACCEPT,0.0
LN107619,2025-12,0.0,0.0,0.0,0.0,CURRENT,0.0,0.0,NONE,,AUTO_ACCEPT,0.0
LN103437,2025-12,0.0,0.0,0.0,0.0,CURRENT,0.0,0.0,NONE,,AUTO_ACCEPT,0.0
LN107620,2025-12,0.0,0.0,0.0,0.0,CURRENT,0.0,0.0,NONE,,AUTO_ACCEPT,0.0
LN101082,2025-12,0.0,0.0,0.0,0.0,CURRENT,0.0,0.0,NONE,,AUTO_ACCEPT,0.0
LN104611,2025-12,0.0,0.0,0.0,0.0,CURRENT,0.0,0.0,NONE,,AUTO_ACCEPT,0.0
LN107621,2025-12,0.0,0.0,0.0,0.0,CURRENT,0.0,0.0,NONE,,AUTO_ACCEPT,0.0
LN101081,2025-12,0.0,0.0,0.0,0.0,CURRENT,0.0,0.0,NONE,,AUTO_ACCEPT,0.0
LN103438,2025-12,0.0,0.0,0.0,0.0,CURRENT,0.0,0.0,NONE,,AUTO_ACCEPT,0.0
LN101080,2025-12,0.0,0.0,0.0,0.0,CURRENT,0.0,0.0,NONE,,AUTO_ACCEPT,0.0
LN104608,2025-12,0.0,0.0,0.0,0.0,CURRENT,0.0,0.0,NONE,,AUTO_ACCEPT,0.0
LN101073,2025-12,0.0,0.0,0.0,0.0,CURRENT,0.0,0.0,NONE,,AUTO_ACCEPT,0.0
LN107633,2025-12,0.0,0.0,0.0,0.0,CURRENT,0.0,0.0,NONE,,AUTO_ACCEPT,0.0
LN104603,2025-12,0.0,0.0,0.0,0.0,CURRENT,0.0,0.0,NONE,,AUTO_ACCEPT,0.0
LN101071,2025-12,0.0,0.0,0.0,0.0,CURRENT,0.0,0.0,NONE,,AUTO_ACCEPT,0.0
LN104599,2025-12,0.0,0.0,0.0,0.0,CURRENT,0.0,0.0,NONE,,AUTO_ACCEPT,0.0
LN101063,2025-12,0.0,0.0,0.0,0.0,CURRENT,0.0,0.0,NONE,,AUTO_ACCEPT,0.0
LN107643,2025-12,0.0,0.0,0.0,0.0,CURRENT,0.0,0.0,NONE,,AUTO_ACCEPT,0.0
LN103448,2025-12,0.0,0.0,0.0,0.0,CURRENT,0.0,0.0,NONE,,AUTO_ACCEPT,0.0
LN107644,2025-12,0.0,0.0,0.0,0.0,CURRENT,0.0,0.0,NONE,,AUTO_ACCEPT,0.0
LN101062,2025-12,0.0,0.0,0.0,0.0,CURRENT,0.0,0.0,NONE,,AUTO_ACCEPT,0.0
LN104598,2025-12,0.0,0.0,0.0,0.0,CURRENT,0.0,0.0,NONE,,AUTO_ACCEPT,0.0
LN107645,2025-12,0.0,0.0,0.0,0.0,CURRENT,0.0,0.0,NONE,,AUTO_ACCEPT,0.0
LN101061,2025-12,0.0,0.0,0.0,0.0,CURRENT,0.0,0.0,NONE,,AUTO_ACCEPT,0.0
LN107646,2025-12,0.0,0.0,0.0,0.0,CURRENT,0.0,0.0,NONE,,AUTO_ACCEPT,0.0
LN103449,2025-12,0.0,0.0,0.0,0.0,CURRENT,0.0,0.0,NONE,,AUTO_ACCEPT,0.0
LN101060,2025-12,0.0,0.0,0.0,0.0,CURRENT,0.0,0.0,NONE,,AUTO_ACCEPT,0.0
LN104595,2025-12,0.0,0.0,0.0,0.0,CURRENT,0.0,0.0,NONE,,AUTO_ACCEPT,0.0
LN107647,2025-12,0.0,0.0,0.0,0.0,CURRENT,0.0,0.0,NONE,,AUTO_ACCEPT,0.0
LN107648,2025-12,0.0,0.0,0.0,0.0,CURRENT,0.0,0.0,NONE,,AUTO_ACCEPT,0.0
LN107642,2025-12,0.0,0.0,0.0,0.0,CURRENT,0.0,0.0,NONE,,AUTO_ACCEPT,0.0
LN101147,2025-12,0.0,0.0,0.0,0.0,CURRENT,0.0,0.0,NONE,,AUTO_ACCEPT,0.0
LN103446,2025-12,0.0,0.0,0.0,0.0,CURRENT,0.0,0.0,NONE,,AUTO_ACCEPT,0.0
LN107641,2025-12,0.0,0.0,0.0,0.0,CURRENT,0.0,0.0,NONE,,AUTO_ACCEPT,0.0
LN107634,2025-12,0.0,0.0,0.0,0.0,CURRENT,0.0,0.0,NONE,,AUTO_ACCEPT,0.0
LN103443,2025-12,0.0,0.0,0.0,0.0,CURRENT,0.0,0.0,NONE,,AUTO_ACCEPT,0.0
LN104602,2025-12,0.0,0.0,0.0,0.0,CURRENT,0.0,0.0,NONE,,AUTO_ACCEPT,0.0
LN107635,2025-12,0.0,0.0,0.0,0.0,CURRENT,0.0,0.0,NONE,,AUTO_ACCEPT,0.0
LN101068,2025-12,0.0,0.0,0.0,0.0,CURRENT,0.0,0.0,NONE,,AUTO_ACCEPT,0.0
LN107636,2025-12,0.0,0.0,0.0,0.0,CURRENT,0.0,0.0,NONE,,AUTO_ACCEPT,0.0
LN101067,2025-12,0.0,0.0,0.0,0.0,CURRENT,0.0,0.0,NONE,,AUTO_ACCEPT,0.0
LN107638,2025-12,0.0,0.0,0.0,0.0,CURRENT,0.0,0.0,NONE,,AUTO_ACCEPT,0.0
LN103444,2025-12,0.0,0.0,0.0,0.0,CURRENT,0.0,0.0,NONE,,AUTO_ACCEPT,0.0
LN104601,2025-12,0.0,0.0,0.0,0.0,CURRENT,0.0,0.0,NONE,,AUTO_ACCEPT,0.0
LN101066,2025-12,0.0,0.0,0.0,0.0,CURRENT,0.0,0.0,NONE,,AUTO_ACCEPT,0.0
LN107639,2025-12,0.0,0.0,0.0,0.0,CURRENT,0.0,0.0,NONE,,AUTO_ACCEPT,0.0
LN107640,2025-12,0.0,0.0,0.0,0.0,CURRENT,0.0,0.0,NONE,,AUTO_ACCEPT,0.0
LN101065,2025-12,0.0,0.0,0.0,0.0,CURRENT,0.0,0.0,NONE,,AUTO_ACCEPT,0.0
LN104600,2025-12,0.0,0.0,0.0,0.0,CURRENT,0.0,0.0,NONE,,AUTO_ACCEPT,0.0
LN101064,2025-12,0.0,0.0,0.0,0.0,CURRENT,0.0,0.0,NONE,,AUTO_ACCEPT,0.0
LN101032,2025-12,0.0,0.0,0.0,0.0,CURRENT,0.0,0.0,NONE,,AUTO_ACCEPT,0.0
LN107528,2025-12,0.0,0.0,0.0,0.0,CURRENT,0.0,0.0,NONE,,AUTO_ACCEPT,0.0
LN107527,2025-12,0.0,0.0,0.0,0.0,CURRENT,0.0,0.0,NONE,,AUTO_ACCEPT,0.0
LN107429,2025-12,0.0,0.0,0.0,0.0,CURRENT,0.0,0.0,NONE,,AUTO_ACCEPT,0.0
LN103373,2025-12,0.0,0.0,0.0,0.0,CURRENT,0.0,0.0,NONE,,AUTO_ACCEPT,0.0
LN101222,2025-12,0.0,0.0,0.0,0.0,CURRENT,0.0,0.0,NONE,,AUTO_ACCEPT,0.0
LN104709,2025-12,0.0,0.0,0.0,0.0,CURRENT,0.0,0.0,NONE,,AUTO_ACCEPT,0.0
LN107430,2025-12,0.0,0.0,0.0,0.0,CURRENT,0.0,0.0,NONE,,AUTO_ACCEPT,0.0
LN107431,2025-12,0.0,0.0,0.0,0.0,CURRENT,0.0,0.0,NONE,,AUTO_ACCEPT,0.0
LN101223,2025-12,0.0,0.0,0.0,0.0,CURRENT,0.0,0.0,NONE,,AUTO_ACCEPT,0.0
LN101218,2025-12,0.0,0.0,0.0,0.0,CURRENT,0.0,0.0,NONE,,AUTO_ACCEPT,0.0
LN107432,2025-12,0.0,0.0,0.0,0.0,CURRENT,0.0,0.0,NONE,,AUTO_ACCEPT,0.0
LN104708,2025-12,0.0,0.0,0.0,0.0,CURRENT,0.0,0.0,NONE,,AUTO_ACCEPT,0.0
LN101217,2025-12,0.0,0.0,0.0,0.0,CURRENT,0.0,0.0,NONE,,AUTO_ACCEPT,0.0
LN107433,2025-12,0.0,0.0,0.0,0.0,CURRENT,0.0,0.0,NONE,,AUTO_ACCEPT,0.0
LN101216,2025-12,0.0,0.0,0.0,0.0,CURRENT,0.0,0.0,NONE,,AUTO_ACCEPT,0.0
LN107434,2025-12,0.0,0.0,0.0,0.0,CURRENT,0.0,0.0,NONE,,AUTO_ACCEPT,0.0
LN103374,2025-12,0.0,0.0,0.0,0.0,CURRENT,0.0,0.0,NONE,,AUTO_ACCEPT,0.0
LN104710,2025-12,0.0,0.0,0.0,0.0,CURRENT,0.0,0.0,NONE,,AUTO_ACCEPT,0.0
LN101224,2025-12,0.0,0.0,0.0,0.0,CURRENT,0.0,0.0,NONE,,AUTO_ACCEPT,0.0
LN107427,2025-12,0.0,0.0,0.0,0.0,CURRENT,0.0,0.0,NONE,,AUTO_ACCEPT,0.0
LN103369,2025-12,0.0,0.0,0.0,0.0,CURRENT,0.0,0.0,NONE,,AUTO_ACCEPT,0.0
LN104716,2025-12,0.0,0.0,0.0,0.0,CURRENT,0.0,0.0,NONE,,AUTO_ACCEPT,0.0
LN101228,2025-12,0.0,0.0,0.0,0.0,CURRENT,0.0,0.0,NONE,,AUTO_ACCEPT,0.0
LN107422,2025-12,0.0,0.0,0.0,0.0,CURRENT,0.0,0.0,NONE,,AUTO_ACCEPT,0.0
LN107423,2025-12,0.0,0.0,0.0,0.0,CURRENT,0.0,0.0,NONE,,AUTO_ACCEPT,0.0
LN101227,2025-12,0.0,0.0,0.0,0.0,CURRENT,0.0,0.0,NONE,,AUTO_ACCEPT,0.0
LN104713,2025-12,0.0,0.0,0.0,0.0,CURRENT,0.0,0.0,NONE,,AUTO_ACCEPT,0.0
LN107424,2025-12,0.0,0.0,0.0,0.0,CURRENT,0.0,0.0,NONE,,AUTO_ACCEPT,0.0
LN101226,2025-12,0.0,0.0,0.0,0.0,CURRENT,0.0,0.0,NONE,,AUTO_ACCEPT,0.0
LN103370,2025-12,0.0,0.0,0.0,0.0,CURRENT,0.0,0.0,NONE,,AUTO_ACCEPT,0.0
LN107425,2025-12,0.0,0.0,0.0,0.0,CURRENT,0.0,0.0,NONE,,AUTO_ACCEPT,0.0
LN101225,2025-12,0.0,0.0,0.0,0.0,CURRENT,0.0,0.0,NONE,,AUTO_ACCEPT,0.0
LN104711,2025-12,0.0,0.0,0.0,0.0,CURRENT,0.0,0.0,NONE,,AUTO_ACCEPT,0.0
LN107426,2025-12,0.0,0.0,0.0,0.0,CURRENT,0.0,0.0,NONE,,AUTO_ACCEPT,0.0
LN103371,2025-12,0.0,0.0,0.0,0.0,CURRENT,0.0,0.0,NONE,,AUTO_ACCEPT,0.0
LN104707,2025-12,0.0,0.0,0.0,0.0,CURRENT,0.0,0.0,NONE,,AUTO_ACCEPT,0.0
LN101231,2025-12,0.0,0.0,0.0,0.0,CURRENT,0.0,0.0,NONE,,AUTO_ACCEPT,0.0
LN107436,2025-12,0.0,0.0,0.0,0.0,CURRENT,0.0,0.0,NONE,,AUTO_ACCEPT,0.0
LN103375,2025-12,0.0,0.0,0.0,0.0,CURRENT,0.0,0.0,NONE,,AUTO_ACCEPT,0.0
LN107446,2025-12,0.0,0.0,0.0,0.0,CURRENT,0.0,0.0,NONE,,AUTO_ACCEPT,0.0
LN103378,2025-12,0.0,0.0,0.0,0.0,CURRENT,0.0,0.0,NONE,,AUTO_ACCEPT,0.0
LN101204,2025-12,0.0,0.0,0.0,0.0,CURRENT,0.0,0.0,NONE,,AUTO_ACCEPT,0.0
LN103379,2025-12,0.0,0.0,0.0,0.0,CURRENT,0.0,0.0,NONE,,AUTO_ACCEPT,0.0
LN107449,2025-12,0.0,0.0,0.0,0.0,CURRENT,0.0,0.0,NONE,,AUTO_ACCEPT,0.0
LN101203,2025-12,0.0,0.0,0.0,0.0,CURRENT,0.0,0.0,NONE,,AUTO_ACCEPT,0.0
LN101205,2025-12,0.0,0.0,0.0,0.0,CURRENT,0.0,0.0,NONE,,AUTO_ACCEPT,0.0
LN104698,2025-12,0.0,0.0,0.0,0.0,CURRENT,0.0,0.0,NONE,,AUTO_ACCEPT,0.0
LN101202,2025-12,0.0,0.0,0.0,0.0,CURRENT,0.0,0.0,NONE,,AUTO_ACCEPT,0.0
LN107451,2025-12,0.0,0.0,0.0,0.0,CURRENT,0.0,0.0,NONE,,AUTO_ACCEPT,0.0
LN104695,2025-12,0.0,0.0,0.0,0.0,CURRENT,0.0,0.0,NONE,,AUTO_ACCEPT,0.0
LN101201,2025-12,0.0,0.0,0.0,0.0,CURRENT,0.0,0.0,NONE,,AUTO_ACCEPT,0.0
LN107452,2025-12,0.0,0.0,0.0,0.0,CURRENT,0.0,0.0,NONE,,AUTO_ACCEPT,0.0
LN103380,2025-12,0.0,0.0,0.0,0.0,CURRENT,0.0,0.0,NONE,,AUTO_ACCEPT,0.0
LN107450,2025-12,0.0,0.0,0.0,0.0,CURRENT,0.0,0.0,NONE,,AUTO_ACCEPT,0.0
LN104701,2025-12,0.0,0.0,0.0,0.0,CURRENT,0.0,0.0,NONE,,AUTO_ACCEPT,0.0
LN107445,2025-12,0.0,0.0,0.0,0.0,CURRENT,0.0,0.0,NONE,,AUTO_ACCEPT,0.0
LN101206,2025-12,0.0,0.0,0.0,0.0,CURRENT,0.0,0.0,NONE,,AUTO_ACCEPT,0.0
LN107437,2025-12,0.0,0.0,0.0,0.0,CURRENT,0.0,0.0,NONE,,AUTO_ACCEPT,0.0
LN104706,2025-12,0.0,0.0,0.0,0.0,CURRENT,0.0,0.0,NONE,,AUTO_ACCEPT,0.0
LN101211,2025-12,0.0,0.0,0.0,0.0,CURRENT,0.0,0.0,NONE,,AUTO_ACCEPT,0.0
LN107438,2025-12,0.0,0.0,0.0,0.0,CURRENT,0.0,0.0,NONE,,AUTO_ACCEPT,0.0
LN101210,2025-12,0.0,0.0,0.0,0.0,CURRENT,0.0,0.0,NONE,,AUTO_ACCEPT,0.0
LN103376,2025-12,0.0,0.0,0.0,0.0,CURRENT,0.0,0.0,NONE,,AUTO_ACCEPT,0.0
LN107440,2025-12,0.0,0.0,0.0,0.0,CURRENT,0.0,0.0,NONE,,AUTO_ACCEPT,0.0
LN104705,2025-12,0.0,0.0,0.0,0.0,CURRENT,0.0,0.0,NONE,,AUTO_ACCEPT,0.0
LN107441,2025-12,0.0,0.0,0.0,0.0,CURRENT,0.0,0.0,NONE,,AUTO_ACCEPT,0.0
LN101208,2025-12,0.0,0.0,0.0,0.0,CURRENT,0.0,0.0,NONE,,AUTO_ACCEPT,0.0
LN107442,2025-12,0.0,0.0,0.0,0.0,CURRENT,0.0,0.0,NONE,,AUTO_ACCEPT,0.0
LN103377,2025-12,0.0,0.0,0.0,0.0,CURRENT,0.0,0.0,NONE,,AUTO_ACCEPT,0.0
LN101207,2025-12,0.0,0.0,0.0,0.0,CURRENT,0.0,0.0,NONE,,AUTO_ACCEPT,0.0
LN104703,2025-12,0.0,0.0,0.0,0.0,CURRENT,0.0,0.0,NONE,,AUTO_ACCEPT,0.0
LN107443,2025-12,0.0,0.0,0.0,0.0,CURRENT,0.0,0.0,NONE,,AUTO_ACCEPT,0.0
LN101213,2025-12,0.0,0.0,0.0,0.0,CURRENT,0.0,0.0,NONE,,AUTO_ACCEPT,0.0
LN107453,2025-12,0.0,0.0,0.0,0.0,CURRENT,0.0,0.0,NONE,,AUTO_ACCEPT,0.0
LN107420,2025-12,0.0,0.0,0.0,0.0,CURRENT,0.0,0.0,NONE,,AUTO_ACCEPT,0.0
LN107419,2025-12,0.0,0.0,0.0,0.0,CURRENT,0.0,0.0,NONE,,AUTO_ACCEPT,0.0
LN107392,2025-12,0.0,0.0,0.0,0.0,CURRENT,0.0,0.0,NONE,,AUTO_ACCEPT,0.0
LN103359,2025-12,0.0,0.0,0.0,0.0,CURRENT,0.0,0.0,NONE,,AUTO_ACCEPT,0.0
LN101248,2025-12,0.0,0.0,0.0,0.0,CURRENT,0.0,0.0,NONE,,AUTO_ACCEPT,0.0
LN104726,2025-12,0.0,0.0,0.0,0.0,CURRENT,0.0,0.0,NONE,,AUTO_ACCEPT,0.0
LN101247,2025-12,0.0,0.0,0.0,0.0,CURRENT,0.0,0.0,NONE,,AUTO_ACCEPT,0.0
LN101246,2025-12,0.0,0.0,0.0,0.0,CURRENT,0.0,0.0,NONE,,AUTO_ACCEPT,0.0
LN101249,2025-12,0.0,0.0,0.0,0.0,CURRENT,0.0,0.0,NONE,,AUTO_ACCEPT,0.0
LN103360,2025-12,0.0,0.0,0.0,0.0,CURRENT,0.0,0.0,NONE,,AUTO_ACCEPT,0.0
LN104725,2025-12,0.0,0.0,0.0,0.0,CURRENT,0.0,0.0,NONE,,AUTO_ACCEPT,0.0
LN107402,2025-12,0.0,0.0,0.0,0.0,CURRENT,0.0,0.0,NONE,,AUTO_ACCEPT,0.0
LN101245,2025-12,0.0,0.0,0.0,0.0,CURRENT,0.0,0.0,NONE,,AUTO_ACCEPT,0.0
LN107404,2025-12,0.0,0.0,0.0,0.0,CURRENT,0.0,0.0,NONE,,AUTO_ACCEPT,0.0
LN103361,2025-12,0.0,0.0,0.0,0.0,CURRENT,0.0,0.0,NONE,,AUTO_ACCEPT,0.0
LN101244,2025-12,0.0,0.0,0.0,0.0,CURRENT,0.0,0.0,NONE,,AUTO_ACCEPT,0.0
LN107401,2025-12,0.0,0.0,0.0,0.0,CURRENT,0.0,0.0,NONE,,AUTO_ACCEPT,0.0
LN104728,2025-12,0.0,0.0,0.0,0.0,CURRENT,0.0,0.0,NONE,,AUTO_ACCEPT,0.0
LN107390,2025-12,0.0,0.0,0.0,0.0,CURRENT,0.0,0.0,NONE,,AUTO_ACCEPT,0.0
LN101250,2025-12,0.0,0.0,0.0,0.0,CURRENT,0.0,0.0,NONE,,AUTO_ACCEPT,0.0
LN103356,2025-12,0.0,0.0,0.0,0.0,CURRENT,0.0,0.0,NONE,,AUTO_ACCEPT,0.0
LN107379,2025-12,0.0,0.0,0.0,0.0,CURRENT,0.0,0.0,NONE,,AUTO_ACCEPT,0.0
LN104731,2025-12,0.0,0.0,0.0,0.0,CURRENT,0.0,0.0,NONE,,AUTO_ACCEPT,0.0
LN107380,2025-12,0.0,0.0,0.0,0.0,CURRENT,0.0,0.0,NONE,,AUTO_ACCEPT,0.0
LN101254,2025-12,0.0,0.0,0.0,0.0,CURRENT,0.0,0.0,NONE,,AUTO_ACCEPT,0.0
LN103357,2025-12,0.0,0.0,0.0,0.0,CURRENT,0.0,0.0,NONE,,AUTO_ACCEPT,0.0
LN107381,2025-12,0.0,0.0,0.0,0.0,CURRENT,0.0,0.0,NONE,,AUTO_ACCEPT,0.0
LN104730,2025-12,0.0,0.0,0.0,0.0,CURRENT,0.0,0.0,NONE,,AUTO_ACCEPT,0.0
LN101253,2025-12,0.0,0.0,0.0,0.0,CURRENT,0.0,0.0,NONE,,AUTO_ACCEPT,0.0
LN107382,2025-12,0.0,0.0,0.0,0.0,CURRENT,0.0,0.0,NONE,,AUTO_ACCEPT,0.0
LN103358,2025-12,0.0,0.0,0.0,0.0,CURRENT,0.0,0.0,NONE,,AUTO_ACCEPT,0.0
LN107386,2025-12,0.0,0.0,0.0,0.0,CURRENT,0.0,0.0,NONE,,AUTO_ACCEPT,0.0
LN101251,2025-12,0.0,0.0,0.0,0.0,CURRENT,0.0,0.0,NONE,,AUTO_ACCEPT,0.0
LN104729,2025-12,0.0,0.0,0.0,0.0,CURRENT,0.0,0.0,NONE,,AUTO_ACCEPT,0.0
LN107387,2025-12,0.0,0.0,0.0,0.0,CURRENT,0.0,0.0,NONE,,AUTO_ACCEPT,0.0
LN104724,2025-12,0.0,0.0,0.0,0.0,CURRENT,0.0,0.0,NONE,,AUTO_ACCEPT,0.0
LN101232,2025-12,0.0,0.0,0.0,0.0,CURRENT,0.0,0.0,NONE,,AUTO_ACCEPT,0.0
LN107405,2025-12,0.0,0.0,0.0,0.0,CURRENT,0.0,0.0,NONE,,AUTO_ACCEPT,0.0
LN107406,2025-12,0.0,0.0,0.0,0.0,CURRENT,0.0,0.0,NONE,,AUTO_ACCEPT,0.0
LN101237,2025-12,0.0,0.0,0.0,0.0,CURRENT,0.0,0.0,NONE,,AUTO_ACCEPT,0.0
LN107414,2025-12,0.0,0.0,0.0,0.0,CURRENT,0.0,0.0,NONE,,AUTO_ACCEPT,0.0
LN104719,2025-12,0.0,0.0,0.0,0.0,CURRENT,0.0,0.0,NONE,,AUTO_ACCEPT,0.0
LN107415,2025-12,0.0,0.0,0.0,0.0,CURRENT,0.0,0.0,NONE,,AUTO_ACCEPT,0.0
LN101236,2025-12,0.0,0.0,0.0,0.0,CURRENT,0.0,0.0,NONE,,AUTO_ACCEPT,0.0
LN107416,2025-12,0.0,0.0,0.0,0.0,CURRENT,0.0,0.0,NONE,,AUTO_ACCEPT,0.0
LN104720,2025-12,0.0,0.0,0.0,0.0,CURRENT,0.0,0.0,NONE,,AUTO_ACCEPT,0.0
LN103367,2025-12,0.0,0.0,0.0,0.0,CURRENT,0.0,0.0,NONE,,AUTO_ACCEPT,0.0
LN107417,2025-12,0.0,0.0,0.0,0.0,CURRENT,0.0,0.0,NONE,,AUTO_ACCEPT,0.0
LN104718,2025-12,0.0,0.0,0.0,0.0,CURRENT,0.0,0.0,NONE,,AUTO_ACCEPT,0.0
LN101233,2025-12,0.0,0.0,0.0,0.0,CURRENT,0.0,0.0,NONE,,AUTO_ACCEPT,0.0
LN107418,2025-12,0.0,0.0,0.0,0.0,CURRENT,0.0,0.0,NONE,,AUTO_ACCEPT,0.0
LN103368,2025-12,0.0,0.0,0.0,0.0,CURRENT,0.0,0.0,NONE,,AUTO_ACCEPT,0.0
LN104717,2025-12,0.0,0.0,0.0,0.0,CURRENT,0.0,0.0,NONE,,AUTO_ACCEPT,0.0
LN101235,2025-12,0.0,0.0,0.0,0.0,CURRENT,0.0,0.0,NONE,,AUTO_ACCEPT,0.0
LN107413,2025-12,0.0,0.0,0.0,0.0,CURRENT,0.0,0.0,NONE,,AUTO_ACCEPT,0.0
LN103364,2025-12,0.0,0.0,0.0,0.0,CURRENT,0.0,0.0,NONE,,AUTO_ACCEPT,0.0
LN101238,2025-12,0.0,0.0,0.0,0.0,CURRENT,0.0,0.0,NONE,,AUTO_ACCEPT,0.0
LN104723,2025-12,0.0,0.0,0.0,0.0,CURRENT,0.0,0.0,NONE,,AUTO_ACCEPT,0.0
LN107407,2025-12,0.0,0.0,0.0,0.0,CURRENT,0.0,0.0,NONE,,AUTO_ACCEPT,0.0
LN101242,2025-12,0.0,0.0,0.0,0.0,CURRENT,0.0,0.0,NONE,,AUTO_ACCEPT,0.0
LN103362,2025-12,0.0,0.0,0.0,0.0,CURRENT,0.0,0.0,NONE,,AUTO_ACCEPT,0.0
LN107408,2025-12,0.0,0.0,0.0,0.0,CURRENT,0.0,0.0,NONE,,AUTO_ACCEPT,0.0
LN101241,2025-12,0.0,0.0,0.0,0.0,CURRENT,0.0,0.0,NONE,,AUTO_ACCEPT,0.0
LN104722,2025-12,0.0,0.0,0.0,0.0,CURRENT,0.0,0.0,NONE,,AUTO_ACCEPT,0.0
LN107409,2025-12,0.0,0.0,0.0,0.0,CURRENT,0.0,0.0,NONE,,AUTO_ACCEPT,0.0
LN101240,2025-12,0.0,0.0,0.0,0.0,CURRENT,0.0,0.0,NONE,,AUTO_ACCEPT,0.0
LN107410,2025-12,0.0,0.0,0.0,0.0,CURRENT,0.0,0.0,NONE,,AUTO_ACCEPT,0.0
LN103363,2025-12,0.0,0.0,0.0,0.0,CURRENT,0.0,0.0,NONE,,AUTO_ACCEPT,0.0
LN104721,2025-12,0.0,0.0,0.0,0.0,CURRENT,0.0,0.0,NONE,,AUTO_ACCEPT,0.0
LN107411,2025-12,0.0,0.0,0.0,0.0,CURRENT,0.0,0.0,NONE,,AUTO_ACCEPT,0.0
LN101239,2025-12,0.0,0.0,0.0,0.0,CURRENT,0.0,0.0,NONE,,AUTO_ACCEPT,0.0
LN107412,2025-12,0.0,0.0,0.0,0.0,CURRENT,0.0,0.0,NONE,,AUTO_ACCEPT,0.0
LN101243,2025-12,0.0,0.0,0.0,0.0,CURRENT,0.0,0.0,NONE,,AUTO_ACCEPT,0.0
LN101200,2025-12,0.0,0.0,0.0,0.0,CURRENT,0.0,0.0,NONE,,AUTO_ACCEPT,0.0
LN104693,2025-12,0.0,0.0,0.0,0.0,CURRENT,0.0,0.0,NONE,,AUTO_ACCEPT,0.0
LN107454,2025-12,0.0,0.0,0.0,0.0,CURRENT,0.0,0.0,NONE,,AUTO_ACCEPT,0.0
LN104661,2025-12,0.0,0.0,0.0,0.0,CURRENT,0.0,0.0,NONE,,AUTO_ACCEPT,0.0
LN107498,2025-12,0.0,0.0,0.0,0.0,CURRENT,0.0,0.0,NONE,,AUTO_ACCEPT,0.0
LN101165,2025-12,0.0,0.0,0.0,0.0,CURRENT,0.0,0.0,NONE,,AUTO_ACCEPT,0.0
LN107500,2025-12,0.0,0.0,0.0,0.0,CURRENT,0.0,0.0,NONE,,AUTO_ACCEPT,0.0
LN103400,2025-12,0.0,0.0,0.0,0.0,CURRENT,0.0,0.0,NONE,,AUTO_ACCEPT,0.0
LN101164,2025-12,0.0,0.0,0.0,0.0,CURRENT,0.0,0.0,NONE,,AUTO_ACCEPT,0.0
LN101166,2025-12,0.0,0.0,0.0,0.0,CURRENT,0.0,0.0,NONE,,AUTO_ACCEPT,0.0
LN104660,2025-12,0.0,0.0,0.0,0.0,CURRENT,0.0,0.0,NONE,,AUTO_ACCEPT,0.0
LN101163,2025-12,0.0,0.0,0.0,0.0,CURRENT,0.0,0.0,NONE,,AUTO_ACCEPT,0.0
LN107504,2025-12,0.0,0.0,0.0,0.0,CURRENT,0.0,0.0,NONE,,AUTO_ACCEPT,0.0
LN103401,2025-12,0.0,0.0,0.0,0.0,CURRENT,0.0,0.0,NONE,,AUTO_ACCEPT,0.0
LN104659,2025-12,0.0,0.0,0.0,0.0,CURRENT,0.0,0.0,NONE,,AUTO_ACCEPT,0.0
LN107505,2025-12,0.0,0.0,0.0,0.0,CURRENT,0.0,0.0,NONE,,AUTO_ACCEPT,0.0
LN101162,2025-12,0.0,0.0,0.0,0.0,CURRENT,0.0,0.0,NONE,,AUTO_ACCEPT,0.0
LN107503,2025-12,0.0,0.0,0.0,0.0,CURRENT,0.0,0.0,NONE,,AUTO_ACCEPT,0.0
LN107497,2025-12,0.0,0.0,0.0,0.0,CURRENT,0.0,0.0,NONE,,AUTO_ACCEPT,0.0
LN107496,2025-12,0.0,0.0,0.0,0.0,CURRENT,0.0,0.0,NONE,,AUTO_ACCEPT,0.0
LN104662,2025-12,0.0,0.0,0.0,0.0,CURRENT,0.0,0.0,NONE,,AUTO_ACCEPT,0.0
LN101171,2025-12,0.0,0.0,0.0,0.0,CURRENT,0.0,0.0,NONE,,AUTO_ACCEPT,0.0
LN103397,2025-12,0.0,0.0,0.0,0.0,CURRENT,0.0,0.0,NONE,,AUTO_ACCEPT,0.0
LN107490,2025-12,0.0,0.0,0.0,0.0,CURRENT,0.0,0.0,NONE,,AUTO_ACCEPT,0.0
LN104664,2025-12,0.0,0.0,0.0,0.0,CURRENT,0.0,0.0,NONE,,AUTO_ACCEPT,0.0
LN101170,2025-12,0.0,0.0,0.0,0.0,CURRENT,0.0,0.0,NONE,,AUTO_ACCEPT,0.0
LN107491,2025-12,0.0,0.0,0.0,0.0,CURRENT,0.0,0.0,NONE,,AUTO_ACCEPT,0.0
LN103398,2025-12,0.0,0.0,0.0,0.0,CURRENT,0.0,0.0,NONE,,AUTO_ACCEPT,0.0
LN107492,2025-12,0.0,0.0,0.0,0.0,CURRENT,0.0,0.0,NONE,,AUTO_ACCEPT,0.0
LN101169,2025-12,0.0,0.0,0.0,0.0,CURRENT,0.0,0.0,NONE,,AUTO_ACCEPT,0.0
LN104663,2025-12,0.0,0.0,0.0,0.0,CURRENT,0.0,0.0,NONE,,AUTO_ACCEPT,0.0
LN107494,2025-12,0.0,0.0,0.0,0.0,CURRENT,0.0,0.0,NONE,,AUTO_ACCEPT,0.0
LN101168,2025-12,0.0,0.0,0.0,0.0,CURRENT,0.0,0.0,NONE,,AUTO_ACCEPT,0.0
LN107495,2025-12,0.0,0.0,0.0,0.0,CURRENT,0.0,0.0,NONE,,AUTO_ACCEPT,0.0
LN103399,2025-12,0.0,0.0,0.0,0.0,CURRENT,0.0,0.0,NONE,,AUTO_ACCEPT,0.0
LN101167,2025-12,0.0,0.0,0.0,0.0,CURRENT,0.0,0.0,NONE,,AUTO_ACCEPT,0.0
LN107507,2025-12,0.0,0.0,0.0,0.0,CURRENT,0.0,0.0,NONE,,AUTO_ACCEPT,0.0
LN107489,2025-12,0.0,0.0,0.0,0.0,CURRENT,0.0,0.0,NONE,,AUTO_ACCEPT,0.0
LN101160,2025-12,0.0,0.0,0.0,0.0,CURRENT,0.0,0.0,NONE,,AUTO_ACCEPT,0.0
LN107508,2025-12,0.0,0.0,0.0,0.0,CURRENT,0.0,0.0,NONE,,AUTO_ACCEPT,0.0
LN107520,2025-12,0.0,0.0,0.0,0.0,CURRENT,0.0,0.0,NONE,,AUTO_ACCEPT,0.0
LN103406,2025-12,0.0,0.0,0.0,0.0,CURRENT,0.0,0.0,NONE,,AUTO_ACCEPT,0.0
LN104652,2025-12,0.0,0.0,0.0,0.0,CURRENT,0.0,0.0,NONE,,AUTO_ACCEPT,0.0
LN101151,2025-12,0.0,0.0,0.0,0.0,CURRENT,0.0,0.0,NONE,,AUTO_ACCEPT,0.0
LN107521,2025-12,0.0,0.0,0.0,0.0,CURRENT,0.0,0.0,NONE,,AUTO_ACCEPT,0.0
LN107522,2025-12,0.0,0.0,0.0,0.0,CURRENT,0.0,0.0,NONE,,AUTO_ACCEPT,0.0
LN101153,2025-12,0.0,0.0,0.0,0.0,CURRENT,0.0,0.0,NONE,,AUTO_ACCEPT,0.0
LN101150,2025-12,0.0,0.0,0.0,0.0,CURRENT,0.0,0.0,NONE,,AUTO_ACCEPT,0.0
LN104651,2025-12,0.0,0.0,0.0,0.0,CURRENT,0.0,0.0,NONE,,AUTO_ACCEPT,0.0
LN107523,2025-12,0.0,0.0,0.0,0.0,CURRENT,0.0,0.0,NONE,,AUTO_ACCEPT,0.0
LN101149,2025-12,0.0,0.0,0.0,0.0,CURRENT,0.0,0.0,NONE,,AUTO_ACCEPT,0.0
LN107526,2025-12,0.0,0.0,0.0,0.0,CURRENT,0.0,0.0,NONE,,AUTO_ACCEPT,0.0
LN101148,2025-12,0.0,0.0,0.0,0.0,CURRENT,0.0,0.0,NONE,,AUTO_ACCEPT,0.0
LN104649,2025-12,0.0,0.0,0.0,0.0,CURRENT,0.0,0.0,NONE,,AUTO_ACCEPT,0.0
LN103407,2025-12,0.0,0.0,0.0,0.0,CURRENT,0.0,0.0,NONE,,AUTO_ACCEPT,0.0
LN107519,2025-12,0.0,0.0,0.0,0.0,CURRENT,0.0,0.0,NONE,,AUTO_ACCEPT,0.0
LN101154,2025-12,0.0,0.0,0.0,0.0,CURRENT,0.0,0.0,NONE,,AUTO_ACCEPT,0.0
LN107517,2025-12,0.0,0.0,0.0,0.0,CURRENT,0.0,0.0,NONE,,AUTO_ACCEPT,0.0
LN104657,2025-12,0.0,0.0,0.0,0.0,CURRENT,0.0,0.0,NONE,,AUTO_ACCEPT,0.0
LN101159,2025-12,0.0,0.0,0.0,0.0,CURRENT,0.0,0.0,NONE,,AUTO_ACCEPT,0.0
LN107509,2025-12,0.0,0.0,0.0,0.0,CURRENT,0.0,0.0,NONE,,AUTO_ACCEPT,0.0
LN104656,2025-12,0.0,0.0,0.0,0.0,CURRENT,0.0,0.0,NONE,,AUTO_ACCEPT,0.0
LN107510,2025-12,0.0,0.0,0.0,0.0,CURRENT,0.0,0.0,NONE,,AUTO_ACCEPT,0.0
LN101157,2025-12,0.0,0.0,0.0,0.0,CURRENT,0.0,0.0,NONE,,AUTO_ACCEPT,0.0
LN107511,2025-12,0.0,0.0,0.0,0.0,CURRENT,0.0,0.0,NONE,,AUTO_ACCEPT,0.0
LN103404,2025-12,0.0,0.0,0.0,0.0,CURRENT,0.0,0.0,NONE,,AUTO_ACCEPT,0.0
LN101156,2025-12,0.0,0.0,0.0,0.0,CURRENT,0.0,0.0,NONE,,AUTO_ACCEPT,0.0
LN107512,2025-12,0.0,0.0,0.0,0.0,CURRENT,0.0,0.0,NONE,,AUTO_ACCEPT,0.0
LN104655,2025-12,0.0,0.0,0.0,0.0,CURRENT,0.0,0.0,NONE,,AUTO_ACCEPT,0.0
LN101155,2025-12,0.0,0.0,0.0,0.0,CURRENT,0.0,0.0,NONE,,AUTO_ACCEPT,0.0
LN107514,2025-12,0.0,0.0,0.0,0.0,CURRENT,0.0,0.0,NONE,,AUTO_ACCEPT,0.0
LN103405,2025-12,0.0,0.0,0.0,0.0,CURRENT,0.0,0.0,NONE,,AUTO_ACCEPT,0.0
LN104654,2025-12,0.0,0.0,0.0,0.0,CURRENT,0.0,0.0,NONE,,AUTO_ACCEPT,0.0
LN103403,2025-12,0.0,0.0,0.0,0.0,CURRENT,0.0,0.0,NONE,,AUTO_ACCEPT,0.0
LN104665,2025-12,0.0,0.0,0.0,0.0,CURRENT,0.0,0.0,NONE,,AUTO_ACCEPT,0.0
LN101174,2025-12,0.0,0.0,0.0,0.0,CURRENT,0.0,0.0,NONE,,AUTO_ACCEPT,0.0
LN107488,2025-12,0.0,0.0,0.0,0.0,CURRENT,0.0,0.0,NONE,,AUTO_ACCEPT,0.0
LN104685,2025-12,0.0,0.0,0.0,0.0,CURRENT,0.0,0.0,NONE,,AUTO_ACCEPT,0.0
LN107462,2025-12,0.0,0.0,0.0,0.0,CURRENT,0.0,0.0,NONE,,AUTO_ACCEPT,0.0
LN101192,2025-12,0.0,0.0,0.0,0.0,CURRENT,0.0,0.0,NONE,,AUTO_ACCEPT,0.0
LN107463,2025-12,0.0,0.0,0.0,0.0,CURRENT,0.0,0.0,NONE,,AUTO_ACCEPT,0.0
LN103388,2025-12,0.0,0.0,0.0,0.0,CURRENT,0.0,0.0,NONE,,AUTO_ACCEPT,0.0
LN101191,2025-12,0.0,0.0,0.0,0.0,CURRENT,0.0,0.0,NONE,,AUTO_ACCEPT,0.0
LN101193,2025-12,0.0,0.0,0.0,0.0,CURRENT,0.0,0.0,NONE,,AUTO_ACCEPT,0.0
LN104684,2025-12,0.0,0.0,0.0,0.0,CURRENT,0.0,0.0,NONE,,AUTO_ACCEPT,0.0
LN107465,2025-12,0.0,0.0,0.0,0.0,CURRENT,0.0,0.0,NONE,,AUTO_ACCEPT,0.0
LN101190,2025-12,0.0,0.0,0.0,0.0,CURRENT,0.0,0.0,NONE,,AUTO_ACCEPT,0.0
LN104680,2025-12,0.0,0.0,0.0,0.0,CURRENT,0.0,0.0,NONE,,AUTO_ACCEPT,0.0
LN107466,2025-12,0.0,0.0,0.0,0.0,CURRENT,0.0,0.0,NONE,,AUTO_ACCEPT,0.0
LN101189,2025-12,0.0,0.0,0.0,0.0,CURRENT,0.0,0.0,NONE,,AUTO_ACCEPT,0.0
LN107467,2025-12,0.0,0.0,0.0,0.0,CURRENT,0.0,0.0,NONE,,AUTO_ACCEPT,0.0
LN107464,2025-12,0.0,0.0,0.0,0.0,CURRENT,0.0,0.0,NONE,,AUTO_ACCEPT,0.0
LN107461,2025-12,0.0,0.0,0.0,0.0,CURRENT,0.0,0.0,NONE,,AUTO_ACCEPT,0.0
LN103385,2025-12,0.0,0.0,0.0,0.0,CURRENT,0.0,0.0,NONE,,AUTO_ACCEPT,0.0
LN107460,2025-12,0.0,0.0,0.0,0.0,CURRENT,0.0,0.0,NONE,,AUTO_ACCEPT,0.0
LN101199,2025-12,0.0,0.0,0.0,0.0,CURRENT,0.0,0.0,NONE,,AUTO_ACCEPT,0.0
LN107455,2025-12,0.0,0.0,0.0,0.0,CURRENT,0.0,0.0,NONE,,AUTO_ACCEPT,0.0
LN103381,2025-12,0.0,0.0,0.0,0.0,CURRENT,0.0,0.0,NONE,,AUTO_ACCEPT,0.0
LN104692,2025-12,0.0,0.0,0.0,0.0,CURRENT,0.0,0.0,NONE,,AUTO_ACCEPT,0.0
LN101198,2025-12,0.0,0.0,0.0,0.0,CURRENT,0.0,0.0,NONE,,AUTO_ACCEPT,0.0
LN107456,2025-12,0.0,0.0,0.0,0.0,CURRENT,0.0,0.0,NONE,,AUTO_ACCEPT,0.0
LN107457,2025-12,0.0,0.0,0.0,0.0,CURRENT,0.0,0.0,NONE,,AUTO_ACCEPT,0.0
LN101197,2025-12,0.0,0.0,0.0,0.0,CURRENT,0.0,0.0,NONE,,AUTO_ACCEPT,0.0
LN104689,2025-12,0.0,0.0,0.0,0.0,CURRENT,0.0,0.0,NONE,,AUTO_ACCEPT,0.0
LN107458,2025-12,0.0,0.0,0.0,0.0,CURRENT,0.0,0.0,NONE,,AUTO_ACCEPT,0.0
LN101195,2025-12,0.0,0.0,0.0,0.0,CURRENT,0.0,0.0,NONE,,AUTO_ACCEPT,0.0
LN103384,2025-12,0.0,0.0,0.0,0.0,CURRENT,0.0,0.0,NONE,,AUTO_ACCEPT,0.0
LN107459,2025-12,0.0,0.0,0.0,0.0,CURRENT,0.0,0.0,NONE,,AUTO_ACCEPT,0.0
LN104686,2025-12,0.0,0.0,0.0,0.0,CURRENT,0.0,0.0,NONE,,AUTO_ACCEPT,0.0
LN101194,2025-12,0.0,0.0,0.0,0.0,CURRENT,0.0,0.0,NONE,,AUTO_ACCEPT,0.0
LN103389,2025-12,0.0,0.0,0.0,0.0,CURRENT,0.0,0.0,NONE,,AUTO_ACCEPT,0.0
LN104678,2025-12,0.0,0.0,0.0,0.0,CURRENT,0.0,0.0,NONE,,AUTO_ACCEPT,0.0
LN107468,2025-12,0.0,0.0,0.0,0.0,CURRENT,0.0,0.0,NONE,,AUTO_ACCEPT,0.0
LN101187,2025-12,0.0,0.0,0.0,0.0,CURRENT,0.0,0.0,NONE,,AUTO_ACCEPT,0.0
LN101180,2025-12,0.0,0.0,0.0,0.0,CURRENT,0.0,0.0,NONE,,AUTO_ACCEPT,0.0
LN107478,2025-12,0.0,0.0,0.0,0.0,CURRENT,0.0,0.0,NONE,,AUTO_ACCEPT,0.0
LN103393,2025-12,0.0,0.0,0.0,0.0,CURRENT,0.0,0.0,NONE,,AUTO_ACCEPT,0.0
LN101178,2025-12,0.0,0.0,0.0,0.0,CURRENT,0.0,0.0,NONE,,AUTO_ACCEPT,0.0
LN104671,2025-12,0.0,0.0,0.0,0.0,CURRENT,0.0,0.0,NONE,,AUTO_ACCEPT,0.0
LN107479,2025-12,0.0,0.0,0.0,0.0,CURRENT,0.0,0.0,NONE,,AUTO_ACCEPT,0.0
LN107480,2025-12,0.0,0.0,0.0,0.0,CURRENT,0.0,0.0,NONE,,AUTO_ACCEPT,0.0
LN101177,2025-12,0.0,0.0,0.0,0.0,CURRENT,0.0,0.0,NONE,,AUTO_ACCEPT,0.0
LN103394,2025-12,0.0,0.0,0.0,0.0,CURRENT,0.0,0.0,NONE,,AUTO_ACCEPT,0.0
LN107482,2025-12,0.0,0.0,0.0,0.0,CURRENT,0.0,0.0,NONE,,AUTO_ACCEPT,0.0
LN101176,2025-12,0.0,0.0,0.0,0.0,CURRENT,0.0,0.0,NONE,,AUTO_ACCEPT,0.0
LN107485,2025-12,0.0,0.0,0.0,0.0,CURRENT,0.0,0.0,NONE,,AUTO_ACCEPT,0.0
LN101175,2025-12,0.0,0.0,0.0,0.0,CURRENT,0.0,0.0,NONE,,AUTO_ACCEPT,0.0
LN103396,2025-12,0.0,0.0,0.0,0.0,CURRENT,0.0,0.0,NONE,,AUTO_ACCEPT,0.0
LN107486,2025-12,0.0,0.0,0.0,0.0,CURRENT,0.0,0.0,NONE,,AUTO_ACCEPT,0.0
LN107476,2025-12,0.0,0.0,0.0,0.0,CURRENT,0.0,0.0,NONE,,AUTO_ACCEPT,0.0
LN103408,2025-12,0.0,0.0,0.0,0.0,CURRENT,0.0,0.0,NONE,,AUTO_ACCEPT,0.0
LN104673,2025-12,0.0,0.0,0.0,0.0,CURRENT,0.0,0.0,NONE,,AUTO_ACCEPT,0.0
LN103392,2025-12,0.0,0.0,0.0,0.0,CURRENT,0.0,0.0,NONE,,AUTO_ACCEPT,0.0
LN107469,2025-12,0.0,0.0,0.0,0.0,CURRENT,0.0,0.0,NONE,,AUTO_ACCEPT,0.0
LN103390,2025-12,0.0,0.0,0.0,0.0,CURRENT,0.0,0.0,NONE,,AUTO_ACCEPT,0.0
LN104677,2025-12,0.0,0.0,0.0,0.0,CURRENT,0.0,0.0,NONE,,AUTO_ACCEPT,0.0
LN101186,2025-12,0.0,0.0,0.0,0.0,CURRENT,0.0,0.0,NONE,,AUTO_ACCEPT,0.0
LN107470,2025-12,0.0,0.0,0.0,0.0,CURRENT,0.0,0.0,NONE,,AUTO_ACCEPT,0.0
LN107471,2025-12,0.0,0.0,0.0,0.0,CURRENT,0.0,0.0,NONE,,AUTO_ACCEPT,0.0
LN101184,2025-12,0.0,0.0,0.0,0.0,CURRENT,0.0,0.0,NONE,,AUTO_ACCEPT,0.0
LN103391,2025-12,0.0,0.0,0.0,0.0,CURRENT,0.0,0.0,NONE,,AUTO_ACCEPT,0.0
LN104675,2025-12,0.0,0.0,0.0,0.0,CURRENT,0.0,0.0,NONE,,AUTO_ACCEPT,0.0
LN107472,2025-12,0.0,0.0,0.0,0.0,CURRENT,0.0,0.0,NONE,,AUTO_ACCEPT,0.0
LN101183,2025-12,0.0,0.0,0.0,0.0,CURRENT,0.0,0.0,NONE,,AUTO_ACCEPT,0.0
LN107473,2025-12,0.0,0.0,0.0,0.0,CURRENT,0.0,0.0,NONE,,AUTO_ACCEPT,0.0
LN101182,2025-12,0.0,0.0,0.0,0.0,CURRENT,0.0,0.0,NONE,,AUTO_ACCEPT,0.0
LN104674,2025-12,0.0,0.0,0.0,0.0,CURRENT,0.0,0.0,NONE,,AUTO_ACCEPT,0.0
LN107474,2025-12,0.0,0.0,0.0,0.0,CURRENT,0.0,0.0,NONE,,AUTO_ACCEPT,0.0
LN101181,2025-12,0.0,0.0,0.0,0.0,CURRENT,0.0,0.0,NONE,,AUTO_ACCEPT,0.0
LN103464,2025-12,0.0,0.0,0.0,0.0,CURRENT,0.0,0.0,NONE,,AUTO_ACCEPT,0.0
LN107684,2025-12,0.0,0.0,0.0,0.0,CURRENT,0.0,0.0,NONE,,AUTO_ACCEPT,0.0
LN104568,2025-12,0.0,0.0,0.0,0.0,CURRENT,0.0,0.0,NONE,,AUTO_ACCEPT,0.0
LN107888,2025-12,0.0,0.0,0.0,0.0,CURRENT,0.0,0.0,NONE,,AUTO_ACCEPT,0.0
LN103532,2025-12,0.0,0.0,0.0,0.0,CURRENT,0.0,0.0,NONE,,AUTO_ACCEPT,0.0
LN100870,2025-12,0.0,0.0,0.0,0.0,CURRENT,0.0,0.0,NONE,,AUTO_ACCEPT,0.0
LN107889,2025-12,0.0,0.0,0.0,0.0,CURRENT,0.0,0.0,NONE,,AUTO_ACCEPT,0.0
LN104470,2025-12,0.0,0.0,0.0,0.0,CURRENT,0.0,0.0,NONE,,AUTO_ACCEPT,0.0
LN107890,2025-12,0.0,0.0,0.0,0.0,CURRENT,0.0,0.0,NONE,,AUTO_ACCEPT,0.0
LN100871,2025-12,0.0,0.0,0.0,0.0,CURRENT,0.0,0.0,NONE,,AUTO_ACCEPT,0.0
LN100868,2025-12,0.0,0.0,0.0,0.0,CURRENT,0.0,0.0,NONE,,AUTO_ACCEPT,0.0
LN107891,2025-12,0.0,0.0,0.0,0.0,CURRENT,0.0,0.0,NONE,,AUTO_ACCEPT,0.0
LN104469,2025-12,0.0,0.0,0.0,0.0,CURRENT,0.0,0.0,NONE,,AUTO_ACCEPT,0.0
LN100867,2025-12,0.0,0.0,0.0,0.0,CURRENT,0.0,0.0,NONE,,AUTO_ACCEPT,0.0
LN107892,2025-12,0.0,0.0,0.0,0.0,CURRENT,0.0,0.0,NONE,,AUTO_ACCEPT,0.0
LN100866,2025-12,0.0,0.0,0.0,0.0,CURRENT,0.0,0.0,NONE,,AUTO_ACCEPT,0.0
LN103534,2025-12,0.0,0.0,0.0,0.0,CURRENT,0.0,0.0,NONE,,AUTO_ACCEPT,0.0
LN103533,2025-12,0.0,0.0,0.0,0.0,CURRENT,0.0,0.0,NONE,,AUTO_ACCEPT,0.0
LN104471,2025-12,0.0,0.0,0.0,0.0,CURRENT,0.0,0.0,NONE,,AUTO_ACCEPT,0.0
LN107887,2025-12,0.0,0.0,0.0,0.0,CURRENT,0.0,0.0,NONE,,AUTO_ACCEPT,0.0
LN100874,2025-12,0.0,0.0,0.0,0.0,CURRENT,0.0,0.0,NONE,,AUTO_ACCEPT,0.0
LN107873,2025-12,0.0,0.0,0.0,0.0,CURRENT,0.0,0.0,NONE,,AUTO_ACCEPT,0.0
LN103527,2025-12,0.0,0.0,0.0,0.0,CURRENT,0.0,0.0,NONE,,AUTO_ACCEPT,0.0
LN100881,2025-12,0.0,0.0,0.0,0.0,CURRENT,0.0,0.0,NONE,,AUTO_ACCEPT,0.0
LN104477,2025-12,0.0,0.0,0.0,0.0,CURRENT,0.0,0.0,NONE,,AUTO_ACCEPT,0.0
LN107874,2025-12,0.0,0.0,0.0,0.0,CURRENT,0.0,0.0,NONE,,AUTO_ACCEPT,0.0
LN100880,2025-12,0.0,0.0,0.0,0.0,CURRENT,0.0,0.0,NONE,,AUTO_ACCEPT,0.0
LN104476,2025-12,0.0,0.0,0.0,0.0,CURRENT,0.0,0.0,NONE,,AUTO_ACCEPT,0.0
LN107878,2025-12,0.0,0.0,0.0,0.0,CURRENT,0.0,0.0,NONE,,AUTO_ACCEPT,0.0
LN100879,2025-12,0.0,0.0,0.0,0.0,CURRENT,0.0,0.0,NONE,,AUTO_ACCEPT,0.0
LN107880,2025-12,0.0,0.0,0.0,0.0,CURRENT,0.0,0.0,NONE,,AUTO_ACCEPT,0.0
LN103530,2025-12,0.0,0.0,0.0,0.0,CURRENT,0.0,0.0,NONE,,AUTO_ACCEPT,0.0
LN100875,2025-12,0.0,0.0,0.0,0.0,CURRENT,0.0,0.0,NONE,,AUTO_ACCEPT,0.0
LN107881,2025-12,0.0,0.0,0.0,0.0,CURRENT,0.0,0.0,NONE,,AUTO_ACCEPT,0.0
LN103531,2025-12,0.0,0.0,0.0,0.0,CURRENT,0.0,0.0,NONE,,AUTO_ACCEPT,0.0
LN107882,2025-12,0.0,0.0,0.0,0.0,CURRENT,0.0,0.0,NONE,,AUTO_ACCEPT,0.0
LN104468,2025-12,0.0,0.0,0.0,0.0,CURRENT,0.0,0.0,NONE,,AUTO_ACCEPT,0.0
LN100882,2025-12,0.0,0.0,0.0,0.0,CURRENT,0.0,0.0,NONE,,AUTO_ACCEPT,0.0
LN107895,2025-12,0.0,0.0,0.0,0.0,CURRENT,0.0,0.0,NONE,,AUTO_ACCEPT,0.0
LN107896,2025-12,0.0,0.0,0.0,0.0,CURRENT,0.0,0.0,NONE,,AUTO_ACCEPT,0.0
LN107908,2025-12,0.0,0.0,0.0,0.0,CURRENT,0.0,0.0,NONE,,AUTO_ACCEPT,0.0
LN100854,2025-12,0.0,0.0,0.0,0.0,CURRENT,0.0,0.0,NONE,,AUTO_ACCEPT,0.0
LN104463,2025-12,0.0,0.0,0.0,0.0,CURRENT,0.0,0.0,NONE,,AUTO_ACCEPT,0.0
LN107909,2025-12,0.0,0.0,0.0,0.0,CURRENT,0.0,0.0,NONE,,AUTO_ACCEPT,0.0
LN100853,2025-12,0.0,0.0,0.0,0.0,CURRENT,0.0,0.0,NONE,,AUTO_ACCEPT,0.0
LN107910,2025-12,0.0,0.0,0.0,0.0,CURRENT,0.0,0.0,NONE,,AUTO_ACCEPT,0.0
LN100858,2025-12,0.0,0.0,0.0,0.0,CURRENT,0.0,0.0,NONE,,AUTO_ACCEPT,0.0
LN103542,2025-12,0.0,0.0,0.0,0.0,CURRENT,0.0,0.0,NONE,,AUTO_ACCEPT,0.0
LN107911,2025-12,0.0,0.0,0.0,0.0,CURRENT,0.0,0.0,NONE,,AUTO_ACCEPT,0.0
LN100852,2025-12,0.0,0.0,0.0,0.0,CURRENT,0.0,0.0,NONE,,AUTO_ACCEPT,0.0
LN107912,2025-12,0.0,0.0,0.0,0.0,CURRENT,0.0,0.0,NONE,,AUTO_ACCEPT,0.0
LN100851,2025-12,0.0,0.0,0.0,0.0,CURRENT,0.0,0.0,NONE,,AUTO_ACCEPT,0.0
LN103543,2025-12,0.0,0.0,0.0,0.0,CURRENT,0.0,0.0,NONE,,AUTO_ACCEPT,0.0
LN107913,2025-12,0.0,0.0,0.0,0.0,CURRENT,0.0,0.0,NONE,,AUTO_ACCEPT,0.0
LN104461,2025-12,0.0,0.0,0.0,0.0,CURRENT,0.0,0.0,NONE,,AUTO_ACCEPT,0.0
LN107907,2025-12,0.0,0.0,0.0,0.0,CURRENT,0.0,0.0,NONE,,AUTO_ACCEPT,0.0
LN104464,2025-12,0.0,0.0,0.0,0.0,CURRENT,0.0,0.0,NONE,,AUTO_ACCEPT,0.0
LN107906,2025-12,0.0,0.0,0.0,0.0,CURRENT,0.0,0.0,NONE,,AUTO_ACCEPT,0.0
LN104467,2025-12,0.0,0.0,0.0,0.0,CURRENT,0.0,0.0,NONE,,AUTO_ACCEPT,0.0
LN100864,2025-12,0.0,0.0,0.0,0.0,CURRENT,0.0,0.0,NONE,,AUTO_ACCEPT,0.0
LN107898,2025-12,0.0,0.0,0.0,0.0,CURRENT,0.0,0.0,NONE,,AUTO_ACCEPT,0.0
LN100863,2025-12,0.0,0.0,0.0,0.0,CURRENT,0.0,0.0,NONE,,AUTO_ACCEPT,0.0
LN107902,2025-12,0.0,0.0,0.0,0.0,CURRENT,0.0,0.0,NONE,,AUTO_ACCEPT,0.0
LN103538,2025-12,0.0,0.0,0.0,0.0,CURRENT,0.0,0.0,NONE,,AUTO_ACCEPT,0.0
LN104466,2025-12,0.0,0.0,0.0,0.0,CURRENT,0.0,0.0,NONE,,AUTO_ACCEPT,0.0
LN107903,2025-12,0.0,0.0,0.0,0.0,CURRENT,0.0,0.0,NONE,,AUTO_ACCEPT,0.0
LN100862,2025-12,0.0,0.0,0.0,0.0,CURRENT,0.0,0.0,NONE,,AUTO_ACCEPT,0.0
LN107904,2025-12,0.0,0.0,0.0,0.0,CURRENT,0.0,0.0,NONE,,AUTO_ACCEPT,0.0
LN100861,2025-12,0.0,0.0,0.0,0.0,CURRENT,0.0,0.0,NONE,,AUTO_ACCEPT,0.0
LN104465,2025-12,0.0,0.0,0.0,0.0,CURRENT,0.0,0.0,NONE,,AUTO_ACCEPT,0.0
LN107905,2025-12,0.0,0.0,0.0,0.0,CURRENT,0.0,0.0,NONE,,AUTO_ACCEPT,0.0
LN100860,2025-12,0.0,0.0,0.0,0.0,CURRENT,0.0,0.0,NONE,,AUTO_ACCEPT,0.0
LN103539,2025-12,0.0,0.0,0.0,0.0,CURRENT,0.0,0.0,NONE,,AUTO_ACCEPT,0.0
LN100865,2025-12,0.0,0.0,0.0,0.0,CURRENT,0.0,0.0,NONE,,AUTO_ACCEPT,0.0
LN104460,2025-12,0.0,0.0,0.0,0.0,CURRENT,0.0,0.0,NONE,,AUTO_ACCEPT,0.0
LN107872,2025-12,0.0,0.0,0.0,0.0,CURRENT,0.0,0.0,NONE,,AUTO_ACCEPT,0.0
LN100883,2025-12,0.0,0.0,0.0,0.0,CURRENT,0.0,0.0,NONE,,AUTO_ACCEPT,0.0
LN100900,2025-12,0.0,0.0,0.0,0.0,CURRENT,0.0,0.0,NONE,,AUTO_ACCEPT,0.0
LN103519,2025-12,0.0,0.0,0.0,0.0,CURRENT,0.0,0.0,NONE,,AUTO_ACCEPT,0.0
LN107846,2025-12,0.0,0.0,0.0,0.0,CURRENT,0.0,0.0,NONE,,AUTO_ACCEPT,0.0
LN100899,2025-12,0.0,0.0,0.0,0.0,CURRENT,0.0,0.0,NONE,,AUTO_ACCEPT,0.0
LN104489,2025-12,0.0,0.0,0.0,0.0,CURRENT,0.0,0.0,NONE,,AUTO_ACCEPT,0.0
LN107848,2025-12,0.0,0.0,0.0,0.0,CURRENT,0.0,0.0,NONE,,AUTO_ACCEPT,0.0
LN107845,2025-12,0.0,0.0,0.0,0.0,CURRENT,0.0,0.0,NONE,,AUTO_ACCEPT,0.0
LN100897,2025-12,0.0,0.0,0.0,0.0,CURRENT,0.0,0.0,NONE,,AUTO_ACCEPT,0.0
LN103520,2025-12,0.0,0.0,0.0,0.0,CURRENT,0.0,0.0,NONE,,AUTO_ACCEPT,0.0
LN104488,2025-12,0.0,0.0,0.0,0.0,CURRENT,0.0,0.0,NONE,,AUTO_ACCEPT,0.0
LN107850,2025-12,0.0,0.0,0.0,0.0,CURRENT,0.0,0.0,NONE,,AUTO_ACCEPT,0.0
LN100896,2025-12,0.0,0.0,0.0,0.0,CURRENT,0.0,0.0,NONE,,AUTO_ACCEPT,0.0
LN107851,2025-12,0.0,0.0,0.0,0.0,CURRENT,0.0,0.0,NONE,,AUTO_ACCEPT,0.0
LN100895,2025-12,0.0,0.0,0.0,0.0,CURRENT,0.0,0.0,NONE,,AUTO_ACCEPT,0.0
LN107849,2025-12,0.0,0.0,0.0,0.0,CURRENT,0.0,0.0,NONE,,AUTO_ACCEPT,0.0
LN104490,2025-12,0.0,0.0,0.0,0.0,CURRENT,0.0,0.0,NONE,,AUTO_ACCEPT,0.0
LN107844,2025-12,0.0,0.0,0.0,0.0,CURRENT,0.0,0.0,NONE,,AUTO_ACCEPT,0.0
LN100902,2025-12,0.0,0.0,0.0,0.0,CURRENT,0.0,0.0,NONE,,AUTO_ACCEPT,0.0
LN104495,2025-12,0.0,0.0,0.0,0.0,CURRENT,0.0,0.0,NONE,,AUTO_ACCEPT,0.0
LN100908,2025-12,0.0,0.0,0.0,0.0,CURRENT,0.0,0.0,NONE,,AUTO_ACCEPT,0.0
LN104494,2025-12,0.0,0.0,0.0,0.0,CURRENT,0.0,0.0,NONE,,AUTO_ACCEPT,0.0
LN107837,2025-12,0.0,0.0,0.0,0.0,CURRENT,0.0,0.0,NONE,,AUTO_ACCEPT,0.0
LN100906,2025-12,0.0,0.0,0.0,0.0,CURRENT,0.0,0.0,NONE,,AUTO_ACCEPT,0.0
LN107838,2025-12,0.0,0.0,0.0,0.0,CURRENT,0.0,0.0,NONE,,AUTO_ACCEPT,0.0
LN100905,2025-12,0.0,0.0,0.0,0.0,CURRENT,0.0,0.0,NONE,,AUTO_ACCEPT,0.0
LN103517,2025-12,0.0,0.0,0.0,0.0,CURRENT,0.0,0.0,NONE,,AUTO_ACCEPT,0.0
LN104493,2025-12,0.0,0.0,0.0,0.0,CURRENT,0.0,0.0,NONE,,AUTO_ACCEPT,0.0
LN107841,2025-12,0.0,0.0,0.0,0.0,CURRENT,0.0,0.0,NONE,,AUTO_ACCEPT,0.0
LN100904,2025-12,0.0,0.0,0.0,0.0,CURRENT,0.0,0.0,NONE,,AUTO_ACCEPT,0.0
LN107842,2025-12,0.0,0.0,0.0,0.0,CURRENT,0.0,0.0,NONE,,AUTO_ACCEPT,0.0
LN100903,2025-12,0.0,0.0,0.0,0.0,CURRENT,0.0,0.0,NONE,,AUTO_ACCEPT,0.0
LN103518,2025-12,0.0,0.0,0.0,0.0,CURRENT,0.0,0.0,NONE,,AUTO_ACCEPT,0.0
LN107843,2025-12,0.0,0.0,0.0,0.0,CURRENT,0.0,0.0,NONE,,AUTO_ACCEPT,0.0
LN103521,2025-12,0.0,0.0,0.0,0.0,CURRENT,0.0,0.0,NONE,,AUTO_ACCEPT,0.0
LN104478,2025-12,0.0,0.0,0.0,0.0,CURRENT,0.0,0.0,NONE,,AUTO_ACCEPT,0.0
LN107852,2025-12,0.0,0.0,0.0,0.0,CURRENT,0.0,0.0,NONE,,AUTO_ACCEPT,0.0
LN100894,2025-12,0.0,0.0,0.0,0.0,CURRENT,0.0,0.0,NONE,,AUTO_ACCEPT,0.0
LN100888,2025-12,0.0,0.0,0.0,0.0,CURRENT,0.0,0.0,NONE,,AUTO_ACCEPT,0.0
LN107864,2025-12,0.0,0.0,0.0,0.0,CURRENT,0.0,0.0,NONE,,AUTO_ACCEPT,0.0
LN107865,2025-12,0.0,0.0,0.0,0.0,CURRENT,0.0,0.0,NONE,,AUTO_ACCEPT,0.0
LN100887,2025-12,0.0,0.0,0.0,0.0,CURRENT,0.0,0.0,NONE,,AUTO_ACCEPT,0.0
LN104480,2025-12,0.0,0.0,0.0,0.0,CURRENT,0.0,0.0,NONE,,AUTO_ACCEPT,0.0
LN107866,2025-12,0.0,0.0,0.0,0.0,CURRENT,0.0,0.0,NONE,,AUTO_ACCEPT,0.0
LN104481,2025-12,0.0,0.0,0.0,0.0,CURRENT,0.0,0.0,NONE,,AUTO_ACCEPT,0.0
LN100885,2025-12,0.0,0.0,0.0,0.0,CURRENT,0.0,0.0,NONE,,AUTO_ACCEPT,0.0
LN107868,2025-12,0.0,0.0,0.0,0.0,CURRENT,0.0,0.0,NONE,,AUTO_ACCEPT,0.0
LN104479,2025-12,0.0,0.0,0.0,0.0,CURRENT,0.0,0.0,NONE,,AUTO_ACCEPT,0.0
LN100884,2025-12,0.0,0.0,0.0,0.0,CURRENT,0.0,0.0,NONE,,AUTO_ACCEPT,0.0
LN107869,2025-12,0.0,0.0,0.0,0.0,CURRENT,0.0,0.0,NONE,,AUTO_ACCEPT,0.0
LN103526,2025-12,0.0,0.0,0.0,0.0,CURRENT,0.0,0.0,NONE,,AUTO_ACCEPT,0.0
LN107870,2025-12,0.0,0.0,0.0,0.0,CURRENT,0.0,0.0,NONE,,AUTO_ACCEPT,0.0
LN103525,2025-12,0.0,0.0,0.0,0.0,CURRENT,0.0,0.0,NONE,,AUTO_ACCEPT,0.0
LN103524,2025-12,0.0,0.0,0.0,0.0,CURRENT,0.0,0.0,NONE,,AUTO_ACCEPT,0.0
LN107863,2025-12,0.0,0.0,0.0,0.0,CURRENT,0.0,0.0,NONE,,AUTO_ACCEPT,0.0
LN100889,2025-12,0.0,0.0,0.0,0.0,CURRENT,0.0,0.0,NONE,,AUTO_ACCEPT,0.0
LN107853,2025-12,0.0,0.0,0.0,0.0,CURRENT,0.0,0.0,NONE,,AUTO_ACCEPT,0.0
LN104484,2025-12,0.0,0.0,0.0,0.0,CURRENT,0.0,0.0,NONE,,AUTO_ACCEPT,0.0
LN100893,2025-12,0.0,0.0,0.0,0.0,CURRENT,0.0,0.0,NONE,,AUTO_ACCEPT,0.0
LN107855,2025-12,0.0,0.0,0.0,0.0,CURRENT,0.0,0.0,NONE,,AUTO_ACCEPT,0.0
LN103522,2025-12,0.0,0.0,0.0,0.0,CURRENT,0.0,0.0,NONE,,AUTO_ACCEPT,0.0
LN100892,2025-12,0.0,0.0,0.0,0.0,CURRENT,0.0,0.0,NONE,,AUTO_ACCEPT,0.0
LN107858,2025-12,0.0,0.0,0.0,0.0,CURRENT,0.0,0.0,NONE,,AUTO_ACCEPT,0.0
LN104483,2025-12,0.0,0.0,0.0,0.0,CURRENT,0.0,0.0,NONE,,AUTO_ACCEPT,0.0
LN100891,2025-12,0.0,0.0,0.0,0.0,CURRENT,0.0,0.0,NONE,,AUTO_ACCEPT,0.0
LN107859,2025-12,0.0,0.0,0.0,0.0,CURRENT,0.0,0.0,NONE,,AUTO_ACCEPT,0.0
LN103523,2025-12,0.0,0.0,0.0,0.0,CURRENT,0.0,0.0,NONE,,AUTO_ACCEPT,0.0
LN104482,2025-12,0.0,0.0,0.0,0.0,CURRENT,0.0,0.0,NONE,,AUTO_ACCEPT,0.0
LN107861,2025-12,0.0,0.0,0.0,0.0,CURRENT,0.0,0.0,NONE,,AUTO_ACCEPT,0.0
LN100890,2025-12,0.0,0.0,0.0,0.0,CURRENT,0.0,0.0,NONE,,AUTO_ACCEPT,0.0
LN107862,2025-12,0.0,0.0,0.0,0.0,CURRENT,0.0,0.0,NONE,,AUTO_ACCEPT,0.0
LN104487,2025-12,0.0,0.0,0.0,0.0,CURRENT,0.0,0.0,NONE,,AUTO_ACCEPT,0.0
LN100850,2025-12,0.0,0.0,0.0,0.0,CURRENT,0.0,0.0,NONE,,AUTO_ACCEPT,0.0
LN107914,2025-12,0.0,0.0,0.0,0.0,CURRENT,0.0,0.0,NONE,,AUTO_ACCEPT,0.0
LN104459,2025-12,0.0,0.0,0.0,0.0,CURRENT,0.0,0.0,NONE,,AUTO_ACCEPT,0.0
LN103562,2025-12,0.0,0.0,0.0,0.0,CURRENT,0.0,0.0,NONE,,AUTO_ACCEPT,0.0
LN100808,2025-12,0.0,0.0,0.0,0.0,CURRENT,0.0,0.0,NONE,,AUTO_ACCEPT,0.0
LN104439,2025-12,0.0,0.0,0.0,0.0,CURRENT,0.0,0.0,NONE,,AUTO_ACCEPT,0.0
LN107969,2025-12,0.0,0.0,0.0,0.0,CURRENT,0.0,0.0,NONE,,AUTO_ACCEPT,0.0
LN107974,2025-12,0.0,0.0,0.0,0.0,CURRENT,0.0,0.0,NONE,,AUTO_ACCEPT,0.0
LN100806,2025-12,0.0,0.0,0.0,0.0,CURRENT,0.0,0.0,NONE,,AUTO_ACCEPT,0.0
LN107968,2025-12,0.0,0.0,0.0,0.0,CURRENT,0.0,0.0,NONE,,AUTO_ACCEPT,0.0
LN103563,2025-12,0.0,0.0,0.0,0.0,CURRENT,0.0,0.0,NONE,,AUTO_ACCEPT,0.0
LN104437,2025-12,0.0,0.0,0.0,0.0,CURRENT,0.0,0.0,NONE,,AUTO_ACCEPT,0.0
LN100805,2025-12,0.0,0.0,0.0,0.0,CURRENT,0.0,0.0,NONE,,AUTO_ACCEPT,0.0
LN107976,2025-12,0.0,0.0,0.0,0.0,CURRENT,0.0,0.0,NONE,,AUTO_ACCEPT,0.0
LN100804,2025-12,0.0,0.0,0.0,0.0,CURRENT,0.0,0.0,NONE,,AUTO_ACCEPT,0.0
LN107977,2025-12,0.0,0.0,0.0,0.0,CURRENT,0.0,0.0,NONE,,AUTO_ACCEPT,0.0
LN103564,2025-12,0.0,0.0,0.0,0.0,CURRENT,0.0,0.0,NONE,,AUTO_ACCEPT,0.0
LN107975,2025-12,0.0,0.0,0.0,0.0,CURRENT,0.0,0.0,NONE,,AUTO_ACCEPT,0.0
LN100809,2025-12,0.0,0.0,0.0,0.0,CURRENT,0.0,0.0,NONE,,AUTO_ACCEPT,0.0
LN107967,2025-12,0.0,0.0,0.0,0.0,CURRENT,0.0,0.0,NONE,,AUTO_ACCEPT,0.0
LN104440,2025-12,0.0,0.0,0.0,0.0,CURRENT,0.0,0.0,NONE,,AUTO_ACCEPT,0.0
LN100817,2025-12,0.0,0.0,0.0,0.0,CURRENT,0.0,0.0,NONE,,AUTO_ACCEPT,0.0
LN107959,2025-12,0.0,0.0,0.0,0.0,CURRENT,0.0,0.0,NONE,,AUTO_ACCEPT,0.0
LN107960,2025-12,0.0,0.0,0.0,0.0,CURRENT,0.0,0.0,NONE,,AUTO_ACCEPT,0.0
LN100815,2025-12,0.0,0.0,0.0,0.0,CURRENT,0.0,0.0,NONE,,AUTO_ACCEPT,0.0
LN103558,2025-12,0.0,0.0,0.0,0.0,CURRENT,0.0,0.0,NONE,,AUTO_ACCEPT,0.0
LN104443,2025-12,0.0,0.0,0.0,0.0,CURRENT,0.0,0.0,NONE,,AUTO_ACCEPT,0.0
LN107961,2025-12,0.0,0.0,0.0,0.0,CURRENT,0.0,0.0,NONE,,AUTO_ACCEPT,0.0
LN100813,2025-12,0.0,0.0,0.0,0.0,CURRENT,0.0,0.0,NONE,,AUTO_ACCEPT,0.0
LN107962,2025-12,0.0,0.0,0.0,0.0,CURRENT,0.0,0.0,NONE,,AUTO_ACCEPT,0.0
LN100811,2025-12,0.0,0.0,0.0,0.0,CURRENT,0.0,0.0,NONE,,AUTO_ACCEPT,0.0
LN104441,2025-12,0.0,0.0,0.0,0.0,CURRENT,0.0,0.0,NONE,,AUTO_ACCEPT,0.0
LN107964,2025-12,0.0,0.0,0.0,0.0,CURRENT,0.0,0.0,NONE,,AUTO_ACCEPT,0.0
LN103559,2025-12,0.0,0.0,0.0,0.0,CURRENT,0.0,0.0,NONE,,AUTO_ACCEPT,0.0
LN107966,2025-12,0.0,0.0,0.0,0.0,CURRENT,0.0,0.0,NONE,,AUTO_ACCEPT,0.0
LN100810,2025-12,0.0,0.0,0.0,0.0,CURRENT,0.0,0.0,NONE,,AUTO_ACCEPT,0.0
LN107978,2025-12,0.0,0.0,0.0,0.0,CURRENT,0.0,0.0,NONE,,AUTO_ACCEPT,0.0
LN104444,2025-12,0.0,0.0,0.0,0.0,CURRENT,0.0,0.0,NONE,,AUTO_ACCEPT,0.0
LN103565,2025-12,0.0,0.0,0.0,0.0,CURRENT,0.0,0.0,NONE,,AUTO_ACCEPT,0.0
LN104434,2025-12,0.0,0.0,0.0,0.0,CURRENT,0.0,0.0,NONE,,AUTO_ACCEPT,0.0
LN103569,2025-12,0.0,0.0,0.0,0.0,CURRENT,0.0,0.0,NONE,,AUTO_ACCEPT,0.0
LN107989,2025-12,0.0,0.0,0.0,0.0,CURRENT,0.0,0.0,NONE,,AUTO_ACCEPT,0.0
LN104429,2025-12,0.0,0.0,0.0,0.0,CURRENT,0.0,0.0,NONE,,AUTO_ACCEPT,0.0
LN100794,2025-12,0.0,0.0,0.0,0.0,CURRENT,0.0,0.0,NONE,,AUTO_ACCEPT,0.0
LN107993,2025-12,0.0,0.0,0.0,0.0,CURRENT,0.0,0.0,NONE,,AUTO_ACCEPT,0.0
LN100793,2025-12,0.0,0.0,0.0,0.0,CURRENT,0.0,0.0,NONE,,AUTO_ACCEPT,0.0
LN100795,2025-12,0.0,0.0,0.0,0.0,CURRENT,0.0,0.0,NONE,,AUTO_ACCEPT,0.0
LN103570,2025-12,0.0,0.0,0.0,0.0,CURRENT,0.0,0.0,NONE,,AUTO_ACCEPT,0.0
LN104427,2025-12,0.0,0.0,0.0,0.0,CURRENT,0.0,0.0,NONE,,AUTO_ACCEPT,0.0
LN107995,2025-12,0.0,0.0,0.0,0.0,CURRENT,0.0,0.0,NONE,,AUTO_ACCEPT,0.0
LN100792,2025-12,0.0,0.0,0.0,0.0,CURRENT,0.0,0.0,NONE,,AUTO_ACCEPT,0.0
LN107996,2025-12,0.0,0.0,0.0,0.0,CURRENT,0.0,0.0,NONE,,AUTO_ACCEPT,0.0
LN103571,2025-12,0.0,0.0,0.0,0.0,CURRENT,0.0,0.0,NONE,,AUTO_ACCEPT,0.0
LN100791,2025-12,0.0,0.0,0.0,0.0,CURRENT,0.0,0.0,NONE,,AUTO_ACCEPT,0.0
LN107994,2025-12,0.0,0.0,0.0,0.0,CURRENT,0.0,0.0,NONE,,AUTO_ACCEPT,0.0
LN107988,2025-12,0.0,0.0,0.0,0.0,CURRENT,0.0,0.0,NONE,,AUTO_ACCEPT,0.0
LN104430,2025-12,0.0,0.0,0.0,0.0,CURRENT,0.0,0.0,NONE,,AUTO_ACCEPT,0.0
LN107987,2025-12,0.0,0.0,0.0,0.0,CURRENT,0.0,0.0,NONE,,AUTO_ACCEPT,0.0
LN107979,2025-12,0.0,0.0,0.0,0.0,CURRENT,0.0,0.0,NONE,,AUTO_ACCEPT,0.0
LN100801,2025-12,0.0,0.0,0.0,0.0,CURRENT,0.0,0.0,NONE,,AUTO_ACCEPT,0.0
LN107980,2025-12,0.0,0.0,0.0,0.0,CURRENT,0.0,0.0,NONE,,AUTO_ACCEPT,0.0
LN104433,2025-12,0.0,0.0,0.0,0.0,CURRENT,0.0,0.0,NONE,,AUTO_ACCEPT,0.0
LN107981,2025-12,0.0,0.0,0.0,0.0,CURRENT,0.0,0.0,NONE,,AUTO_ACCEPT,0.0
LN100799,2025-12,0.0,0.0,0.0,0.0,CURRENT,0.0,0.0,NONE,,AUTO_ACCEPT,0.0
LN103566,2025-12,0.0,0.0,0.0,0.0,CURRENT,0.0,0.0,NONE,,AUTO_ACCEPT,0.0
LN107982,2025-12,0.0,0.0,0.0,0.0,CURRENT,0.0,0.0,NONE,,AUTO_ACCEPT,0.0
LN100798,2025-12,0.0,0.0,0.0,0.0,CURRENT,0.0,0.0,NONE,,AUTO_ACCEPT,0.0
LN107983,2025-12,0.0,0.0,0.0,0.0,CURRENT,0.0,0.0,NONE,,AUTO_ACCEPT,0.0
LN103568,2025-12,0.0,0.0,0.0,0.0,CURRENT,0.0,0.0,NONE,,AUTO_ACCEPT,0.0
LN104431,2025-12,0.0,0.0,0.0,0.0,CURRENT,0.0,0.0,NONE,,AUTO_ACCEPT,0.0
LN100797,2025-12,0.0,0.0,0.0,0.0,CURRENT,0.0,0.0,NONE,,AUTO_ACCEPT,0.0
LN107986,2025-12,0.0,0.0,0.0,0.0,CURRENT,0.0,0.0,NONE,,AUTO_ACCEPT,0.0
LN100796,2025-12,0.0,0.0,0.0,0.0,CURRENT,0.0,0.0,NONE,,AUTO_ACCEPT,0.0
LN100802,2025-12,0.0,0.0,0.0,0.0,CURRENT,0.0,0.0,NONE,,AUTO_ACCEPT,0.0
LN103557,2025-12,0.0,0.0,0.0,0.0,CURRENT,0.0,0.0,NONE,,AUTO_ACCEPT,0.0
LN107958,2025-12,0.0,0.0,0.0,0.0,CURRENT,0.0,0.0,NONE,,AUTO_ACCEPT,0.0
LN100818,2025-12,0.0,0.0,0.0,0.0,CURRENT,0.0,0.0,NONE,,AUTO_ACCEPT,0.0
LN100841,2025-12,0.0,0.0,0.0,0.0,CURRENT,0.0,0.0,NONE,,AUTO_ACCEPT,0.0
LN107928,2025-12,0.0,0.0,0.0,0.0,CURRENT,0.0,0.0,NONE,,AUTO_ACCEPT,0.0
LN104454,2025-12,0.0,0.0,0.0,0.0,CURRENT,0.0,0.0,NONE,,AUTO_ACCEPT,0.0
LN107930,2025-12,0.0,0.0,0.0,0.0,CURRENT,0.0,0.0,NONE,,AUTO_ACCEPT,0.0
LN100840,2025-12,0.0,0.0,0.0,0.0,CURRENT,0.0,0.0,NONE,,AUTO_ACCEPT,0.0
LN103547,2025-12,0.0,0.0,0.0,0.0,CURRENT,0.0,0.0,NONE,,AUTO_ACCEPT,0.0
LN107927,2025-12,0.0,0.0,0.0,0.0,CURRENT,0.0,0.0,NONE,,AUTO_ACCEPT,0.0
LN107933,2025-12,0.0,0.0,0.0,0.0,CURRENT,0.0,0.0,NONE,,AUTO_ACCEPT,0.0
LN104453,2025-12,0.0,0.0,0.0,0.0,CURRENT,0.0,0.0,NONE,,AUTO_ACCEPT,0.0
LN107934,2025-12,0.0,0.0,0.0,0.0,CURRENT,0.0,0.0,NONE,,AUTO_ACCEPT,0.0
LN100837,2025-12,0.0,0.0,0.0,0.0,CURRENT,0.0,0.0,NONE,,AUTO_ACCEPT,0.0
LN107937,2025-12,0.0,0.0,0.0,0.0,CURRENT,0.0,0.0,NONE,,AUTO_ACCEPT,0.0
LN103549,2025-12,0.0,0.0,0.0,0.0,CURRENT,0.0,0.0,NONE,,AUTO_ACCEPT,0.0
LN104452,2025-12,0.0,0.0,0.0,0.0,CURRENT,0.0,0.0,NONE,,AUTO_ACCEPT,0.0
LN100838,2025-12,0.0,0.0,0.0,0.0,CURRENT,0.0,0.0,NONE,,AUTO_ACCEPT,0.0
LN104456,2025-12,0.0,0.0,0.0,0.0,CURRENT,0.0,0.0,NONE,,AUTO_ACCEPT,0.0
LN100842,2025-12,0.0,0.0,0.0,0.0,CURRENT,0.0,0.0,NONE,,AUTO_ACCEPT,0.0
LN103546,2025-12,0.0,0.0,0.0,0.0,CURRENT,0.0,0.0,NONE,,AUTO_ACCEPT,0.0
LN107915,2025-12,0.0,0.0,0.0,0.0,CURRENT,0.0,0.0,NONE,,AUTO_ACCEPT,0.0
LN100849,2025-12,0.0,0.0,0.0,0.0,CURRENT,0.0,0.0,NONE,,AUTO_ACCEPT,0.0
LN107916,2025-12,0.0,0.0,0.0,0.0,CURRENT,0.0,0.0,NONE,,AUTO_ACCEPT,0.0
LN103544,2025-12,0.0,0.0,0.0,0.0,CURRENT,0.0,0.0,NONE,,AUTO_ACCEPT,0.0
LN100848,2025-12,0.0,0.0,0.0,0.0,CURRENT,0.0,0.0,NONE,,AUTO_ACCEPT,0.0
LN107920,2025-12,0.0,0.0,0.0,0.0,CURRENT,0.0,0.0,NONE,,AUTO_ACCEPT,0.0
LN104458,2025-12,0.0,0.0,0.0,0.0,CURRENT,0.0,0.0,NONE,,AUTO_ACCEPT,0.0
LN100847,2025-12,0.0,0.0,0.0,0.0,CURRENT,0.0,0.0,NONE,,AUTO_ACCEPT,0.0
LN107922,2025-12,0.0,0.0,0.0,0.0,CURRENT,0.0,0.0,NONE,,AUTO_ACCEPT,0.0
LN103545,2025-12,0.0,0.0,0.0,0.0,CURRENT,0.0,0.0,NONE,,AUTO_ACCEPT,0.0
LN100846,2025-12,0.0,0.0,0.0,0.0,CURRENT,0.0,0.0,NONE,,AUTO_ACCEPT,0.0
LN104457,2025-12,0.0,0.0,0.0,0.0,CURRENT,0.0,0.0,NONE,,AUTO_ACCEPT,0.0
LN107924,2025-12,0.0,0.0,0.0,0.0,CURRENT,0.0,0.0,NONE,,AUTO_ACCEPT,0.0
LN100844,2025-12,0.0,0.0,0.0,0.0,CURRENT,0.0,0.0,NONE,,AUTO_ACCEPT,0.0
LN107926,2025-12,0.0,0.0,0.0,0.0,CURRENT,0.0,0.0,NONE,,AUTO_ACCEPT,0.0
LN100836,2025-12,0.0,0.0,0.0,0.0,CURRENT,0.0,0.0,NONE,,AUTO_ACCEPT,0.0
LN100835,2025-12,0.0,0.0,0.0,0.0,CURRENT,0.0,0.0,NONE,,AUTO_ACCEPT,0.0
LN107940,2025-12,0.0,0.0,0.0,0.0,CURRENT,0.0,0.0,NONE,,AUTO_ACCEPT,0.0
LN103551,2025-12,0.0,0.0,0.0,0.0,CURRENT,0.0,0.0,NONE,,AUTO_ACCEPT,0.0
LN107949,2025-12,0.0,0.0,0.0,0.0,CURRENT,0.0,0.0,NONE,,AUTO_ACCEPT,0.0
LN103555,2025-12,0.0,0.0,0.0,0.0,CURRENT,0.0,0.0,NONE,,AUTO_ACCEPT,0.0
LN107950,2025-12,0.0,0.0,0.0,0.0,CURRENT,0.0,0.0,NONE,,AUTO_ACCEPT,0.0
LN100826,2025-12,0.0,0.0,0.0,0.0,CURRENT,0.0,0.0,NONE,,AUTO_ACCEPT,0.0
LN104447,2025-12,0.0,0.0,0.0,0.0,CURRENT,0.0,0.0,NONE,,AUTO_ACCEPT,0.0
LN107952,2025-12,0.0,0.0,0.0,0.0,CURRENT,0.0,0.0,NONE,,AUTO_ACCEPT,0.0
LN100824,2025-12,0.0,0.0,0.0,0.0,CURRENT,0.0,0.0,NONE,,AUTO_ACCEPT,0.0
LN107953,2025-12,0.0,0.0,0.0,0.0,CURRENT,0.0,0.0,NONE,,AUTO_ACCEPT,0.0
LN104446,2025-12,0.0,0.0,0.0,0.0,CURRENT,0.0,0.0,NONE,,AUTO_ACCEPT,0.0
LN100822,2025-12,0.0,0.0,0.0,0.0,CURRENT,0.0,0.0,NONE,,AUTO_ACCEPT,0.0
LN107954,2025-12,0.0,0.0,0.0,0.0,CURRENT,0.0,0.0,NONE,,AUTO_ACCEPT,0.0
LN103556,2025-12,0.0,0.0,0.0,0.0,CURRENT,0.0,0.0,NONE,,AUTO_ACCEPT,0.0
LN100821,2025-12,0.0,0.0,0.0,0.0,CURRENT,0.0,0.0,NONE,,AUTO_ACCEPT,0.0
LN104445,2025-12,0.0,0.0,0.0,0.0,CURRENT,0.0,0.0,NONE,,AUTO_ACCEPT,0.0
LN107957,2025-12,0.0,0.0,0.0,0.0,CURRENT,0.0,0.0,NONE,,AUTO_ACCEPT,0.0
LN100827,2025-12,0.0,0.0,0.0,0.0,CURRENT,0.0,0.0,NONE,,AUTO_ACCEPT,0.0
LN107834,2025-12,0.0,0.0,0.0,0.0,CURRENT,0.0,0.0,NONE,,AUTO_ACCEPT,0.0
LN104448,2025-12,0.0,0.0,0.0,0.0,CURRENT,0.0,0.0,NONE,,AUTO_ACCEPT,0.0
LN103553,2025-12,0.0,0.0,0.0,0.0,CURRENT,0.0,0.0,NONE,,AUTO_ACCEPT,0.0
LN104451,2025-12,0.0,0.0,0.0,0.0,CURRENT,0.0,0.0,NONE,,AUTO_ACCEPT,0.0
LN107941,2025-12,0.0,0.0,0.0,0.0,CURRENT,0.0,0.0,NONE,,AUTO_ACCEPT,0.0
LN100834,2025-12,0.0,0.0,0.0,0.0,CURRENT,0.0,0.0,NONE,,AUTO_ACCEPT,0.0
LN107942,2025-12,0.0,0.0,0.0,0.0,CURRENT,0.0,0.0,NONE,,AUTO_ACCEPT,0.0
LN100832,2025-12,0.0,0.0,0.0,0.0,CURRENT,0.0,0.0,NONE,,AUTO_ACCEPT,0.0
LN107944,2025-12,0.0,0.0,0.0,0.0,CURRENT,0.0,0.0,NONE,,AUTO_ACCEPT,0.0
LN104450,2025-12,0.0,0.0,0.0,0.0,CURRENT,0.0,0.0,NONE,,AUTO_ACCEPT,0.0
LN100831,2025-12,0.0,0.0,0.0,0.0,CURRENT,0.0,0.0,NONE,,AUTO_ACCEPT,0.0
LN107945,2025-12,0.0,0.0,0.0,0.0,CURRENT,0.0,0.0,NONE,,AUTO_ACCEPT,0.0
LN103552,2025-12,0.0,0.0,0.0,0.0,CURRENT,0.0,0.0,NONE,,AUTO_ACCEPT,0.0
LN104449,2025-12,0.0,0.0,0.0,0.0,CURRENT,0.0,0.0,NONE,,AUTO_ACCEPT,0.0
LN107946,2025-12,0.0,0.0,0.0,0.0,CURRENT,0.0,0.0,NONE,,AUTO_ACCEPT,0.0
LN100830,2025-12,0.0,0.0,0.0,0.0,CURRENT,0.0,0.0,NONE,,AUTO_ACCEPT,0.0
LN107947,2025-12,0.0,0.0,0.0,0.0,CURRENT,0.0,0.0,NONE,,AUTO_ACCEPT,0.0
LN100828,2025-12,0.0,0.0,0.0,0.0,CURRENT,0.0,0.0,NONE,,AUTO_ACCEPT,0.0
LN107948,2025-12,0.0,0.0,0.0,0.0,CURRENT,0.0,0.0,NONE,,AUTO_ACCEPT,0.0
LN103516,2025-12,0.0,0.0,0.0,0.0,CURRENT,0.0,0.0,NONE,,AUTO_ACCEPT,0.0
LN100909,2025-12,0.0,0.0,0.0,0.0,CURRENT,0.0,0.0,NONE,,AUTO_ACCEPT,0.0
LN107833,2025-12,0.0,0.0,0.0,0.0,CURRENT,0.0,0.0,NONE,,AUTO_ACCEPT,0.0
LN107731,2025-12,0.0,0.0,0.0,0.0,CURRENT,0.0,0.0,NONE,,AUTO_ACCEPT,0.0
LN100994,2025-12,0.0,0.0,0.0,0.0,CURRENT,0.0,0.0,NONE,,AUTO_ACCEPT,0.0
LN107732,2025-12,0.0,0.0,0.0,0.0,CURRENT,0.0,0.0,NONE,,AUTO_ACCEPT,0.0
LN100993,2025-12,0.0,0.0,0.0,0.0,CURRENT,0.0,0.0,NONE,,AUTO_ACCEPT,0.0
LN103480,2025-12,0.0,0.0,0.0,0.0,CURRENT,0.0,0.0,NONE,,AUTO_ACCEPT,0.0
LN104544,2025-12,0.0,0.0,0.0,0.0,CURRENT,0.0,0.0,NONE,,AUTO_ACCEPT,0.0
LN104545,2025-12,0.0,0.0,0.0,0.0,CURRENT,0.0,0.0,NONE,,AUTO_ACCEPT,0.0
LN107734,2025-12,0.0,0.0,0.0,0.0,CURRENT,0.0,0.0,NONE,,AUTO_ACCEPT,0.0
LN107735,2025-12,0.0,0.0,0.0,0.0,CURRENT,0.0,0.0,NONE,,AUTO_ACCEPT,0.0
LN104543,2025-12,0.0,0.0,0.0,0.0,CURRENT,0.0,0.0,NONE,,AUTO_ACCEPT,0.0
LN100990,2025-12,0.0,0.0,0.0,0.0,CURRENT,0.0,0.0,NONE,,AUTO_ACCEPT,0.0
LN107736,2025-12,0.0,0.0,0.0,0.0,CURRENT,0.0,0.0,NONE,,AUTO_ACCEPT,0.0
LN103481,2025-12,0.0,0.0,0.0,0.0,CURRENT,0.0,0.0,NONE,,AUTO_ACCEPT,0.0
LN100989,2025-12,0.0,0.0,0.0,0.0,CURRENT,0.0,0.0,NONE,,AUTO_ACCEPT,0.0
LN100991,2025-12,0.0,0.0,0.0,0.0,CURRENT,0.0,0.0,NONE,,AUTO_ACCEPT,0.0
LN103479,2025-12,0.0,0.0,0.0,0.0,CURRENT,0.0,0.0,NONE,,AUTO_ACCEPT,0.0
LN107730,2025-12,0.0,0.0,0.0,0.0,CURRENT,0.0,0.0,NONE,,AUTO_ACCEPT,0.0
LN100995,2025-12,0.0,0.0,0.0,0.0,CURRENT,0.0,0.0,NONE,,AUTO_ACCEPT,0.0
LN107722,2025-12,0.0,0.0,0.0,0.0,CURRENT,0.0,0.0,NONE,,AUTO_ACCEPT,0.0
LN101001,2025-12,0.0,0.0,0.0,0.0,CURRENT,0.0,0.0,NONE,,AUTO_ACCEPT,0.0
LN107723,2025-12,0.0,0.0,0.0,0.0,CURRENT,0.0,0.0,NONE,,AUTO_ACCEPT,0.0
LN101000,2025-12,0.0,0.0,0.0,0.0,CURRENT,0.0,0.0,NONE,,AUTO_ACCEPT,0.0
LN107724,2025-12,0.0,0.0,0.0,0.0,CURRENT,0.0,0.0,NONE,,AUTO_ACCEPT,0.0
LN103477,2025-12,0.0,0.0,0.0,0.0,CURRENT,0.0,0.0,NONE,,AUTO_ACCEPT,0.0
LN100998,2025-12,0.0,0.0,0.0,0.0,CURRENT,0.0,0.0,NONE,,AUTO_ACCEPT,0.0
LN104547,2025-12,0.0,0.0,0.0,0.0,CURRENT,0.0,0.0,NONE,,AUTO_ACCEPT,0.0
LN107727,2025-12,0.0,0.0,0.0,0.0,CURRENT,0.0,0.0,NONE,,AUTO_ACCEPT,0.0
LN100997,2025-12,0.0,0.0,0.0,0.0,CURRENT,0.0,0.0,NONE,,AUTO_ACCEPT,0.0
LN103478,2025-12,0.0,0.0,0.0,0.0,CURRENT,0.0,0.0,NONE,,AUTO_ACCEPT,0.0
LN107728,2025-12,0.0,0.0,0.0,0.0,CURRENT,0.0,0.0,NONE,,AUTO_ACCEPT,0.0
LN100996,2025-12,0.0,0.0,0.0,0.0,CURRENT,0.0,0.0,NONE,,AUTO_ACCEPT,0.0
LN104546,2025-12,0.0,0.0,0.0,0.0,CURRENT,0.0,0.0,NONE,,AUTO_ACCEPT,0.0
LN107729,2025-12,0.0,0.0,0.0,0.0,CURRENT,0.0,0.0,NONE,,AUTO_ACCEPT,0.0
LN107737,2025-12,0.0,0.0,0.0,0.0,CURRENT,0.0,0.0,NONE,,AUTO_ACCEPT,0.0
LN104549,2025-12,0.0,0.0,0.0,0.0,CURRENT,0.0,0.0,NONE,,AUTO_ACCEPT,0.0
LN104542,2025-12,0.0,0.0,0.0,0.0,CURRENT,0.0,0.0,NONE,,AUTO_ACCEPT,0.0
LN100988,2025-12,0.0,0.0,0.0,0.0,CURRENT,0.0,0.0,NONE,,AUTO_ACCEPT,0.0
LN107749,2025-12,0.0,0.0,0.0,0.0,CURRENT,0.0,0.0,NONE,,AUTO_ACCEPT,0.0
LN100981,2025-12,0.0,0.0,0.0,0.0,CURRENT,0.0,0.0,NONE,,AUTO_ACCEPT,0.0
LN107750,2025-12,0.0,0.0,0.0,0.0,CURRENT,0.0,0.0,NONE,,AUTO_ACCEPT,0.0
LN103485,2025-12,0.0,0.0,0.0,0.0,CURRENT,0.0,0.0,NONE,,AUTO_ACCEPT,0.0
LN100975,2025-12,0.0,0.0,0.0,0.0,CURRENT,0.0,0.0,NONE,,AUTO_ACCEPT,0.0
LN104535,2025-12,0.0,0.0,0.0,0.0,CURRENT,0.0,0.0,NONE,,AUTO_ACCEPT,0.0
LN104537,2025-12,0.0,0.0,0.0,0.0,CURRENT,0.0,0.0,NONE,,AUTO_ACCEPT,0.0
LN107751,2025-12,0.0,0.0,0.0,0.0,CURRENT,0.0,0.0,NONE,,AUTO_ACCEPT,0.0
LN107754,2025-12,0.0,0.0,0.0,0.0,CURRENT,0.0,0.0,NONE,,AUTO_ACCEPT,0.0
LN103488,2025-12,0.0,0.0,0.0,0.0,CURRENT,0.0,0.0,NONE,,AUTO_ACCEPT,0.0
LN104533,2025-12,0.0,0.0,0.0,0.0,CURRENT,0.0,0.0,NONE,,AUTO_ACCEPT,0.0
LN107755,2025-12,0.0,0.0,0.0,0.0,CURRENT,0.0,0.0,NONE,,AUTO_ACCEPT,0.0
LN100973,2025-12,0.0,0.0,0.0,0.0,CURRENT,0.0,0.0,NONE,,AUTO_ACCEPT,0.0
LN107756,2025-12,0.0,0.0,0.0,0.0,CURRENT,0.0,0.0,NONE,,AUTO_ACCEPT,0.0
LN100974,2025-12,0.0,0.0,0.0,0.0,CURRENT,0.0,0.0,NONE,,AUTO_ACCEPT,0.0
LN107748,2025-12,0.0,0.0,0.0,0.0,CURRENT,0.0,0.0,NONE,,AUTO_ACCEPT,0.0
LN103484,2025-12,0.0,0.0,0.0,0.0,CURRENT,0.0,0.0,NONE,,AUTO_ACCEPT,0.0
LN100982,2025-12,0.0,0.0,0.0,0.0,CURRENT,0.0,0.0,NONE,,AUTO_ACCEPT,0.0
LN103482,2025-12,0.0,0.0,0.0,0.0,CURRENT,0.0,0.0,NONE,,AUTO_ACCEPT,0.0
LN107739,2025-12,0.0,0.0,0.0,0.0,CURRENT,0.0,0.0,NONE,,AUTO_ACCEPT,0.0
LN104541,2025-12,0.0,0.0,0.0,0.0,CURRENT,0.0,0.0,NONE,,AUTO_ACCEPT,0.0
LN100986,2025-12,0.0,0.0,0.0,0.0,CURRENT,0.0,0.0,NONE,,AUTO_ACCEPT,0.0
LN107741,2025-12,0.0,0.0,0.0,0.0,CURRENT,0.0,0.0,NONE,,AUTO_ACCEPT,0.0
LN100985,2025-12,0.0,0.0,0.0,0.0,CURRENT,0.0,0.0,NONE,,AUTO_ACCEPT,0.0
LN107742,2025-12,0.0,0.0,0.0,0.0,CURRENT,0.0,0.0,NONE,,AUTO_ACCEPT,0.0
LN103483,2025-12,0.0,0.0,0.0,0.0,CURRENT,0.0,0.0,NONE,,AUTO_ACCEPT,0.0
LN104539,2025-12,0.0,0.0,0.0,0.0,CURRENT,0.0,0.0,NONE,,AUTO_ACCEPT,0.0
LN107745,2025-12,0.0,0.0,0.0,0.0,CURRENT,0.0,0.0,NONE,,AUTO_ACCEPT,0.0
LN100984,2025-12,0.0,0.0,0.0,0.0,CURRENT,0.0,0.0,NONE,,AUTO_ACCEPT,0.0
LN107746,2025-12,0.0,0.0,0.0,0.0,CURRENT,0.0,0.0,NONE,,AUTO_ACCEPT,0.0
LN100983,2025-12,0.0,0.0,0.0,0.0,CURRENT,0.0,0.0,NONE,,AUTO_ACCEPT,0.0
LN104538,2025-12,0.0,0.0,0.0,0.0,CURRENT,0.0,0.0,NONE,,AUTO_ACCEPT,0.0
LN107747,2025-12,0.0,0.0,0.0,0.0,CURRENT,0.0,0.0,NONE,,AUTO_ACCEPT,0.0
LN107738,2025-12,0.0,0.0,0.0,0.0,CURRENT,0.0,0.0,NONE,,AUTO_ACCEPT,0.0
LN103476,2025-12,0.0,0.0,0.0,0.0,CURRENT,0.0,0.0,NONE,,AUTO_ACCEPT,0.0
LN107721,2025-12,0.0,0.0,0.0,0.0,CURRENT,0.0,0.0,NONE,,AUTO_ACCEPT,0.0
LN101002,2025-12,0.0,0.0,0.0,0.0,CURRENT,0.0,0.0,NONE,,AUTO_ACCEPT,0.0
LN107694,2025-12,0.0,0.0,0.0,0.0,CURRENT,0.0,0.0,NONE,,AUTO_ACCEPT,0.0
LN101022,2025-12,0.0,0.0,0.0,0.0,CURRENT,0.0,0.0,NONE,,AUTO_ACCEPT,0.0
LN107695,2025-12,0.0,0.0,0.0,0.0,CURRENT,0.0,0.0,NONE,,AUTO_ACCEPT,0.0
LN104563,2025-12,0.0,0.0,0.0,0.0,CURRENT,0.0,0.0,NONE,,AUTO_ACCEPT,0.0
LN107697,2025-12,0.0,0.0,0.0,0.0,CURRENT,0.0,0.0,NONE,,AUTO_ACCEPT,0.0
LN101019,2025-12,0.0,0.0,0.0,0.0,CURRENT,0.0,0.0,NONE,,AUTO_ACCEPT,0.0
LN104564,2025-12,0.0,0.0,0.0,0.0,CURRENT,0.0,0.0,NONE,,AUTO_ACCEPT,0.0
LN103469,2025-12,0.0,0.0,0.0,0.0,CURRENT,0.0,0.0,NONE,,AUTO_ACCEPT,0.0
LN104562,2025-12,0.0,0.0,0.0,0.0,CURRENT,0.0,0.0,NONE,,AUTO_ACCEPT,0.0
LN101018,2025-12,0.0,0.0,0.0,0.0,CURRENT,0.0,0.0,NONE,,AUTO_ACCEPT,0.0
LN107699,2025-12,0.0,0.0,0.0,0.0,CURRENT,0.0,0.0,NONE,,AUTO_ACCEPT,0.0
LN101016,2025-12,0.0,0.0,0.0,0.0,CURRENT,0.0,0.0,NONE,,AUTO_ACCEPT,0.0
LN103470,2025-12,0.0,0.0,0.0,0.0,CURRENT,0.0,0.0,NONE,,AUTO_ACCEPT,0.0
LN107700,2025-12,0.0,0.0,0.0,0.0,CURRENT,0.0,0.0,NONE,,AUTO_ACCEPT,0.0
LN107698,2025-12,0.0,0.0,0.0,0.0,CURRENT,0.0,0.0,NONE,,AUTO_ACCEPT,0.0
LN103467,2025-12,0.0,0.0,0.0,0.0,CURRENT,0.0,0.0,NONE,,AUTO_ACCEPT,0.0
LN107693,2025-12,0.0,0.0,0.0,0.0,CURRENT,0.0,0.0,NONE,,AUTO_ACCEPT,0.0
LN101024,2025-12,0.0,0.0,0.0,0.0,CURRENT,0.0,0.0,NONE,,AUTO_ACCEPT,0.0
LN101031,2025-12,0.0,0.0,0.0,0.0,CURRENT,0.0,0.0,NONE,,AUTO_ACCEPT,0.0
LN104567,2025-12,0.0,0.0,0.0,0.0,CURRENT,0.0,0.0,NONE,,AUTO_ACCEPT,0.0
LN107686,2025-12,0.0,0.0,0.0,0.0,CURRENT,0.0,0.0,NONE,,AUTO_ACCEPT,0.0
LN101030,2025-12,0.0,0.0,0.0,0.0,CURRENT,0.0,0.0,NONE,,AUTO_ACCEPT,0.0
LN101028,2025-12,0.0,0.0,0.0,0.0,CURRENT,0.0,0.0,NONE,,AUTO_ACCEPT,0.0
LN103465,2025-12,0.0,0.0,0.0,0.0,CURRENT,0.0,0.0,NONE,,AUTO_ACCEPT,0.0
LN107688,2025-12,0.0,0.0,0.0,0.0,CURRENT,0.0,0.0,NONE,,AUTO_ACCEPT,0.0
LN104566,2025-12,0.0,0.0,0.0,0.0,CURRENT,0.0,0.0,NONE,,AUTO_ACCEPT,0.0
LN107689,2025-12,0.0,0.0,0.0,0.0,CURRENT,0.0,0.0,NONE,,AUTO_ACCEPT,0.0
LN101026,2025-12,0.0,0.0,0.0,0.0,CURRENT,0.0,0.0,NONE,,AUTO_ACCEPT,0.0
LN103466,2025-12,0.0,0.0,0.0,0.0,CURRENT,0.0,0.0,NONE,,AUTO_ACCEPT,0.0
LN107690,2025-12,0.0,0.0,0.0,0.0,CURRENT,0.0,0.0,NONE,,AUTO_ACCEPT,0.0
LN104565,2025-12,0.0,0.0,0.0,0.0,CURRENT,0.0,0.0,NONE,,AUTO_ACCEPT,0.0
LN101025,2025-12,0.0,0.0,0.0,0.0,CURRENT,0.0,0.0,NONE,,AUTO_ACCEPT,0.0
LN107691,2025-12,0.0,0.0,0.0,0.0,CURRENT,0.0,0.0,NONE,,AUTO_ACCEPT,0.0
LN104560,2025-12,0.0,0.0,0.0,0.0,CURRENT,0.0,0.0,NONE,,AUTO_ACCEPT,0.0
LN107701,2025-12,0.0,0.0,0.0,0.0,CURRENT,0.0,0.0,NONE,,AUTO_ACCEPT,0.0
LN101015,2025-12,0.0,0.0,0.0,0.0,CURRENT,0.0,0.0,NONE,,AUTO_ACCEPT,0.0
LN103471,2025-12,0.0,0.0,0.0,0.0,CURRENT,0.0,0.0,NONE,,AUTO_ACCEPT,0.0
LN107713,2025-12,0.0,0.0,0.0,0.0,CURRENT,0.0,0.0,NONE,,AUTO_ACCEPT,0.0
LN101006,2025-12,0.0,0.0,0.0,0.0,CURRENT,0.0,0.0,NONE,,AUTO_ACCEPT,0.0
LN103474,2025-12,0.0,0.0,0.0,0.0,CURRENT,0.0,0.0,NONE,,AUTO_ACCEPT,0.0
LN107715,2025-12,0.0,0.0,0.0,0.0,CURRENT,0.0,0.0,NONE,,AUTO_ACCEPT,0.0
LN104554,2025-12,0.0,0.0,0.0,0.0,CURRENT,0.0,0.0,NONE,,AUTO_ACCEPT,0.0
LN101005,2025-12,0.0,0.0,0.0,0.0,CURRENT,0.0,0.0,NONE,,AUTO_ACCEPT,0.0
LN107717,2025-12,0.0,0.0,0.0,0.0,CURRENT,0.0,0.0,NONE,,AUTO_ACCEPT,0.0
LN104553,2025-12,0.0,0.0,0.0,0.0,CURRENT,0.0,0.0,NONE,,AUTO_ACCEPT,0.0
LN107718,2025-12,0.0,0.0,0.0,0.0,CURRENT,0.0,0.0,NONE,,AUTO_ACCEPT,0.0
LN101004,2025-12,0.0,0.0,0.0,0.0,CURRENT,0.0,0.0,NONE,,AUTO_ACCEPT,0.0
LN107719,2025-12,0.0,0.0,0.0,0.0,CURRENT,0.0,0.0,NONE,,AUTO_ACCEPT,0.0
LN103475,2025-12,0.0,0.0,0.0,0.0,CURRENT,0.0,0.0,NONE,,AUTO_ACCEPT,0.0
LN101003,2025-12,0.0,0.0,0.0,0.0,CURRENT,0.0,0.0,NONE,,AUTO_ACCEPT,0.0
LN107720,2025-12,0.0,0.0,0.0,0.0,CURRENT,0.0,0.0,NONE,,AUTO_ACCEPT,0.0
LN104552,2025-12,0.0,0.0,0.0,0.0,CURRENT,0.0,0.0,NONE,,AUTO_ACCEPT,0.0
LN101007,2025-12,0.0,0.0,0.0,0.0,CURRENT,0.0,0.0,NONE,,AUTO_ACCEPT,0.0
LN100972,2025-12,0.0,0.0,0.0,0.0,CURRENT,0.0,0.0,NONE,,AUTO_ACCEPT,0.0
LN107712,2025-12,0.0,0.0,0.0,0.0,CURRENT,0.0,0.0,NONE,,AUTO_ACCEPT,0.0
LN103473,2025-12,0.0,0.0,0.0,0.0,CURRENT,0.0,0.0,NONE,,AUTO_ACCEPT,0.0
LN101014,2025-12,0.0,0.0,0.0,0.0,CURRENT,0.0,0.0,NONE,,AUTO_ACCEPT,0.0
LN104559,2025-12,0.0,0.0,0.0,0.0,CURRENT,0.0,0.0,NONE,,AUTO_ACCEPT,0.0
LN107704,2025-12,0.0,0.0,0.0,0.0,CURRENT,0.0,0.0,NONE,,AUTO_ACCEPT,0.0
LN101013,2025-12,0.0,0.0,0.0,0.0,CURRENT,0.0,0.0,NONE,,AUTO_ACCEPT,0.0
LN107705,2025-12,0.0,0.0,0.0,0.0,CURRENT,0.0,0.0,NONE,,AUTO_ACCEPT,0.0
LN104558,2025-12,0.0,0.0,0.0,0.0,CURRENT,0.0,0.0,NONE,,AUTO_ACCEPT,0.0
LN107708,2025-12,0.0,0.0,0.0,0.0,CURRENT,0.0,0.0,NONE,,AUTO_ACCEPT,0.0
LN101012,2025-12,0.0,0.0,0.0,0.0,CURRENT,0.0,0.0,NONE,,AUTO_ACCEPT,0.0
LN103472,2025-12,0.0,0.0,0.0,0.0,CURRENT,0.0,0.0,NONE,,AUTO_ACCEPT,0.0
LN107709,2025-12,0.0,0.0,0.0,0.0,CURRENT,0.0,0.0,NONE,,AUTO_ACCEPT,0.0
LN101011,2025-12,0.0,0.0,0.0,0.0,CURRENT,0.0,0.0,NONE,,AUTO_ACCEPT,0.0
LN104557,2025-12,0.0,0.0,0.0,0.0,CURRENT,0.0,0.0,NONE,,AUTO_ACCEPT,0.0
LN107710,2025-12,0.0,0.0,0.0,0.0,CURRENT,0.0,0.0,NONE,,AUTO_ACCEPT,0.0
LN101010,2025-12,0.0,0.0,0.0,0.0,CURRENT,0.0,0.0,NONE,,AUTO_ACCEPT,0.0
LN107711,2025-12,0.0,0.0,0.0,0.0,CURRENT,0.0,0.0,NONE,,AUTO_ACCEPT,0.0
LN104555,2025-12,0.0,0.0,0.0,0.0,CURRENT,0.0,0.0,NONE,,AUTO_ACCEPT,0.0
LN101260,2025-12,0.0,0.0,0.0,0.0,CURRENT,0.0,0.0,NONE,,AUTO_ACCEPT,0.0
LN107758,2025-12,0.0,0.0,0.0,0.0,CURRENT,0.0,0.0,NONE,,AUTO_ACCEPT,0.0
LN100971,2025-12,0.0,0.0,0.0,0.0,CURRENT,0.0,0.0,NONE,,AUTO_ACCEPT,0.0
LN107808,2025-12,0.0,0.0,0.0,0.0,CURRENT,0.0,0.0,NONE,,AUTO_ACCEPT,0.0
LN100931,2025-12,0.0,0.0,0.0,0.0,CURRENT,0.0,0.0,NONE,,AUTO_ACCEPT,0.0
LN107810,2025-12,0.0,0.0,0.0,0.0,CURRENT,0.0,0.0,NONE,,AUTO_ACCEPT,0.0
LN103509,2025-12,0.0,0.0,0.0,0.0,CURRENT,0.0,0.0,NONE,,AUTO_ACCEPT,0.0
LN100930,2025-12,0.0,0.0,0.0,0.0,CURRENT,0.0,0.0,NONE,,AUTO_ACCEPT,0.0
LN104507,2025-12,0.0,0.0,0.0,0.0,CURRENT,0.0,0.0,NONE,,AUTO_ACCEPT,0.0
LN104508,2025-12,0.0,0.0,0.0,0.0,CURRENT,0.0,0.0,NONE,,AUTO_ACCEPT,0.0
LN107811,2025-12,0.0,0.0,0.0,0.0,CURRENT,0.0,0.0,NONE,,AUTO_ACCEPT,0.0
LN100929,2025-12,0.0,0.0,0.0,0.0,CURRENT,0.0,0.0,NONE,,AUTO_ACCEPT,0.0
LN103510,2025-12,0.0,0.0,0.0,0.0,CURRENT,0.0,0.0,NONE,,AUTO_ACCEPT,0.0
LN107813,2025-12,0.0,0.0,0.0,0.0,CURRENT,0.0,0.0,NONE,,AUTO_ACCEPT,0.0
LN104506,2025-12,0.0,0.0,0.0,0.0,CURRENT,0.0,0.0,NONE,,AUTO_ACCEPT,0.0
LN100927,2025-12,0.0,0.0,0.0,0.0,CURRENT,0.0,0.0,NONE,,AUTO_ACCEPT,0.0
LN107814,2025-12,0.0,0.0,0.0,0.0,CURRENT,0.0,0.0,NONE,,AUTO_ACCEPT,0.0
LN107812,2025-12,0.0,0.0,0.0,0.0,CURRENT,0.0,0.0,NONE,,AUTO_ACCEPT,0.0
LN100932,2025-12,0.0,0.0,0.0,0.0,CURRENT,0.0,0.0,NONE,,AUTO_ACCEPT,0.0
LN107807,2025-12,0.0,0.0,0.0,0.0,CURRENT,0.0,0.0,NONE,,AUTO_ACCEPT,0.0
LN103508,2025-12,0.0,0.0,0.0,0.0,CURRENT,0.0,0.0,NONE,,AUTO_ACCEPT,0.0
LN107798,2025-12,0.0,0.0,0.0,0.0,CURRENT,0.0,0.0,NONE,,AUTO_ACCEPT,0.0
LN103505,2025-12,0.0,0.0,0.0,0.0,CURRENT,0.0,0.0,NONE,,AUTO_ACCEPT,0.0
LN104512,2025-12,0.0,0.0,0.0,0.0,CURRENT,0.0,0.0,NONE,,AUTO_ACCEPT,0.0
LN100939,2025-12,0.0,0.0,0.0,0.0,CURRENT,0.0,0.0,NONE,,AUTO_ACCEPT,0.0
LN107800,2025-12,0.0,0.0,0.0,0.0,CURRENT,0.0,0.0,NONE,,AUTO_ACCEPT,0.0
LN107802,2025-12,0.0,0.0,0.0,0.0,CURRENT,0.0,0.0,NONE,,AUTO_ACCEPT,0.0
LN100937,2025-12,0.0,0.0,0.0,0.0,CURRENT,0.0,0.0,NONE,,AUTO_ACCEPT,0.0
LN103506,2025-12,0.0,0.0,0.0,0.0,CURRENT,0.0,0.0,NONE,,AUTO_ACCEPT,0.0
LN104510,2025-12,0.0,0.0,0.0,0.0,CURRENT,0.0,0.0,NONE,,AUTO_ACCEPT,0.0
LN107803,2025-12,0.0,0.0,0.0,0.0,CURRENT,0.0,0.0,NONE,,AUTO_ACCEPT,0.0
LN100934,2025-12,0.0,0.0,0.0,0.0,CURRENT,0.0,0.0,NONE,,AUTO_ACCEPT,0.0
LN107804,2025-12,0.0,0.0,0.0,0.0,CURRENT,0.0,0.0,NONE,,AUTO_ACCEPT,0.0
LN100933,2025-12,0.0,0.0,0.0,0.0,CURRENT,0.0,0.0,NONE,,AUTO_ACCEPT,0.0
LN104509,2025-12,0.0,0.0,0.0,0.0,CURRENT,0.0,0.0,NONE,,AUTO_ACCEPT,0.0
LN107805,2025-12,0.0,0.0,0.0,0.0,CURRENT,0.0,0.0,NONE,,AUTO_ACCEPT,0.0
LN100926,2025-12,0.0,0.0,0.0,0.0,CURRENT,0.0,0.0,NONE,,AUTO_ACCEPT,0.0
LN100941,2025-12,0.0,0.0,0.0,0.0,CURRENT,0.0,0.0,NONE,,AUTO_ACCEPT,0.0
LN107815,2025-12,0.0,0.0,0.0,0.0,CURRENT,0.0,0.0,NONE,,AUTO_ACCEPT,0.0
LN107816,2025-12,0.0,0.0,0.0,0.0,CURRENT,0.0,0.0,NONE,,AUTO_ACCEPT,0.0
LN104499,2025-12,0.0,0.0,0.0,0.0,CURRENT,0.0,0.0,NONE,,AUTO_ACCEPT,0.0
LN107827,2025-12,0.0,0.0,0.0,0.0,CURRENT,0.0,0.0,NONE,,AUTO_ACCEPT,0.0
LN100914,2025-12,0.0,0.0,0.0,0.0,CURRENT,0.0,0.0,NONE,,AUTO_ACCEPT,0.0
LN103514,2025-12,0.0,0.0,0.0,0.0,CURRENT,0.0,0.0,NONE,,AUTO_ACCEPT,0.0
LN107828,2025-12,0.0,0.0,0.0,0.0,CURRENT,0.0,0.0,NONE,,AUTO_ACCEPT,0.0
LN100913,2025-12,0.0,0.0,0.0,0.0,CURRENT,0.0,0.0,NONE,,AUTO_ACCEPT,0.0
LN107826,2025-12,0.0,0.0,0.0,0.0,CURRENT,0.0,0.0,NONE,,AUTO_ACCEPT,0.0
LN104498,2025-12,0.0,0.0,0.0,0.0,CURRENT,0.0,0.0,NONE,,AUTO_ACCEPT,0.0
LN100912,2025-12,0.0,0.0,0.0,0.0,CURRENT,0.0,0.0,NONE,,AUTO_ACCEPT,0.0
LN107831,2025-12,0.0,0.0,0.0,0.0,CURRENT,0.0,0.0,NONE,,AUTO_ACCEPT,0.0
LN103515,2025-12,0.0,0.0,0.0,0.0,CURRENT,0.0,0.0,NONE,,AUTO_ACCEPT,0.0
LN104496,2025-12,0.0,0.0,0.0,0.0,CURRENT,0.0,0.0,NONE,,AUTO_ACCEPT,0.0
LN107832,2025-12,0.0,0.0,0.0,0.0,CURRENT,0.0,0.0,NONE,,AUTO_ACCEPT,0.0
LN100910,2025-12,0.0,0.0,0.0,0.0,CURRENT,0.0,0.0,NONE,,AUTO_ACCEPT,0.0
LN107830,2025-12,0.0,0.0,0.0,0.0,CURRENT,0.0,0.0,NONE,,AUTO_ACCEPT,0.0
LN100917,2025-12,0.0,0.0,0.0,0.0,CURRENT,0.0,0.0,NONE,,AUTO_ACCEPT,0.0
LN107825,2025-12,0.0,0.0,0.0,0.0,CURRENT,0.0,0.0,NONE,,AUTO_ACCEPT,0.0
LN104500,2025-12,0.0,0.0,0.0,0.0,CURRENT,0.0,0.0,NONE,,AUTO_ACCEPT,0.0
LN100925,2025-12,0.0,0.0,0.0,0.0,CURRENT,0.0,0.0,NONE,,AUTO_ACCEPT,0.0
LN103511,2025-12,0.0,0.0,0.0,0.0,CURRENT,0.0,0.0,NONE,,AUTO_ACCEPT,0.0
LN107817,2025-12,0.0,0.0,0.0,0.0,CURRENT,0.0,0.0,NONE,,AUTO_ACCEPT,0.0
LN104503,2025-12,0.0,0.0,0.0,0.0,CURRENT,0.0,0.0,NONE,,AUTO_ACCEPT,0.0
LN100924,2025-12,0.0,0.0,0.0,0.0,CURRENT,0.0,0.0,NONE,,AUTO_ACCEPT,0.0
LN107818,2025-12,0.0,0.0,0.0,0.0,CURRENT,0.0,0.0,NONE,,AUTO_ACCEPT,0.0
LN100922,2025-12,0.0,0.0,0.0,0.0,CURRENT,0.0,0.0,NONE,,AUTO_ACCEPT,0.0
LN103512,2025-12,0.0,0.0,0.0,0.0,CURRENT,0.0,0.0,NONE,,AUTO_ACCEPT,0.0
LN107821,2025-12,0.0,0.0,0.0,0.0,CURRENT,0.0,0.0,NONE,,AUTO_ACCEPT,0.0
LN104502,2025-12,0.0,0.0,0.0,0.0,CURRENT,0.0,0.0,NONE,,AUTO_ACCEPT,0.0
LN107822,2025-12,0.0,0.0,0.0,0.0,CURRENT,0.0,0.0,NONE,,AUTO_ACCEPT,0.0
LN100921,2025-12,0.0,0.0,0.0,0.0,CURRENT,0.0,0.0,NONE,,AUTO_ACCEPT,0.0
LN107824,2025-12,0.0,0.0,0.0,0.0,CURRENT,0.0,0.0,NONE,,AUTO_ACCEPT,0.0
LN103513,2025-12,0.0,0.0,0.0,0.0,CURRENT,0.0,0.0,NONE,,AUTO_ACCEPT,0.0
LN100919,2025-12,0.0,0.0,0.0,0.0,CURRENT,0.0,0.0,NONE,,AUTO_ACCEPT,0.0
LN104505,2025-12,0.0,0.0,0.0,0.0,CURRENT,0.0,0.0,NONE,,AUTO_ACCEPT,0.0
LN100942,2025-12,0.0,0.0,0.0,0.0,CURRENT,0.0,0.0,NONE,,AUTO_ACCEPT,0.0
LN107796,2025-12,0.0,0.0,0.0,0.0,CURRENT,0.0,0.0,NONE,,AUTO_ACCEPT,0.0
LN104513,2025-12,0.0,0.0,0.0,0.0,CURRENT,0.0,0.0,NONE,,AUTO_ACCEPT,0.0
LN104524,2025-12,0.0,0.0,0.0,0.0,CURRENT,0.0,0.0,NONE,,AUTO_ACCEPT,0.0
LN100963,2025-12,0.0,0.0,0.0,0.0,CURRENT,0.0,0.0,NONE,,AUTO_ACCEPT,0.0
LN107770,2025-12,0.0,0.0,0.0,0.0,CURRENT,0.0,0.0,NONE,,AUTO_ACCEPT,0.0
LN103492,2025-12,0.0,0.0,0.0,0.0,CURRENT,0.0,0.0,NONE,,AUTO_ACCEPT,0.0
LN107773,2025-12,0.0,0.0,0.0,0.0,CURRENT,0.0,0.0,NONE,,AUTO_ACCEPT,0.0
LN100962,2025-12,0.0,0.0,0.0,0.0,CURRENT,0.0,0.0,NONE,,AUTO_ACCEPT,0.0
LN107769,2025-12,0.0,0.0,0.0,0.0,CURRENT,0.0,0.0,NONE,,AUTO_ACCEPT,0.0
LN104523,2025-12,0.0,0.0,0.0,0.0,CURRENT,0.0,0.0,NONE,,AUTO_ACCEPT,0.0
LN100961,2025-12,0.0,0.0,0.0,0.0,CURRENT,0.0,0.0,NONE,,AUTO_ACCEPT,0.0
LN107776,2025-12,0.0,0.0,0.0,0.0,CURRENT,0.0,0.0,NONE,,AUTO_ACCEPT,0.0
LN103494,2025-12,0.0,0.0,0.0,0.0,CURRENT,0.0,0.0,NONE,,AUTO_ACCEPT,0.0
LN104522,2025-12,0.0,0.0,0.0,0.0,CURRENT,0.0,0.0,NONE,,AUTO_ACCEPT,0.0
LN100960,2025-12,0.0,0.0,0.0,0.0,CURRENT,0.0,0.0,NONE,,AUTO_ACCEPT,0.0
LN107777,2025-12,0.0,0.0,0.0,0.0,CURRENT,0.0,0.0,NONE,,AUTO_ACCEPT,0.0
LN107775,2025-12,0.0,0.0,0.0,0.0,CURRENT,0.0,0.0,NONE,,AUTO_ACCEPT,0.0
LN100964,2025-12,0.0,0.0,0.0,0.0,CURRENT,0.0,0.0,NONE,,AUTO_ACCEPT,0.0
LN107765,2025-12,0.0,0.0,0.0,0.0,CURRENT,0.0,0.0,NONE,,AUTO_ACCEPT,0.0
LN104525,2025-12,0.0,0.0,0.0,0.0,CURRENT,0.0,0.0,NONE,,AUTO_ACCEPT,0.0
LN107759,2025-12,0.0,0.0,0.0,0.0,CURRENT,0.0,0.0,NONE,,AUTO_ACCEPT,0.0
LN103489,2025-12,0.0,0.0,0.0,0.0,CURRENT,0.0,0.0,NONE,,AUTO_ACCEPT,0.0
LN104530,2025-12,0.0,0.0,0.0,0.0,CURRENT,0.0,0.0,NONE,,AUTO_ACCEPT,0.0
LN107760,2025-12,0.0,0.0,0.0,0.0,CURRENT,0.0,0.0,NONE,,AUTO_ACCEPT,0.0
LN100970,2025-12,0.0,0.0,0.0,0.0,CURRENT,0.0,0.0,NONE,,AUTO_ACCEPT,0.0
LN107761,2025-12,0.0,0.0,0.0,0.0,CURRENT,0.0,0.0,NONE,,AUTO_ACCEPT,0.0
LN100968,2025-12,0.0,0.0,0.0,0.0,CURRENT,0.0,0.0,NONE,,AUTO_ACCEPT,0.0
LN103490,2025-12,0.0,0.0,0.0,0.0,CURRENT,0.0,0.0,NONE,,AUTO_ACCEPT,0.0
LN107762,2025-12,0.0,0.0,0.0,0.0,CURRENT,0.0,0.0,NONE,,AUTO_ACCEPT,0.0
LN104527,2025-12,0.0,0.0,0.0,0.0,CURRENT,0.0,0.0,NONE,,AUTO_ACCEPT,0.0
LN100966,2025-12,0.0,0.0,0.0,0.0,CURRENT,0.0,0.0,NONE,,AUTO_ACCEPT,0.0
LN107763,2025-12,0.0,0.0,0.0,0.0,CURRENT,0.0,0.0,NONE,,AUTO_ACCEPT,0.0
LN103491,2025-12,0.0,0.0,0.0,0.0,CURRENT,0.0,0.0,NONE,,AUTO_ACCEPT,0.0
LN107764,2025-12,0.0,0.0,0.0,0.0,CURRENT,0.0,0.0,NONE,,AUTO_ACCEPT,0.0
LN100965,2025-12,0.0,0.0,0.0,0.0,CURRENT,0.0,0.0,NONE,,AUTO_ACCEPT,0.0
LN107779,2025-12,0.0,0.0,0.0,0.0,CURRENT,0.0,0.0,NONE,,AUTO_ACCEPT,0.0
LN100959,2025-12,0.0,0.0,0.0,0.0,CURRENT,0.0,0.0,NONE,,AUTO_ACCEPT,0.0
LN103495,2025-12,0.0,0.0,0.0,0.0,CURRENT,0.0,0.0,NONE,,AUTO_ACCEPT,0.0
LN104521,2025-12,0.0,0.0,0.0,0.0,CURRENT,0.0,0.0,NONE,,AUTO_ACCEPT,0.0
LN104516,2025-12,0.0,0.0,0.0,0.0,CURRENT,0.0,0.0,NONE,,AUTO_ACCEPT,0.0
LN107788,2025-12,0.0,0.0,0.0,0.0,CURRENT,0.0,0.0,NONE,,AUTO_ACCEPT,0.0
LN100949,2025-12,0.0,0.0,0.0,0.0,CURRENT,0.0,0.0,NONE,,AUTO_ACCEPT,0.0
LN107789,2025-12,0.0,0.0,0.0,0.0,CURRENT,0.0,0.0,NONE,,AUTO_ACCEPT,0.0
LN104515,2025-12,0.0,0.0,0.0,0.0,CURRENT,0.0,0.0,NONE,,AUTO_ACCEPT,0.0
LN107790,2025-12,0.0,0.0,0.0,0.0,CURRENT,0.0,0.0,NONE,,AUTO_ACCEPT,0.0
LN100946,2025-12,0.0,0.0,0.0,0.0,CURRENT,0.0,0.0,NONE,,AUTO_ACCEPT,0.0
LN103501,2025-12,0.0,0.0,0.0,0.0,CURRENT,0.0,0.0,NONE,,AUTO_ACCEPT,0.0
LN107791,2025-12,0.0,0.0,0.0,0.0,CURRENT,0.0,0.0,NONE,,AUTO_ACCEPT,0.0
LN100944,2025-12,0.0,0.0,0.0,0.0,CURRENT,0.0,0.0,NONE,,AUTO_ACCEPT,0.0
LN104514,2025-12,0.0,0.0,0.0,0.0,CURRENT,0.0,0.0,NONE,,AUTO_ACCEPT,0.0
LN107792,2025-12,0.0,0.0,0.0,0.0,CURRENT,0.0,0.0,NONE,,AUTO_ACCEPT,0.0
LN100943,2025-12,0.0,0.0,0.0,0.0,CURRENT,0.0,0.0,NONE,,AUTO_ACCEPT,0.0
LN107795,2025-12,0.0,0.0,0.0,0.0,CURRENT,0.0,0.0,NONE,,AUTO_ACCEPT,0.0
LN103504,2025-12,0.0,0.0,0.0,0.0,CURRENT,0.0,0.0,NONE,,AUTO_ACCEPT,0.0
LN100951,2025-12,0.0,0.0,0.0,0.0,CURRENT,0.0,0.0,NONE,,AUTO_ACCEPT,0.0
LN104532,2025-12,0.0,0.0,0.0,0.0,CURRENT,0.0,0.0,NONE,,AUTO_ACCEPT,0.0
LN103499,2025-12,0.0,0.0,0.0,0.0,CURRENT,0.0,0.0,NONE,,AUTO_ACCEPT,0.0
LN100952,2025-12,0.0,0.0,0.0,0.0,CURRENT,0.0,0.0,NONE,,AUTO_ACCEPT,0.0
LN107780,2025-12,0.0,0.0,0.0,0.0,CURRENT,0.0,0.0,NONE,,AUTO_ACCEPT,0.0
LN100958,2025-12,0.0,0.0,0.0,0.0,CURRENT,0.0,0.0,NONE,,AUTO_ACCEPT,0.0
LN107781,2025-12,0.0,0.0,0.0,0.0,CURRENT,0.0,0.0,NONE,,AUTO_ACCEPT,0.0
LN104520,2025-12,0.0,0.0,0.0,0.0,CURRENT,0.0,0.0,NONE,,AUTO_ACCEPT,0.0
LN107782,2025-12,0.0,0.0,0.0,0.0,CURRENT,0.0,0.0,NONE,,AUTO_ACCEPT,0.0
LN100956,2025-12,0.0,0.0,0.0,0.0,CURRENT,0.0,0.0,NONE,,AUTO_ACCEPT,0.0
LN103497,2025-12,0.0,0.0,0.0,0.0,CURRENT,0.0,0.0,NONE,,AUTO_ACCEPT,0.0
LN107783,2025-12,0.0,0.0,0.0,0.0,CURRENT,0.0,0.0,NONE,,AUTO_ACCEPT,0.0
LN104519,2025-12,0.0,0.0,0.0,0.0,CURRENT,0.0,0.0,NONE,,AUTO_ACCEPT,0.0
LN107784,2025-12,0.0,0.0,0.0,0.0,CURRENT,0.0,0.0,NONE,,AUTO_ACCEPT,0.0
LN100954,2025-12,0.0,0.0,0.0,0.0,CURRENT,0.0,0.0,NONE,,AUTO_ACCEPT,0.0
LN103498,2025-12,0.0,0.0,0.0,0.0,CURRENT,0.0,0.0,NONE,,AUTO_ACCEPT,0.0
LN107785,2025-12,0.0,0.0,0.0,0.0,CURRENT,0.0,0.0,NONE,,AUTO_ACCEPT,0.0
LN104518,2025-12,0.0,0.0,0.0,0.0,CURRENT,0.0,0.0,NONE,,AUTO_ACCEPT,0.0
LN107786,2025-12,0.0,0.0,0.0,0.0,CURRENT,0.0,0.0,NONE,,AUTO_ACCEPT,0.0
LN107787,2025-12,0.0,0.0,0.0,0.0,CURRENT,0.0,0.0,NONE,,AUTO_ACCEPT,0.0
LN107997,2025-12,0.0,0.0,0.0,0.0,CURRENT,0.0,0.0,NONE,,AUTO_ACCEPT,0.0
LN107378,2025-12,0.0,0.0,0.0,0.0,CURRENT,0.0,0.0,NONE,,AUTO_ACCEPT,0.0
LN107377,2025-12,0.0,0.0,0.0,0.0,CURRENT,0.0,0.0,NONE,,AUTO_ACCEPT,0.0
LN101594,2025-12,0.0,0.0,0.0,0.0,CURRENT,0.0,0.0,NONE,,AUTO_ACCEPT,0.0
LN106980,2025-12,0.0,0.0,0.0,0.0,CURRENT,0.0,0.0,NONE,,AUTO_ACCEPT,0.0
LN101592,2025-12,0.0,0.0,0.0,0.0,CURRENT,0.0,0.0,NONE,,AUTO_ACCEPT,0.0
LN106981,2025-12,0.0,0.0,0.0,0.0,CURRENT,0.0,0.0,NONE,,AUTO_ACCEPT,0.0
LN104919,2025-12,0.0,0.0,0.0,0.0,CURRENT,0.0,0.0,NONE,,AUTO_ACCEPT,0.0
LN101591,2025-12,0.0,0.0,0.0,0.0,CURRENT,0.0,0.0,NONE,,AUTO_ACCEPT,0.0
LN104920,2025-12,0.0,0.0,0.0,0.0,CURRENT,0.0,0.0,NONE,,AUTO_ACCEPT,0.0
LN103201,2025-12,0.0,0.0,0.0,0.0,CURRENT,0.0,0.0,NONE,,AUTO_ACCEPT,0.0
LN104918,2025-12,0.0,0.0,0.0,0.0,CURRENT,0.0,0.0,NONE,,AUTO_ACCEPT,0.0
LN101589,2025-12,0.0,0.0,0.0,0.0,CURRENT,0.0,0.0,NONE,,AUTO_ACCEPT,0.0
LN106985,2025-12,0.0,0.0,0.0,0.0,CURRENT,0.0,0.0,NONE,,AUTO_ACCEPT,0.0
LN101588,2025-12,0.0,0.0,0.0,0.0,CURRENT,0.0,0.0,NONE,,AUTO_ACCEPT,0.0
LN103202,2025-12,0.0,0.0,0.0,0.0,CURRENT,0.0,0.0,NONE,,AUTO_ACCEPT,0.0
LN106987,2025-12,0.0,0.0,0.0,0.0,CURRENT,0.0,0.0,NONE,,AUTO_ACCEPT,0.0
LN106984,2025-12,0.0,0.0,0.0,0.0,CURRENT,0.0,0.0,NONE,,AUTO_ACCEPT,0.0
LN103200,2025-12,0.0,0.0,0.0,0.0,CURRENT,0.0,0.0,NONE,,AUTO_ACCEPT,0.0
LN101595,2025-12,0.0,0.0,0.0,0.0,CURRENT,0.0,0.0,NONE,,AUTO_ACCEPT,0.0
LN106978,2025-12,0.0,0.0,0.0,0.0,CURRENT,0.0,0.0,NONE,,AUTO_ACCEPT,0.0
LN104927,2025-12,0.0,0.0,0.0,0.0,CURRENT,0.0,0.0,NONE,,AUTO_ACCEPT,0.0
LN101601,2025-12,0.0,0.0,0.0,0.0,CURRENT,0.0,0.0,NONE,,AUTO_ACCEPT,0.0
LN106971,2025-12,0.0,0.0,0.0,0.0,CURRENT,0.0,0.0,NONE,,AUTO_ACCEPT,0.0
LN101599,2025-12,0.0,0.0,0.0,0.0,CURRENT,0.0,0.0,NONE,,AUTO_ACCEPT,0.0
LN103198,2025-12,0.0,0.0,0.0,0.0,CURRENT,0.0,0.0,NONE,,AUTO_ACCEPT,0.0
LN106973,2025-12,0.0,0.0,0.0,0.0,CURRENT,0.0,0.0,NONE,,AUTO_ACCEPT,0.0
LN101598,2025-12,0.0,0.0,0.0,0.0,CURRENT,0.0,0.0,NONE,,AUTO_ACCEPT,0.0
LN104922,2025-12,0.0,0.0,0.0,0.0,CURRENT,0.0,0.0,NONE,,AUTO_ACCEPT,0.0
LN106975,2025-12,0.0,0.0,0.0,0.0,CURRENT,0.0,0.0,NONE,,AUTO_ACCEPT,0.0
LN101597,2025-12,0.0,0.0,0.0,0.0,CURRENT,0.0,0.0,NONE,,AUTO_ACCEPT,0.0
LN106976,2025-12,0.0,0.0,0.0,0.0,CURRENT,0.0,0.0,NONE,,AUTO_ACCEPT,0.0
LN103199,2025-12,0.0,0.0,0.0,0.0,CURRENT,0.0,0.0,NONE,,AUTO_ACCEPT,0.0
LN104921,2025-12,0.0,0.0,0.0,0.0,CURRENT,0.0,0.0,NONE,,AUTO_ACCEPT,0.0
LN101596,2025-12,0.0,0.0,0.0,0.0,CURRENT,0.0,0.0,NONE,,AUTO_ACCEPT,0.0
LN106977,2025-12,0.0,0.0,0.0,0.0,CURRENT,0.0,0.0,NONE,,AUTO_ACCEPT,0.0
LN104915,2025-12,0.0,0.0,0.0,0.0,CURRENT,0.0,0.0,NONE,,AUTO_ACCEPT,0.0
LN106970,2025-12,0.0,0.0,0.0,0.0,CURRENT,0.0,0.0,NONE,,AUTO_ACCEPT,0.0
LN106990,2025-12,0.0,0.0,0.0,0.0,CURRENT,0.0,0.0,NONE,,AUTO_ACCEPT,0.0
LN106991,2025-12,0.0,0.0,0.0,0.0,CURRENT,0.0,0.0,NONE,,AUTO_ACCEPT,0.0
LN107000,2025-12,0.0,0.0,0.0,0.0,CURRENT,0.0,0.0,NONE,,AUTO_ACCEPT,0.0
LN101575,2025-12,0.0,0.0,0.0,0.0,CURRENT,0.0,0.0,NONE,,AUTO_ACCEPT,0.0
LN107001,2025-12,0.0,0.0,0.0,0.0,CURRENT,0.0,0.0,NONE,,AUTO_ACCEPT,0.0
LN103207,2025-12,0.0,0.0,0.0,0.0,CURRENT,0.0,0.0,NONE,,AUTO_ACCEPT,0.0
LN104909,2025-12,0.0,0.0,0.0,0.0,CURRENT,0.0,0.0,NONE,,AUTO_ACCEPT,0.0
LN101574,2025-12,0.0,0.0,0.0,0.0,CURRENT,0.0,0.0,NONE,,AUTO_ACCEPT,0.0
LN104910,2025-12,0.0,0.0,0.0,0.0,CURRENT,0.0,0.0,NONE,,AUTO_ACCEPT,0.0
LN107002,2025-12,0.0,0.0,0.0,0.0,CURRENT,0.0,0.0,NONE,,AUTO_ACCEPT,0.0
LN107004,2025-12,0.0,0.0,0.0,0.0,CURRENT,0.0,0.0,NONE,,AUTO_ACCEPT,0.0
LN103209,2025-12,0.0,0.0,0.0,0.0,CURRENT,0.0,0.0,NONE,,AUTO_ACCEPT,0.0
LN101572,2025-12,0.0,0.0,0.0,0.0,CURRENT,0.0,0.0,NONE,,AUTO_ACCEPT,0.0
LN107006,2025-12,0.0,0.0,0.0,0.0,CURRENT,0.0,0.0,NONE,,AUTO_ACCEPT,0.0
LN101571,2025-12,0.0,0.0,0.0,0.0,CURRENT,0.0,0.0,NONE,,AUTO_ACCEPT,0.0
LN103210,2025-12,0.0,0.0,0.0,0.0,CURRENT,0.0,0.0,NONE,,AUTO_ACCEPT,0.0
LN101573,2025-12,0.0,0.0,0.0,0.0,CURRENT,0.0,0.0,NONE,,AUTO_ACCEPT,0.0
LN101576,2025-12,0.0,0.0,0.0,0.0,CURRENT,0.0,0.0,NONE,,AUTO_ACCEPT,0.0
LN106999,2025-12,0.0,0.0,0.0,0.0,CURRENT,0.0,0.0,NONE,,AUTO_ACCEPT,0.0
LN103206,2025-12,0.0,0.0,0.0,0.0,CURRENT,0.0,0.0,NONE,,AUTO_ACCEPT,0.0
LN103203,2025-12,0.0,0.0,0.0,0.0,CURRENT,0.0,0.0,NONE,,AUTO_ACCEPT,0.0
LN101585,2025-12,0.0,0.0,0.0,0.0,CURRENT,0.0,0.0,NONE,,AUTO_ACCEPT,0.0
LN104914,2025-12,0.0,0.0,0.0,0.0,CURRENT,0.0,0.0,NONE,,AUTO_ACCEPT,0.0
LN106993,2025-12,0.0,0.0,0.0,0.0,CURRENT,0.0,0.0,NONE,,AUTO_ACCEPT,0.0
LN101584,2025-12,0.0,0.0,0.0,0.0,CURRENT,0.0,0.0,NONE,,AUTO_ACCEPT,0.0
LN106994,2025-12,0.0,0.0,0.0,0.0,CURRENT,0.0,0.0,NONE,,AUTO_ACCEPT,0.0
LN104913,2025-12,0.0,0.0,0.0,0.0,CURRENT,0.0,0.0,NONE,,AUTO_ACCEPT,0.0
LN101580,2025-12,0.0,0.0,0.0,0.0,CURRENT,0.0,0.0,NONE,,AUTO_ACCEPT,0.0
LN106996,2025-12,0.0,0.0,0.0,0.0,CURRENT,0.0,0.0,NONE,,AUTO_ACCEPT,0.0
LN103204,2025-12,0.0,0.0,0.0,0.0,CURRENT,0.0,0.0,NONE,,AUTO_ACCEPT,0.0
LN101579,2025-12,0.0,0.0,0.0,0.0,CURRENT,0.0,0.0,NONE,,AUTO_ACCEPT,0.0
LN106997,2025-12,0.0,0.0,0.0,0.0,CURRENT,0.0,0.0,NONE,,AUTO_ACCEPT,0.0
LN104912,2025-12,0.0,0.0,0.0,0.0,CURRENT,0.0,0.0,NONE,,AUTO_ACCEPT,0.0
LN101577,2025-12,0.0,0.0,0.0,0.0,CURRENT,0.0,0.0,NONE,,AUTO_ACCEPT,0.0
LN106998,2025-12,0.0,0.0,0.0,0.0,CURRENT,0.0,0.0,NONE,,AUTO_ACCEPT,0.0
LN101586,2025-12,0.0,0.0,0.0,0.0,CURRENT,0.0,0.0,NONE,,AUTO_ACCEPT,0.0
LN107007,2025-12,0.0,0.0,0.0,0.0,CURRENT,0.0,0.0,NONE,,AUTO_ACCEPT,0.0
LN103197,2025-12,0.0,0.0,0.0,0.0,CURRENT,0.0,0.0,NONE,,AUTO_ACCEPT,0.0
LN106969,2025-12,0.0,0.0,0.0,0.0,CURRENT,0.0,0.0,NONE,,AUTO_ACCEPT,0.0
LN106942,2025-12,0.0,0.0,0.0,0.0,CURRENT,0.0,0.0,NONE,,AUTO_ACCEPT,0.0
LN104941,2025-12,0.0,0.0,0.0,0.0,CURRENT,0.0,0.0,NONE,,AUTO_ACCEPT,0.0
LN106943,2025-12,0.0,0.0,0.0,0.0,CURRENT,0.0,0.0,NONE,,AUTO_ACCEPT,0.0
LN101621,2025-12,0.0,0.0,0.0,0.0,CURRENT,0.0,0.0,NONE,,AUTO_ACCEPT,0.0
LN103185,2025-12,0.0,0.0,0.0,0.0,CURRENT,0.0,0.0,NONE,,AUTO_ACCEPT,0.0
LN101620,2025-12,0.0,0.0,0.0,0.0,CURRENT,0.0,0.0,NONE,,AUTO_ACCEPT,0.0
LN103184,2025-12,0.0,0.0,0.0,0.0,CURRENT,0.0,0.0,NONE,,AUTO_ACCEPT,0.0
LN104940,2025-12,0.0,0.0,0.0,0.0,CURRENT,0.0,0.0,NONE,,AUTO_ACCEPT,0.0
LN101619,2025-12,0.0,0.0,0.0,0.0,CURRENT,0.0,0.0,NONE,,AUTO_ACCEPT,0.0
LN106948,2025-12,0.0,0.0,0.0,0.0,CURRENT,0.0,0.0,NONE,,AUTO_ACCEPT,0.0
LN103186,2025-12,0.0,0.0,0.0,0.0,CURRENT,0.0,0.0,NONE,,AUTO_ACCEPT,0.0
LN106949,2025-12,0.0,0.0,0.0,0.0,CURRENT,0.0,0.0,NONE,,AUTO_ACCEPT,0.0
LN101618,2025-12,0.0,0.0,0.0,0.0,CURRENT,0.0,0.0,NONE,,AUTO_ACCEPT,0.0
LN104938,2025-12,0.0,0.0,0.0,0.0,CURRENT,0.0,0.0,NONE,,AUTO_ACCEPT,0.0
LN106947,2025-12,0.0,0.0,0.0,0.0,CURRENT,0.0,0.0,NONE,,AUTO_ACCEPT,0.0
LN106941,2025-12,0.0,0.0,0.0,0.0,CURRENT,0.0,0.0,NONE,,AUTO_ACCEPT,0.0
LN101623,2025-12,0.0,0.0,0.0,0.0,CURRENT,0.0,0.0,NONE,,AUTO_ACCEPT,0.0
LN106940,2025-12,0.0,0.0,0.0,0.0,CURRENT,0.0,0.0,NONE,,AUTO_ACCEPT,0.0
LN101630,2025-12,0.0,0.0,0.0,0.0,CURRENT,0.0,0.0,NONE,,AUTO_ACCEPT,0.0
LN106934,2025-12,0.0,0.0,0.0,0.0,CURRENT,0.0,0.0,NONE,,AUTO_ACCEPT,0.0
LN104945,2025-12,0.0,0.0,0.0,0.0,CURRENT,0.0,0.0,NONE,,AUTO_ACCEPT,0.0
LN101629,2025-12,0.0,0.0,0.0,0.0,CURRENT,0.0,0.0,NONE,,AUTO_ACCEPT,0.0
LN106935,2025-12,0.0,0.0,0.0,0.0,CURRENT,0.0,0.0,NONE,,AUTO_ACCEPT,0.0
LN103182,2025-12,0.0,0.0,0.0,0.0,CURRENT,0.0,0.0,NONE,,AUTO_ACCEPT,0.0
LN101628,2025-12,0.0,0.0,0.0,0.0,CURRENT,0.0,0.0,NONE,,AUTO_ACCEPT,0.0
LN106937,2025-12,0.0,0.0,0.0,0.0,CURRENT,0.0,0.0,NONE,,AUTO_ACCEPT,0.0
LN104944,2025-12,0.0,0.0,0.0,0.0,CURRENT,0.0,0.0,NONE,,AUTO_ACCEPT,0.0
LN106938,2025-12,0.0,0.0,0.0,0.0,CURRENT,0.0,0.0,NONE,,AUTO_ACCEPT,0.0
LN101625,2025-12,0.0,0.0,0.0,0.0,CURRENT,0.0,0.0,NONE,,AUTO_ACCEPT,0.0
LN103183,2025-12,0.0,0.0,0.0,0.0,CURRENT,0.0,0.0,NONE,,AUTO_ACCEPT,0.0
LN106939,2025-12,0.0,0.0,0.0,0.0,CURRENT,0.0,0.0,NONE,,AUTO_ACCEPT,0.0
LN104943,2025-12,0.0,0.0,0.0,0.0,CURRENT,0.0,0.0,NONE,,AUTO_ACCEPT,0.0
LN101624,2025-12,0.0,0.0,0.0,0.0,CURRENT,0.0,0.0,NONE,,AUTO_ACCEPT,0.0
LN106950,2025-12,0.0,0.0,0.0,0.0,CURRENT,0.0,0.0,NONE,,AUTO_ACCEPT,0.0
LN101602,2025-12,0.0,0.0,0.0,0.0,CURRENT,0.0,0.0,NONE,,AUTO_ACCEPT,0.0
LN101617,2025-12,0.0,0.0,0.0,0.0,CURRENT,0.0,0.0,NONE,,AUTO_ACCEPT,0.0
LN106951,2025-12,0.0,0.0,0.0,0.0,CURRENT,0.0,0.0,NONE,,AUTO_ACCEPT,0.0
LN101607,2025-12,0.0,0.0,0.0,0.0,CURRENT,0.0,0.0,NONE,,AUTO_ACCEPT,0.0
LN104931,2025-12,0.0,0.0,0.0,0.0,CURRENT,0.0,0.0,NONE,,AUTO_ACCEPT,0.0
LN106964,2025-12,0.0,0.0,0.0,0.0,CURRENT,0.0,0.0,NONE,,AUTO_ACCEPT,0.0
LN103194,2025-12,0.0,0.0,0.0,0.0,CURRENT,0.0,0.0,NONE,,AUTO_ACCEPT,0.0
LN106965,2025-12,0.0,0.0,0.0,0.0,CURRENT,0.0,0.0,NONE,,AUTO_ACCEPT,0.0
LN101606,2025-12,0.0,0.0,0.0,0.0,CURRENT,0.0,0.0,NONE,,AUTO_ACCEPT,0.0
LN106963,2025-12,0.0,0.0,0.0,0.0,CURRENT,0.0,0.0,NONE,,AUTO_ACCEPT,0.0
LN104930,2025-12,0.0,0.0,0.0,0.0,CURRENT,0.0,0.0,NONE,,AUTO_ACCEPT,0.0
LN101605,2025-12,0.0,0.0,0.0,0.0,CURRENT,0.0,0.0,NONE,,AUTO_ACCEPT,0.0
LN106967,2025-12,0.0,0.0,0.0,0.0,CURRENT,0.0,0.0,NONE,,AUTO_ACCEPT,0.0
LN103196,2025-12,0.0,0.0,0.0,0.0,CURRENT,0.0,0.0,NONE,,AUTO_ACCEPT,0.0
LN101603,2025-12,0.0,0.0,0.0,0.0,CURRENT,0.0,0.0,NONE,,AUTO_ACCEPT,0.0
LN104929,2025-12,0.0,0.0,0.0,0.0,CURRENT,0.0,0.0,NONE,,AUTO_ACCEPT,0.0
LN106968,2025-12,0.0,0.0,0.0,0.0,CURRENT,0.0,0.0,NONE,,AUTO_ACCEPT,0.0
LN106966,2025-12,0.0,0.0,0.0,0.0,CURRENT,0.0,0.0,NONE,,AUTO_ACCEPT,0.0
LN101609,2025-12,0.0,0.0,0.0,0.0,CURRENT,0.0,0.0,NONE,,AUTO_ACCEPT,0.0
LN106962,2025-12,0.0,0.0,0.0,0.0,CURRENT,0.0,0.0,NONE,,AUTO_ACCEPT,0.0
LN104932,2025-12,0.0,0.0,0.0,0.0,CURRENT,0.0,0.0,NONE,,AUTO_ACCEPT,0.0
LN104936,2025-12,0.0,0.0,0.0,0.0,CURRENT,0.0,0.0,NONE,,AUTO_ACCEPT,0.0
LN101616,2025-12,0.0,0.0,0.0,0.0,CURRENT,0.0,0.0,NONE,,AUTO_ACCEPT,0.0
LN106953,2025-12,0.0,0.0,0.0,0.0,CURRENT,0.0,0.0,NONE,,AUTO_ACCEPT,0.0
LN103189,2025-12,0.0,0.0,0.0,0.0,CURRENT,0.0,0.0,NONE,,AUTO_ACCEPT,0.0
LN101615,2025-12,0.0,0.0,0.0,0.0,CURRENT,0.0,0.0,NONE,,AUTO_ACCEPT,0.0
LN104934,2025-12,0.0,0.0,0.0,0.0,CURRENT,0.0,0.0,NONE,,AUTO_ACCEPT,0.0
LN106955,2025-12,0.0,0.0,0.0,0.0,CURRENT,0.0,0.0,NONE,,AUTO_ACCEPT,0.0
LN101613,2025-12,0.0,0.0,0.0,0.0,CURRENT,0.0,0.0,NONE,,AUTO_ACCEPT,0.0
LN106957,2025-12,0.0,0.0,0.0,0.0,CURRENT,0.0,0.0,NONE,,AUTO_ACCEPT,0.0
LN103191,2025-12,0.0,0.0,0.0,0.0,CURRENT,0.0,0.0,NONE,,AUTO_ACCEPT,0.0
LN101612,2025-12,0.0,0.0,0.0,0.0,CURRENT,0.0,0.0,NONE,,AUTO_ACCEPT,0.0
LN104933,2025-12,0.0,0.0,0.0,0.0,CURRENT,0.0,0.0,NONE,,AUTO_ACCEPT,0.0
LN106960,2025-12,0.0,0.0,0.0,0.0,CURRENT,0.0,0.0,NONE,,AUTO_ACCEPT,0.0
LN106961,2025-12,0.0,0.0,0.0,0.0,CURRENT,0.0,0.0,NONE,,AUTO_ACCEPT,0.0
LN101611,2025-12,0.0,0.0,0.0,0.0,CURRENT,0.0,0.0,NONE,,AUTO_ACCEPT,0.0
LN103187,2025-12,0.0,0.0,0.0,0.0,CURRENT,0.0,0.0,NONE,,AUTO_ACCEPT,0.0
LN104906,2025-12,0.0,0.0,0.0,0.0,CURRENT,0.0,0.0,NONE,,AUTO_ACCEPT,0.0
LN101570,2025-12,0.0,0.0,0.0,0.0,CURRENT,0.0,0.0,NONE,,AUTO_ACCEPT,0.0
LN107008,2025-12,0.0,0.0,0.0,0.0,CURRENT,0.0,0.0,NONE,,AUTO_ACCEPT,0.0
LN107059,2025-12,0.0,0.0,0.0,0.0,CURRENT,0.0,0.0,NONE,,AUTO_ACCEPT,0.0
LN103227,2025-12,0.0,0.0,0.0,0.0,CURRENT,0.0,0.0,NONE,,AUTO_ACCEPT,0.0
LN104884,2025-12,0.0,0.0,0.0,0.0,CURRENT,0.0,0.0,NONE,,AUTO_ACCEPT,0.0
LN107060,2025-12,0.0,0.0,0.0,0.0,CURRENT,0.0,0.0,NONE,,AUTO_ACCEPT,0.0
LN101529,2025-12,0.0,0.0,0.0,0.0,CURRENT,0.0,0.0,NONE,,AUTO_ACCEPT,0.0
LN107061,2025-12,0.0,0.0,0.0,0.0,CURRENT,0.0,0.0,NONE,,AUTO_ACCEPT,0.0
LN101530,2025-12,0.0,0.0,0.0,0.0,CURRENT,0.0,0.0,NONE,,AUTO_ACCEPT,0.0
LN101527,2025-12,0.0,0.0,0.0,0.0,CURRENT,0.0,0.0,NONE,,AUTO_ACCEPT,0.0
LN107062,2025-12,0.0,0.0,0.0,0.0,CURRENT,0.0,0.0,NONE,,AUTO_ACCEPT,0.0
LN101525,2025-12,0.0,0.0,0.0,0.0,CURRENT,0.0,0.0,NONE,,AUTO_ACCEPT,0.0
LN107065,2025-12,0.0,0.0,0.0,0.0,CURRENT,0.0,0.0,NONE,,AUTO_ACCEPT,0.0
LN104881,2025-12,0.0,0.0,0.0,0.0,CURRENT,0.0,0.0,NONE,,AUTO_ACCEPT,0.0
LN107066,2025-12,0.0,0.0,0.0,0.0,CURRENT,0.0,0.0,NONE,,AUTO_ACCEPT,0.0
LN101523,2025-12,0.0,0.0,0.0,0.0,CURRENT,0.0,0.0,NONE,,AUTO_ACCEPT,0.0
LN104882,2025-12,0.0,0.0,0.0,0.0,CURRENT,0.0,0.0,NONE,,AUTO_ACCEPT,0.0
LN107058,2025-12,0.0,0.0,0.0,0.0,CURRENT,0.0,0.0,NONE,,AUTO_ACCEPT,0.0
LN101531,2025-12,0.0,0.0,0.0,0.0,CURRENT,0.0,0.0,NONE,,AUTO_ACCEPT,0.0
LN104886,2025-12,0.0,0.0,0.0,0.0,CURRENT,0.0,0.0,NONE,,AUTO_ACCEPT,0.0
LN104889,2025-12,0.0,0.0,0.0,0.0,CURRENT,0.0,0.0,NONE,,AUTO_ACCEPT,0.0
LN107050,2025-12,0.0,0.0,0.0,0.0,CURRENT,0.0,0.0,NONE,,AUTO_ACCEPT,0.0
LN101537,2025-12,0.0,0.0,0.0,0.0,CURRENT,0.0,0.0,NONE,,AUTO_ACCEPT,0.0
LN107051,2025-12,0.0,0.0,0.0,0.0,CURRENT,0.0,0.0,NONE,,AUTO_ACCEPT,0.0
LN104888,2025-12,0.0,0.0,0.0,0.0,CURRENT,0.0,0.0,NONE,,AUTO_ACCEPT,0.0
LN101534,2025-12,0.0,0.0,0.0,0.0,CURRENT,0.0,0.0,NONE,,AUTO_ACCEPT,0.0
LN107052,2025-12,0.0,0.0,0.0,0.0,CURRENT,0.0,0.0,NONE,,AUTO_ACCEPT,0.0
LN103223,2025-12,0.0,0.0,0.0,0.0,CURRENT,0.0,0.0,NONE,,AUTO_ACCEPT,0.0
LN101533,2025-12,0.0,0.0,0.0,0.0,CURRENT,0.0,0.0,NONE,,AUTO_ACCEPT,0.0
LN107054,2025-12,0.0,0.0,0.0,0.0,CURRENT,0.0,0.0,NONE,,AUTO_ACCEPT,0.0
LN104887,2025-12,0.0,0.0,0.0,0.0,CURRENT,0.0,0.0,NONE,,AUTO_ACCEPT,0.0
LN107056,2025-12,0.0,0.0,0.0,0.0,CURRENT,0.0,0.0,NONE,,AUTO_ACCEPT,0.0
LN101532,2025-12,0.0,0.0,0.0,0.0,CURRENT,0.0,0.0,NONE,,AUTO_ACCEPT,0.0
LN103225,2025-12,0.0,0.0,0.0,0.0,CURRENT,0.0,0.0,NONE,,AUTO_ACCEPT,0.0
LN107057,2025-12,0.0,0.0,0.0,0.0,CURRENT,0.0,0.0,NONE,,AUTO_ACCEPT,0.0
LN103231,2025-12,0.0,0.0,0.0,0.0,CURRENT,0.0,0.0,NONE,,AUTO_ACCEPT,0.0
LN107049,2025-12,0.0,0.0,0.0,0.0,CURRENT,0.0,0.0,NONE,,AUTO_ACCEPT,0.0
LN107067,2025-12,0.0,0.0,0.0,0.0,CURRENT,0.0,0.0,NONE,,AUTO_ACCEPT,0.0
LN104880,2025-12,0.0,0.0,0.0,0.0,CURRENT,0.0,0.0,NONE,,AUTO_ACCEPT,0.0
LN107078,2025-12,0.0,0.0,0.0,0.0,CURRENT,0.0,0.0,NONE,,AUTO_ACCEPT,0.0
LN104875,2025-12,0.0,0.0,0.0,0.0,CURRENT,0.0,0.0,NONE,,AUTO_ACCEPT,0.0
LN101509,2025-12,0.0,0.0,0.0,0.0,CURRENT,0.0,0.0,NONE,,AUTO_ACCEPT,0.0
LN107080,2025-12,0.0,0.0,0.0,0.0,CURRENT,0.0,0.0,NONE,,AUTO_ACCEPT,0.0
LN103236,2025-12,0.0,0.0,0.0,0.0,CURRENT,0.0,0.0,NONE,,AUTO_ACCEPT,0.0
LN104874,2025-12,0.0,0.0,0.0,0.0,CURRENT,0.0,0.0,NONE,,AUTO_ACCEPT,0.0
LN101511,2025-12,0.0,0.0,0.0,0.0,CURRENT,0.0,0.0,NONE,,AUTO_ACCEPT,0.0
LN107081,2025-12,0.0,0.0,0.0,0.0,CURRENT,0.0,0.0,NONE,,AUTO_ACCEPT,0.0
LN107082,2025-12,0.0,0.0,0.0,0.0,CURRENT,0.0,0.0,NONE,,AUTO_ACCEPT,0.0
LN101507,2025-12,0.0,0.0,0.0,0.0,CURRENT,0.0,0.0,NONE,,AUTO_ACCEPT,0.0
LN107083,2025-12,0.0,0.0,0.0,0.0,CURRENT,0.0,0.0,NONE,,AUTO_ACCEPT,0.0
LN103238,2025-12,0.0,0.0,0.0,0.0,CURRENT,0.0,0.0,NONE,,AUTO_ACCEPT,0.0
LN104873,2025-12,0.0,0.0,0.0,0.0,CURRENT,0.0,0.0,NONE,,AUTO_ACCEPT,0.0
LN101506,2025-12,0.0,0.0,0.0,0.0,CURRENT,0.0,0.0,NONE,,AUTO_ACCEPT,0.0
LN101508,2025-12,0.0,0.0,0.0,0.0,CURRENT,0.0,0.0,NONE,,AUTO_ACCEPT,0.0
LN103235,2025-12,0.0,0.0,0.0,0.0,CURRENT,0.0,0.0,NONE,,AUTO_ACCEPT,0.0
LN107076,2025-12,0.0,0.0,0.0,0.0,CURRENT,0.0,0.0,NONE,,AUTO_ACCEPT,0.0
LN101513,2025-12,0.0,0.0,0.0,0.0,CURRENT,0.0,0.0,NONE,,AUTO_ACCEPT,0.0
LN107068,2025-12,0.0,0.0,0.0,0.0,CURRENT,0.0,0.0,NONE,,AUTO_ACCEPT,0.0
LN101521,2025-12,0.0,0.0,0.0,0.0,CURRENT,0.0,0.0,NONE,,AUTO_ACCEPT,0.0
LN107069,2025-12,0.0,0.0,0.0,0.0,CURRENT,0.0,0.0,NONE,,AUTO_ACCEPT,0.0
LN103232,2025-12,0.0,0.0,0.0,0.0,CURRENT,0.0,0.0,NONE,,AUTO_ACCEPT,0.0
LN104878,2025-12,0.0,0.0,0.0,0.0,CURRENT,0.0,0.0,NONE,,AUTO_ACCEPT,0.0
LN107071,2025-12,0.0,0.0,0.0,0.0,CURRENT,0.0,0.0,NONE,,AUTO_ACCEPT,0.0
LN101519,2025-12,0.0,0.0,0.0,0.0,CURRENT,0.0,0.0,NONE,,AUTO_ACCEPT,0.0
LN107072,2025-12,0.0,0.0,0.0,0.0,CURRENT,0.0,0.0,NONE,,AUTO_ACCEPT,0.0
LN101518,2025-12,0.0,0.0,0.0,0.0,CURRENT,0.0,0.0,NONE,,AUTO_ACCEPT,0.0
LN103234,2025-12,0.0,0.0,0.0,0.0,CURRENT,0.0,0.0,NONE,,AUTO_ACCEPT,0.0
LN107073,2025-12,0.0,0.0,0.0,0.0,CURRENT,0.0,0.0,NONE,,AUTO_ACCEPT,0.0
LN104877,2025-12,0.0,0.0,0.0,0.0,CURRENT,0.0,0.0,NONE,,AUTO_ACCEPT,0.0
LN101517,2025-12,0.0,0.0,0.0,0.0,CURRENT,0.0,0.0,NONE,,AUTO_ACCEPT,0.0
LN107074,2025-12,0.0,0.0,0.0,0.0,CURRENT,0.0,0.0,NONE,,AUTO_ACCEPT,0.0
LN104876,2025-12,0.0,0.0,0.0,0.0,CURRENT,0.0,0.0,NONE,,AUTO_ACCEPT,0.0
LN101522,2025-12,0.0,0.0,0.0,0.0,CURRENT,0.0,0.0,NONE,,AUTO_ACCEPT,0.0
LN103222,2025-12,0.0,0.0,0.0,0.0,CURRENT,0.0,0.0,NONE,,AUTO_ACCEPT,0.0
LN101538,2025-12,0.0,0.0,0.0,0.0,CURRENT,0.0,0.0,NONE,,AUTO_ACCEPT,0.0
LN101539,2025-12,0.0,0.0,0.0,0.0,CURRENT,0.0,0.0,NONE,,AUTO_ACCEPT,0.0
LN107017,2025-12,0.0,0.0,0.0,0.0,CURRENT,0.0,0.0,NONE,,AUTO_ACCEPT,0.0
LN101562,2025-12,0.0,0.0,0.0,0.0,CURRENT,0.0,0.0,NONE,,AUTO_ACCEPT,0.0
LN107020,2025-12,0.0,0.0,0.0,0.0,CURRENT,0.0,0.0,NONE,,AUTO_ACCEPT,0.0
LN103214,2025-12,0.0,0.0,0.0,0.0,CURRENT,0.0,0.0,NONE,,AUTO_ACCEPT,0.0
LN104901,2025-12,0.0,0.0,0.0,0.0,CURRENT,0.0,0.0,NONE,,AUTO_ACCEPT,0.0
LN107021,2025-12,0.0,0.0,0.0,0.0,CURRENT,0.0,0.0,NONE,,AUTO_ACCEPT,0.0
LN104902,2025-12,0.0,0.0,0.0,0.0,CURRENT,0.0,0.0,NONE,,AUTO_ACCEPT,0.0
LN101561,2025-12,0.0,0.0,0.0,0.0,CURRENT,0.0,0.0,NONE,,AUTO_ACCEPT,0.0
LN107024,2025-12,0.0,0.0,0.0,0.0,CURRENT,0.0,0.0,NONE,,AUTO_ACCEPT,0.0
LN104900,2025-12,0.0,0.0,0.0,0.0,CURRENT,0.0,0.0,NONE,,AUTO_ACCEPT,0.0
LN107025,2025-12,0.0,0.0,0.0,0.0,CURRENT,0.0,0.0,NONE,,AUTO_ACCEPT,0.0
LN101559,2025-12,0.0,0.0,0.0,0.0,CURRENT,0.0,0.0,NONE,,AUTO_ACCEPT,0.0
LN103215,2025-12,0.0,0.0,0.0,0.0,CURRENT,0.0,0.0,NONE,,AUTO_ACCEPT,0.0
LN107026,2025-12,0.0,0.0,0.0,0.0,CURRENT,0.0,0.0,NONE,,AUTO_ACCEPT,0.0
LN101560,2025-12,0.0,0.0,0.0,0.0,CURRENT,0.0,0.0,NONE,,AUTO_ACCEPT,0.0
LN101563,2025-12,0.0,0.0,0.0,0.0,CURRENT,0.0,0.0,NONE,,AUTO_ACCEPT,0.0
LN103213,2025-12,0.0,0.0,0.0,0.0,CURRENT,0.0,0.0,NONE,,AUTO_ACCEPT,0.0
LN107016,2025-12,0.0,0.0,0.0,0.0,CURRENT,0.0,0.0,NONE,,AUTO_ACCEPT,0.0
LN103211,2025-12,0.0,0.0,0.0,0.0,CURRENT,0.0,0.0,NONE,,AUTO_ACCEPT,0.0
LN107009,2025-12,0.0,0.0,0.0,0.0,CURRENT,0.0,0.0,NONE,,AUTO_ACCEPT,0.0
LN101569,2025-12,0.0,0.0,0.0,0.0,CURRENT,0.0,0.0,NONE,,AUTO_ACCEPT,0.0
LN104905,2025-12,0.0,0.0,0.0,0.0,CURRENT,0.0,0.0,NONE,,AUTO_ACCEPT,0.0
LN107011,2025-12,0.0,0.0,0.0,0.0,CURRENT,0.0,0.0,NONE,,AUTO_ACCEPT,0.0
LN101568,2025-12,0.0,0.0,0.0,0.0,CURRENT,0.0,0.0,NONE,,AUTO_ACCEPT,0.0
LN101567,2025-12,0.0,0.0,0.0,0.0,CURRENT,0.0,0.0,NONE,,AUTO_ACCEPT,0.0
LN104904,2025-12,0.0,0.0,0.0,0.0,CURRENT,0.0,0.0,NONE,,AUTO_ACCEPT,0.0
LN107013,2025-12,0.0,0.0,0.0,0.0,CURRENT,0.0,0.0,NONE,,AUTO_ACCEPT,0.0
LN101566,2025-12,0.0,0.0,0.0,0.0,CURRENT,0.0,0.0,NONE,,AUTO_ACCEPT,0.0
LN103212,2025-12,0.0,0.0,0.0,0.0,CURRENT,0.0,0.0,NONE,,AUTO_ACCEPT,0.0
LN107014,2025-12,0.0,0.0,0.0,0.0,CURRENT,0.0,0.0,NONE,,AUTO_ACCEPT,0.0
LN104903,2025-12,0.0,0.0,0.0,0.0,CURRENT,0.0,0.0,NONE,,AUTO_ACCEPT,0.0
LN107015,2025-12,0.0,0.0,0.0,0.0,CURRENT,0.0,0.0,NONE,,AUTO_ACCEPT,0.0
LN101565,2025-12,0.0,0.0,0.0,0.0,CURRENT,0.0,0.0,NONE,,AUTO_ACCEPT,0.0
LN101558,2025-12,0.0,0.0,0.0,0.0,CURRENT,0.0,0.0,NONE,,AUTO_ACCEPT,0.0
LN104899,2025-12,0.0,0.0,0.0,0.0,CURRENT,0.0,0.0,NONE,,AUTO_ACCEPT,0.0
LN107028,2025-12,0.0,0.0,0.0,0.0,CURRENT,0.0,0.0,NONE,,AUTO_ACCEPT,0.0
LN101557,2025-12,0.0,0.0,0.0,0.0,CURRENT,0.0,0.0,NONE,,AUTO_ACCEPT,0.0
LN107039,2025-12,0.0,0.0,0.0,0.0,CURRENT,0.0,0.0,NONE,,AUTO_ACCEPT,0.0
LN101544,2025-12,0.0,0.0,0.0,0.0,CURRENT,0.0,0.0,NONE,,AUTO_ACCEPT,0.0
LN104892,2025-12,0.0,0.0,0.0,0.0,CURRENT,0.0,0.0,NONE,,AUTO_ACCEPT,0.0
LN107040,2025-12,0.0,0.0,0.0,0.0,CURRENT,0.0,0.0,NONE,,AUTO_ACCEPT,0.0
LN103220,2025-12,0.0,0.0,0.0,0.0,CURRENT,0.0,0.0,NONE,,AUTO_ACCEPT,0.0
LN107042,2025-12,0.0,0.0,0.0,0.0,CURRENT,0.0,0.0,NONE,,AUTO_ACCEPT,0.0
LN101543,2025-12,0.0,0.0,0.0,0.0,CURRENT,0.0,0.0,NONE,,AUTO_ACCEPT,0.0
LN104891,2025-12,0.0,0.0,0.0,0.0,CURRENT,0.0,0.0,NONE,,AUTO_ACCEPT,0.0
LN101542,2025-12,0.0,0.0,0.0,0.0,CURRENT,0.0,0.0,NONE,,AUTO_ACCEPT,0.0
LN107045,2025-12,0.0,0.0,0.0,0.0,CURRENT,0.0,0.0,NONE,,AUTO_ACCEPT,0.0
LN101540,2025-12,0.0,0.0,0.0,0.0,CURRENT,0.0,0.0,NONE,,AUTO_ACCEPT,0.0
LN103221,2025-12,0.0,0.0,0.0,0.0,CURRENT,0.0,0.0,NONE,,AUTO_ACCEPT,0.0
LN107046,2025-12,0.0,0.0,0.0,0.0,CURRENT,0.0,0.0,NONE,,AUTO_ACCEPT,0.0
LN104890,2025-12,0.0,0.0,0.0,0.0,CURRENT,0.0,0.0,NONE,,AUTO_ACCEPT,0.0
LN107047,2025-12,0.0,0.0,0.0,0.0,CURRENT,0.0,0.0,NONE,,AUTO_ACCEPT,0.0
LN101551,2025-12,0.0,0.0,0.0,0.0,CURRENT,0.0,0.0,NONE,,AUTO_ACCEPT,0.0
LN106933,2025-12,0.0,0.0,0.0,0.0,CURRENT,0.0,0.0,NONE,,AUTO_ACCEPT,0.0
LN107038,2025-12,0.0,0.0,0.0,0.0,CURRENT,0.0,0.0,NONE,,AUTO_ACCEPT,0.0
LN101552,2025-12,0.0,0.0,0.0,0.0,CURRENT,0.0,0.0,NONE,,AUTO_ACCEPT,0.0
LN107029,2025-12,0.0,0.0,0.0,0.0,CURRENT,0.0,0.0,NONE,,AUTO_ACCEPT,0.0
LN103216,2025-12,0.0,0.0,0.0,0.0,CURRENT,0.0,0.0,NONE,,AUTO_ACCEPT,0.0
LN104898,2025-12,0.0,0.0,0.0,0.0,CURRENT,0.0,0.0,NONE,,AUTO_ACCEPT,0.0
LN101556,2025-12,0.0,0.0,0.0,0.0,CURRENT,0.0,0.0,NONE,,AUTO_ACCEPT,0.0
LN107032,2025-12,0.0,0.0,0.0,0.0,CURRENT,0.0,0.0,NONE,,AUTO_ACCEPT,0.0
LN101555,2025-12,0.0,0.0,0.0,0.0,CURRENT,0.0,0.0,NONE,,AUTO_ACCEPT,0.0
LN103217,2025-12,0.0,0.0,0.0,0.0,CURRENT,0.0,0.0,NONE,,AUTO_ACCEPT,0.0
LN104897,2025-12,0.0,0.0,0.0,0.0,CURRENT,0.0,0.0,NONE,,AUTO_ACCEPT,0.0
LN107033,2025-12,0.0,0.0,0.0,0.0,CURRENT,0.0,0.0,NONE,,AUTO_ACCEPT,0.0
LN101554,2025-12,0.0,0.0,0.0,0.0,CURRENT,0.0,0.0,NONE,,AUTO_ACCEPT,0.0
LN101553,2025-12,0.0,0.0,0.0,0.0,CURRENT,0.0,0.0,NONE,,AUTO_ACCEPT,0.0
LN104894,2025-12,0.0,0.0,0.0,0.0,CURRENT,0.0,0.0,NONE,,AUTO_ACCEPT,0.0
LN107035,2025-12,0.0,0.0,0.0,0.0,CURRENT,0.0,0.0,NONE,,AUTO_ACCEPT,0.0
LN103218,2025-12,0.0,0.0,0.0,0.0,CURRENT,0.0,0.0,NONE,,AUTO_ACCEPT,0.0
LN107036,2025-12,0.0,0.0,0.0,0.0,CURRENT,0.0,0.0,NONE,,AUTO_ACCEPT,0.0
LN104893,2025-12,0.0,0.0,0.0,0.0,CURRENT,0.0,0.0,NONE,,AUTO_ACCEPT,0.0
LN107084,2025-12,0.0,0.0,0.0,0.0,CURRENT,0.0,0.0,NONE,,AUTO_ACCEPT,0.0
LN104946,2025-12,0.0,0.0,0.0,0.0,CURRENT,0.0,0.0,NONE,,AUTO_ACCEPT,0.0
LN103180,2025-12,0.0,0.0,0.0,0.0,CURRENT,0.0,0.0,NONE,,AUTO_ACCEPT,0.0
LN101717,2025-12,0.0,0.0,0.0,0.0,CURRENT,0.0,0.0,NONE,,AUTO_ACCEPT,0.0
LN103147,2025-12,0.0,0.0,0.0,0.0,CURRENT,0.0,0.0,NONE,,AUTO_ACCEPT,0.0
LN106831,2025-12,0.0,0.0,0.0,0.0,CURRENT,0.0,0.0,NONE,,AUTO_ACCEPT,0.0
LN104999,2025-12,0.0,0.0,0.0,0.0,CURRENT,0.0,0.0,NONE,,AUTO_ACCEPT,0.0
LN101715,2025-12,0.0,0.0,0.0,0.0,CURRENT,0.0,0.0,NONE,,AUTO_ACCEPT,0.0
LN106832,2025-12,0.0,0.0,0.0,0.0,CURRENT,0.0,0.0,NONE,,AUTO_ACCEPT,0.0
LN106830,2025-12,0.0,0.0,0.0,0.0,CURRENT,0.0,0.0,NONE,,AUTO_ACCEPT,0.0
LN101713,2025-12,0.0,0.0,0.0,0.0,CURRENT,0.0,0.0,NONE,,AUTO_ACCEPT,0.0
LN103148,2025-12,0.0,0.0,0.0,0.0,CURRENT,0.0,0.0,NONE,,AUTO_ACCEPT,0.0
LN106834,2025-12,0.0,0.0,0.0,0.0,CURRENT,0.0,0.0,NONE,,AUTO_ACCEPT,0.0
LN101712,2025-12,0.0,0.0,0.0,0.0,CURRENT,0.0,0.0,NONE,,AUTO_ACCEPT,0.0
LN106835,2025-12,0.0,0.0,0.0,0.0,CURRENT,0.0,0.0,NONE,,AUTO_ACCEPT,0.0
LN101711,2025-12,0.0,0.0,0.0,0.0,CURRENT,0.0,0.0,NONE,,AUTO_ACCEPT,0.0
LN103149,2025-12,0.0,0.0,0.0,0.0,CURRENT,0.0,0.0,NONE,,AUTO_ACCEPT,0.0
LN106833,2025-12,0.0,0.0,0.0,0.0,CURRENT,0.0,0.0,NONE,,AUTO_ACCEPT,0.0
LN105000,2025-12,0.0,0.0,0.0,0.0,CURRENT,0.0,0.0,NONE,,AUTO_ACCEPT,0.0
LN106828,2025-12,0.0,0.0,0.0,0.0,CURRENT,0.0,0.0,NONE,,AUTO_ACCEPT,0.0
LN101719,2025-12,0.0,0.0,0.0,0.0,CURRENT,0.0,0.0,NONE,,AUTO_ACCEPT,0.0
LN103143,2025-12,0.0,0.0,0.0,0.0,CURRENT,0.0,0.0,NONE,,AUTO_ACCEPT,0.0
LN105003,2025-12,0.0,0.0,0.0,0.0,CURRENT,0.0,0.0,NONE,,AUTO_ACCEPT,0.0
LN106822,2025-12,0.0,0.0,0.0,0.0,CURRENT,0.0,0.0,NONE,,AUTO_ACCEPT,0.0
LN101724,2025-12,0.0,0.0,0.0,0.0,CURRENT,0.0,0.0,NONE,,AUTO_ACCEPT,0.0
LN106823,2025-12,0.0,0.0,0.0,0.0,CURRENT,0.0,0.0,NONE,,AUTO_ACCEPT,0.0
LN101723,2025-12,0.0,0.0,0.0,0.0,CURRENT,0.0,0.0,NONE,,AUTO_ACCEPT,0.0
LN103145,2025-12,0.0,0.0,0.0,0.0,CURRENT,0.0,0.0,NONE,,AUTO_ACCEPT,0.0
LN106824,2025-12,0.0,0.0,0.0,0.0,CURRENT,0.0,0.0,NONE,,AUTO_ACCEPT,0.0
LN105002,2025-12,0.0,0.0,0.0,0.0,CURRENT,0.0,0.0,NONE,,AUTO_ACCEPT,0.0
LN106825,2025-12,0.0,0.0,0.0,0.0,CURRENT,0.0,0.0,NONE,,AUTO_ACCEPT,0.0
LN101722,2025-12,0.0,0.0,0.0,0.0,CURRENT,0.0,0.0,NONE,,AUTO_ACCEPT,0.0
LN106826,2025-12,0.0,0.0,0.0,0.0,CURRENT,0.0,0.0,NONE,,AUTO_ACCEPT,0.0
LN105001,2025-12,0.0,0.0,0.0,0.0,CURRENT,0.0,0.0,NONE,,AUTO_ACCEPT,0.0
LN101721,2025-12,0.0,0.0,0.0,0.0,CURRENT,0.0,0.0,NONE,,AUTO_ACCEPT,0.0
LN103146,2025-12,0.0,0.0,0.0,0.0,CURRENT,0.0,0.0,NONE,,AUTO_ACCEPT,0.0
LN106836,2025-12,0.0,0.0,0.0,0.0,CURRENT,0.0,0.0,NONE,,AUTO_ACCEPT,0.0
LN101726,2025-12,0.0,0.0,0.0,0.0,CURRENT,0.0,0.0,NONE,,AUTO_ACCEPT,0.0
LN104993,2025-12,0.0,0.0,0.0,0.0,CURRENT,0.0,0.0,NONE,,AUTO_ACCEPT,0.0
LN106837,2025-12,0.0,0.0,0.0,0.0,CURRENT,0.0,0.0,NONE,,AUTO_ACCEPT,0.0
LN106849,2025-12,0.0,0.0,0.0,0.0,CURRENT,0.0,0.0,NONE,,AUTO_ACCEPT,0.0
LN101698,2025-12,0.0,0.0,0.0,0.0,CURRENT,0.0,0.0,NONE,,AUTO_ACCEPT,0.0
LN106851,2025-12,0.0,0.0,0.0,0.0,CURRENT,0.0,0.0,NONE,,AUTO_ACCEPT,0.0
LN103154,2025-12,0.0,0.0,0.0,0.0,CURRENT,0.0,0.0,NONE,,AUTO_ACCEPT,0.0
LN104988,2025-12,0.0,0.0,0.0,0.0,CURRENT,0.0,0.0,NONE,,AUTO_ACCEPT,0.0
LN101696,2025-12,0.0,0.0,0.0,0.0,CURRENT,0.0,0.0,NONE,,AUTO_ACCEPT,0.0
LN104989,2025-12,0.0,0.0,0.0,0.0,CURRENT,0.0,0.0,NONE,,AUTO_ACCEPT,0.0
LN106852,2025-12,0.0,0.0,0.0,0.0,CURRENT,0.0,0.0,NONE,,AUTO_ACCEPT,0.0
LN101695,2025-12,0.0,0.0,0.0,0.0,CURRENT,0.0,0.0,NONE,,AUTO_ACCEPT,0.0
LN103155,2025-12,0.0,0.0,0.0,0.0,CURRENT,0.0,0.0,NONE,,AUTO_ACCEPT,0.0
LN104987,2025-12,0.0,0.0,0.0,0.0,CURRENT,0.0,0.0,NONE,,AUTO_ACCEPT,0.0
LN106855,2025-12,0.0,0.0,0.0,0.0,CURRENT,0.0,0.0,NONE,,AUTO_ACCEPT,0.0
LN101693,2025-12,0.0,0.0,0.0,0.0,CURRENT,0.0,0.0,NONE,,AUTO_ACCEPT,0.0
LN106856,2025-12,0.0,0.0,0.0,0.0,CURRENT,0.0,0.0,NONE,,AUTO_ACCEPT,0.0
LN106854,2025-12,0.0,0.0,0.0,0.0,CURRENT,0.0,0.0,NONE,,AUTO_ACCEPT,0.0
LN101699,2025-12,0.0,0.0,0.0,0.0,CURRENT,0.0,0.0,NONE,,AUTO_ACCEPT,0.0
LN103153,2025-12,0.0,0.0,0.0,0.0,CURRENT,0.0,0.0,NONE,,AUTO_ACCEPT,0.0
LN106848,2025-12,0.0,0.0,0.0,0.0,CURRENT,0.0,0.0,NONE,,AUTO_ACCEPT,0.0
LN101708,2025-12,0.0,0.0,0.0,0.0,CURRENT,0.0,0.0,NONE,,AUTO_ACCEPT,0.0
LN103150,2025-12,0.0,0.0,0.0,0.0,CURRENT,0.0,0.0,NONE,,AUTO_ACCEPT,0.0
LN106841,2025-12,0.0,0.0,0.0,0.0,CURRENT,0.0,0.0,NONE,,AUTO_ACCEPT,0.0
LN104992,2025-12,0.0,0.0,0.0,0.0,CURRENT,0.0,0.0,NONE,,AUTO_ACCEPT,0.0
LN101706,2025-12,0.0,0.0,0.0,0.0,CURRENT,0.0,0.0,NONE,,AUTO_ACCEPT,0.0
LN106843,2025-12,0.0,0.0,0.0,0.0,CURRENT,0.0,0.0,NONE,,AUTO_ACCEPT,0.0
LN103151,2025-12,0.0,0.0,0.0,0.0,CURRENT,0.0,0.0,NONE,,AUTO_ACCEPT,0.0
LN101704,2025-12,0.0,0.0,0.0,0.0,CURRENT,0.0,0.0,NONE,,AUTO_ACCEPT,0.0
LN104991,2025-12,0.0,0.0,0.0,0.0,CURRENT,0.0,0.0,NONE,,AUTO_ACCEPT,0.0
LN106844,2025-12,0.0,0.0,0.0,0.0,CURRENT,0.0,0.0,NONE,,AUTO_ACCEPT,0.0
LN106845,2025-12,0.0,0.0,0.0,0.0,CURRENT,0.0,0.0,NONE,,AUTO_ACCEPT,0.0
LN101703,2025-12,0.0,0.0,0.0,0.0,CURRENT,0.0,0.0,NONE,,AUTO_ACCEPT,0.0
LN104990,2025-12,0.0,0.0,0.0,0.0,CURRENT,0.0,0.0,NONE,,AUTO_ACCEPT,0.0
LN106847,2025-12,0.0,0.0,0.0,0.0,CURRENT,0.0,0.0,NONE,,AUTO_ACCEPT,0.0
LN101700,2025-12,0.0,0.0,0.0,0.0,CURRENT,0.0,0.0,NONE,,AUTO_ACCEPT,0.0
LN101709,2025-12,0.0,0.0,0.0,0.0,CURRENT,0.0,0.0,NONE,,AUTO_ACCEPT,0.0
LN101691,2025-12,0.0,0.0,0.0,0.0,CURRENT,0.0,0.0,NONE,,AUTO_ACCEPT,0.0
LN106821,2025-12,0.0,0.0,0.0,0.0,CURRENT,0.0,0.0,NONE,,AUTO_ACCEPT,0.0
LN105004,2025-12,0.0,0.0,0.0,0.0,CURRENT,0.0,0.0,NONE,,AUTO_ACCEPT,0.0
LN106795,2025-12,0.0,0.0,0.0,0.0,CURRENT,0.0,0.0,NONE,,AUTO_ACCEPT,0.0
LN105014,2025-12,0.0,0.0,0.0,0.0,CURRENT,0.0,0.0,NONE,,AUTO_ACCEPT,0.0
LN106796,2025-12,0.0,0.0,0.0,0.0,CURRENT,0.0,0.0,NONE,,AUTO_ACCEPT,0.0
LN101744,2025-12,0.0,0.0,0.0,0.0,CURRENT,0.0,0.0,NONE,,AUTO_ACCEPT,0.0
LN106798,2025-12,0.0,0.0,0.0,0.0,CURRENT,0.0,0.0,NONE,,AUTO_ACCEPT,0.0
LN105013,2025-12,0.0,0.0,0.0,0.0,CURRENT,0.0,0.0,NONE,,AUTO_ACCEPT,0.0
LN103127,2025-12,0.0,0.0,0.0,0.0,CURRENT,0.0,0.0,NONE,,AUTO_ACCEPT,0.0
LN101742,2025-12,0.0,0.0,0.0,0.0,CURRENT,0.0,0.0,NONE,,AUTO_ACCEPT,0.0
LN103129,2025-12,0.0,0.0,0.0,0.0,CURRENT,0.0,0.0,NONE,,AUTO_ACCEPT,0.0
LN101741,2025-12,0.0,0.0,0.0,0.0,CURRENT,0.0,0.0,NONE,,AUTO_ACCEPT,0.0
LN106800,2025-12,0.0,0.0,0.0,0.0,CURRENT,0.0,0.0,NONE,,AUTO_ACCEPT,0.0
LN105012,2025-12,0.0,0.0,0.0,0.0,CURRENT,0.0,0.0,NONE,,AUTO_ACCEPT,0.0
LN106801,2025-12,0.0,0.0,0.0,0.0,CURRENT,0.0,0.0,NONE,,AUTO_ACCEPT,0.0
LN101740,2025-12,0.0,0.0,0.0,0.0,CURRENT,0.0,0.0,NONE,,AUTO_ACCEPT,0.0
LN106799,2025-12,0.0,0.0,0.0,0.0,CURRENT,0.0,0.0,NONE,,AUTO_ACCEPT,0.0
LN101746,2025-12,0.0,0.0,0.0,0.0,CURRENT,0.0,0.0,NONE,,AUTO_ACCEPT,0.0
LN106794,2025-12,0.0,0.0,0.0,0.0,CURRENT,0.0,0.0,NONE,,AUTO_ACCEPT,0.0
LN101747,2025-12,0.0,0.0,0.0,0.0,CURRENT,0.0,0.0,NONE,,AUTO_ACCEPT,0.0
LN106788,2025-12,0.0,0.0,0.0,0.0,CURRENT,0.0,0.0,NONE,,AUTO_ACCEPT,0.0
LN101752,2025-12,0.0,0.0,0.0,0.0,CURRENT,0.0,0.0,NONE,,AUTO_ACCEPT,0.0
LN105017,2025-12,0.0,0.0,0.0,0.0,CURRENT,0.0,0.0,NONE,,AUTO_ACCEPT,0.0
LN106789,2025-12,0.0,0.0,0.0,0.0,CURRENT,0.0,0.0,NONE,,AUTO_ACCEPT,0.0
LN101751,2025-12,0.0,0.0,0.0,0.0,CURRENT,0.0,0.0,NONE,,AUTO_ACCEPT,0.0
LN106790,2025-12,0.0,0.0,0.0,0.0,CURRENT,0.0,0.0,NONE,,AUTO_ACCEPT,0.0
LN103125,2025-12,0.0,0.0,0.0,0.0,CURRENT,0.0,0.0,NONE,,AUTO_ACCEPT,0.0
LN101750,2025-12,0.0,0.0,0.0,0.0,CURRENT,0.0,0.0,NONE,,AUTO_ACCEPT,0.0
LN105016,2025-12,0.0,0.0,0.0,0.0,CURRENT,0.0,0.0,NONE,,AUTO_ACCEPT,0.0
LN106791,2025-12,0.0,0.0,0.0,0.0,CURRENT,0.0,0.0,NONE,,AUTO_ACCEPT,0.0
LN106792,2025-12,0.0,0.0,0.0,0.0,CURRENT,0.0,0.0,NONE,,AUTO_ACCEPT,0.0
LN101748,2025-12,0.0,0.0,0.0,0.0,CURRENT,0.0,0.0,NONE,,AUTO_ACCEPT,0.0
LN103126,2025-12,0.0,0.0,0.0,0.0,CURRENT,0.0,0.0,NONE,,AUTO_ACCEPT,0.0
LN105015,2025-12,0.0,0.0,0.0,0.0,CURRENT,0.0,0.0,NONE,,AUTO_ACCEPT,0.0
LN106793,2025-12,0.0,0.0,0.0,0.0,CURRENT,0.0,0.0,NONE,,AUTO_ACCEPT,0.0
LN103130,2025-12,0.0,0.0,0.0,0.0,CURRENT,0.0,0.0,NONE,,AUTO_ACCEPT,0.0
LN106820,2025-12,0.0,0.0,0.0,0.0,CURRENT,0.0,0.0,NONE,,AUTO_ACCEPT,0.0
LN106802,2025-12,0.0,0.0,0.0,0.0,CURRENT,0.0,0.0,NONE,,AUTO_ACCEPT,0.0
LN101739,2025-12,0.0,0.0,0.0,0.0,CURRENT,0.0,0.0,NONE,,AUTO_ACCEPT,0.0
LN101733,2025-12,0.0,0.0,0.0,0.0,CURRENT,0.0,0.0,NONE,,AUTO_ACCEPT,0.0
LN106814,2025-12,0.0,0.0,0.0,0.0,CURRENT,0.0,0.0,NONE,,AUTO_ACCEPT,0.0
LN103139,2025-12,0.0,0.0,0.0,0.0,CURRENT,0.0,0.0,NONE,,AUTO_ACCEPT,0.0
LN101732,2025-12,0.0,0.0,0.0,0.0,CURRENT,0.0,0.0,NONE,,AUTO_ACCEPT,0.0
LN105006,2025-12,0.0,0.0,0.0,0.0,CURRENT,0.0,0.0,NONE,,AUTO_ACCEPT,0.0
LN106815,2025-12,0.0,0.0,0.0,0.0,CURRENT,0.0,0.0,NONE,,AUTO_ACCEPT,0.0
LN103137,2025-12,0.0,0.0,0.0,0.0,CURRENT,0.0,0.0,NONE,,AUTO_ACCEPT,0.0
LN106816,2025-12,0.0,0.0,0.0,0.0,CURRENT,0.0,0.0,NONE,,AUTO_ACCEPT,0.0
LN105005,2025-12,0.0,0.0,0.0,0.0,CURRENT,0.0,0.0,NONE,,AUTO_ACCEPT,0.0
LN106818,2025-12,0.0,0.0,0.0,0.0,CURRENT,0.0,0.0,NONE,,AUTO_ACCEPT,0.0
LN101730,2025-12,0.0,0.0,0.0,0.0,CURRENT,0.0,0.0,NONE,,AUTO_ACCEPT,0.0
LN106819,2025-12,0.0,0.0,0.0,0.0,CURRENT,0.0,0.0,NONE,,AUTO_ACCEPT,0.0
LN103142,2025-12,0.0,0.0,0.0,0.0,CURRENT,0.0,0.0,NONE,,AUTO_ACCEPT,0.0
LN101727,2025-12,0.0,0.0,0.0,0.0,CURRENT,0.0,0.0,NONE,,AUTO_ACCEPT,0.0
LN101731,2025-12,0.0,0.0,0.0,0.0,CURRENT,0.0,0.0,NONE,,AUTO_ACCEPT,0.0
LN106812,2025-12,0.0,0.0,0.0,0.0,CURRENT,0.0,0.0,NONE,,AUTO_ACCEPT,0.0
LN101734,2025-12,0.0,0.0,0.0,0.0,CURRENT,0.0,0.0,NONE,,AUTO_ACCEPT,0.0
LN106811,2025-12,0.0,0.0,0.0,0.0,CURRENT,0.0,0.0,NONE,,AUTO_ACCEPT,0.0
LN106803,2025-12,0.0,0.0,0.0,0.0,CURRENT,0.0,0.0,NONE,,AUTO_ACCEPT,0.0
LN101738,2025-12,0.0,0.0,0.0,0.0,CURRENT,0.0,0.0,NONE,,AUTO_ACCEPT,0.0
LN106804,2025-12,0.0,0.0,0.0,0.0,CURRENT,0.0,0.0,NONE,,AUTO_ACCEPT,0.0
LN103133,2025-12,0.0,0.0,0.0,0.0,CURRENT,0.0,0.0,NONE,,AUTO_ACCEPT,0.0
LN105010,2025-12,0.0,0.0,0.0,0.0,CURRENT,0.0,0.0,NONE,,AUTO_ACCEPT,0.0
LN106805,2025-12,0.0,0.0,0.0,0.0,CURRENT,0.0,0.0,NONE,,AUTO_ACCEPT,0.0
LN101737,2025-12,0.0,0.0,0.0,0.0,CURRENT,0.0,0.0,NONE,,AUTO_ACCEPT,0.0
LN106807,2025-12,0.0,0.0,0.0,0.0,CURRENT,0.0,0.0,NONE,,AUTO_ACCEPT,0.0
LN101736,2025-12,0.0,0.0,0.0,0.0,CURRENT,0.0,0.0,NONE,,AUTO_ACCEPT,0.0
LN105009,2025-12,0.0,0.0,0.0,0.0,CURRENT,0.0,0.0,NONE,,AUTO_ACCEPT,0.0
LN106809,2025-12,0.0,0.0,0.0,0.0,CURRENT,0.0,0.0,NONE,,AUTO_ACCEPT,0.0
LN101735,2025-12,0.0,0.0,0.0,0.0,CURRENT,0.0,0.0,NONE,,AUTO_ACCEPT,0.0
LN103136,2025-12,0.0,0.0,0.0,0.0,CURRENT,0.0,0.0,NONE,,AUTO_ACCEPT,0.0
LN106810,2025-12,0.0,0.0,0.0,0.0,CURRENT,0.0,0.0,NONE,,AUTO_ACCEPT,0.0
LN105008,2025-12,0.0,0.0,0.0,0.0,CURRENT,0.0,0.0,NONE,,AUTO_ACCEPT,0.0
LN105011,2025-12,0.0,0.0,0.0,0.0,CURRENT,0.0,0.0,NONE,,AUTO_ACCEPT,0.0
LN104986,2025-12,0.0,0.0,0.0,0.0,CURRENT,0.0,0.0,NONE,,AUTO_ACCEPT,0.0
LN106857,2025-12,0.0,0.0,0.0,0.0,CURRENT,0.0,0.0,NONE,,AUTO_ACCEPT,0.0
LN103156,2025-12,0.0,0.0,0.0,0.0,CURRENT,0.0,0.0,NONE,,AUTO_ACCEPT,0.0
LN101653,2025-12,0.0,0.0,0.0,0.0,CURRENT,0.0,0.0,NONE,,AUTO_ACCEPT,0.0
LN106907,2025-12,0.0,0.0,0.0,0.0,CURRENT,0.0,0.0,NONE,,AUTO_ACCEPT,0.0
LN103173,2025-12,0.0,0.0,0.0,0.0,CURRENT,0.0,0.0,NONE,,AUTO_ACCEPT,0.0
LN104959,2025-12,0.0,0.0,0.0,0.0,CURRENT,0.0,0.0,NONE,,AUTO_ACCEPT,0.0
LN106908,2025-12,0.0,0.0,0.0,0.0,CURRENT,0.0,0.0,NONE,,AUTO_ACCEPT,0.0
LN101652,2025-12,0.0,0.0,0.0,0.0,CURRENT,0.0,0.0,NONE,,AUTO_ACCEPT,0.0
LN106905,2025-12,0.0,0.0,0.0,0.0,CURRENT,0.0,0.0,NONE,,AUTO_ACCEPT,0.0
LN106909,2025-12,0.0,0.0,0.0,0.0,CURRENT,0.0,0.0,NONE,,AUTO_ACCEPT,0.0
LN103174,2025-12,0.0,0.0,0.0,0.0,CURRENT,0.0,0.0,NONE,,AUTO_ACCEPT,0.0
LN106910,2025-12,0.0,0.0,0.0,0.0,CURRENT,0.0,0.0,NONE,,AUTO_ACCEPT,0.0
LN104958,2025-12,0.0,0.0,0.0,0.0,CURRENT,0.0,0.0,NONE,,AUTO_ACCEPT,0.0
LN101649,2025-12,0.0,0.0,0.0,0.0,CURRENT,0.0,0.0,NONE,,AUTO_ACCEPT,0.0
LN106911,2025-12,0.0,0.0,0.0,0.0,CURRENT,0.0,0.0,NONE,,AUTO_ACCEPT,0.0
LN104957,2025-12,0.0,0.0,0.0,0.0,CURRENT,0.0,0.0,NONE,,AUTO_ACCEPT,0.0
LN101651,2025-12,0.0,0.0,0.0,0.0,CURRENT,0.0,0.0,NONE,,AUTO_ACCEPT,0.0
LN104960,2025-12,0.0,0.0,0.0,0.0,CURRENT,0.0,0.0,NONE,,AUTO_ACCEPT,0.0
LN101655,2025-12,0.0,0.0,0.0,0.0,CURRENT,0.0,0.0,NONE,,AUTO_ACCEPT,0.0
LN106902,2025-12,0.0,0.0,0.0,0.0,CURRENT,0.0,0.0,NONE,,AUTO_ACCEPT,0.0
LN106894,2025-12,0.0,0.0,0.0,0.0,CURRENT,0.0,0.0,NONE,,AUTO_ACCEPT,0.0
LN101663,2025-12,0.0,0.0,0.0,0.0,CURRENT,0.0,0.0,NONE,,AUTO_ACCEPT,0.0
LN103170,2025-12,0.0,0.0,0.0,0.0,CURRENT,0.0,0.0,NONE,,AUTO_ACCEPT,0.0
LN106895,2025-12,0.0,0.0,0.0,0.0,CURRENT,0.0,0.0,NONE,,AUTO_ACCEPT,0.0
LN104966,2025-12,0.0,0.0,0.0,0.0,CURRENT,0.0,0.0,NONE,,AUTO_ACCEPT,0.0
LN106897,2025-12,0.0,0.0,0.0,0.0,CURRENT,0.0,0.0,NONE,,AUTO_ACCEPT,0.0
LN101661,2025-12,0.0,0.0,0.0,0.0,CURRENT,0.0,0.0,NONE,,AUTO_ACCEPT,0.0
LN106898,2025-12,0.0,0.0,0.0,0.0,CURRENT,0.0,0.0,NONE,,AUTO_ACCEPT,0.0
LN104964,2025-12,0.0,0.0,0.0,0.0,CURRENT,0.0,0.0,NONE,,AUTO_ACCEPT,0.0
LN101659,2025-12,0.0,0.0,0.0,0.0,CURRENT,0.0,0.0,NONE,,AUTO_ACCEPT,0.0
LN106899,2025-12,0.0,0.0,0.0,0.0,CURRENT,0.0,0.0,NONE,,AUTO_ACCEPT,0.0
LN103171,2025-12,0.0,0.0,0.0,0.0,CURRENT,0.0,0.0,NONE,,AUTO_ACCEPT,0.0
LN106901,2025-12,0.0,0.0,0.0,0.0,CURRENT,0.0,0.0,NONE,,AUTO_ACCEPT,0.0
LN101657,2025-12,0.0,0.0,0.0,0.0,CURRENT,0.0,0.0,NONE,,AUTO_ACCEPT,0.0
LN103172,2025-12,0.0,0.0,0.0,0.0,CURRENT,0.0,0.0,NONE,,AUTO_ACCEPT,0.0
LN106912,2025-12,0.0,0.0,0.0,0.0,CURRENT,0.0,0.0,NONE,,AUTO_ACCEPT,0.0
LN101664,2025-12,0.0,0.0,0.0,0.0,CURRENT,0.0,0.0,NONE,,AUTO_ACCEPT,0.0
LN101648,2025-12,0.0,0.0,0.0,0.0,CURRENT,0.0,0.0,NONE,,AUTO_ACCEPT,0.0
LN103175,2025-12,0.0,0.0,0.0,0.0,CURRENT,0.0,0.0,NONE,,AUTO_ACCEPT,0.0
LN106925,2025-12,0.0,0.0,0.0,0.0,CURRENT,0.0,0.0,NONE,,AUTO_ACCEPT,0.0
LN101638,2025-12,0.0,0.0,0.0,0.0,CURRENT,0.0,0.0,NONE,,AUTO_ACCEPT,0.0
LN103178,2025-12,0.0,0.0,0.0,0.0,CURRENT,0.0,0.0,NONE,,AUTO_ACCEPT,0.0
LN106926,2025-12,0.0,0.0,0.0,0.0,CURRENT,0.0,0.0,NONE,,AUTO_ACCEPT,0.0
LN104948,2025-12,0.0,0.0,0.0,0.0,CURRENT,0.0,0.0,NONE,,AUTO_ACCEPT,0.0
LN101636,2025-12,0.0,0.0,0.0,0.0,CURRENT,0.0,0.0,NONE,,AUTO_ACCEPT,0.0
LN104952,2025-12,0.0,0.0,0.0,0.0,CURRENT,0.0,0.0,NONE,,AUTO_ACCEPT,0.0
LN106927,2025-12,0.0,0.0,0.0,0.0,CURRENT,0.0,0.0,NONE,,AUTO_ACCEPT,0.0
LN106928,2025-12,0.0,0.0,0.0,0.0,CURRENT,0.0,0.0,NONE,,AUTO_ACCEPT,0.0
LN101635,2025-12,0.0,0.0,0.0,0.0,CURRENT,0.0,0.0,NONE,,AUTO_ACCEPT,0.0
LN104947,2025-12,0.0,0.0,0.0,0.0,CURRENT,0.0,0.0,NONE,,AUTO_ACCEPT,0.0
LN106930,2025-12,0.0,0.0,0.0,0.0,CURRENT,0.0,0.0,NONE,,AUTO_ACCEPT,0.0
LN101633,2025-12,0.0,0.0,0.0,0.0,CURRENT,0.0,0.0,NONE,,AUTO_ACCEPT,0.0
LN101631,2025-12,0.0,0.0,0.0,0.0,CURRENT,0.0,0.0,NONE,,AUTO_ACCEPT,0.0
LN103179,2025-12,0.0,0.0,0.0,0.0,CURRENT,0.0,0.0,NONE,,AUTO_ACCEPT,0.0
LN101639,2025-12,0.0,0.0,0.0,0.0,CURRENT,0.0,0.0,NONE,,AUTO_ACCEPT,0.0
LN106923,2025-12,0.0,0.0,0.0,0.0,CURRENT,0.0,0.0,NONE,,AUTO_ACCEPT,0.0
LN106922,2025-12,0.0,0.0,0.0,0.0,CURRENT,0.0,0.0,NONE,,AUTO_ACCEPT,0.0
LN101647,2025-12,0.0,0.0,0.0,0.0,CURRENT,0.0,0.0,NONE,,AUTO_ACCEPT,0.0
LN106916,2025-12,0.0,0.0,0.0,0.0,CURRENT,0.0,0.0,NONE,,AUTO_ACCEPT,0.0
LN104956,2025-12,0.0,0.0,0.0,0.0,CURRENT,0.0,0.0,NONE,,AUTO_ACCEPT,0.0
LN101646,2025-12,0.0,0.0,0.0,0.0,CURRENT,0.0,0.0,NONE,,AUTO_ACCEPT,0.0
LN106917,2025-12,0.0,0.0,0.0,0.0,CURRENT,0.0,0.0,NONE,,AUTO_ACCEPT,0.0
LN103176,2025-12,0.0,0.0,0.0,0.0,CURRENT,0.0,0.0,NONE,,AUTO_ACCEPT,0.0
LN104954,2025-12,0.0,0.0,0.0,0.0,CURRENT,0.0,0.0,NONE,,AUTO_ACCEPT,0.0
LN106918,2025-12,0.0,0.0,0.0,0.0,CURRENT,0.0,0.0,NONE,,AUTO_ACCEPT,0.0
LN101645,2025-12,0.0,0.0,0.0,0.0,CURRENT,0.0,0.0,NONE,,AUTO_ACCEPT,0.0
LN106919,2025-12,0.0,0.0,0.0,0.0,CURRENT,0.0,0.0,NONE,,AUTO_ACCEPT,0.0
LN101644,2025-12,0.0,0.0,0.0,0.0,CURRENT,0.0,0.0,NONE,,AUTO_ACCEPT,0.0
LN106920,2025-12,0.0,0.0,0.0,0.0,CURRENT,0.0,0.0,NONE,,AUTO_ACCEPT,0.0
LN103177,2025-12,0.0,0.0,0.0,0.0,CURRENT,0.0,0.0,NONE,,AUTO_ACCEPT,0.0
LN104953,2025-12,0.0,0.0,0.0,0.0,CURRENT,0.0,0.0,NONE,,AUTO_ACCEPT,0.0
LN101643,2025-12,0.0,0.0,0.0,0.0,CURRENT,0.0,0.0,NONE,,AUTO_ACCEPT,0.0
LN106915,2025-12,0.0,0.0,0.0,0.0,CURRENT,0.0,0.0,NONE,,AUTO_ACCEPT,0.0
LN106893,2025-12,0.0,0.0,0.0,0.0,CURRENT,0.0,0.0,NONE,,AUTO_ACCEPT,0.0
LN104967,2025-12,0.0,0.0,0.0,0.0,CURRENT,0.0,0.0,NONE,,AUTO_ACCEPT,0.0
LN103169,2025-12,0.0,0.0,0.0,0.0,CURRENT,0.0,0.0,NONE,,AUTO_ACCEPT,0.0
LN104979,2025-12,0.0,0.0,0.0,0.0,CURRENT,0.0,0.0,NONE,,AUTO_ACCEPT,0.0
LN106867,2025-12,0.0,0.0,0.0,0.0,CURRENT,0.0,0.0,NONE,,AUTO_ACCEPT,0.0
LN101684,2025-12,0.0,0.0,0.0,0.0,CURRENT,0.0,0.0,NONE,,AUTO_ACCEPT,0.0
LN103159,2025-12,0.0,0.0,0.0,0.0,CURRENT,0.0,0.0,NONE,,AUTO_ACCEPT,0.0
LN106868,2025-12,0.0,0.0,0.0,0.0,CURRENT,0.0,0.0,NONE,,AUTO_ACCEPT,0.0
LN104978,2025-12,0.0,0.0,0.0,0.0,CURRENT,0.0,0.0,NONE,,AUTO_ACCEPT,0.0
LN106866,2025-12,0.0,0.0,0.0,0.0,CURRENT,0.0,0.0,NONE,,AUTO_ACCEPT,0.0
LN101683,2025-12,0.0,0.0,0.0,0.0,CURRENT,0.0,0.0,NONE,,AUTO_ACCEPT,0.0
LN101681,2025-12,0.0,0.0,0.0,0.0,CURRENT,0.0,0.0,NONE,,AUTO_ACCEPT,0.0
LN103161,2025-12,0.0,0.0,0.0,0.0,CURRENT,0.0,0.0,NONE,,AUTO_ACCEPT,0.0
LN106870,2025-12,0.0,0.0,0.0,0.0,CURRENT,0.0,0.0,NONE,,AUTO_ACCEPT,0.0
LN104977,2025-12,0.0,0.0,0.0,0.0,CURRENT,0.0,0.0,NONE,,AUTO_ACCEPT,0.0
LN106871,2025-12,0.0,0.0,0.0,0.0,CURRENT,0.0,0.0,NONE,,AUTO_ACCEPT,0.0
LN101680,2025-12,0.0,0.0,0.0,0.0,CURRENT,0.0,0.0,NONE,,AUTO_ACCEPT,0.0
LN106869,2025-12,0.0,0.0,0.0,0.0,CURRENT,0.0,0.0,NONE,,AUTO_ACCEPT,0.0
LN101685,2025-12,0.0,0.0,0.0,0.0,CURRENT,0.0,0.0,NONE,,AUTO_ACCEPT,0.0
LN106865,2025-12,0.0,0.0,0.0,0.0,CURRENT,0.0,0.0,NONE,,AUTO_ACCEPT,0.0
LN101686,2025-12,0.0,0.0,0.0,0.0,CURRENT,0.0,0.0,NONE,,AUTO_ACCEPT,0.0
LN106858,2025-12,0.0,0.0,0.0,0.0,CURRENT,0.0,0.0,NONE,,AUTO_ACCEPT,0.0
LN101690,2025-12,0.0,0.0,0.0,0.0,CURRENT,0.0,0.0,NONE,,AUTO_ACCEPT,0.0
LN104984,2025-12,0.0,0.0,0.0,0.0,CURRENT,0.0,0.0,NONE,,AUTO_ACCEPT,0.0
LN106859,2025-12,0.0,0.0,0.0,0.0,CURRENT,0.0,0.0,NONE,,AUTO_ACCEPT,0.0
LN101689,2025-12,0.0,0.0,0.0,0.0,CURRENT,0.0,0.0,NONE,,AUTO_ACCEPT,0.0
LN106860,2025-12,0.0,0.0,0.0,0.0,CURRENT,0.0,0.0,NONE,,AUTO_ACCEPT,0.0
LN103157,2025-12,0.0,0.0,0.0,0.0,CURRENT,0.0,0.0,NONE,,AUTO_ACCEPT,0.0
LN101688,2025-12,0.0,0.0,0.0,0.0,CURRENT,0.0,0.0,NONE,,AUTO_ACCEPT,0.0
LN104981,2025-12,0.0,0.0,0.0,0.0,CURRENT,0.0,0.0,NONE,,AUTO_ACCEPT,0.0
LN106862,2025-12,0.0,0.0,0.0,0.0,CURRENT,0.0,0.0,NONE,,AUTO_ACCEPT,0.0
LN106863,2025-12,0.0,0.0,0.0,0.0,CURRENT,0.0,0.0,NONE,,AUTO_ACCEPT,0.0
LN101687,2025-12,0.0,0.0,0.0,0.0,CURRENT,0.0,0.0,NONE,,AUTO_ACCEPT,0.0
LN103158,2025-12,0.0,0.0,0.0,0.0,CURRENT,0.0,0.0,NONE,,AUTO_ACCEPT,0.0
LN106864,2025-12,0.0,0.0,0.0,0.0,CURRENT,0.0,0.0,NONE,,AUTO_ACCEPT,0.0
LN104980,2025-12,0.0,0.0,0.0,0.0,CURRENT,0.0,0.0,NONE,,AUTO_ACCEPT,0.0
LN106872,2025-12,0.0,0.0,0.0,0.0,CURRENT,0.0,0.0,NONE,,AUTO_ACCEPT,0.0
LN103162,2025-12,0.0,0.0,0.0,0.0,CURRENT,0.0,0.0,NONE,,AUTO_ACCEPT,0.0
LN101678,2025-12,0.0,0.0,0.0,0.0,CURRENT,0.0,0.0,NONE,,AUTO_ACCEPT,0.0
LN104976,2025-12,0.0,0.0,0.0,0.0,CURRENT,0.0,0.0,NONE,,AUTO_ACCEPT,0.0
LN101671,2025-12,0.0,0.0,0.0,0.0,CURRENT,0.0,0.0,NONE,,AUTO_ACCEPT,0.0
LN104970,2025-12,0.0,0.0,0.0,0.0,CURRENT,0.0,0.0,NONE,,AUTO_ACCEPT,0.0
LN106886,2025-12,0.0,0.0,0.0,0.0,CURRENT,0.0,0.0,NONE,,AUTO_ACCEPT,0.0
LN106888,2025-12,0.0,0.0,0.0,0.0,CURRENT,0.0,0.0,NONE,,AUTO_ACCEPT,0.0
LN101670,2025-12,0.0,0.0,0.0,0.0,CURRENT,0.0,0.0,NONE,,AUTO_ACCEPT,0.0
LN104969,2025-12,0.0,0.0,0.0,0.0,CURRENT,0.0,0.0,NONE,,AUTO_ACCEPT,0.0
LN106889,2025-12,0.0,0.0,0.0,0.0,CURRENT,0.0,0.0,NONE,,AUTO_ACCEPT,0.0
LN101668,2025-12,0.0,0.0,0.0,0.0,CURRENT,0.0,0.0,NONE,,AUTO_ACCEPT,0.0
LN106890,2025-12,0.0,0.0,0.0,0.0,CURRENT,0.0,0.0,NONE,,AUTO_ACCEPT,0.0
LN103168,2025-12,0.0,0.0,0.0,0.0,CURRENT,0.0,0.0,NONE,,AUTO_ACCEPT,0.0
LN101666,2025-12,0.0,0.0,0.0,0.0,CURRENT,0.0,0.0,NONE,,AUTO_ACCEPT,0.0
LN104968,2025-12,0.0,0.0,0.0,0.0,CURRENT,0.0,0.0,NONE,,AUTO_ACCEPT,0.0
LN106891,2025-12,0.0,0.0,0.0,0.0,CURRENT,0.0,0.0,NONE,,AUTO_ACCEPT,0.0
LN106892,2025-12,0.0,0.0,0.0,0.0,CURRENT,0.0,0.0,NONE,,AUTO_ACCEPT,0.0
LN101665,2025-12,0.0,0.0,0.0,0.0,CURRENT,0.0,0.0,NONE,,AUTO_ACCEPT,0.0
LN103167,2025-12,0.0,0.0,0.0,0.0,CURRENT,0.0,0.0,NONE,,AUTO_ACCEPT,0.0
LN106932,2025-12,0.0,0.0,0.0,0.0,CURRENT,0.0,0.0,NONE,,AUTO_ACCEPT,0.0
LN101672,2025-12,0.0,0.0,0.0,0.0,CURRENT,0.0,0.0,NONE,,AUTO_ACCEPT,0.0
LN101673,2025-12,0.0,0.0,0.0,0.0,CURRENT,0.0,0.0,NONE,,AUTO_ACCEPT,0.0
LN101677,2025-12,0.0,0.0,0.0,0.0,CURRENT,0.0,0.0,NONE,,AUTO_ACCEPT,0.0
LN106875,2025-12,0.0,0.0,0.0,0.0,CURRENT,0.0,0.0,NONE,,AUTO_ACCEPT,0.0
LN104975,2025-12,0.0,0.0,0.0,0.0,CURRENT,0.0,0.0,NONE,,AUTO_ACCEPT,0.0
LN106876,2025-12,0.0,0.0,0.0,0.0,CURRENT,0.0,0.0,NONE,,AUTO_ACCEPT,0.0
LN101676,2025-12,0.0,0.0,0.0,0.0,CURRENT,0.0,0.0,NONE,,AUTO_ACCEPT,0.0
LN106878,2025-12,0.0,0.0,0.0,0.0,CURRENT,0.0,0.0,NONE,,AUTO_ACCEPT,0.0
LN103165,2025-12,0.0,0.0,0.0,0.0,CURRENT,0.0,0.0,NONE,,AUTO_ACCEPT,0.0
LN101675,2025-12,0.0,0.0,0.0,0.0,CURRENT,0.0,0.0,NONE,,AUTO_ACCEPT,0.0
LN106879,2025-12,0.0,0.0,0.0,0.0,CURRENT,0.0,0.0,NONE,,AUTO_ACCEPT,0.0
LN104973,2025-12,0.0,0.0,0.0,0.0,CURRENT,0.0,0.0,NONE,,AUTO_ACCEPT,0.0
LN101674,2025-12,0.0,0.0,0.0,0.0,CURRENT,0.0,0.0,NONE,,AUTO_ACCEPT,0.0
LN106880,2025-12,0.0,0.0,0.0,0.0,CURRENT,0.0,0.0,NONE,,AUTO_ACCEPT,0.0
LN103166,2025-12,0.0,0.0,0.0,0.0,CURRENT,0.0,0.0,NONE,,AUTO_ACCEPT,0.0
LN104972,2025-12,0.0,0.0,0.0,0.0,CURRENT,0.0,0.0,NONE,,AUTO_ACCEPT,0.0
LN106882,2025-12,0.0,0.0,0.0,0.0,CURRENT,0.0,0.0,NONE,,AUTO_ACCEPT,0.0
LN106883,2025-12,0.0,0.0,0.0,0.0,CURRENT,0.0,0.0,NONE,,AUTO_ACCEPT,0.0
LN107085,2025-12,0.0,0.0,0.0,0.0,CURRENT,0.0,0.0,NONE,,AUTO_ACCEPT,0.0
LN101505,2025-12,0.0,0.0,0.0,0.0,CURRENT,0.0,0.0,NONE,,AUTO_ACCEPT,0.0
LN104872,2025-12,0.0,0.0,0.0,0.0,CURRENT,0.0,0.0,NONE,,AUTO_ACCEPT,0.0
LN101348,2025-12,0.0,0.0,0.0,0.0,CURRENT,0.0,0.0,NONE,,AUTO_ACCEPT,0.0
LN104785,2025-12,0.0,0.0,0.0,0.0,CURRENT,0.0,0.0,NONE,,AUTO_ACCEPT,0.0
LN107279,2025-12,0.0,0.0,0.0,0.0,CURRENT,0.0,0.0,NONE,,AUTO_ACCEPT,0.0
LN101345,2025-12,0.0,0.0,0.0,0.0,CURRENT,0.0,0.0,NONE,,AUTO_ACCEPT,0.0
LN107281,2025-12,0.0,0.0,0.0,0.0,CURRENT,0.0,0.0,NONE,,AUTO_ACCEPT,0.0
LN104784,2025-12,0.0,0.0,0.0,0.0,CURRENT,0.0,0.0,NONE,,AUTO_ACCEPT,0.0
LN103317,2025-12,0.0,0.0,0.0,0.0,CURRENT,0.0,0.0,NONE,,AUTO_ACCEPT,0.0
LN107282,2025-12,0.0,0.0,0.0,0.0,CURRENT,0.0,0.0,NONE,,AUTO_ACCEPT,0.0
LN103318,2025-12,0.0,0.0,0.0,0.0,CURRENT,0.0,0.0,NONE,,AUTO_ACCEPT,0.0
LN107283,2025-12,0.0,0.0,0.0,0.0,CURRENT,0.0,0.0,NONE,,AUTO_ACCEPT,0.0
LN101343,2025-12,0.0,0.0,0.0,0.0,CURRENT,0.0,0.0,NONE,,AUTO_ACCEPT,0.0
LN107284,2025-12,0.0,0.0,0.0,0.0,CURRENT,0.0,0.0,NONE,,AUTO_ACCEPT,0.0
LN103320,2025-12,0.0,0.0,0.0,0.0,CURRENT,0.0,0.0,NONE,,AUTO_ACCEPT,0.0
LN104781,2025-12,0.0,0.0,0.0,0.0,CURRENT,0.0,0.0,NONE,,AUTO_ACCEPT,0.0
LN101344,2025-12,0.0,0.0,0.0,0.0,CURRENT,0.0,0.0,NONE,,AUTO_ACCEPT,0.0
LN107278,2025-12,0.0,0.0,0.0,0.0,CURRENT,0.0,0.0,NONE,,AUTO_ACCEPT,0.0
LN101349,2025-12,0.0,0.0,0.0,0.0,CURRENT,0.0,0.0,NONE,,AUTO_ACCEPT,0.0
LN107277,2025-12,0.0,0.0,0.0,0.0,CURRENT,0.0,0.0,NONE,,AUTO_ACCEPT,0.0
LN101356,2025-12,0.0,0.0,0.0,0.0,CURRENT,0.0,0.0,NONE,,AUTO_ACCEPT,0.0
LN107263,2025-12,0.0,0.0,0.0,0.0,CURRENT,0.0,0.0,NONE,,AUTO_ACCEPT,0.0
LN107265,2025-12,0.0,0.0,0.0,0.0,CURRENT,0.0,0.0,NONE,,AUTO_ACCEPT,0.0
LN101355,2025-12,0.0,0.0,0.0,0.0,CURRENT,0.0,0.0,NONE,,AUTO_ACCEPT,0.0
LN104788,2025-12,0.0,0.0,0.0,0.0,CURRENT,0.0,0.0,NONE,,AUTO_ACCEPT,0.0
LN107267,2025-12,0.0,0.0,0.0,0.0,CURRENT,0.0,0.0,NONE,,AUTO_ACCEPT,0.0
LN101353,2025-12,0.0,0.0,0.0,0.0,CURRENT,0.0,0.0,NONE,,AUTO_ACCEPT,0.0
LN103315,2025-12,0.0,0.0,0.0,0.0,CURRENT,0.0,0.0,NONE,,AUTO_ACCEPT,0.0
LN107273,2025-12,0.0,0.0,0.0,0.0,CURRENT,0.0,0.0,NONE,,AUTO_ACCEPT,0.0
LN104787,2025-12,0.0,0.0,0.0,0.0,CURRENT,0.0,0.0,NONE,,AUTO_ACCEPT,0.0
LN101351,2025-12,0.0,0.0,0.0,0.0,CURRENT,0.0,0.0,NONE,,AUTO_ACCEPT,0.0
LN107274,2025-12,0.0,0.0,0.0,0.0,CURRENT,0.0,0.0,NONE,,AUTO_ACCEPT,0.0
LN101350,2025-12,0.0,0.0,0.0,0.0,CURRENT,0.0,0.0,NONE,,AUTO_ACCEPT,0.0
LN103316,2025-12,0.0,0.0,0.0,0.0,CURRENT,0.0,0.0,NONE,,AUTO_ACCEPT,0.0
LN104786,2025-12,0.0,0.0,0.0,0.0,CURRENT,0.0,0.0,NONE,,AUTO_ACCEPT,0.0
LN101340,2025-12,0.0,0.0,0.0,0.0,CURRENT,0.0,0.0,NONE,,AUTO_ACCEPT,0.0
LN104789,2025-12,0.0,0.0,0.0,0.0,CURRENT,0.0,0.0,NONE,,AUTO_ACCEPT,0.0
LN107285,2025-12,0.0,0.0,0.0,0.0,CURRENT,0.0,0.0,NONE,,AUTO_ACCEPT,0.0
LN101339,2025-12,0.0,0.0,0.0,0.0,CURRENT,0.0,0.0,NONE,,AUTO_ACCEPT,0.0
LN107298,2025-12,0.0,0.0,0.0,0.0,CURRENT,0.0,0.0,NONE,,AUTO_ACCEPT,0.0
LN104776,2025-12,0.0,0.0,0.0,0.0,CURRENT,0.0,0.0,NONE,,AUTO_ACCEPT,0.0
LN101327,2025-12,0.0,0.0,0.0,0.0,CURRENT,0.0,0.0,NONE,,AUTO_ACCEPT,0.0
LN107299,2025-12,0.0,0.0,0.0,0.0,CURRENT,0.0,0.0,NONE,,AUTO_ACCEPT,0.0
LN103324,2025-12,0.0,0.0,0.0,0.0,CURRENT,0.0,0.0,NONE,,AUTO_ACCEPT,0.0
LN104774,2025-12,0.0,0.0,0.0,0.0,CURRENT,0.0,0.0,NONE,,AUTO_ACCEPT,0.0
LN101329,2025-12,0.0,0.0,0.0,0.0,CURRENT,0.0,0.0,NONE,,AUTO_ACCEPT,0.0
LN107300,2025-12,0.0,0.0,0.0,0.0,CURRENT,0.0,0.0,NONE,,AUTO_ACCEPT,0.0
LN107301,2025-12,0.0,0.0,0.0,0.0,CURRENT,0.0,0.0,NONE,,AUTO_ACCEPT,0.0
LN101323,2025-12,0.0,0.0,0.0,0.0,CURRENT,0.0,0.0,NONE,,AUTO_ACCEPT,0.0
LN103325,2025-12,0.0,0.0,0.0,0.0,CURRENT,0.0,0.0,NONE,,AUTO_ACCEPT,0.0
LN107302,2025-12,0.0,0.0,0.0,0.0,CURRENT,0.0,0.0,NONE,,AUTO_ACCEPT,0.0
LN104772,2025-12,0.0,0.0,0.0,0.0,CURRENT,0.0,0.0,NONE,,AUTO_ACCEPT,0.0
LN101322,2025-12,0.0,0.0,0.0,0.0,CURRENT,0.0,0.0,NONE,,AUTO_ACCEPT,0.0
LN101326,2025-12,0.0,0.0,0.0,0.0,CURRENT,0.0,0.0,NONE,,AUTO_ACCEPT,0.0
LN107297,2025-12,0.0,0.0,0.0,0.0,CURRENT,0.0,0.0,NONE,,AUTO_ACCEPT,0.0
LN101330,2025-12,0.0,0.0,0.0,0.0,CURRENT,0.0,0.0,NONE,,AUTO_ACCEPT,0.0
LN107295,2025-12,0.0,0.0,0.0,0.0,CURRENT,0.0,0.0,NONE,,AUTO_ACCEPT,0.0
LN104780,2025-12,0.0,0.0,0.0,0.0,CURRENT,0.0,0.0,NONE,,AUTO_ACCEPT,0.0
LN107289,2025-12,0.0,0.0,0.0,0.0,CURRENT,0.0,0.0,NONE,,AUTO_ACCEPT,0.0
LN101337,2025-12,0.0,0.0,0.0,0.0,CURRENT,0.0,0.0,NONE,,AUTO_ACCEPT,0.0
LN103321,2025-12,0.0,0.0,0.0,0.0,CURRENT,0.0,0.0,NONE,,AUTO_ACCEPT,0.0
LN101336,2025-12,0.0,0.0,0.0,0.0,CURRENT,0.0,0.0,NONE,,AUTO_ACCEPT,0.0
LN104779,2025-12,0.0,0.0,0.0,0.0,CURRENT,0.0,0.0,NONE,,AUTO_ACCEPT,0.0
LN107291,2025-12,0.0,0.0,0.0,0.0,CURRENT,0.0,0.0,NONE,,AUTO_ACCEPT,0.0
LN107292,2025-12,0.0,0.0,0.0,0.0,CURRENT,0.0,0.0,NONE,,AUTO_ACCEPT,0.0
LN103322,2025-12,0.0,0.0,0.0,0.0,CURRENT,0.0,0.0,NONE,,AUTO_ACCEPT,0.0
LN101334,2025-12,0.0,0.0,0.0,0.0,CURRENT,0.0,0.0,NONE,,AUTO_ACCEPT,0.0
LN107293,2025-12,0.0,0.0,0.0,0.0,CURRENT,0.0,0.0,NONE,,AUTO_ACCEPT,0.0
LN101331,2025-12,0.0,0.0,0.0,0.0,CURRENT,0.0,0.0,NONE,,AUTO_ACCEPT,0.0
LN107294,2025-12,0.0,0.0,0.0,0.0,CURRENT,0.0,0.0,NONE,,AUTO_ACCEPT,0.0
LN103323,2025-12,0.0,0.0,0.0,0.0,CURRENT,0.0,0.0,NONE,,AUTO_ACCEPT,0.0
LN104777,2025-12,0.0,0.0,0.0,0.0,CURRENT,0.0,0.0,NONE,,AUTO_ACCEPT,0.0
LN107286,2025-12,0.0,0.0,0.0,0.0,CURRENT,0.0,0.0,NONE,,AUTO_ACCEPT,0.0
LN107303,2025-12,0.0,0.0,0.0,0.0,CURRENT,0.0,0.0,NONE,,AUTO_ACCEPT,0.0
LN103314,2025-12,0.0,0.0,0.0,0.0,CURRENT,0.0,0.0,NONE,,AUTO_ACCEPT,0.0
LN101357,2025-12,0.0,0.0,0.0,0.0,CURRENT,0.0,0.0,NONE,,AUTO_ACCEPT,0.0
LN107237,2025-12,0.0,0.0,0.0,0.0,CURRENT,0.0,0.0,NONE,,AUTO_ACCEPT,0.0
LN104802,2025-12,0.0,0.0,0.0,0.0,CURRENT,0.0,0.0,NONE,,AUTO_ACCEPT,0.0
LN107238,2025-12,0.0,0.0,0.0,0.0,CURRENT,0.0,0.0,NONE,,AUTO_ACCEPT,0.0
LN101377,2025-12,0.0,0.0,0.0,0.0,CURRENT,0.0,0.0,NONE,,AUTO_ACCEPT,0.0
LN107239,2025-12,0.0,0.0,0.0,0.0,CURRENT,0.0,0.0,NONE,,AUTO_ACCEPT,0.0
LN103304,2025-12,0.0,0.0,0.0,0.0,CURRENT,0.0,0.0,NONE,,AUTO_ACCEPT,0.0
LN103303,2025-12,0.0,0.0,0.0,0.0,CURRENT,0.0,0.0,NONE,,AUTO_ACCEPT,0.0
LN101376,2025-12,0.0,0.0,0.0,0.0,CURRENT,0.0,0.0,NONE,,AUTO_ACCEPT,0.0
LN107240,2025-12,0.0,0.0,0.0,0.0,CURRENT,0.0,0.0,NONE,,AUTO_ACCEPT,0.0
LN107241,2025-12,0.0,0.0,0.0,0.0,CURRENT,0.0,0.0,NONE,,AUTO_ACCEPT,0.0
LN103307,2025-12,0.0,0.0,0.0,0.0,CURRENT,0.0,0.0,NONE,,AUTO_ACCEPT,0.0
LN101374,2025-12,0.0,0.0,0.0,0.0,CURRENT,0.0,0.0,NONE,,AUTO_ACCEPT,0.0
LN104799,2025-12,0.0,0.0,0.0,0.0,CURRENT,0.0,0.0,NONE,,AUTO_ACCEPT,0.0
LN107243,2025-12,0.0,0.0,0.0,0.0,CURRENT,0.0,0.0,NONE,,AUTO_ACCEPT,0.0
LN104801,2025-12,0.0,0.0,0.0,0.0,CURRENT,0.0,0.0,NONE,,AUTO_ACCEPT,0.0
LN101378,2025-12,0.0,0.0,0.0,0.0,CURRENT,0.0,0.0,NONE,,AUTO_ACCEPT,0.0
LN107236,2025-12,0.0,0.0,0.0,0.0,CURRENT,0.0,0.0,NONE,,AUTO_ACCEPT,0.0
LN104803,2025-12,0.0,0.0,0.0,0.0,CURRENT,0.0,0.0,NONE,,AUTO_ACCEPT,0.0
LN107229,2025-12,0.0,0.0,0.0,0.0,CURRENT,0.0,0.0,NONE,,AUTO_ACCEPT,0.0
LN104806,2025-12,0.0,0.0,0.0,0.0,CURRENT,0.0,0.0,NONE,,AUTO_ACCEPT,0.0
LN101384,2025-12,0.0,0.0,0.0,0.0,CURRENT,0.0,0.0,NONE,,AUTO_ACCEPT,0.0
LN107230,2025-12,0.0,0.0,0.0,0.0,CURRENT,0.0,0.0,NONE,,AUTO_ACCEPT,0.0
LN103301,2025-12,0.0,0.0,0.0,0.0,CURRENT,0.0,0.0,NONE,,AUTO_ACCEPT,0.0
LN104805,2025-12,0.0,0.0,0.0,0.0,CURRENT,0.0,0.0,NONE,,AUTO_ACCEPT,0.0
LN107231,2025-12,0.0,0.0,0.0,0.0,CURRENT,0.0,0.0,NONE,,AUTO_ACCEPT,0.0
LN101383,2025-12,0.0,0.0,0.0,0.0,CURRENT,0.0,0.0,NONE,,AUTO_ACCEPT,0.0
LN107232,2025-12,0.0,0.0,0.0,0.0,CURRENT,0.0,0.0,NONE,,AUTO_ACCEPT,0.0
LN101382,2025-12,0.0,0.0,0.0,0.0,CURRENT,0.0,0.0,NONE,,AUTO_ACCEPT,0.0
LN103302,2025-12,0.0,0.0,0.0,0.0,CURRENT,0.0,0.0,NONE,,AUTO_ACCEPT,0.0
LN104804,2025-12,0.0,0.0,0.0,0.0,CURRENT,0.0,0.0,NONE,,AUTO_ACCEPT,0.0
LN107234,2025-12,0.0,0.0,0.0,0.0,CURRENT,0.0,0.0,NONE,,AUTO_ACCEPT,0.0
LN107235,2025-12,0.0,0.0,0.0,0.0,CURRENT,0.0,0.0,NONE,,AUTO_ACCEPT,0.0
LN101380,2025-12,0.0,0.0,0.0,0.0,CURRENT,0.0,0.0,NONE,,AUTO_ACCEPT,0.0
LN107245,2025-12,0.0,0.0,0.0,0.0,CURRENT,0.0,0.0,NONE,,AUTO_ACCEPT,0.0
LN107262,2025-12,0.0,0.0,0.0,0.0,CURRENT,0.0,0.0,NONE,,AUTO_ACCEPT,0.0
LN101373,2025-12,0.0,0.0,0.0,0.0,CURRENT,0.0,0.0,NONE,,AUTO_ACCEPT,0.0
LN107246,2025-12,0.0,0.0,0.0,0.0,CURRENT,0.0,0.0,NONE,,AUTO_ACCEPT,0.0
LN107256,2025-12,0.0,0.0,0.0,0.0,CURRENT,0.0,0.0,NONE,,AUTO_ACCEPT,0.0
LN101365,2025-12,0.0,0.0,0.0,0.0,CURRENT,0.0,0.0,NONE,,AUTO_ACCEPT,0.0
LN107257,2025-12,0.0,0.0,0.0,0.0,CURRENT,0.0,0.0,NONE,,AUTO_ACCEPT,0.0
LN103311,2025-12,0.0,0.0,0.0,0.0,CURRENT,0.0,0.0,NONE,,AUTO_ACCEPT,0.0
LN101364,2025-12,0.0,0.0,0.0,0.0,CURRENT,0.0,0.0,NONE,,AUTO_ACCEPT,0.0
LN107258,2025-12,0.0,0.0,0.0,0.0,CURRENT,0.0,0.0,NONE,,AUTO_ACCEPT,0.0
LN104792,2025-12,0.0,0.0,0.0,0.0,CURRENT,0.0,0.0,NONE,,AUTO_ACCEPT,0.0
LN104791,2025-12,0.0,0.0,0.0,0.0,CURRENT,0.0,0.0,NONE,,AUTO_ACCEPT,0.0
LN107259,2025-12,0.0,0.0,0.0,0.0,CURRENT,0.0,0.0,NONE,,AUTO_ACCEPT,0.0
LN103312,2025-12,0.0,0.0,0.0,0.0,CURRENT,0.0,0.0,NONE,,AUTO_ACCEPT,0.0
LN104790,2025-12,0.0,0.0,0.0,0.0,CURRENT,0.0,0.0,NONE,,AUTO_ACCEPT,0.0
LN107260,2025-12,0.0,0.0,0.0,0.0,CURRENT,0.0,0.0,NONE,,AUTO_ACCEPT,0.0
LN101358,2025-12,0.0,0.0,0.0,0.0,CURRENT,0.0,0.0,NONE,,AUTO_ACCEPT,0.0
LN107261,2025-12,0.0,0.0,0.0,0.0,CURRENT,0.0,0.0,NONE,,AUTO_ACCEPT,0.0
LN101360,2025-12,0.0,0.0,0.0,0.0,CURRENT,0.0,0.0,NONE,,AUTO_ACCEPT,0.0
LN107255,2025-12,0.0,0.0,0.0,0.0,CURRENT,0.0,0.0,NONE,,AUTO_ACCEPT,0.0
LN101366,2025-12,0.0,0.0,0.0,0.0,CURRENT,0.0,0.0,NONE,,AUTO_ACCEPT,0.0
LN104795,2025-12,0.0,0.0,0.0,0.0,CURRENT,0.0,0.0,NONE,,AUTO_ACCEPT,0.0
LN101371,2025-12,0.0,0.0,0.0,0.0,CURRENT,0.0,0.0,NONE,,AUTO_ACCEPT,0.0
LN107247,2025-12,0.0,0.0,0.0,0.0,CURRENT,0.0,0.0,NONE,,AUTO_ACCEPT,0.0
LN103308,2025-12,0.0,0.0,0.0,0.0,CURRENT,0.0,0.0,NONE,,AUTO_ACCEPT,0.0
LN101370,2025-12,0.0,0.0,0.0,0.0,CURRENT,0.0,0.0,NONE,,AUTO_ACCEPT,0.0
LN104797,2025-12,0.0,0.0,0.0,0.0,CURRENT,0.0,0.0,NONE,,AUTO_ACCEPT,0.0
LN107249,2025-12,0.0,0.0,0.0,0.0,CURRENT,0.0,0.0,NONE,,AUTO_ACCEPT,0.0
LN101369,2025-12,0.0,0.0,0.0,0.0,CURRENT,0.0,0.0,NONE,,AUTO_ACCEPT,0.0
LN107250,2025-12,0.0,0.0,0.0,0.0,CURRENT,0.0,0.0,NONE,,AUTO_ACCEPT,0.0
LN103309,2025-12,0.0,0.0,0.0,0.0,CURRENT,0.0,0.0,NONE,,AUTO_ACCEPT,0.0
LN104796,2025-12,0.0,0.0,0.0,0.0,CURRENT,0.0,0.0,NONE,,AUTO_ACCEPT,0.0
LN107252,2025-12,0.0,0.0,0.0,0.0,CURRENT,0.0,0.0,NONE,,AUTO_ACCEPT,0.0
LN101368,2025-12,0.0,0.0,0.0,0.0,CURRENT,0.0,0.0,NONE,,AUTO_ACCEPT,0.0
LN101367,2025-12,0.0,0.0,0.0,0.0,CURRENT,0.0,0.0,NONE,,AUTO_ACCEPT,0.0
LN103310,2025-12,0.0,0.0,0.0,0.0,CURRENT,0.0,0.0,NONE,,AUTO_ACCEPT,0.0
LN107254,2025-12,0.0,0.0,0.0,0.0,CURRENT,0.0,0.0,NONE,,AUTO_ACCEPT,0.0
LN104798,2025-12,0.0,0.0,0.0,0.0,CURRENT,0.0,0.0,NONE,,AUTO_ACCEPT,0.0
LN103326,2025-12,0.0,0.0,0.0,0.0,CURRENT,0.0,0.0,NONE,,AUTO_ACCEPT,0.0
LN107304,2025-12,0.0,0.0,0.0,0.0,CURRENT,0.0,0.0,NONE,,AUTO_ACCEPT,0.0
LN101320,2025-12,0.0,0.0,0.0,0.0,CURRENT,0.0,0.0,NONE,,AUTO_ACCEPT,0.0
LN107352,2025-12,0.0,0.0,0.0,0.0,CURRENT,0.0,0.0,NONE,,AUTO_ACCEPT,0.0
LN101282,2025-12,0.0,0.0,0.0,0.0,CURRENT,0.0,0.0,NONE,,AUTO_ACCEPT,0.0
LN104745,2025-12,0.0,0.0,0.0,0.0,CURRENT,0.0,0.0,NONE,,AUTO_ACCEPT,0.0
LN107353,2025-12,0.0,0.0,0.0,0.0,CURRENT,0.0,0.0,NONE,,AUTO_ACCEPT,0.0
LN101281,2025-12,0.0,0.0,0.0,0.0,CURRENT,0.0,0.0,NONE,,AUTO_ACCEPT,0.0
LN107354,2025-12,0.0,0.0,0.0,0.0,CURRENT,0.0,0.0,NONE,,AUTO_ACCEPT,0.0
LN103345,2025-12,0.0,0.0,0.0,0.0,CURRENT,0.0,0.0,NONE,,AUTO_ACCEPT,0.0
LN103346,2025-12,0.0,0.0,0.0,0.0,CURRENT,0.0,0.0,NONE,,AUTO_ACCEPT,0.0
LN101280,2025-12,0.0,0.0,0.0,0.0,CURRENT,0.0,0.0,NONE,,AUTO_ACCEPT,0.0
LN107355,2025-12,0.0,0.0,0.0,0.0,CURRENT,0.0,0.0,NONE,,AUTO_ACCEPT,0.0
LN107357,2025-12,0.0,0.0,0.0,0.0,CURRENT,0.0,0.0,NONE,,AUTO_ACCEPT,0.0
LN103348,2025-12,0.0,0.0,0.0,0.0,CURRENT,0.0,0.0,NONE,,AUTO_ACCEPT,0.0
LN104743,2025-12,0.0,0.0,0.0,0.0,CURRENT,0.0,0.0,NONE,,AUTO_ACCEPT,0.0
LN101278,2025-12,0.0,0.0,0.0,0.0,CURRENT,0.0,0.0,NONE,,AUTO_ACCEPT,0.0
LN104744,2025-12,0.0,0.0,0.0,0.0,CURRENT,0.0,0.0,NONE,,AUTO_ACCEPT,0.0
LN107351,2025-12,0.0,0.0,0.0,0.0,CURRENT,0.0,0.0,NONE,,AUTO_ACCEPT,0.0
LN101284,2025-12,0.0,0.0,0.0,0.0,CURRENT,0.0,0.0,NONE,,AUTO_ACCEPT,0.0
LN104747,2025-12,0.0,0.0,0.0,0.0,CURRENT,0.0,0.0,NONE,,AUTO_ACCEPT,0.0
LN107343,2025-12,0.0,0.0,0.0,0.0,CURRENT,0.0,0.0,NONE,,AUTO_ACCEPT,0.0
LN101291,2025-12,0.0,0.0,0.0,0.0,CURRENT,0.0,0.0,NONE,,AUTO_ACCEPT,0.0
LN107344,2025-12,0.0,0.0,0.0,0.0,CURRENT,0.0,0.0,NONE,,AUTO_ACCEPT,0.0
LN103343,2025-12,0.0,0.0,0.0,0.0,CURRENT,0.0,0.0,NONE,,AUTO_ACCEPT,0.0
LN104749,2025-12,0.0,0.0,0.0,0.0,CURRENT,0.0,0.0,NONE,,AUTO_ACCEPT,0.0
LN107345,2025-12,0.0,0.0,0.0,0.0,CURRENT,0.0,0.0,NONE,,AUTO_ACCEPT,0.0
LN101289,2025-12,0.0,0.0,0.0,0.0,CURRENT,0.0,0.0,NONE,,AUTO_ACCEPT,0.0
LN107346,2025-12,0.0,0.0,0.0,0.0,CURRENT,0.0,0.0,NONE,,AUTO_ACCEPT,0.0
LN101288,2025-12,0.0,0.0,0.0,0.0,CURRENT,0.0,0.0,NONE,,AUTO_ACCEPT,0.0
LN107347,2025-12,0.0,0.0,0.0,0.0,CURRENT,0.0,0.0,NONE,,AUTO_ACCEPT,0.0
LN104748,2025-12,0.0,0.0,0.0,0.0,CURRENT,0.0,0.0,NONE,,AUTO_ACCEPT,0.0
LN101287,2025-12,0.0,0.0,0.0,0.0,CURRENT,0.0,0.0,NONE,,AUTO_ACCEPT,0.0
LN103344,2025-12,0.0,0.0,0.0,0.0,CURRENT,0.0,0.0,NONE,,AUTO_ACCEPT,0.0
LN101286,2025-12,0.0,0.0,0.0,0.0,CURRENT,0.0,0.0,NONE,,AUTO_ACCEPT,0.0
LN107350,2025-12,0.0,0.0,0.0,0.0,CURRENT,0.0,0.0,NONE,,AUTO_ACCEPT,0.0
LN107358,2025-12,0.0,0.0,0.0,0.0,CURRENT,0.0,0.0,NONE,,AUTO_ACCEPT,0.0
LN104750,2025-12,0.0,0.0,0.0,0.0,CURRENT,0.0,0.0,NONE,,AUTO_ACCEPT,0.0
LN107359,2025-12,0.0,0.0,0.0,0.0,CURRENT,0.0,0.0,NONE,,AUTO_ACCEPT,0.0
LN104742,2025-12,0.0,0.0,0.0,0.0,CURRENT,0.0,0.0,NONE,,AUTO_ACCEPT,0.0
LN101266,2025-12,0.0,0.0,0.0,0.0,CURRENT,0.0,0.0,NONE,,AUTO_ACCEPT,0.0
LN107371,2025-12,0.0,0.0,0.0,0.0,CURRENT,0.0,0.0,NONE,,AUTO_ACCEPT,0.0
LN103354,2025-12,0.0,0.0,0.0,0.0,CURRENT,0.0,0.0,NONE,,AUTO_ACCEPT,0.0
LN101264,2025-12,0.0,0.0,0.0,0.0,CURRENT,0.0,0.0,NONE,,AUTO_ACCEPT,0.0
LN104735,2025-12,0.0,0.0,0.0,0.0,CURRENT,0.0,0.0,NONE,,AUTO_ACCEPT,0.0
LN107373,2025-12,0.0,0.0,0.0,0.0,CURRENT,0.0,0.0,NONE,,AUTO_ACCEPT,0.0
LN104736,2025-12,0.0,0.0,0.0,0.0,CURRENT,0.0,0.0,NONE,,AUTO_ACCEPT,0.0
LN107374,2025-12,0.0,0.0,0.0,0.0,CURRENT,0.0,0.0,NONE,,AUTO_ACCEPT,0.0
LN103355,2025-12,0.0,0.0,0.0,0.0,CURRENT,0.0,0.0,NONE,,AUTO_ACCEPT,0.0
LN107375,2025-12,0.0,0.0,0.0,0.0,CURRENT,0.0,0.0,NONE,,AUTO_ACCEPT,0.0
LN104733,2025-12,0.0,0.0,0.0,0.0,CURRENT,0.0,0.0,NONE,,AUTO_ACCEPT,0.0
LN101262,2025-12,0.0,0.0,0.0,0.0,CURRENT,0.0,0.0,NONE,,AUTO_ACCEPT,0.0
LN107376,2025-12,0.0,0.0,0.0,0.0,CURRENT,0.0,0.0,NONE,,AUTO_ACCEPT,0.0
LN101261,2025-12,0.0,0.0,0.0,0.0,CURRENT,0.0,0.0,NONE,,AUTO_ACCEPT,0.0
LN101263,2025-12,0.0,0.0,0.0,0.0,CURRENT,0.0,0.0,NONE,,AUTO_ACCEPT,0.0
LN107369,2025-12,0.0,0.0,0.0,0.0,CURRENT,0.0,0.0,NONE,,AUTO_ACCEPT,0.0
LN101268,2025-12,0.0,0.0,0.0,0.0,CURRENT,0.0,0.0,NONE,,AUTO_ACCEPT,0.0
LN103353,2025-12,0.0,0.0,0.0,0.0,CURRENT,0.0,0.0,NONE,,AUTO_ACCEPT,0.0
LN107360,2025-12,0.0,0.0,0.0,0.0,CURRENT,0.0,0.0,NONE,,AUTO_ACCEPT,0.0
LN101275,2025-12,0.0,0.0,0.0,0.0,CURRENT,0.0,0.0,NONE,,AUTO_ACCEPT,0.0
LN107361,2025-12,0.0,0.0,0.0,0.0,CURRENT,0.0,0.0,NONE,,AUTO_ACCEPT,0.0
LN104741,2025-12,0.0,0.0,0.0,0.0,CURRENT,0.0,0.0,NONE,,AUTO_ACCEPT,0.0
LN107362,2025-12,0.0,0.0,0.0,0.0,CURRENT,0.0,0.0,NONE,,AUTO_ACCEPT,0.0
LN103351,2025-12,0.0,0.0,0.0,0.0,CURRENT,0.0,0.0,NONE,,AUTO_ACCEPT,0.0
LN101273,2025-12,0.0,0.0,0.0,0.0,CURRENT,0.0,0.0,NONE,,AUTO_ACCEPT,0.0
LN107363,2025-12,0.0,0.0,0.0,0.0,CURRENT,0.0,0.0,NONE,,AUTO_ACCEPT,0.0
LN103352,2025-12,0.0,0.0,0.0,0.0,CURRENT,0.0,0.0,NONE,,AUTO_ACCEPT,0.0
LN107364,2025-12,0.0,0.0,0.0,0.0,CURRENT,0.0,0.0,NONE,,AUTO_ACCEPT,0.0
LN101270,2025-12,0.0,0.0,0.0,0.0,CURRENT,0.0,0.0,NONE,,AUTO_ACCEPT,0.0
LN107366,2025-12,0.0,0.0,0.0,0.0,CURRENT,0.0,0.0,NONE,,AUTO_ACCEPT,0.0
LN104737,2025-12,0.0,0.0,0.0,0.0,CURRENT,0.0,0.0,NONE,,AUTO_ACCEPT,0.0
LN101269,2025-12,0.0,0.0,0.0,0.0,CURRENT,0.0,0.0,NONE,,AUTO_ACCEPT,0.0
LN107367,2025-12,0.0,0.0,0.0,0.0,CURRENT,0.0,0.0,NONE,,AUTO_ACCEPT,0.0
LN101277,2025-12,0.0,0.0,0.0,0.0,CURRENT,0.0,0.0,NONE,,AUTO_ACCEPT,0.0
LN101292,2025-12,0.0,0.0,0.0,0.0,CURRENT,0.0,0.0,NONE,,AUTO_ACCEPT,0.0
LN103341,2025-12,0.0,0.0,0.0,0.0,CURRENT,0.0,0.0,NONE,,AUTO_ACCEPT,0.0
LN107342,2025-12,0.0,0.0,0.0,0.0,CURRENT,0.0,0.0,NONE,,AUTO_ACCEPT,0.0
LN104763,2025-12,0.0,0.0,0.0,0.0,CURRENT,0.0,0.0,NONE,,AUTO_ACCEPT,0.0
LN107317,2025-12,0.0,0.0,0.0,0.0,CURRENT,0.0,0.0,NONE,,AUTO_ACCEPT,0.0
LN107318,2025-12,0.0,0.0,0.0,0.0,CURRENT,0.0,0.0,NONE,,AUTO_ACCEPT,0.0
LN101313,2025-12,0.0,0.0,0.0,0.0,CURRENT,0.0,0.0,NONE,,AUTO_ACCEPT,0.0
LN104762,2025-12,0.0,0.0,0.0,0.0,CURRENT,0.0,0.0,NONE,,AUTO_ACCEPT,0.0
LN107319,2025-12,0.0,0.0,0.0,0.0,CURRENT,0.0,0.0,NONE,,AUTO_ACCEPT,0.0
LN101314,2025-12,0.0,0.0,0.0,0.0,CURRENT,0.0,0.0,NONE,,AUTO_ACCEPT,0.0
LN103331,2025-12,0.0,0.0,0.0,0.0,CURRENT,0.0,0.0,NONE,,AUTO_ACCEPT,0.0
LN101311,2025-12,0.0,0.0,0.0,0.0,CURRENT,0.0,0.0,NONE,,AUTO_ACCEPT,0.0
LN104761,2025-12,0.0,0.0,0.0,0.0,CURRENT,0.0,0.0,NONE,,AUTO_ACCEPT,0.0
LN107322,2025-12,0.0,0.0,0.0,0.0,CURRENT,0.0,0.0,NONE,,AUTO_ACCEPT,0.0
LN101310,2025-12,0.0,0.0,0.0,0.0,CURRENT,0.0,0.0,NONE,,AUTO_ACCEPT,0.0
LN107323,2025-12,0.0,0.0,0.0,0.0,CURRENT,0.0,0.0,NONE,,AUTO_ACCEPT,0.0
LN103333,2025-12,0.0,0.0,0.0,0.0,CURRENT,0.0,0.0,NONE,,AUTO_ACCEPT,0.0
LN107320,2025-12,0.0,0.0,0.0,0.0,CURRENT,0.0,0.0,NONE,,AUTO_ACCEPT,0.0
LN103330,2025-12,0.0,0.0,0.0,0.0,CURRENT,0.0,0.0,NONE,,AUTO_ACCEPT,0.0
LN107316,2025-12,0.0,0.0,0.0,0.0,CURRENT,0.0,0.0,NONE,,AUTO_ACCEPT,0.0
LN101315,2025-12,0.0,0.0,0.0,0.0,CURRENT,0.0,0.0,NONE,,AUTO_ACCEPT,0.0
LN104771,2025-12,0.0,0.0,0.0,0.0,CURRENT,0.0,0.0,NONE,,AUTO_ACCEPT,0.0
LN107306,2025-12,0.0,0.0,0.0,0.0,CURRENT,0.0,0.0,NONE,,AUTO_ACCEPT,0.0
LN101319,2025-12,0.0,0.0,0.0,0.0,CURRENT,0.0,0.0,NONE,,AUTO_ACCEPT,0.0
LN107307,2025-12,0.0,0.0,0.0,0.0,CURRENT,0.0,0.0,NONE,,AUTO_ACCEPT,0.0
LN104769,2025-12,0.0,0.0,0.0,0.0,CURRENT,0.0,0.0,NONE,,AUTO_ACCEPT,0.0
LN101318,2025-12,0.0,0.0,0.0,0.0,CURRENT,0.0,0.0,NONE,,AUTO_ACCEPT,0.0
LN107308,2025-12,0.0,0.0,0.0,0.0,CURRENT,0.0,0.0,NONE,,AUTO_ACCEPT,0.0
LN103328,2025-12,0.0,0.0,0.0,0.0,CURRENT,0.0,0.0,NONE,,AUTO_ACCEPT,0.0
LN107310,2025-12,0.0,0.0,0.0,0.0,CURRENT,0.0,0.0,NONE,,AUTO_ACCEPT,0.0
LN101317,2025-12,0.0,0.0,0.0,0.0,CURRENT,0.0,0.0,NONE,,AUTO_ACCEPT,0.0
LN104765,2025-12,0.0,0.0,0.0,0.0,CURRENT,0.0,0.0,NONE,,AUTO_ACCEPT,0.0
LN107312,2025-12,0.0,0.0,0.0,0.0,CURRENT,0.0,0.0,NONE,,AUTO_ACCEPT,0.0
LN101316,2025-12,0.0,0.0,0.0,0.0,CURRENT,0.0,0.0,NONE,,AUTO_ACCEPT,0.0
LN103329,2025-12,0.0,0.0,0.0,0.0,CURRENT,0.0,0.0,NONE,,AUTO_ACCEPT,0.0
LN107315,2025-12,0.0,0.0,0.0,0.0,CURRENT,0.0,0.0,NONE,,AUTO_ACCEPT,0.0
LN104760,2025-12,0.0,0.0,0.0,0.0,CURRENT,0.0,0.0,NONE,,AUTO_ACCEPT,0.0
LN101309,2025-12,0.0,0.0,0.0,0.0,CURRENT,0.0,0.0,NONE,,AUTO_ACCEPT,0.0
LN107325,2025-12,0.0,0.0,0.0,0.0,CURRENT,0.0,0.0,NONE,,AUTO_ACCEPT,0.0
LN107326,2025-12,0.0,0.0,0.0,0.0,CURRENT,0.0,0.0,NONE,,AUTO_ACCEPT,0.0
LN107336,2025-12,0.0,0.0,0.0,0.0,CURRENT,0.0,0.0,NONE,,AUTO_ACCEPT,0.0
LN101297,2025-12,0.0,0.0,0.0,0.0,CURRENT,0.0,0.0,NONE,,AUTO_ACCEPT,0.0
LN103339,2025-12,0.0,0.0,0.0,0.0,CURRENT,0.0,0.0,NONE,,AUTO_ACCEPT,0.0
LN104753,2025-12,0.0,0.0,0.0,0.0,CURRENT,0.0,0.0,NONE,,AUTO_ACCEPT,0.0
LN107337,2025-12,0.0,0.0,0.0,0.0,CURRENT,0.0,0.0,NONE,,AUTO_ACCEPT,0.0
LN101296,2025-12,0.0,0.0,0.0,0.0,CURRENT,0.0,0.0,NONE,,AUTO_ACCEPT,0.0
LN107338,2025-12,0.0,0.0,0.0,0.0,CURRENT,0.0,0.0,NONE,,AUTO_ACCEPT,0.0
LN101295,2025-12,0.0,0.0,0.0,0.0,CURRENT,0.0,0.0,NONE,,AUTO_ACCEPT,0.0
LN104752,2025-12,0.0,0.0,0.0,0.0,CURRENT,0.0,0.0,NONE,,AUTO_ACCEPT,0.0
LN107339,2025-12,0.0,0.0,0.0,0.0,CURRENT,0.0,0.0,NONE,,AUTO_ACCEPT,0.0
LN103340,2025-12,0.0,0.0,0.0,0.0,CURRENT,0.0,0.0,NONE,,AUTO_ACCEPT,0.0
LN107340,2025-12,0.0,0.0,0.0,0.0,CURRENT,0.0,0.0,NONE,,AUTO_ACCEPT,0.0
LN101294,2025-12,0.0,0.0,0.0,0.0,CURRENT,0.0,0.0,NONE,,AUTO_ACCEPT,0.0
LN104751,2025-12,0.0,0.0,0.0,0.0,CURRENT,0.0,0.0,NONE,,AUTO_ACCEPT,0.0
LN107341,2025-12,0.0,0.0,0.0,0.0,CURRENT,0.0,0.0,NONE,,AUTO_ACCEPT,0.0
LN107335,2025-12,0.0,0.0,0.0,0.0,CURRENT,0.0,0.0,NONE,,AUTO_ACCEPT,0.0
LN101385,2025-12,0.0,0.0,0.0,0.0,CURRENT,0.0,0.0,NONE,,AUTO_ACCEPT,0.0
LN101298,2025-12,0.0,0.0,0.0,0.0,CURRENT,0.0,0.0,NONE,,AUTO_ACCEPT,0.0
LN103338,2025-12,0.0,0.0,0.0,0.0,CURRENT,0.0,0.0,NONE,,AUTO_ACCEPT,0.0
LN101307,2025-12,0.0,0.0,0.0,0.0,CURRENT,0.0,0.0,NONE,,AUTO_ACCEPT,0.0
LN103334,2025-12,0.0,0.0,0.0,0.0,CURRENT,0.0,0.0,NONE,,AUTO_ACCEPT,0.0
LN104759,2025-12,0.0,0.0,0.0,0.0,CURRENT,0.0,0.0,NONE,,AUTO_ACCEPT,0.0
LN107327,2025-12,0.0,0.0,0.0,0.0,CURRENT,0.0,0.0,NONE,,AUTO_ACCEPT,0.0
LN101306,2025-12,0.0,0.0,0.0,0.0,CURRENT,0.0,0.0,NONE,,AUTO_ACCEPT,0.0
LN107328,2025-12,0.0,0.0,0.0,0.0,CURRENT,0.0,0.0,NONE,,AUTO_ACCEPT,0.0
LN101305,2025-12,0.0,0.0,0.0,0.0,CURRENT,0.0,0.0,NONE,,AUTO_ACCEPT,0.0
LN107330,2025-12,0.0,0.0,0.0,0.0,CURRENT,0.0,0.0,NONE,,AUTO_ACCEPT,0.0
LN103336,2025-12,0.0,0.0,0.0,0.0,CURRENT,0.0,0.0,NONE,,AUTO_ACCEPT,0.0
LN107332,2025-12,0.0,0.0,0.0,0.0,CURRENT,0.0,0.0,NONE,,AUTO_ACCEPT,0.0
LN101304,2025-12,0.0,0.0,0.0,0.0,CURRENT,0.0,0.0,NONE,,AUTO_ACCEPT,0.0
LN104757,2025-12,0.0,0.0,0.0,0.0,CURRENT,0.0,0.0,NONE,,AUTO_ACCEPT,0.0
LN107333,2025-12,0.0,0.0,0.0,0.0,CURRENT,0.0,0.0,NONE,,AUTO_ACCEPT,0.0
LN101303,2025-12,0.0,0.0,0.0,0.0,CURRENT,0.0,0.0,NONE,,AUTO_ACCEPT,0.0
LN107334,2025-12,0.0,0.0,0.0,0.0,CURRENT,0.0,0.0,NONE,,AUTO_ACCEPT,0.0
LN104754,2025-12,0.0,0.0,0.0,0.0,CURRENT,0.0,0.0,NONE,,AUTO_ACCEPT,0.0
LN103298,2025-12,0.0,0.0,0.0,0.0,CURRENT,0.0,0.0,NONE,,AUTO_ACCEPT,0.0
LN107228,2025-12,0.0,0.0,0.0,0.0,CURRENT,0.0,0.0,NONE,,AUTO_ACCEPT,0.0
LN101386,2025-12,0.0,0.0,0.0,0.0,CURRENT,0.0,0.0,NONE,,AUTO_ACCEPT,0.0
LN101468,2025-12,0.0,0.0,0.0,0.0,CURRENT,0.0,0.0,NONE,,AUTO_ACCEPT,0.0
LN107134,2025-12,0.0,0.0,0.0,0.0,CURRENT,0.0,0.0,NONE,,AUTO_ACCEPT,0.0
LN103255,2025-12,0.0,0.0,0.0,0.0,CURRENT,0.0,0.0,NONE,,AUTO_ACCEPT,0.0
LN104851,2025-12,0.0,0.0,0.0,0.0,CURRENT,0.0,0.0,NONE,,AUTO_ACCEPT,0.0
LN107135,2025-12,0.0,0.0,0.0,0.0,CURRENT,0.0,0.0,NONE,,AUTO_ACCEPT,0.0
LN101467,2025-12,0.0,0.0,0.0,0.0,CURRENT,0.0,0.0,NONE,,AUTO_ACCEPT,0.0
LN104852,2025-12,0.0,0.0,0.0,0.0,CURRENT,0.0,0.0,NONE,,AUTO_ACCEPT,0.0
LN107136,2025-12,0.0,0.0,0.0,0.0,CURRENT,0.0,0.0,NONE,,AUTO_ACCEPT,0.0
LN107137,2025-12,0.0,0.0,0.0,0.0,CURRENT,0.0,0.0,NONE,,AUTO_ACCEPT,0.0
LN103259,2025-12,0.0,0.0,0.0,0.0,CURRENT,0.0,0.0,NONE,,AUTO_ACCEPT,0.0
LN104850,2025-12,0.0,0.0,0.0,0.0,CURRENT,0.0,0.0,NONE,,AUTO_ACCEPT,0.0
LN101462,2025-12,0.0,0.0,0.0,0.0,CURRENT,0.0,0.0,NONE,,AUTO_ACCEPT,0.0
LN107138,2025-12,0.0,0.0,0.0,0.0,CURRENT,0.0,0.0,NONE,,AUTO_ACCEPT,0.0
LN107139,2025-12,0.0,0.0,0.0,0.0,CURRENT,0.0,0.0,NONE,,AUTO_ACCEPT,0.0
LN101464,2025-12,0.0,0.0,0.0,0.0,CURRENT,0.0,0.0,NONE,,AUTO_ACCEPT,0.0
LN107133,2025-12,0.0,0.0,0.0,0.0,CURRENT,0.0,0.0,NONE,,AUTO_ACCEPT,0.0
LN101470,2025-12,0.0,0.0,0.0,0.0,CURRENT,0.0,0.0,NONE,,AUTO_ACCEPT,0.0
LN107132,2025-12,0.0,0.0,0.0,0.0,CURRENT,0.0,0.0,NONE,,AUTO_ACCEPT,0.0
LN103252,2025-12,0.0,0.0,0.0,0.0,CURRENT,0.0,0.0,NONE,,AUTO_ACCEPT,0.0
LN107125,2025-12,0.0,0.0,0.0,0.0,CURRENT,0.0,0.0,NONE,,AUTO_ACCEPT,0.0
LN104856,2025-12,0.0,0.0,0.0,0.0,CURRENT,0.0,0.0,NONE,,AUTO_ACCEPT,0.0
LN107126,2025-12,0.0,0.0,0.0,0.0,CURRENT,0.0,0.0,NONE,,AUTO_ACCEPT,0.0
LN101474,2025-12,0.0,0.0,0.0,0.0,CURRENT,0.0,0.0,NONE,,AUTO_ACCEPT,0.0
LN107127,2025-12,0.0,0.0,0.0,0.0,CURRENT,0.0,0.0,NONE,,AUTO_ACCEPT,0.0
LN103253,2025-12,0.0,0.0,0.0,0.0,CURRENT,0.0,0.0,NONE,,AUTO_ACCEPT,0.0
LN101473,2025-12,0.0,0.0,0.0,0.0,CURRENT,0.0,0.0,NONE,,AUTO_ACCEPT,0.0
LN104855,2025-12,0.0,0.0,0.0,0.0,CURRENT,0.0,0.0,NONE,,AUTO_ACCEPT,0.0
LN107128,2025-12,0.0,0.0,0.0,0.0,CURRENT,0.0,0.0,NONE,,AUTO_ACCEPT,0.0
LN101472,2025-12,0.0,0.0,0.0,0.0,CURRENT,0.0,0.0,NONE,,AUTO_ACCEPT,0.0
LN107130,2025-12,0.0,0.0,0.0,0.0,CURRENT,0.0,0.0,NONE,,AUTO_ACCEPT,0.0
LN103254,2025-12,0.0,0.0,0.0,0.0,CURRENT,0.0,0.0,NONE,,AUTO_ACCEPT,0.0
LN101471,2025-12,0.0,0.0,0.0,0.0,CURRENT,0.0,0.0,NONE,,AUTO_ACCEPT,0.0
LN104853,2025-12,0.0,0.0,0.0,0.0,CURRENT,0.0,0.0,NONE,,AUTO_ACCEPT,0.0
LN101461,2025-12,0.0,0.0,0.0,0.0,CURRENT,0.0,0.0,NONE,,AUTO_ACCEPT,0.0
LN101475,2025-12,0.0,0.0,0.0,0.0,CURRENT,0.0,0.0,NONE,,AUTO_ACCEPT,0.0
LN104849,2025-12,0.0,0.0,0.0,0.0,CURRENT,0.0,0.0,NONE,,AUTO_ACCEPT,0.0
LN101459,2025-12,0.0,0.0,0.0,0.0,CURRENT,0.0,0.0,NONE,,AUTO_ACCEPT,0.0
LN107148,2025-12,0.0,0.0,0.0,0.0,CURRENT,0.0,0.0,NONE,,AUTO_ACCEPT,0.0
LN104844,2025-12,0.0,0.0,0.0,0.0,CURRENT,0.0,0.0,NONE,,AUTO_ACCEPT,0.0
LN101452,2025-12,0.0,0.0,0.0,0.0,CURRENT,0.0,0.0,NONE,,AUTO_ACCEPT,0.0
LN107149,2025-12,0.0,0.0,0.0,0.0,CURRENT,0.0,0.0,NONE,,AUTO_ACCEPT,0.0
LN103269,2025-12,0.0,0.0,0.0,0.0,CURRENT,0.0,0.0,NONE,,AUTO_ACCEPT,0.0
LN107150,2025-12,0.0,0.0,0.0,0.0,CURRENT,0.0,0.0,NONE,,AUTO_ACCEPT,0.0
LN103268,2025-12,0.0,0.0,0.0,0.0,CURRENT,0.0,0.0,NONE,,AUTO_ACCEPT,0.0
LN101449,2025-12,0.0,0.0,0.0,0.0,CURRENT,0.0,0.0,NONE,,AUTO_ACCEPT,0.0
LN107151,2025-12,0.0,0.0,0.0,0.0,CURRENT,0.0,0.0,NONE,,AUTO_ACCEPT,0.0
LN101447,2025-12,0.0,0.0,0.0,0.0,CURRENT,0.0,0.0,NONE,,AUTO_ACCEPT,0.0
LN107152,2025-12,0.0,0.0,0.0,0.0,CURRENT,0.0,0.0,NONE,,AUTO_ACCEPT,0.0
LN104839,2025-12,0.0,0.0,0.0,0.0,CURRENT,0.0,0.0,NONE,,AUTO_ACCEPT,0.0
LN101446,2025-12,0.0,0.0,0.0,0.0,CURRENT,0.0,0.0,NONE,,AUTO_ACCEPT,0.0
LN107153,2025-12,0.0,0.0,0.0,0.0,CURRENT,0.0,0.0,NONE,,AUTO_ACCEPT,0.0
LN104842,2025-12,0.0,0.0,0.0,0.0,CURRENT,0.0,0.0,NONE,,AUTO_ACCEPT,0.0
LN101454,2025-12,0.0,0.0,0.0,0.0,CURRENT,0.0,0.0,NONE,,AUTO_ACCEPT,0.0
LN107147,2025-12,0.0,0.0,0.0,0.0,CURRENT,0.0,0.0,NONE,,AUTO_ACCEPT,0.0
LN104845,2025-12,0.0,0.0,0.0,0.0,CURRENT,0.0,0.0,NONE,,AUTO_ACCEPT,0.0
LN103261,2025-12,0.0,0.0,0.0,0.0,CURRENT,0.0,0.0,NONE,,AUTO_ACCEPT,0.0
LN107141,2025-12,0.0,0.0,0.0,0.0,CURRENT,0.0,0.0,NONE,,AUTO_ACCEPT,0.0
LN101458,2025-12,0.0,0.0,0.0,0.0,CURRENT,0.0,0.0,NONE,,AUTO_ACCEPT,0.0
LN103264,2025-12,0.0,0.0,0.0,0.0,CURRENT,0.0,0.0,NONE,,AUTO_ACCEPT,0.0
LN107142,2025-12,0.0,0.0,0.0,0.0,CURRENT,0.0,0.0,NONE,,AUTO_ACCEPT,0.0
LN104847,2025-12,0.0,0.0,0.0,0.0,CURRENT,0.0,0.0,NONE,,AUTO_ACCEPT,0.0
LN107143,2025-12,0.0,0.0,0.0,0.0,CURRENT,0.0,0.0,NONE,,AUTO_ACCEPT,0.0
LN101457,2025-12,0.0,0.0,0.0,0.0,CURRENT,0.0,0.0,NONE,,AUTO_ACCEPT,0.0
LN107144,2025-12,0.0,0.0,0.0,0.0,CURRENT,0.0,0.0,NONE,,AUTO_ACCEPT,0.0
LN104846,2025-12,0.0,0.0,0.0,0.0,CURRENT,0.0,0.0,NONE,,AUTO_ACCEPT,0.0
LN101456,2025-12,0.0,0.0,0.0,0.0,CURRENT,0.0,0.0,NONE,,AUTO_ACCEPT,0.0
LN107145,2025-12,0.0,0.0,0.0,0.0,CURRENT,0.0,0.0,NONE,,AUTO_ACCEPT,0.0
LN103266,2025-12,0.0,0.0,0.0,0.0,CURRENT,0.0,0.0,NONE,,AUTO_ACCEPT,0.0
LN101455,2025-12,0.0,0.0,0.0,0.0,CURRENT,0.0,0.0,NONE,,AUTO_ACCEPT,0.0
LN107146,2025-12,0.0,0.0,0.0,0.0,CURRENT,0.0,0.0,NONE,,AUTO_ACCEPT,0.0
LN107140,2025-12,0.0,0.0,0.0,0.0,CURRENT,0.0,0.0,NONE,,AUTO_ACCEPT,0.0
LN107124,2025-12,0.0,0.0,0.0,0.0,CURRENT,0.0,0.0,NONE,,AUTO_ACCEPT,0.0
LN104857,2025-12,0.0,0.0,0.0,0.0,CURRENT,0.0,0.0,NONE,,AUTO_ACCEPT,0.0
LN101476,2025-12,0.0,0.0,0.0,0.0,CURRENT,0.0,0.0,NONE,,AUTO_ACCEPT,0.0
LN101497,2025-12,0.0,0.0,0.0,0.0,CURRENT,0.0,0.0,NONE,,AUTO_ACCEPT,0.0
LN104868,2025-12,0.0,0.0,0.0,0.0,CURRENT,0.0,0.0,NONE,,AUTO_ACCEPT,0.0
LN107098,2025-12,0.0,0.0,0.0,0.0,CURRENT,0.0,0.0,NONE,,AUTO_ACCEPT,0.0
LN101496,2025-12,0.0,0.0,0.0,0.0,CURRENT,0.0,0.0,NONE,,AUTO_ACCEPT,0.0
LN103242,2025-12,0.0,0.0,0.0,0.0,CURRENT,0.0,0.0,NONE,,AUTO_ACCEPT,0.0
LN107100,2025-12,0.0,0.0,0.0,0.0,CURRENT,0.0,0.0,NONE,,AUTO_ACCEPT,0.0
LN107096,2025-12,0.0,0.0,0.0,0.0,CURRENT,0.0,0.0,NONE,,AUTO_ACCEPT,0.0
LN101493,2025-12,0.0,0.0,0.0,0.0,CURRENT,0.0,0.0,NONE,,AUTO_ACCEPT,0.0
LN107101,2025-12,0.0,0.0,0.0,0.0,CURRENT,0.0,0.0,NONE,,AUTO_ACCEPT,0.0
LN101492,2025-12,0.0,0.0,0.0,0.0,CURRENT,0.0,0.0,NONE,,AUTO_ACCEPT,0.0
LN107102,2025-12,0.0,0.0,0.0,0.0,CURRENT,0.0,0.0,NONE,,AUTO_ACCEPT,0.0
LN103243,2025-12,0.0,0.0,0.0,0.0,CURRENT,0.0,0.0,NONE,,AUTO_ACCEPT,0.0
LN104865,2025-12,0.0,0.0,0.0,0.0,CURRENT,0.0,0.0,NONE,,AUTO_ACCEPT,0.0
LN101491,2025-12,0.0,0.0,0.0,0.0,CURRENT,0.0,0.0,NONE,,AUTO_ACCEPT,0.0
LN104867,2025-12,0.0,0.0,0.0,0.0,CURRENT,0.0,0.0,NONE,,AUTO_ACCEPT,0.0
LN107095,2025-12,0.0,0.0,0.0,0.0,CURRENT,0.0,0.0,NONE,,AUTO_ACCEPT,0.0
LN104869,2025-12,0.0,0.0,0.0,0.0,CURRENT,0.0,0.0,NONE,,AUTO_ACCEPT,0.0
LN101499,2025-12,0.0,0.0,0.0,0.0,CURRENT,0.0,0.0,NONE,,AUTO_ACCEPT,0.0
LN107086,2025-12,0.0,0.0,0.0,0.0,CURRENT,0.0,0.0,NONE,,AUTO_ACCEPT,0.0
LN101504,2025-12,0.0,0.0,0.0,0.0,CURRENT,0.0,0.0,NONE,,AUTO_ACCEPT,0.0
LN103239,2025-12,0.0,0.0,0.0,0.0,CURRENT,0.0,0.0,NONE,,AUTO_ACCEPT,0.0
LN107089,2025-12,0.0,0.0,0.0,0.0,CURRENT,0.0,0.0,NONE,,AUTO_ACCEPT,0.0
LN104871,2025-12,0.0,0.0,0.0,0.0,CURRENT,0.0,0.0,NONE,,AUTO_ACCEPT,0.0
LN101503,2025-12,0.0,0.0,0.0,0.0,CURRENT,0.0,0.0,NONE,,AUTO_ACCEPT,0.0
LN107090,2025-12,0.0,0.0,0.0,0.0,CURRENT,0.0,0.0,NONE,,AUTO_ACCEPT,0.0
LN103240,2025-12,0.0,0.0,0.0,0.0,CURRENT,0.0,0.0,NONE,,AUTO_ACCEPT,0.0
LN107091,2025-12,0.0,0.0,0.0,0.0,CURRENT,0.0,0.0,NONE,,AUTO_ACCEPT,0.0
LN101502,2025-12,0.0,0.0,0.0,0.0,CURRENT,0.0,0.0,NONE,,AUTO_ACCEPT,0.0
LN104870,2025-12,0.0,0.0,0.0,0.0,CURRENT,0.0,0.0,NONE,,AUTO_ACCEPT,0.0
LN107092,2025-12,0.0,0.0,0.0,0.0,CURRENT,0.0,0.0,NONE,,AUTO_ACCEPT,0.0
LN101501,2025-12,0.0,0.0,0.0,0.0,CURRENT,0.0,0.0,NONE,,AUTO_ACCEPT,0.0
LN107094,2025-12,0.0,0.0,0.0,0.0,CURRENT,0.0,0.0,NONE,,AUTO_ACCEPT,0.0
LN103241,2025-12,0.0,0.0,0.0,0.0,CURRENT,0.0,0.0,NONE,,AUTO_ACCEPT,0.0
LN107103,2025-12,0.0,0.0,0.0,0.0,CURRENT,0.0,0.0,NONE,,AUTO_ACCEPT,0.0
LN107104,2025-12,0.0,0.0,0.0,0.0,CURRENT,0.0,0.0,NONE,,AUTO_ACCEPT,0.0
LN101490,2025-12,0.0,0.0,0.0,0.0,CURRENT,0.0,0.0,NONE,,AUTO_ACCEPT,0.0
LN104864,2025-12,0.0,0.0,0.0,0.0,CURRENT,0.0,0.0,NONE,,AUTO_ACCEPT,0.0
LN107117,2025-12,0.0,0.0,0.0,0.0,CURRENT,0.0,0.0,NONE,,AUTO_ACCEPT,0.0
LN104860,2025-12,0.0,0.0,0.0,0.0,CURRENT,0.0,0.0,NONE,,AUTO_ACCEPT,0.0
LN107118,2025-12,0.0,0.0,0.0,0.0,CURRENT,0.0,0.0,NONE,,AUTO_ACCEPT,0.0
LN101481,2025-12,0.0,0.0,0.0,0.0,CURRENT,0.0,0.0,NONE,,AUTO_ACCEPT,0.0
LN107119,2025-12,0.0,0.0,0.0,0.0,CURRENT,0.0,0.0,NONE,,AUTO_ACCEPT,0.0
LN103250,2025-12,0.0,0.0,0.0,0.0,CURRENT,0.0,0.0,NONE,,AUTO_ACCEPT,0.0
LN101479,2025-12,0.0,0.0,0.0,0.0,CURRENT,0.0,0.0,NONE,,AUTO_ACCEPT,0.0
LN107120,2025-12,0.0,0.0,0.0,0.0,CURRENT,0.0,0.0,NONE,,AUTO_ACCEPT,0.0
LN101478,2025-12,0.0,0.0,0.0,0.0,CURRENT,0.0,0.0,NONE,,AUTO_ACCEPT,0.0
LN107121,2025-12,0.0,0.0,0.0,0.0,CURRENT,0.0,0.0,NONE,,AUTO_ACCEPT,0.0
LN103251,2025-12,0.0,0.0,0.0,0.0,CURRENT,0.0,0.0,NONE,,AUTO_ACCEPT,0.0
LN104858,2025-12,0.0,0.0,0.0,0.0,CURRENT,0.0,0.0,NONE,,AUTO_ACCEPT,0.0
LN107122,2025-12,0.0,0.0,0.0,0.0,CURRENT,0.0,0.0,NONE,,AUTO_ACCEPT,0.0
LN101477,2025-12,0.0,0.0,0.0,0.0,CURRENT,0.0,0.0,NONE,,AUTO_ACCEPT,0.0
LN107123,2025-12,0.0,0.0,0.0,0.0,CURRENT,0.0,0.0,NONE,,AUTO_ACCEPT,0.0
LN103249,2025-12,0.0,0.0,0.0,0.0,CURRENT,0.0,0.0,NONE,,AUTO_ACCEPT,0.0
LN107154,2025-12,0.0,0.0,0.0,0.0,CURRENT,0.0,0.0,NONE,,AUTO_ACCEPT,0.0
LN101482,2025-12,0.0,0.0,0.0,0.0,CURRENT,0.0,0.0,NONE,,AUTO_ACCEPT,0.0
LN104861,2025-12,0.0,0.0,0.0,0.0,CURRENT,0.0,0.0,NONE,,AUTO_ACCEPT,0.0
LN107110,2025-12,0.0,0.0,0.0,0.0,CURRENT,0.0,0.0,NONE,,AUTO_ACCEPT,0.0
LN101488,2025-12,0.0,0.0,0.0,0.0,CURRENT,0.0,0.0,NONE,,AUTO_ACCEPT,0.0
LN103247,2025-12,0.0,0.0,0.0,0.0,CURRENT,0.0,0.0,NONE,,AUTO_ACCEPT,0.0
LN107111,2025-12,0.0,0.0,0.0,0.0,CURRENT,0.0,0.0,NONE,,AUTO_ACCEPT,0.0
LN104863,2025-12,0.0,0.0,0.0,0.0,CURRENT,0.0,0.0,NONE,,AUTO_ACCEPT,0.0
LN101487,2025-12,0.0,0.0,0.0,0.0,CURRENT,0.0,0.0,NONE,,AUTO_ACCEPT,0.0
LN107112,2025-12,0.0,0.0,0.0,0.0,CURRENT,0.0,0.0,NONE,,AUTO_ACCEPT,0.0
LN101485,2025-12,0.0,0.0,0.0,0.0,CURRENT,0.0,0.0,NONE,,AUTO_ACCEPT,0.0
LN107113,2025-12,0.0,0.0,0.0,0.0,CURRENT,0.0,0.0,NONE,,AUTO_ACCEPT,0.0
LN103248,2025-12,0.0,0.0,0.0,0.0,CURRENT,0.0,0.0,NONE,,AUTO_ACCEPT,0.0
LN104862,2025-12,0.0,0.0,0.0,0.0,CURRENT,0.0,0.0,NONE,,AUTO_ACCEPT,0.0
LN107114,2025-12,0.0,0.0,0.0,0.0,CURRENT,0.0,0.0,NONE,,AUTO_ACCEPT,0.0
LN101484,2025-12,0.0,0.0,0.0,0.0,CURRENT,0.0,0.0,NONE,,AUTO_ACCEPT,0.0
LN107115,2025-12,0.0,0.0,0.0,0.0,CURRENT,0.0,0.0,NONE,,AUTO_ACCEPT,0.0
LN101483,2025-12,0.0,0.0,0.0,0.0,CURRENT,0.0,0.0,NONE,,AUTO_ACCEPT,0.0
LN107116,2025-12,0.0,0.0,0.0,0.0,CURRENT,0.0,0.0,NONE,,AUTO_ACCEPT,0.0
LN104732,2025-12,0.0,0.0,0.0,0.0,CURRENT,0.0,0.0,NONE,,AUTO_ACCEPT,0.0
LN101445,2025-12,0.0,0.0,0.0,0.0,CURRENT,0.0,0.0,NONE,,AUTO_ACCEPT,0.0
LN107155,2025-12,0.0,0.0,0.0,0.0,CURRENT,0.0,0.0,NONE,,AUTO_ACCEPT,0.0
LN107199,2025-12,0.0,0.0,0.0,0.0,CURRENT,0.0,0.0,NONE,,AUTO_ACCEPT,0.0
LN103290,2025-12,0.0,0.0,0.0,0.0,CURRENT,0.0,0.0,NONE,,AUTO_ACCEPT,0.0
LN101405,2025-12,0.0,0.0,0.0,0.0,CURRENT,0.0,0.0,NONE,,AUTO_ACCEPT,0.0
LN104818,2025-12,0.0,0.0,0.0,0.0,CURRENT,0.0,0.0,NONE,,AUTO_ACCEPT,0.0
LN107200,2025-12,0.0,0.0,0.0,0.0,CURRENT,0.0,0.0,NONE,,AUTO_ACCEPT,0.0
LN101404,2025-12,0.0,0.0,0.0,0.0,CURRENT,0.0,0.0,NONE,,AUTO_ACCEPT,0.0
LN101407,2025-12,0.0,0.0,0.0,0.0,CURRENT,0.0,0.0,NONE,,AUTO_ACCEPT,0.0
LN107201,2025-12,0.0,0.0,0.0,0.0,CURRENT,0.0,0.0,NONE,,AUTO_ACCEPT,0.0
LN107202,2025-12,0.0,0.0,0.0,0.0,CURRENT,0.0,0.0,NONE,,AUTO_ACCEPT,0.0
LN101403,2025-12,0.0,0.0,0.0,0.0,CURRENT,0.0,0.0,NONE,,AUTO_ACCEPT,0.0
LN103291,2025-12,0.0,0.0,0.0,0.0,CURRENT,0.0,0.0,NONE,,AUTO_ACCEPT,0.0
LN107205,2025-12,0.0,0.0,0.0,0.0,CURRENT,0.0,0.0,NONE,,AUTO_ACCEPT,0.0
LN101402,2025-12,0.0,0.0,0.0,0.0,CURRENT,0.0,0.0,NONE,,AUTO_ACCEPT,0.0
LN104816,2025-12,0.0,0.0,0.0,0.0,CURRENT,0.0,0.0,NONE,,AUTO_ACCEPT,0.0
LN104817,2025-12,0.0,0.0,0.0,0.0,CURRENT,0.0,0.0,NONE,,AUTO_ACCEPT,0.0
LN107198,2025-12,0.0,0.0,0.0,0.0,CURRENT,0.0,0.0,NONE,,AUTO_ACCEPT,0.0
LN104819,2025-12,0.0,0.0,0.0,0.0,CURRENT,0.0,0.0,NONE,,AUTO_ACCEPT,0.0
LN103288,2025-12,0.0,0.0,0.0,0.0,CURRENT,0.0,0.0,NONE,,AUTO_ACCEPT,0.0
LN103285,2025-12,0.0,0.0,0.0,0.0,CURRENT,0.0,0.0,NONE,,AUTO_ACCEPT,0.0
LN104822,2025-12,0.0,0.0,0.0,0.0,CURRENT,0.0,0.0,NONE,,AUTO_ACCEPT,0.0
LN107189,2025-12,0.0,0.0,0.0,0.0,CURRENT,0.0,0.0,NONE,,AUTO_ACCEPT,0.0
LN101414,2025-12,0.0,0.0,0.0,0.0,CURRENT,0.0,0.0,NONE,,AUTO_ACCEPT,0.0
LN107191,2025-12,0.0,0.0,0.0,0.0,CURRENT,0.0,0.0,NONE,,AUTO_ACCEPT,0.0
LN101413,2025-12,0.0,0.0,0.0,0.0,CURRENT,0.0,0.0,NONE,,AUTO_ACCEPT,0.0
LN104821,2025-12,0.0,0.0,0.0,0.0,CURRENT,0.0,0.0,NONE,,AUTO_ACCEPT,0.0
LN107194,2025-12,0.0,0.0,0.0,0.0,CURRENT,0.0,0.0,NONE,,AUTO_ACCEPT,0.0
LN101411,2025-12,0.0,0.0,0.0,0.0,CURRENT,0.0,0.0,NONE,,AUTO_ACCEPT,0.0
LN103287,2025-12,0.0,0.0,0.0,0.0,CURRENT,0.0,0.0,NONE,,AUTO_ACCEPT,0.0
LN107195,2025-12,0.0,0.0,0.0,0.0,CURRENT,0.0,0.0,NONE,,AUTO_ACCEPT,0.0
LN104820,2025-12,0.0,0.0,0.0,0.0,CURRENT,0.0,0.0,NONE,,AUTO_ACCEPT,0.0
LN107196,2025-12,0.0,0.0,0.0,0.0,CURRENT,0.0,0.0,NONE,,AUTO_ACCEPT,0.0
LN101410,2025-12,0.0,0.0,0.0,0.0,CURRENT,0.0,0.0,NONE,,AUTO_ACCEPT,0.0
LN107197,2025-12,0.0,0.0,0.0,0.0,CURRENT,0.0,0.0,NONE,,AUTO_ACCEPT,0.0
LN107206,2025-12,0.0,0.0,0.0,0.0,CURRENT,0.0,0.0,NONE,,AUTO_ACCEPT,0.0
LN101415,2025-12,0.0,0.0,0.0,0.0,CURRENT,0.0,0.0,NONE,,AUTO_ACCEPT,0.0
LN101400,2025-12,0.0,0.0,0.0,0.0,CURRENT,0.0,0.0,NONE,,AUTO_ACCEPT,0.0
LN107208,2025-12,0.0,0.0,0.0,0.0,CURRENT,0.0,0.0,NONE,,AUTO_ACCEPT,0.0
LN101391,2025-12,0.0,0.0,0.0,0.0,CURRENT,0.0,0.0,NONE,,AUTO_ACCEPT,0.0
LN103296,2025-12,0.0,0.0,0.0,0.0,CURRENT,0.0,0.0,NONE,,AUTO_ACCEPT,0.0
LN107219,2025-12,0.0,0.0,0.0,0.0,CURRENT,0.0,0.0,NONE,,AUTO_ACCEPT,0.0
LN104809,2025-12,0.0,0.0,0.0,0.0,CURRENT,0.0,0.0,NONE,,AUTO_ACCEPT,0.0
LN107221,2025-12,0.0,0.0,0.0,0.0,CURRENT,0.0,0.0,NONE,,AUTO_ACCEPT,0.0
LN101390,2025-12,0.0,0.0,0.0,0.0,CURRENT,0.0,0.0,NONE,,AUTO_ACCEPT,0.0
LN107218,2025-12,0.0,0.0,0.0,0.0,CURRENT,0.0,0.0,NONE,,AUTO_ACCEPT,0.0
LN107223,2025-12,0.0,0.0,0.0,0.0,CURRENT,0.0,0.0,NONE,,AUTO_ACCEPT,0.0
LN101389,2025-12,0.0,0.0,0.0,0.0,CURRENT,0.0,0.0,NONE,,AUTO_ACCEPT,0.0
LN104808,2025-12,0.0,0.0,0.0,0.0,CURRENT,0.0,0.0,NONE,,AUTO_ACCEPT,0.0
LN107224,2025-12,0.0,0.0,0.0,0.0,CURRENT,0.0,0.0,NONE,,AUTO_ACCEPT,0.0
LN101388,2025-12,0.0,0.0,0.0,0.0,CURRENT,0.0,0.0,NONE,,AUTO_ACCEPT,0.0
LN104807,2025-12,0.0,0.0,0.0,0.0,CURRENT,0.0,0.0,NONE,,AUTO_ACCEPT,0.0
LN107227,2025-12,0.0,0.0,0.0,0.0,CURRENT,0.0,0.0,NONE,,AUTO_ACCEPT,0.0
LN103297,2025-12,0.0,0.0,0.0,0.0,CURRENT,0.0,0.0,NONE,,AUTO_ACCEPT,0.0
LN101392,2025-12,0.0,0.0,0.0,0.0,CURRENT,0.0,0.0,NONE,,AUTO_ACCEPT,0.0
LN104811,2025-12,0.0,0.0,0.0,0.0,CURRENT,0.0,0.0,NONE,,AUTO_ACCEPT,0.0
LN107217,2025-12,0.0,0.0,0.0,0.0,CURRENT,0.0,0.0,NONE,,AUTO_ACCEPT,0.0
LN104814,2025-12,0.0,0.0,0.0,0.0,CURRENT,0.0,0.0,NONE,,AUTO_ACCEPT,0.0
LN101397,2025-12,0.0,0.0,0.0,0.0,CURRENT,0.0,0.0,NONE,,AUTO_ACCEPT,0.0
LN107209,2025-12,0.0,0.0,0.0,0.0,CURRENT,0.0,0.0,NONE,,AUTO_ACCEPT,0.0
LN101396,2025-12,0.0,0.0,0.0,0.0,CURRENT,0.0,0.0,NONE,,AUTO_ACCEPT,0.0
LN107210,2025-12,0.0,0.0,0.0,0.0,CURRENT,0.0,0.0,NONE,,AUTO_ACCEPT,0.0
LN103294,2025-12,0.0,0.0,0.0,0.0,CURRENT,0.0,0.0,NONE,,AUTO_ACCEPT,0.0
LN104813,2025-12,0.0,0.0,0.0,0.0,CURRENT,0.0,0.0,NONE,,AUTO_ACCEPT,0.0
LN107212,2025-12,0.0,0.0,0.0,0.0,CURRENT,0.0,0.0,NONE,,AUTO_ACCEPT,0.0
LN101395,2025-12,0.0,0.0,0.0,0.0,CURRENT,0.0,0.0,NONE,,AUTO_ACCEPT,0.0
LN107213,2025-12,0.0,0.0,0.0,0.0,CURRENT,0.0,0.0,NONE,,AUTO_ACCEPT,0.0
LN101394,2025-12,0.0,0.0,0.0,0.0,CURRENT,0.0,0.0,NONE,,AUTO_ACCEPT,0.0
LN104812,2025-12,0.0,0.0,0.0,0.0,CURRENT,0.0,0.0,NONE,,AUTO_ACCEPT,0.0
LN107215,2025-12,0.0,0.0,0.0,0.0,CURRENT,0.0,0.0,NONE,,AUTO_ACCEPT,0.0
LN101393,2025-12,0.0,0.0,0.0,0.0,CURRENT,0.0,0.0,NONE,,AUTO_ACCEPT,0.0
LN103295,2025-12,0.0,0.0,0.0,0.0,CURRENT,0.0,0.0,NONE,,AUTO_ACCEPT,0.0
LN103293,2025-12,0.0,0.0,0.0,0.0,CURRENT,0.0,0.0,NONE,,AUTO_ACCEPT,0.0
LN107188,2025-12,0.0,0.0,0.0,0.0,CURRENT,0.0,0.0,NONE,,AUTO_ACCEPT,0.0
LN101416,2025-12,0.0,0.0,0.0,0.0,CURRENT,0.0,0.0,NONE,,AUTO_ACCEPT,0.0
LN107186,2025-12,0.0,0.0,0.0,0.0,CURRENT,0.0,0.0,NONE,,AUTO_ACCEPT,0.0
LN104833,2025-12,0.0,0.0,0.0,0.0,CURRENT,0.0,0.0,NONE,,AUTO_ACCEPT,0.0
LN107164,2025-12,0.0,0.0,0.0,0.0,CURRENT,0.0,0.0,NONE,,AUTO_ACCEPT,0.0
LN101437,2025-12,0.0,0.0,0.0,0.0,CURRENT,0.0,0.0,NONE,,AUTO_ACCEPT,0.0
LN107165,2025-12,0.0,0.0,0.0,0.0,CURRENT,0.0,0.0,NONE,,AUTO_ACCEPT,0.0
LN103277,2025-12,0.0,0.0,0.0,0.0,CURRENT,0.0,0.0,NONE,,AUTO_ACCEPT,0.0
LN101436,2025-12,0.0,0.0,0.0,0.0,CURRENT,0.0,0.0,NONE,,AUTO_ACCEPT,0.0
LN101438,2025-12,0.0,0.0,0.0,0.0,CURRENT,0.0,0.0,NONE,,AUTO_ACCEPT,0.0
LN107166,2025-12,0.0,0.0,0.0,0.0,CURRENT,0.0,0.0,NONE,,AUTO_ACCEPT,0.0
LN107167,2025-12,0.0,0.0,0.0,0.0,CURRENT,0.0,0.0,NONE,,AUTO_ACCEPT,0.0
LN101434,2025-12,0.0,0.0,0.0,0.0,CURRENT,0.0,0.0,NONE,,AUTO_ACCEPT,0.0
LN107168,2025-12,0.0,0.0,0.0,0.0,CURRENT,0.0,0.0,NONE,,AUTO_ACCEPT,0.0
LN101433,2025-12,0.0,0.0,0.0,0.0,CURRENT,0.0,0.0,NONE,,AUTO_ACCEPT,0.0
LN107169,2025-12,0.0,0.0,0.0,0.0,CURRENT,0.0,0.0,NONE,,AUTO_ACCEPT,0.0
LN103279,2025-12,0.0,0.0,0.0,0.0,CURRENT,0.0,0.0,NONE,,AUTO_ACCEPT,0.0
LN103278,2025-12,0.0,0.0,0.0,0.0,CURRENT,0.0,0.0,NONE,,AUTO_ACCEPT,0.0
LN107163,2025-12,0.0,0.0,0.0,0.0,CURRENT,0.0,0.0,NONE,,AUTO_ACCEPT,0.0
LN107161,2025-12,0.0,0.0,0.0,0.0,CURRENT,0.0,0.0,NONE,,AUTO_ACCEPT,0.0
LN104834,2025-12,0.0,0.0,0.0,0.0,CURRENT,0.0,0.0,NONE,,AUTO_ACCEPT,0.0
LN101443,2025-12,0.0,0.0,0.0,0.0,CURRENT,0.0,0.0,NONE,,AUTO_ACCEPT,0.0
LN103273,2025-12,0.0,0.0,0.0,0.0,CURRENT,0.0,0.0,NONE,,AUTO_ACCEPT,0.0
LN107156,2025-12,0.0,0.0,0.0,0.0,CURRENT,0.0,0.0,NONE,,AUTO_ACCEPT,0.0
LN104836,2025-12,0.0,0.0,0.0,0.0,CURRENT,0.0,0.0,NONE,,AUTO_ACCEPT,0.0
LN101442,2025-12,0.0,0.0,0.0,0.0,CURRENT,0.0,0.0,NONE,,AUTO_ACCEPT,0.0
LN107157,2025-12,0.0,0.0,0.0,0.0,CURRENT,0.0,0.0,NONE,,AUTO_ACCEPT,0.0
LN103274,2025-12,0.0,0.0,0.0,0.0,CURRENT,0.0,0.0,NONE,,AUTO_ACCEPT,0.0
LN107158,2025-12,0.0,0.0,0.0,0.0,CURRENT,0.0,0.0,NONE,,AUTO_ACCEPT,0.0
LN101441,2025-12,0.0,0.0,0.0,0.0,CURRENT,0.0,0.0,NONE,,AUTO_ACCEPT,0.0
LN104835,2025-12,0.0,0.0,0.0,0.0,CURRENT,0.0,0.0,NONE,,AUTO_ACCEPT,0.0
LN107159,2025-12,0.0,0.0,0.0,0.0,CURRENT,0.0,0.0,NONE,,AUTO_ACCEPT,0.0
LN101440,2025-12,0.0,0.0,0.0,0.0,CURRENT,0.0,0.0,NONE,,AUTO_ACCEPT,0.0
LN107160,2025-12,0.0,0.0,0.0,0.0,CURRENT,0.0,0.0,NONE,,AUTO_ACCEPT,0.0
LN103275,2025-12,0.0,0.0,0.0,0.0,CURRENT,0.0,0.0,NONE,,AUTO_ACCEPT,0.0
LN101439,2025-12,0.0,0.0,0.0,0.0,CURRENT,0.0,0.0,NONE,,AUTO_ACCEPT,0.0
LN104830,2025-12,0.0,0.0,0.0,0.0,CURRENT,0.0,0.0,NONE,,AUTO_ACCEPT,0.0
LN101432,2025-12,0.0,0.0,0.0,0.0,CURRENT,0.0,0.0,NONE,,AUTO_ACCEPT,0.0
LN107170,2025-12,0.0,0.0,0.0,0.0,CURRENT,0.0,0.0,NONE,,AUTO_ACCEPT,0.0
LN107171,2025-12,0.0,0.0,0.0,0.0,CURRENT,0.0,0.0,NONE,,AUTO_ACCEPT,0.0
LN107179,2025-12,0.0,0.0,0.0,0.0,CURRENT,0.0,0.0,NONE,,AUTO_ACCEPT,0.0
LN107180,2025-12,0.0,0.0,0.0,0.0,CURRENT,0.0,0.0,NONE,,AUTO_ACCEPT,0.0
LN101420,2025-12,0.0,0.0,0.0,0.0,CURRENT,0.0,0.0,NONE,,AUTO_ACCEPT,0.0
LN104825,2025-12,0.0,0.0,0.0,0.0,CURRENT,0.0,0.0,NONE,,AUTO_ACCEPT,0.0
LN107181,2025-12,0.0,0.0,0.0,0.0,CURRENT,0.0,0.0,NONE,,AUTO_ACCEPT,0.0
LN101419,2025-12,0.0,0.0,0.0,0.0,CURRENT,0.0,0.0,NONE,,AUTO_ACCEPT,0.0
LN107183,2025-12,0.0,0.0,0.0,0.0,CURRENT,0.0,0.0,NONE,,AUTO_ACCEPT,0.0
LN103283,2025-12,0.0,0.0,0.0,0.0,CURRENT,0.0,0.0,NONE,,AUTO_ACCEPT,0.0
LN101418,2025-12,0.0,0.0,0.0,0.0,CURRENT,0.0,0.0,NONE,,AUTO_ACCEPT,0.0
LN104824,2025-12,0.0,0.0,0.0,0.0,CURRENT,0.0,0.0,NONE,,AUTO_ACCEPT,0.0
LN107184,2025-12,0.0,0.0,0.0,0.0,CURRENT,0.0,0.0,NONE,,AUTO_ACCEPT,0.0
LN107185,2025-12,0.0,0.0,0.0,0.0,CURRENT,0.0,0.0,NONE,,AUTO_ACCEPT,0.0
LN101417,2025-12,0.0,0.0,0.0,0.0,CURRENT,0.0,0.0,NONE,,AUTO_ACCEPT,0.0
LN103284,2025-12,0.0,0.0,0.0,0.0,CURRENT,0.0,0.0,NONE,,AUTO_ACCEPT,0.0
LN104823,2025-12,0.0,0.0,0.0,0.0,CURRENT,0.0,0.0,NONE,,AUTO_ACCEPT,0.0
LN104826,2025-12,0.0,0.0,0.0,0.0,CURRENT,0.0,0.0,NONE,,AUTO_ACCEPT,0.0
LN104837,2025-12,0.0,0.0,0.0,0.0,CURRENT,0.0,0.0,NONE,,AUTO_ACCEPT,0.0
LN101421,2025-12,0.0,0.0,0.0,0.0,CURRENT,0.0,0.0,NONE,,AUTO_ACCEPT,0.0
LN107178,2025-12,0.0,0.0,0.0,0.0,CURRENT,0.0,0.0,NONE,,AUTO_ACCEPT,0.0
LN101431,2025-12,0.0,0.0,0.0,0.0,CURRENT,0.0,0.0,NONE,,AUTO_ACCEPT,0.0
LN104829,2025-12,0.0,0.0,0.0,0.0,CURRENT,0.0,0.0,NONE,,AUTO_ACCEPT,0.0
LN107172,2025-12,0.0,0.0,0.0,0.0,CURRENT,0.0,0.0,NONE,,AUTO_ACCEPT,0.0
LN101428,2025-12,0.0,0.0,0.0,0.0,CURRENT,0.0,0.0,NONE,,AUTO_ACCEPT,0.0
LN103280,2025-12,0.0,0.0,0.0,0.0,CURRENT,0.0,0.0,NONE,,AUTO_ACCEPT,0.0
LN107173,2025-12,0.0,0.0,0.0,0.0,CURRENT,0.0,0.0,NONE,,AUTO_ACCEPT,0.0
LN104828,2025-12,0.0,0.0,0.0,0.0,CURRENT,0.0,0.0,NONE,,AUTO_ACCEPT,0.0
LN101427,2025-12,0.0,0.0,0.0,0.0,CURRENT,0.0,0.0,NONE,,AUTO_ACCEPT,0.0
LN107174,2025-12,0.0,0.0,0.0,0.0,CURRENT,0.0,0.0,NONE,,AUTO_ACCEPT,0.0
LN103281,2025-12,0.0,0.0,0.0,0.0,CURRENT,0.0,0.0,NONE,,AUTO_ACCEPT,0.0
LN107176,2025-12,0.0,0.0,0.0,0.0,CURRENT,0.0,0.0,NONE,,AUTO_ACCEPT,0.0
LN101424,2025-12,0.0,0.0,0.0,0.0,CURRENT,0.0,0.0,NONE,,AUTO_ACCEPT,0.0
LN104827,2025-12,0.0,0.0,0.0,0.0,CURRENT,0.0,0.0,NONE,,AUTO_ACCEPT,0.0
LN107177,2025-12,0.0,0.0,0.0,0.0,CURRENT,0.0,0.0,NONE,,AUTO_ACCEPT,0.0
LN101422,2025-12,0.0,0.0,0.0,0.0,CURRENT,0.0,0.0,NONE,,AUTO_ACCEPT,0.0
LN103282,2025-12,0.0,0.0,0.0,0.0,CURRENT,0.0,0.0,NONE,,AUTO_ACCEPT,0.0
LN106484,2025-12,0.0,0.0,0.0,0.0,CURRENT,0.0,0.0,NONE,,AUTO_ACCEPT,0.0
